row_id,e000,e001,e002,e003,e004,e005,e006,e007,e008,e009,e010,e011,e012,e013,e014,e015,e016,e017,e018,e019,e020,e021,e022,e023,e024,e025,e026,e027,e028,e029,e030,e031,e032,e033,e034,e035,e036,e037,e038,e039,e040,e041,e042,e043,e044,e045,e046,e047,e048,e049,e050,e051,e052,e053,e054,e055,e056,e057,e058,e059,e060,e061,e062,e063,e064,e065,e066,e067,e068,e069,e070,e071,e072,e073,e074,e075,e076,e077,e078,e079,e080,e081,e082,e083,e084,e085,e086,e087,e088,e089,e090,e091,e092,e093,e094,e095,e096,e097,e098,e099,e100,e101,e102,e103,e104,e105,e106,e107,e108,e109,e110,e111,e112,e113,e114,e115,e116,e117,e118,e119
e000,0.49166666666666647,0.13124999999999995,0.13124999999999959,0.24583333333333318,0.00069444444444440891,0.013888888888888996,-0.010416666666666788,-0.0041666666666666441,-0.065277777777777685,0.00069444444444445607,0.029166666666666646,0.035416666666666693,-0.0006944444444444088,0.00069444444444449597,-4.2362045007543249e-17,-3.8400779261297035e-17,0.0041666666666666276,-0.013888888888888869,0.013888888888888944,-0.0041666666666667056,-0.02638888888888893,0.035416666666666777,-0.013194444444444444,0.0041666666666666605,0.006250000000000055,-0.027777777777777853,0.035416666666666749,-0.013888888888888909,-2.3431095249304953e-17,-0.0041666666666667265,-7.77402566528717e-18,0.0041666666666667638,-0.0041666666666666857,-0.00069444444444446128,-0.0083333333333333124,0.013194444444444462,0.0097222222222221912,-0.0062500000000000524,-0.003472222222222281,1.6257910810907837e-17,0.029166666666666667,-0.01319444444444447,-0.0041666666666666649,0.013194444444444502,-0.035416666666666784,0.13124999999999967,-0.065972222222222196,-0.065277777777777782,1.5777842775846673e-17,-0.013888888888888952,0.010416666666666739,0.0041666666666666571,-0.00069444444444446941,-0.031250000000000097,0.00069444444444450085,0.06597222222222221,0.013194444444444398,-0.0083333333333333089,-0.24583333333333315,-0.13124999999999967,-0.031250000000000139,0.013194444444444484,-0.035416666666666735,0.00069444444444450085,-0.031250000000000132,0.065972222222222224,1.589629827995508e-16,0.065277777777777768,1.2395751520414802e-17,-0.035416666666666777,0.013888888888888954,-0.0062500000000000324,0.0041666666666665998,-0.026388888888888861,-0.013194444444444436,-0.00069444444444444447,0.06597222222222221,0.029166666666666764,-0.0041666666666666415,0.013194444444444431,-0.0354166666666667,-0.013194444444444509,0.0062500000000000585,-0.0034722222222223001,-0.0041666666666666267,-0.006250000000000068,0.0083333333333334494,-0.0062500000000000463,-0.031250000000000069,0.013888888888888911,0.013194444444444436,0.0097222222222222328,0.0013888888888889,8.2536777939472661e-18,0.010416666666666734,-0.00069444444444448198,0.0041666666666666527,0.0097222222222221599,0.0062500000000000758,0.013194444444444405,0.0062500000000000793,-0.010416666666666716,0.013888888888888926,-0.0041666666666666788,-0.006250000000000081,0.013194444444444455,0.0034722222222222641,0.0034722222222222489,0.027777777777777787,0.0062500000000000342,0.029166666666666684,-0.0097222222222222102,-0.0062500000000000619,-0.00069444444444443298,-7.2074531824165252e-17,0.00069444444444448524,-0.0062500000000000784,-0.035416666666666728,0.065277777777777712,0.0013888888888889221
e001,0.13124999999999995,0.49166666666666675,0.2458333333333331,0.13125000000000014,0.0041666666666665729,-0.0041666666666668357,0.013888888888888982,-0.013888888888888857,-2.6432457559862208e-17,-3.8125244208378491e-17,0.00069444444444453945,-0.0006944444444442723,0.035416666666666569,0.02916666666666665,0.00069444444444471704,-0.06527777777777774,0.0006944444444444577,-0.0041666666666668436,-0.010416666666666763,0.013888888888889077,0.035416666666666811,-0.027777777777777773,0.0062499999999997185,-0.013888888888888794,-0.013194444444444604,0.03541666666666661,-0.026388888888888882,0.0041666666666666206,0.009722222222222264,6.0075473071359045e-17,-0.0034722222222224111,-0.006250000000000055,0.013194444444444524,-0.0083333333333334182,-0.0006944444444444449,-0.0041666666666668063,1.1176182042573695e-17,0.0041666666666666649,4.9714648796525e-17,-0.0041666666666667525,-0.013194444444444543,7.7730871956028525e-17,-0.00069444444444436543,-0.029166666666666886,0.065277777777777921,-0.065972222222222168,0.031249999999999663,0.035416666666666624,-0.00069444444444448686,0.035416666666666798,-0.013194444444444431,-0.026388888888888837,0.0041666666666666224,0.013888888888888798,-0.0062499999999999995,-0.035416666666666499,-0.008333333333333276,0.013194444444444552,1.4603668178432415e-16,0.06527777777777781,0.065972222222222224,-0.031250000000000139,0.013888888888888701,0.0041666666666667612,0.013194444444444505,-0.13124999999999987,-0.24583333333333371,-0.13125000000000009,-0.013194444444444701,0.06597222222222214,-0.031250000000000035,0.00069444444444431946,-0.00069444444444426775,0.0041666666666666284,0.010416666666666574,-9.2114038001753149e-17,-1.6141809826931753e-16,-0.065277777777777865,-0.0013888888888888347,0.0062500000000000255,-0.00069444444444460341,0.035416666666666721,-0.027777777777777801,0.0062500000000000359,-0.013888888888889067,0.0097222222222222328,-0.0062499999999998989,-0.0034722222222223461,0.00069444444444419131,-0.006249999999999957,0.0041666666666667464,-0.029166666666666681,-0.0062500000000000845,-0.013194444444444555,-0.0034722222222222494,0.010416666666666708,-0.013194444444444585,0.0062500000000000784,-0.0013888888888887968,-0.0041666666666665157,-0.0083333333333336299,0.00069444444444440089,0.0041666666666666146,-0.013194444444444457,-0.0097222222222222744,-8.5055435948971514e-18,0.0062500000000001487,-0.01041666666666665,-0.0062500000000000463,-0.0138888888888888,-0.0097222222222220663,0.0062499999999999986,0.0034722222222221678,0.031249999999999976,-0.06597222222222221,0.035416666666666784,-0.013194444444444483,0.013194444444444174,-0.029166666666666556,0.0041666666666667542
e002,0.13124999999999959,0.2458333333333331,0.49166666666666697,0.13124999999999956,0.0083333333333333714,0.0041666666666667403,0.00069444444444449348,-0.013194444444444496,0.13125000000000003,2.1596244044926493e-16,-0.065277777777777671,-0.065972222222222265,0.031249999999999913,0.03541666666666677,-0.00069444444444426601,-0.065972222222222224,-0.013194444444444661,0.031250000000000069,-0.004166666666666625,-0.013888888888889004,0.004166666666666638,-0.013888888888888902,0.010416666666666765,-0.00069444444444438245,-0.0034722222222221427,0.0062500000000001278,-0.013194444444444469,0.010416666666666878,-0.0034722222222224488,1.1837438733563427e-17,0.0097222222222222918,-0.0062500000000002727,-0.00069444444444454096,-0.0041666666666666848,0.013194444444444686,-0.0083333333333332812,-0.0062500000000000489,0.0083333333333335761,-0.006249999999999983,0.0041666666666667906,-0.009722222222222297,6.1410739732701013e-17,-0.0013888888888887027,0.0062500000000000888,-0.00069444444444436608,-0.065277777777777643,0.035416666666666971,0.029166666666666743,0.00069444444444454834,0.0062500000000002805,-0.0034722222222222463,-0.013194444444444356,0.010416666666666631,0.01319444444444455,0.004166666666666801,-0.031250000000000118,-0.0041666666666664576,-0.00069444444444458542,1.4118291836672769e-16,0.065972222222222057,0.0006944444444445569,0.0041666666666666788,0.027777777777777891,-0.0062500000000002848,0.013888888888889055,-2.4904040193292589e-16,0.24583333333333329,-3.2096851438878637e-16,0.013194444444444401,0.00069444444444445336,0.0041666666666665408,0.0013888888888888668,-0.013888888888888933,0.035416666666666714,0.0062499999999997584,-7.4523640286314328e-17,-0.13124999999999989,0.00069444444444443222,-0.00069444444444452665,-0.029166666666666754,0.065277777777777907,0.0041666666666667317,-0.013888888888889022,0.010416666666666716,0.013888888888888876,-0.0034722222222222654,-0.0062500000000000498,0.0097222222222222328,0.065972222222222363,-0.035416666666666902,-0.031250000000000201,0.0062500000000000307,0.004166666666666716,0.013194444444444436,-0.013194444444444557,0.0041666666666666198,-0.026388888888889028,-0.029166666666666726,-0.00069444444444449012,-0.035416666666666631,-0.004166666666666769,0.013888888888888893,-0.0041666666666667152,-0.013888888888888911,-0.013194444444444339,3.7616489390404807e-17,-1.0807671932451817e-18,-0.006250000000000055,-0.035416666666666673,-0.027777777777777735,-0.013194444444444394,-9.6625474679581802e-17,0.013194444444444642,0.035416666666666687,-0.065277777777777796,0.029166666666666567,-0.0097222222222220472,0.026388888888888972,-0.035416666666666867,-0.0062500000000001938
e003,0.24583333333333318,0.13125000000000014,0.13124999999999956,0.4916666666666662,-0.013194444444444486,-0.013888888888888697,-0.0041666666666665261,0.031250000000000194,-0.065972222222222279,-0.0006944444444444693,0.035416666666666791,0.031250000000000111,-0.06597222222222221,-0.065277777777777629,2.8942785867946399e-16,0.13124999999999987,0.008333333333333328,-0.013194444444444463,0.00069444444444434483,0.0041666666666666215,-0.013194444444444222,0.0062499999999997133,-0.0034722222222221743,0.010416666666666474,0.010416666666666633,-0.013888888888888902,0.0041666666666665018,-0.00069444444444440837,-0.0062499999999998997,0.004166666666666605,-0.0062500000000000645,0.0083333333333336125,-0.0083333333333332951,0.01319444444444442,-0.0041666666666667039,-0.00069444444444432239,-0.0034722222222221622,-0.0062500000000001495,0.0097222222222221998,-4.3783055217950717e-18,-0.0062500000000001383,0.013194444444444462,0.0062499999999999214,0.0097222222222223247,-0.02916666666666657,1.266237288601194e-16,-0.00069444444444436164,0.0006944444444443689,7.8582857394505597e-17,-0.027777777777777637,0.0062500000000000333,0.035416666666666742,-0.013888888888888947,0.0041666666666667013,0.001388888888888884,0.00069444444444448936,-0.00069444444444450952,-0.0041666666666666111,0.24583333333333324,-4.7166052775063773e-17,-0.035416666666666596,0.013888888888888784,-0.0062499999999997826,0.0013888888888889471,0.0041666666666667993,0.065277777777777907,-1.9707011558654204e-16,0.065972222222222168,-1.890772560914737e-16,-0.03124999999999992,0.013194444444444392,0.0041666666666666666,0.010416666666666526,-0.013194444444444569,-0.003472222222222402,0.00069444444444433768,0.065277777777777837,0.035416666666666645,0.0062500000000000411,0.0097222222222221339,-0.029166666666666612,-0.026388888888888799,0.035416666666666673,-0.013194444444444467,0.004166666666666631,7.2186186531593063e-17,0.0041666666666665703,3.4719070537052851e-17,-0.0354166666666667,0.027777777777777738,0.01388888888888886,0.013194444444444425,0.00069444444444443753,8.4830236578475552e-17,0.0062499999999999908,-0.013888888888888925,0.035416666666666659,0.013194444444444411,-0.0041666666666667022,0.026388888888888719,0.0062500000000000073,-0.0041666666666666154,-0.013888888888888935,0.031250000000000229,0.02916666666666666,-0.013194444444444403,-0.0097222222222223022,0.013194444444444436,0.013888888888888919,0.035416666666666742,-0.0062500000000002233,0.0034722222222220655,-0.010416666666666654,-0.065972222222222057,0.13124999999999981,-0.065277777777777726,0.029166666666666681,-0.0041666666666663986,-0.00069444444444431914,0.00069444444444440587
e004,0.00069444444444440891,0.0041666666666665729,0.0083333333333333714,-0.013194444444444486,0.49166666666666714,0.24583333333333329,0.13124999999999995,0.13124999999999989,-0.013194444444444389,-0.013888888888888919,-0.0041666666666668037,0.031250000000000173,-0.06597222222222221,-0.00069444444444457664,0.035416666666666735,0.031250000000000389,0.13124999999999984,-0.065972222222222071,-0.065277777777777851,7.6632047688782883e-17,0.0097222222222223265,-5.4576999416692712e-17,-0.0034722222222222524,-0.0062500000000000567,0.010416666666666402,-0.013194444444444467,0.0062499999999999804,-0.0034722222222223951,0.01041666666666686,-0.013888888888888879,0.0041666666666665053,-0.00069444444444460027,-0.0062500000000000402,0.0041666666666669693,-0.0062500000000000949,0.0083333333333334182,-0.00069444444444428954,-0.0083333333333331667,0.013194444444444448,-0.0041666666666668878,-0.0041666666666665929,0.013888888888888652,0.029166666666666764,-0.013194444444444538,-0.0062499999999999986,-0.0041666666666667369,-0.00069444444444438018,-0.0013888888888887398,0.0062499999999998798,0.00069444444444444035,-0.031250000000000236,-0.035416666666666756,0.065972222222222127,-0.0062499999999998468,0.0097222222222222796,-0.0034722222222223309,-0.24583333333333307,-0.13124999999999998,-0.01388888888888906,0.010416666666666671,-0.035416666666666784,0.06527777777777774,-1.2614831042329384e-16,-0.00069444444444442691,8.0684360760247395e-17,0.013888888888889023,0.0041666666666668149,-0.01388888888888893,-0.0062500000000000541,0.0062499999999999362,0.0097222222222223716,-0.029166666666666716,4.2933461159137924e-17,-0.00069444444444448784,0.00069444444444436738,-0.027777777777777717,-0.00069444444444438419,-0.035416666666666742,-0.0062500000000000454,0.0013888888888889282,0.0041666666666667551,0.065277777777777976,-1.1427484262676149e-16,0.065972222222222321,-8.7058101154987793e-17,-0.031250000000000062,0.013194444444444455,0.0041666666666668349,0.010416666666666614,-0.013194444444444528,-0.003472222222222255,0.00069444444444438918,0.065277777777777712,0.035416666666666867,0.0062499999999998243,0.0097222222222222328,-0.029166666666666789,-0.026388888888888982,0.03541666666666661,-0.013194444444444488,0.0041666666666664142,1.2166880054248757e-16,0.0041666666666665053,6.1022042239863286e-17,-0.035416666666666707,0.027777777777777811,0.013888888888888709,0.013194444444444462,0.00069444444444425029,-2.0785392555054016e-16,0.0062500000000001322,-0.013888888888889006,0.035416666666666943,0.013194444444444429,-0.004166666666666579,0.026388888888888774,-0.0041666666666665669,0.029166666666666684,-0.013194444444444434,0.013194444444444477
e005,0.013888888888888996,-0.0041666666666668357,0.0041666666666667403,-0.013888888888888697,0.24583333333333329,0.49166666666666536,0.13124999999999945,0.13124999999999989,0.0006944444444444822,0.013888888888888871,-0.010416666666666538,-0.0041666666666666102,-0.065277777777777699,0.00069444444444415716,0.029166666666666119,0.035416666666666652,1.4693664311168126e-16,-0.00069444444444428997,0.00069444444444461122,-1.6217508688675827e-16,-0.0034722222222226553,1.6517738261233518e-16,0.0097222222222221408,-0.0062499999999999136,0.0041666666666669407,-0.026388888888889017,0.035416666666666853,-0.01319444444444441,0.0062499999999999969,-0.027777777777777495,0.035416666666666596,-0.013888888888888781,-2.9990280835768975e-16,-0.0041666666666666805,-2.3889035832329666e-16,0.0041666666666669164,0.013194444444444222,-0.0041666666666666987,-0.00069444444444449055,-0.0083333333333331771,0.031249999999999951,-0.013888888888888796,-0.0062500000000001677,0.013194444444444531,-0.010416666666666789,-0.035416666666666791,0.065277777777777643,-0.00069444444444442636,-0.029166666666666615,0.0013888888888887061,0.0041666666666670292,-0.0062499999999999162,0.00069444444444429691,-0.0062499999999998052,-0.0034722222222222801,0.0097222222222220558,0.24583333333333343,-5.5753637996791549e-16,-0.027777777777777735,0.0062500000000001573,-0.0041666666666664949,-0.00069444444444432879,-1.9671174573034885e-16,-0.065972222222222127,0.13125000000000014,0.00069444444444446442,0.0083333333333334043,-0.013194444444444542,0.029166666666666726,-0.0041666666666668167,0.013194444444444477,-0.03541666666666668,0.13125000000000037,-0.065972222222222293,-0.065277777777777726,-0.013888888888888902,0.013194444444444502,-0.031250000000000035,-0.035416666666666888,0.000694444444444459,-0.031250000000000049,0.065972222222221918,2.70861963758772e-16,0.065277777777777532,-1.2374486036171917e-17,-0.035416666666666895,0.013888888888888978,-0.0062500000000003863,0.0041666666666667559,-0.026388888888888601,-0.013194444444444285,-0.00069444444444433789,0.065972222222222043,0.0291666666666664,-0.0041666666666662112,0.013194444444444217,-0.035416666666666201,-0.013194444444444372,0.0062500000000002319,-0.0034722222222222225,-0.0041666666666663838,-0.0062500000000003438,0.0083333333333335414,-0.0062500000000001782,-0.031250000000000111,0.013888888888888756,0.01319444444444449,0.00972222222222212,0.0013888888888890292,1.3017004958248424e-16,0.010416666666666579,-0.00069444444444424465,0.0041666666666664827,0.0097222222222220784,0.0062500000000001096,0.013194444444444333,-0.010416666666666942,-0.0062500000000001478,0.013194444444444372,0.0034722222222222945
e006,-0.010416666666666788,0.013888888888888982,0.00069444444444449348,-0.0041666666666665261,0.13124999999999995,0.13124999999999945,0.49166666666666675,0.24583333333333332,0.0041666666666665868,-0.004166666666666651,0.013888888888889096,-0.013888888888888796,-5.0010422327733051e-17,7.7295150586925663e-18,0.00069444444444441715,-0.00069444444444431469,-0.065277777777777671,0.035416666666666784,0.029166666666666438,0.00069444444444445466,-2.6985046755099281e-17,-0.0041666666666667282,-1.0041837410299626e-17,0.0041666666666668045,-0.013888888888888768,0.035416666666666763,-0.027777777777777856,0.0062499999999999813,-0.013194444444444483,0.035416666666666818,-0.026388888888888885,0.0041666666666666449,0.0097222222222222085,2.5096068386468905e-16,-0.0034722222222224142,-0.0062500000000000533,-0.004166666666666605,0.013194444444444606,-0.0083333333333332812,-0.00069444444444439633,-0.013888888888888918,-0.0041666666666663726,-0.013194444444444432,-7.6731858357947928e-17,0.013194444444444399,0.013194444444444483,-0.029166666666666567,0.0062499999999999301,0.009722222222222094,0.0041666666666666284,0.013194444444444488,0.013888888888888812,-0.031250000000000028,0.0083333333333334945,-0.0062500000000001001,-0.0062500000000000238,7.0762397685077494e-17,0.065972222222222474,0.0062500000000001331,-0.0034722222222224311,0.026388888888888823,-0.035416666666666687,0.00069444444444442973,0.03541666666666661,-0.065277777777777518,-0.0041666666666666276,-0.013194444444444476,0.031250000000000132,-0.013194444444444408,-0.0006944444444441731,-0.029166666666666702,0.065277777777777837,-0.065972222222221946,0.031250000000000243,0.0354166666666667,0.035416666666666839,-0.0083333333333333384,0.06597222222222214,0.013888888888888815,0.0041666666666665643,0.013194444444444313,-0.13125000000000003,-0.24583333333333343,-0.13124999999999998,-0.013194444444444373,0.065972222222222168,-0.031250000000000215,0.00069444444444457707,-0.0006944444444444397,0.0041666666666666033,0.010416666666666531,3.4279842115657732e-17,8.1145648530981796e-17,-0.065277777777777699,-0.0013888888888887766,0.0062499999999999336,-0.00069444444444460005,0.035416666666666818,-0.027777777777777783,0.0062500000000001053,-0.013888888888888985,0.009722222222222127,-0.0062500000000000923,-0.0034722222222223972,0.00069444444444437335,-0.0062500000000000689,0.0041666666666666545,-0.029166666666666723,-0.0062500000000001608,-0.013194444444444536,-0.0034722222222223222,0.010416666666666611,-0.01319444444444446,0.0062500000000000038,-0.0013888888888888621,-0.0041666666666664957,0.00069444444444437552,-0.0097222222222222467,-3.3326182985111623e-17,-0.010416666666666649
e007,-0.0041666666666666441,-0.013888888888888857,-0.013194444444444496,0.031250000000000194,0.13124999999999989,0.13124999999999989,0.24583333333333332,0.4916666666666672,0.00833333333333325,0.0041666666666666788,0.00069444444444438213,-0.013194444444444451,0.13125000000000003,6.5545929334949259e-18,-0.065277777777778004,-0.065972222222222376,-0.065972222222221946,0.031250000000000167,0.035416666666666652,-0.00069444444444427273,-0.0062500000000001452,0.0041666666666666935,-0.006249999999999878,0.0083333333333333245,-0.00069444444444433562,0.0041666666666667577,-0.013888888888888829,0.010416666666666692,-0.0034722222222224527,0.0062500000000000741,-0.013194444444444377,0.01041666666666694,-0.0034722222222223252,8.4786868760784088e-17,0.0097222222222223178,-0.0062500000000000376,-0.008333333333333302,-0.00069444444444433898,-0.0041666666666666805,0.013194444444444496,-0.013194444444444368,0.0041666666666667811,-0.009722222222222042,1.1835200711513685e-16,0.0034722222222223955,0.026388888888888882,-0.035416666666666582,-0.0041666666666667195,0.013194444444444333,-0.0062500000000001001,0.013888888888888886,0.027777777777777707,-0.035416666666666811,0.0041666666666666484,9.5950129342161422e-17,5.3502133259456717e-17,5.9657891075312462e-17,0.06527777777777799,0.035416666666666687,-0.013194444444444542,0.01319444444444429,-0.02916666666666674,-0.00069444444444433063,0.031250000000000229,-0.065972222222222127,-0.01041666666666668,0.00069444444444438213,-0.0041666666666667091,-0.0097222222222220853,-0.0013888888888888256,0.0062500000000000246,-0.00069444444444449836,-0.065277777777777574,0.035416666666666895,0.029166666666666726,0.0062500000000000567,-0.0041666666666665981,0.00069444444444441498,0.027777777777777807,-0.00625000000000012,0.013888888888888805,7.6921766028721092e-17,0.2458333333333334,-1.9634642928266833e-17,0.01319444444444472,0.00069444444444422264,0.0041666666666666571,0.0013888888888886979,-0.013888888888888961,0.035416666666666673,0.0062500000000000186,-7.7283005351164276e-17,-0.13124999999999989,0.00069444444444454162,-0.00069444444444444458,-0.029166666666666716,0.065277777777777629,0.0041666666666668791,-0.013888888888888781,0.010416666666666848,0.013888888888888944,-0.0034722222222222546,-0.0062499999999999084,0.0097222222222221721,0.065972222222222182,-0.035416666666666742,-0.031250000000000111,0.006250000000000107,0.0041666666666666605,0.013194444444444389,-0.013194444444444545,0.0041666666666666562,-0.026388888888889041,-0.029166666666666792,-0.00069444444444432759,-0.035416666666666596,0.013888888888888871,-0.013194444444444502,-1.0585933378542531e-16,-0.0062499999999998824
e008,-0.065277777777777685,-2.6432457559862208e-17,0.13125000000000003,-0.065972222222222279,-0.013194444444444389,0.0006944444444444822,0.0041666666666665868,0.00833333333333325,0.49166666666666681,0.24583333333333335,0.13124999999999989,0.13124999999999976,-0.013194444444444463,-0.013888888888889084,-0.0041666666666667299,0.031250000000000291,0.031250000000000083,-0.065972222222222154,-0.00069444444444444664,0.035416666666666936,0.013194444444444387,-0.0041666666666665842,-0.00069444444444442875,-0.0083333333333333037,-0.0062499999999999396,0.0097222222222220142,-3.775472155610962e-17,-0.0034722222222224085,0.010416666666666709,-0.013194444444444583,0.0062499999999998052,-0.0034722222222222559,0.010416666666666876,-0.013888888888888775,0.0041666666666666328,-0.00069444444444441335,0.0083333333333335501,-0.0062499999999999561,0.0041666666666668436,-0.0062500000000001105,0.0062500000000000073,-0.0041666666666665591,-0.0041666666666665226,-0.013888888888888879,0.031250000000000076,0.029166666666666782,-0.013194444444444543,-0.0097222222222222241,-0.0062499999999999015,0.01319444444444432,-2.1846081406565178e-17,-1.6740504346349585e-16,-0.013194444444444627,-0.0041666666666668028,-0.013888888888889008,0.013888888888888923,0.013888888888888744,0.0041666666666667525,-0.00069444444444451614,-0.035416666666666853,0.035416666666666603,-0.026388888888889003,-0.0062500000000000602,0.0034722222222224332,-0.010416666666666892,-0.065972222222222085,0.13125000000000001,-0.065277777777777907,-0.0041666666666665946,0.029166666666666733,-0.013194444444444422,-0.0062500000000001044,-0.0041666666666666918,-0.0006944444444444011,-0.001388888888888779,0.0006944444444443367,-0.24583333333333315,-0.035416666666666742,6.6550517289031893e-17,-0.00069444444444466456,9.7219951225437326e-17,0.013888888888888989,0.0041666666666665591,-0.013888888888888895,-0.0062499999999999015,0.0062499999999999301,0.0097222222222222692,-0.029166666666666757,1.7991870413263181e-17,-0.00069444444444440511,0.00069444444444438451,-0.027777777777777964,-0.0006944444444440586,-0.035416666666666603,-0.0062499999999999492,0.0013888888888888653,0.0041666666666667533,0.065277777777777782,-1.5994388528834292e-18,0.065972222222222113,3.04984266096542e-17,-0.031250000000000125,0.013194444444444594,0.0041666666666666363,0.01041666666666659,-0.013194444444444415,-0.0034722222222222537,0.00069444444444449846,0.065277777777777907,0.03541666666666668,0.0062499999999999951,0.0097222222222221981,-0.029166666666666761,-0.026388888888888976,0.035416666666666707,-0.013194444444444177,-7.640536976767228e-17,-0.035416666666666693,0.027777777777777905,0.013194444444444696
e009,0.00069444444444445607,-3.8125244208378491e-17,2.1596244044926493e-16,-0.0006944444444444693,-0.013888888888888919,0.013888888888888871,-0.004166666666666651,0.0041666666666666788,0.24583333333333335,0.49166666666666703,0.13125000000000031,0.13125000000000003,0.00069444444444477374,0.01388888888888885,-0.010416666666666803,-0.0041666666666665105,0.035416666666666784,-0.065277777777777712,0.00069444444444440316,0.029166666666666549,-0.00069444444444457588,-0.0083333333333333159,0.013194444444444873,-0.0041666666666664368,-0.0062499999999999735,-0.0034722222222224432,-9.4430732318694364e-17,0.0097222222222221495,0.0041666666666664819,-0.02638888888888875,0.035416666666666728,-0.013194444444444522,0.0062499999999999925,-0.027777777777777631,0.035416666666666576,-0.013888888888888874,0.0041666666666668115,-5.8296801773121488e-17,-0.0041666666666669615,-2.4314864818030891e-17,0.0062499999999999292,-0.0083333333333335154,-0.010416666666666727,0.013888888888889122,-0.0041666666666667013,-0.0062500000000000385,0.013194444444444595,0.0034722222222224311,-0.010416666666666605,0.0034722222222222394,0.0062499999999999197,-9.3037844194555609e-17,-0.009722222222222238,0.0041666666666667438,-0.013194444444444472,0.00069444444444443862,0.027777777777777606,-0.0062500000000001409,-0.0013888888888888065,-0.0041666666666666978,0.0062500000000001452,-0.013194444444444347,0.029166666666666702,-0.0097222222222221044,-0.0062500000000001261,-0.0006944444444444307,5.1357744720468781e-17,0.00069444444444465112,0.031250000000000111,-0.0062499999999999362,0.013194444444444453,-0.010416666666666626,-0.035416666666666742,0.065277777777777837,-0.00069444444444436901,0.0013888888888890286,0.24583333333333354,-0.0041666666666667213,1.3394593286561938e-16,-0.065972222222222293,0.13124999999999998,0.00069444444444455799,0.0083333333333331858,-0.013194444444444392,0.029166666666666795,-0.0041666666666666258,0.013194444444444432,-0.0354166666666667,0.13124999999999989,-0.065972222222222293,-0.065277777777777865,-0.013888888888888895,0.013194444444444616,-0.031250000000000069,-0.035416666666666798,0.00069444444444438126,-0.03125000000000009,0.065972222222222265,-6.6977905384844425e-17,0.065277777777777823,-7.956298325078981e-17,-0.035416666666666721,0.013888888888888919,-0.0062500000000002224,0.0041666666666666987,-0.026388888888888837,-0.013194444444444358,-0.00069444444444440631,0.065972222222222085,0.029166666666666504,-0.0041666666666666258,0.013194444444444474,-0.03541666666666668,-0.013194444444444259,0.0062499999999999223,-0.0034722222222221531,-0.006250000000000029,-0.031249999999999955,0.013888888888888814,0.0097222222222220749
e010,0.029166666666666646,0.00069444444444453945,-0.065277777777777671,0.035416666666666791,-0.0041666666666668037,-0.010416666666666538,0.013888888888889096,0.00069444444444438213,0.13124999999999989,0.13125000000000031,0.49166666666666548,0.24583333333333299,0.0041666666666668331,-0.0041666666666665374,0.013888888888888824,-0.013888888888888843,-0.0006944444444442272,-8.1590016813566675e-17,-2.1219048984580337e-16,0.00069444444444480898,-0.0083333333333334685,-0.00069444444444431773,-0.0041666666666669173,0.01319444444444437,0.0041666666666663413,-6.9726565649787036e-17,-0.0041666666666667386,-2.2492424601249054e-16,-0.013888888888888855,0.035416666666666582,-0.027777777777777669,0.0062499999999998911,-0.013194444444444512,0.035416666666666582,-0.02638888888888901,0.0041666666666667082,-0.0062499999999997896,0.0097222222222223872,-4.0516121244824585e-18,-0.0034722222222221847,-0.0083333333333331493,0.0062499999999999769,0.00069444444444426167,0.0041666666666666978,-0.013194444444444443,-0.0097222222222223299,-8.3268406354482493e-17,0.0062500000000000003,0.0034722222222220993,-0.010416666666666621,0.003472222222222252,0.013194444444444488,-0.0062499999999999552,0.013888888888888761,-0.0041666666666668436,-0.01041666666666667,-0.0062499999999997037,0.0013888888888888794,0.0062500000000002111,0.01319444444444449,-0.013888888888888905,0.0041666666666668089,-0.0097222222222222328,0.0062500000000002137,0.00347222222222234,0.031249999999999761,-0.065972222222222071,0.035416666666666548,-0.013888888888888739,-0.013194444444444592,-1.2742782235364368e-16,0.01319444444444447,0.013194444444444524,-0.029166666666666455,0.0062500000000001799,0.0041666666666667655,-1.7871296551182356e-16,0.026388888888889073,0.00069444444444433974,0.035416666666666638,-0.06527777777777774,-0.0041666666666669017,-0.013194444444444472,0.031249999999999691,-0.013194444444444415,-0.00069444444444447602,-0.029166666666666799,0.065277777777777768,-0.065972222222222057,0.031249999999999854,0.035416666666666437,0.035416666666666659,-0.008333333333333609,0.065972222222222113,0.013888888888888683,0.0041666666666667048,0.013194444444444306,-0.13124999999999978,-0.24583333333333338,-0.13125000000000003,-0.013194444444444618,0.065972222222222168,-0.031250000000000021,0.00069444444444430797,-0.0006944444444443045,0.0041666666666664541,0.010416666666666709,-1.8346511899412148e-16,-9.0723643070168209e-17,-0.065277777777777837,-0.0013888888888887263,0.0062500000000001252,-0.00069444444444437541,0.035416666666666367,-0.027777777777777585,0.0062499999999999448,0.0097222222222220957,0.00069444444444430201,-0.0062499999999997852,-0.029166666666666469
e011,0.035416666666666693,-0.0006944444444442723,-0.065972222222222265,0.031250000000000111,0.031250000000000173,-0.0041666666666666102,-0.013888888888888796,-0.013194444444444451,0.13124999999999976,0.13125000000000003,0.24583333333333299,0.49166666666666664,0.0083333333333331667,0.0041666666666666857,0.00069444444444452665,-0.013194444444444644,-0.065972222222222307,0.13124999999999976,-2.2372398145026613e-16,-0.065277777777777879,-0.0041666666666666961,0.013194444444444264,-0.0083333333333334182,-0.00069444444444455365,0.0083333333333331216,-0.0062499999999998702,0.0041666666666667204,-0.0062500000000000628,-0.00069444444444425094,0.0041666666666667343,-0.013888888888889129,0.010416666666666591,-0.0034722222222224701,0.0062500000000001591,-0.013194444444444623,0.010416666666666718,-0.0062500000000000775,-0.0034722222222222749,-3.2496774103873831e-17,0.0097222222222222571,-0.0041666666666668063,0.0062500000000000827,0.013888888888888985,-0.0041666666666666779,-0.013888888888888846,-0.013194444444444451,-6.1606049689677318e-17,-7.5106130725664724e-18,0.013194444444444597,-0.006250000000000107,-0.0097222222222223976,-0.013194444444444616,0.029166666666666539,-0.013888888888888765,0.031250000000000014,-0.00416666666666688,-0.035416666666666964,0.00069444444444445932,-0.0041666666666664489,0.026388888888888989,-0.027777777777777835,0.035416666666666666,-0.013194444444444479,1.4172714815517847e-16,0.013194444444444443,0.035416666666666867,-0.065277777777777782,0.029166666666666719,-0.013194444444444673,-0.0097222222222221322,7.8744215382133989e-17,0.0034722222222222433,0.026388888888888878,-0.03541666666666668,-0.0041666666666663925,-0.0062499999999999778,-2.222906996522415e-16,0.01319444444444437,-0.00069444444444436944,0.031250000000000243,-0.065972222222222029,-0.010416666666666781,0.00069444444444439937,-0.0041666666666666588,-0.0097222222222221964,-0.0013888888888889145,0.00624999999999995,-0.00069444444444440544,-0.065277777777777851,0.035416666666666902,0.029166666666666889,0.0062500000000001972,-0.0041666666666667247,0.00069444444444454357,0.02777777777777771,-0.0062500000000000116,0.01388888888888881,-2.1185130072256868e-16,0.2458333333333331,-1.0602741687045088e-16,0.0131944444444445,0.0006944444444446084,0.0041666666666665287,0.0013888888888889831,-0.013888888888888907,0.035416666666666749,0.006250000000000016,-3.2456307605791092e-18,-0.13125000000000012,0.00069444444444437085,-0.00069444444444445889,-0.029166666666666587,0.065277777777777712,0.0041666666666666597,-0.013888888888888977,0.010416666666666666,-0.0034722222222222524,0.065972222222222224,-0.035416666666666902,0.0062499999999999396
e012,-0.0006944444444444088,0.035416666666666569,0.031249999999999913,-0.06597222222222221,-0.06597222222222221,-0.065277777777777699,-5.0010422327733051e-17,0.13125000000000003,-0.013194444444444463,0.00069444444444477374,0.0041666666666668331,0.0083333333333331667,0.49166666666666686,0.24583333333333349,0.13125000000000006,0.13125000000000012,0.031250000000000146,-0.013194444444444684,-0.013888888888888761,-0.0041666666666666883,0.0041666666666664359,-0.0062499999999997965,0.0083333333333332864,-0.0062499999999998824,-0.0083333333333333974,0.013194444444444457,-0.0041666666666665539,-0.00069444444444429713,-0.0062499999999999448,0.0097222222222220853,1.2883369664005256e-16,-0.0034722222222227602,0.010416666666666552,-0.013194444444444632,0.0062500000000001417,-0.0034722222222221297,-0.0006944444444442517,0.010416666666666716,-0.013888888888888975,0.0041666666666667811,0.0041666666666667776,-0.013194444444444431,1.9278838926887185e-16,0.0041666666666668115,1.3212354890230406e-16,-0.035416666666666603,0.027777777777777443,0.013888888888888862,-0.0062499999999999856,0.013194444444444505,-0.0041666666666666319,-0.035416666666666624,0.026388888888888705,3.7334777407870689e-17,0.0034722222222219449,-0.0097222222222221166,0.00069444444444428737,-0.035416666666666631,-0.065277777777777712,0.029166666666666511,-8.626668978481702e-18,0.013194444444444267,0.0062499999999999127,-0.013888888888888739,0.035416666666666534,0.01319444444444432,-0.004166666666666769,0.026388888888888681,0.0062499999999999101,-0.0041666666666665816,-0.013888888888888741,0.03124999999999992,0.029166666666666681,-0.013194444444444247,-0.0097222222222219865,0.013194444444444406,0.013888888888888815,0.035416666666666548,-0.0062500000000001582,0.0034722222222223296,-0.010416666666666697,-0.065972222222222168,0.13125000000000014,-0.065277777777777837,-0.0041666666666667464,0.029166666666666664,-0.01319444444444433,-0.0062499999999999457,-0.0041666666666664975,-0.00069444444444462055,-0.0013888888888886983,0.00069444444444428238,-0.2458333333333336,-0.035416666666666631,7.2268958757931655e-17,-0.0006944444444440946,-1.1717178057141198e-16,0.013888888888888801,0.004166666666666599,-0.0138888888888888,-0.0062500000000000472,0.0062499999999997792,0.0097222222222224531,-0.029166666666666778,-5.8313487678451436e-17,-0.00069444444444444599,0.00069444444444453142,-0.027777777777777794,-0.00069444444444440305,-0.035416666666666555,-0.0062499999999999136,0.0013888888888888358,0.0041666666666665478,0.065277777777777518,2.7131070096233547e-17,0.065972222222222029,-0.031249999999999847,0.010416666666666508,-0.013194444444444248,0.00069444444444441856
e013,0.00069444444444449597,0.02916666666666665,0.03541666666666677,-0.065277777777777629,-0.00069444444444457664,0.00069444444444415716,7.7295150586925663e-18,6.5545929334949259e-18,-0.013888888888889084,0.01388888888888885,-0.0041666666666665374,0.0041666666666666857,0.24583333333333349,0.4916666666666672,0.13124999999999959,0.13124999999999973,-0.0041666666666665599,0.00069444444444422297,0.013888888888888885,-0.010416666666666867,-0.0041666666666668592,1.895501016771192e-16,0.004166666666666631,2.5760554398395857e-16,-0.0041666666666665495,-0.00069444444444425083,-0.008333333333333387,0.0131944444444445,-0.0062500000000001556,-0.0034722222222220889,5.803911899085871e-17,0.0097222222222222935,0.0041666666666665565,-0.026388888888888937,0.035416666666666811,-0.013194444444444583,-0.013888888888888949,0.0062500000000001443,-0.027777777777777977,0.035416666666666916,-0.0041666666666667837,-0.013888888888888755,-0.0062499999999999127,0.0083333333333334269,-0.0062499999999999067,-0.031250000000000007,0.013888888888888883,0.013194444444444566,0.0041666666666666848,0.0097222222222221565,0.0062500000000000385,-0.029166666666666771,0.013194444444444479,9.9402909380172664e-17,0.013194444444444666,-0.013194444444444387,0.0013888888888885678,-0.0062500000000000932,-0.06597222222222196,0.035416666666666707,-1.3266189185997309e-16,0.0034722222222224892,0.010416666666666638,-0.00069444444444426504,0.0041666666666668609,0.0097222222222222224,0.0062499999999999683,0.013194444444444606,0.0062500000000000203,-0.010416666666666675,0.013888888888888848,-0.004166666666666618,-0.0062499999999998754,0.013194444444444491,0.0034722222222222294,0.0034722222222224276,0.027777777777777686,0.0062500000000000949,0.029166666666666792,-0.009722222222222205,-0.0062500000000000029,-0.00069444444444440067,-7.2307864965432732e-17,0.00069444444444437367,0.031250000000000014,-0.0062499999999999205,0.013194444444444516,-0.010416666666666533,-0.035416666666666742,0.065277777777778087,-0.00069444444444428065,0.0013888888888889063,0.24583333333333335,-0.0041666666666666978,5.8595635546165656e-17,-0.065972222222222404,0.13124999999999973,0.00069444444444445618,0.0083333333333331806,-0.013194444444444474,0.029166666666666716,-0.0041666666666666788,0.013194444444444368,-0.035416666666666846,0.13124999999999992,-0.065972222222222349,-0.065277777777777893,-0.013888888888889036,0.013194444444444524,-0.031250000000000125,-0.035416666666666867,0.00069444444444442897,-0.031250000000000208,0.065972222222222085,-1.5289586021955874e-16,0.065277777777777685,-0.035416666666666673,0.0041666666666666683,-0.026388888888889069,-0.00069444444444451093
e014,-4.2362045007543249e-17,0.00069444444444471704,-0.00069444444444426601,2.8942785867946399e-16,0.035416666666666735,0.029166666666666119,0.00069444444444441715,-0.065277777777778004,-0.0041666666666667299,-0.010416666666666803,0.013888888888888824,0.00069444444444452665,0.13125000000000006,0.13124999999999959,0.49166666666666603,0.24583333333333343,-0.0138888888888891,0.0041666666666667794,-0.0041666666666668245,0.013888888888889044,-3.5326994494495508e-17,-0.003472222222222386,-0.0062500000000003759,0.0097222222222223074,0.013194444444444514,-0.0083333333333333835,-0.00069444444444460873,-0.0041666666666668097,0.0041666666666666952,5.5592237511405054e-17,-0.0041666666666666042,1.0372410612410296e-16,-0.013888888888888742,0.035416666666666693,-0.027777777777777953,0.0062500000000000723,0.0041666666666667065,-0.013194444444444507,0.035416666666666784,-0.026388888888888993,-0.013888888888888857,0.031250000000000021,0.0097222222222223126,-0.0062500000000001183,-0.0034722222222221453,0.00069444444444423273,-0.0062500000000001296,0.0041666666666668409,0.0013888888888885728,-0.029166666666666966,-0.0006944444444443753,0.065277777777777754,-0.035416666666666777,0.013194444444444528,-0.01041666666666667,-0.0062500000000000741,-0.0062500000000000021,0.027777777777777807,1.5489113164709959e-16,0.00069444444444461437,-0.013194444444444488,-0.0062499999999996482,-0.0034722222222224913,0.010416666666666848,-0.013194444444444403,0.0062500000000000533,-0.0013888888888890169,-0.0041666666666666363,-0.0083333333333333089,0.00069444444444441411,0.0041666666666666805,-0.013194444444444437,-0.0097222222222220541,2.2667275613483784e-16,0.0062500000000000524,-0.010416666666666571,-0.0062499999999999275,-0.013888888888889008,-0.0097222222222224115,0.006249999999999872,0.003472222222222062,0.031249999999999858,-0.065972222222222265,0.035416666666666471,-0.013888888888888938,-0.01319444444444459,-1.2058733662214919e-16,0.013194444444444418,0.013194444444444432,-0.029166666666666497,0.0062500000000000515,0.0041666666666667768,-1.4566684193792397e-16,0.026388888888888861,0.00069444444444448979,0.035416666666666589,-0.06527777777777781,-0.0041666666666666944,-0.013194444444444465,0.031249999999999865,-0.013194444444444405,-0.00069444444444424248,-0.029166666666666542,0.065277777777777934,-0.065972222222222293,0.031249999999999872,0.035416666666666798,0.035416666666666624,-0.0083333333333334061,0.065972222222222029,0.013888888888888801,0.004166666666666801,0.013194444444444559,-0.13125000000000014,-0.24583333333333338,-0.13124999999999992,0.065972222222222224,-0.00069444444444440587,0.0041666666666665903,4.0372495983408399e-16
e015,-3.8400779261297035e-17,-0.06527777777777774,-0.065972222222222224,0.13124999999999987,0.031250000000000389,0.035416666666666652,-0.00069444444444431469,-0.065972222222222376,0.031250000000000291,-0.0041666666666665105,-0.013888888888888843,-0.013194444444444644,0.13125000000000012,0.13124999999999973,0.24583333333333343,0.49166666666666731,-0.013194444444444642,0.0083333333333336194,0.0041666666666666614,0.00069444444444457859,-1.3549657663611781e-16,0.0097222222222220593,-0.0062500000000000134,-0.0034722222222223213,-0.00069444444444421007,-0.0041666666666666284,0.013194444444444656,-0.0083333333333333575,0.0083333333333335726,-0.0062500000000002805,0.0041666666666667525,-0.0062500000000002033,-0.00069444444444461924,0.004166666666666736,-0.013888888888889141,0.010416666666666833,0.010416666666666734,-0.0034722222222222012,0.0062499999999998581,-0.013194444444444283,0.013888888888889218,-0.0041666666666667126,-0.0034722222222223257,-0.0062499999999997956,0.0097222222222220437,0.065972222222222224,-0.035416666666666902,-0.031250000000000076,0.00069444444444444198,0.0062500000000001305,-0.0013888888888888228,-0.00069444444444433757,-0.0041666666666667195,-0.013194444444444309,-0.006250000000000068,0.029166666666666674,0.0041666666666668219,0.013888888888888892,0.13124999999999967,-0.065277777777777685,0.013194444444444351,-0.010416666666666729,-0.013194444444444368,0.0041666666666668366,-0.026388888888889021,-0.029166666666666712,-0.00069444444444437801,-0.035416666666666964,-0.0041666666666666258,0.013888888888889016,-0.0041666666666665738,-0.01388888888888889,-0.01319444444444468,-3.9218284028513555e-17,1.2078504193463334e-16,-0.0062500000000001036,-0.035416666666666492,-0.027777777777778033,-0.013194444444444687,3.2781718466342528e-17,0.013194444444444498,0.035416666666666666,-0.06527777777777781,0.029166666666666723,-0.01319444444444428,-0.0097222222222223941,-8.8342340876260525e-17,0.0034722222222222606,0.026388888888889059,-0.035416666666666687,-0.0041666666666668123,-0.0062500000000000428,1.0528945467716919e-16,0.013194444444444613,-0.00069444444444438115,0.031249999999999944,-0.065972222222222127,-0.01041666666666665,0.0006944444444443212,-0.00416666666666669,-0.0097222222222220697,-0.0013888888888888352,0.0062500000000001261,-0.00069444444444439633,-0.065277777777778004,0.035416666666666576,0.029166666666666598,0.0062500000000001079,-0.0041666666666666788,0.00069444444444431773,0.02777777777777787,-0.0062499999999999865,0.013888888888888703,-1.3109399078420739e-16,0.24583333333333332,-1.231565095539105e-16,0.00069444444444465893,-0.013888888888889193,0.035416666666666811,3.9071362706700996e-17
e016,0.0041666666666666276,0.0006944444444444577,-0.013194444444444661,0.008333333333333328,0.13124999999999984,1.4693664311168126e-16,-0.065277777777777671,-0.065972222222221946,0.031250000000000083,0.035416666666666784,-0.0006944444444442272,-0.065972222222222307,0.031250000000000146,-0.0041666666666665599,-0.0138888888888891,-0.013194444444444642,0.49166666666666692,0.13124999999999989,0.13125000000000014,0.2458333333333331,0.0062499999999999891,-0.01319444444444449,0.010416666666666737,-0.003472222222222284,-0.0034722222222219471,9.3765918650657823e-17,0.009722222222222264,-0.0062499999999998243,-0.00069444444444440121,-0.0041666666666664767,0.013194444444444259,-0.0083333333333332101,0.0083333333333333471,-0.006249999999999957,0.0041666666666670604,-0.0062499999999997731,0.010416666666666652,-0.00069444444444414675,0.004166666666666592,-0.013888888888888775,0.013194444444444382,-0.0062499999999998277,0.0006944444444443457,0.0041666666666666683,0.0013888888888888044,-0.013888888888888729,0.035416666666666728,0.0062500000000000533,-0.027777777777777572,2.3764988356903943e-18,0.00069444444444450844,-0.00069444444444434668,-4.4680096564924226e-17,0.0097222222222222744,-0.02916666666666658,0.0062500000000000472,-0.13125000000000006,-0.2458333333333334,0.0041666666666668635,-0.013888888888889044,0.00069444444444448621,-2.4975448083153216e-16,-0.00069444444444427176,-0.029166666666666723,0.065277777777777768,0.0041666666666666918,-0.013888888888888888,0.010416666666666749,0.013888888888888867,-0.0034722222222219727,-0.0062500000000000454,0.0097222222222224878,0.065972222222222099,-0.035416666666666673,-0.031250000000000007,0.006250000000000029,0.0041666666666668418,0.013194444444444569,-0.013194444444444391,0.0041666666666664758,-0.026388888888889024,-0.029166666666666733,-0.0006944444444443882,-0.035416666666666735,-0.004166666666666422,0.013888888888889018,-0.0041666666666664845,-0.013888888888889049,-0.01319444444444451,1.9489461657457123e-16,4.9907009162262878e-18,-0.0062500000000000454,-0.035416666666666631,-0.02777777777777804,-0.01319444444444432,-1.9450453946052081e-16,0.013194444444444495,0.035416666666666687,-0.065277777777777685,0.029166666666666768,-0.013194444444444673,-0.0097222222222223004,6.8730076846861783e-17,0.0034722222222223244,0.026388888888888858,-0.035416666666666895,-0.0041666666666667447,-0.0062500000000000012,1.5358104302389284e-16,0.013194444444444503,-0.00069444444444451017,0.031250000000000056,-0.065972222222222432,-0.010416666666666626,0.00069444444444429301,-0.0041666666666666432,-0.0013888888888888406,-0.065277777777777782,0.035416666666666652,0.0062499999999999049
e017,-0.013888888888888869,-0.0041666666666668436,0.031250000000000069,-0.013194444444444463,-0.065972222222222071,-0.00069444444444428997,0.035416666666666784,0.031250000000000167,-0.065972222222222154,-0.065277777777777712,-8.1590016813566675e-17,0.13124999999999976,-0.013194444444444684,0.00069444444444422297,0.0041666666666667794,0.0083333333333336194,0.13124999999999989,0.49166666666666686,0.24583333333333338,0.1312499999999997,-0.013888888888889223,0.0041666666666665773,-0.00069444444444436391,0.010416666666666775,-0.0062499999999998251,0.0041666666666666978,-0.0062500000000001053,0.0083333333333335275,-0.0083333333333334998,0.013194444444444486,-0.0041666666666664845,-0.00069444444444443081,-0.0062500000000002094,0.0097222222222220593,9.4437777410745559e-17,-0.0034722222222222901,-0.003472222222222428,0.010416666666666564,-0.013194444444444555,0.0062499999999999318,1.5608934171056641e-16,-0.0097222222222220194,-0.031249999999999958,0.01319444444444454,0.0041666666666665677,0.01041666666666667,-0.013194444444444507,-0.003472222222222507,0.0062500000000000784,0.00069444444444440284,0.029166666666666671,0.035416666666666638,-0.065277777777778073,0.006250000000000225,-0.0006944444444443676,-0.0013888888888886853,0.065277777777777837,-1.2246994045464309e-18,0.00069444444444430981,-0.0041666666666665348,0.03541666666666668,-0.065972222222222265,0.0062499999999999839,0.0097222222222222258,-0.029166666666666882,-0.026388888888889087,0.035416666666666714,-0.01319444444444462,0.0041666666666666631,-6.2057290880270476e-18,0.0041666666666668019,-1.3119962906008311e-16,-0.035416666666666749,0.027777777777777891,0.013888888888888952,0.013194444444444389,0.00069444444444432629,-6.8828487410393255e-17,0.00624999999999995,-0.013888888888888928,0.035416666666666638,0.013194444444444507,-0.0041666666666667455,0.026388888888888948,0.0062500000000000871,-0.00416666666666686,-0.013888888888888909,0.031249999999999976,0.029166666666666601,-0.013194444444444571,-0.0097222222222221131,0.013194444444444443,0.013888888888888958,0.0354166666666667,-0.0062500000000001062,0.0034722222222223513,-0.010416666666666883,-0.065972222222222293,0.13124999999999976,-0.065277777777777699,-0.0041666666666666172,0.029166666666666546,-0.01319444444444437,-0.0062500000000001027,-0.0041666666666667143,-0.00069444444444449911,-0.0013888888888888111,0.00069444444444449098,-0.24583333333333332,-0.035416666666666576,1.0298385094939887e-16,-0.00069444444444438354,-3.3964443913795451e-17,0.013888888888888788,0.0041666666666666874,-0.01388888888888903,0.0062500000000001383,-1.4386662673172592e-16,-0.00069444444444436803,-0.027777777777777873
e018,0.013888888888888944,-0.010416666666666763,-0.004166666666666625,0.00069444444444434483,-0.065277777777777851,0.00069444444444461122,0.029166666666666438,0.035416666666666652,-0.00069444444444444664,0.00069444444444440316,-2.1219048984580337e-16,-2.2372398145026613e-16,-0.013888888888888761,0.013888888888888885,-0.0041666666666668245,0.0041666666666666614,0.13125000000000014,0.24583333333333338,0.49166666666666625,0.13124999999999976,-0.027777777777777974,0.035416666666666513,-0.013888888888888767,0.0062499999999999674,3.1782640760494308e-18,-0.0041666666666667239,-9.2112701818007093e-17,0.0041666666666665842,-0.0041666666666667716,-0.00069444444444431361,-0.0083333333333330574,0.013194444444444729,-0.0062499999999998789,-0.0034722222222223703,9.4603074575126234e-17,0.0097222222222221079,-0.013194444444444354,0.0041666666666665512,-0.026388888888888885,0.035416666666666673,1.6996417308830127e-16,-0.0131944444444445,-0.035416666666666631,0.013888888888888904,-0.0062500000000001096,0.0041666666666665348,-0.026388888888888788,-0.013194444444444446,0.035416666666666562,-0.00069444444444439275,0.035416666666666728,0.031249999999999892,-0.065972222222222029,-0.029166666666666809,0.065277777777777796,-0.00069444444444443081,0.065972222222222057,-1.4107913045222607e-17,-0.013194444444444609,0.031250000000000146,0.02916666666666666,-0.065277777777777615,-0.0041666666666667377,0.013194444444444628,-0.035416666666666825,-0.013194444444444604,0.0062500000000001166,-0.003472222222222173,-0.0041666666666666805,-0.0062499999999999778,0.0083333333333334252,-0.0062500000000000663,-0.031249999999999997,0.013888888888888987,0.013194444444444323,0.0097222222222222553,0.0013888888888889351,6.999006324398768e-17,0.010416666666666451,-0.00069444444444447797,0.0041666666666667108,0.0097222222222221374,0.0062499999999998859,0.013194444444444441,0.0062499999999999544,-0.01041666666666651,0.013888888888888975,-0.0041666666666667143,-0.0062499999999997861,0.013194444444444347,0.0034722222222221977,0.0034722222222222888,0.027777777777777748,0.0062499999999997757,0.029166666666666688,-0.009722222222222146,-0.0062500000000000038,-0.00069444444444462195,-8.3880435802203442e-17,0.00069444444444422373,0.031250000000000111,-0.006249999999999931,0.013194444444444748,-0.010416666666666682,-0.035416666666666576,0.06527777777777756,-0.00069444444444436879,0.001388888888888828,0.24583333333333329,-0.0041666666666665946,1.2133043208054317e-16,-0.065972222222221974,0.13125000000000009,0.00069444444444430081,0.0083333333333332257,-0.013194444444444552,-0.0041666666666667108,0.13125000000000001,-0.065972222222222182,-0.013888888888888822
e019,-0.0041666666666667056,0.013888888888889077,-0.013888888888889004,0.0041666666666666215,7.6632047688782883e-17,-1.6217508688675827e-16,0.00069444444444445466,-0.00069444444444427273,0.035416666666666936,0.029166666666666549,0.00069444444444480898,-0.065277777777777879,-0.0041666666666666883,-0.010416666666666867,0.013888888888889044,0.00069444444444457859,0.2458333333333331,0.1312499999999997,0.13124999999999976,0.4916666666666662,0.035416666666666513,-0.026388888888888889,0.004166666666666409,-0.013194444444444453,0.0097222222222221617,-1.6953300953439471e-16,-0.0034722222222222142,-0.0062500000000001816,0.013194444444444682,-0.008333333333333243,-0.0006944444444443869,-0.0041666666666665712,0.0041666666666668479,-1.0856432408581792e-16,-0.004166666666666769,-1.1675538082759764e-16,0.0062500000000001443,-0.013888888888889022,0.035416666666666541,-0.027777777777777957,-0.013194444444444373,0.029166666666666691,0.065972222222222529,-0.031250000000000076,0.00069444444444456005,-0.00069444444444449608,0.0041666666666667716,0.010416666666666808,-0.013888888888889063,-5.5046228439120521e-17,-0.065277777777777837,-0.06597222222222246,0.13124999999999992,0.013194444444444495,-0.03541666666666652,-0.0041666666666664541,8.5026133197776268e-17,0.24583333333333324,0.008333333333333361,-0.013194444444444588,-0.06527777777777799,0.13124999999999962,-0.0013888888888890902,0.0062500000000000932,-0.00069444444444452557,0.035416666666666673,-0.027777777777777703,0.0062500000000000515,-0.013888888888888815,0.0097222222222221513,-0.0062500000000000359,-0.0034722222222224406,0.00069444444444453327,-0.0062500000000000637,0.0041666666666665565,-0.029166666666666678,-0.0062499999999998728,-0.013194444444444528,-0.0034722222222223088,0.010416666666666439,-0.013194444444444432,0.0062500000000000541,-0.0013888888888888803,-0.0041666666666664853,-0.0083333333333335466,0.00069444444444439492,0.004166666666666461,-0.013194444444444616,-0.0097222222222220576,3.7235433824239094e-17,0.0062499999999999067,-0.01041666666666659,-0.0062499999999998668,-0.013888888888889072,-0.009722222222222146,0.0062499999999998997,0.0034722222222221114,0.031249999999999552,-0.06597222222222246,0.035416666666666451,-0.01388888888888886,-0.013194444444444498,-2.1053902442378037e-16,0.013194444444444529,0.013194444444444321,-0.029166666666666764,0.0062500000000001183,0.004166666666666749,8.9817202907483977e-17,0.026388888888889059,0.00069444444444440511,0.035416666666666756,-0.065277777777777615,-0.0041666666666664836,-0.013194444444444488,0.031250000000000035,-0.00069444444444463312,-0.065972222222222016,0.031250000000000167,0.035416666666666541
e020,-0.02638888888888893,0.035416666666666811,0.004166666666666638,-0.013194444444444222,0.0097222222222223265,-0.0034722222222226553,-2.6985046755099281e-17,-0.0062500000000001452,0.013194444444444387,-0.00069444444444457588,-0.0083333333333334685,-0.0041666666666666961,0.0041666666666664359,-0.0041666666666668592,-3.5326994494495508e-17,-1.3549657663611781e-16,0.0062499999999999891,-0.013888888888889223,-0.027777777777777974,0.035416666666666513,0.4916666666666667,0.13124999999999995,0.24583333333333313,0.13125000000000006,0.0041666666666666458,0.013888888888888782,-0.0041666666666664836,-0.013888888888889008,1.2612501418503135e-16,0.00069444444444450085,-1.4674944457509311e-16,-0.00069444444444448947,0.035416666666666687,0.00069444444444450367,0.029166666666666844,-0.065277777777777546,0.00069444444444449293,-0.0041666666666667091,0.013888888888888909,-0.010416666666666883,-0.0083333333333333714,0.01319444444444437,-0.13124999999999995,-0.24583333333333354,-0.13125000000000006,0.0041666666666666779,0.013888888888888649,0.013194444444444446,-0.031249999999999927,0.065972222222222085,-0.031250000000000097,-0.035416666666666707,0.00069444444444459312,-3.5403825278724533e-17,0.065277777777777532,0.065972222222222016,-0.013194444444444661,0.029166666666666587,0.013194444444444576,-0.035416666666666763,-8.438454320569046e-17,-0.065277777777777823,0.004166666666666579,-0.00069444444444445575,0.010416666666666933,0.065972222222222307,-0.031249999999999976,0.0006944444444443084,-7.2062514666732618e-17,0.035416666666666666,-0.027777777777777839,0.0062500000000000871,0.0062500000000002475,-0.0013888888888889167,-0.00069444444444438408,-0.065277777777777823,-0.013888888888888867,-0.029166666666666567,-0.0062500000000000116,0.00069444444444441606,0.0041666666666668106,0.0097222222222221946,-0.006249999999999957,-0.0034722222222222463,-0.0062499999999999613,0.006250000000000009,-0.0013888888888888625,-0.0041666666666667256,0.010416666666666753,-0.0034722222222220698,-0.01319444444444442,-0.013194444444444467,-0.0083333333333334043,-0.010416666666666633,-1.425324444174968e-17,-0.0097222222222223438,0.0062499999999999899,0.00069444444444435502,0.0041666666666668123,-0.013194444444444495,-0.0062500000000002102,0.031250000000000083,-0.065972222222222085,0.03541666666666695,0.0062499999999999171,-0.0097222222222223195,0.0034722222222222147,-0.013888888888888833,-0.013888888888888907,0.0041666666666667915,-0.029166666666666622,0.01319444444444446,0.0062500000000001192,-0.013194444444444339,-1.6391396703624974e-18,0.013194444444444512,-0.0041666666666665807,0.035416666666666777,0.00069444444444449966,0.026388888888888865
e021,0.035416666666666777,-0.027777777777777773,-0.013888888888888902,0.0062499999999997133,-5.4576999416692712e-17,1.6517738261233518e-16,-0.0041666666666667282,0.0041666666666666935,-0.0041666666666665842,-0.0083333333333333159,-0.00069444444444431773,0.013194444444444264,-0.0062499999999997965,1.895501016771192e-16,-0.003472222222222386,0.0097222222222220593,-0.01319444444444449,0.0041666666666665773,0.035416666666666513,-0.026388888888888889,0.13124999999999995,0.49166666666666659,0.13124999999999984,0.24583333333333349,0.00069444444444452622,-0.01041666666666655,0.013888888888889043,-0.0041666666666667065,-0.065277777777777934,0.029166666666666872,0.00069444444444441205,0.035416666666666888,-0.00069444444444430873,7.9217517081673273e-17,0.0006944444444443714,-2.5252631096120459e-16,0.0041666666666664498,-0.013888888888889119,-0.0041666666666666527,0.013888888888888975,0.013194444444444533,-0.0083333333333333436,0.065972222222222363,-7.4000687395472904e-17,0.065277777777777837,0.00069444444444443981,-0.035416666666666582,-0.031249999999999899,0.065972222222222279,-0.031249999999999938,0.013194444444444313,0.013888888888888716,0.0041666666666665079,-0.24583333333333351,-0.13124999999999998,-0.13125000000000009,7.9288921313620855e-17,-0.013194444444444349,-0.029166666666666893,0.065277777777777893,-0.00069444444444444642,0.035416666666666409,-0.026388888888888868,0.0041666666666665799,-0.013194444444444483,-0.035416666666666527,0.013888888888888994,-0.0062499999999998711,0.065972222222222224,-0.0131944444444442,0.0062500000000000585,-0.0034722222222221826,0.013194444444444474,-0.004166666666666801,-0.035416666666666735,0.029166666666666698,-0.0041666666666666987,0.0097222222222221408,0.013888888888888919,-0.031249999999999941,0.013194444444444538,-0.0062500000000000368,0.0083333333333333835,-0.0062499999999998191,0.0013888888888889687,0.0097222222222223351,0.0062499999999999457,0.013194444444444552,-0.00069444444444441628,0.010416666666666756,0.004166666666666762,2.6521126161262446e-16,0.0062499999999998338,0.0034722222222222428,0.013194444444444469,-0.00624999999999995,0.0034722222222222719,-0.010416666666666288,0.013888888888888786,-0.0041666666666665833,0.027777777777777908,-0.00069444444444430266,1.0810285479467145e-16,0.00069444444444443428,-0.0097222222222221859,0.029166666666666587,-0.0062499999999998581,0.0062499999999999145,0.031249999999999906,0.0013888888888887911,0.065277777777777726,-0.035416666666666263,-0.00069444444444452405,-0.0062499999999997332,0.01319444444444454,-0.010416666666666373,0.0006944444444444204,-0.065972222222222293,2.8317210505461436e-17,-0.0041666666666665478
e022,-0.013194444444444444,0.0062499999999997185,0.010416666666666765,-0.0034722222222221743,-0.0034722222222222524,0.0097222222222221408,-1.0041837410299626e-17,-0.006249999999999878,-0.00069444444444442875,0.013194444444444873,-0.0041666666666669173,-0.0083333333333334182,0.0083333333333332864,0.004166666666666631,-0.0062500000000003759,-0.0062500000000000134,0.010416666666666737,-0.00069444444444436391,-0.013888888888888767,0.004166666666666409,0.24583333333333313,0.13124999999999984,0.49166666666666697,0.13124999999999962,0.0083333333333330348,0.00069444444444434104,0.0041666666666667317,-0.013194444444444352,0.13124999999999976,-0.065277777777777643,6.3975251992901078e-17,-0.065972222222222349,0.031250000000000104,-0.0006944444444446625,0.035416666666666936,-0.065972222222222252,-0.01319444444444445,0.031250000000000229,-0.01388888888888901,-0.0041666666666664437,-0.0041666666666663032,-0.00069444444444434982,-7.5774752990525344e-18,0.24583333333333351,8.6534457597783176e-17,-0.0062499999999999873,0.027777777777777745,0.013888888888888928,-0.035416666666666832,0.00069444444444429171,0.0041666666666667924,-0.0062499999999999405,0.0013888888888888753,-9.4955432446300959e-17,0.06597222222222221,0.065277777777777782,0.013194444444444559,-0.0062500000000001842,0.0097222222222221964,-0.029166666666666993,1.117190175707816e-16,0.00069444444444455538,0.035416666666666603,-0.01388888888888898,0.0062500000000000359,0.00069444444444435676,0.0041666666666668843,0.0013888888888888152,-0.13124999999999981,0.0041666666666665061,-0.013888888888888935,0.010416666666666408,-0.029166666666666757,-0.00069444444444440652,0.065277777777777699,0.00069444444444464537,0.013888888888889079,0.0062499999999999344,-0.035416666666666735,0.065972222222222085,-0.031249999999999896,-0.0034722222222222055,-0.0062499999999998555,0.0097222222222222068,0.0041666666666666076,-0.029166666666666684,-0.00069444444444428162,-0.035416666666666763,0.0041666666666667247,-0.013194444444444682,-0.02638888888888901,0.013194444444444474,-0.0041666666666667178,-0.0062500000000000775,-1.1064262197333457e-16,-0.013194444444444418,1.2150401260415862e-16,0.013888888888888931,-0.0041666666666664472,-0.013888888888888899,-0.03541666666666677,0.035416666666666805,-0.06527777777777774,0.029166666666666698,1.0293008084507634e-16,-0.013194444444444453,0.013194444444444517,-0.027777777777777991,-0.013194444444444545,-0.0062500000000001192,-0.035416666666666666,0.026388888888888927,-0.0041666666666666336,-0.0097222222222224149,1.8384877625398234e-16,0.0034722222222221587,-0.010416666666666794,0.031250000000000056,-0.0006944444444444577,0.013194444444444526
e023,0.0041666666666666605,-0.013888888888888794,-0.00069444444444438245,0.010416666666666474,-0.0062500000000000567,-0.0062499999999999136,0.0041666666666668045,0.0083333333333333245,-0.0083333333333333037,-0.0041666666666664368,0.01319444444444437,-0.00069444444444455365,-0.0062499999999998824,2.5760554398395857e-16,0.0097222222222223074,-0.0034722222222223213,-0.003472222222222284,0.010416666666666775,0.0062499999999999674,-0.013194444444444453,0.13125000000000006,0.24583333333333349,0.13124999999999962,0.49166666666666708,-0.013194444444444323,-0.0041666666666665174,-0.013888888888888952,0.031249999999999986,-0.065972222222222224,0.035416666666666818,-0.00069444444444455278,0.031250000000000305,-0.065972222222222265,2.824089236922175e-16,-0.06527777777777781,0.13124999999999989,0.0083333333333334408,-0.013194444444444377,0.0041666666666664975,0.00069444444444441747,-0.00069444444444442333,-0.0041666666666666432,0.065277777777777699,-2.0860985034925863e-16,0.065972222222222182,0.0013888888888889037,-0.0062500000000000593,0.0041666666666666102,0.00069444444444463497,-0.035416666666666652,0.013888888888888788,0.027777777777777693,-0.0062500000000000515,0.24583333333333326,-2.2712297942030639e-18,-9.838914521004854e-17,1.1510647745663407e-17,-0.0097222222222221148,0.0062499999999998971,-0.00069444444444427208,0.00069444444444443103,0.029166666666666553,-0.013194444444444304,0.01041666666666673,-0.0034722222222221418,-0.031250000000000076,0.013194444444444304,0.0041666666666665686,0.065277777777777699,-0.026388888888888764,0.035416666666666811,-0.013194444444444398,0.0097222222222221669,0.0062500000000000801,-0.029166666666666858,0.035416666666666603,0.0041666666666666241,0.013194444444444332,0.027777777777777801,-0.035416666666666964,0.013888888888888751,-1.339202828333749e-16,0.004166666666666599,-5.8638643141305077e-17,0.00069444444444468527,0.01319444444444454,-0.0041666666666667004,0.026388888888888861,-0.013888888888888944,0.0062500000000000732,0.035416666666666825,1.2144442928450284e-16,0.0062500000000000402,0.013194444444444328,-0.013194444444444573,0.029166666666666733,-0.0097222222222223768,-0.0041666666666665807,-0.013888888888888961,0.031250000000000132,0.013888888888888711,-0.065972222222222349,0.13124999999999998,-0.065277777777777823,0.0034722222222222316,-0.0062500000000000793,-0.010416666666666845,0.03541666666666677,-0.0041666666666665929,0.00069444444444444978,-0.00069444444444432586,-0.0041666666666666926,-0.0013888888888888068,0.029166666666666813,-0.013194444444444434,-0.0062500000000000324,0.013888888888888831,-0.00069444444444449554,1.454220942275275e-16,-0.035416666666666839
e024,0.006250000000000055,-0.013194444444444604,-0.0034722222222221427,0.010416666666666633,0.010416666666666402,0.0041666666666669407,-0.013888888888888768,-0.00069444444444433562,-0.0062499999999999396,-0.0062499999999999735,0.0041666666666663413,0.0083333333333331216,-0.0083333333333333974,-0.0041666666666665495,0.013194444444444514,-0.00069444444444421007,-0.0034722222222219471,-0.0062499999999998251,3.1782640760494308e-18,0.0097222222222221617,0.0041666666666666458,0.00069444444444452622,0.0083333333333330348,-0.013194444444444323,0.49166666666666675,0.13125000000000014,0.24583333333333338,0.13125000000000017,-0.013194444444444408,-0.0041666666666665573,-0.013888888888888982,0.031250000000000125,-0.065972222222222265,0.03541666666666677,-0.00069444444444426677,0.031250000000000222,0.13124999999999992,-0.065972222222222224,-2.0744149782290769e-17,-0.065277777777777685,-0.24583333333333315,-0.13124999999999978,0.013888888888888843,0.0041666666666668756,-0.013888888888888737,-0.00069444444444440804,-3.547292961831329e-17,-1.362718617632479e-16,0.00069444444444439861,-0.035416666666666922,0.065277777777777768,-0.00069444444444439687,-0.029166666666666879,-0.013888888888888742,0.010416666666666704,0.0041666666666666675,-0.0062499999999999318,0.013194444444444517,0.0041666666666666215,0.0013888888888889785,-0.027777777777777672,0.006250000000000016,-0.00069444444444439384,-7.0809771212499897e-17,0.00069444444444440663,0.0062499999999998217,0.0097222222222224011,-0.02916666666666683,-0.00069444444444442636,0.065277777777777685,-2.2484649992967676e-17,0.065972222222222293,0.0013888888888886881,-0.0062499999999998598,0.0041666666666665252,-0.03541666666666661,6.7900049479208299e-17,0.00069444444444455744,-0.013194444444444434,0.010416666666666541,-0.0034722222222221869,-0.031249999999999972,0.013194444444444323,0.0041666666666666857,0.065277777777777976,-0.026388888888888965,0.035416666666666652,-0.013194444444444431,0.0097222222222221443,0.0062499999999998807,-0.029166666666666785,0.035416666666666742,0.0041666666666666727,0.013194444444444552,0.027777777777777745,-0.035416666666666714,0.013888888888888793,1.0541720777733149e-16,0.0041666666666665721,1.7124833771946499e-17,0.00069444444444442246,0.013194444444444633,-0.0041666666666668045,0.026388888888889052,-0.013888888888888935,0.0062499999999998425,0.035416666666666576,-3.5494678678421547e-17,0.0062499999999997618,0.013194444444444486,-0.013194444444444425,0.029166666666666795,-0.009722222222222238,-0.004166666666666631,-0.013888888888888848,0.031249999999999948,-0.065972222222222127,0.0034722222222221175,-0.0062500000000000281,0.035416666666666589
e025,-0.027777777777777853,0.03541666666666661,0.0062500000000001278,-0.013888888888888902,-0.013194444444444467,-0.026388888888889017,0.035416666666666763,0.0041666666666667577,0.0097222222222220142,-0.0034722222222224432,-6.9726565649787036e-17,-0.0062499999999998702,0.013194444444444457,-0.00069444444444425083,-0.0083333333333333835,-0.0041666666666666284,9.3765918650657823e-17,0.0041666666666666978,-0.0041666666666667239,-1.6953300953439471e-16,0.013888888888888782,-0.01041666666666655,0.00069444444444434104,-0.0041666666666665174,0.13125000000000014,0.49166666666666697,0.13124999999999995,0.24583333333333346,0.0041666666666665261,0.013888888888888937,-0.0041666666666669103,-0.013888888888888893,8.0420775736341496e-17,0.00069444444444434743,-1.4207909851556003e-16,-0.00069444444444453533,-0.06527777777777774,0.03541666666666668,0.0006944444444443843,0.029166666666666612,-7.9408990943151081e-17,0.065972222222222154,-0.0041666666666666016,-0.013194444444444479,0.031250000000000049,0.035416666666666735,0.00069444444444430157,-0.065277777777777796,0.029166666666666629,0.026388888888888823,-0.035416666666666798,-0.004166666666666723,0.01319444444444438,0.006250000000000101,-0.0034722222222222593,-0.013194444444444578,-0.013194444444444564,1.7304955711105425e-16,0.013888888888888864,-0.0062500000000000272,0.0354166666666667,-0.013194444444444432,0.031250000000000083,-0.065972222222222029,0.035416666666666666,-0.00069444444444442149,-0.029166666666666539,0.065277777777777837,-0.0083333333333333089,-0.13125000000000012,-0.24583333333333321,-0.13125000000000009,0.0041666666666665894,0.013888888888888834,0.013194444444444373,0.065972222222222238,-0.013194444444444512,4.1402693676573746e-17,0.004166666666666749,-0.00069444444444436966,0.010416666666666735,0.065972222222222335,-0.031249999999999913,0.00069444444444454292,-7.1591845224241403e-18,0.035416666666666582,-0.027777777777777724,0.0062499999999999223,0.0062499999999999674,-0.001388888888888851,-0.00069444444444427241,-0.065277777777777865,-0.013888888888888827,-0.029166666666666591,-0.0062500000000000082,0.00069444444444457989,0.0041666666666665842,0.0097222222222221651,-0.0062499999999997956,-0.0034722222222223174,-0.0062500000000000559,0.0062499999999999075,-0.0013888888888887226,-0.004166666666666618,0.010416666666666593,-0.0034722222222222129,-0.013194444444444403,-0.013194444444444457,-0.0083333333333333107,-0.010416666666666569,1.0624610128771077e-16,-0.0097222222222222154,0.0062500000000001539,0.00069444444444456254,0.0041666666666666206,-0.013194444444444266,0.031250000000000056,0.0062499999999999388,-0.0097222222222224115,-0.013888888888888905
e026,0.035416666666666749,-0.026388888888888882,-0.013194444444444469,0.0041666666666665018,0.0062499999999999804,0.035416666666666853,-0.027777777777777856,-0.013888888888888829,-3.775472155610962e-17,-9.4430732318694364e-17,-0.0041666666666667386,0.0041666666666667204,-0.0041666666666665539,-0.008333333333333387,-0.00069444444444460873,0.013194444444444656,0.009722222222222264,-0.0062500000000001053,-9.2112701818007093e-17,-0.0034722222222222142,-0.0041666666666664836,0.013888888888889043,0.0041666666666667317,-0.013888888888888952,0.24583333333333338,0.13124999999999995,0.49166666666666653,0.13125000000000026,0.00069444444444451841,-0.01041666666666664,0.013888888888888741,-0.004166666666666566,-0.065277777777777685,0.029166666666666553,0.00069444444444465014,0.035416666666666825,-3.3097148921689279e-19,-0.00069444444444441823,1.3746857276001149e-16,0.00069444444444443482,0.24583333333333346,-2.7548081881896227e-17,0.00069444444444448871,0.0083333333333332604,-0.013194444444444325,-0.065972222222222238,3.3719961738414025e-17,0.13124999999999992,-0.065277777777777782,-0.0041666666666665617,-0.00069444444444455083,-0.0013888888888889308,0.0062500000000001452,-0.027777777777777686,0.0062500000000000047,0.035416666666666499,0.029166666666666678,-0.0131944444444443,-0.031250000000000049,0.00069444444444442409,-0.013888888888888756,0.010416666666666657,-0.065972222222221988,0.13124999999999992,-0.065277777777777546,-0.0041666666666666146,0.013194444444444378,-0.035416666666666666,0.013194444444444502,0.06597222222222221,9.2368170872692578e-18,0.065277777777777865,0.00069444444444442398,-0.035416666666666756,-0.031250000000000215,-0.031250000000000125,1.1281452438178958e-16,-0.00069444444444452286,-0.026388888888888927,0.0041666666666666718,-0.01319444444444454,-0.035416666666666645,0.013888888888888899,-0.0062500000000001001,0.065972222222222168,-0.013194444444444437,0.0062500000000000732,-0.0034722222222222203,0.01319444444444424,-0.0041666666666667464,-0.03541666666666668,0.029166666666666473,-0.004166666666666775,0.0097222222222222449,0.013888888888888878,-0.031250000000000021,0.013194444444444618,-0.0062499999999998807,0.0083333333333334928,-0.0062500000000000958,0.0013888888888889455,0.0097222222222221912,0.0062500000000001218,0.013194444444444599,-0.00069444444444437703,0.010416666666666694,0.0041666666666666137,-1.5750956889590396e-16,0.0062499999999999153,0.0034722222222223985,0.013194444444444455,-0.0062499999999999639,0.003472222222222373,-0.010416666666666593,0.013888888888888987,-0.0041666666666665712,-0.0006944444444444242,-0.0097222222222220576,0.029166666666666421,0.0062500000000000923
e027,-0.013888888888888909,0.0041666666666666206,0.010416666666666878,-0.00069444444444440837,-0.0034722222222223951,-0.01319444444444441,0.0062499999999999813,0.010416666666666692,-0.0034722222222224085,0.0097222222222221495,-2.2492424601249054e-16,-0.0062500000000000628,-0.00069444444444429713,0.0131944444444445,-0.0041666666666668097,-0.0083333333333333575,-0.0062499999999998243,0.0083333333333335275,0.0041666666666665842,-0.0062500000000001816,-0.013888888888889008,-0.0041666666666667065,-0.013194444444444352,0.031249999999999986,0.13125000000000017,0.24583333333333346,0.13125000000000026,0.49166666666666653,0.0083333333333333228,0.00069444444444453945,0.0041666666666666744,-0.013194444444444422,0.13124999999999995,-0.065277777777777699,2.7772312162968702e-17,-0.065972222222222238,-0.06597222222222214,0.031250000000000097,-0.0006944444444444023,0.035416666666666659,6.6230098988576893e-17,0.065277777777777796,-0.01041666666666689,0.00069444444444465969,-0.0041666666666667022,0.031249999999999951,-0.00069444444444423283,-0.065972222222222127,0.035416666666666645,0.013194444444444533,-0.029166666666666591,0.0062500000000000194,0.0097222222222219795,0.035416666666666693,-0.013194444444444521,-0.026388888888889031,-0.0097222222222219414,6.6898862102513931e-18,0.01319444444444447,0.0041666666666667993,0.0062500000000000585,-0.0034722222222223417,0.035416666666666811,-0.065277777777777796,0.029166666666666743,-0.0013888888888888187,0.0062500000000000958,-0.00069444444444444902,-0.0041666666666666874,5.4653439734917759e-17,0.24583333333333335,1.3973049050705414e-16,-0.0062500000000001357,0.027777777777777634,0.013888888888888781,0.00069444444444430081,0.013194444444444547,4.5424927218244394e-17,0.035416666666666714,-0.013888888888888798,0.0062499999999999145,0.00069444444444450714,0.0041666666666667568,0.0013888888888889026,-0.13124999999999984,0.0041666666666665261,-0.013888888888888852,0.010416666666666591,-0.029166666666666893,-0.00069444444444469937,0.065277777777777518,0.00069444444444450237,0.013888888888888855,0.0062500000000000715,-0.03541666666666668,0.065972222222222127,-0.031250000000000146,-0.0034722222222223157,-0.006250000000000094,0.0097222222222220385,0.0041666666666666805,-0.029166666666666615,-0.00069444444444427436,-0.035416666666666562,0.0041666666666665816,-0.013194444444444548,-0.026388888888888875,0.013194444444444373,-0.0041666666666667213,-0.0062500000000000151,-4.7228192414859368e-17,-0.013194444444444321,1.4103927278438618e-16,0.013888888888888742,-0.0041666666666668089,-0.013888888888888878,0.035416666666666582,6.0181759775809665e-17,-0.013194444444444372,-0.027777777777777689
e028,-2.3431095249304953e-17,0.009722222222222264,-0.0034722222222224488,-0.0062499999999998997,0.01041666666666686,0.0062499999999999969,-0.013194444444444483,-0.0034722222222224527,0.010416666666666709,0.0041666666666664819,-0.013888888888888855,-0.00069444444444425094,-0.0062499999999999448,-0.0062500000000001556,0.0041666666666666952,0.0083333333333335726,-0.00069444444444440121,-0.0083333333333334998,-0.0041666666666667716,0.013194444444444682,1.2612501418503135e-16,-0.065277777777777934,0.13124999999999976,-0.065972222222222224,-0.013194444444444408,0.0041666666666665261,0.00069444444444451841,0.0083333333333333228,0.49166666666666675,0.13124999999999987,0.24583333333333329,0.13125000000000006,-0.013194444444444441,-0.0041666666666666284,-0.013888888888888822,0.03125000000000025,0.03125000000000016,-0.065972222222222293,0.035416666666666867,-0.00069444444444461469,0.013888888888888853,0.004166666666666684,-0.065972222222221877,0.13124999999999976,-0.065277777777777629,0.0034722222222222138,-0.006249999999999937,-0.010416666666666602,0.013194444444444443,0.035416666666666666,-0.026388888888889038,-0.013194444444444493,0.0041666666666667377,-0.00069444444444414079,-0.035416666666666888,-0.029166666666666778,-0.0041666666666668115,0.013888888888889046,-0.0062500000000000056,0.0097222222222221617,0.0006944444444443727,-0.031250000000000062,-0.00069444444444460472,-0.0041666666666667091,-0.0013888888888888237,0.029166666666666768,-0.013194444444444623,-0.0062500000000000307,-0.24583333333333354,0.013888888888888945,0.0041666666666666892,-0.013888888888888789,-0.00069444444444415098,7.4157036819266407e-17,-3.8912126790239274e-17,-0.035416666666666631,-0.0062500000000000619,-0.027777777777777807,-0.0006944444444443547,-2.3198292422857054e-17,0.00069444444444442864,0.0062500000000000307,0.0097222222222221912,-0.02916666666666666,-0.0006944444444446264,0.065277777777777879,-4.3517074327385557e-17,0.06597222222222214,0.001388888888888831,-0.0062499999999998867,0.004166666666666762,-0.035416666666666714,-5.7582534202729976e-17,0.00069444444444430895,-0.013194444444444535,0.010416666666666657,-0.003472222222222114,-0.031249999999999955,0.013194444444444502,0.0041666666666667204,0.065277777777777879,-0.026388888888889083,0.035416666666666749,-0.01319444444444449,0.0097222222222221981,0.0062499999999999526,-0.029166666666666664,0.035416666666666742,0.0041666666666665452,0.013194444444444498,0.027777777777777856,-0.035416666666666603,0.013888888888888971,8.1918506802652946e-18,0.0041666666666666328,2.3602463985366511e-16,0.013194444444444465,-0.013888888888888938,0.0062500000000000758,7.3998852211839001e-17
e029,-0.0041666666666667265,6.0075473071359045e-17,1.1837438733563427e-17,0.004166666666666605,-0.013888888888888879,-0.027777777777777495,0.035416666666666818,0.0062500000000000741,-0.013194444444444583,-0.02638888888888875,0.035416666666666582,0.0041666666666667343,0.0097222222222220853,-0.0034722222222220889,5.5592237511405054e-17,-0.0062500000000002805,-0.0041666666666664767,0.013194444444444486,-0.00069444444444431361,-0.008333333333333243,0.00069444444444450085,0.029166666666666872,-0.065277777777777643,0.035416666666666818,-0.0041666666666665573,0.013888888888888937,-0.01041666666666664,0.00069444444444453945,0.13124999999999987,0.49166666666666647,0.13124999999999992,0.24583333333333315,0.0041666666666668496,0.013888888888888909,-0.0041666666666664905,-0.013888888888889088,-0.00069444444444438451,8.013883582809698e-17,0.00069444444444436142,8.4940024231134329e-17,-0.0062499999999999787,0.0013888888888886263,0.031250000000000056,-0.065972222222222071,0.035416666666666756,0.0062499999999998997,-0.0097222222222220177,0.0034722222222221791,-1.2760827618690381e-16,-0.013888888888888718,0.0041666666666667082,0.010416666666666722,-0.00069444444444436023,0.0062499999999998867,0.013194444444444734,0.0097222222222223351,-0.013888888888888711,-0.0041666666666668288,0.0083333333333333454,-0.0062500000000000385,0.0041666666666667117,0.013194444444444273,-0.029166666666666632,0.013194444444444176,0.0062499999999999526,-0.013194444444444649,-9.3360440667974378e-17,0.013194444444444493,1.1553707840128331e-16,-0.0041666666666665001,-0.013194444444444325,0.031250000000000243,0.035416666666666728,0.0006944444444444346,-0.06527777777777774,0.026388888888889059,-0.013194444444444382,0.03541666666666677,0.031250000000000028,-0.065972222222222057,0.035416666666666617,-0.00069444444444451516,-0.029166666666666605,0.06527777777777781,-0.008333333333333335,-0.13124999999999995,-0.24583333333333343,-0.13125000000000006,0.0041666666666666666,0.013888888888888853,0.013194444444444344,0.065972222222222293,-0.01319444444444472,-8.6600696726772816e-17,0.0041666666666666146,-0.00069444444444442647,0.01041666666666646,0.065972222222222224,-0.031250000000000097,0.00069444444444435199,7.1288232295798624e-18,0.035416666666666825,-0.027777777777777797,0.0062500000000000056,0.0062499999999998754,-0.0013888888888887569,-0.0006944444444444346,-0.065277777777777907,-0.013888888888888914,-0.029166666666666778,-0.0062500000000000359,0.00069444444444428477,0.0041666666666665157,0.0097222222222221166,-0.0062499999999999414,-0.0034722222222224163,0.0062499999999999865,0.010416666666666527,-0.0034722222222224315,-0.013194444444444561
e030,-7.77402566528717e-18,-0.0034722222222224111,0.0097222222222222918,-0.0062500000000000645,0.0041666666666665053,0.035416666666666596,-0.026388888888888885,-0.013194444444444377,0.0062499999999998052,0.035416666666666728,-0.027777777777777669,-0.013888888888889129,1.2883369664005256e-16,5.803911899085871e-17,-0.0041666666666666042,0.0041666666666667525,0.013194444444444259,-0.0041666666666664845,-0.0083333333333330574,-0.0006944444444443869,-1.4674944457509311e-16,0.00069444444444441205,6.3975251992901078e-17,-0.00069444444444455278,-0.013888888888888982,-0.0041666666666669103,0.013888888888888741,0.0041666666666666744,0.24583333333333329,0.13124999999999992,0.49166666666666681,0.13125000000000001,0.00069444444444436457,-0.010416666666666699,0.013888888888889053,-0.0041666666666666293,0.035416666666666735,-0.065277777777777629,0.029166666666666837,0.00069444444444447884,0.027777777777777731,-0.0062499999999999674,-0.00069444444444431632,2.6844008114452629e-17,0.00069444444444421614,-0.0097222222222221287,0.029166666666666768,-0.0062499999999998572,-0.013194444444444278,0.0062500000000000376,-0.013194444444444486,-0.0034722222222220971,0.010416666666666591,-0.0013888888888888729,-0.004166666666666854,0.0062499999999997835,0.031250000000000167,-0.013888888888888779,-0.0062500000000000333,-0.0034722222222222134,0.0013888888888888289,0.0041666666666664914,0.065277777777777851,-0.035416666666666749,-0.00069444444444440902,-0.0062500000000001348,0.013194444444444467,-0.010416666666666619,0.24583333333333326,0.00069444444444434353,0.0083333333333333575,-0.013194444444444394,-0.06597222222222214,2.3452214020054572e-16,0.13125000000000009,-0.0041666666666665608,0.029166666666666934,-0.013888888888888893,-0.06597222222222196,0.13124999999999984,-0.065277777777777712,-0.0041666666666667108,0.013194444444444606,-0.035416666666666756,0.01319444444444442,0.065972222222222168,3.6670444201886114e-17,0.065277777777777782,0.00069444444444447548,-0.035416666666666763,-0.031250000000000062,-0.031250000000000076,-8.9844261363701425e-17,-0.0006944444444443586,-0.02638888888888891,0.0041666666666666562,-0.013194444444444214,-0.035416666666666638,0.013888888888888888,-0.0062500000000000784,0.065972222222222335,-0.013194444444444611,0.0062500000000000697,-0.0034722222222223873,0.013194444444444496,-0.0041666666666666016,-0.035416666666666735,0.029166666666666598,-0.0041666666666667837,0.0097222222222222345,0.013888888888888933,-0.031249999999999969,0.013194444444444314,-0.0062499999999999509,0.0083333333333332794,-0.0062499999999998598,0.009722222222222349,-0.0006944444444445916,0.010416666666666619,1.1261688988483298e-16
e031,0.0041666666666667638,-0.006250000000000055,-0.0062500000000002727,0.0083333333333336125,-0.00069444444444460027,-0.013888888888888781,0.0041666666666666449,0.01041666666666694,-0.0034722222222222559,-0.013194444444444522,0.0062499999999998911,0.010416666666666591,-0.0034722222222227602,0.0097222222222222935,1.0372410612410296e-16,-0.0062500000000002033,-0.0083333333333332101,-0.00069444444444443081,0.013194444444444729,-0.0041666666666665712,-0.00069444444444448947,0.035416666666666888,-0.065972222222222349,0.031250000000000305,0.031250000000000125,-0.013888888888888893,-0.004166666666666566,-0.013194444444444422,0.13125000000000006,0.24583333333333315,0.13125000000000001,0.49166666666666647,0.0083333333333331754,0.00069444444444469601,0.0041666666666667594,-0.013194444444444561,-0.065972222222222085,0.13124999999999978,-0.065277777777777574,-4.6193940489709138e-17,-0.035416666666666693,0.00069444444444452243,0.035416666666666714,-0.065277777777777754,0.029166666666666785,1.3166059560770548e-16,-0.013194444444444457,0.013194444444444323,1.3165990445958738e-16,-0.027777777777777738,0.035416666666666964,0.0062500000000004314,-0.013888888888888895,-0.0041666666666667369,0.026388888888888982,0.013194444444444647,-0.013194444444444384,0.0041666666666667438,0.0041666666666669242,-5.8494213672959775e-18,-0.0062499999999999362,0.013888888888888749,-0.035416666666666721,0.026388888888888875,-0.0041666666666668375,-0.0097222222222223438,-6.5354407794977205e-17,0.0034722222222220906,-1.3889368266220531e-16,-0.010416666666666548,0.00069444444444447776,-0.0041666666666665079,0.031250000000000042,-0.0006944444444443431,-0.06597222222222221,0.013194444444444545,-0.0097222222222222449,0.0062499999999999761,0.035416666666666867,-0.065277777777777768,0.029166666666666809,-0.0013888888888889542,0.0062500000000001851,-0.0006944444444446007,-0.0041666666666664654,9.9369866886218514e-17,0.24583333333333349,2.033129478273178e-16,-0.0062499999999999804,0.027777777777777818,0.0138888888888889,0.00069444444444440511,0.013194444444444453,8.5313255480045766e-17,0.035416666666666728,-0.013888888888888883,0.0062500000000000741,0.00069444444444419369,0.0041666666666664662,0.0013888888888888488,-0.13124999999999973,0.0041666666666667074,-0.01388888888888901,0.010416666666666748,-0.02916666666666658,-0.0006944444444444088,0.065277777777777615,0.00069444444444468549,0.013888888888888937,0.0062500000000000654,-0.035416666666666659,0.065972222222222113,-0.031250000000000007,-0.0034722222222224237,-0.0062499999999999657,0.0097222222222219483,-0.029166666666666518,0.0041666666666666042,-0.013194444444444373,0.013194444444444372
e032,-0.0041666666666666857,0.013194444444444524,-0.00069444444444454096,-0.0083333333333332951,-0.0062500000000000402,-2.9990280835768975e-16,0.0097222222222222085,-0.0034722222222223252,0.010416666666666876,0.0062499999999999925,-0.013194444444444512,-0.0034722222222224701,0.010416666666666552,0.0041666666666665565,-0.013888888888888742,-0.00069444444444461924,0.0083333333333333471,-0.0062500000000002094,-0.0062499999999998789,0.0041666666666668479,0.035416666666666687,-0.00069444444444430873,0.031250000000000104,-0.065972222222222265,-0.065972222222222265,8.0420775736341496e-17,-0.065277777777777685,0.13124999999999995,-0.013194444444444441,0.0041666666666668496,0.00069444444444436457,0.0083333333333331754,0.49166666666666653,0.13124999999999981,0.24583333333333338,0.1312499999999997,0.031250000000000284,-0.0131944444444445,-0.0041666666666666328,-0.013888888888888893,0.00069444444444436337,-0.035416666666666638,0.013194444444444559,-0.0041666666666666024,0.026388888888889035,-0.013888888888888805,0.0062499999999997185,0.035416666666666638,-0.027777777777777714,-6.5964764828368059e-17,0.013194444444444479,-0.013194444444444339,-2.2763704164581883e-16,-0.065277777777777796,0.029166666666666542,0.035416666666666687,0.0062500000000001218,-0.0041666666666666302,-0.0041666666666665755,-0.013888888888889001,0.013194444444444514,-9.1509091734658179e-17,-0.013194444444444505,0.029166666666666577,-0.0097222222222222345,-0.0041666666666666761,-0.013888888888888909,0.031250000000000035,0.013888888888888883,-0.065972222222222307,0.13124999999999976,-0.06527777777777774,0.0034722222222223222,-0.0062500000000000845,-0.010416666666666722,0.035416666666666777,-0.0041666666666668141,0.00069444444444449337,-0.00069444444444432684,-0.0041666666666666709,-0.0013888888888889095,0.029166666666666816,-0.013194444444444583,-0.006250000000000179,-0.24583333333333329,0.013888888888888978,0.0041666666666666284,-0.013888888888888841,-0.00069444444444451364,9.5769326864942577e-17,1.4803120901587972e-16,-0.035416666666666978,-0.0062500000000000663,-0.027777777777777689,-0.00069444444444440674,6.3632107985202102e-17,0.0006944444444444346,0.0062499999999999474,0.0097222222222222241,-0.029166666666666834,-0.00069444444444440143,0.065277777777777615,-1.0924509147088228e-16,0.065972222222222071,0.0013888888888888464,-0.0062500000000000099,0.0041666666666668019,-0.035416666666666707,-7.8176975740632138e-18,0.00069444444444445423,-0.0131944444444443,0.010416666666666626,-0.0034722222222223153,-0.031250000000000271,0.013194444444444384,0.0041666666666665851,-0.026388888888888917,0.0097222222222220003,0.0062500000000000385,0.035416666666666735
e033,-0.00069444444444446128,-0.0083333333333334182,-0.0041666666666666848,0.01319444444444442,0.0041666666666669693,-0.0041666666666666805,2.5096068386468905e-16,8.4786868760784088e-17,-0.013888888888888775,-0.027777777777777631,0.035416666666666582,0.0062500000000001591,-0.013194444444444632,-0.026388888888888937,0.035416666666666693,0.004166666666666736,-0.006249999999999957,0.0097222222222220593,-0.0034722222222223703,-1.0856432408581792e-16,0.00069444444444450367,7.9217517081673273e-17,-0.0006944444444446625,2.824089236922175e-16,0.03541666666666677,0.00069444444444434743,0.029166666666666553,-0.065277777777777699,-0.0041666666666666284,0.013888888888888909,-0.010416666666666699,0.00069444444444469601,0.13124999999999981,0.49166666666666681,0.13124999999999987,0.2458333333333334,-0.013888888888888803,0.0041666666666666978,0.013888888888888779,-0.0041666666666666302,-0.0062500000000001122,0.027777777777777683,0.0062500000000001183,-0.0013888888888887211,-0.0041666666666664966,0.010416666666666893,-0.0034722222222223127,-0.013194444444444493,0.0062500000000000671,-0.013194444444444514,-0.0062500000000000481,0.029166666666666705,-0.0097222222222222172,1.1809373699014202e-16,0.00069444444444448285,-0.00069444444444432326,-0.0083333333333336854,0.0062500000000000064,0.013888888888888775,-0.0041666666666664272,-0.010416666666666788,0.0034722222222223478,1.85089691602971e-18,-0.0097222222222222814,0.0062499999999999353,0.00069444444444430168,0.0041666666666666614,-0.013194444444444507,-0.0062499999999999292,0.031249999999999913,-0.065972222222222099,0.035416666666666666,0.0062499999999998165,-0.0097222222222219708,0.0034722222222222103,-0.013888888888888845,-0.013888888888888864,0.0041666666666666753,-0.029166666666666598,0.013194444444444405,0.0062499999999998807,-0.013194444444444337,1.7536419385731283e-16,0.013194444444444568,-6.0778138580614222e-17,-0.0041666666666668071,-0.013194444444444474,0.03124999999999992,0.035416666666666513,0.00069444444444429561,-0.065277777777777823,0.026388888888888989,-0.013194444444444448,0.035416666666666749,0.031250000000000069,-0.065972222222222154,0.035416666666666673,-0.00069444444444430558,-0.029166666666666726,0.06527777777777774,-0.0083333333333334113,-0.13125000000000001,-0.24583333333333354,-0.13124999999999992,0.0041666666666665825,0.013888888888888883,0.013194444444444344,0.065972222222222321,-0.013194444444444332,5.5125354248458952e-17,0.0041666666666666441,-0.00069444444444448491,0.010416666666666732,0.06597222222222221,-0.031250000000000042,0.00069444444444422199,0.035416666666666714,0.0062500000000000428,-0.0013888888888889319,-0.065277777777777865
e034,-0.0083333333333333124,-0.0006944444444444449,0.013194444444444686,-0.0041666666666667039,-0.0062500000000000949,-2.3889035832329666e-16,-0.0034722222222224142,0.0097222222222223178,0.0041666666666666328,0.035416666666666576,-0.02638888888888901,-0.013194444444444623,0.0062500000000001417,0.035416666666666811,-0.027777777777777953,-0.013888888888889141,0.0041666666666670604,9.4437777410745559e-17,9.4603074575126234e-17,-0.004166666666666769,0.029166666666666844,0.0006944444444443714,0.035416666666666936,-0.06527777777777781,-0.00069444444444426677,-1.4207909851556003e-16,0.00069444444444465014,2.7772312162968702e-17,-0.013888888888888822,-0.0041666666666664905,0.013888888888889053,0.0041666666666667594,0.24583333333333338,0.13124999999999987,0.49166666666666697,0.13125000000000009,-0.0041666666666665296,0.00069444444444443666,-0.010416666666666618,0.013888888888888978,0.0013888888888889913,-0.0062500000000001591,0.0097222222222221027,0.0062500000000000533,0.013194444444444347,-0.00069444444444451961,0.010416666666666789,0.0041666666666666779,-0.013888888888888812,9.3475936580823498e-17,0.0034722222222222186,-0.0097222222222222137,0.0062499999999999648,-0.065972222222222252,0.035416666666666603,0.031250000000000035,0.0062500000000000758,-0.0083333333333335431,0.0041666666666665443,-0.013194444444444384,0.0034722222222222476,0.0062499999999999266,0.013194444444444326,-0.0062500000000001816,0.0034722222222222507,-0.01041666666666664,0.013888888888888994,-0.0041666666666666961,0.027777777777777936,-0.00069444444444449608,3.9650283839143882e-17,0.00069444444444450519,-0.0097222222222220801,0.029166666666666737,-0.006249999999999996,0.0062499999999998616,0.031249999999999969,0.001388888888888879,0.065277777777777754,-0.035416666666666693,-0.00069444444444460363,-0.0062499999999999544,0.013194444444444547,-0.010416666666666671,0.24583333333333335,0.00069444444444449228,0.0083333333333333957,-0.013194444444444517,-0.065972222222222224,-3.685426223682706e-17,0.13124999999999998,-0.004166666666666697,0.029166666666666532,-0.013888888888888867,-0.065972222222222238,0.13124999999999995,-0.065277777777777851,-0.0041666666666667542,0.013194444444444573,-0.035416666666666978,0.013194444444444377,0.065972222222222307,2.2619811418618205e-16,0.065277777777777893,0.00069444444444444946,-0.035416666666666617,-0.031250000000000062,-0.031250000000000146,-2.6340912461944387e-16,-0.00069444444444446204,-0.026388888888888878,0.0041666666666666154,-0.013194444444444592,-0.035416666666666631,0.013888888888888833,-0.0062500000000001365,-0.013194444444444396,0.013194444444444372,-0.0041666666666666258,0.029166666666666615
e035,0.013194444444444462,-0.0041666666666668063,-0.0083333333333332812,-0.00069444444444432239,0.0083333333333334182,0.0041666666666669164,-0.0062500000000000533,-0.0062500000000000376,-0.00069444444444441335,-0.013888888888888874,0.0041666666666667082,0.010416666666666718,-0.0034722222222221297,-0.013194444444444583,0.0062500000000000723,0.010416666666666833,-0.0062499999999997731,-0.0034722222222222901,0.0097222222222221079,-1.1675538082759764e-16,-0.065277777777777546,-2.5252631096120459e-16,-0.065972222222222252,0.13124999999999989,0.031250000000000222,-0.00069444444444453533,0.035416666666666825,-0.065972222222222238,0.03125000000000025,-0.013888888888889088,-0.0041666666666666293,-0.013194444444444561,0.1312499999999997,0.2458333333333334,0.13125000000000009,0.4916666666666667,-0.013194444444444406,0.0083333333333332465,0.0006944444444444178,0.0041666666666666475,0.0041666666666667013,0.013888888888888931,-0.029166666666666594,-0.00069444444444412268,-0.0354166666666667,0.0041666666666667395,-0.013194444444444318,-0.026388888888888889,0.03541666666666668,0.013194444444444337,-0.010416666666666782,-0.0062500000000000845,0.0034722222222221093,0.13125000000000012,-0.065277777777777574,-0.065972222222222224,-0.0041666666666667967,0.006250000000000107,-0.013888888888888827,0.03125000000000016,-0.0062500000000000567,-0.0097222222222220402,7.5450299433926954e-17,-0.013194444444444528,3.6743103363371458e-17,0.013888888888888905,-0.0041666666666665651,-0.013888888888889048,-0.035416666666666687,0.035416666666666492,-0.06527777777777774,0.029166666666666848,-1.4713771736221931e-16,-0.013194444444444424,0.013194444444444536,-0.027777777777777922,-0.013194444444444323,-0.0062499999999998269,-0.035416666666666825,0.02638888888888918,-0.0041666666666667646,-0.0097222222222222172,1.077683802830879e-16,0.0034722222222222038,5.8588087910067727e-17,-0.010416666666666841,0.00069444444444442821,-0.0041666666666666779,0.031250000000000035,-0.00069444444444450356,-0.065972222222222321,0.013194444444444512,-0.0097222222222223143,0.0062500000000002363,0.035416666666666839,-0.065277777777777754,0.029166666666666861,-0.0013888888888888263,0.0062499999999999284,-0.00069444444444451451,-0.0041666666666666397,1.771612935086074e-16,0.24583333333333302,1.9471206508303992e-16,-0.0062500000000000177,0.027777777777777752,0.013888888888888796,0.0006944444444444719,0.013194444444444377,-7.0356481936136292e-17,0.035416666666666569,-0.01388888888888889,0.00624999999999997,0.00069444444444436782,0.0041666666666665825,0.0013888888888888072,0.0041666666666666189,-0.029166666666666674,-0.00069444444444451202,0.0006944444444443715
e036,0.0097222222222221912,1.1176182042573695e-17,-0.0062500000000000489,-0.0034722222222221622,-0.00069444444444428954,0.013194444444444222,-0.004166666666666605,-0.008333333333333302,0.0083333333333335501,0.0041666666666668115,-0.0062499999999997896,-0.0062500000000000775,-0.0006944444444442517,-0.013888888888888949,0.0041666666666667065,0.010416666666666734,0.010416666666666652,-0.003472222222222428,-0.013194444444444354,0.0062500000000001443,0.00069444444444449293,0.0041666666666664498,-0.01319444444444445,0.0083333333333334408,0.13124999999999992,-0.06527777777777774,-3.3097148921689279e-19,-0.06597222222222214,0.03125000000000016,-0.00069444444444438451,0.035416666666666735,-0.065972222222222085,0.031250000000000284,-0.013888888888888803,-0.0041666666666665296,-0.013194444444444406,0.49166666666666697,0.13125000000000009,0.24583333333333315,0.13124999999999998,-0.13125000000000001,-0.24583333333333338,0.0041666666666667317,-0.013888888888888722,0.010416666666666611,-0.029166666666666636,-0.00069444444444464115,0.065277777777777934,-0.035416666666666645,0.00069444444444434169,-9.1414447994235141e-17,-7.6651694584922322e-17,-0.00069444444444457859,0.0041666666666667941,-0.013888888888888982,0.013888888888888874,0.01388888888888877,-0.0041666666666667499,-0.013194444444444262,-0.0062500000000000784,0.0062499999999999717,-0.0013888888888889622,-0.035416666666666499,0.065972222222222279,-0.03124999999999999,-0.0034722222222221314,-0.0062500000000000082,0.0097222222222222137,0.0041666666666666276,-0.029166666666666785,-0.00069444444444444794,-0.03541666666666668,0.004166666666666677,-0.01319444444444433,-0.026388888888888736,0.013194444444444477,-0.0041666666666666892,-0.0062499999999998945,2.0096864906765626e-17,-0.013194444444444533,-1.7369066152598072e-16,0.013888888888888826,-0.0041666666666666328,-0.01388888888888898,-0.03541666666666686,0.035416666666666707,-0.065277777777777851,0.029166666666666601,-6.3156898041054874e-17,-0.013194444444444323,0.01319444444444455,-0.027777777777777932,-0.013194444444444491,-0.0062500000000000394,-0.035416666666666541,0.026388888888888816,-0.0041666666666664689,-0.0097222222222219084,1.4642381672347809e-16,0.0034722222222223838,-1.429334408285524e-16,-0.010416666666666829,0.00069444444444451451,-0.0041666666666667022,0.031250000000000014,-0.00069444444444461187,-0.065972222222222321,0.013194444444444429,-0.0097222222222222189,0.0062500000000000428,0.035416666666666638,-0.065277777777777685,0.029166666666666573,-0.0013888888888889226,0.0062500000000000541,-0.00069444444444455864,2.1470787018345302e-17,-0.0062500000000000359,0.027777777777777769,0.00069444444444427306
e037,-0.0062500000000000524,0.0041666666666666649,0.0083333333333335761,-0.0062500000000001495,-0.0083333333333331667,-0.0041666666666666987,0.013194444444444606,-0.00069444444444433898,-0.0062499999999999561,-5.8296801773121488e-17,0.0097222222222223872,-0.0034722222222222749,0.010416666666666716,0.0062500000000001443,-0.013194444444444507,-0.0034722222222222012,-0.00069444444444414675,0.010416666666666564,0.0041666666666665512,-0.013888888888889022,-0.0041666666666667091,-0.013888888888889119,0.031250000000000229,-0.013194444444444377,-0.065972222222222224,0.03541666666666668,-0.00069444444444441823,0.031250000000000097,-0.065972222222222293,8.013883582809698e-17,-0.065277777777777629,0.13124999999999978,-0.0131944444444445,0.0041666666666666978,0.00069444444444443666,0.0083333333333332465,0.13125000000000009,0.49166666666666631,0.13125000000000009,0.24583333333333332,0.065277777777777823,1.0619539320868194e-18,-0.026388888888888917,0.035416666666666728,-0.013194444444444313,0.0097222222222221356,0.0062499999999999639,-0.029166666666666771,0.013194444444444323,0.035416666666666846,-0.06597222222222214,-0.00069444444444438256,0.031249999999999879,0.00069444444444452481,-0.0041666666666666709,-0.010416666666666526,0.0041666666666665859,-0.013194444444444344,-1.4343681700827088e-16,0.0034722222222222225,0.013194444444444595,-0.0041666666666666389,0.027777777777777689,-0.035416666666666652,0.013888888888888742,1.1075879239687037e-16,0.0041666666666666363,-1.0663432174777609e-16,0.00069444444444439612,0.01319444444444437,-0.0041666666666665582,0.02638888888888875,-0.013888888888888968,0.0062499999999999258,0.035416666666666707,-1.1378509551687921e-16,0.0062499999999997904,0.013194444444444342,-0.013194444444444528,0.029166666666666764,-0.0097222222222221859,-0.0041666666666665964,-0.013888888888888938,0.031249999999999958,0.013888888888888749,-0.065972222222222113,0.13125000000000014,-0.065277777777777629,0.0034722222222222719,-0.0062499999999999258,-0.010416666666666498,0.035416666666666596,-0.0041666666666665686,0.00069444444444445249,-0.00069444444444441162,-0.0041666666666666397,-0.0013888888888888974,0.029166666666666622,-0.013194444444444531,-0.006250000000000022,-0.24583333333333318,0.013888888888888862,0.0041666666666666961,-0.013888888888888893,-0.00069444444444443688,-7.4815328030788663e-17,-2.2145518995257659e-17,-0.035416666666666714,-0.0062500000000000446,-0.027777777777777745,-0.00069444444444443439,1.286284831941769e-16,0.0006944444444443972,0.0062500000000000428,0.0097222222222219899,-0.029166666666666688,0.06527777777777774,0.0013888888888887901,-0.0062499999999999431,-0.035416666666666763
e038,-0.003472222222222281,4.9714648796525e-17,-0.006249999999999983,0.0097222222222221998,0.013194444444444448,-0.00069444444444449055,-0.0083333333333332812,-0.0041666666666666805,0.0041666666666668436,-0.0041666666666669615,-4.0516121244824585e-18,-3.2496774103873831e-17,-0.013888888888888975,-0.027777777777777977,0.035416666666666784,0.0062499999999998581,0.004166666666666592,-0.013194444444444555,-0.026388888888888885,0.035416666666666541,0.013888888888888909,-0.0041666666666666527,-0.01388888888888901,0.0041666666666664975,-2.0744149782290769e-17,0.0006944444444443843,1.3746857276001149e-16,-0.0006944444444444023,0.035416666666666867,0.00069444444444436142,0.029166666666666837,-0.065277777777777574,-0.0041666666666666328,0.013888888888888779,-0.010416666666666618,0.0006944444444444178,0.24583333333333315,0.13125000000000009,0.49166666666666697,0.13125000000000009,1.5640780435365018e-16,0.24583333333333357,0.03541666666666668,-0.027777777777777849,0.0062500000000000437,0.0062500000000000637,-0.0013888888888888582,-0.00069444444444467248,-0.0041666666666665721,-0.065277777777777629,0.13125000000000006,2.3342619270228551e-16,-0.06597222222222196,0.0083333333333331511,-0.013194444444444351,0.00069444444444446236,-0.013888888888888834,0.031249999999999944,0.013194444444444411,-0.010416666666666621,-0.02916666666666666,-0.00069444444444440089,-0.0062499999999999232,0.00069444444444412637,0.0041666666666667828,0.0097222222222222293,-0.0062500000000000142,-0.0034722222222224198,-0.0062499999999999631,0.0062500000000001018,-0.0013888888888888399,-0.0041666666666665851,0.010416666666666687,-0.0034722222222222576,-0.01319444444444449,-0.013194444444444569,-0.0083333333333333367,-0.010416666666666729,1.6108520499561045e-16,-0.0097222222222222744,0.0062500000000000437,0.00069444444444419077,0.004166666666666736,-0.013194444444444503,-0.0062499999999998061,0.031249999999999924,-0.065972222222222307,0.035416666666666645,0.0062499999999999691,-0.0097222222222222397,0.0034722222222221778,-0.013888888888888805,-0.013888888888888751,0.0041666666666666657,-0.02916666666666675,0.013194444444444368,0.0062500000000001782,-0.013194444444444469,1.6845510888773851e-16,0.013194444444444203,9.0247796245837195e-17,-0.0041666666666666111,-0.013194444444444443,0.031250000000000201,0.035416666666666916,0.00069444444444464321,-0.065277777777777685,0.026388888888888795,-0.013194444444444535,0.035416666666666728,0.031250000000000062,-0.06597222222222214,0.03541666666666677,-0.00069444444444462803,-0.029166666666666778,0.065277777777777587,-0.13125000000000001,0.0041666666666666866,0.013888888888888918,0.06597222222222239
e039,1.6257910810907837e-17,-0.0041666666666667525,0.0041666666666667906,-4.3783055217950717e-18,-0.0041666666666668878,-0.0083333333333331771,-0.00069444444444439633,0.013194444444444496,-0.0062500000000001105,-2.4314864818030891e-17,-0.0034722222222221847,0.0097222222222222571,0.0041666666666667811,0.035416666666666916,-0.026388888888888993,-0.013194444444444283,-0.013888888888888775,0.0062499999999999318,0.035416666666666673,-0.027777777777777957,-0.010416666666666883,0.013888888888888975,-0.0041666666666664437,0.00069444444444441747,-0.065277777777777685,0.029166666666666612,0.00069444444444443482,0.035416666666666659,-0.00069444444444461469,8.4940024231134329e-17,0.00069444444444447884,-4.6193940489709138e-17,-0.013888888888888893,-0.0041666666666666302,0.013888888888888978,0.0041666666666666475,0.13124999999999998,0.24583333333333332,0.13125000000000009,0.49166666666666664,0.065972222222222182,1.086371010637797e-17,-0.013194444444444437,0.0062500000000001894,-0.0034722222222221049,0.013194444444444422,-0.0041666666666666128,-0.03541666666666677,0.026388888888888899,0.029166666666666733,-0.065277777777777768,0.0006944444444443779,0.035416666666666465,-0.013194444444444463,0.031249999999999993,-0.0041666666666668808,-0.0041666666666667594,-0.013888888888888841,5.6339797753096586e-17,0.013194444444444472,0.0097222222222222814,0.006250000000000042,0.013888888888888925,-0.031249999999999969,0.013194444444444396,-0.0062499999999999422,0.0083333333333333714,-0.0062499999999999804,0.0013888888888888434,0.0097222222222222553,0.0062500000000000906,0.013194444444444498,-0.00069444444444447483,0.010416666666666805,0.0041666666666668522,-4.0527111842371155e-18,0.0062500000000000481,0.0034722222222223044,0.013194444444444431,-0.0062499999999999622,0.0034722222222223244,-0.010416666666666531,0.013888888888888808,-0.0041666666666666345,0.027777777777777814,-0.00069444444444436977,6.1092038068660874e-17,0.00069444444444452405,-0.0097222222222221599,0.029166666666666518,-0.006250000000000016,0.00624999999999995,0.031250000000000042,0.0013888888888888514,0.065277777777777712,-0.035416666666666569,-0.00069444444444454118,-0.0062500000000000602,0.013194444444444398,-0.010416666666666755,0.24583333333333354,0.00069444444444438159,0.0083333333333334165,-0.013194444444444623,-0.06597222222222221,2.4874769235213369e-17,0.13125000000000001,-0.0041666666666667074,0.029166666666666632,-0.013888888888888925,-0.065972222222222182,0.13125000000000003,-0.065277777777777796,-0.0041666666666665339,0.013194444444444585,-0.035416666666666596,0.065972222222222335,0.00069444444444443872,-0.035416666666666735,-0.031250000000000049
e040,0.029166666666666667,-0.013194444444444543,-0.009722222222222297,-0.0062500000000001383,-0.0041666666666665929,0.031249999999999951,-0.013888888888888918,-0.013194444444444368,0.0062500000000000073,0.0062499999999999292,-0.0083333333333331493,-0.0041666666666668063,0.0041666666666667776,-0.0041666666666667837,-0.013888888888888857,0.013888888888889218,0.013194444444444382,1.5608934171056641e-16,1.6996417308830127e-16,-0.013194444444444373,-0.0083333333333333714,0.013194444444444533,-0.0041666666666663032,-0.00069444444444442333,-0.24583333333333315,-7.9408990943151081e-17,0.24583333333333346,6.6230098988576893e-17,0.013888888888888853,-0.0062499999999999787,0.027777777777777731,-0.035416666666666693,0.00069444444444436337,-0.0062500000000001122,0.0013888888888889913,0.0041666666666667013,-0.13125000000000001,0.065277777777777823,1.5640780435365018e-16,0.065972222222222182,0.49166666666666653,0.13124999999999984,-0.013194444444444462,0.0041666666666666363,0.00069444444444446399,-0.065277777777777671,-3.8648341843143387e-17,0.13124999999999995,-0.065972222222222127,0.031250000000000014,-0.065972222222222224,-0.00069444444444430277,0.035416666666666624,-0.013888888888888774,-0.0041666666666666354,0.031250000000000146,0.035416666666666811,-0.026388888888888993,-0.035416666666666645,-0.00069444444444467324,0.013888888888889075,0.0041666666666665747,-0.065277777777777796,0.13124999999999998,-0.065972222222222154,-0.010416666666666824,0.0034722222222222572,-0.0062500000000000567,0.013888888888888982,0.00069444444444455311,-4.3755453118067786e-17,-0.00069444444444438723,-0.00069444444444432759,-0.029166666666666761,-0.035416666666666728,0.004166666666666625,1.3071942630101508e-17,-0.0013888888888889698,-0.013194444444444307,-0.0062499999999999977,-0.0097222222222220524,-0.0041666666666666761,0.00069444444444453945,-0.010416666666666654,0.00069444444444453825,0.013194444444444595,-0.029166666666666653,0.0097222222222222883,0.0034722222222222173,-0.010416666666666711,-0.0062500000000000663,-0.0062500000000001157,-0.0083333333333333436,-0.0034722222222222966,-0.013888888888888859,0.0041666666666666163,-0.00069444444444426894,-0.0062500000000000663,0.004166666666666618,-0.0062499999999999622,0.00069444444444461914,-0.0034722222222222151,0.010416666666666899,-0.013194444444444295,0.013194444444444458,0.0041666666666667187,-0.03125000000000009,1.0977588094711542e-16,-2.5348813079907434e-17,-0.0097222222222221495,0.026388888888888812,-0.035416666666666749,0.013194444444444309,-0.0062499999999999509,0.027777777777777884,-0.035416666666666693,0.065277777777777837,-0.013194444444444399,0.035416666666666742,-0.029166666666666681
e041,-0.01319444444444447,7.7730871956028525e-17,6.1410739732701013e-17,0.013194444444444462,0.013888888888888652,-0.013888888888888796,-0.0041666666666663726,0.0041666666666667811,-0.0041666666666665591,-0.0083333333333335154,0.0062499999999999769,0.0062500000000000827,-0.013194444444444431,-0.013888888888888755,0.031250000000000021,-0.0041666666666667126,-0.0062499999999998277,-0.0097222222222220194,-0.0131944444444445,0.029166666666666691,0.01319444444444437,-0.0083333333333333436,-0.00069444444444434982,-0.0041666666666666432,-0.13124999999999978,0.065972222222222154,-2.7548081881896227e-17,0.065277777777777796,0.004166666666666684,0.0013888888888886263,-0.0062499999999999674,0.00069444444444452243,-0.035416666666666638,0.027777777777777683,-0.0062500000000001591,0.013888888888888931,-0.24583333333333338,1.0619539320868194e-18,0.24583333333333357,1.086371010637797e-17,0.13124999999999984,0.49166666666666631,0.031250000000000007,-0.013888888888888923,-0.0041666666666667152,0.035416666666666693,-0.00069444444444416898,-0.065972222222222224,0.031250000000000021,-0.065972222222222127,0.13124999999999984,-2.554050446243231e-17,-0.06527777777777781,0.0041666666666668895,0.00069444444444448383,-0.01319444444444437,-0.027777777777777627,0.035416666666666749,0.026388888888888812,-0.0041666666666665617,-0.035416666666666839,0.0006944444444443676,0.029166666666666695,-0.065277777777777796,0.035416666666666721,0.013194444444444352,-3.9977143502943637e-17,-0.013194444444444352,-0.010416666666666652,0.035416666666666569,-0.00069444444444435015,0.031250000000000028,0.0062499999999998312,0.0097222222222222935,0.013194444444444434,-0.026388888888888767,-0.0041666666666665565,-0.0041666666666665712,-1.0367788492998066e-16,0.0034722222222222194,0.0062499999999999266,-0.013194444444444429,0.0083333333333332239,0.00069444444444450876,0.029166666666666688,-0.0041666666666667117,-0.00069444444444445195,0.0062500000000001018,0.0062499999999999813,0.0034722222222221999,-0.0097222222222222033,0.013888888888888938,-0.00069444444444426124,0.010416666666666692,0.0062499999999999865,-0.013194444444444399,0.010416666666666631,-0.0034722222222222199,-1.4979989668956879e-16,0.0097222222222221166,1.037637491825803e-16,0.0062500000000000533,-0.013888888888888973,0.035416666666666673,0.0041666666666667334,0.0013888888888888525,0.00069444444444440219,0.013194444444444347,-0.0034722222222223868,0.029166666666666629,-0.0041666666666667941,-0.00069444444444431307,0.0062499999999999578,0.00069444444444464386,-0.035416666666666624,0.065972222222222293,-0.13125000000000001,0.010416666666666708,-0.013888888888888694,0.065277777777777893
e042,-0.0041666666666666649,-0.00069444444444436543,-0.0013888888888887027,0.0062499999999999214,0.029166666666666764,-0.0062500000000001677,-0.013194444444444432,-0.009722222222222042,-0.0041666666666665226,-0.010416666666666727,0.00069444444444426167,0.013888888888888985,1.9278838926887185e-16,-0.0062499999999999127,0.0097222222222223126,-0.0034722222222223257,0.0006944444444443457,-0.031249999999999958,-0.035416666666666631,0.065972222222222529,-0.13124999999999995,0.065972222222222363,-7.5774752990525344e-18,0.065277777777777699,0.013888888888888843,-0.0041666666666666016,0.00069444444444448871,-0.01041666666666689,-0.065972222222221877,0.031250000000000056,-0.00069444444444431632,0.035416666666666714,0.013194444444444559,0.0062500000000001183,0.0097222222222221027,-0.029166666666666594,0.0041666666666667317,-0.026388888888888917,0.03541666666666668,-0.013194444444444437,-0.013194444444444462,0.031250000000000007,0.49166666666666636,0.13124999999999992,0.24583333333333313,0.00069444444444437497,0.004166666666666782,0.0083333333333333159,-0.01319444444444441,0.13124999999999998,-0.065972222222222224,-0.065277777777777837,1.041705613600218e-16,-0.00069444444444448979,0.035416666666666916,0.031250000000000104,-0.035416666666666659,0.065277777777777699,0.010416666666666533,-0.01388888888888881,-0.24583333333333338,-0.13124999999999998,-0.013888888888888796,0.0041666666666664949,0.013888888888888859,1.770469646280041e-16,-0.00069444444444428802,4.639006354430187e-17,0.065277777777777768,0.00069444444444443862,-0.0062500000000001435,0.0013888888888888523,0.027777777777777696,-0.0062500000000000619,-0.035416666666666673,-1.0453205387363345e-17,-0.0062500000000000029,0.00069444444444446041,0.0097222222222220593,-0.029166666666666612,0.013194444444444295,-0.0062499999999999925,0.0034722222222222988,-0.010416666666666659,-0.0034722222222223166,0.013888888888888905,0.0041666666666666467,0.013194444444444422,0.0034722222222223096,0.0062499999999998251,-7.2060688579048054e-17,-0.0041666666666666805,-0.0062500000000002233,-0.0006944444444444436,0.0041666666666668357,-0.0062499999999999032,0.0083333333333333991,-0.0083333333333332898,0.013194444444444628,-0.0041666666666667108,0.013194444444444437,0.013888888888888937,-0.035416666666666645,0.027777777777777814,0.0041666666666666475,1.5601704593670964e-16,-7.3945544148533527e-18,0.0041666666666665807,-0.0041666666666668253,0.013888888888888925,-0.013194444444444399,3.0121996411920461e-18,0.013194444444444503,-0.0062499999999999474,-0.01319444444444425,0.029166666666666709,0.00069444444444441715,0.02638888888888892,-0.0041666666666667395,0.035416666666666791
e043,0.013194444444444502,-0.029166666666666886,0.0062500000000000888,0.0097222222222223247,-0.013194444444444538,0.013194444444444531,-7.6731858357947928e-17,1.1835200711513685e-16,-0.013888888888888879,0.013888888888889122,0.0041666666666666978,-0.0041666666666666779,0.0041666666666668115,0.0083333333333334269,-0.0062500000000001183,-0.0062499999999997956,0.0041666666666666683,0.01319444444444454,0.013888888888888904,-0.031250000000000076,-0.24583333333333354,-7.4000687395472904e-17,0.24583333333333351,-2.0860985034925863e-16,0.0041666666666668756,-0.013194444444444479,0.0083333333333332604,0.00069444444444465969,0.13124999999999976,-0.065972222222222071,2.6844008114452629e-17,-0.065277777777777754,-0.0041666666666666024,-0.0013888888888887211,0.0062500000000000533,-0.00069444444444412268,-0.013888888888888722,0.035416666666666728,-0.027777777777777849,0.0062500000000001894,0.0041666666666666363,-0.013888888888888923,0.13124999999999992,0.49166666666666659,0.13124999999999992,-0.010416666666666619,0.013888888888888963,0.00069444444444448925,-0.004166666666666599,-0.065277777777777699,0.035416666666666652,0.029166666666666875,0.00069444444444422644,1.4341103952170999e-16,0.00069444444444432846,-0.00069444444444434939,0.026388888888888892,-0.03541666666666668,-0.0034722222222221184,0.0062499999999999813,1.2981813843670373e-17,0.065972222222222224,0.031249999999999941,-0.013194444444444361,-0.0041666666666667013,-0.06527777777777774,0.035416666666666582,0.00069444444444439752,-0.13125000000000001,-0.031249999999999913,0.013888888888888947,0.0041666666666666319,-0.0354166666666667,0.00069444444444450193,0.065972222222222016,0.065972222222222307,0.02777777777777771,0.035416666666666555,-0.029166666666666664,0.06527777777777756,-0.035416666666666749,-0.013194444444444451,3.8591834052547957e-17,0.013194444444444349,0.010416666666666546,-0.035416666666666548,0.0006944444444445955,-0.031249999999999816,-0.0062500000000000645,-0.0097222222222222796,-0.013194444444444463,0.026388888888888833,0.0041666666666666527,0.0041666666666666033,-8.3812632330753043e-17,-0.0034722222222222827,-0.0062499999999999032,0.013194444444444543,-0.0083333333333333644,-0.00069444444444429973,-0.029166666666666605,0.0041666666666666059,0.00069444444444446908,-0.0062499999999998885,-0.0062499999999998364,-0.0034722222222223313,0.0097222222222221096,-0.013888888888888978,0.00069444444444439698,-0.010416666666666432,-0.0062499999999998971,0.013194444444444455,-0.010416666666666583,0.0034722222222223109,5.8853102178037903e-17,-0.0097222222222221721,-0.0062499999999998416,-0.0041666666666667022,-0.001388888888888823,-0.013194444444444529
e044,-0.035416666666666784,0.065277777777777921,-0.00069444444444436608,-0.02916666666666657,-0.0062499999999999986,-0.010416666666666789,0.013194444444444399,0.0034722222222223955,0.031250000000000076,-0.0041666666666667013,-0.013194444444444443,-0.013888888888888846,1.3212354890230406e-16,-0.0062499999999999067,-0.0034722222222221453,0.0097222222222220437,0.0013888888888888044,0.0041666666666665677,-0.0062500000000001096,0.00069444444444456005,-0.13125000000000006,0.065277777777777837,8.6534457597783176e-17,0.065972222222222182,-0.013888888888888737,0.031250000000000049,-0.013194444444444325,-0.0041666666666667022,-0.065277777777777629,0.035416666666666756,0.00069444444444421614,0.029166666666666785,0.026388888888889035,-0.0041666666666664966,0.013194444444444347,-0.0354166666666667,0.010416666666666611,-0.013194444444444313,0.0062500000000000437,-0.0034722222222221049,0.00069444444444446399,-0.0041666666666667152,0.24583333333333313,0.13124999999999992,0.49166666666666636,0.013888888888888912,-0.0041666666666666527,0.0041666666666667143,-0.013888888888888838,-2.3849725081645688e-17,-0.00069444444444439037,0.00069444444444451386,3.3553472478587771e-17,0.00069444444444436402,0.029166666666666674,0.035416666666666749,-0.0041666666666667117,-0.00069444444444458173,0.0062499999999999552,-0.027777777777777814,0.24583333333333324,-4.6911124369201591e-17,-0.01319444444444432,0.008333333333333335,0.0006944444444444552,0.13125000000000012,-0.06597222222222214,5.171789607348663e-17,0.065972222222222182,0.065972222222222376,-0.035416666666666617,0.0006944444444445376,0.013888888888888947,0.0041666666666666363,-0.031249999999999979,-0.13124999999999995,-0.035416666666666756,-0.065277777777777851,0.013194444444444394,-0.035416666666666791,0.026388888888888722,0.029166666666666591,-0.0097222222222220541,-0.0062499999999998945,-0.013194444444444385,0.027777777777777901,-0.0062499999999999761,0.013888888888888959,0.013194444444444335,2.3744234005328496e-17,-1.7379387299945599e-17,-0.035416666666666596,-0.0062500000000002007,-0.013888888888888871,-0.0041666666666667395,-5.4867419983159756e-17,0.0041666666666667377,-0.0041666666666664949,-0.00069444444444437009,-0.0083333333333334113,0.0097222222222221408,0.013194444444444321,-0.031249999999999913,0.01388888888888881,0.0083333333333333905,-0.0062499999999999466,-0.0062499999999998676,-0.0041666666666668739,-0.010416666666666737,0.00069444444444448123,-0.0097222222222221009,1.8595647760565341e-16,0.0034722222222223027,-0.010416666666666703,0.013194444444444522,-0.0062499999999999604,0.0013888888888888677,0.01319444444444445,0.0062499999999999067,0.004166666666666788
e045,0.13124999999999967,-0.065972222222222168,-0.065277777777777643,1.266237288601194e-16,-0.0041666666666667369,-0.035416666666666791,0.013194444444444483,0.026388888888888882,0.029166666666666782,-0.0062500000000000385,-0.0097222222222223299,-0.013194444444444451,-0.035416666666666603,-0.031250000000000007,0.00069444444444423273,0.065972222222222224,-0.013888888888888729,0.01041666666666667,0.0041666666666665348,-0.00069444444444449608,0.0041666666666666779,0.00069444444444443981,-0.0062499999999999873,0.0013888888888889037,-0.00069444444444440804,0.035416666666666735,-0.065972222222222238,0.031249999999999951,0.0034722222222222138,0.0062499999999998997,-0.0097222222222221287,1.3166059560770548e-16,-0.013888888888888805,0.010416666666666893,-0.00069444444444451961,0.0041666666666667395,-0.029166666666666636,0.0097222222222221356,0.0062500000000000637,0.013194444444444422,-0.065277777777777671,0.035416666666666693,0.00069444444444437497,-0.010416666666666619,0.013888888888888912,0.49166666666666636,0.13125000000000014,0.13124999999999998,0.24583333333333332,0.0041666666666665426,-0.013888888888889067,0.013888888888888727,-0.004166666666666677,0.00069444444444439275,-8.3391826877557821e-17,-1.2638957238402985e-16,-0.031250000000000104,0.013194444444444606,-0.13124999999999995,-0.2458333333333331,0.013194444444444453,-0.0083333333333332638,0.065277777777777768,7.1961534490113835e-17,0.065972222222222127,-0.031250000000000076,0.00069444444444444425,-0.035416666666666582,-0.013194444444444307,0.026388888888888996,-0.0041666666666666328,0.013194444444444557,0.00069444444444444523,0.035416666666666763,0.029166666666666907,-0.004166666666666579,-0.03541666666666661,-0.013194444444444399,0.013888888888888846,-0.0062499999999998642,0.027777777777777759,1.2723560396694525e-16,0.013194444444444479,9.7291862909338996e-17,0.013194444444444483,0.0041666666666666458,-0.0062500000000000801,0.0083333333333333749,0.013888888888888919,0.0041666666666666241,-0.0041666666666666701,-4.5008760918306581e-17,0.0041666666666667707,0.004166666666666769,-0.00069444444444444425,-0.0083333333333332222,0.013194444444444547,-0.0062499999999999015,-0.0034722222222223291,-1.4873078049731363e-17,0.0034722222222223959,0.0034722222222222324,-0.0062500000000000272,0.013194444444444377,0.013888888888888996,-0.0041666666666666952,-0.010416666666666676,0.0062499999999999839,-0.0062499999999999769,0.0097222222222221634,0.00069444444444443948,-0.0062499999999998798,0.0013888888888889817,-0.029166666666666681,0.065277777777777782,-0.035416666666666666,0.027777777777777773,0.00069444444444450551,-2.3724056075902657e-17,-0.0062499999999999119
e046,-0.065972222222222196,0.031249999999999663,0.035416666666666971,-0.00069444444444436164,-0.00069444444444438018,0.065277777777777643,-0.029166666666666567,-0.035416666666666582,-0.013194444444444543,0.013194444444444595,-8.3268406354482493e-17,-6.1606049689677318e-17,0.027777777777777443,0.013888888888888883,-0.0062500000000001296,-0.035416666666666902,0.035416666666666728,-0.013194444444444507,-0.026388888888888788,0.0041666666666667716,0.013888888888888649,-0.035416666666666582,0.027777777777777745,-0.0062500000000000593,-3.547292961831329e-17,0.00069444444444430157,3.3719961738414025e-17,-0.00069444444444423283,-0.006249999999999937,-0.0097222222222220177,0.029166666666666768,-0.013194444444444457,0.0062499999999997185,-0.0034722222222223127,0.010416666666666789,-0.013194444444444318,-0.00069444444444464115,0.0062499999999999639,-0.0013888888888888582,-0.0041666666666666128,-3.8648341843143387e-17,-0.00069444444444416898,0.004166666666666782,0.013888888888888963,-0.0041666666666666527,0.13125000000000014,0.49166666666666664,0.2458333333333334,0.13125000000000017,0.00069444444444438744,-0.0041666666666666631,-0.010416666666666628,0.013888888888888855,0.029166666666666802,0.00069444444444432586,-0.065277777777777754,0.065972222222222127,-0.031249999999999906,0.065277777777778073,-1.1671957730523952e-16,-0.0083333333333333627,0.013194444444444491,-0.13125000000000012,-0.24583333333333349,-0.13125000000000003,0.013194444444444391,0.0041666666666668227,0.013888888888888874,0.035416666666666589,-0.0041666666666666545,-0.0013888888888889284,0.0062500000000000715,-3.7385217841255077e-17,-0.065972222222222265,-0.06527777777777774,0.00069444444444444057,0.026388888888888851,0.010416666666666609,-0.031249999999999972,0.00069444444444448155,-0.035416666666666638,-0.013194444444444403,-0.0062499999999998945,-0.0097222222222220957,0.0041666666666667195,5.7653587759362716e-17,-0.0034722222222222177,-0.0062499999999999336,-0.0041666666666666848,-0.013194444444444389,-0.013888888888888781,0.00347222222222232,-0.013888888888888843,-0.0062500000000000082,-0.0083333333333333367,-0.00069444444444447472,-0.0041666666666666397,0.0041666666666667776,5.3964736869185809e-17,-0.0041666666666664203,-0.010416666666666661,0.0062499999999999743,-0.0097222222222222952,-8.2764677016512559e-17,0.0041666666666667369,-0.013194444444444606,0.00069444444444448144,-0.0083333333333334061,-0.013194444444444467,-0.006249999999999983,-0.031249999999999924,0.013888888888888984,0.0041666666666667091,0.0097222222222221669,-0.029166666666666698,0.013194444444444361,-0.0062500000000000003,0.035416666666666603,-0.06597222222222214,0.0034722222222222238
e047,-0.065277777777777782,0.035416666666666624,0.029166666666666743,0.0006944444444443689,-0.0013888888888887398,-0.00069444444444442636,0.0062499999999999301,-0.0041666666666667195,-0.0097222222222222241,0.0034722222222224311,0.0062500000000000003,-7.5106130725664724e-18,0.013888888888888862,0.013194444444444566,0.0041666666666668409,-0.031250000000000076,0.0062500000000000533,-0.003472222222222507,-0.013194444444444446,0.010416666666666808,0.013194444444444446,-0.031249999999999899,0.013888888888888928,0.0041666666666666102,-1.362718617632479e-16,-0.065277777777777796,0.13124999999999992,-0.065972222222222127,-0.010416666666666602,0.0034722222222221791,-0.0062499999999998572,0.013194444444444323,0.035416666666666638,-0.013194444444444493,0.0041666666666666779,-0.026388888888888889,0.065277777777777934,-0.029166666666666771,-0.00069444444444467248,-0.03541666666666677,0.13124999999999995,-0.065972222222222224,0.0083333333333333159,0.00069444444444448925,0.0041666666666667143,0.13124999999999998,0.2458333333333334,0.4916666666666667,0.13124999999999989,-0.013194444444444517,0.031249999999999903,-0.0041666666666666276,-0.013888888888888933,0.0354166666666667,-0.00069444444444446702,-0.065972222222222154,0.00069444444444445542,0.0041666666666665816,0.065972222222222335,-2.5732353621525513e-16,-0.0041666666666665547,-0.00069444444444438408,-2.9354678548770206e-17,0.24583333333333329,3.5665302346496632e-17,0.013888888888888897,-0.0062500000000000758,0.027777777777777839,0.004166666666666703,-0.035416666666666749,-0.00069444444444458422,-0.029166666666666684,-3.2084521891465873e-18,-0.00069444444444457089,0.00069444444444442246,0.01388888888888886,0.013194444444444436,0.0062500000000000255,0.0041666666666667143,0.0013888888888891236,-0.0062500000000000671,0.01319444444444458,-0.01041666666666669,0.0034722222222222862,-0.031250000000000111,6.5672727918218348e-17,0.0097222222222220472,-0.0062499999999999657,-0.010416666666666708,0.00069444444444429377,0.013888888888888893,-0.0097222222222222363,-0.00069444444444452232,-0.0062500000000000463,-0.0041666666666665799,0.013194444444444607,-0.0083333333333333749,0.0083333333333334147,-0.0062500000000000984,0.0041666666666669069,-0.0062500000000000732,2.4281850188430011e-18,-0.013194444444444528,2.3529924413367145e-17,-0.0041666666666666345,-0.013888888888888904,0.013888888888889107,-0.0041666666666666683,-0.0097222222222221721,2.2091933464612717e-18,-0.035416666666666603,0.027777777777777814,-0.0062499999999998598,0.013194444444444618,-0.03541666666666661,0.026388888888889007,-0.035416666666666707,0.029166666666666691,-0.065277777777777823,0.013194444444444384
e048,1.5777842775846673e-17,-0.00069444444444448686,0.00069444444444454834,7.8582857394505597e-17,0.0062499999999998798,-0.029166666666666615,0.009722222222222094,0.013194444444444333,-0.0062499999999999015,-0.010416666666666605,0.0034722222222220993,0.013194444444444597,-0.0062499999999999856,0.0041666666666666848,0.0013888888888885728,0.00069444444444444198,-0.027777777777777572,0.0062500000000000784,0.035416666666666562,-0.013888888888889063,-0.031249999999999927,0.065972222222222279,-0.035416666666666832,0.00069444444444463497,0.00069444444444439861,0.029166666666666629,-0.065277777777777782,0.035416666666666645,0.013194444444444443,-1.2760827618690381e-16,-0.013194444444444278,1.3165990445958738e-16,-0.027777777777777714,0.0062500000000000671,-0.013888888888888812,0.03541666666666668,-0.035416666666666645,0.013194444444444323,-0.0041666666666665721,0.026388888888888899,-0.065972222222222127,0.031250000000000021,-0.01319444444444441,-0.004166666666666599,-0.013888888888888838,0.24583333333333332,0.13125000000000017,0.13124999999999989,0.49166666666666659,0.0083333333333334633,-0.013194444444444554,0.0006944444444443483,0.004166666666666697,-0.065277777777777907,5.6000261433984266e-17,0.13124999999999992,-0.035416666666666742,0.01388888888888894,3.9251067155127486e-17,0.2458333333333334,-0.00069444444444432749,-0.0041666666666664671,0.065972222222222043,3.3206199417769507e-17,0.065277777777777699,0.004166666666666631,0.0013888888888889761,-0.0062499999999999015,-0.026388888888889021,0.01319444444444449,0.0062500000000000602,0.0097222222222222016,-0.00069444444444442355,0.031250000000000104,0.035416666666666485,-0.010416666666666621,-0.0041666666666665539,-0.0034722222222222801,0.013194444444444323,0.0041666666666666267,0.013888888888888916,-7.2900280123699772e-17,0.0034722222222222342,0.0062499999999999292,0.013888888888888892,-0.0041666666666666527,4.0479606619873826e-17,0.0041666666666666042,0.00069444444444445347,0.008333333333333243,0.0041666666666665261,0.0062500000000001001,0.010416666666666644,0.0083333333333332552,0.013194444444444398,-0.0041666666666666397,-0.00069444444444453218,-0.0062500000000000741,0.0097222222222222536,-2.310297939415955e-17,0.01319444444444459,-0.0097222222222221391,0.029166666666666754,-0.013194444444444389,-0.013888888888888758,0.031249999999999997,-0.0041666666666667412,0.0062500000000000715,0.029166666666666733,-0.0034722222222221401,0.065972222222222154,-0.0354166666666667,0.00069444444444469817,0.0062499999999999778,-0.00069444444444436185,-0.0041666666666666918,0.013888888888888935,-0.065277777777777643,0.13125000000000003,-0.010416666666666659
e049,-0.013888888888888952,0.035416666666666798,0.0062500000000002805,-0.027777777777777637,0.00069444444444444035,0.0013888888888887061,0.0041666666666666284,-0.0062500000000001001,0.01319444444444432,0.0034722222222222394,-0.010416666666666621,-0.006250000000000107,0.013194444444444505,0.0097222222222221565,-0.029166666666666966,0.0062500000000001305,2.3764988356903943e-18,0.00069444444444440284,-0.00069444444444439275,-5.5046228439120521e-17,0.065972222222222085,-0.031249999999999938,0.00069444444444429171,-0.035416666666666652,-0.035416666666666922,0.026388888888888823,-0.0041666666666665617,0.013194444444444533,0.035416666666666666,-0.013888888888888718,0.0062500000000000376,-0.027777777777777738,-6.5964764828368059e-17,-0.013194444444444514,9.3475936580823498e-17,0.013194444444444337,0.00069444444444434169,0.035416666666666846,-0.065277777777777629,0.029166666666666733,0.031250000000000014,-0.065972222222222127,0.13124999999999998,-0.065277777777777699,-2.3849725081645688e-17,0.0041666666666665426,0.00069444444444438744,-0.013194444444444517,0.0083333333333334633,0.4916666666666667,0.13125000000000001,0.13124999999999992,0.24583333333333343,-0.0041666666666668488,-0.013888888888888989,-0.013194444444444548,0.00069444444444436955,-7.0702261288518606e-17,-0.013888888888888715,0.0041666666666667239,-0.13125000000000006,-0.2458333333333334,0.010416666666666744,-0.013888888888888874,0.004166666666666684,0.065277777777777671,-0.029166666666666414,-0.00069444444444445119,-0.029166666666666608,0.0354166666666667,-0.013194444444444339,0.0041666666666666605,-0.0062500000000000056,0.0034722222222223708,0.013194444444444559,-0.065972222222222085,-0.0097222222222221096,-0.031250000000000049,-0.0062499999999999709,0.0097222222222222449,8.1217626614918439e-17,0.013888888888888933,-0.010416666666666664,0.00069444444444449738,3.13641185827357e-17,0.0041666666666664758,-0.013888888888888883,-0.0041666666666667984,0.0062500000000000611,-0.0083333333333334217,-0.0041666666666667837,-0.013194444444444457,-0.0034722222222221388,-0.0083333333333331875,-0.0062500000000001252,0.0041666666666666944,-0.0062500000000000914,-0.00069444444444440511,0.0041666666666666484,-0.013888888888888921,-0.0062500000000000871,-0.0041666666666667525,0.026388888888889024,-0.035416666666666784,-4.6892480749684895e-18,0.0034722222222222919,-0.0097222222222221495,-0.013194444444444498,-0.0013888888888888035,-0.031249999999999972,0.010416666666666676,-0.013194444444444424,0.006249999999999957,0.00069444444444447732,0.035416666666666707,-0.065277777777777851,-1.2014250545465062e-16,-0.0041666666666666987,0.000694444444444441,-0.065972222222222446
e050,0.010416666666666739,-0.013194444444444431,-0.0034722222222222463,0.0062500000000000333,-0.031250000000000236,0.0041666666666670292,0.013194444444444488,0.013888888888888886,-2.1846081406565178e-17,0.0062499999999999197,0.003472222222222252,-0.0097222222222223976,-0.0041666666666666319,0.0062500000000000385,-0.0006944444444443753,-0.0013888888888888228,0.00069444444444450844,0.029166666666666671,0.035416666666666728,-0.065277777777777837,-0.031250000000000097,0.013194444444444313,0.0041666666666667924,0.013888888888888788,0.065277777777777768,-0.035416666666666798,-0.00069444444444455083,-0.029166666666666591,-0.026388888888889038,0.0041666666666667082,-0.013194444444444486,0.035416666666666964,0.013194444444444479,-0.0062500000000000481,0.0034722222222222186,-0.010416666666666782,-9.1414447994235141e-17,-0.06597222222222214,0.13125000000000006,-0.065277777777777768,-0.065972222222222224,0.13124999999999984,-0.065972222222222224,0.035416666666666652,-0.00069444444444439037,-0.013888888888889067,-0.0041666666666666631,0.031249999999999903,-0.013194444444444554,0.13125000000000001,0.49166666666666653,0.24583333333333338,0.13124999999999987,0.00069444444444438267,0.0041666666666666718,0.0083333333333334338,0.035416666666666638,-0.065972222222222335,-0.0041666666666664628,0.00069444444444433865,0.06527777777777774,-4.4006881694429333e-18,-0.01319444444444459,0.035416666666666742,-0.026388888888889083,-0.029166666666666712,0.0097222222222222363,0.0062500000000000316,0.013194444444444396,-0.027777777777777801,0.0062499999999998789,-0.013888888888888902,-0.013194444444444444,7.8718089348658799e-17,1.3554156570809999e-17,0.035416666666666693,0.0062499999999998191,0.013888888888888808,0.004166666666666697,-2.7751667744690371e-18,-0.0041666666666666918,0.004166666666666527,0.00069444444444429604,0.0083333333333332343,-0.0097222222222221044,-0.013194444444444599,0.031249999999999941,-0.013888888888889013,-0.0083333333333332829,0.006250000000000035,0.0062500000000000871,0.0041666666666666553,0.010416666666666543,-0.00069444444444450107,0.009722222222222179,6.3087241502711502e-17,-0.00347222222222232,0.010416666666666748,-0.013194444444444484,0.0062499999999999709,0.00069444444444424107,-0.0013888888888888996,-0.004166666666666631,-0.00069444444444452394,-0.013194444444444384,-0.0062499999999999223,0.029166666666666837,-0.0041666666666667074,0.0062500000000000264,0.00069444444444447895,-0.013888888888888774,0.035416666666666666,-0.027777777777777707,-4.0059258708512956e-17,-0.00069444444444447396,-2.2652355622019662e-17,-0.24583333333333321,-0.013888888888888859,0.00416666666666671,-2.7053258505419259e-17
e051,0.0041666666666666571,-0.026388888888888837,-0.013194444444444356,0.035416666666666742,-0.035416666666666756,-0.0062499999999999162,0.013888888888888812,0.027777777777777707,-1.6740504346349585e-16,-9.3037844194555609e-17,0.013194444444444488,-0.013194444444444616,-0.035416666666666624,-0.029166666666666771,0.065277777777777754,-0.00069444444444433757,-0.00069444444444434668,0.035416666666666638,0.031249999999999892,-0.06597222222222246,-0.035416666666666707,0.013888888888888716,-0.0062499999999999405,0.027777777777777693,-0.00069444444444439687,-0.004166666666666723,-0.0013888888888889308,0.0062500000000000194,-0.013194444444444493,0.010416666666666722,-0.0034722222222220971,0.0062500000000004314,-0.013194444444444339,0.029166666666666705,-0.0097222222222222137,-0.0062500000000000845,-7.6651694584922322e-17,-0.00069444444444438256,2.3342619270228551e-16,0.0006944444444443779,-0.00069444444444430277,-2.554050446243231e-17,-0.065277777777777837,0.029166666666666875,0.00069444444444451386,0.013888888888888727,-0.010416666666666628,-0.0041666666666666276,0.0006944444444443483,0.13124999999999992,0.24583333333333338,0.49166666666666675,0.13124999999999989,0.013888888888888786,-0.0041666666666667334,0.0041666666666665079,0.029166666666666563,-0.065277777777778018,0.031250000000000097,-0.013194444444444406,0.065972222222222238,-1.660714458394964e-17,-0.003472222222222271,0.0062500000000002319,-0.013194444444444555,-0.035416666666666693,0.013194444444444484,-0.0041666666666665556,0.0097222222222222102,-0.013888888888888826,0.010416666666666666,-0.00069444444444438343,-0.0097222222222221894,0.0062500000000000758,4.25446735884722e-17,0.031250000000000056,4.3676487559824702e-17,0.013194444444444432,0.0083333333333334529,-0.0062499999999999327,0.0041666666666667273,-0.0041666666666666935,0.013888888888888907,0.0041666666666666345,0.0034722222222223517,0.00069444444444428683,-0.0041666666666667343,0.013888888888888765,-0.0041666666666666415,0.0062500000000000871,0.0062500000000000836,0.008333333333333335,0.0062499999999999778,0.01319444444444447,-0.0034722222222223899,8.2123184901002983e-17,0.0097222222222220975,0.0041666666666666918,-0.026388888888888972,0.035416666666666492,0.0013888888888887408,-0.00069444444444440587,-0.035416666666666548,0.065277777777777768,0.01319444444444446,-0.010416666666666704,-0.0062500000000000099,0.031249999999999993,-0.0041666666666665114,0.065972222222222252,-0.00069444444444431599,0.0041666666666666649,-0.013888888888888618,-6.1656589602766044e-17,-0.065972222222222168,0.13124999999999995,0.24583333333333315,-0.013194444444444285,0.0083333333333333454,0.13125000000000003
e052,-0.00069444444444446941,0.0041666666666666224,0.010416666666666631,-0.013888888888888947,0.065972222222222127,0.00069444444444429691,-0.031250000000000028,-0.035416666666666811,-0.013194444444444627,-0.009722222222222238,-0.0062499999999999552,0.029166666666666539,0.026388888888888705,0.013194444444444479,-0.035416666666666777,-0.0041666666666667195,-4.4680096564924226e-17,-0.065277777777778073,-0.065972222222222029,0.13124999999999992,0.00069444444444459312,0.0041666666666665079,0.0013888888888888753,-0.0062500000000000515,-0.029166666666666879,0.01319444444444438,0.0062500000000001452,0.0097222222222219795,0.0041666666666667377,-0.00069444444444436023,0.010416666666666591,-0.013888888888888895,-2.2763704164581883e-16,-0.0097222222222222172,0.0062499999999999648,0.0034722222222221093,-0.00069444444444457859,0.031249999999999879,-0.06597222222222196,0.035416666666666465,0.035416666666666624,-0.06527777777777781,1.041705613600218e-16,0.00069444444444422644,3.3553472478587771e-17,-0.004166666666666677,0.013888888888888855,-0.013888888888888933,0.004166666666666697,0.24583333333333343,0.13124999999999987,0.13124999999999989,0.49166666666666659,-0.010416666666666803,0.01388888888888889,0.0006944444444444397,-0.065277777777777754,0.13124999999999998,-0.013194444444444387,0.0083333333333331198,-1.0311030423789389e-16,0.24583333333333321,0.0062499999999998234,-0.027777777777777866,0.035416666666666624,-0.00069444444444453836,0.0062499999999999162,-0.0013888888888889059,0.0062500000000000385,0.0062500000000000723,-0.0034722222222224553,0.010416666666666635,0.029166666666666782,-0.0097222222222221408,-0.01319444444444441,-0.00069444444444444046,0.0034722222222221574,0.0041666666666665044,-0.0062500000000000203,-0.0034722222222222251,-5.12654040653412e-17,-0.013888888888888994,-0.0041666666666666926,-0.013194444444444581,0.0062500000000000212,0.008333333333333269,-0.013194444444444434,0.0041666666666664576,0.0062499999999998928,-0.0041666666666665617,-0.0083333333333334477,0.00069444444444433941,-0.013194444444444453,-0.0041666666666667334,-1.290219856953471e-16,-0.0041666666666668427,-5.4085037506534727e-17,-0.01388888888888901,0.035416666666666652,-0.027777777777777582,0.0041666666666666137,0.0062500000000000064,0.013194444444444462,-0.029166666666666709,8.0060163842332316e-18,0.013194444444444491,-0.013194444444444677,-0.013888888888888756,-0.00069444444444423695,-0.035416666666666499,0.0041666666666666649,-0.026388888888889083,0.035416666666666631,-0.00069444444444448589,0.031250000000000118,-0.06597222222222221,-4.0518503426333725e-17,0.031250000000000097,-0.013194444444444405,-0.065277777777777837
e053,-0.031250000000000097,0.013888888888888798,0.01319444444444455,0.0041666666666667013,-0.0062499999999998468,-0.0062499999999998052,0.0083333333333334945,0.0041666666666666484,-0.0041666666666668028,0.0041666666666667438,0.013888888888888761,-0.013888888888888765,3.7334777407870689e-17,9.9402909380172664e-17,0.013194444444444528,-0.013194444444444309,0.0097222222222222744,0.006250000000000225,-0.029166666666666809,0.013194444444444495,-3.5403825278724533e-17,-0.24583333333333351,-9.4955432446300959e-17,0.24583333333333326,-0.013888888888888742,0.006250000000000101,-0.027777777777777686,0.035416666666666693,-0.00069444444444414079,0.0062499999999998867,-0.0013888888888888729,-0.0041666666666667369,-0.065277777777777796,1.1809373699014202e-16,-0.065972222222222252,0.13125000000000012,0.0041666666666667941,0.00069444444444452481,0.0083333333333331511,-0.013194444444444463,-0.013888888888888774,0.0041666666666668895,-0.00069444444444448979,1.4341103952170999e-16,0.00069444444444436402,0.00069444444444439275,0.029166666666666802,0.0354166666666667,-0.065277777777777907,-0.0041666666666668488,0.00069444444444438267,0.013888888888888786,-0.010416666666666803,0.49166666666666664,0.13125000000000003,0.13125000000000001,6.1719756165021033e-17,0.0034722222222222272,0.035416666666666714,-0.06597222222222239,0.0013888888888887061,-0.0062499999999999379,0.013194444444444448,0.0062500000000000706,0.0097222222222222553,0.0041666666666666935,-0.00069444444444449619,0.010416666666666605,-0.0006944444444444706,-0.013194444444444588,0.029166666666666702,-0.0097222222222221061,-0.0034722222222222671,0.010416666666666482,0.0062499999999999578,0.0062499999999998303,0.0083333333333332569,0.0034722222222223291,0.013888888888888678,-0.00416666666666654,0.00069444444444431697,0.0062500000000000784,-0.0041666666666667308,0.0062499999999999735,-0.00069444444444456894,0.0034722222222222324,-0.010416666666666737,0.013194444444444496,-0.013194444444444212,-0.0041666666666665617,0.031250000000000139,-9.9329648974373063e-17,1.0045330399743424e-16,0.0097222222222222727,-0.026388888888888882,0.03541666666666661,-0.013194444444444505,0.0062499999999999284,-0.027777777777777801,0.035416666666666555,-0.013888888888888848,-0.065277777777777657,0.13124999999999992,-0.06597222222222214,0.013194444444444375,-0.035416666666666673,-0.0041666666666665556,0.029166666666666483,-0.035416666666666791,-0.00069444444444452763,-0.065972222222222279,0.031249999999999997,-0.00069444444444439557,0.035416666666666652,-0.026388888888888774,0.0041666666666668245,0.013194444444444323,0.065277777777777851,1.4522231621101508e-16,-0.031249999999999896
e054,0.00069444444444450085,-0.0062499999999999995,0.004166666666666801,0.001388888888888884,0.0097222222222222796,-0.0034722222222222801,-0.0062500000000001001,9.5950129342161422e-17,-0.013888888888889008,-0.013194444444444472,-0.0041666666666668436,0.031250000000000014,0.0034722222222219449,0.013194444444444666,-0.01041666666666667,-0.006250000000000068,-0.02916666666666658,-0.0006944444444443676,0.065277777777777796,-0.03541666666666652,0.065277777777777532,-0.13124999999999998,0.06597222222222221,-2.2712297942030639e-18,0.010416666666666704,-0.0034722222222222593,0.0062500000000000047,-0.013194444444444521,-0.035416666666666888,0.013194444444444734,-0.004166666666666854,0.026388888888888982,0.029166666666666542,0.00069444444444448285,0.035416666666666603,-0.065277777777777574,-0.013888888888888982,-0.0041666666666666709,-0.013194444444444351,0.031249999999999993,-0.0041666666666666354,0.00069444444444448383,0.035416666666666916,0.00069444444444432846,0.029166666666666674,-8.3391826877557821e-17,0.00069444444444432586,-0.00069444444444446702,5.6000261433984266e-17,-0.013888888888888989,0.0041666666666666718,-0.0041666666666667334,0.01388888888888889,0.13125000000000003,0.49166666666666636,0.24583333333333332,-0.013194444444444656,-0.0062499999999999006,0.00069444444444445553,1.1927810198945229e-16,-0.0062500000000000585,0.02777777777777795,-0.0041666666666667239,-0.0013888888888887812,0.0062500000000000021,-0.013194444444444465,0.010416666666666746,-0.0034722222222222637,0.031249999999999886,-9.3699683503286359e-17,-0.0097222222222221235,0.0062500000000000602,0.010416666666666709,-0.00069444444444432098,-0.013888888888888961,0.0097222222222220784,0.00069444444444440457,0.0062500000000000619,0.0041666666666666059,-0.013194444444444583,0.0083333333333333801,-0.0083333333333333801,0.0062500000000000316,-0.0041666666666666527,0.0062499999999998937,-7.3431436707535385e-17,0.013194444444444573,-4.7227958501980045e-17,0.0041666666666666996,0.013888888888888963,-0.013888888888888843,0.0041666666666666744,0.0097222222222222068,8.62664238341462e-17,0.035416666666666589,-0.027777777777777818,0.006250000000000016,-0.013194444444444621,0.035416666666666652,-0.026388888888888896,0.035416666666666693,0.035416666666666714,-0.065972222222222099,0.03124999999999999,-0.029166666666666532,0.06527777777777781,-0.00069444444444443222,-0.013194444444444448,0.065972222222222168,-0.0041666666666666085,0.13124999999999995,-0.065972222222222099,-1.2341046159629405e-17,-0.013888888888888923,0.0041666666666666363,-0.00069444444444451831,-0.0083333333333332031,-0.13124999999999984,-0.24583333333333321,0.013194444444444436
e055,0.06597222222222221,-0.035416666666666499,-0.031250000000000118,0.00069444444444448936,-0.0034722222222223309,0.0097222222222220558,-0.0062500000000000238,5.3502133259456717e-17,0.013888888888888923,0.00069444444444443862,-0.01041666666666667,-0.00416666666666688,-0.0097222222222221166,-0.013194444444444387,-0.0062500000000000741,0.029166666666666674,0.0062500000000000472,-0.0013888888888886853,-0.00069444444444443081,-0.0041666666666664541,0.065972222222222016,-0.13125000000000009,0.065277777777777782,-9.838914521004854e-17,0.0041666666666666675,-0.013194444444444578,0.035416666666666499,-0.026388888888889031,-0.029166666666666778,0.0097222222222223351,0.0062499999999997835,0.013194444444444647,0.035416666666666687,-0.00069444444444432326,0.031250000000000035,-0.065972222222222224,0.013888888888888874,-0.010416666666666526,0.00069444444444446236,-0.0041666666666668808,0.031250000000000146,-0.01319444444444437,0.031250000000000104,-0.00069444444444434939,0.035416666666666749,-1.2638957238402985e-16,-0.065277777777777754,-0.065972222222222154,0.13124999999999992,-0.013194444444444548,0.0083333333333334338,0.0041666666666665079,0.0006944444444444397,0.13125000000000001,0.24583333333333332,0.49166666666666664,0.013194444444444429,-0.01041666666666669,-0.065277777777777712,0.13124999999999992,0.004166666666666749,0.013888888888888911,-0.035416666666666714,-0.00069444444444432976,-0.029166666666666726,-0.026388888888888785,0.0041666666666666545,-0.013194444444444427,0.035416666666666714,-2.0030672004054064e-16,-0.01319444444444466,-8.2425418447916633e-18,0.0062500000000000888,-0.013888888888888944,-0.027777777777777811,0.01319444444444434,-0.013194444444444261,1.4240854273483676e-16,-0.0041666666666666657,-0.013888888888889015,0.0041666666666667629,-0.0041666666666666545,0.0062499999999999414,-0.0083333333333333141,-0.0041666666666667481,0.0062500000000000342,0.0034722222222223287,-1.21037224182186e-16,0.008333333333333387,0.00069444444444449434,-0.013194444444444484,-0.0041666666666668834,-0.0034722222222222533,-0.0062500000000000871,0.0041666666666666857,-0.013888888888888975,0.010416666666666784,-0.0034722222222222615,0.0062499999999999492,-0.013194444444444514,0.0062499999999998702,0.029166666666666573,-0.065277777777777837,0.035416666666666478,0.006250000000000042,-0.00069444444444452633,-0.0013888888888889204,-0.0097222222222222623,0.00069444444444425495,0.0062499999999999379,-1.5500660997040673e-17,-0.0006944444444444114,-1.1270398301509652e-16,-0.027777777777777832,0.035416666666666714,-0.013888888888889049,-0.004166666666666795,9.677080933888018e-18,0.24583333333333332,0.013888888888888805
e056,0.013194444444444398,-0.008333333333333276,-0.0041666666666664576,-0.00069444444444450952,-0.24583333333333307,0.24583333333333343,7.0762397685077494e-17,5.9657891075312462e-17,0.013888888888888744,0.027777777777777606,-0.0062499999999997037,-0.035416666666666964,0.00069444444444428737,0.0013888888888885678,-0.0062500000000000021,0.0041666666666668219,-0.13125000000000006,0.065277777777777837,0.065972222222222057,8.5026133197776268e-17,-0.013194444444444661,7.9288921313620855e-17,0.013194444444444559,1.1510647745663407e-17,-0.0062499999999999318,-0.013194444444444564,0.029166666666666678,-0.0097222222222219414,-0.0041666666666668115,-0.013888888888888711,0.031250000000000167,-0.013194444444444384,0.0062500000000001218,-0.0083333333333336854,0.0062500000000000758,-0.0041666666666667967,0.01388888888888877,0.0041666666666665859,-0.013888888888888834,-0.0041666666666667594,0.035416666666666811,-0.027777777777777627,-0.035416666666666659,0.026388888888888892,-0.0041666666666667117,-0.031250000000000104,0.065972222222222127,0.00069444444444445542,-0.035416666666666742,0.00069444444444436955,0.035416666666666638,0.029166666666666563,-0.065277777777777754,6.1719756165021033e-17,-0.013194444444444656,0.013194444444444429,0.49166666666666664,0.13125000000000009,-0.013888888888888761,-0.0041666666666666961,0.031250000000000062,-0.065972222222222057,1.3949176090406053e-17,-0.065277777777777657,0.13124999999999995,-0.01319444444444455,0.0041666666666666597,0.00069444444444450562,0.035416666666666784,-0.010416666666666708,0.0034722222222221817,-0.0062500000000001409,0.13125000000000012,-0.065277777777777865,-0.065972222222222265,0.013888888888888933,0.013888888888888803,0.0041666666666664957,-0.029166666666666639,-0.00069444444444457132,-0.0354166666666667,0.00069444444444453251,-1.566729088345973e-16,-0.00069444444444419424,-9.1775356605119339e-17,-0.0041666666666665651,0.00069444444444440186,-0.01041666666666664,-0.0062499999999999466,-0.013194444444444516,-0.0097222222222220853,-0.001388888888888763,0.00069444444444445835,-0.0062500000000001357,-0.010416666666666751,0.0034722222222223387,-0.0062500000000001339,0.013194444444444597,-0.029166666666666584,0.0097222222222222519,-0.0083333333333333558,-0.0062499999999999847,0.0041666666666667811,-0.0062500000000001313,0.0041666666666665747,-0.013888888888888859,-0.00069444444444418979,-0.0034722222222222906,0.00069444444444427696,-3.6813755963211592e-17,0.0041666666666667108,0.013194444444444585,-0.031250000000000056,-0.0034722222222221626,0.0104166666666666,-0.013194444444444281,-0.0062500000000000116,-0.0354166666666667,0.026388888888888924,-0.0097222222222221651
e057,-0.0083333333333333089,0.013194444444444552,-0.00069444444444458542,-0.0041666666666666111,-0.13124999999999998,-5.5753637996791549e-16,0.065972222222222474,0.06527777777777799,0.0041666666666667525,-0.0062500000000001409,0.0013888888888888794,0.00069444444444445932,-0.035416666666666631,-0.0062500000000000932,0.027777777777777807,0.013888888888888892,-0.2458333333333334,-1.2246994045464309e-18,-1.4107913045222607e-17,0.24583333333333324,0.029166666666666587,-0.013194444444444349,-0.0062500000000001842,-0.0097222222222221148,0.013194444444444517,1.7304955711105425e-16,-0.0131944444444443,6.6898862102513931e-18,0.013888888888889046,-0.0041666666666668288,-0.013888888888888779,0.0041666666666667438,-0.0041666666666666302,0.0062500000000000064,-0.0083333333333335431,0.006250000000000107,-0.0041666666666667499,-0.013194444444444344,0.031249999999999944,-0.013888888888888841,-0.026388888888888993,0.035416666666666749,0.065277777777777699,-0.03541666666666668,-0.00069444444444458173,0.013194444444444606,-0.031249999999999906,0.0041666666666665816,0.01388888888888894,-7.0702261288518606e-17,-0.065972222222222335,-0.065277777777778018,0.13124999999999998,0.0034722222222222272,-0.0062499999999999006,-0.01041666666666669,0.13125000000000009,0.49166666666666636,0.0041666666666665695,0.00069444444444450876,-0.065972222222222446,0.13124999999999995,-0.00069444444444433713,0.035416666666666631,-0.065972222222221988,0.031250000000000035,-0.01388888888888897,-0.0041666666666666076,-0.027777777777777766,0.01319444444444433,-7.9196288775654965e-17,-0.013194444444444396,-0.065277777777777782,0.029166666666666636,0.035416666666666624,-0.035416666666666645,-0.010416666666666546,-0.026388888888888792,0.0097222222222220836,0.0062500000000000368,0.013194444444444306,0.035416666666666527,-0.0006944444444444345,0.031250000000000042,-0.0041666666666667152,-0.013194444444444625,0.0083333333333331216,0.00069444444444427956,0.0034722222222221461,-3.9962505848199551e-17,0.0062499999999997974,-0.0041666666666664879,0.029166666666666747,0.013888888888888819,0.0034722222222224146,0.0062499999999998694,-0.009722222222222127,-0.0041666666666666276,-0.00069444444444457349,0.0062500000000000134,-0.0006944444444444062,-0.0034722222222221487,2.7985338705892101e-17,0.0097222222222221807,-0.013194444444444559,0.0062499999999999405,0.010416666666666598,0.010416666666666585,1.4692015099590416e-16,0.013194444444444526,0.0013888888888888191,0.004166666666666618,0.00069444444444438245,0.0062500000000000541,-0.013888888888888758,0.03541666666666668,0.00069444444444427512,-0.00069444444444450237,-0.0041666666666667074,0.029166666666666657
e058,-0.24583333333333315,1.4603668178432415e-16,1.4118291836672769e-16,0.24583333333333324,-0.01388888888888906,-0.027777777777777735,0.0062500000000001331,0.035416666666666687,-0.00069444444444451614,-0.0013888888888888065,0.0062500000000002111,-0.0041666666666664489,-0.065277777777777712,-0.06597222222222196,1.5489113164709959e-16,0.13124999999999967,0.0041666666666668635,0.00069444444444430981,-0.013194444444444609,0.008333333333333361,0.013194444444444576,-0.029166666666666893,0.0097222222222221964,0.0062499999999998971,0.0041666666666666215,0.013888888888888864,-0.031250000000000049,0.01319444444444447,-0.0062500000000000056,0.0083333333333333454,-0.0062500000000000333,0.0041666666666669242,-0.0041666666666665755,0.013888888888888775,0.0041666666666665443,-0.013888888888888827,-0.013194444444444262,-1.4343681700827088e-16,0.013194444444444411,5.6339797753096586e-17,-0.035416666666666645,0.026388888888888812,0.010416666666666533,-0.0034722222222221184,0.0062499999999999552,-0.13124999999999995,0.065277777777778073,0.065972222222222335,3.9251067155127486e-17,-0.013888888888888715,-0.0041666666666664628,0.031250000000000097,-0.013194444444444387,0.035416666666666714,0.00069444444444445553,-0.065277777777777712,-0.013888888888888761,0.0041666666666665695,0.49166666666666642,0.13125000000000006,-0.0041666666666666892,0.00069444444444441303,0.029166666666666657,0.00069444444444446442,0.035416666666666721,-0.00069444444444434288,-1.6054156012214109e-16,0.00069444444444460233,-4.6387200171127669e-17,0.0041666666666665061,-0.00069444444444449272,0.010416666666666581,0.0062500000000000298,0.013194444444444245,0.0097222222222220003,0.0013888888888889312,-0.00069444444444431296,0.0062500000000001235,0.010416666666666574,-0.0034722222222222927,0.0062499999999998312,-0.013194444444444406,0.029166666666666608,-0.0097222222222222016,0.0083333333333331702,0.0062500000000001695,-0.0041666666666668037,0.0062499999999999457,-0.0041666666666667802,0.013888888888888907,0.00069444444444454172,0.003472222222222268,-0.00069444444444450768,-9.2094921366275383e-17,-0.0041666666666666536,-0.013194444444444349,0.031250000000000076,0.0034722222222224168,-0.010416666666666699,0.013194444444444457,5.3192853888955333e-17,0.0062499999999999648,-0.027777777777777787,0.035416666666666742,0.035416666666666728,-0.026388888888888854,-0.013194444444444408,0.0097222222222221669,-0.013888888888888781,0.029166666666666664,-0.035416666666666749,0.013194444444444422,-0.0041666666666667681,-0.065277777777777629,0.13124999999999987,-0.065972222222222127,0.035416666666666555,0.031249999999999976,-0.065972222222222071,-0.00069444444444446702
e059,-0.13124999999999967,0.06527777777777781,0.065972222222222057,-4.7166052775063773e-17,0.010416666666666671,0.0062500000000001573,-0.0034722222222224311,-0.013194444444444542,-0.035416666666666853,-0.0041666666666666978,0.01319444444444449,0.026388888888888989,0.029166666666666511,0.035416666666666707,0.00069444444444461437,-0.065277777777777685,-0.013888888888889044,-0.0041666666666665348,0.031250000000000146,-0.013194444444444588,-0.035416666666666763,0.065277777777777893,-0.029166666666666993,-0.00069444444444427208,0.0013888888888889785,-0.0062500000000000272,0.00069444444444442409,0.0041666666666667993,0.0097222222222221617,-0.0062500000000000385,-0.0034722222222222134,-5.8494213672959775e-18,-0.013888888888889001,-0.0041666666666664272,-0.013194444444444384,0.03125000000000016,-0.0062500000000000784,0.0034722222222222225,-0.010416666666666621,0.013194444444444472,-0.00069444444444467324,-0.0041666666666665617,-0.01388888888888881,0.0062499999999999813,-0.027777777777777814,-0.2458333333333331,-1.1671957730523952e-16,-2.5732353621525513e-16,0.2458333333333334,0.0041666666666667239,0.00069444444444433865,-0.013194444444444406,0.0083333333333331198,-0.06597222222222239,1.1927810198945229e-16,0.13124999999999992,-0.0041666666666666961,0.00069444444444450876,0.13125000000000006,0.49166666666666675,-0.013888888888888801,0.0041666666666667533,0.00069444444444440826,-4.744932444648224e-17,-0.00069444444444444447,0.035416666666666693,0.00069444444444442886,0.029166666666666455,-0.013194444444444701,-0.013194444444444524,0.010416666666666768,-0.0034722222222222723,-0.0013888888888889484,-0.0041666666666666137,0.0062499999999997991,-0.0062500000000002129,0.031250000000000104,0.0097222222222222536,-0.00069444444444446681,0.010416666666666673,-0.013888888888888722,3.2836079792111909e-17,-0.009722222222222205,0.0062499999999999535,0.00069444444444439698,-0.0083333333333335848,0.0062500000000001053,-0.0041666666666666605,-0.013194444444444415,0.0041666666666665417,0.0083333333333331962,0.0062500000000000116,0.0062500000000000394,0.0041666666666668956,0.013888888888888971,0.0041666666666666458,-0.013888888888889036,-1.4105504198882279e-16,0.013194444444444457,3.9531014438954359e-17,0.0097222222222221495,-0.013194444444444552,0.035416666666666576,-0.026388888888888937,-0.027777777777777783,0.035416666666666798,0.0062500000000000281,9.2728489300341902e-17,0.035416666666666749,-0.013194444444444295,0.065277777777777976,-0.029166666666666848,-0.00069444444444425821,0.035416666666666735,-0.065972222222222349,0.031250000000000021,-0.013888888888888713,-0.065972222222222252,0.13124999999999989,-0.004166666666666775
e060,-0.031250000000000139,0.065972222222222224,0.0006944444444445569,-0.035416666666666596,-0.035416666666666784,-0.0041666666666664949,0.026388888888888823,0.01319444444444429,0.035416666666666603,0.0062500000000001452,-0.013888888888888905,-0.027777777777777835,-8.626668978481702e-18,-1.3266189185997309e-16,-0.013194444444444488,0.013194444444444351,0.00069444444444448621,0.03541666666666668,0.02916666666666666,-0.06527777777777799,-8.438454320569046e-17,-0.00069444444444444642,1.117190175707816e-16,0.00069444444444443103,-0.027777777777777672,0.0354166666666667,-0.013888888888888756,0.0062500000000000585,0.0006944444444443727,0.0041666666666667117,0.0013888888888888289,-0.0062499999999999362,0.013194444444444514,-0.010416666666666788,0.0034722222222222476,-0.0062500000000000567,0.0062499999999999717,0.013194444444444595,-0.02916666666666666,0.0097222222222222814,0.013888888888889075,-0.035416666666666839,-0.24583333333333338,1.2981813843670373e-17,0.24583333333333324,0.013194444444444453,-0.0083333333333333627,-0.0041666666666665547,-0.00069444444444432749,-0.13125000000000006,0.06527777777777774,0.065972222222222238,-1.0311030423789389e-16,0.0013888888888887061,-0.0062500000000000585,0.004166666666666749,0.031250000000000062,-0.065972222222222446,-0.0041666666666666892,-0.013888888888888801,0.4916666666666667,0.13124999999999992,0.00069444444444453251,0.0041666666666668123,-0.013194444444444325,0.13124999999999987,-0.065277777777777726,8.9871445692835467e-18,0.00069444444444459962,0.06527777777777781,-0.029166666666666667,-0.00069444444444447884,-0.013888888888888704,0.010416666666666699,0.0041666666666666666,-0.13124999999999992,-0.029166666666666636,-0.065972222222222335,0.0034722222222222008,-0.0062500000000001964,0.013194444444444559,0.035416666666666458,-0.013194444444444462,0.0041666666666665946,-0.0097222222222221183,0.013888888888888978,-0.010416666666666654,0.00069444444444442918,0.0097222222222222848,-0.0062500000000000888,-1.3399062577765136e-16,-0.031249999999999972,-1.8531953184231136e-16,-0.013194444444444512,-0.0083333333333334564,0.0062499999999999518,-0.0041666666666666978,0.004166666666666612,-0.013888888888888829,-0.0041666666666668037,-0.00347222222222235,-0.00069444444444444339,0.0041666666666669433,-0.01388888888888882,0.0041666666666666094,-0.0062499999999999136,-0.0062499999999999552,-0.008333333333333354,-0.0062499999999999526,-0.013194444444444413,0.0034722222222224679,-8.5899702979289137e-17,-0.0097222222222221443,-0.0041666666666667039,0.026388888888888781,-0.035416666666666624,0.00069444444444451494,-0.013194444444444571,0.010416666666666565,-0.031250000000000007
e061,0.013194444444444484,-0.031250000000000139,0.0041666666666666788,0.013888888888888784,0.06527777777777774,-0.00069444444444432879,-0.035416666666666687,-0.02916666666666674,-0.026388888888889003,-0.013194444444444347,0.0041666666666668089,0.035416666666666666,0.013194444444444267,0.0034722222222224892,-0.0062499999999996482,-0.010416666666666729,-2.4975448083153216e-16,-0.065972222222222265,-0.065277777777777615,0.13124999999999962,-0.065277777777777823,0.035416666666666409,0.00069444444444455538,0.029166666666666553,0.006250000000000016,-0.013194444444444432,0.010416666666666657,-0.0034722222222223417,-0.031250000000000062,0.013194444444444273,0.0041666666666664914,0.013888888888888749,-9.1509091734658179e-17,0.0034722222222223478,0.0062499999999999266,-0.0097222222222220402,-0.0013888888888889622,-0.0041666666666666389,-0.00069444444444440089,0.006250000000000042,0.0041666666666665747,0.0006944444444443676,-0.13124999999999998,0.065972222222222224,-4.6911124369201591e-17,-0.0083333333333332638,0.013194444444444491,-0.00069444444444438408,-0.0041666666666664671,-0.2458333333333334,-4.4006881694429333e-18,-1.660714458394964e-17,0.24583333333333321,-0.0062499999999999379,0.02777777777777795,0.013888888888888911,-0.065972222222222057,0.13124999999999995,0.00069444444444441303,0.0041666666666667533,0.13124999999999992,0.49166666666666636,-0.0041666666666665946,-0.013888888888888964,0.031250000000000007,-0.065972222222222182,0.03541666666666661,-0.00069444444444439752,0.035416666666666687,-0.029166666666666684,0.0097222222222221061,0.0062500000000000602,0.035416666666666534,-0.013194444444444378,-0.026388888888888868,0.065277777777777657,0.013194444444444483,0.03541666666666668,-1.2287271537313906e-16,-0.013194444444444517,-1.2877515394982382e-16,-0.027777777777777724,0.0062499999999999899,-0.01388888888888882,0.0062499999999999735,0.0041666666666666085,0.00069444444444443612,0.0083333333333332673,-1.0139001946989277e-16,0.004166666666666697,-0.0041666666666667967,0.013888888888888834,-0.0097222222222222571,0.0041666666666666588,0.0062499999999999995,-0.0083333333333334893,0.0062499999999998789,-0.013194444444444682,0.031249999999999882,-0.013888888888888834,0.010416666666666656,0.010416666666666791,-0.01319444444444447,0.0062500000000000515,-1.2954032410005101e-16,0.0097222222222223455,-0.0034722222222224076,-0.00069444444444434603,0.00069444444444451213,-0.0041666666666665764,-0.0062499999999999258,-0.013194444444444684,0.029166666666666657,-0.0013888888888887257,-0.0041666666666665998,-0.00069444444444454346,-8.603467199717408e-17,0.035416666666666652,-0.013888888888889001,0.00069444444444428596
e062,-0.035416666666666735,0.013888888888888701,0.027777777777777891,-0.0062499999999997826,-1.2614831042329384e-16,-1.9671174573034885e-16,0.00069444444444442973,-0.00069444444444433063,-0.0062500000000000602,0.029166666666666702,-0.0097222222222222328,-0.013194444444444479,0.0062499999999999127,0.010416666666666638,-0.0034722222222224913,-0.013194444444444368,-0.00069444444444427176,0.0062499999999999839,-0.0041666666666667377,-0.0013888888888890902,0.004166666666666579,-0.026388888888888868,0.035416666666666603,-0.013194444444444304,-0.00069444444444439384,0.031250000000000083,-0.065972222222221988,0.035416666666666811,-0.00069444444444460472,-0.029166666666666632,0.065277777777777851,-0.035416666666666721,-0.013194444444444505,1.85089691602971e-18,0.013194444444444326,7.5450299433926954e-17,-0.035416666666666499,0.027777777777777689,-0.0062499999999999232,0.013888888888888925,-0.065277777777777796,0.029166666666666695,-0.013888888888888796,0.031249999999999941,-0.01319444444444432,0.065277777777777768,-0.13125000000000012,-2.9354678548770206e-17,0.065972222222222043,0.010416666666666744,-0.01319444444444459,-0.003472222222222271,0.0062499999999998234,0.013194444444444448,-0.0041666666666667239,-0.035416666666666714,1.3949176090406053e-17,-0.00069444444444433713,0.029166666666666657,0.00069444444444440826,0.00069444444444453251,-0.0041666666666665946,0.49166666666666659,0.13125000000000006,0.24583333333333329,0.0041666666666665911,0.013888888888888725,-0.0041666666666667507,0.065972222222222182,0.013194444444444339,0.0041666666666667351,0.013888888888888857,-0.24583333333333318,-0.13124999999999998,-0.13125000000000009,-0.0083333333333334321,0.035416666666666638,0.00069444444444451213,-0.065972222222221974,-1.0767813401527269e-16,-0.065277777777777671,-0.0041666666666666258,-0.0013888888888888774,0.0062499999999998382,0.02638888888888884,-0.013194444444444406,-0.0062499999999998564,-0.0097222222222222449,0.00069444444444437844,-0.03124999999999999,-0.035416666666666693,0.010416666666666664,0.0041666666666667022,0.0034722222222221691,-0.013194444444444457,-0.0041666666666667906,-0.01388888888888885,-1.3034913288750472e-16,-0.0034722222222223057,-0.0062499999999999925,-0.013888888888888812,0.0041666666666666874,1.0558147071065163e-16,-0.0041666666666665686,-0.0006944444444444449,-0.0083333333333334807,-0.0041666666666668592,-0.0062499999999999041,-0.010416666666666652,-0.00833333333333325,-0.013194444444444389,0.0041666666666666423,0.00069444444444446106,0.0062499999999999995,-0.0097222222222221877,9.3194864826824154e-18,0.0097222222222221912,0.013888888888888755,-0.031250000000000056,-0.0062500000000000056
e063,0.00069444444444450085,0.0041666666666667612,-0.0062500000000002848,0.0013888888888889471,-0.00069444444444442691,-0.065972222222222127,0.03541666666666661,0.031250000000000229,0.0034722222222224332,-0.0097222222222221044,0.0062500000000002137,1.4172714815517847e-16,-0.013888888888888739,-0.00069444444444426504,0.010416666666666848,0.0041666666666668366,-0.029166666666666723,0.0097222222222222258,0.013194444444444628,0.0062500000000000932,-0.00069444444444445575,0.0041666666666665799,-0.01388888888888898,0.01041666666666673,-7.0809771212499897e-17,-0.065972222222222029,0.13124999999999992,-0.065277777777777796,-0.0041666666666667091,0.013194444444444176,-0.035416666666666749,0.026388888888888875,0.029166666666666577,-0.0097222222222222814,-0.0062500000000001816,-0.013194444444444528,0.065972222222222279,-0.035416666666666652,0.00069444444444412637,-0.031249999999999969,0.13124999999999998,-0.065277777777777796,0.0041666666666664949,-0.013194444444444361,0.008333333333333335,7.1961534490113835e-17,-0.24583333333333349,0.24583333333333329,3.3206199417769507e-17,-0.013888888888888874,0.035416666666666742,0.0062500000000002319,-0.027777777777777866,0.0062500000000000706,-0.0013888888888887812,-0.00069444444444432976,-0.065277777777777657,0.035416666666666631,0.00069444444444446442,-4.744932444648224e-17,0.0041666666666668123,-0.013888888888888964,0.13125000000000006,0.49166666666666659,0.13124999999999998,0.00069444444444450638,-0.010416666666666772,0.013888888888888925,-0.031250000000000021,-0.03125000000000009,0.00069444444444441715,-0.035416666666666742,-2.2675574745704775e-17,0.065277777777777976,0.065972222222222376,0.013194444444444387,-0.013194444444444458,-0.0041666666666665998,0.035416666666666721,0.00069444444444451885,0.029166666666666459,0.026388888888888913,-0.0041666666666665426,0.013194444444444529,-0.035416666666666582,-7.6770565583491209e-17,0.013194444444444417,2.7190545123125951e-17,-0.0062500000000002198,0.013888888888888905,0.027777777777777683,-0.013194444444444387,0.013194444444444529,9.520796071329393e-17,0.0041666666666667542,0.01388888888888885,-0.0041666666666667629,0.0041666666666667343,-0.0062500000000002293,0.0083333333333335032,0.0041666666666666701,-0.0062499999999998616,-0.0034722222222221232,2.1934113526751092e-16,-0.0083333333333334078,-0.00069444444444439156,0.013194444444444548,0.0041666666666668375,0.0034722222222223756,0.0062499999999999873,-0.0041666666666668557,0.013888888888888824,-0.0104166666666668,0.0034722222222224992,-0.0062499999999998355,0.013194444444444575,-0.02916666666666666,-0.0062499999999999873,0.00069444444444439926,0.009722222222222042
e064,-0.031250000000000132,0.013194444444444505,0.013888888888889055,0.0041666666666667993,8.0684360760247395e-17,0.13125000000000014,-0.065277777777777518,-0.065972222222222127,-0.010416666666666892,-0.0062500000000001261,0.00347222222222234,0.013194444444444443,0.035416666666666534,0.0041666666666668609,-0.013194444444444403,-0.026388888888889021,0.065277777777777768,-0.029166666666666882,-0.035416666666666825,-0.00069444444444452557,0.010416666666666933,-0.013194444444444483,0.0062500000000000359,-0.0034722222222221418,0.00069444444444440663,0.035416666666666666,-0.065277777777777546,0.029166666666666743,-0.0013888888888888237,0.0062499999999999526,-0.00069444444444440902,-0.0041666666666668375,-0.0097222222222222345,0.0062499999999999353,0.0034722222222222507,3.6743103363371458e-17,-0.03124999999999999,0.013888888888888742,0.0041666666666667828,0.013194444444444396,-0.065972222222222154,0.035416666666666721,0.013888888888888859,-0.0041666666666667013,0.0006944444444444552,0.065972222222222127,-0.13125000000000003,3.5665302346496632e-17,0.065277777777777699,0.004166666666666684,-0.026388888888889083,-0.013194444444444555,0.035416666666666624,0.0097222222222222553,0.0062500000000000021,-0.029166666666666726,0.13124999999999995,-0.065972222222221988,0.035416666666666721,-0.00069444444444444447,-0.013194444444444325,0.031250000000000007,0.24583333333333329,0.13124999999999998,0.4916666666666667,0.0083333333333333228,0.00069444444444433388,0.0041666666666666675,0.00069444444444445065,0.013888888888888952,-0.0062499999999998772,0.027777777777777804,0.24583333333333343,7.7823815834046615e-17,1.0469884561806371e-16,-0.0041666666666667559,0.0041666666666666631,0.013888888888888881,-0.0006944444444443444,6.886621834962807e-17,0.00069444444444436825,-0.035416666666666714,-0.00069444444444444089,-0.029166666666666743,0.013194444444444346,0.01319444444444446,-0.010416666666666565,0.0034722222222222871,0.0013888888888887276,0.0041666666666665218,-0.0062500000000001278,0.0062500000000000706,-0.031249999999999986,-0.0097222222222221183,0.00069444444444440587,-0.01041666666666659,0.013888888888888833,-6.2791786864710731e-17,0.0097222222222222258,-0.00624999999999997,-0.00069444444444442268,0.0083333333333334373,-0.0062500000000000298,0.0041666666666668054,0.013194444444444519,-0.0041666666666666805,-0.008333333333333361,-0.0062499999999999648,-0.0062500000000000975,-0.0041666666666666423,-0.013888888888888874,-0.0041666666666665955,0.013888888888888949,1.3275278272517182e-16,-0.013194444444444455,5.4200271858941847e-17,0.013194444444444443,0.027777777777777842,-0.035416666666666707,-6.6572839399605801e-17
e065,0.065972222222222224,-0.13124999999999987,-2.4904040193292589e-16,0.065277777777777907,0.013888888888889023,0.00069444444444446442,-0.0041666666666666276,-0.01041666666666668,-0.065972222222222085,-0.0006944444444444307,0.031249999999999761,0.035416666666666867,0.01319444444444432,0.0097222222222222224,0.0062500000000000533,-0.029166666666666712,0.0041666666666666918,-0.026388888888889087,-0.013194444444444604,0.035416666666666673,0.065972222222222307,-0.035416666666666527,0.00069444444444435676,-0.031250000000000076,0.0062499999999998217,-0.00069444444444442149,-0.0041666666666666146,-0.0013888888888888187,0.029166666666666768,-0.013194444444444649,-0.0062500000000001348,-0.0097222222222223438,-0.0041666666666666761,0.00069444444444430168,-0.01041666666666664,0.013888888888888905,-0.0034722222222221314,1.1075879239687037e-16,0.0097222222222222293,-0.0062499999999999422,-0.010416666666666824,0.013194444444444352,1.770469646280041e-16,-0.06527777777777774,0.13125000000000012,-0.031250000000000076,0.013194444444444391,0.013888888888888897,0.004166666666666631,0.065277777777777671,-0.029166666666666712,-0.035416666666666693,-0.00069444444444453836,0.0041666666666666935,-0.013194444444444465,-0.026388888888888785,-0.01319444444444455,0.031250000000000035,-0.00069444444444434288,0.035416666666666693,0.13124999999999987,-0.065972222222222182,0.0041666666666665911,0.00069444444444450638,0.0083333333333333228,0.49166666666666686,0.13125000000000012,0.24583333333333357,-0.035416666666666714,1.5960023832075822e-18,-0.00069444444444435676,-6.3645479998482253e-17,0.0041666666666665938,-0.013888888888888807,0.013888888888888996,-0.24583333333333318,0.065277777777777699,-8.2662966298446825e-17,-0.0062500000000001148,0.027777777777777849,-0.035416666666666721,0.00069444444444455679,-0.0062499999999999839,0.0013888888888889286,-0.0062500000000000888,-0.0062500000000000246,0.0034722222222222923,-0.010416666666666583,-0.029166666666666681,0.0097222222222221755,0.013194444444444627,0.00069444444444449185,-0.0034722222222222428,-0.0041666666666665903,0.0062499999999999735,0.0034722222222224146,-3.4861374164514771e-17,0.01388888888888897,0.0041666666666667542,0.013194444444444647,-0.0062500000000000376,-0.0083333333333333592,0.01319444444444433,-0.0041666666666666597,-0.0062500000000000116,0.0041666666666666814,0.0083333333333336247,-0.00069444444444449911,0.013194444444444413,0.0041666666666665816,1.9008261606799028e-17,0.0041666666666668566,5.7111577964518012e-17,0.013888888888888836,-0.035416666666666714,0.027777777777777974,-0.0062500000000000489,-3.5361632146251836e-17,-0.013194444444444335,0.013888888888889023
e066,1.589629827995508e-16,-0.24583333333333371,0.24583333333333329,-1.9707011558654204e-16,0.0041666666666668149,0.0083333333333334043,-0.013194444444444476,0.00069444444444438213,0.13125000000000001,5.1357744720468781e-17,-0.065972222222222071,-0.065277777777777782,-0.004166666666666769,0.0062499999999999683,-0.0013888888888890169,-0.00069444444444437801,-0.013888888888888888,0.035416666666666714,0.0062500000000001166,-0.027777777777777703,-0.031249999999999976,0.013888888888888994,0.0041666666666668843,0.013194444444444304,0.0097222222222224011,-0.029166666666666539,0.013194444444444378,0.0062500000000000958,-0.013194444444444623,-9.3360440667974378e-17,0.013194444444444467,-6.5354407794977205e-17,-0.013888888888888909,0.0041666666666666614,0.013888888888888994,-0.0041666666666665651,-0.0062500000000000082,0.0041666666666666363,-0.0062500000000000142,0.0083333333333333714,0.0034722222222222572,-3.9977143502943637e-17,-0.00069444444444428802,0.035416666666666582,-0.06597222222222214,0.00069444444444444425,0.0041666666666668227,-0.0062500000000000758,0.0013888888888889761,-0.029166666666666414,0.0097222222222222363,0.013194444444444484,0.0062499999999999162,-0.00069444444444449619,0.010416666666666746,0.0041666666666666545,0.0041666666666666597,-0.01388888888888897,-1.6054156012214109e-16,0.00069444444444442886,-0.065277777777777726,0.03541666666666661,0.013888888888888725,-0.010416666666666772,0.00069444444444433388,0.13125000000000012,0.49166666666666653,0.13125000000000017,0.026388888888888802,-0.065277777777777796,0.035416666666666478,0.00069444444444442767,-0.013194444444444387,0.031249999999999976,-0.0041666666666667906,-3.0065677491138888e-17,-0.13124999999999992,0.065972222222222154,0.00069444444444438105,-0.035416666666666666,0.065972222222222252,-0.031249999999999816,0.013888888888888788,0.0041666666666666146,0.027777777777777665,-0.013194444444444342,4.1395672220095456e-17,0.01319444444444454,0.06527777777777781,-0.029166666666666539,-0.035416666666666562,0.035416666666666471,0.010416666666666768,0.026388888888888799,-0.0097222222222222241,-0.0062500000000001183,-0.013194444444444387,-0.035416666666666617,0.00069444444444435296,-0.031249999999999712,0.0041666666666669685,0.013194444444444405,-0.0083333333333333749,-0.00069444444444442268,-0.003472222222222114,4.7824825147737784e-17,-0.0062500000000000801,0.0041666666666667507,-0.029166666666666476,-0.013888888888888798,-0.0034722222222222069,-0.0062500000000000428,0.0097222222222221599,0.0041666666666666423,0.00069444444444456276,-0.0062500000000001027,0.0034722222222223899,0.013194444444444366,-0.0062499999999999709,-0.010416666666666746
e067,0.065277777777777768,-0.13125000000000009,-3.2096851438878637e-16,0.065972222222222168,-0.01388888888888893,-0.013194444444444542,0.031250000000000132,-0.0041666666666667091,-0.065277777777777907,0.00069444444444465112,0.035416666666666548,0.029166666666666719,0.026388888888888681,0.013194444444444606,-0.0041666666666666363,-0.035416666666666964,0.010416666666666749,-0.01319444444444462,-0.003472222222222173,0.0062500000000000515,0.0006944444444443084,-0.0062499999999998711,0.0013888888888888152,0.0041666666666665686,-0.02916666666666683,0.065277777777777837,-0.035416666666666666,-0.00069444444444444902,-0.0062500000000000307,0.013194444444444493,-0.010416666666666619,0.0034722222222220906,0.031250000000000035,-0.013194444444444507,-0.0041666666666666961,-0.013888888888889048,0.0097222222222222137,-1.0663432174777609e-16,-0.0034722222222224198,-0.0062499999999999804,-0.0062500000000000567,-0.013194444444444352,4.639006354430187e-17,0.00069444444444439752,5.171789607348663e-17,-0.035416666666666582,0.013888888888888874,0.027777777777777839,-0.0062499999999999015,-0.00069444444444445119,0.0062500000000000316,-0.0041666666666665556,-0.0013888888888889059,0.010416666666666605,-0.0034722222222222637,-0.013194444444444427,0.00069444444444450562,-0.0041666666666666076,0.00069444444444460233,0.029166666666666455,8.9871445692835467e-18,-0.00069444444444439752,-0.0041666666666667507,0.013888888888888925,0.0041666666666666675,0.24583333333333357,0.13125000000000017,0.49166666666666681,-0.0041666666666666198,0.13124999999999989,-0.065972222222222349,-4.9154418658198593e-17,0.0083333333333333558,-0.013194444444444467,0.00069444444444450768,0.24583333333333318,0.065972222222222196,-0.13124999999999989,0.0041666666666667091,0.013888888888888977,-0.031249999999999951,0.065972222222222182,-0.035416666666666673,0.00069444444444436023,-0.035416666666666638,0.029166666666666625,-0.0097222222222223785,-0.0062499999999999448,-0.035416666666666589,0.013194444444444498,0.026388888888889094,-0.065277777777777837,-0.013194444444444387,-0.035416666666666645,1.7612761273289011e-16,0.013194444444444649,1.3130251729866637e-17,0.027777777777777759,-0.0062499999999999735,0.013888888888888966,-0.0062499999999999778,-0.0041666666666666848,-0.00069444444444454292,-0.0083333333333333141,-2.6402214114845701e-17,-0.0041666666666668626,0.0041666666666668409,-0.01388888888888886,0.0097222222222223681,-0.0041666666666666519,-0.0062499999999998338,0.0083333333333335015,-0.0062499999999998251,0.013194444444444505,-0.031250000000000173,0.013888888888889056,-0.010416666666666664,8.7336579233514584e-18,-0.0097222222222221131,0.00069444444444443894
e068,1.2395751520414802e-17,-0.013194444444444701,0.013194444444444401,-1.890772560914737e-16,-0.0062500000000000541,0.029166666666666726,-0.013194444444444408,-0.0097222222222220853,-0.0041666666666665946,0.031250000000000111,-0.013888888888888739,-0.013194444444444673,0.0062499999999999101,0.0062500000000000203,-0.0083333333333333089,-0.0041666666666666258,0.013888888888888867,0.0041666666666666631,-0.0041666666666666805,-0.013888888888888815,-7.2062514666732618e-17,0.065972222222222224,-0.13124999999999981,0.065277777777777699,-0.00069444444444442636,-0.0083333333333333089,0.013194444444444502,-0.0041666666666666874,-0.24583333333333354,1.1553707840128331e-16,0.24583333333333326,-1.3889368266220531e-16,0.013888888888888883,-0.0062499999999999292,0.027777777777777936,-0.035416666666666687,0.0041666666666666276,0.00069444444444439612,-0.0062499999999999631,0.0013888888888888434,0.013888888888888982,-0.010416666666666652,0.065277777777777768,-0.13125000000000001,0.065972222222222182,-0.013194444444444307,0.035416666666666589,0.004166666666666703,-0.026388888888889021,-0.029166666666666608,0.013194444444444396,0.0097222222222222102,0.0062500000000000385,-0.0006944444444444706,0.031249999999999886,0.035416666666666714,0.035416666666666784,-0.027777777777777766,-4.6387200171127669e-17,-0.013194444444444701,0.00069444444444459962,0.035416666666666687,0.065972222222222182,-0.031250000000000021,0.00069444444444445065,-0.035416666666666714,0.026388888888888802,-0.0041666666666666198,0.49166666666666675,-0.013194444444444427,0.0041666666666665174,0.00069444444444444968,-0.065277777777777712,2.6884186029206119e-17,0.13124999999999992,0.031249999999999865,0.03541666666666661,0.013888888888888737,-0.065277777777777754,0.13124999999999984,-0.065972222222222349,-0.010416666666666718,0.0034722222222222511,-0.0062500000000001339,0.013888888888889032,0.00069444444444437367,-2.2245211759307949e-17,-0.00069444444444452936,-0.00069444444444456297,-0.02916666666666674,-0.035416666666666687,0.0041666666666665521,-3.0110804291492572e-17,-0.0013888888888888879,-0.013194444444444493,-0.0062500000000000116,-0.0097222222222221287,-0.0041666666666666146,0.00069444444444448936,-0.010416666666666609,0.00069444444444439395,0.013194444444444372,-0.029166666666666601,0.0097222222222221061,0.0034722222222224102,-0.01041666666666669,-0.0062500000000000541,-0.006250000000000009,-0.008333333333333354,-0.0034722222222221769,-0.013888888888888886,0.0041666666666667664,-0.00069444444444447591,-0.0062500000000000021,0.0041666666666668366,-0.0062500000000000793,-0.0034722222222221713,0.013194444444444488,0.0041666666666668279,1.0499691000909151e-16
e069,-0.035416666666666777,0.06597222222222214,0.00069444444444445336,-0.03124999999999992,0.0062499999999999362,-0.0041666666666668167,-0.0006944444444441731,-0.0013888888888888256,0.029166666666666733,-0.0062499999999999362,-0.013194444444444592,-0.0097222222222221322,-0.0041666666666665816,-0.010416666666666675,0.00069444444444441411,0.013888888888889016,-0.0034722222222219727,-6.2057290880270476e-18,-0.0062499999999999778,0.0097222222222221513,0.035416666666666666,-0.0131944444444442,0.0041666666666665061,-0.026388888888888764,0.065277777777777685,-0.13125000000000012,0.06597222222222221,5.4653439734917759e-17,0.013888888888888945,-0.0041666666666665001,0.00069444444444434353,-0.010416666666666548,-0.065972222222222307,0.031249999999999913,-0.00069444444444449608,0.035416666666666492,-0.029166666666666785,0.01319444444444437,0.0062500000000001018,0.0097222222222222553,0.00069444444444455311,0.035416666666666569,0.00069444444444443862,-0.031249999999999913,0.065972222222222376,0.026388888888888996,-0.0041666666666666545,-0.035416666666666749,0.01319444444444449,0.0354166666666667,-0.027777777777777801,-0.013888888888888826,0.0062500000000000723,-0.013194444444444588,-9.3699683503286359e-17,-2.0030672004054064e-16,-0.010416666666666708,0.01319444444444433,0.0041666666666665061,-0.013194444444444524,0.06527777777777781,-0.029166666666666684,0.013194444444444339,-0.03125000000000009,0.013888888888888952,1.5960023832075822e-18,-0.065277777777777796,0.13124999999999989,-0.013194444444444427,0.49166666666666664,0.13124999999999992,0.24583333333333326,0.00069444444444449998,0.0041666666666667351,0.0083333333333333297,0.13124999999999998,-0.035416666666666534,-0.24583333333333324,-0.013888888888889003,0.0041666666666665408,0.013888888888888843,-4.5214008381352682e-17,-0.00069444444444445466,-3.2519980394670729e-17,0.065277777777777823,0.00069444444444431198,-0.0062500000000001053,0.0013888888888887888,0.027777777777777696,-0.006249999999999957,-0.035416666666666603,-8.080608938814933e-18,-0.0062500000000000003,0.00069444444444447233,0.0097222222222221582,-0.029166666666666598,0.013194444444444581,-0.0062499999999998616,0.0034722222222222797,-0.010416666666666739,-0.0034722222222221683,0.013888888888888864,0.0041666666666665148,0.013194444444444354,0.0034722222222223599,0.0062500000000000454,1.6604171369046317e-17,-0.0041666666666666944,-0.0062499999999999787,-0.00069444444444441205,0.0041666666666666458,-0.0062499999999998824,0.0083333333333333939,-0.0083333333333333644,0.013194444444444368,-0.0041666666666666033,0.013888888888888931,0.0041666666666668305,-1.3215460387668098e-17,0.0041666666666668141
e070,0.013888888888888954,-0.031250000000000035,0.0041666666666665408,0.013194444444444392,0.0097222222222223716,0.013194444444444477,-0.029166666666666702,0.0062500000000000246,-0.013194444444444422,0.013194444444444453,-1.2742782235364368e-16,7.8744215382133989e-17,-0.013888888888888741,0.013888888888888848,0.0041666666666666805,-0.0041666666666665738,-0.0062500000000000454,0.0041666666666668019,0.0083333333333334252,-0.0062500000000000359,-0.027777777777777839,0.0062500000000000585,-0.013888888888888935,0.035416666666666811,-2.2484649992967676e-17,-0.24583333333333321,9.2368170872692578e-18,0.24583333333333335,0.0041666666666666892,-0.013194444444444325,0.0083333333333333575,0.00069444444444447776,0.13124999999999976,-0.065972222222222099,3.9650283839143882e-17,-0.06527777777777774,-0.00069444444444444794,-0.0041666666666665582,-0.0013888888888888399,0.0062500000000000906,-4.3755453118067786e-17,-0.00069444444444435015,-0.0062500000000001435,0.013888888888888947,-0.035416666666666617,-0.0041666666666666328,-0.0013888888888889284,-0.00069444444444458422,0.0062500000000000602,-0.013194444444444339,0.0062499999999998789,0.010416666666666666,-0.0034722222222224553,0.029166666666666702,-0.0097222222222221235,-0.01319444444444466,0.0034722222222221817,-7.9196288775654965e-17,-0.00069444444444449272,0.010416666666666768,-0.029166666666666667,0.0097222222222221061,0.0041666666666667351,0.00069444444444441715,-0.0062499999999998772,-0.00069444444444435676,0.035416666666666478,-0.065972222222222349,0.0041666666666665174,0.13124999999999992,0.49166666666666647,0.13124999999999995,-0.010416666666666709,0.013888888888888846,0.00069444444444444328,-0.06527777777777799,0.026388888888888951,-3.6719929261162264e-17,0.03124999999999999,-0.013194444444444443,-0.0041666666666667377,-0.065277777777777712,0.035416666666666707,0.00069444444444429398,-0.13124999999999978,-0.031250000000000222,0.013888888888888789,0.0041666666666666085,-0.035416666666666742,0.00069444444444451831,0.065972222222222307,0.065972222222222154,0.027777777777777745,0.035416666666666784,-0.029166666666666768,0.065277777777777601,-0.035416666666666811,-0.013194444444444493,-5.5624167569839994e-17,0.013194444444444463,0.010416666666666807,-0.035416666666666728,0.00069444444444454563,-0.031249999999999993,-0.0062500000000000134,-0.0097222222222221061,-0.013194444444444455,0.026388888888888941,0.0041666666666667273,0.0041666666666667265,3.1891146008508928e-17,-0.0034722222222223127,-0.0062499999999999275,0.013194444444444378,-0.0083333333333333887,-0.00069444444444446887,0.0041666666666667854,-0.0062499999999999561,-0.0034722222222223114,-0.013888888888888829
e071,-0.0062500000000000324,0.00069444444444431946,0.0013888888888888668,0.0041666666666666666,-0.029166666666666716,-0.03541666666666668,0.065277777777777837,-0.00069444444444449836,-0.0062500000000001044,-0.010416666666666626,0.01319444444444447,0.0034722222222222433,0.03124999999999992,-0.004166666666666618,-0.013194444444444437,-0.01388888888888889,0.0097222222222224878,-1.3119962906008311e-16,-0.0062500000000000663,-0.0034722222222224406,0.0062500000000000871,-0.0034722222222221826,0.010416666666666408,-0.013194444444444398,0.065972222222222293,-0.13125000000000009,0.065277777777777865,1.3973049050705414e-16,-0.013888888888888789,0.031250000000000243,-0.013194444444444394,-0.0041666666666665079,-0.06527777777777774,0.035416666666666666,0.00069444444444450519,0.029166666666666848,-0.03541666666666668,0.02638888888888875,-0.0041666666666665851,0.013194444444444498,-0.00069444444444438723,0.031250000000000028,0.0013888888888888523,0.0041666666666666319,0.0006944444444445376,0.013194444444444557,0.0062500000000000715,-0.029166666666666684,0.0097222222222222016,0.0041666666666666605,-0.013888888888888902,-0.00069444444444438343,0.010416666666666635,-0.0097222222222221061,0.0062500000000000602,-8.2425418447916633e-18,-0.0062500000000001409,-0.013194444444444396,0.010416666666666581,-0.0034722222222222723,-0.00069444444444447884,0.0062500000000000602,0.013888888888888857,-0.035416666666666742,0.027777777777777804,-6.3645479998482253e-17,0.00069444444444442767,-4.9154418658198593e-17,0.00069444444444444968,0.24583333333333326,0.13124999999999995,0.4916666666666662,0.0138888888888889,-0.0041666666666667499,0.0041666666666666007,-2.7706151503602105e-17,-0.004166666666666618,0.24583333333333335,-0.013194444444444575,0.0083333333333333228,0.00069444444444444762,0.13125000000000003,-0.065972222222222127,1.700076286563172e-16,0.065972222222222085,0.065972222222222252,-0.035416666666666603,0.00069444444444440956,0.013888888888888978,0.004166666666666782,-0.03124999999999992,-0.13124999999999992,-0.035416666666666714,-0.065277777777777754,0.013194444444444378,-0.035416666666666693,0.026388888888888695,0.029166666666666646,-0.0097222222222221842,-0.0062499999999999943,-0.013194444444444391,0.027777777777777742,-0.0062500000000000056,0.013888888888888867,0.013194444444444413,3.8464817682899054e-17,-8.2399030032503739e-18,-0.035416666666666673,-0.0062500000000000758,-0.01388888888888881,-0.0041666666666666024,-4.5474460222805326e-17,0.0041666666666667187,-0.0041666666666667152,-0.00069444444444450497,-0.0083333333333332326,0.013194444444444441,0.0083333333333334269,-0.0062500000000000966,-0.0041666666666664923
e072,0.0041666666666665998,-0.00069444444444426775,-0.013888888888888933,0.010416666666666526,4.2933461159137924e-17,0.13125000000000037,-0.065972222222221946,-0.065277777777777574,-0.0041666666666666918,-0.035416666666666742,0.013194444444444524,0.026388888888888878,0.029166666666666681,-0.0062499999999998754,-0.0097222222222220541,-0.01319444444444468,0.065972222222222099,-0.035416666666666749,-0.031249999999999997,0.00069444444444453327,0.0062500000000002475,0.013194444444444474,-0.029166666666666757,0.0097222222222221669,0.0013888888888886881,0.0041666666666665894,0.00069444444444442398,-0.0062500000000001357,-0.00069444444444415098,0.035416666666666728,-0.06597222222222214,0.031250000000000042,0.0034722222222223222,0.0062499999999998165,-0.0097222222222220801,-1.4713771736221931e-16,0.004166666666666677,-0.013888888888888968,0.010416666666666687,-0.00069444444444447483,-0.00069444444444432759,0.0062499999999998312,0.027777777777777696,-0.0354166666666667,0.013888888888888947,0.00069444444444444523,-3.7385217841255077e-17,-3.2084521891465873e-18,-0.00069444444444442355,-0.0062500000000000056,-0.013194444444444444,-0.0097222222222221894,0.029166666666666782,-0.0034722222222222671,0.010416666666666709,0.0062500000000000888,0.13125000000000012,-0.065277777777777782,0.0062500000000000298,-0.0013888888888889484,-0.013888888888888704,0.035416666666666534,-0.24583333333333318,-2.2675574745704775e-17,0.24583333333333343,0.0041666666666665938,-0.013194444444444387,0.0083333333333333558,-0.065277777777777712,0.00069444444444449998,-0.010416666666666709,0.0138888888888889,0.49166666666666647,0.13125000000000001,0.13125000000000003,0.0041666666666667369,-0.031250000000000049,0.013194444444444465,0.065277777777777699,-3.3069183416211078e-18,0.065972222222222182,-0.031250000000000021,0.00069444444444456579,-0.035416666666666638,-0.013194444444444524,0.026388888888888986,-0.0041666666666667204,0.01319444444444451,0.00069444444444445249,0.035416666666666666,0.029166666666666622,-0.0041666666666667438,-0.03541666666666686,-0.013194444444444425,0.013888888888888779,-0.0062499999999998902,0.02777777777777761,-2.8377631853905847e-17,0.013194444444444496,-4.1998254610327104e-17,0.01319444444444445,0.004166666666666684,-0.0062500000000001391,0.0083333333333333159,0.013888888888888989,0.0041666666666667048,-0.0041666666666666232,-3.7619628249487823e-17,0.0041666666666665391,0.0041666666666666189,-0.00069444444444443883,-0.0083333333333332638,0.013194444444444434,-0.006250000000000016,-0.00347222222222215,-7.6231439965497734e-17,0.0034722222222222871,0.013888888888888968,-0.0041666666666665599,0.0062499999999999631
e073,-0.026388888888888861,0.0041666666666666284,0.035416666666666714,-0.013194444444444569,-0.00069444444444448784,-0.065972222222222293,0.031250000000000243,0.035416666666666895,-0.0006944444444444011,0.065277777777777837,-0.029166666666666455,-0.03541666666666668,-0.013194444444444247,0.013194444444444491,2.2667275613483784e-16,-3.9218284028513555e-17,-0.035416666666666673,0.027777777777777891,0.013888888888888987,-0.0062500000000000637,-0.0013888888888889167,-0.004166666666666801,-0.00069444444444440652,0.0062500000000000801,-0.0062499999999998598,0.013888888888888834,-0.035416666666666756,0.027777777777777634,7.4157036819266407e-17,0.0006944444444444346,2.3452214020054572e-16,-0.0006944444444443431,-0.0062500000000000845,-0.0097222222222219708,0.029166666666666737,-0.013194444444444424,-0.01319444444444433,0.0062499999999999258,-0.0034722222222222576,0.010416666666666805,-0.029166666666666761,0.0097222222222222935,-0.0062500000000000619,0.00069444444444450193,0.0041666666666666363,0.035416666666666763,-0.065972222222222265,-0.00069444444444457089,0.031250000000000104,0.0034722222222223708,7.8718089348658799e-17,0.0062500000000000758,-0.0097222222222221408,0.010416666666666482,-0.00069444444444432098,-0.013888888888888944,-0.065277777777777865,0.029166666666666636,0.013194444444444245,-0.0041666666666666137,0.010416666666666699,-0.013194444444444378,-0.13124999999999998,0.065277777777777976,7.7823815834046615e-17,-0.013888888888888807,0.031249999999999976,-0.013194444444444467,2.6884186029206119e-17,0.0041666666666667351,0.013888888888888846,-0.0041666666666667499,0.13125000000000001,0.49166666666666686,0.24583333333333338,0.00069444444444434321,0.065972222222222168,-0.0083333333333334703,-0.13125000000000009,-0.24583333333333326,-0.13125000000000014,0.013194444444444368,0.004166666666666631,0.013888888888888709,0.03541666666666677,-0.0041666666666666631,-0.0013888888888889167,0.0062500000000000775,-7.6347356228752506e-17,-0.065972222222222376,-0.065277777777777782,0.00069444444444440837,0.026388888888888937,0.010416666666666725,-0.031249999999999837,0.00069444444444452156,-0.035416666666666638,-0.013194444444444451,-0.0062500000000001027,-0.009722222222222238,0.0041666666666667716,-3.6478392563104851e-17,-0.0034722222222222576,-0.0062500000000000932,-0.0041666666666666571,-0.013194444444444463,-0.013888888888889011,0.0034722222222222359,-0.013888888888888782,-0.0062499999999999544,-0.0083333333333332187,-0.00069444444444458553,-0.0041666666666665955,0.0041666666666666579,-8.9944213120242263e-17,-0.0041666666666667429,0.0062500000000000611,0.0041666666666666761,-0.013194444444444437,-0.0083333333333333193
e074,-0.013194444444444436,0.010416666666666574,0.0062499999999997584,-0.003472222222222402,0.00069444444444436738,-0.065277777777777726,0.0354166666666667,0.029166666666666726,-0.001388888888888779,-0.00069444444444436901,0.0062500000000001799,-0.0041666666666663925,-0.0097222222222219865,0.0034722222222222294,0.0062500000000000524,1.2078504193463334e-16,-0.031250000000000007,0.013888888888888952,0.013194444444444323,0.0041666666666665565,-0.00069444444444438408,-0.035416666666666735,0.065277777777777699,-0.029166666666666858,0.0041666666666665252,0.013194444444444373,-0.031250000000000215,0.013888888888888781,-3.8912126790239274e-17,-0.06527777777777774,0.13125000000000009,-0.06597222222222221,-0.010416666666666722,0.0034722222222222103,-0.006249999999999996,0.013194444444444536,-0.026388888888888736,0.035416666666666707,-0.01319444444444449,0.0041666666666668522,-0.035416666666666728,0.013194444444444434,-0.035416666666666673,0.065972222222222016,-0.031249999999999979,0.029166666666666907,-0.06527777777777774,0.00069444444444442246,0.035416666666666485,0.013194444444444559,1.3554156570809999e-17,4.25446735884722e-17,-0.01319444444444441,0.0062499999999999578,-0.013888888888888961,-0.027777777777777811,-0.065972222222222265,0.035416666666666624,0.0097222222222220003,0.0062499999999997991,0.0041666666666666666,-0.026388888888888868,-0.13125000000000009,0.065972222222222376,1.0469884561806371e-16,0.013888888888888996,-0.0041666666666667906,0.00069444444444450768,0.13124999999999992,0.0083333333333333297,0.00069444444444444328,0.0041666666666666007,0.13125000000000003,0.24583333333333338,0.49166666666666653,-0.013194444444444522,0.00069444444444436164,-0.0041666666666667533,-1.2855620877121827e-16,0.24583333333333351,-3.2012911489189302e-17,0.01388888888888886,-0.0062499999999999101,0.027777777777777683,0.0041666666666666284,-0.035416666666666784,-0.0006944444444445054,-0.029166666666666639,-3.1331945080630906e-19,-0.00069444444444440099,0.00069444444444445813,0.013888888888888862,0.01319444444444445,0.0062500000000000446,0.0041666666666666571,0.0013888888888889193,-0.0062500000000000056,0.013194444444444378,-0.010416666666666683,0.0034722222222222511,-0.031249999999999833,5.4385253153962602e-17,0.009722222222222179,-0.0062499999999999604,-0.010416666666666562,0.00069444444444443818,0.013888888888888956,-0.0097222222222222016,-0.0006944444444444191,-0.0062499999999999856,-0.0041666666666667282,0.013194444444444529,-0.0083333333333332621,0.0083333333333333922,-0.0062500000000000472,0.0041666666666667828,6.0087350258465286e-17,-0.0041666666666665903,-0.013888888888888805,-0.0041666666666666206
e075,-0.00069444444444444447,-9.2114038001753149e-17,-7.4523640286314328e-17,0.00069444444444433768,-0.027777777777777717,-0.013888888888888902,0.035416666666666839,0.0062500000000000567,0.0006944444444443367,0.0013888888888890286,0.0041666666666667655,-0.0062499999999999778,0.013194444444444406,0.0034722222222224276,-0.010416666666666571,-0.0062500000000001036,0.006250000000000029,0.013194444444444389,0.0097222222222222553,-0.029166666666666678,-0.065277777777777823,0.029166666666666698,0.00069444444444464537,0.035416666666666603,-0.03541666666666661,0.065972222222222238,-0.031250000000000125,0.00069444444444430081,-0.035416666666666631,0.026388888888889059,-0.0041666666666665608,0.013194444444444545,0.035416666666666777,-0.013888888888888845,0.0062499999999998616,-0.027777777777777922,0.013194444444444477,-1.1378509551687921e-16,-0.013194444444444569,-4.0527111842371155e-18,0.004166666666666625,-0.026388888888888767,-1.0453205387363345e-17,0.065972222222222307,-0.13124999999999995,-0.004166666666666579,0.00069444444444444057,0.01388888888888886,-0.010416666666666621,-0.065972222222222085,0.035416666666666693,0.031250000000000056,-0.00069444444444444046,0.0062499999999998303,0.0097222222222220784,0.01319444444444434,0.013888888888888933,-0.035416666666666645,0.0013888888888889312,-0.0062500000000002129,-0.13124999999999992,0.065277777777777657,-0.0083333333333334321,0.013194444444444387,-0.0041666666666667559,-0.24583333333333318,-3.0065677491138888e-17,0.24583333333333318,0.031249999999999865,0.13124999999999998,-0.06527777777777799,-2.7706151503602105e-17,0.0041666666666667369,0.00069444444444434321,-0.013194444444444522,0.49166666666666647,0.00069444444444435101,-0.13124999999999992,0.010416666666666678,-0.01388888888888886,0.0041666666666665868,0.065277777777777754,-0.029166666666666702,-0.00069444444444454151,-0.029166666666666716,0.035416666666666673,-0.013194444444444522,0.0041666666666666649,-0.0062499999999999275,0.0034722222222224549,0.013194444444444528,-0.065972222222222349,-0.0097222222222221617,-0.031250000000000021,-0.0062499999999998633,0.0097222222222221651,1.3882977243319293e-17,0.01388888888888894,-0.01041666666666655,0.00069444444444440587,-1.840912025221559e-18,0.0041666666666666657,-0.013888888888888862,-0.004166666666666638,0.0062500000000000229,-0.0083333333333333297,-0.0041666666666666154,-0.013194444444444415,-0.0034722222222221414,-0.0083333333333332031,-0.0062500000000000342,0.0041666666666666007,-0.006250000000000035,-0.00069444444444437421,0.0041666666666665851,-0.013888888888888852,-0.0041666666666666735,7.0043186902656668e-17,0.0034722222222223109,-0.013194444444444488
e076,0.06597222222222221,-1.6141809826931753e-16,-0.13124999999999989,0.065277777777777837,-0.00069444444444438419,0.013194444444444502,-0.0083333333333333384,-0.0041666666666665981,-0.24583333333333315,0.24583333333333354,-1.7871296551182356e-16,-2.222906996522415e-16,0.013888888888888815,0.027777777777777686,-0.0062499999999999275,-0.035416666666666492,0.0041666666666668418,0.00069444444444432629,0.0013888888888889351,-0.0062499999999998728,-0.013888888888888867,-0.0041666666666666987,0.013888888888889079,0.0041666666666666241,6.7900049479208299e-17,-0.013194444444444512,1.1281452438178958e-16,0.013194444444444547,-0.0062500000000000619,-0.013194444444444382,0.029166666666666934,-0.0097222222222222449,-0.0041666666666668141,-0.013888888888888864,0.031249999999999969,-0.013194444444444323,-0.0041666666666666892,0.0062499999999997904,-0.0083333333333333367,0.0062500000000000481,1.3071942630101508e-17,-0.0041666666666665565,-0.0062500000000000029,0.02777777777777771,-0.035416666666666756,-0.03541666666666661,0.026388888888888851,0.013194444444444436,-0.0041666666666665539,-0.0097222222222221096,0.0062499999999998191,4.3676487559824702e-17,0.0034722222222221574,0.0083333333333332569,0.00069444444444440457,-0.013194444444444261,0.013888888888888803,-0.010416666666666546,-0.00069444444444431296,0.031250000000000104,-0.029166666666666636,0.013194444444444483,0.035416666666666638,-0.013194444444444458,0.0041666666666666631,0.065277777777777699,-0.13124999999999992,0.065972222222222196,0.03541666666666661,-0.035416666666666534,0.026388888888888951,-0.004166666666666618,-0.031250000000000049,0.065972222222222168,0.00069444444444436164,0.00069444444444435101,0.49166666666666642,0.03124999999999982,5.1340962715851571e-17,-0.06527777777777774,0.13124999999999998,-0.013194444444444346,0.0041666666666667187,0.00069444444444438235,0.035416666666666666,-0.010416666666666571,0.0034722222222223795,-0.0062499999999999648,0.13125000000000003,-0.065277777777777976,-0.065972222222222293,0.013888888888888881,0.013888888888888833,0.0041666666666665712,-0.029166666666666716,-0.00069444444444447147,-0.035416666666666777,0.0006944444444444564,1.2929459013960413e-17,-0.00069444444444419879,-2.9116828383161951e-17,-0.0041666666666666788,0.00069444444444446626,-0.010416666666666609,-0.0062499999999999379,-0.013194444444444389,-0.0097222222222221946,-0.001388888888888769,0.00069444444444439514,-0.0062499999999998277,-0.010416666666666533,0.0034722222222221765,-0.0062500000000000428,0.013194444444444458,-0.029166666666666632,0.0097222222222222068,-0.0062499999999998702,0.0041666666666665209,-0.013888888888888737,-0.0034722222222221852
e077,0.029166666666666764,-0.065277777777777865,0.00069444444444443222,0.035416666666666645,-0.035416666666666742,-0.031250000000000035,0.06597222222222214,0.00069444444444441498,-0.035416666666666742,-0.0041666666666667213,0.026388888888889073,0.01319444444444437,0.035416666666666548,0.0062500000000000949,-0.013888888888889008,-0.027777777777778033,0.013194444444444569,-6.8828487410393255e-17,6.999006324398768e-17,-0.013194444444444528,-0.029166666666666567,0.0097222222222221408,0.0062499999999999344,0.013194444444444332,0.00069444444444455744,4.1402693676573746e-17,-0.00069444444444452286,4.5424927218244394e-17,-0.027777777777777807,0.03541666666666677,-0.013888888888888893,0.0062499999999999761,0.00069444444444449337,0.0041666666666666753,0.001388888888888879,-0.0062499999999998269,-0.0062499999999998945,0.013194444444444342,-0.010416666666666729,0.0034722222222223044,-0.0013888888888889698,-0.0041666666666665712,0.00069444444444446041,0.035416666666666555,-0.065277777777777851,-0.013194444444444399,0.010416666666666609,0.0062500000000000255,-0.0034722222222222801,-0.031250000000000049,0.013888888888888808,0.013194444444444432,0.0041666666666665044,0.0034722222222223291,0.0062500000000000619,1.4240854273483676e-16,0.0041666666666664957,-0.026388888888888792,0.0062500000000001235,0.0097222222222222536,-0.065972222222222335,0.03541666666666668,0.00069444444444451213,-0.0041666666666665998,0.013888888888888881,-8.2662966298446825e-17,0.065972222222222154,-0.13124999999999989,0.013888888888888737,-0.24583333333333324,-3.6719929261162264e-17,0.24583333333333335,0.013194444444444465,-0.0083333333333334703,-0.0041666666666667533,-0.13124999999999992,0.03124999999999982,0.4916666666666667,0.00069444444444451971,0.0041666666666667282,-0.013194444444444354,0.13124999999999995,-0.065277777777777782,4.6943691511159144e-17,0.0006944444444442285,0.065277777777777948,-0.029166666666666584,-0.0006944444444444332,-0.013888888888888779,0.010416666666666786,0.0041666666666667082,-0.13125000000000001,-0.029166666666666723,-0.065972222222222376,0.0034722222222222827,-0.0062500000000001079,0.01319444444444429,0.035416666666666569,-0.013194444444444425,0.0041666666666668305,-0.0097222222222221356,0.013888888888888866,-0.010416666666666649,0.00069444444444443862,0.0097222222222221443,-0.0062500000000000168,-6.7991008880848001e-17,-0.031249999999999917,-2.2196649066015636e-20,-0.013194444444444444,-0.0083333333333333367,0.0062499999999997991,-0.0041666666666667082,0.0041666666666666458,-0.013888888888888843,-0.0041666666666666146,-0.00069444444444443829,0.0041666666666666423,-0.0062500000000000637,-0.0083333333333332985
e078,-0.0041666666666666415,-0.0013888888888888347,-0.00069444444444452665,0.0062500000000000411,-0.0062500000000000454,-0.035416666666666888,0.013888888888888815,0.027777777777777807,6.6550517289031893e-17,1.3394593286561938e-16,0.00069444444444433974,-0.00069444444444436944,-0.0062500000000001582,0.029166666666666792,-0.0097222222222224115,-0.013194444444444687,-0.013194444444444391,0.00624999999999995,0.010416666666666451,-0.0034722222222223088,-0.0062500000000000116,0.013888888888888919,-0.035416666666666735,0.027777777777777801,-0.013194444444444434,0.004166666666666749,-0.026388888888888927,0.035416666666666714,-0.0006944444444443547,0.031250000000000028,-0.06597222222222196,0.035416666666666867,-0.00069444444444432684,-0.029166666666666598,0.065277777777777754,-0.035416666666666825,2.0096864906765626e-17,-0.013194444444444528,1.6108520499561045e-16,0.013194444444444431,-0.013194444444444307,-1.0367788492998066e-16,0.0097222222222220593,-0.029166666666666664,0.013194444444444394,0.013888888888888846,-0.031249999999999972,0.0041666666666667143,0.013194444444444323,-0.0062499999999999709,0.004166666666666697,0.0083333333333334529,-0.0062500000000000203,0.013888888888888678,0.0041666666666666059,-0.0041666666666666657,-0.029166666666666639,0.0097222222222220836,0.010416666666666574,-0.00069444444444446681,0.0034722222222222008,-1.2287271537313906e-16,-0.065972222222221974,0.035416666666666721,-0.0006944444444443444,-0.0062500000000001148,0.00069444444444438105,0.0041666666666667091,-0.065277777777777754,-0.013888888888889003,0.03124999999999999,-0.013194444444444575,0.065277777777777699,-0.13125000000000009,-1.2855620877121827e-16,0.010416666666666678,5.1340962715851571e-17,0.00069444444444451971,0.49166666666666664,0.13125000000000001,0.24583333333333338,0.004166666666666651,0.013888888888888966,-0.0041666666666666336,0.065972222222222252,0.013194444444444578,0.0041666666666665851,0.013888888888888952,-0.24583333333333326,-0.13124999999999998,-0.13124999999999992,-0.0083333333333332864,0.035416666666666638,0.00069444444444436695,-0.065972222222222182,1.4305373845153316e-16,-0.065277777777777948,-0.0041666666666666328,-0.001388888888888923,0.0062500000000000593,0.026388888888888996,-0.013194444444444602,-0.0062500000000000177,-0.0097222222222222328,0.00069444444444445965,-0.031250000000000083,-0.035416666666666805,0.010416666666666739,0.0041666666666667655,0.0034722222222222832,-0.013194444444444446,-0.0041666666666665166,-0.013888888888888874,-2.2612806432722347e-17,-0.003472222222222301,-0.0062500000000000324,0.0041666666666667126,-0.00069444444444445423,-0.0083333333333332257,-0.0062500000000000437
e079,0.013194444444444431,0.0062500000000000255,-0.029166666666666754,0.0097222222222221339,0.0013888888888889282,0.000694444444444459,0.0041666666666665643,-0.00625000000000012,-0.00069444444444466456,-0.065972222222222293,0.035416666666666638,0.031250000000000243,0.0034722222222223296,-0.009722222222222205,0.006249999999999872,3.2781718466342528e-17,0.0041666666666664758,-0.013888888888888928,-0.00069444444444447797,0.010416666666666439,0.00069444444444441606,-0.031249999999999941,0.065972222222222085,-0.035416666666666964,0.010416666666666541,-0.00069444444444436966,0.0041666666666666718,-0.013888888888888798,-2.3198292422857054e-17,-0.065972222222222057,0.13124999999999984,-0.065277777777777768,-0.0041666666666666709,0.013194444444444405,-0.035416666666666693,0.02638888888888918,-0.013194444444444533,0.029166666666666764,-0.0097222222222222744,-0.0062499999999999622,-0.0062499999999999977,0.0034722222222222194,-0.029166666666666612,0.06527777777777756,-0.035416666666666791,-0.0062499999999998642,0.00069444444444448155,0.0013888888888891236,0.0041666666666666267,0.0097222222222222449,-2.7751667744690371e-18,-0.0062499999999999327,-0.0034722222222222251,-0.00416666666666654,-0.013194444444444583,-0.013888888888889015,-0.00069444444444457132,0.0062500000000000368,-0.0034722222222222927,0.010416666666666673,-0.0062500000000001964,-0.013194444444444517,-1.0767813401527269e-16,0.00069444444444451885,6.886621834962807e-17,0.027777777777777849,-0.035416666666666666,0.013888888888888977,0.13124999999999984,0.0041666666666665408,-0.013194444444444443,0.0083333333333333228,-3.3069183416211078e-18,-0.24583333333333326,0.24583333333333351,-0.01388888888888886,-0.06527777777777774,0.0041666666666667282,0.13125000000000001,0.49166666666666653,0.1312500000000002,0.00069444444444439948,-0.010416666666666583,0.013888888888889041,-0.031250000000000104,-0.031250000000000111,0.00069444444444444642,-0.035416666666666576,5.6701404018972302e-17,0.065277777777777796,0.065972222222222099,0.013194444444444646,-0.013194444444444528,-0.0041666666666665617,0.035416666666666756,0.00069444444444447526,0.029166666666666695,0.026388888888888785,-0.0041666666666666441,0.013194444444444399,-0.03541666666666661,1.0714115885922328e-16,0.01319444444444445,4.2469880387383219e-17,-0.006250000000000101,0.013888888888888973,0.027777777777777898,-0.013194444444444479,0.013194444444444561,-1.5309427278056408e-16,0.004166666666666514,0.013888888888888971,-0.0041666666666664931,0.0041666666666668609,-0.0062500000000001331,0.0083333333333336836,-0.0062499999999999787,-0.0083333333333331094,-0.00069444444444453728,0.0041666666666667143
e080,-0.0354166666666667,-0.00069444444444460341,0.065277777777777907,-0.029166666666666612,0.0041666666666667551,-0.031250000000000049,0.013194444444444313,0.013888888888888805,9.7219951225437326e-17,0.13124999999999998,-0.06527777777777774,-0.065972222222222029,-0.010416666666666697,-0.0062500000000000029,0.003472222222222062,0.013194444444444498,-0.026388888888889024,0.035416666666666638,0.0041666666666667108,-0.013194444444444432,0.0041666666666668106,0.013194444444444538,-0.031249999999999896,0.013888888888888751,-0.0034722222222221869,0.010416666666666735,-0.01319444444444454,0.0062499999999999145,0.00069444444444442864,0.035416666666666617,-0.065277777777777712,0.029166666666666809,-0.0013888888888889095,0.0062499999999998807,-0.00069444444444460363,-0.0041666666666667646,-1.7369066152598072e-16,-0.0097222222222221859,0.0062500000000000437,0.0034722222222223244,-0.0097222222222220524,0.0062499999999999266,0.013194444444444295,-0.035416666666666749,0.026388888888888722,0.027777777777777759,-0.035416666666666638,-0.0062500000000000671,0.013888888888888916,8.1217626614918439e-17,-0.0041666666666666918,0.0041666666666667273,-5.12654040653412e-17,0.00069444444444431697,0.0083333333333333801,0.0041666666666667629,-0.0354166666666667,0.013194444444444306,0.0062499999999998312,-0.013888888888888722,0.013194444444444559,-1.2877515394982382e-16,-0.065277777777777671,0.029166666666666459,0.00069444444444436825,-0.035416666666666721,0.065972222222222252,-0.031249999999999951,-0.065972222222222349,0.013888888888888843,-0.0041666666666667377,0.00069444444444444762,0.065972222222222182,-0.13125000000000014,-3.2012911489189302e-17,0.0041666666666665868,0.13124999999999998,-0.013194444444444354,0.24583333333333338,0.1312500000000002,0.49166666666666692,0.0083333333333334234,0.00069444444444459626,0.0041666666666668704,0.00069444444444443417,0.013888888888888852,-0.0062499999999999258,0.027777777777777832,0.24583333333333338,2.3542347694257057e-18,-8.07704733597454e-17,-0.0041666666666666328,0.0041666666666667898,0.01388888888888894,-0.00069444444444430992,-1.0079174541940256e-17,0.00069444444444454042,-0.035416666666666527,-0.00069444444444445098,-0.029166666666666556,0.013194444444444559,0.013194444444444413,-0.010416666666666642,0.0034722222222222801,0.0013888888888889423,0.0041666666666667022,-0.0062500000000000003,0.0062500000000000177,-0.031249999999999906,-0.0097222222222221322,0.0006944444444443946,-0.010416666666666533,0.013888888888888876,2.9989013764589292e-17,0.009722222222222408,-0.0062500000000000489,0.0083333333333334789,0.013194444444444472,-0.0041666666666666683,-0.0062500000000000819
e081,-0.013194444444444509,0.035416666666666721,0.0041666666666667317,-0.026388888888888799,0.065277777777777976,0.065972222222221918,-0.13125000000000003,7.6921766028721092e-17,0.013888888888888989,0.00069444444444455799,-0.0041666666666669017,-0.010416666666666781,-0.065972222222222168,-0.00069444444444440067,0.031249999999999858,0.035416666666666666,-0.029166666666666733,0.013194444444444507,0.0097222222222221374,0.0062500000000000541,0.0097222222222221946,-0.0062500000000000368,-0.0034722222222222055,-1.339202828333749e-16,-0.031249999999999972,0.065972222222222335,-0.035416666666666645,0.00069444444444450714,0.0062500000000000307,-0.00069444444444451516,-0.0041666666666667108,-0.0013888888888889542,0.029166666666666816,-0.013194444444444337,-0.0062499999999999544,-0.0097222222222222172,0.013888888888888826,-0.0041666666666665964,0.00069444444444419077,-0.010416666666666531,-0.0041666666666666761,-0.013194444444444429,-0.0062499999999999925,-0.013194444444444451,0.029166666666666591,1.2723560396694525e-16,-0.013194444444444403,0.01319444444444458,-7.2900280123699772e-17,0.013888888888888933,0.004166666666666527,-0.0041666666666666935,-0.013888888888888994,0.0062500000000000784,-0.0083333333333333801,-0.0041666666666666545,0.00069444444444453251,0.035416666666666527,-0.013194444444444406,3.2836079792111909e-17,0.035416666666666458,-0.027777777777777724,-0.0041666666666666258,0.026388888888888913,-0.035416666666666714,0.00069444444444455679,-0.031249999999999816,0.065972222222222182,-0.010416666666666718,-4.5214008381352682e-17,-0.065277777777777712,0.13125000000000003,-0.031250000000000021,0.013194444444444368,0.01388888888888886,0.065277777777777754,-0.013194444444444346,0.13124999999999995,0.004166666666666651,0.00069444444444439948,0.0083333333333334234,0.49166666666666664,0.13125000000000009,0.2458333333333334,-0.03541666666666661,-6.0576851172922154e-17,-0.00069444444444442571,-3.3074609937155023e-17,0.0041666666666667204,-0.01388888888888882,0.013888888888888803,-0.24583333333333315,0.065277777777777948,-1.461021714058361e-17,-0.0062500000000001331,0.027777777777777641,-0.035416666666666645,0.00069444444444456395,-0.0062499999999999726,0.0013888888888888568,-0.0062499999999999908,-0.0062499999999999934,0.0034722222222222485,-0.010416666666666597,-0.029166666666666605,0.0097222222222221114,0.013194444444444599,0.00069444444444435893,-0.0034722222222222082,-0.0041666666666666866,0.006249999999999924,0.0034722222222222984,-1.5262023370621629e-17,0.013888888888888892,0.0041666666666666432,0.013194444444444462,-0.0083333333333333228,-0.006249999999999983,0.0041666666666667126,-0.00069444444444442203
e082,0.0062500000000000585,-0.027777777777777801,-0.013888888888889022,0.035416666666666673,-1.1427484262676149e-16,2.70861963758772e-16,-0.24583333333333343,0.2458333333333334,0.0041666666666665591,0.0083333333333331858,-0.013194444444444472,0.00069444444444439937,0.13125000000000014,-7.2307864965432732e-17,-0.065972222222222265,-0.06527777777777781,-0.0006944444444443882,-0.0041666666666667455,0.0062499999999998859,-0.0013888888888888803,-0.006249999999999957,0.0083333333333333835,-0.0062499999999998555,0.004166666666666599,0.013194444444444323,-0.031249999999999913,0.013888888888888899,0.0041666666666667568,0.0097222222222221912,-0.029166666666666605,0.013194444444444606,0.0062500000000001851,-0.013194444444444583,1.7536419385731283e-16,0.013194444444444547,1.077683802830879e-16,-0.0041666666666666328,-0.013888888888888938,0.004166666666666736,0.013888888888888808,0.00069444444444453945,0.0083333333333332239,0.0034722222222222988,3.8591834052547957e-17,-0.0097222222222220541,0.013194444444444479,-0.0062499999999998945,-0.01041666666666669,0.0034722222222222342,-0.010416666666666664,0.00069444444444429604,0.013888888888888907,-0.0041666666666666926,-0.0041666666666667308,0.0062500000000000316,0.0062499999999999414,-1.566729088345973e-16,-0.0006944444444444345,0.029166666666666608,-0.009722222222222205,-0.013194444444444462,0.0062499999999999899,-0.0013888888888888774,-0.0041666666666665426,-0.00069444444444444089,-0.0062499999999999839,0.013888888888888788,-0.035416666666666673,0.0034722222222222511,-0.00069444444444445466,0.035416666666666707,-0.065972222222222127,0.00069444444444456579,0.004166666666666631,-0.0062499999999999101,-0.029166666666666702,0.0041666666666667187,-0.065277777777777782,0.013888888888888966,-0.010416666666666583,0.00069444444444459626,0.13125000000000009,0.4916666666666667,0.13125000000000006,0.02638888888888891,-0.065277777777777629,0.035416666666666617,0.00069444444444448936,-0.013194444444444372,0.031249999999999847,-0.0041666666666665131,-5.4419960702068588e-19,-0.13125000000000012,0.065972222222222279,0.00069444444444432434,-0.035416666666666465,0.065972222222222293,-0.031249999999999868,0.013888888888888808,0.0041666666666667187,0.027777777777777873,-0.013194444444444398,-5.183424111418505e-17,0.013194444444444385,0.065277777777777879,-0.029166666666666584,-0.035416666666666707,0.03541666666666677,0.010416666666666614,0.02638888888888875,-0.0097222222222221443,-0.0062499999999999917,-0.013194444444444372,-0.035416666666666576,0.0006944444444445388,-0.031250000000000007,0.013194444444444668,-0.0034722222222221036,-4.1688982548007342e-17,0.0041666666666666675
e083,-0.0034722222222223001,0.0062500000000000359,0.010416666666666716,-0.013194444444444467,0.065972222222222321,0.065277777777777532,-0.13124999999999998,-1.9634642928266833e-17,-0.013888888888888895,-0.013194444444444392,0.031249999999999691,-0.0041666666666666588,-0.065277777777777837,0.00069444444444437367,0.035416666666666471,0.029166666666666723,-0.035416666666666735,0.026388888888888948,0.013194444444444441,-0.0041666666666664853,-0.0034722222222222463,-0.0062499999999998191,0.0097222222222222068,-5.8638643141305077e-17,0.0041666666666666857,0.00069444444444454292,-0.0062500000000001001,0.0013888888888889026,-0.02916666666666666,0.06527777777777781,-0.035416666666666756,-0.0006944444444446007,-0.006250000000000179,0.013194444444444568,-0.010416666666666671,0.0034722222222222038,-0.01388888888888898,0.031249999999999958,-0.013194444444444503,-0.0041666666666666345,-0.010416666666666654,0.00069444444444450876,-0.010416666666666659,0.013194444444444349,-0.0062499999999998945,9.7291862909338996e-17,-0.0097222222222220957,0.0034722222222222862,0.0062499999999999292,0.00069444444444449738,0.0083333333333332343,0.0041666666666666345,-0.013194444444444581,0.0062499999999999735,-0.0041666666666666527,-0.0083333333333333141,-0.00069444444444419424,0.031250000000000042,-0.0097222222222222016,0.0062499999999999535,0.0041666666666665946,-0.01388888888888882,0.0062499999999998382,0.013194444444444529,-0.029166666666666743,0.0013888888888889286,0.0041666666666666146,0.00069444444444436023,-0.0062500000000001339,-3.2519980394670729e-17,0.00069444444444429398,1.700076286563172e-16,-0.035416666666666638,0.013888888888888709,0.027777777777777683,-0.00069444444444454151,0.00069444444444438235,4.6943691511159144e-17,-0.0041666666666666336,0.013888888888889041,0.0041666666666668704,0.2458333333333334,0.13125000000000006,0.4916666666666667,-0.0041666666666664636,0.13124999999999998,-0.065972222222222265,1.4269826325356497e-16,0.0083333333333333523,-0.013194444444444536,0.00069444444444440175,0.24583333333333324,0.065972222222222252,-0.13124999999999998,0.0041666666666666545,0.013888888888888978,-0.031249999999999851,0.065972222222222168,-0.035416666666666839,0.00069444444444432369,-0.035416666666666624,0.029166666666666778,-0.0097222222222223161,-0.0062499999999999578,-0.035416666666666548,0.01319444444444442,0.026388888888888976,-0.065277777777777893,-0.013194444444444307,-0.035416666666666749,-1.7697456096875028e-17,0.013194444444444384,1.1605685166593838e-16,0.027777777777777745,-0.0062499999999999015,0.013888888888888843,-0.0041666666666666441,4.2497282641156166e-17,-0.0041666666666666389,-0.01388888888888884
e084,-0.0041666666666666267,-0.013888888888889067,0.013888888888888876,0.004166666666666631,-8.7058101154987793e-17,-1.2374486036171917e-17,-0.013194444444444373,0.01319444444444472,-0.0062499999999999015,0.029166666666666795,-0.013194444444444415,-0.0097222222222221964,-0.0041666666666667464,0.031250000000000014,-0.013888888888888938,-0.01319444444444428,-0.004166666666666422,0.0062500000000000871,0.0062499999999999544,-0.0083333333333335466,-0.0062499999999999613,0.0013888888888889687,0.0041666666666666076,0.00069444444444468527,0.065277777777777976,-7.1591845224241403e-18,0.065972222222222168,-0.13124999999999984,-0.0006944444444446264,-0.008333333333333335,0.01319444444444442,-0.0041666666666664654,-0.24583333333333329,-6.0778138580614222e-17,0.24583333333333335,5.8588087910067727e-17,-0.03541666666666686,0.013888888888888749,-0.0062499999999998061,0.027777777777777814,0.00069444444444453825,0.029166666666666688,-0.0034722222222223166,0.010416666666666546,-0.013194444444444385,0.013194444444444483,0.0041666666666667195,-0.031250000000000111,0.013888888888888892,3.13641185827357e-17,-0.0097222222222221044,0.0034722222222223517,0.0062500000000000212,-0.00069444444444456894,0.0062499999999998937,-0.0041666666666667481,-9.1775356605119339e-17,-0.0041666666666667152,0.0083333333333331702,0.00069444444444439698,-0.0097222222222221183,0.0062499999999999735,0.02638888888888884,-0.035416666666666582,0.013194444444444346,-0.0062500000000000888,0.027777777777777665,-0.035416666666666638,0.013888888888889032,0.065277777777777823,-0.13124999999999978,0.065972222222222085,-0.013194444444444524,0.03541666666666677,0.0041666666666666284,-0.029166666666666716,0.035416666666666666,0.0006944444444442285,0.065972222222222252,-0.031250000000000104,0.00069444444444443417,-0.03541666666666661,0.02638888888888891,-0.0041666666666664636,0.49166666666666659,-0.013194444444444398,0.004166666666666716,0.00069444444444432358,-0.065277777777777768,-1.431077909733472e-16,0.13125000000000014,0.03125000000000018,0.0354166666666667,0.013888888888888706,-0.065277777777777879,0.13125000000000017,-0.065972222222222307,-0.010416666666666489,0.0034722222222222424,-0.0062499999999997271,0.013888888888888907,0.00069444444444448198,1.3989819127308599e-16,-0.00069444444444434624,-0.00069444444444442062,-0.02916666666666674,-0.035416666666666791,0.0041666666666667533,-5.4697771995857479e-17,-0.0013888888888888083,-0.013194444444444351,-0.0062499999999998009,-0.0097222222222222779,-0.0041666666666665226,0.00069444444444439752,-0.010416666666666815,0.013194444444444557,0.0034722222222221726,-0.010416666666666574,-0.0062500000000000446
e085,-0.006250000000000068,0.0097222222222222328,-0.0034722222222222654,7.2186186531593063e-17,-0.031250000000000062,-0.035416666666666895,0.065972222222222168,0.00069444444444422264,0.0062499999999999301,-0.0041666666666666258,-0.00069444444444447602,-0.0013888888888889145,0.029166666666666664,-0.0062499999999999205,-0.01319444444444459,-0.0097222222222223941,0.013888888888889018,-0.00416666666666686,-0.01041666666666651,0.00069444444444439492,0.006250000000000009,0.0097222222222223351,-0.029166666666666684,0.01319444444444454,-0.026388888888888965,0.035416666666666582,-0.013194444444444437,0.0041666666666665261,0.065277777777777879,-0.13124999999999995,0.065972222222222168,9.9369866886218514e-17,0.013888888888888978,-0.0041666666666668071,0.00069444444444449228,-0.010416666666666841,0.035416666666666707,-0.065972222222222113,0.031249999999999924,-0.00069444444444436977,0.013194444444444595,-0.0041666666666667117,0.013888888888888905,-0.035416666666666548,0.027777777777777901,0.0041666666666666458,5.7653587759362716e-17,6.5672727918218348e-17,-0.0041666666666666527,0.0041666666666664758,-0.013194444444444599,0.00069444444444428683,0.008333333333333269,0.0034722222222222324,-7.3431436707535385e-17,0.0062500000000000342,-0.0041666666666665651,-0.013194444444444625,0.0062500000000001695,-0.0083333333333335848,0.013888888888888978,0.0041666666666666085,-0.013194444444444406,-7.6770565583491209e-17,0.01319444444444446,-0.0062500000000000246,-0.013194444444444342,0.029166666666666625,0.00069444444444437367,0.00069444444444431198,-0.031250000000000222,0.065972222222222252,0.026388888888888986,-0.0041666666666666631,-0.035416666666666784,0.035416666666666673,-0.010416666666666571,0.065277777777777948,0.013194444444444578,-0.031250000000000111,0.013888888888888852,-6.0576851172922154e-17,-0.065277777777777629,0.13124999999999998,-0.013194444444444398,0.49166666666666675,0.13124999999999978,0.24583333333333318,0.0006944444444444783,0.004166666666666625,0.0083333333333332951,0.13124999999999978,-0.03541666666666677,-0.24583333333333329,-0.013888888888888748,0.0041666666666667134,0.013888888888888899,7.6062781830283693e-17,-0.00069444444444424736,-1.9457923133784719e-16,0.065277777777777754,0.00069444444444419229,-0.0062499999999999023,0.0013888888888887272,0.027777777777777759,-0.0062500000000000446,-0.035416666666666707,-1.3035207588162704e-16,-0.0062499999999999179,0.00069444444444450475,0.0097222222222222415,-0.029166666666666671,0.01319444444444451,-0.0062500000000000194,0.0034722222222225239,-0.010416666666666631,0.013888888888888888,0.0034722222222223322,0.0062500000000000134,-0.0041666666666666536
e086,0.0083333333333334494,-0.0062499999999998989,-0.0062500000000000498,0.0041666666666665703,0.013194444444444455,0.013888888888888978,-0.031250000000000215,0.0041666666666666571,0.0097222222222222692,0.013194444444444432,-0.029166666666666799,0.00624999999999995,-0.01319444444444433,0.013194444444444516,-1.2058733662214919e-16,-8.8342340876260525e-17,-0.0041666666666664845,-0.013888888888888909,0.013888888888888975,0.004166666666666461,-0.0013888888888888625,0.0062499999999999457,-0.00069444444444428162,-0.0041666666666667004,0.035416666666666652,-0.027777777777777724,0.0062500000000000732,-0.013888888888888852,-4.3517074327385557e-17,-0.24583333333333343,3.6670444201886114e-17,0.24583333333333349,0.0041666666666666284,-0.013194444444444474,0.0083333333333333957,0.00069444444444442821,-0.065277777777777851,0.13125000000000014,-0.065972222222222307,6.1092038068660874e-17,-0.029166666666666653,-0.00069444444444445195,0.0041666666666666467,0.0006944444444445955,-0.0062499999999999761,-0.0062500000000000801,-0.0034722222222222177,0.0097222222222220472,4.0479606619873826e-17,-0.013888888888888883,0.031249999999999941,-0.0041666666666667343,-0.013194444444444434,-0.010416666666666737,0.013194444444444573,0.0034722222222223287,0.00069444444444440186,0.0083333333333331216,-0.0041666666666668037,0.0062500000000001053,-0.010416666666666654,0.00069444444444443612,-0.0062499999999998564,0.013194444444444417,-0.010416666666666565,0.0034722222222222923,4.1395672220095456e-17,-0.0097222222222223785,-2.2245211759307949e-17,-0.0062500000000001053,0.013888888888888789,-0.035416666666666603,-0.0041666666666667204,-0.0013888888888889167,-0.0006944444444445054,-0.013194444444444522,0.0034722222222223795,-0.029166666666666584,0.0041666666666665851,0.00069444444444444642,-0.0062499999999999258,-0.00069444444444442571,0.035416666666666617,-0.065972222222222265,0.004166666666666716,0.13124999999999978,0.49166666666666681,0.13124999999999984,-0.010416666666666474,0.01388888888888882,0.00069444444444441943,-0.065277777777777768,0.026388888888888788,2.7873220668008222e-18,0.031250000000000167,-0.013194444444444457,-0.004166666666666664,-0.065277777777777823,0.035416666666666742,0.00069444444444417754,-0.13125000000000009,-0.031249999999999958,0.01388888888888898,0.0041666666666666666,-0.035416666666666791,0.00069444444444453403,0.065972222222222252,0.065972222222222029,0.027777777777777783,0.035416666666666617,-0.029166666666666664,0.065277777777777823,-0.035416666666666582,-0.013194444444444457,-1.3975636613078148e-17,0.013194444444444439,-0.035416666666666638,-0.0062499999999999422,-0.0097222222222222553,0.026388888888888906
e087,-0.0062500000000000463,-0.0034722222222223461,0.0097222222222222328,3.4719070537052851e-17,0.0041666666666668349,-0.0062500000000003863,0.00069444444444457707,0.0013888888888886979,-0.029166666666666757,-0.0354166666666667,0.065277777777777768,-0.00069444444444440544,-0.0062499999999999457,-0.010416666666666533,0.013194444444444418,0.0034722222222222606,-0.013888888888889049,0.031249999999999976,-0.0041666666666667143,-0.013194444444444616,-0.0041666666666667256,0.013194444444444552,-0.035416666666666763,0.026388888888888861,-0.013194444444444431,0.0062499999999999223,-0.0034722222222222203,0.010416666666666591,0.06597222222222214,-0.13125000000000006,0.065277777777777782,2.033129478273178e-16,-0.013888888888888841,0.03124999999999992,-0.013194444444444517,-0.0041666666666666779,0.029166666666666601,-0.065277777777777629,0.035416666666666645,0.00069444444444452405,0.0097222222222222883,0.0062500000000001018,0.013194444444444422,-0.031249999999999816,0.013888888888888959,0.0083333333333333749,-0.0062499999999999336,-0.0062499999999999657,0.0041666666666666042,-0.0041666666666667984,-0.013888888888889013,0.013888888888888765,0.0041666666666664576,0.013194444444444496,-4.7227958501980045e-17,-1.21037224182186e-16,-0.01041666666666664,0.00069444444444427956,0.0062499999999999457,-0.0041666666666666605,0.00069444444444442918,0.0083333333333332673,-0.0097222222222222449,2.7190545123125951e-17,0.0034722222222222871,-0.010416666666666583,0.01319444444444454,-0.0062499999999999448,-0.00069444444444452936,0.0013888888888887888,0.0041666666666666085,0.00069444444444440956,0.01319444444444451,0.0062500000000000775,-0.029166666666666639,0.0041666666666666649,-0.0062499999999999648,-0.0006944444444444332,0.013888888888888952,-0.035416666666666576,0.027777777777777832,-3.3074609937155023e-17,0.00069444444444448936,1.4269826325356497e-16,0.00069444444444432358,0.24583333333333318,0.13124999999999984,0.49166666666666664,0.013888888888888931,-0.0041666666666666987,0.0041666666666666857,1.0053423646592481e-16,-0.0041666666666667585,0.24583333333333332,-0.013194444444444325,0.008333333333333328,0.00069444444444443352,0.13125000000000014,-0.065972222222222252,-1.6923955161169275e-16,0.065972222222222265,0.065972222222222127,-0.035416666666666666,0.00069444444444436326,0.013888888888888808,0.0041666666666667195,-0.031249999999999899,-0.13125000000000017,-0.035416666666666666,-0.065277777777777629,0.01319444444444437,-0.035416666666666569,0.026388888888888865,0.029166666666666702,-0.0097222222222219691,-0.0062499999999999578,0.027777777777777783,0.013194444444444484,-6.4614617796505252e-17,-0.035416666666666631
e088,-0.031250000000000069,0.00069444444444419131,0.065972222222222363,-0.0354166666666667,0.010416666666666614,0.0041666666666667559,-0.0006944444444444397,-0.013888888888888961,1.7991870413263181e-17,0.13124999999999989,-0.065972222222222057,-0.065277777777777851,-0.0041666666666664975,-0.035416666666666742,0.013194444444444432,0.026388888888889059,-0.01319444444444451,0.029166666666666601,-0.0062499999999997861,-0.0097222222222220576,0.010416666666666753,-0.00069444444444441628,0.0041666666666667247,-0.013888888888888944,0.0097222222222221443,0.0062499999999999674,0.01319444444444424,-0.029166666666666893,0.001388888888888831,0.0041666666666666666,0.00069444444444447548,-0.0062499999999999804,-0.00069444444444451364,0.035416666666666513,-0.065972222222222224,0.031250000000000035,-6.3156898041054874e-17,0.0034722222222222719,0.0062499999999999691,-0.0097222222222221599,0.0034722222222222173,0.0062499999999999813,0.0034722222222223096,-0.0062500000000000645,0.013194444444444335,0.013888888888888919,-0.0041666666666666848,-0.010416666666666708,0.00069444444444445347,0.0062500000000000611,-0.0083333333333332829,-0.0041666666666666415,0.0062499999999998928,-0.013194444444444212,0.0041666666666666996,0.008333333333333387,-0.0062499999999999466,0.0034722222222221461,-0.0041666666666667802,-0.013194444444444415,0.0097222222222222848,-1.0139001946989277e-16,0.00069444444444437844,-0.0062500000000002198,0.0013888888888887276,-0.029166666666666681,0.06527777777777781,-0.035416666666666589,-0.00069444444444456297,0.027777777777777696,-0.035416666666666742,0.013888888888888978,0.00069444444444445249,-7.6347356228752506e-17,-3.1331945080630906e-19,-0.0062499999999999275,0.13125000000000003,-0.013888888888888779,-0.24583333333333326,5.6701404018972302e-17,0.24583333333333338,0.0041666666666667204,-0.013194444444444372,0.0083333333333333523,-0.065277777777777768,0.0006944444444444783,-0.010416666666666474,0.013888888888888931,0.49166666666666647,0.13125000000000006,0.13124999999999992,0.0041666666666665556,-0.031249999999999875,0.013194444444444462,0.06527777777777774,-1.2145791372891825e-16,0.065972222222222474,-0.031249999999999913,0.00069444444444430927,-0.035416666666666555,-0.013194444444444457,0.026388888888888892,-0.0041666666666666822,0.013194444444444391,0.00069444444444462846,0.035416666666666645,0.02916666666666666,-0.0041666666666666363,-0.035416666666666645,-0.013194444444444405,0.013888888888888819,-0.0062499999999999795,0.027777777777777641,-1.997574199055048e-17,0.013194444444444606,-5.4093854161406016e-17,0.0041666666666667403,0.013888888888888824,0.0041666666666665972,1.2586570092652772e-19
e089,0.013888888888888911,-0.006249999999999957,-0.035416666666666902,0.027777777777777738,-0.013194444444444528,-0.026388888888888601,0.0041666666666666033,0.035416666666666673,-0.00069444444444440511,-0.065972222222222293,0.031249999999999854,0.035416666666666902,-0.00069444444444462055,0.065277777777778087,-0.029166666666666497,-0.035416666666666687,1.9489461657457123e-16,-0.013194444444444571,0.013194444444444347,3.7235433824239094e-17,-0.0034722222222220698,0.010416666666666756,-0.013194444444444682,0.0062500000000000732,0.0062499999999998807,-0.001388888888888851,-0.0041666666666667464,-0.00069444444444469937,-0.0062499999999998867,0.013888888888888853,-0.035416666666666763,0.027777777777777818,9.5769326864942577e-17,0.00069444444444429561,-3.685426223682706e-17,-0.00069444444444450356,-0.013194444444444323,-0.0062499999999999258,-0.0097222222222222397,0.029166666666666518,-0.010416666666666711,0.0034722222222221999,0.0062499999999998251,-0.0097222222222222796,2.3744234005328496e-17,0.0041666666666666241,-0.013194444444444389,0.00069444444444429377,0.008333333333333243,-0.0083333333333334217,0.006250000000000035,0.0062500000000000871,-0.0041666666666665617,-0.0041666666666665617,0.013888888888888963,0.00069444444444449434,-0.013194444444444516,-3.9962505848199551e-17,0.013888888888888907,0.0041666666666665417,-0.0062500000000000888,0.004166666666666697,-0.03124999999999999,0.013888888888888905,0.0041666666666665218,0.0097222222222221755,-0.029166666666666539,0.013194444444444498,-0.02916666666666674,-0.006249999999999957,0.00069444444444451831,0.004166666666666782,0.035416666666666666,-0.065972222222222376,-0.00069444444444440099,0.0034722222222224549,-0.065277777777777976,0.010416666666666786,-0.13124999999999998,0.065277777777777796,2.3542347694257057e-18,-0.01388888888888882,0.031249999999999847,-0.013194444444444536,-1.431077909733472e-16,0.004166666666666625,0.01388888888888882,-0.0041666666666666987,0.13125000000000006,0.49166666666666647,0.24583333333333318,0.00069444444444430851,0.065972222222222168,-0.0083333333333332829,-0.13125000000000001,-0.24583333333333326,-0.13125000000000014,0.013194444444444377,0.004166666666666638,0.013888888888888755,0.035416666666666569,-0.0041666666666665738,-0.001388888888888722,0.0062500000000001903,-1.2795164792178836e-17,-0.065972222222222099,-0.065277777777777782,0.0006944444444444461,0.026388888888888833,0.010416666666666841,-0.031250000000000007,0.0006944444444442903,-0.035416666666666652,-0.013194444444444387,-0.0062500000000000324,-0.0097222222222220663,5.076255312933309e-17,-0.0041666666666666016,-0.013194444444444389,0.0034722222222222125
e090,0.013194444444444436,0.0041666666666667464,-0.031250000000000201,0.01388888888888886,-0.003472222222222255,-0.013194444444444285,0.010416666666666531,0.0062500000000000186,0.00069444444444438451,-0.065277777777777865,0.035416666666666437,0.029166666666666889,-0.0013888888888886983,-0.00069444444444428065,0.0062500000000000515,-0.0041666666666668123,4.9907009162262878e-18,-0.0097222222222221131,0.0034722222222221977,0.0062499999999999067,-0.01319444444444442,0.004166666666666762,-0.02638888888888901,0.035416666666666825,-0.029166666666666785,-0.00069444444444427241,-0.03541666666666668,0.065277777777777518,0.004166666666666762,0.013194444444444344,-0.031250000000000062,0.0138888888888889,1.4803120901587972e-16,-0.065277777777777823,0.13124999999999998,-0.065972222222222321,0.01319444444444455,-0.010416666666666498,0.0034722222222221778,-0.006250000000000016,-0.0062500000000000663,-0.0097222222222222033,-7.2060688579048054e-17,-0.013194444444444463,-1.7379387299945599e-17,-0.0041666666666666701,-0.013888888888888781,0.013888888888888893,0.0041666666666665261,-0.0041666666666667837,0.0062500000000000871,0.0062500000000000836,-0.0083333333333334477,0.031250000000000139,-0.013888888888888843,-0.013194444444444484,-0.0097222222222220853,0.0062499999999997974,0.00069444444444454172,0.0083333333333331962,-1.3399062577765136e-16,-0.0041666666666667967,-0.035416666666666693,0.027777777777777683,-0.0062500000000001278,0.013194444444444627,-0.035416666666666562,0.026388888888889094,-0.035416666666666687,-0.035416666666666603,0.065972222222222307,-0.03124999999999992,0.029166666666666622,-0.065277777777777782,0.00069444444444445813,0.013194444444444528,-0.065972222222222293,0.0041666666666667082,-0.13124999999999992,0.065972222222222099,-8.07704733597454e-17,0.013888888888888803,-0.0041666666666665131,0.00069444444444440175,0.13125000000000014,0.0083333333333332951,0.00069444444444441943,0.0041666666666666857,0.13124999999999992,0.24583333333333318,0.49166666666666681,-0.013194444444444427,0.00069444444444451494,-0.0041666666666666111,-3.0817800468795707e-17,0.2458333333333334,-5.0273469152797018e-18,0.013888888888888848,-0.0062499999999998408,0.027777777777777606,0.0041666666666664784,-0.035416666666666735,-0.00069444444444424248,-0.029166666666666476,8.9563390338967554e-17,-0.00069444444444445206,0.00069444444444449348,0.013888888888888774,0.013194444444444283,0.0062500000000000585,0.004166666666666566,0.0013888888888888115,-0.0062499999999999995,0.013194444444444467,-0.010416666666666753,0.0034722222222222485,6.6398049591361039e-17,-0.010416666666666624,0.00069444444444444057,-0.0097222222222221998
e091,0.0097222222222222328,-0.029166666666666681,0.0062500000000000307,0.013194444444444425,0.00069444444444438918,-0.00069444444444433789,3.4279842115657732e-17,-7.7283005351164276e-17,-0.027777777777777964,-0.013888888888888895,0.035416666666666659,0.0062500000000001972,0.00069444444444428238,0.0013888888888889063,0.0041666666666667768,-0.0062500000000000428,-0.0062500000000000454,0.013194444444444443,0.0034722222222222888,-0.01041666666666659,-0.013194444444444467,2.6521126161262446e-16,0.013194444444444474,1.2144442928450284e-16,0.035416666666666742,-0.065277777777777865,0.029166666666666473,0.00069444444444450237,-0.035416666666666714,0.065972222222222293,-0.031250000000000076,0.00069444444444440511,-0.035416666666666978,0.026388888888888989,-0.004166666666666697,0.013194444444444512,-0.027777777777777932,0.035416666666666596,-0.013888888888888805,0.00624999999999995,-0.0062500000000001157,0.013888888888888938,-0.0041666666666666805,0.026388888888888833,-0.035416666666666596,-4.5008760918306581e-17,0.00347222222222232,-0.0097222222222222363,0.0062500000000001001,-0.013194444444444457,0.0041666666666666553,0.008333333333333335,0.00069444444444433941,-9.9329648974373063e-17,0.0041666666666666744,-0.0041666666666668834,-0.001388888888888763,-0.0041666666666664879,0.003472222222222268,0.0062500000000000116,-0.031249999999999972,0.013888888888888834,0.010416666666666664,-0.013194444444444387,0.0062500000000000706,0.00069444444444449185,0.035416666666666471,-0.065277777777777837,0.0041666666666665521,-8.080608938814933e-18,0.065972222222222154,-0.13124999999999992,-0.0041666666666667438,0.00069444444444440837,0.013888888888888862,-0.065972222222222349,0.013888888888888881,-0.13125000000000001,-0.0083333333333332864,0.013194444444444646,-0.0041666666666666328,-0.24583333333333315,-5.4419960702068588e-19,0.24583333333333324,0.03125000000000018,0.13124999999999978,-0.065277777777777768,1.0053423646592481e-16,0.0041666666666665556,0.00069444444444430851,-0.013194444444444427,0.49166666666666681,0.00069444444444443634,-0.13124999999999989,0.010416666666666815,-0.013888888888888746,0.0041666666666667412,0.065277777777777657,-0.029166666666666872,-0.00069444444444440164,-0.02916666666666665,0.035416666666666742,-0.01319444444444459,0.0041666666666666744,-0.0062499999999999795,0.0034722222222222875,0.013194444444444368,-0.06597222222222214,-0.0097222222222221044,-0.031250000000000035,-0.0062499999999999969,0.0097222222222221166,2.354809553982262e-17,0.013888888888888907,-0.010416666666666749,0.00069444444444437454,0.0041666666666667707,0.0062499999999999787,-0.0083333333333335084,-0.013194444444444516
e092,0.0013888888888889,-0.0062500000000000845,0.004166666666666716,0.00069444444444443753,0.065277777777777712,0.065972222222222043,8.1145648530981796e-17,-0.13124999999999989,-0.0006944444444440586,0.013194444444444616,-0.008333333333333609,-0.0041666666666667247,-0.2458333333333336,0.24583333333333335,-1.4566684193792397e-16,1.0528945467716919e-16,-0.035416666666666631,0.013888888888888958,0.027777777777777748,-0.0062499999999998668,-0.0083333333333334043,0.0062499999999998338,-0.0041666666666667178,0.0062500000000000402,0.0041666666666666727,-0.013888888888888827,-0.004166666666666775,0.013888888888888855,-5.7582534202729976e-17,-0.01319444444444472,-8.9844261363701425e-17,0.013194444444444453,-0.0062500000000000663,-0.013194444444444448,0.029166666666666532,-0.0097222222222223143,-0.013194444444444491,-0.0041666666666665686,-0.013888888888888751,0.031250000000000042,-0.0083333333333333436,-0.00069444444444426124,-0.0062500000000002233,0.0041666666666666527,-0.0062500000000002007,0.0041666666666667707,-0.013888888888888843,-0.00069444444444452232,0.010416666666666644,-0.0034722222222221388,0.010416666666666543,0.0062499999999999778,-0.013194444444444453,1.0045330399743424e-16,0.0097222222222222068,-0.0034722222222222533,0.00069444444444445835,0.029166666666666747,-0.00069444444444450768,0.0062500000000000394,-1.8531953184231136e-16,-0.0097222222222222571,0.0041666666666667022,0.013194444444444529,-0.031249999999999986,-0.0034722222222222428,0.010416666666666768,-0.013194444444444387,-3.0110804291492572e-17,-0.0062500000000000003,0.027777777777777745,-0.035416666666666714,-0.03541666666666686,0.026388888888888937,0.01319444444444445,-0.0097222222222221617,0.013888888888888833,-0.029166666666666723,0.035416666666666638,-0.013194444444444528,0.0041666666666667898,0.065277777777777948,-0.13125000000000012,0.065972222222222252,0.0354166666666667,-0.03541666666666677,0.026388888888888788,-0.0041666666666667585,-0.031249999999999875,0.065972222222222168,0.00069444444444451494,0.00069444444444443634,0.49166666666666675,0.031249999999999896,-1.5711862936354757e-16,-0.065277777777777643,0.13124999999999976,-0.013194444444444373,0.004166666666666546,0.00069444444444449055,0.035416666666666666,-0.010416666666666798,0.0034722222222222177,-0.0062500000000000151,0.13125000000000003,-0.065277777777777699,-0.065972222222222196,0.013888888888888956,0.013888888888888963,0.0041666666666667776,-0.029166666666666643,-0.0006944444444443148,-0.035416666666666735,0.00069444444444445325,-8.3930389669412646e-17,-0.00069444444444442441,-0.0041666666666665573,-0.0062500000000001183,-0.013194444444444302,-0.0013888888888888271
e093,8.2536777939472661e-18,-0.013194444444444555,0.013194444444444436,8.4830236578475552e-17,0.035416666666666867,0.0291666666666664,-0.065277777777777699,0.00069444444444454162,-0.035416666666666603,-0.031250000000000069,0.065972222222222113,0.00069444444444454357,-0.035416666666666631,-0.0041666666666666978,0.026388888888888861,0.013194444444444613,-0.02777777777777804,0.0354166666666667,0.0062499999999997757,-0.013888888888889072,-0.010416666666666633,0.0034722222222222428,-0.0062500000000000775,0.013194444444444328,0.013194444444444552,-0.029166666666666591,0.0097222222222222449,0.0062500000000000715,0.00069444444444430895,-8.6600696726772816e-17,-0.0006944444444443586,8.5313255480045766e-17,-0.027777777777777689,0.035416666666666749,-0.013888888888888867,0.0062500000000002363,-0.0062500000000000394,0.00069444444444445249,0.0041666666666666657,0.0013888888888888514,-0.0034722222222222966,0.010416666666666692,-0.0006944444444444436,0.0041666666666666033,-0.013888888888888871,0.004166666666666769,-0.0062500000000000082,-0.0062500000000000463,0.0083333333333332552,-0.0083333333333331875,-0.00069444444444450107,0.01319444444444447,-0.0041666666666667334,0.0097222222222222727,8.62664238341462e-17,-0.0062500000000000871,-0.0062500000000001357,0.013888888888888819,-9.2094921366275383e-17,0.0041666666666668956,-0.013194444444444512,0.0041666666666666588,0.0034722222222221691,9.520796071329393e-17,-0.0097222222222221183,-0.0041666666666665903,0.026388888888888799,-0.035416666666666645,-0.0013888888888888879,0.00069444444444447233,0.035416666666666784,-0.065277777777777754,-0.013194444444444425,0.010416666666666725,0.0062500000000000446,-0.031250000000000021,0.0041666666666665712,-0.065972222222222376,0.00069444444444436695,-0.0041666666666665617,0.01388888888888894,-1.461021714058361e-17,0.065972222222222279,-0.13124999999999998,0.013888888888888706,-0.24583333333333329,2.7873220668008222e-18,0.24583333333333332,0.013194444444444462,-0.0083333333333332829,-0.0041666666666666111,-0.13124999999999989,0.031249999999999896,0.49166666666666664,0.00069444444444439872,0.0041666666666665842,-0.013194444444444333,0.13125000000000003,-0.065277777777777934,-5.9661387604788555e-18,0.00069444444444449846,0.065277777777777893,-0.029166666666666681,-0.0006944444444442684,-0.013888888888888751,0.01041666666666672,0.0041666666666666709,-0.13125000000000003,-0.02916666666666665,-0.065972222222222154,0.0034722222222222012,-0.0062499999999999448,0.013194444444444522,0.035416666666666589,-0.013194444444444384,0.0041666666666665348,0.013888888888888984,0.0097222222222222345,-0.0062500000000000992,-0.031249999999999955
e094,0.010416666666666734,-0.0034722222222222494,-0.013194444444444557,0.0062499999999999908,0.0062499999999998243,-0.0041666666666662112,-0.0013888888888887766,-0.00069444444444444458,-0.0062499999999999492,-0.035416666666666798,0.013888888888888683,0.02777777777777771,7.2268958757931655e-17,5.8595635546165656e-17,0.00069444444444448979,-0.00069444444444438115,-0.01319444444444432,-0.0062500000000001062,0.029166666666666688,-0.009722222222222146,-1.425324444174968e-17,0.013194444444444469,-1.1064262197333457e-16,-0.013194444444444573,0.027777777777777745,-0.0062500000000000082,0.013888888888888878,-0.03541666666666668,-0.013194444444444535,0.0041666666666666146,-0.02638888888888891,0.035416666666666728,-0.00069444444444440674,0.031250000000000069,-0.065972222222222238,0.035416666666666839,-0.035416666666666541,-0.00069444444444441162,-0.02916666666666675,0.065277777777777712,-0.013888888888888859,0.0062499999999999865,0.0041666666666668357,-8.3812632330753043e-17,-0.0041666666666667395,-0.00069444444444444425,-0.0083333333333333367,-0.0041666666666665799,0.013194444444444398,-0.0062500000000001252,0.009722222222222179,-0.0034722222222223899,-1.290219856953471e-16,-0.026388888888888882,0.035416666666666589,0.0041666666666666857,-0.010416666666666751,0.0034722222222224146,-0.0041666666666666536,0.013888888888888971,-0.0083333333333334564,0.0062499999999999995,-0.013194444444444457,0.0041666666666667542,0.00069444444444440587,0.0062499999999999735,-0.0097222222222222241,1.7612761273289011e-16,-0.013194444444444493,0.0097222222222221582,-0.029166666666666768,0.013194444444444378,0.013888888888888779,-0.031249999999999837,0.0041666666666666571,-0.0062499999999998633,-0.029166666666666716,0.0034722222222222827,-0.065972222222222182,0.035416666666666756,-0.00069444444444430992,-0.0062500000000001331,0.00069444444444432434,0.0041666666666666545,-0.065277777777777879,-0.013888888888888748,0.031250000000000167,-0.013194444444444325,0.06527777777777774,-0.13125000000000001,-3.0817800468795707e-17,0.010416666666666815,-1.5711862936354757e-16,0.00069444444444439872,0.49166666666666681,0.13125000000000001,0.24583333333333318,0.0041666666666665781,0.013888888888888758,-0.00416666666666671,0.065972222222222252,0.013194444444444439,0.0041666666666665053,0.013888888888888786,-0.24583333333333326,-0.13124999999999998,-0.13124999999999998,-0.0083333333333333818,0.035416666666666603,0.00069444444444435492,-0.065972222222222349,3.3079482293322616e-17,-0.065277777777777837,-0.00416666666666669,-0.0013888888888888111,0.00624999999999997,-0.013194444444444483,0.00069444444444447266,-0.031249999999999983,0.010416666666666708
e095,-0.00069444444444448198,0.010416666666666708,0.0041666666666666198,-0.013888888888888925,0.0097222222222222328,0.013194444444444217,0.0062499999999999336,-0.029166666666666716,0.0013888888888888653,0.00069444444444438126,0.0041666666666667048,-0.0062500000000000116,-0.0006944444444440946,-0.065972222222222404,0.035416666666666589,0.031249999999999944,-1.9450453946052081e-16,0.0034722222222223513,-0.009722222222222146,0.0062499999999998997,-0.0097222222222223438,-0.00624999999999995,-0.013194444444444418,0.029166666666666733,-0.035416666666666714,0.00069444444444457989,-0.031250000000000021,0.065972222222222127,0.010416666666666657,-0.00069444444444442647,0.0041666666666666562,-0.013888888888888883,6.3632107985202102e-17,-0.065972222222222154,0.13124999999999995,-0.065277777777777754,0.026388888888888816,-0.0041666666666666397,0.013194444444444368,-0.035416666666666569,0.0041666666666666163,-0.013194444444444399,-0.0062499999999999032,-0.0034722222222222827,-5.4867419983159756e-17,-0.0083333333333332222,-0.00069444444444447472,0.013194444444444607,-0.0041666666666666397,0.0041666666666666944,6.3087241502711502e-17,8.2123184901002983e-17,-0.0041666666666668427,0.03541666666666661,-0.027777777777777818,-0.013888888888888975,0.0034722222222223387,0.0062499999999998694,-0.013194444444444349,0.0041666666666666458,0.0062499999999999518,-0.0083333333333334893,-0.0041666666666667906,0.01388888888888885,-0.01041666666666659,0.0034722222222224146,-0.0062500000000001183,0.013194444444444649,-0.0062500000000000116,-0.029166666666666598,0.065277777777777601,-0.035416666666666693,-0.0062499999999998902,0.00069444444444452156,0.0013888888888889193,0.0097222222222221651,-0.00069444444444447147,-0.0062500000000001079,1.4305373845153316e-16,0.00069444444444447526,-1.0079174541940256e-17,0.027777777777777641,-0.035416666666666465,0.013888888888888978,0.13125000000000017,0.0041666666666667134,-0.013194444444444457,0.008333333333333328,-1.2145791372891825e-16,-0.24583333333333326,0.2458333333333334,-0.013888888888888746,-0.065277777777777643,0.0041666666666665842,0.13125000000000001,0.49166666666666642,0.13125000000000017,0.00069444444444445835,-0.010416666666666565,0.013888888888888869,-0.031250000000000042,-0.031250000000000062,0.00069444444444453403,-0.035416666666666603,1.1276936682297469e-16,0.065277777777777726,0.06597222222222239,0.013194444444444335,-0.013194444444444443,-0.0041666666666667776,0.035416666666666624,0.00069444444444454671,0.02916666666666666,0.026388888888888865,-0.0041666666666666883,0.013194444444444349,7.4937210639297019e-17,-0.0062500000000000576,0.013888888888888833,-0.013194444444444342
e096,0.0041666666666666527,-0.013194444444444585,-0.026388888888889028,0.035416666666666659,-0.029166666666666789,-0.035416666666666201,-0.00069444444444460005,0.065277777777777629,0.0041666666666667533,-0.03125000000000009,0.013194444444444306,0.01388888888888881,-1.1717178057141198e-16,0.13124999999999973,-0.06527777777777781,-0.065972222222222127,0.013194444444444495,-0.010416666666666883,-0.0062500000000000038,0.0034722222222221114,0.0062499999999999899,0.0034722222222222719,1.2150401260415862e-16,-0.0097222222222223768,0.013888888888888793,0.0041666666666665842,0.013194444444444618,-0.031250000000000146,-0.003472222222222114,0.01041666666666646,-0.013194444444444214,0.0062500000000000741,0.0006944444444444346,0.035416666666666673,-0.065277777777777851,0.029166666666666861,-0.0041666666666664689,-0.0013888888888888974,0.0062500000000001782,-0.00069444444444454118,-0.00069444444444426894,0.010416666666666631,0.0083333333333333991,-0.0062499999999999032,0.0041666666666667377,0.013194444444444547,-0.0041666666666666397,-0.0083333333333333749,-0.00069444444444453218,-0.0062500000000000914,-0.00347222222222232,0.0097222222222220975,-5.4085037506534727e-17,-0.013194444444444505,0.006250000000000016,0.010416666666666784,-0.0062500000000001339,-0.009722222222222127,0.031250000000000076,-0.013888888888889036,-0.0041666666666666978,0.0062499999999998789,-0.01388888888888885,-0.0041666666666667629,0.013888888888888833,-3.4861374164514771e-17,-0.013194444444444387,1.3130251729866637e-17,-0.0097222222222221287,0.013194444444444581,-0.035416666666666811,0.026388888888888695,0.02777777777777761,-0.035416666666666638,-0.0062500000000000056,1.3882977243319293e-17,-0.035416666666666777,0.01319444444444429,-0.065277777777777948,0.029166666666666695,0.00069444444444454042,-0.035416666666666645,0.065972222222222293,-0.031249999999999851,-0.065972222222222307,0.013888888888888899,-0.004166666666666664,0.00069444444444443352,0.065972222222222474,-0.13125000000000014,-5.0273469152797018e-18,0.0041666666666667412,0.13124999999999976,-0.013194444444444333,0.24583333333333318,0.13125000000000017,0.49166666666666642,0.0083333333333332604,0.00069444444444461447,0.0041666666666665868,0.00069444444444435145,0.0138888888888888,-0.0062500000000000923,0.027777777777777665,0.24583333333333338,2.2206495953147169e-16,1.5342711423409799e-16,-0.0041666666666665556,0.0041666666666666354,0.013888888888888801,-0.00069444444444424834,3.9324854079807761e-17,0.00069444444444463301,-0.03541666666666677,-0.00069444444444414946,-0.029166666666666678,0.013194444444444472,0.0013888888888889067,0.0041666666666666571,0.0062500000000001044
e097,0.0097222222222221599,0.0062500000000000784,-0.029166666666666726,0.013194444444444411,-0.026388888888888982,-0.013194444444444372,0.035416666666666818,0.0041666666666668791,0.065277777777777782,0.065972222222222265,-0.13124999999999978,-2.1185130072256868e-16,0.013888888888888801,0.00069444444444445618,-0.0041666666666666944,-0.01041666666666665,0.035416666666666687,-0.065972222222222293,-0.00069444444444462195,0.031249999999999552,0.00069444444444435502,-0.010416666666666288,0.013888888888888931,-0.0041666666666665807,1.0541720777733149e-16,0.0097222222222221651,-0.0062499999999998807,-0.0034722222222223157,-0.031249999999999955,0.065972222222222224,-0.035416666666666638,0.00069444444444419369,0.0062499999999999474,-0.00069444444444430558,-0.0041666666666667542,-0.0013888888888888263,-0.0097222222222219084,0.029166666666666622,-0.013194444444444469,-0.0062500000000000602,-0.0062500000000000663,-0.0034722222222222199,-0.0083333333333332898,0.013194444444444543,-0.0041666666666664949,-0.0062499999999999015,0.0041666666666667776,0.0083333333333334147,-0.0062500000000000741,-0.00069444444444440511,0.010416666666666748,0.0041666666666666918,-0.01388888888888901,0.0062499999999999284,-0.013194444444444621,-0.0034722222222222615,0.013194444444444597,-0.0041666666666666276,0.0034722222222224168,-1.4105504198882279e-16,0.004166666666666612,-0.013194444444444682,-1.3034913288750472e-16,0.0041666666666667343,-6.2791786864710731e-17,0.01388888888888897,-0.035416666666666617,0.027777777777777759,-0.0041666666666666146,-0.0062499999999998616,-0.013194444444444493,0.029166666666666646,-2.8377631853905847e-17,-0.013194444444444451,0.013194444444444378,0.01388888888888894,0.0006944444444444564,0.035416666666666569,-0.0041666666666666328,0.026388888888888785,-0.035416666666666527,0.00069444444444456395,-0.031249999999999868,0.065972222222222168,-0.010416666666666489,7.6062781830283693e-17,-0.065277777777777823,0.13125000000000014,-0.031249999999999913,0.013194444444444377,0.013888888888888848,0.065277777777777657,-0.013194444444444373,0.13125000000000003,0.0041666666666665781,0.00069444444444445835,0.0083333333333332604,0.49166666666666647,0.13124999999999992,0.24583333333333332,-0.035416666666666756,-7.7011155858918121e-17,-0.00069444444444443135,4.4335101421909244e-17,0.0041666666666667568,-0.013888888888888838,0.013888888888888944,-0.24583333333333321,0.065277777777777796,7.6317101555047981e-17,-0.0062499999999997983,0.027777777777777637,-0.03541666666666661,0.00069444444444449489,-0.0062500000000000168,0.0013888888888889004,-0.006250000000000035,-0.029166666666666799,0.0097222222222222241,0.00069444444444432716
e098,0.0062500000000000758,-0.0013888888888887968,-0.00069444444444449012,-0.0041666666666667022,0.03541666666666661,0.0062500000000002319,-0.027777777777777783,-0.013888888888888781,-1.5994388528834292e-18,-6.6977905384844425e-17,-0.24583333333333338,0.2458333333333331,0.004166666666666599,0.0083333333333331806,-0.013194444444444465,0.0006944444444443212,-0.065277777777777685,0.13124999999999976,-8.3880435802203442e-17,-0.06597222222222246,0.0041666666666668123,0.013888888888888786,-0.0041666666666664472,-0.013888888888888961,0.0041666666666665721,-0.0062499999999997956,0.0083333333333334928,-0.006250000000000094,0.013194444444444502,-0.031250000000000097,0.013888888888888888,0.0041666666666664662,0.0097222222222222241,-0.029166666666666726,0.013194444444444573,0.0062499999999999284,1.4642381672347809e-16,-0.013194444444444531,1.6845510888773851e-16,0.013194444444444398,0.004166666666666618,-1.4979989668956879e-16,0.013194444444444628,-0.0083333333333333644,-0.00069444444444437009,-0.0034722222222223291,5.3964736869185809e-17,-0.0062500000000000984,0.0097222222222222536,0.0041666666666666484,-0.013194444444444484,-0.026388888888888972,0.035416666666666652,-0.027777777777777801,0.035416666666666652,0.0062499999999999492,-0.029166666666666584,-0.00069444444444457349,-0.010416666666666699,0.013194444444444457,-0.013888888888888829,0.031249999999999882,-0.0034722222222223057,-0.0062500000000002293,0.0097222222222222258,0.0041666666666667542,0.00069444444444435296,-0.0062499999999999735,0.00069444444444448936,0.0034722222222222797,-5.5624167569839994e-17,-0.0097222222222221842,0.013194444444444496,-0.0062500000000001027,-0.010416666666666683,-0.01041666666666655,1.2929459013960413e-17,-0.013194444444444425,-0.001388888888888923,-0.0041666666666666441,-0.00069444444444445098,-0.0062499999999999726,0.013888888888888808,-0.035416666666666839,0.0034722222222222424,-0.00069444444444424736,0.035416666666666742,-0.065972222222222252,0.00069444444444430927,0.004166666666666638,-0.0062499999999998408,-0.029166666666666872,0.004166666666666546,-0.065277777777777934,0.013888888888888758,-0.010416666666666565,0.00069444444444461447,0.13124999999999992,0.4916666666666667,0.13125000000000003,0.026388888888888969,-0.065277777777777754,0.035416666666666784,0.0006944444444446032,-0.013194444444444271,0.031250000000000062,-0.004166666666666769,-9.3170195272302737e-17,-0.13125000000000001,0.065972222222222335,0.00069444444444457555,-0.035416666666666638,0.065972222222222154,-0.031250000000000167,0.013888888888888925,0.0041666666666665894,-0.013194444444444389,0.065277777777777643,-0.029166666666666705,0.035416666666666777
e099,0.013194444444444405,-0.0041666666666665157,-0.035416666666666631,0.026388888888888719,-0.013194444444444488,-0.0034722222222222225,0.0062500000000001053,0.010416666666666848,0.065972222222222113,0.065277777777777823,-0.13125000000000003,-1.0602741687045088e-16,-0.0138888888888888,-0.013194444444444474,0.031249999999999865,-0.00416666666666669,0.029166666666666768,-0.065277777777777699,0.00069444444444422373,0.035416666666666451,-0.013194444444444495,-0.0041666666666665833,-0.013888888888888899,0.031250000000000132,1.7124833771946499e-17,-0.0034722222222223174,-0.0062500000000000958,0.0097222222222220385,0.0041666666666667204,0.00069444444444435199,-0.0062500000000000784,0.0013888888888888488,-0.029166666666666834,0.06527777777777774,-0.035416666666666978,-0.00069444444444451451,0.0034722222222223838,-0.006250000000000022,0.013194444444444203,-0.010416666666666755,-0.0062499999999999622,0.0097222222222221166,-0.0041666666666667108,-0.00069444444444429973,-0.0083333333333334113,-1.4873078049731363e-17,-0.0041666666666664203,0.0041666666666669069,-2.310297939415955e-17,-0.013888888888888921,0.0062499999999999709,0.035416666666666492,-0.027777777777777582,0.035416666666666555,-0.026388888888888896,-0.013194444444444514,0.0097222222222222519,0.0062500000000000134,0.013194444444444457,3.9531014438954359e-17,-0.0041666666666668037,-0.013888888888888834,-0.0062499999999999925,0.0083333333333335032,-0.00624999999999997,0.013194444444444647,-0.031249999999999712,0.013888888888888966,-0.010416666666666609,-0.010416666666666739,0.013194444444444463,-0.0062499999999999943,-4.1998254610327104e-17,-0.009722222222222238,0.0034722222222222511,0.00069444444444440587,-0.00069444444444419879,0.0041666666666668305,0.0062500000000000593,0.013194444444444399,-0.029166666666666556,0.0013888888888888568,0.0041666666666667187,0.00069444444444432369,-0.0062499999999997271,-1.9457923133784719e-16,0.00069444444444417754,-1.6923955161169275e-16,-0.035416666666666555,0.013888888888888755,0.027777777777777606,-0.00069444444444440164,0.00069444444444449055,-5.9661387604788555e-18,-0.00416666666666671,0.013888888888888869,0.0041666666666665868,0.24583333333333332,0.13125000000000003,0.49166666666666647,-0.0041666666666667134,0.13124999999999992,-0.065972222222222196,-3.2115197959568023e-17,0.0083333333333332777,-0.013194444444444512,0.00069444444444443428,0.24583333333333332,0.065972222222222127,-0.13125000000000014,0.004166666666666697,0.013888888888888857,-0.031249999999999993,0.065972222222222252,-0.035416666666666721,0.00069444444444454346,0.029166666666666539,-0.035416666666666707,0.013194444444444387,-0.065277777777777754
e100,0.0062500000000000793,-0.0083333333333336299,-0.004166666666666769,0.0062500000000000073,0.0041666666666664142,-0.0041666666666663838,-0.013888888888888985,0.013888888888888944,3.04984266096542e-17,-7.956298325078981e-17,-0.013194444444444618,0.0131944444444445,-0.0062500000000000472,0.029166666666666716,-0.013194444444444405,-0.0097222222222220697,-0.013194444444444673,-0.0041666666666666172,0.031250000000000111,-0.01388888888888886,-0.0062500000000002102,0.027777777777777908,-0.03541666666666677,0.013888888888888711,0.00069444444444442246,-0.0062500000000000559,0.0013888888888889455,0.0041666666666666805,0.065277777777777879,7.1288232295798624e-18,0.065972222222222335,-0.13124999999999973,-0.00069444444444440143,-0.0083333333333334113,0.013194444444444377,-0.0041666666666666397,-1.429334408285524e-16,-0.24583333333333318,9.0247796245837195e-17,0.24583333333333354,0.00069444444444461914,1.037637491825803e-16,0.013194444444444437,-0.029166666666666605,0.0097222222222221408,0.0034722222222223959,-0.010416666666666661,-0.0062500000000000732,0.01319444444444459,-0.0062500000000000871,0.00069444444444424107,0.0013888888888887408,0.0041666666666666137,-0.013888888888888848,0.035416666666666693,0.0062499999999998702,-0.0083333333333333558,-0.0006944444444444062,5.3192853888955333e-17,0.0097222222222221495,-0.00347222222222235,0.010416666666666656,-0.013888888888888812,0.0041666666666666701,-0.00069444444444442268,-0.0062500000000000376,0.0041666666666669685,-0.0062499999999999778,0.00069444444444439395,-0.0034722222222221683,0.010416666666666807,-0.013194444444444391,0.01319444444444445,0.0041666666666667716,-0.031249999999999833,-1.840912025221559e-18,-2.9116828383161951e-17,-0.0097222222222221356,0.026388888888888996,-0.03541666666666661,0.013194444444444559,-0.0062499999999999908,0.027777777777777873,-0.035416666666666624,0.013888888888888907,0.065277777777777754,-0.13125000000000009,0.065972222222222265,-0.013194444444444457,0.035416666666666569,0.0041666666666664784,-0.02916666666666665,0.035416666666666666,0.00069444444444449846,0.065972222222222252,-0.031250000000000042,0.00069444444444435145,-0.035416666666666756,0.026388888888888969,-0.0041666666666667134,0.49166666666666714,-0.013194444444444488,0.0041666666666667577,0.00069444444444427035,-0.065277777777777726,4.3882313035796484e-18,0.13125000000000001,0.03125000000000009,0.035416666666666624,0.01388888888888886,-0.065277777777777754,0.13125000000000001,-0.06597222222222221,-0.010416666666666701,0.003472222222222549,-0.006250000000000022,0.00069444444444461914,-0.00069444444444435969,-0.029166666666666573,0.0041666666666666727
e101,-0.010416666666666716,0.00069444444444440089,0.013888888888888893,-0.0041666666666666154,1.2166880054248757e-16,-0.0062500000000003438,0.009722222222222127,-0.0034722222222222546,-0.031250000000000125,-0.035416666666666721,0.065972222222222168,0.0006944444444446084,0.0062499999999997792,-0.0041666666666666788,-0.00069444444444424248,-0.0013888888888888352,-0.0097222222222223004,0.029166666666666546,-0.006249999999999931,-0.013194444444444498,0.031250000000000083,-0.00069444444444430266,0.035416666666666805,-0.065972222222222349,0.013194444444444633,0.0062499999999999075,0.0097222222222221912,-0.029166666666666615,-0.026388888888889083,0.035416666666666825,-0.013194444444444611,0.0041666666666667074,0.065277777777777615,-0.13125000000000001,0.065972222222222307,1.771612935086074e-16,-0.010416666666666829,0.013888888888888862,-0.0041666666666666111,0.00069444444444438159,-0.0034722222222222151,0.0062500000000000533,0.013888888888888937,0.0041666666666666059,0.013194444444444321,0.0034722222222222324,0.0062499999999999743,2.4281850188430011e-18,-0.0097222222222221391,-0.0041666666666667525,-0.0013888888888888996,-0.00069444444444440587,0.0062500000000000064,-0.065277777777777657,0.035416666666666714,0.029166666666666573,-0.0062499999999999847,-0.0034722222222221487,0.0062499999999999648,-0.013194444444444552,-0.00069444444444444339,0.010416666666666791,0.0041666666666666874,-0.0062499999999998616,0.0083333333333334373,-0.0083333333333333592,0.013194444444444405,-0.0041666666666666848,0.013194444444444372,0.013888888888888864,-0.035416666666666728,0.027777777777777742,0.004166666666666684,-3.6478392563104851e-17,5.4385253153962602e-17,0.0041666666666666657,-0.0041666666666666788,0.013888888888888866,-0.013194444444444602,1.0714115885922328e-16,0.013194444444444413,-0.0062499999999999934,-0.013194444444444398,0.029166666666666778,0.00069444444444448198,0.00069444444444419229,-0.031249999999999958,0.065972222222222127,0.026388888888888892,-0.0041666666666665738,-0.035416666666666735,0.035416666666666742,-0.010416666666666798,0.065277777777777893,0.013194444444444439,-0.031250000000000062,0.0138888888888888,-7.7011155858918121e-17,-0.065277777777777754,0.13124999999999992,-0.013194444444444488,0.49166666666666647,0.13124999999999984,0.24583333333333324,0.00069444444444435275,0.0041666666666666519,0.0083333333333334304,0.13124999999999992,-0.035416666666666763,-0.24583333333333326,-0.013888888888888904,0.0041666666666666935,0.013888888888888963,-3.0554144277799045e-18,-0.00069444444444435654,9.6939279042157543e-17,0.00069444444444450107,0.02777777777777788,-0.0062500000000001148,7.5277859529963827e-17
e102,0.013888888888888926,0.0041666666666666146,-0.0041666666666667152,-0.013888888888888935,0.0041666666666665053,0.0083333333333335414,-0.0062500000000000923,-0.0062499999999999084,0.013194444444444594,0.013888888888888919,-0.031250000000000021,0.0041666666666665287,0.0097222222222224531,0.013194444444444368,-0.029166666666666542,0.0062500000000001261,6.8730076846861783e-17,-0.01319444444444437,0.013194444444444748,-2.1053902442378037e-16,-0.065972222222222085,1.0810285479467145e-16,-0.06527777777777774,0.13124999999999998,-0.0041666666666668045,-0.0013888888888887226,0.0062500000000001218,-0.00069444444444427436,0.035416666666666749,-0.027777777777777797,0.0062500000000000697,-0.01388888888888901,-1.0924509147088228e-16,-0.24583333333333354,2.2619811418618205e-16,0.24583333333333302,0.00069444444444451451,0.0041666666666666961,-0.013194444444444443,0.0083333333333334165,0.010416666666666899,-0.013888888888888973,-0.035416666666666645,0.00069444444444446908,-0.031249999999999913,-0.0062500000000000272,-0.0097222222222222952,-0.013194444444444528,0.029166666666666754,0.026388888888889024,-0.004166666666666631,-0.035416666666666548,0.013194444444444462,0.13124999999999992,-0.065972222222222099,-0.065277777777777837,0.0041666666666667811,2.7985338705892101e-17,-0.027777777777777787,0.035416666666666576,0.0041666666666669433,-0.01319444444444447,1.0558147071065163e-16,-0.0034722222222221232,-0.0062500000000000298,0.01319444444444433,-0.0083333333333333749,-0.00069444444444454292,-0.029166666666666601,0.0041666666666665148,0.00069444444444454563,-0.0062500000000000056,-0.0062500000000001391,-0.0034722222222222576,0.009722222222222179,-0.013888888888888862,0.00069444444444446626,-0.010416666666666649,-0.0062500000000000177,0.01319444444444445,-0.010416666666666642,0.0034722222222222485,-5.183424111418505e-17,-0.0097222222222223161,1.3989819127308599e-16,-0.0062499999999999023,0.01388888888888898,-0.035416666666666666,-0.0041666666666666822,-0.001388888888888722,-0.00069444444444424248,-0.01319444444444459,0.0034722222222222177,-0.029166666666666681,0.0041666666666665053,0.00069444444444453403,-0.0062500000000000923,-0.00069444444444443135,0.035416666666666784,-0.065972222222222196,0.0041666666666667577,0.13124999999999984,0.49166666666666653,0.13124999999999989,-0.010416666666666633,0.013888888888888937,0.00069444444444433421,-0.06527777777777781,0.026388888888889017,2.2670520658178999e-17,0.031250000000000021,-0.013194444444444561,-0.0041666666666666987,-0.065277777777777837,0.03541666666666661,0.0006944444444443187,-0.031249999999999944,-0.035416666666666756,0.00069444444444446518,0.065972222222221988
e103,-0.0041666666666666788,-0.013194444444444457,-0.013888888888888911,0.031250000000000229,6.1022042239863286e-17,-0.0062500000000001782,-0.0034722222222223972,0.0097222222222221721,0.0041666666666666363,-0.0062500000000002224,0.00069444444444430797,0.0013888888888889831,-0.029166666666666778,-0.035416666666666846,0.065277777777777934,-0.00069444444444439633,0.0034722222222223244,-0.0062500000000001027,-0.010416666666666682,0.013194444444444529,0.03541666666666695,0.00069444444444443428,0.029166666666666698,-0.065277777777777823,0.026388888888889052,-0.004166666666666618,0.013194444444444599,-0.035416666666666562,-0.01319444444444449,0.0062500000000000056,-0.0034722222222223873,0.010416666666666748,0.065972222222222071,-0.13124999999999992,0.065277777777777893,1.9471206508303992e-16,-0.0041666666666667022,-0.013888888888888893,0.031250000000000201,-0.013194444444444623,-0.013194444444444295,0.035416666666666673,0.027777777777777814,-0.0062499999999998885,0.01388888888888881,0.013194444444444377,-8.2764677016512559e-17,2.3529924413367145e-17,-0.013194444444444389,-0.035416666666666784,-0.00069444444444452394,0.065277777777777768,-0.029166666666666709,-0.06597222222222214,0.03124999999999999,0.035416666666666478,-0.0062500000000001313,0.0097222222222221807,0.035416666666666742,-0.026388888888888937,-0.01388888888888882,0.0062500000000000515,-0.0041666666666665686,2.1934113526751092e-16,0.0041666666666668054,-0.0041666666666666597,-0.00069444444444442268,-0.0083333333333333141,0.0097222222222221061,0.013194444444444354,-0.031249999999999993,0.013888888888888867,0.0083333333333333159,-0.0062500000000000932,-0.0062499999999999604,-0.004166666666666638,-0.010416666666666609,0.00069444444444443862,-0.0097222222222222328,4.2469880387383219e-17,0.0034722222222222801,-0.010416666666666597,0.013194444444444385,-0.0062499999999999578,-0.00069444444444434624,0.0013888888888887272,0.0041666666666666666,0.00069444444444436326,0.013194444444444391,0.0062500000000001903,-0.029166666666666476,0.0041666666666666744,-0.0062500000000000151,-0.0006944444444442684,0.013888888888888786,-0.035416666666666603,0.027777777777777665,4.4335101421909244e-17,0.0006944444444446032,-3.2115197959568023e-17,0.00069444444444427035,0.24583333333333324,0.13124999999999989,0.49166666666666653,0.013888888888888989,-0.004166666666666553,0.0041666666666666831,-1.967896583193042e-17,-0.0041666666666668505,0.24583333333333338,-0.013194444444444429,0.0083333333333332534,0.00069444444444447548,0.13125000000000001,-0.06597222222222221,6.1111391208749987e-17,0.065972222222222307,0.013888888888888904,0.0041666666666665686,-0.13124999999999995
e104,-0.006250000000000081,-0.0097222222222222744,-0.013194444444444339,0.02916666666666666,-0.035416666666666707,-0.031250000000000111,0.00069444444444437335,0.065972222222222182,0.01041666666666659,0.0041666666666666987,-0.0006944444444443045,-0.013888888888888907,-5.8313487678451436e-17,0.13124999999999992,-0.065972222222222293,-0.065277777777778004,0.026388888888888858,-0.0041666666666667143,-0.035416666666666576,0.013194444444444321,0.0062499999999999171,-0.0097222222222221859,1.0293008084507634e-16,0.0034722222222222316,-0.013888888888888935,0.010416666666666593,-0.00069444444444437703,0.0041666666666665816,0.0097222222222221981,0.0062499999999998754,0.013194444444444496,-0.02916666666666658,0.0013888888888888464,0.0041666666666665825,0.00069444444444444946,-0.0062500000000000177,0.031250000000000014,-0.00069444444444443688,0.035416666666666916,-0.06597222222222221,0.013194444444444458,0.0041666666666667334,0.0041666666666666475,-0.0062499999999998364,0.0083333333333333905,0.013888888888888996,0.0041666666666667369,-0.0041666666666666345,-0.013888888888888758,-4.6892480749684895e-18,-0.013194444444444384,0.01319444444444446,8.0060163842332316e-18,0.013194444444444375,-0.029166666666666532,0.006250000000000042,0.0041666666666665747,-0.013194444444444559,0.035416666666666728,-0.027777777777777783,0.0041666666666666094,-1.2954032410005101e-16,-0.0006944444444444449,-0.0083333333333334078,0.013194444444444519,-0.0062500000000000116,-0.003472222222222114,-2.6402214114845701e-17,0.0034722222222224102,0.0034722222222223599,-0.0062500000000000134,0.013194444444444413,0.013888888888888989,-0.0041666666666666571,-0.010416666666666562,0.0062500000000000229,-0.0062499999999999379,0.0097222222222221443,0.00069444444444445965,-0.006250000000000101,0.0013888888888889423,-0.029166666666666605,0.065277777777777879,-0.035416666666666548,-0.00069444444444442062,0.027777777777777759,-0.035416666666666791,0.013888888888888808,0.00069444444444462846,-1.2795164792178836e-17,8.9563390338967554e-17,-0.0062499999999999795,0.13125000000000003,-0.013888888888888751,-0.24583333333333326,1.1276936682297469e-16,0.24583333333333338,0.0041666666666667568,-0.013194444444444271,0.0083333333333332777,-0.065277777777777726,0.00069444444444435275,-0.010416666666666633,0.013888888888888989,0.49166666666666647,0.13125000000000014,0.13125000000000009,0.004166666666666697,-0.031249999999999903,0.013194444444444571,0.065277777777777907,1.0445416865243129e-17,0.065972222222222196,-0.031249999999999938,0.00069444444444442192,-0.035416666666666638,0.026388888888888844,0.00069444444444439709,0.035416666666666555,-0.0041666666666667525
e105,0.013194444444444455,-8.5055435948971514e-18,3.7616489390404807e-17,-0.013194444444444403,0.027777777777777811,0.013888888888888756,-0.0062500000000000689,-0.035416666666666742,-0.013194444444444415,-0.026388888888888837,0.0041666666666664541,0.035416666666666749,-0.00069444444444444599,-0.065972222222222349,0.031249999999999872,0.035416666666666576,-0.035416666666666895,-0.00069444444444449911,0.06527777777777756,-0.029166666666666764,-0.0097222222222223195,0.029166666666666587,-0.013194444444444453,-0.0062500000000000793,0.0062499999999998425,-0.0034722222222222129,0.010416666666666694,-0.013194444444444548,0.0062499999999999526,-0.0013888888888887569,-0.0041666666666666016,-0.0006944444444444088,-0.0062500000000000099,0.013888888888888883,-0.035416666666666617,0.027777777777777752,-0.00069444444444461187,-7.4815328030788663e-17,0.00069444444444464321,2.4874769235213369e-17,0.0041666666666667187,0.0013888888888888525,1.5601704593670964e-16,-0.0034722222222223313,-0.0062499999999999466,-0.0041666666666666952,-0.013194444444444606,-0.013888888888888904,0.031249999999999997,0.0034722222222222919,-0.0062499999999999223,-0.010416666666666704,0.013194444444444491,-0.035416666666666673,0.06527777777777781,-0.00069444444444452633,-0.013888888888888859,0.0062499999999999405,-0.026388888888888854,0.035416666666666798,-0.0062499999999999136,0.0097222222222223455,-0.0083333333333334807,-0.00069444444444439156,-0.0041666666666666805,0.0041666666666666814,4.7824825147737784e-17,-0.0041666666666668626,-0.01041666666666669,0.0062500000000000454,-0.0097222222222221061,3.8464817682899054e-17,0.0041666666666667048,-0.013194444444444463,0.00069444444444443818,-0.0083333333333333297,-0.013194444444444389,-0.0062500000000000168,-0.031250000000000083,0.013888888888888973,0.0041666666666667022,0.0097222222222221114,-0.029166666666666584,0.01319444444444442,-0.02916666666666674,-0.0062500000000000446,0.00069444444444453403,0.0041666666666667195,0.035416666666666645,-0.065972222222222099,-0.00069444444444445206,0.0034722222222222875,-0.065277777777777699,0.01041666666666672,-0.13124999999999998,0.065277777777777726,2.2206495953147169e-16,-0.013888888888888838,0.031250000000000062,-0.013194444444444512,4.3882313035796484e-18,0.0041666666666666519,0.013888888888888937,-0.004166666666666553,0.13125000000000014,0.49166666666666653,0.2458333333333334,0.00069444444444425831,0.065972222222222168,-0.0083333333333331962,-0.13124999999999992,-0.24583333333333321,-0.13124999999999992,0.013194444444444333,0.0041666666666666579,0.013888888888888734,-0.0041666666666666631,-8.8818318556549182e-17,-0.065972222222222182,0.00069444444444443504
e106,0.0034722222222222641,0.0062500000000001487,-1.0807671932451817e-18,-0.0097222222222223022,0.013888888888888709,0.01319444444444449,0.0041666666666666545,-0.031250000000000111,-0.0034722222222222537,-0.013194444444444358,0.010416666666666709,0.006250000000000016,0.00069444444444453142,-0.065277777777777893,0.035416666666666798,0.029166666666666598,-0.0041666666666667447,-0.0013888888888888111,-0.00069444444444436879,0.0062500000000001183,0.0034722222222222147,-0.0062499999999998581,0.013194444444444517,-0.010416666666666845,0.035416666666666576,-0.013194444444444403,0.0041666666666666137,-0.026388888888888875,-0.029166666666666664,-0.0006944444444444346,-0.035416666666666735,0.065277777777777615,0.0041666666666668019,0.013194444444444344,-0.031250000000000062,0.013888888888888796,-0.065972222222222321,-2.2145518995257659e-17,-0.065277777777777685,0.13125000000000001,-0.03125000000000009,0.00069444444444440219,-7.3945544148533527e-18,0.0097222222222221096,-0.0062499999999998676,-0.010416666666666676,0.00069444444444448144,0.013888888888889107,-0.0041666666666667412,-0.0097222222222221495,0.029166666666666837,-0.0062500000000000099,-0.013194444444444677,-0.0041666666666665556,-0.00069444444444443222,-0.0013888888888889204,-0.00069444444444418979,0.010416666666666598,-0.013194444444444408,0.0062500000000000281,-0.0062499999999999552,-0.0034722222222224076,-0.0041666666666668592,0.013194444444444548,-0.008333333333333361,0.0083333333333336247,-0.0062500000000000801,0.0041666666666668409,-0.0062500000000000541,1.6604171369046317e-17,-0.013194444444444455,-8.2399030032503739e-18,-0.0041666666666666232,-0.013888888888889011,0.013888888888888956,-0.0041666666666666154,-0.0097222222222221946,-6.7991008880848001e-17,-0.035416666666666805,0.027777777777777898,-0.0062500000000000003,0.013194444444444599,-0.035416666666666707,0.026388888888888976,-0.035416666666666791,-0.035416666666666707,0.065972222222222252,-0.031249999999999899,0.02916666666666666,-0.065277777777777782,0.00069444444444449348,0.013194444444444368,-0.065972222222222196,0.0041666666666666709,-0.13124999999999998,0.06597222222222239,1.5342711423409799e-16,0.013888888888888944,-0.004166666666666769,0.00069444444444443428,0.13125000000000001,0.0083333333333334304,0.00069444444444433421,0.0041666666666666831,0.13125000000000009,0.2458333333333334,0.49166666666666725,-0.013194444444444632,0.00069444444444449066,-0.0041666666666666657,-1.5862034876029902e-17,0.2458333333333336,-2.3413357273364691e-17,0.013888888888888895,-0.0062500000000000671,0.02777777777777786,-0.035416666666666777,-6.7975203056863481e-17,-0.00069444444444442626,0.013888888888888895
e107,0.0034722222222222489,-0.01041666666666665,-0.006250000000000055,0.013194444444444436,0.013194444444444462,0.00972222222222212,-0.029166666666666723,0.006250000000000107,0.00069444444444449846,-0.00069444444444440631,-1.8346511899412148e-16,-3.2456307605791092e-18,-0.027777777777777794,-0.013888888888889036,0.035416666666666624,0.0062500000000001079,-0.0062500000000000012,0.00069444444444449098,0.001388888888888828,0.004166666666666749,-0.013888888888888833,0.0062499999999999145,-0.027777777777777991,0.03541666666666677,-3.5494678678421547e-17,-0.013194444444444457,-1.5750956889590396e-16,0.013194444444444373,0.035416666666666742,-0.065277777777777907,0.029166666666666598,0.00069444444444468549,-0.035416666666666707,0.065972222222222321,-0.031250000000000146,0.0006944444444444719,0.013194444444444429,-0.035416666666666714,0.026388888888888795,-0.0041666666666667074,1.0977588094711542e-16,0.013194444444444347,0.0041666666666665807,-0.013888888888888978,-0.0041666666666668739,0.0062499999999999839,-0.0083333333333334061,-0.0041666666666666683,0.0062500000000000715,-0.013194444444444498,-0.0041666666666667074,0.031249999999999993,-0.013888888888888756,0.029166666666666483,-0.013194444444444448,-0.0097222222222222623,-0.0034722222222222906,0.010416666666666585,0.0097222222222221669,9.2728489300341902e-17,-0.008333333333333354,-0.00069444444444434603,-0.0062499999999999041,0.0041666666666668375,-0.0062499999999999648,-0.00069444444444449911,0.0041666666666667507,-0.01388888888888886,-0.006250000000000009,-0.0041666666666666944,0.026388888888888941,-0.035416666666666673,-3.7619628249487823e-17,0.0034722222222222359,-0.0097222222222222016,-0.013194444444444415,-0.001388888888888769,-0.031249999999999917,0.010416666666666739,-0.013194444444444479,0.0062500000000000177,0.00069444444444435893,0.03541666666666677,-0.065277777777777893,0.0041666666666667533,-1.3035207588162704e-16,0.065972222222222029,-0.13125000000000017,-0.0041666666666666363,0.0006944444444444461,0.013888888888888774,-0.06597222222222214,0.013888888888888956,-0.13125000000000003,-0.0083333333333333818,0.013194444444444335,-0.0041666666666665556,-0.24583333333333321,-9.3170195272302737e-17,0.24583333333333332,0.03125000000000009,0.13124999999999992,-0.06527777777777781,-1.967896583193042e-17,0.004166666666666697,0.00069444444444425831,-0.013194444444444632,0.49166666666666675,0.00069444444444442387,-0.13125000000000006,0.01041666666666663,-0.013888888888888831,0.0041666666666666588,0.065277777777777615,-0.029166666666666615,-0.00069444444444459767,0.035416666666666673,-0.0062500000000000056,0.0034722222222223313,-0.065972222222222071
e108,0.027777777777777787,-0.0062500000000000463,-0.035416666666666673,0.013888888888888919,0.00069444444444425029,0.0013888888888890292,-0.0062500000000001608,0.0041666666666666605,0.065277777777777907,0.065972222222222085,-9.0723643070168209e-17,-0.13125000000000012,-0.00069444444444440305,0.013194444444444524,-0.0083333333333334061,-0.0041666666666666788,1.5358104302389284e-16,-0.24583333333333332,0.24583333333333329,8.9817202907483977e-17,-0.013888888888888907,0.031249999999999906,-0.013194444444444545,-0.0041666666666665929,0.0062499999999997618,-0.0083333333333333107,0.0062499999999999153,-0.0041666666666667213,0.0041666666666665452,-0.013888888888888914,-0.0041666666666667837,0.013888888888888937,-7.8176975740632138e-18,-0.013194444444444332,-2.6340912461944387e-16,0.013194444444444377,-0.0097222222222222189,-0.0062500000000000446,-0.013194444444444535,0.029166666666666632,-2.5348813079907434e-17,-0.0034722222222223868,-0.0041666666666668253,0.00069444444444439698,-0.010416666666666737,-0.0062499999999999769,-0.013194444444444467,-0.0097222222222221721,0.029166666666666733,-0.0013888888888888035,0.0062500000000000264,-0.0041666666666665114,-0.00069444444444423695,-0.035416666666666791,0.065972222222222168,0.00069444444444425495,0.00069444444444427696,1.4692015099590416e-16,-0.013888888888888781,0.035416666666666749,-0.0062499999999999526,0.00069444444444451213,-0.010416666666666652,0.0034722222222223756,-0.0062500000000000975,0.013194444444444413,-0.029166666666666476,0.0097222222222223681,-0.008333333333333354,-0.0062499999999999787,0.0041666666666667273,-0.0062500000000000758,0.0041666666666665391,-0.013888888888888782,-0.0006944444444444191,-0.0034722222222221414,0.00069444444444439514,-2.2196649066015636e-20,0.0041666666666667655,0.013194444444444561,-0.031249999999999906,-0.0034722222222222082,0.010416666666666614,-0.013194444444444307,-5.4697771995857479e-17,-0.0062499999999999179,0.027777777777777783,-0.035416666666666666,-0.035416666666666645,0.026388888888888833,0.013194444444444283,-0.0097222222222221044,0.013888888888888963,-0.02916666666666665,0.035416666666666603,-0.013194444444444443,0.0041666666666666354,0.065277777777777796,-0.13125000000000001,0.065972222222222127,0.035416666666666624,-0.035416666666666763,0.026388888888889017,-0.0041666666666668505,-0.031249999999999903,0.065972222222222168,0.00069444444444449066,0.00069444444444442387,0.49166666666666675,0.031249999999999962,1.4925267734106555e-16,-0.065277777777777699,0.13125000000000003,-0.013194444444444408,0.0041666666666666189,0.00069444444444444772,-0.01041666666666659,0.13124999999999992,-0.065277777777777726,0.013888888888888949
e109,0.0062500000000000342,-0.0138888888888888,-0.027777777777777735,0.035416666666666742,-2.0785392555054016e-16,1.3017004958248424e-16,-0.013194444444444536,0.013194444444444389,0.03541666666666668,0.029166666666666504,-0.065277777777777837,0.00069444444444437085,-0.035416666666666555,-0.031250000000000125,0.065972222222222029,0.00069444444444431773,0.013194444444444503,-0.035416666666666576,-0.0041666666666665946,0.026388888888889059,0.0041666666666667915,0.0013888888888887911,-0.0062500000000001192,0.00069444444444444978,0.013194444444444486,-0.010416666666666569,0.0034722222222223985,-0.0062500000000000151,0.013194444444444498,-0.029166666666666778,0.0097222222222222345,0.0062500000000000654,0.00069444444444445423,5.5125354248458952e-17,-0.00069444444444446204,-7.0356481936136292e-17,0.0062500000000000428,-0.027777777777777745,0.035416666666666728,-0.013888888888888925,-0.0097222222222221495,0.029166666666666629,0.013888888888888925,-0.010416666666666432,0.00069444444444448123,0.0097222222222221634,-0.006249999999999983,2.2091933464612717e-18,-0.0034722222222221401,-0.031249999999999972,0.00069444444444447895,0.065972222222222252,-0.035416666666666499,-0.00069444444444452763,-0.0041666666666666085,0.0062499999999999379,-3.6813755963211592e-17,0.013194444444444526,0.029166666666666664,-0.013194444444444295,-0.013194444444444413,-0.0041666666666665764,-0.00833333333333325,0.0062499999999999873,-0.0041666666666666423,0.0041666666666665816,-0.013888888888888798,-0.0041666666666666519,-0.0034722222222221769,-0.00069444444444441205,0.0041666666666667265,-0.01388888888888881,0.0041666666666666189,-0.0062499999999999544,-0.0062499999999999856,-0.0083333333333332031,-0.0062499999999998277,-0.013194444444444444,0.0034722222222222832,-1.5309427278056408e-16,-0.0097222222222221322,-0.0041666666666666866,0.02638888888888875,-0.035416666666666749,-0.0013888888888888083,0.00069444444444450475,0.035416666666666617,-0.065277777777777629,-0.013194444444444405,0.010416666666666841,0.0062500000000000585,-0.031250000000000035,0.0041666666666667776,-0.065972222222222154,0.00069444444444435492,-0.0041666666666667776,0.013888888888888801,7.6317101555047981e-17,0.065972222222222335,-0.13125000000000014,0.01388888888888886,-0.24583333333333326,2.2670520658178999e-17,0.24583333333333338,0.013194444444444571,-0.0083333333333331962,-0.0041666666666666657,-0.13125000000000006,0.031249999999999962,0.49166666666666642,0.00069444444444451007,0.004166666666666631,-0.013194444444444358,0.13125000000000012,-0.065277777777777837,1.0286185797984325e-17,0.065277777777777699,-0.013888888888888871,0.010416666666666616,-0.13125000000000001
e110,0.029166666666666684,-0.0097222222222220663,-0.013194444444444394,-0.0062500000000002233,0.0062500000000001322,0.010416666666666579,-0.0034722222222223222,-0.013194444444444545,0.0062499999999999951,-0.0041666666666666258,-0.0013888888888887263,-0.00069444444444445889,-0.0062499999999999136,-0.035416666666666867,0.013888888888888801,0.02777777777777787,-0.00069444444444451017,1.0298385094939887e-16,1.2133043208054317e-16,0.00069444444444440511,-0.029166666666666622,0.065277777777777726,-0.035416666666666666,-0.00069444444444432586,-0.013194444444444425,1.0624610128771077e-16,0.013194444444444455,-4.7228192414859368e-17,0.027777777777777856,-0.0062500000000000359,0.013888888888888933,-0.035416666666666659,-0.0131944444444443,0.0041666666666666441,-0.026388888888888878,0.035416666666666569,0.035416666666666638,-0.00069444444444443439,0.031250000000000062,-0.065972222222222182,0.026388888888888812,-0.0041666666666667941,-0.013194444444444399,-0.0062499999999998971,-0.0097222222222221009,0.00069444444444443948,-0.031249999999999924,-0.035416666666666603,0.065972222222222154,0.010416666666666676,-0.013888888888888774,-0.00069444444444431599,0.0041666666666666649,-0.065972222222222279,0.13124999999999995,-1.5500660997040673e-17,0.0041666666666667108,0.0013888888888888191,-0.035416666666666749,0.065277777777777976,0.0034722222222224679,-0.0062499999999999258,-0.013194444444444389,-0.0041666666666668557,-0.013888888888888874,1.9008261606799028e-17,-0.0034722222222222069,-0.0062499999999998338,-0.013888888888888886,0.0041666666666666458,3.1891146008508928e-17,-0.0041666666666666024,-0.00069444444444443883,-0.0083333333333332187,-0.0041666666666667282,-0.0062500000000000342,-0.010416666666666533,-0.0083333333333333367,-0.013194444444444446,0.004166666666666514,0.0006944444444443946,0.006249999999999924,-0.0097222222222221443,-1.7697456096875028e-17,-0.013194444444444351,0.0097222222222222415,-0.029166666666666664,0.01319444444444437,0.013888888888888819,-0.031250000000000007,0.004166666666666566,-0.0062499999999999969,-0.029166666666666643,0.0034722222222222012,-0.065972222222222349,0.035416666666666624,-0.00069444444444424834,-0.0062499999999997983,0.00069444444444457555,0.004166666666666697,-0.065277777777777754,-0.013888888888888904,0.031250000000000021,-0.013194444444444429,0.065277777777777907,-0.13124999999999992,-1.5862034876029902e-17,0.01041666666666663,1.4925267734106555e-16,0.00069444444444451007,0.49166666666666647,0.13125000000000006,0.24583333333333326,0.004166666666666546,0.013888888888888777,-0.0041666666666667022,0.013194444444444439,-0.24583333333333313,-0.13125000000000009,-0.0083333333333333141
e111,-0.0097222222222222102,0.0062499999999999986,-9.6625474679581802e-17,0.0034722222222220655,-0.013888888888889006,-0.00069444444444424465,0.010416666666666611,0.0041666666666666562,0.0097222222222221981,0.013194444444444474,0.0062500000000001252,-0.029166666666666587,0.0013888888888888358,0.00069444444444442897,0.004166666666666801,-0.0062499999999999865,0.031250000000000056,-0.00069444444444438354,-0.065972222222221974,0.035416666666666756,0.01319444444444446,-0.035416666666666263,0.026388888888888927,-0.0041666666666666926,0.029166666666666795,-0.0097222222222222154,-0.0062499999999999639,-0.013194444444444321,-0.035416666666666603,0.00069444444444428477,-0.031249999999999969,0.065972222222222113,0.010416666666666626,-0.00069444444444448491,0.0041666666666666154,-0.01388888888888889,-0.065277777777777685,1.286284831941769e-16,-0.06597222222222214,0.13125000000000003,-0.035416666666666749,-0.00069444444444431307,3.0121996411920461e-18,0.013194444444444455,1.8595647760565341e-16,-0.0062499999999998798,0.013888888888888984,0.027777777777777814,-0.0354166666666667,-0.013194444444444424,0.035416666666666666,0.0041666666666666649,-0.026388888888889083,0.031249999999999997,-0.065972222222222099,-0.0006944444444444114,0.013194444444444585,0.004166666666666618,0.013194444444444422,-0.029166666666666848,-8.5899702979289137e-17,-0.013194444444444684,0.0041666666666666423,0.013888888888888824,-0.0041666666666665955,0.0041666666666668566,-0.0062500000000000428,0.0083333333333335015,0.0041666666666667664,-0.0062499999999998824,-0.0034722222222223127,-4.5474460222805326e-17,-0.0083333333333332638,-0.00069444444444458553,0.013194444444444529,0.0041666666666666007,0.0034722222222221765,0.0062499999999997991,-0.0041666666666665166,0.013888888888888971,-0.010416666666666533,0.0034722222222222984,-0.0062499999999999917,0.013194444444444384,-0.0062499999999998009,-0.029166666666666671,0.065277777777777823,-0.035416666666666569,-0.0062499999999999795,0.0006944444444442903,0.0013888888888888115,0.0097222222222221166,-0.0006944444444443148,-0.0062499999999999448,3.3079482293322616e-17,0.00069444444444454671,3.9324854079807761e-17,0.027777777777777637,-0.035416666666666638,0.013888888888888857,0.13125000000000001,0.0041666666666666935,-0.013194444444444561,0.0083333333333332534,1.0445416865243129e-17,-0.24583333333333321,0.2458333333333336,-0.013888888888888831,-0.065277777777777699,0.004166666666666631,0.13125000000000006,0.49166666666666631,0.13124999999999998,0.00069444444444448784,-0.010416666666666626,0.01388888888888898,-0.03125000000000009,-1.4083660070752487e-17,0.065277777777777685,0.013194444444444427
e112,-0.0062500000000000619,0.0034722222222221678,0.013194444444444642,-0.010416666666666654,0.035416666666666943,0.0041666666666664827,-0.01319444444444446,-0.026388888888889041,-0.029166666666666761,-0.03541666666666668,-0.00069444444444437541,0.065277777777777712,0.0041666666666665478,-0.031250000000000208,0.013194444444444559,0.013888888888888703,-0.065972222222222432,-3.3964443913795451e-17,0.13125000000000009,-0.065277777777777615,0.0062500000000001192,-0.00069444444444452405,-0.0041666666666666336,-0.0013888888888888068,-0.009722222222222238,0.0062500000000001539,0.003472222222222373,1.4103927278438618e-16,0.013888888888888971,0.0041666666666665157,0.013194444444444314,-0.031250000000000007,-0.0034722222222223153,0.010416666666666732,-0.013194444444444592,0.00624999999999997,0.029166666666666573,0.0006944444444443972,0.03541666666666677,-0.065277777777777796,0.013194444444444309,0.0062499999999999578,0.013194444444444503,-0.010416666666666583,0.0034722222222223027,0.0013888888888889817,0.0041666666666667091,-0.0062499999999998598,0.00069444444444469817,0.006249999999999957,-0.027777777777777707,-0.013888888888888618,0.035416666666666631,-0.00069444444444439557,-1.2341046159629405e-17,-1.1270398301509652e-16,-0.031250000000000056,0.00069444444444438245,-0.0041666666666667681,-0.00069444444444425821,-0.0097222222222221443,0.029166666666666657,0.00069444444444446106,-0.0104166666666668,0.013888888888888949,5.7111577964518012e-17,0.0097222222222221599,-0.0062499999999998251,-0.00069444444444447591,0.0083333333333333939,-0.0062499999999999275,0.0041666666666667187,0.013194444444444434,-0.0041666666666665955,-0.0083333333333332621,-0.006250000000000035,-0.0062500000000000428,-0.0041666666666667082,-0.013888888888888874,-0.0041666666666664931,0.013888888888888876,-1.5262023370621629e-17,-0.013194444444444372,1.1605685166593838e-16,-0.0097222222222222779,0.01319444444444451,-0.035416666666666582,0.026388888888888865,0.027777777777777641,-0.035416666666666652,-0.0062499999999999995,2.354809553982262e-17,-0.035416666666666735,0.013194444444444522,-0.065277777777777837,0.02916666666666666,0.00069444444444463301,-0.03541666666666661,0.065972222222222154,-0.031249999999999993,-0.06597222222222221,0.013888888888888963,-0.0041666666666666987,0.00069444444444447548,0.065972222222222196,-0.13124999999999992,-2.3413357273364691e-17,0.0041666666666666588,0.13125000000000003,-0.013194444444444358,0.24583333333333326,0.13124999999999998,0.49166666666666653,0.0083333333333332552,0.00069444444444439915,0.0041666666666666657,0.013888888888888912,0.24583333333333326,-1.2523765098751661e-16,-0.0041666666666664931
e113,-0.00069444444444443298,0.031249999999999976,0.035416666666666687,-0.065972222222222057,0.013194444444444429,0.0097222222222220784,0.0062500000000000038,-0.029166666666666792,-0.026388888888888976,-0.013194444444444259,0.035416666666666367,0.0041666666666666597,0.065277777777777518,0.065972222222222085,-0.13125000000000014,-1.3109399078420739e-16,-0.010416666666666626,0.013888888888888788,0.00069444444444430081,-0.0041666666666664836,-0.013194444444444339,-0.0062499999999997332,-0.0097222222222224149,0.029166666666666813,-0.004166666666666631,0.00069444444444456254,-0.010416666666666593,0.013888888888888742,8.1918506802652946e-18,0.0097222222222221166,-0.0062499999999999509,-0.0034722222222224237,-0.031250000000000271,0.06597222222222221,-0.035416666666666631,0.00069444444444436782,-0.0013888888888889226,0.0062500000000000428,-0.00069444444444462803,-0.0041666666666665339,-0.0062499999999999509,0.00069444444444464386,-0.0062499999999999474,0.0034722222222223109,-0.010416666666666703,-0.029166666666666681,0.0097222222222221669,0.013194444444444618,0.0062499999999999778,0.00069444444444447732,-4.0059258708512956e-17,-6.1656589602766044e-17,-0.00069444444444448589,0.035416666666666652,-0.013888888888888923,-0.027777777777777832,-0.0034722222222221626,0.0062500000000000541,-0.065277777777777629,0.035416666666666735,-0.0041666666666667039,-0.0013888888888887257,0.0062499999999999995,0.0034722222222224992,1.3275278272517182e-16,0.013888888888888836,0.0041666666666666423,0.013194444444444505,-0.0062500000000000021,-0.0083333333333333644,0.013194444444444378,-0.0041666666666667152,-0.006250000000000016,0.0041666666666666579,0.0083333333333333922,-0.00069444444444437421,0.013194444444444458,0.0041666666666666458,-2.2612806432722347e-17,0.0041666666666668609,2.9989013764589292e-17,0.013888888888888892,-0.035416666666666576,0.027777777777777745,-0.0041666666666665226,-0.0062500000000000194,-0.013194444444444457,0.029166666666666702,-1.997574199055048e-17,-0.013194444444444387,0.013194444444444467,0.013888888888888907,0.00069444444444445325,0.035416666666666589,-0.00416666666666669,0.026388888888888865,-0.03541666666666677,0.00069444444444449489,-0.031250000000000167,0.065972222222222252,-0.010416666666666701,-3.0554144277799045e-18,-0.065277777777777837,0.13125000000000001,-0.031249999999999938,0.013194444444444333,0.013888888888888895,0.065277777777777615,-0.013194444444444408,0.13125000000000012,0.004166666666666546,0.00069444444444448784,0.0083333333333332552,0.49166666666666636,0.13125000000000012,0.24583333333333324,-6.5891419091916069e-17,0.0041666666666665868,-0.013888888888888807,-0.24583333333333338
e114,-7.2074531824165252e-17,-0.06597222222222221,-0.065277777777777796,0.13124999999999981,-0.004166666666666579,0.0062500000000001096,-0.0013888888888888621,-0.00069444444444432759,0.035416666666666707,0.0062499999999999223,-0.027777777777777585,-0.013888888888888977,2.7131070096233547e-17,-1.5289586021955874e-16,-0.24583333333333338,0.24583333333333332,0.00069444444444429301,0.0041666666666666874,0.0083333333333332257,-0.013194444444444488,-1.6391396703624974e-18,0.01319444444444454,1.8384877625398234e-16,-0.013194444444444434,-0.013888888888888848,0.0041666666666666206,0.013888888888888987,-0.0041666666666668089,0.0041666666666666328,-0.0062499999999999414,0.0083333333333332794,-0.0062499999999999657,0.013194444444444384,-0.031250000000000042,0.013888888888888833,0.0041666666666665825,0.0062500000000000541,0.0097222222222219899,-0.029166666666666778,0.013194444444444585,0.027777777777777884,-0.035416666666666624,-0.01319444444444425,5.8853102178037903e-17,0.013194444444444522,0.065277777777777782,-0.029166666666666698,-0.03541666666666661,-0.00069444444444436185,0.035416666666666707,-0.00069444444444447396,-0.065972222222222168,0.031250000000000118,-0.026388888888888774,0.0041666666666666363,0.035416666666666714,0.0104166666666666,-0.013888888888888758,0.13124999999999987,-0.065972222222222349,0.026388888888888781,-0.0041666666666665998,-0.0097222222222221877,-0.0062499999999998355,-0.013194444444444455,-0.035416666666666714,0.00069444444444456276,-0.031250000000000173,0.0041666666666668366,0.013194444444444368,-0.0083333333333333887,-0.00069444444444450497,-0.00347222222222215,-8.9944213120242263e-17,-0.0062500000000000472,0.0041666666666665851,-0.029166666666666632,-0.013888888888888843,-0.003472222222222301,-0.0062500000000001331,0.009722222222222408,0.0041666666666666432,0.0006944444444445388,-0.0062499999999999015,0.00069444444444439752,0.0034722222222225239,-1.3975636613078148e-17,-0.0097222222222219691,0.013194444444444606,-0.0062500000000000324,-0.010416666666666753,-0.010416666666666749,-8.3930389669412646e-17,-0.013194444444444384,-0.0013888888888888111,-0.0041666666666666883,-0.00069444444444414946,-0.0062500000000000168,0.013888888888888925,-0.035416666666666721,0.003472222222222549,-0.00069444444444435654,0.03541666666666661,-0.06597222222222221,0.00069444444444442192,0.0041666666666666579,-0.0062500000000000671,-0.029166666666666615,0.0041666666666666189,-0.065277777777777837,0.013888888888888777,-0.010416666666666626,0.00069444444444439915,0.13125000000000012,0.49166666666666664,0.1312500000000002,-0.065277777777777615,-0.013194444444444264,0.031250000000000097,-3.592364427481192e-17
e115,0.00069444444444448524,0.035416666666666784,0.029166666666666567,-0.065277777777777726,0.026388888888888774,0.013194444444444333,-0.0041666666666664957,-0.035416666666666596,-0.013194444444444177,-0.0034722222222221531,0.0062499999999999448,0.010416666666666666,0.065972222222222029,0.065277777777777685,-0.13124999999999992,-1.231565095539105e-16,-0.0041666666666666432,-0.01388888888888903,-0.013194444444444552,0.031250000000000035,0.013194444444444512,-0.010416666666666373,0.0034722222222221587,-0.0062500000000000324,0.031249999999999948,-0.013194444444444266,-0.0041666666666665712,-0.013888888888888878,2.3602463985366511e-16,-0.0034722222222224163,-0.0062499999999998598,0.0097222222222219483,0.0041666666666665851,0.00069444444444422199,-0.0062500000000001365,0.0013888888888888072,-0.00069444444444455864,-0.029166666666666688,0.065277777777777587,-0.035416666666666596,-0.035416666666666693,0.065972222222222293,0.029166666666666709,-0.0097222222222221721,-0.0062499999999999604,-0.035416666666666666,0.013194444444444361,0.026388888888889007,-0.0041666666666666918,-0.065277777777777851,-2.2652355622019662e-17,0.13124999999999995,-0.06597222222222221,0.0041666666666668245,-0.00069444444444451831,-0.013888888888889049,-0.013194444444444281,0.03541666666666668,-0.065972222222222127,0.031250000000000021,-0.035416666666666624,-0.00069444444444454346,9.3194864826824154e-18,0.013194444444444575,5.4200271858941847e-17,0.027777777777777974,-0.0062500000000001027,0.013888888888889056,-0.0062500000000000793,-0.0041666666666666033,-0.00069444444444446887,-0.0083333333333332326,-7.6231439965497734e-17,-0.0041666666666667429,0.0041666666666667828,-0.013888888888888852,0.0097222222222222068,-0.0041666666666666146,-0.0062500000000000324,0.0083333333333336836,-0.0062500000000000489,0.013194444444444462,-0.031250000000000007,0.013888888888888843,-0.010416666666666815,-0.010416666666666631,0.013194444444444439,-0.0062499999999999578,-5.4093854161406016e-17,-0.0097222222222220663,0.0034722222222222485,0.00069444444444437454,-0.00069444444444442441,0.0041666666666665348,0.00624999999999997,0.013194444444444349,-0.029166666666666678,0.0013888888888889004,0.0041666666666665894,0.00069444444444454346,-0.006250000000000022,9.6939279042157543e-17,0.0006944444444443187,6.1111391208749987e-17,-0.035416666666666638,0.013888888888888734,0.02777777777777786,-0.00069444444444459767,0.00069444444444444772,1.0286185797984325e-17,-0.0041666666666667022,0.01388888888888898,0.0041666666666666657,0.24583333333333324,0.1312500000000002,0.4916666666666667,0.13124999999999995,0.0083333333333332257,-0.013194444444444328,0.24583333333333346
e116,-0.0062500000000000784,-0.013194444444444483,-0.0097222222222220472,0.029166666666666681,-0.0041666666666665669,-0.010416666666666942,0.00069444444444437552,0.013888888888888871,-7.640536976767228e-17,-0.006250000000000029,0.0097222222222220957,-0.0034722222222222524,-0.031249999999999847,-0.035416666666666673,0.065972222222222224,0.00069444444444465893,-0.0013888888888888406,0.0062500000000001383,-0.0041666666666667108,-0.00069444444444463312,-0.0041666666666665807,0.0006944444444444204,-0.010416666666666794,0.013888888888888831,-0.065972222222222127,0.031250000000000056,-0.0006944444444444242,0.035416666666666582,0.013194444444444465,0.0062499999999999865,0.009722222222222349,-0.029166666666666518,-0.026388888888888917,0.035416666666666714,-0.013194444444444396,0.0041666666666666189,2.1470787018345302e-17,0.06527777777777774,-0.13125000000000001,0.065972222222222335,0.065277777777777837,-0.13125000000000001,0.00069444444444441715,-0.0062499999999998416,0.0013888888888888677,0.027777777777777773,-0.0062500000000000003,-0.035416666666666707,0.013888888888888935,-1.2014250545465062e-16,-0.24583333333333321,0.24583333333333315,-4.0518503426333725e-17,0.013194444444444323,-0.0083333333333332031,-0.004166666666666795,-0.0062500000000000116,0.00069444444444427512,0.035416666666666555,-0.013888888888888713,0.00069444444444451494,-8.603467199717408e-17,0.0097222222222221912,-0.02916666666666666,0.013194444444444443,-0.0062500000000000489,0.0034722222222223899,-0.010416666666666664,-0.0034722222222221713,0.013888888888888931,0.0041666666666667854,0.013194444444444441,0.0034722222222222871,0.0062500000000000611,6.0087350258465286e-17,-0.0041666666666666735,-0.0062499999999998702,-0.00069444444444443829,0.0041666666666667126,-0.0062499999999999787,0.0083333333333334789,-0.0083333333333333228,0.013194444444444668,-0.0041666666666666441,0.013194444444444557,0.013888888888888888,-0.035416666666666638,0.027777777777777783,0.0041666666666667403,5.076255312933309e-17,6.6398049591361039e-17,0.0041666666666667707,-0.0041666666666665573,0.013888888888888984,-0.013194444444444483,7.4937210639297019e-17,0.013194444444444472,-0.006250000000000035,-0.013194444444444389,0.029166666666666539,0.00069444444444461914,0.00069444444444450107,-0.031249999999999944,0.065972222222222307,0.026388888888888844,-0.0041666666666666631,-0.035416666666666777,0.035416666666666673,-0.01041666666666659,0.065277777777777699,0.013194444444444439,-0.03125000000000009,0.013888888888888912,-6.5891419091916069e-17,-0.065277777777777615,0.13124999999999995,0.49166666666666681,0.0006944444444443869,0.004166666666666566,0.13125000000000009
e117,-0.035416666666666728,0.013194444444444174,0.026388888888888972,-0.0041666666666663986,0.029166666666666684,-0.0062500000000001478,-0.0097222222222222467,-0.013194444444444502,-0.035416666666666693,-0.031249999999999955,0.00069444444444430201,0.065972222222222224,0.010416666666666508,0.0041666666666666683,-0.00069444444444440587,-0.013888888888889193,-0.065277777777777782,-1.4386662673172592e-16,0.13125000000000001,-0.065972222222222016,0.035416666666666777,-0.065972222222222293,0.031250000000000056,-0.00069444444444449554,0.0034722222222221175,0.0062499999999999388,-0.0097222222222220576,6.0181759775809665e-17,-0.013888888888888938,0.010416666666666527,-0.0006944444444445916,0.0041666666666666042,0.0097222222222220003,0.0062500000000000428,0.013194444444444372,-0.029166666666666674,-0.0062500000000000359,0.0013888888888887901,0.0041666666666666866,0.00069444444444443872,-0.013194444444444399,0.010416666666666708,0.02638888888888892,-0.0041666666666667022,0.01319444444444445,0.00069444444444450551,0.035416666666666603,0.029166666666666691,-0.065277777777777643,-0.0041666666666666987,-0.013888888888888859,-0.013194444444444285,0.031250000000000097,0.065277777777777851,-0.13124999999999984,9.677080933888018e-18,-0.0354166666666667,-0.00069444444444450237,0.031249999999999976,-0.065972222222222252,-0.013194444444444571,0.035416666666666652,0.013888888888888755,-0.0062499999999999873,0.027777777777777842,-3.5361632146251836e-17,0.013194444444444366,8.7336579233514584e-18,0.013194444444444488,0.0041666666666668305,-0.0062499999999999561,0.0083333333333334269,0.013888888888888968,0.0041666666666666761,-0.0041666666666665903,7.0043186902656668e-17,0.0041666666666665209,0.0041666666666666423,-0.00069444444444445423,-0.0083333333333331094,0.013194444444444472,-0.006249999999999983,-0.0034722222222221036,4.2497282641156166e-17,0.0034722222222221726,0.0034722222222223322,-0.0062499999999999422,0.013194444444444484,0.013888888888888824,-0.0041666666666666016,-0.010416666666666624,0.0062499999999999787,-0.0062500000000001183,0.0097222222222222345,0.00069444444444447266,-0.0062500000000000576,0.0013888888888889067,-0.029166666666666799,0.065277777777777643,-0.035416666666666707,-0.00069444444444435969,0.02777777777777788,-0.035416666666666756,0.013888888888888904,0.00069444444444439709,-8.8818318556549182e-17,-6.7975203056863481e-17,-0.0062500000000000056,0.13124999999999992,-0.013888888888888871,-0.24583333333333313,-1.4083660070752487e-17,0.24583333333333326,0.0041666666666665868,-0.013194444444444264,0.0083333333333332257,0.0006944444444443869,0.49166666666666653,0.13124999999999992,0.0041666666666668123
e118,0.065277777777777712,-0.029166666666666556,-0.035416666666666867,-0.00069444444444431914,-0.013194444444444434,0.013194444444444372,-3.3326182985111623e-17,-1.0585933378542531e-16,0.027777777777777905,0.013888888888888814,-0.0062499999999997852,-0.035416666666666902,-0.013194444444444248,-0.026388888888889069,0.0041666666666665903,0.035416666666666811,0.035416666666666652,-0.00069444444444436803,-0.065972222222222182,0.031250000000000167,0.00069444444444449966,2.8317210505461436e-17,-0.0006944444444444577,1.454220942275275e-16,-0.0062500000000000281,-0.0097222222222224115,0.029166666666666421,-0.013194444444444372,0.0062500000000000758,-0.0034722222222224315,0.010416666666666619,-0.013194444444444373,0.0062500000000000385,-0.0013888888888889319,-0.0041666666666666258,-0.00069444444444451202,0.027777777777777769,-0.0062499999999999431,0.013888888888888918,-0.035416666666666735,0.035416666666666742,-0.013888888888888694,-0.0041666666666667395,-0.001388888888888823,0.0062499999999999067,-2.3724056075902657e-17,-0.06597222222222214,-0.065277777777777823,0.13125000000000003,0.000694444444444441,0.00416666666666671,0.0083333333333333454,-0.013194444444444405,1.4522231621101508e-16,-0.24583333333333321,0.24583333333333332,0.026388888888888924,-0.0041666666666667074,-0.065972222222222071,0.13124999999999989,0.010416666666666565,-0.013888888888889001,-0.031250000000000056,0.00069444444444439926,-0.035416666666666707,-0.013194444444444335,-0.0062499999999999709,-0.0097222222222221131,0.0041666666666668279,-1.3215460387668098e-17,-0.0034722222222223114,-0.0062500000000000966,-0.0041666666666665599,-0.013194444444444437,-0.013888888888888805,0.0034722222222223109,-0.013888888888888737,-0.0062500000000000637,-0.0083333333333332257,-0.00069444444444453728,-0.0041666666666666683,0.0041666666666667126,-4.1688982548007342e-17,-0.0041666666666666389,-0.010416666666666574,0.0062500000000000134,-0.0097222222222222553,-6.4614617796505252e-17,0.0041666666666665972,-0.013194444444444389,0.00069444444444444057,-0.0083333333333335084,-0.013194444444444302,-0.0062500000000000992,-0.031249999999999983,0.013888888888888833,0.0041666666666666571,0.0097222222222222241,-0.029166666666666705,0.013194444444444387,-0.029166666666666573,-0.0062500000000001148,0.00069444444444446518,0.0041666666666665686,0.035416666666666555,-0.065972222222222182,-0.00069444444444442626,0.0034722222222223313,-0.065277777777777726,0.010416666666666616,-0.13125000000000009,0.065277777777777685,-1.2523765098751661e-16,-0.013888888888888807,0.031250000000000097,-0.013194444444444328,0.004166666666666566,0.13124999999999992,0.49166666666666675,0.00069444444444448881
e119,0.0013888888888889221,0.0041666666666667542,-0.0062500000000001938,0.00069444444444440587,0.013194444444444477,0.0034722222222222945,-0.010416666666666649,-0.0062499999999998824,0.013194444444444696,0.0097222222222220749,-0.029166666666666469,0.0062499999999999396,0.00069444444444441856,-0.00069444444444451093,4.0372495983408399e-16,3.9071362706700996e-17,0.0062499999999999049,-0.027777777777777873,-0.013888888888888822,0.035416666666666541,0.026388888888888865,-0.0041666666666665478,0.013194444444444526,-0.035416666666666839,0.035416666666666589,-0.013888888888888905,0.0062500000000000923,-0.027777777777777689,7.3998852211839001e-17,-0.013194444444444561,1.1261688988483298e-16,0.013194444444444372,0.035416666666666735,-0.065277777777777865,0.029166666666666615,0.0006944444444443715,0.00069444444444427306,-0.035416666666666763,0.06597222222222239,-0.031250000000000049,-0.029166666666666681,0.065277777777777893,0.035416666666666791,-0.013194444444444529,0.004166666666666788,-0.0062499999999999119,0.0034722222222222238,0.013194444444444384,-0.010416666666666659,-0.065972222222222446,-2.7053258505419259e-17,0.13125000000000003,-0.065277777777777837,-0.031249999999999896,0.013194444444444436,0.013888888888888805,-0.0097222222222221651,0.029166666666666657,-0.00069444444444446702,-0.004166666666666775,-0.031250000000000007,0.00069444444444428596,-0.0062500000000000056,0.009722222222222042,-6.6572839399605801e-17,0.013888888888889023,-0.010416666666666746,0.00069444444444443894,1.0499691000909151e-16,0.0041666666666668141,-0.013888888888888829,-0.0041666666666664923,0.0062499999999999631,-0.0083333333333333193,-0.0041666666666666206,-0.013194444444444488,-0.0034722222222221852,-0.0083333333333332985,-0.0062500000000000437,0.0041666666666667143,-0.0062500000000000819,-0.00069444444444442203,0.0041666666666666675,-0.01388888888888884,-0.0062500000000000446,-0.0041666666666666536,0.026388888888888906,-0.035416666666666631,1.2586570092652772e-19,0.0034722222222222125,-0.0097222222222221998,-0.013194444444444516,-0.0013888888888888271,-0.031249999999999955,0.010416666666666708,-0.013194444444444342,0.0062500000000001044,0.00069444444444432716,0.035416666666666777,-0.065277777777777754,0.0041666666666666727,7.5277859529963827e-17,0.065972222222221988,-0.13124999999999995,-0.0041666666666667525,0.00069444444444443504,0.013888888888888895,-0.065972222222222071,0.013888888888888949,-0.13125000000000001,-0.0083333333333333141,0.013194444444444427,-0.0041666666666664931,-0.24583333333333338,-3.592364427481192e-17,0.24583333333333346,0.13125000000000009,0.0041666666666668123,0.00069444444444448881,0.49166666666666681
