row_id,e000,e001,e002,e003,e004,e005,e006,e007,e008,e009,e010,e011,e012,e013,e014,e015,e016,e017,e018,e019,e020,e021,e022,e023,e024,e025,e026,e027,e028,e029,e030,e031,e032,e033,e034,e035,e036,e037,e038,e039,e040,e041,e042,e043,e044,e045,e046,e047,e048,e049,e050,e051,e052,e053,e054,e055,e056,e057,e058,e059,e060,e061,e062,e063,e064,e065,e066,e067,e068,e069,e070,e071,e072,e073,e074,e075,e076,e077,e078,e079,e080,e081,e082,e083,e084,e085,e086,e087,e088,e089,e090,e091,e092,e093,e094,e095,e096,e097,e098,e099,e100,e101,e102,e103,e104,e105,e106,e107,e108,e109,e110,e111,e112,e113,e114,e115,e116,e117,e118,e119
e000,0.35000000000000042,-0.068749999999999908,-0.068749999999999575,-0.21249999999999988,-0.00069444444444442116,-0.013888888888888985,0.0062500000000001643,0.0083333333333332846,-0.013888888888888923,0.015972222222222179,0.029166666666666709,-0.031250000000000062,-0.015972222222222211,0.015972222222222138,4.6704423030693002e-17,1.7205991082987374e-17,-0.012499999999999923,0.013888888888888866,-0.013888888888888938,0.01249999999999999,0.0097222222222222952,-0.031250000000000125,0.029861111111111067,-0.0083333333333333072,-0.010416666666666685,0.027777777777777853,-0.031250000000000125,0.013888888888888909,4.589323762018328e-17,0.037499999999999971,7.0010642529219622e-18,-0.037500000000000068,0.01249999999999999,0.00069444444444445293,1.5612511283791264e-17,-0.013194444444444455,0.06944444444444442,-0.056249999999999974,-0.013194444444444344,3.1839781176153485e-18,0.029166666666666681,0.029861111111111095,0.008333333333333302,-0.02986111111111113,0.031250000000000167,-0.068749999999999672,0.082638888888888817,-0.013888888888888826,-3.2482909164648557e-17,0.013888888888888963,-0.0062500000000000897,-0.0083333333333333124,0.00069444444444446041,0.035416666666666742,0.015972222222222138,-0.082638888888888845,-0.013194444444444405,1.214306433183765e-17,0.21249999999999991,0.068749999999999714,0.035416666666666777,-0.013194444444444474,0.031250000000000083,0.015972222222222124,0.03541666666666677,-0.082638888888888873,-1.7560065602762515e-16,0.013888888888888812,-3.5058972840654338e-18,0.031250000000000118,-0.013888888888888958,0.010416666666666696,-0.0083333333333332413,0.0097222222222222328,0.029861111111111061,-0.015972222222222183,-0.082638888888888831,0.029166666666666528,0.0083333333333332985,-0.029861111111111061,0.031250000000000056,0.02986111111111114,-0.010416666666666713,-0.013194444444444342,0.012499999999999917,-0.056249999999999876,0.14999999999999977,-0.056249999999999946,0.035416666666666721,-0.0138888888888889,-0.013194444444444446,0.06944444444444435,-0.01805555555555553,4.9819416429010053e-18,-0.0062500000000000949,0.00069444444444449228,-0.0083333333333333003,0.069444444444444448,-0.010416666666666706,-0.029861111111111019,0.056249999999999918,0.0062500000000000767,-0.013888888888888937,0.0083333333333333159,0.010416666666666703,-0.029861111111111081,0.013194444444444385,0.013194444444444366,-0.02777777777777779,-0.010416666666666682,0.029166666666666657,-0.069444444444444364,0.01041666666666672,-0.015972222222222207,7.57105487290332e-17,0.015972222222222138,0.010416666666666737,0.031250000000000062,0.013888888888888867,-0.01805555555555555
e001,-0.068749999999999908,0.34999999999999953,-0.21249999999999977,-0.068750000000000006,-0.012500000000000018,0.012500000000000202,-0.01388888888888897,0.013888888888888864,-6.2071732826768546e-17,2.8756226694696503e-17,0.01597222222222211,-0.015972222222222304,-0.031249999999999882,0.029166666666666823,0.015972222222221867,-0.013888888888889089,-0.00069444444444446681,0.0083333333333335535,0.0062500000000000576,-0.013888888888889063,-0.031250000000000118,0.02777777777777778,-0.010416666666666409,0.013888888888888781,0.02986111111111122,-0.031249999999999906,0.0097222222222222779,-0.0083333333333333245,0.069444444444444559,-3.5289830591747876e-17,-0.013194444444444262,-0.056250000000000085,-0.013194444444444505,2.6020852139652106e-17,0.00069444444444440533,0.012500000000000226,5.3583980766624517e-17,-0.037499999999999985,-4.5588333452013466e-17,0.037500000000000006,0.02986111111111121,-5.2421894270506216e-17,-0.01597222222222228,-0.02916666666666656,0.013888888888888853,0.082638888888888845,-0.03541666666666636,-0.031249999999999983,-0.0159722222222221,-0.031250000000000132,0.029861111111111088,0.009722222222222153,-0.0083333333333332881,-0.013888888888888775,0.01041666666666672,0.031249999999999757,-9.8879238130678004e-17,-0.013194444444444587,-1.8084587759074415e-16,0.013888888888888992,-0.082638888888888845,0.035416666666666825,-0.013888888888888701,-0.0083333333333334529,-0.013194444444444514,0.068749999999999728,0.21250000000000047,0.068749999999999908,0.029861111111111317,-0.082638888888888734,0.035416666666666742,0.015972222222222297,0.00069444444444423706,-0.0083333333333333159,-0.0062499999999998529,7.6301739261521555e-17,1.5362244163629611e-16,-0.013888888888888951,0.018055555555555498,-0.01041666666666672,-0.015972222222222068,-0.031249999999999993,0.027777777777777801,-0.010416666666666765,0.013888888888889082,0.069444444444444572,-0.056250000000000265,-0.013194444444444328,0.01597222222222246,0.010416666666666647,-0.008333333333333413,-0.029166666666666771,0.010416666666666765,0.029861111111111151,-0.013194444444444382,-0.0062500000000000264,0.02986111111111122,-0.010416666666666725,0.018055555555555391,0.0083333333333332014,-0.14999999999999999,-0.00069444444444439872,-0.012500000000000025,0.01319444444444449,-0.069444444444444503,-1.5495668618533106e-17,0.056249999999999974,0.0062499999999999665,0.010416666666666748,0.0138888888888888,-0.069444444444444808,0.056250000000000168,0.01319444444444445,-0.035416666666666721,0.082638888888888901,-0.03125000000000009,0.029861111111111137,-0.02986111111111079,-0.029166666666666917,-0.0083333333333334494
e002,-0.068749999999999575,-0.21249999999999977,0.34999999999999987,-0.068749999999999603,-3.4694469519536142e-17,-0.012500000000000058,-0.00069444444444451353,0.013194444444444493,-0.068749999999999978,-1.9307777675074956e-16,-0.01388888888888902,0.082638888888888831,-0.035416666666666555,-0.031250000000000146,-0.015972222222222391,0.082638888888888928,0.013194444444444694,-0.035416666666666735,0.0083333333333332309,0.013888888888889055,-0.0083333333333332898,0.013888888888888959,-0.0062500000000001582,0.00069444444444432705,-0.013194444444444486,-0.010416666666666897,0.029861111111111137,-0.0062500000000001825,-0.013194444444444238,-7.2414632121511397e-17,0.069444444444444364,-0.056249999999999675,0.00069444444444452156,0.012500000000000143,-0.013194444444444816,-4.5102810375396984e-17,-0.056249999999999994,0.14999999999999972,-0.056249999999999988,-0.037500000000000082,-0.069444444444444392,-2.8709362130707876e-17,0.01805555555555545,-0.010416666666666755,-0.015972222222222322,-0.013888888888889006,-0.031250000000000291,0.029166666666666619,0.015972222222222058,-0.010416666666666947,-0.013194444444444441,0.029861111111110995,-0.0062499999999998659,-0.013194444444444576,-0.0083333333333334876,0.035416666666666874,0.012499999999999898,0.00069444444444446843,-9.0572995738066066e-17,-0.082638888888888748,0.015972222222222186,-0.0083333333333333662,-0.027777777777777922,0.01041666666666698,-0.013888888888889027,2.6970276599945247e-16,-0.21249999999999997,3.486357585034156e-16,-0.029861111111111088,0.015972222222222103,-0.0083333333333331719,-0.01805555555555553,0.013888888888888843,-0.031249999999999979,-0.010416666666666439,1.3281055094455279e-16,0.068749999999999922,0.015972222222222235,-0.015972222222222096,-0.029166666666666532,0.013888888888888701,-0.0083333333333334182,0.013888888888888984,-0.0062499999999999665,-0.013888888888888831,-0.013194444444444443,-0.056249999999999967,0.069444444444444448,-0.082638888888889067,0.031250000000000208,0.035416666666666964,-0.01041666666666672,-0.0083333333333333436,-0.029861111111111036,0.029861111111111283,-0.0083333333333333089,0.0097222222222223056,-0.029166666666666622,-0.015972222222222141,0.031249999999999938,0.037500000000000117,-0.013888888888888919,0.012500000000000087,0.013888888888889006,0.029861111111111043,3.8891351389230374e-17,-2.7169428674769871e-17,0.010416666666666737,0.031249999999999972,0.0277777777777777,0.029861111111111078,9.3252804060148183e-17,-0.029861111111111206,-0.031249999999999969,-0.013888888888888853,0.029166666666666719,-0.069444444444444586,-0.0097222222222223161,0.031250000000000194,0.010416666666666938
e003,-0.21249999999999988,-0.068750000000000006,-0.068749999999999603,0.35000000000000042,0.013194444444444557,0.013888888888888699,0.0083333333333331094,-0.035416666666666811,0.082638888888888956,-0.015972222222222172,-0.031250000000000146,-0.035416666666666749,0.082638888888888845,-0.013888888888889062,-2.54640743109416e-16,-0.068749999999999811,-1.4398204850607499e-16,0.013194444444444476,-0.00069444444444427967,-0.012499999999999893,0.029861111111110894,-0.010416666666666421,-0.013194444444444429,-0.0062499999999997878,-0.0062499999999999787,0.013888888888888951,-0.0083333333333331407,0.00069444444444436695,-0.056250000000000168,-0.037499999999999832,-0.056250000000000022,0.14999999999999983,9.1940344226770776e-17,-0.013194444444444467,0.012500000000000015,0.00069444444444427284,-0.013194444444444505,-0.056249999999999863,0.069444444444444475,6.4320966643184867e-17,0.010416666666666786,-0.029861111111111144,-0.010416666666666612,0.069444444444444364,-0.029166666666666799,-1.5248235629680056e-16,-0.015972222222222273,0.015972222222222276,-8.0695535397343161e-17,0.027777777777777634,-0.010416666666666637,-0.031250000000000132,0.013888888888888918,-0.0083333333333332951,-0.018055555555555582,0.015972222222222117,0.00069444444444446518,0.01249999999999991,-0.21249999999999999,1.1792231798731979e-16,0.031249999999999899,-0.013888888888888782,0.010416666666666434,-0.018055555555555634,-0.0083333333333334078,0.013888888888888812,1.2593149375788583e-16,-0.082638888888888831,2.2938424329764252e-16,0.035416666666666534,-0.013194444444444429,-0.0083333333333332343,-0.0062499999999998919,0.029861111111111213,-0.013194444444444233,0.015972222222222322,0.01388888888888884,-0.031250000000000042,-0.010416666666666652,0.069444444444444559,-0.029166666666666799,0.0097222222222220975,-0.031249999999999986,0.029861111111111071,-0.012499999999999905,7.2436960605469879e-18,-0.037499999999999888,-2.5577908612829413e-17,0.031250000000000111,-0.027777777777777735,-0.013888888888888883,-0.029861111111111095,0.015972222222222211,-8.7762245230402738e-17,-0.010416666666666666,0.013888888888888925,-0.031249999999999972,-0.029861111111111071,0.0083333333333333141,-0.009722222222222042,0.056250000000000022,0.0083333333333332257,0.013888888888888918,-0.035416666666666867,0.029166666666666709,0.029861111111111067,-0.069444444444444392,-0.029861111111111095,-0.013888888888888919,-0.031250000000000083,0.010416666666666838,0.01319444444444458,0.0062500000000000481,0.082638888888888692,-0.06874999999999977,-0.013888888888888978,0.029166666666666737,0.0083333333333329776,-0.015972222222222349,0.015972222222222235
e004,-0.00069444444444442116,-0.012500000000000018,-3.4694469519536142e-17,0.013194444444444557,0.34999999999999937,-0.21249999999999997,-0.06874999999999995,-0.068749999999999825,0.013194444444444337,0.0138888888888888,0.0083333333333334911,-0.035416666666666798,0.082638888888888845,-0.015972222222222034,-0.031250000000000014,-0.035416666666667186,-0.068749999999999797,0.082638888888888762,-0.01388888888888884,-1.0592750543511657e-16,0.069444444444444434,7.2065330856330375e-17,-0.013194444444444401,-0.056250000000000029,-0.0062499999999997315,0.029861111111111175,-0.010416666666666635,-0.013194444444444247,-0.0062500000000001096,0.013888888888888916,-0.0083333333333331459,0.00069444444444456362,-0.056249999999999988,-0.037500000000000304,-0.056249999999999974,0.15000000000000005,0.00069444444444430363,-1.8041124150158794e-16,-0.013194444444444413,0.012500000000000231,0.008333333333333328,-0.013888888888888694,0.029166666666666639,0.029861111111111144,0.010416666666666732,0.0083333333333334599,-0.015972222222222297,0.01805555555555545,-0.010416666666666531,0.015972222222222197,0.035416666666666888,0.031250000000000097,-0.082638888888888776,-0.056250000000000196,0.069444444444444448,-0.01319444444444437,0.21249999999999977,0.068749999999999895,0.013888888888889072,-0.0062499999999999891,0.031250000000000118,0.013888888888888992,1.3959450019764101e-16,-0.015972222222222308,-5.9588861343344992e-17,-0.013888888888889067,-0.012500000000000145,0.013888888888888958,0.010416666666666732,-0.010416666666666581,0.06944444444444435,-0.029166666666666674,-2.6059645363632002e-17,-0.015972222222222155,0.015972222222222235,0.027777777777777693,0.00069444444444439731,0.03125000000000009,0.010416666666666703,-0.018055555555555582,-0.0083333333333334043,0.01388888888888877,1.223465855141723e-16,-0.082638888888889012,5.9497366884630918e-17,0.035416666666666735,-0.013194444444444457,-0.0083333333333335709,-0.0062499999999999284,0.029861111111111185,-0.013194444444444415,0.015972222222222318,0.013888888888888978,-0.031250000000000215,-0.010416666666666501,0.069444444444444503,-0.029166666666666601,0.0097222222222222848,-0.031249999999999972,0.029861111111111231,-0.012499999999999891,-1.5404000255323922e-16,-0.037499999999999811,-6.8625926216337073e-17,0.03124999999999999,-0.027777777777777842,-0.013888888888888661,-0.029861111111111158,0.015972222222222433,2.1934853843728912e-16,-0.010416666666666814,0.013888888888888992,-0.031250000000000278,-0.02986111111111104,0.0083333333333332378,-0.0097222222222221322,0.0083333333333331962,0.029166666666666698,0.029861111111111123,-0.029861111111111116
e005,-0.013888888888888985,0.012500000000000202,-0.012500000000000058,0.013888888888888699,-0.21249999999999997,0.35000000000000142,-0.068749999999999409,-0.068749999999999853,-0.00069444444444454237,-0.013888888888888911,0.0062499999999999865,0.008333333333333243,-0.013888888888888909,0.015972222222222561,0.029166666666667132,-0.031249999999999917,-1.6350733733641389e-16,-0.015972222222222384,0.015972222222222058,1.6495382604096865e-16,-0.013194444444443969,-2.0505758384272221e-16,0.069444444444444517,-0.056250000000000085,-0.0083333333333336021,0.0097222222222223681,-0.03125000000000016,0.029861111111111067,-0.010416666666666709,0.027777777777777509,-0.031249999999999917,0.013888888888888768,3.0815398432073008e-16,0.037499999999999936,2.4590528383324356e-16,-0.037500000000000207,-0.013194444444444172,0.012499999999999964,0.00069444444444449066,-1.7694179454963432e-16,-0.035416666666666541,0.013888888888888767,0.010416666666666867,-0.029861111111111199,0.0062500000000001044,0.03125000000000018,0.013888888888889048,-0.015972222222222339,-0.029166666666666719,-0.018055555555555311,-0.008333333333333727,0.010416666666666616,0.015972222222222301,-0.056250000000000196,-0.013194444444444401,0.069444444444444642,-0.21250000000000019,5.6908304978439111e-16,0.0277777777777777,-0.010416666666666732,0.0083333333333331962,-0.015972222222222276,2.0259390557797974e-16,0.08263888888888879,-0.068750000000000089,-0.00069444444444449087,-5.8980598183211441e-17,0.013194444444444495,0.029166666666666573,0.0083333333333334633,-0.029861111111111165,0.031250000000000035,-0.068750000000000366,0.082638888888888928,-0.013888888888888895,0.013888888888888909,-0.013194444444444483,0.035416666666666624,0.031250000000000187,0.015972222222222183,0.035416666666666742,-0.082638888888888581,-2.4983793730088733e-16,0.013888888888889159,3.0101608585446504e-18,0.031250000000000326,-0.013888888888888978,0.010416666666667008,-0.0083333333333334512,0.0097222222222219969,0.029861111111110929,-0.015972222222222426,-0.082638888888888651,0.029166666666666955,0.0083333333333329082,-0.029861111111110807,0.031249999999999487,0.029861111111111123,-0.010416666666666932,-0.013194444444444444,0.012499999999999713,-0.056249999999999682,0.14999999999999977,-0.056249999999999821,0.035416666666666777,-0.013888888888888748,-0.01319444444444446,0.069444444444444572,-0.018055555555555741,-1.2326136449525998e-16,-0.0062499999999999674,0.0006944444444442697,-0.0083333333333331268,0.069444444444444531,-0.01041666666666681,-0.02986111111111095,0.0062500000000002311,0.010416666666666817,-0.02986111111111113,0.013194444444444361
e006,0.0062500000000001643,-0.01388888888888897,-0.00069444444444451353,0.0083333333333331094,-0.06874999999999995,-0.068749999999999409,0.34999999999999987,-0.21250000000000005,-0.012499999999999914,0.012500000000000032,-0.013888888888889166,0.013888888888888852,5.0961672724221954e-17,-2.8147571790353418e-17,0.015972222222222218,-0.015972222222222235,-0.013888888888888978,-0.031250000000000111,0.029166666666666861,0.015972222222222259,5.4649796590815778e-17,0.037500000000000006,-1.2426967176005489e-18,-0.037500000000000151,0.013888888888888758,-0.03125000000000009,0.027777777777777846,-0.010416666666666661,0.029861111111111047,-0.031250000000000222,0.0097222222222222918,-0.008333333333333269,0.069444444444444448,-1.7650452438057395e-16,-0.013194444444444283,-0.05624999999999996,0.012499999999999928,-0.013194444444444585,-4.6837533851373792e-17,0.00069444444444436153,0.01388888888888893,0.012499999999999704,0.029861111111111137,9.5292585197900174e-17,-0.029861111111111074,-0.029861111111111095,-0.029166666666666927,-0.010416666666666593,0.06944444444444467,-0.0083333333333333211,-0.013194444444444495,-0.013888888888888826,0.03541666666666677,0.14999999999999988,-0.056249999999999953,-0.056250000000000071,-2.4929175554579712e-17,-0.08263888888888915,-0.010416666666666748,-0.013194444444444196,-0.0097222222222221148,0.031249999999999983,0.015972222222222204,-0.031249999999999951,-0.01388888888888927,0.008333333333333328,0.013194444444444488,-0.035416666666666839,0.029861111111111005,-0.015972222222222499,-0.029166666666666605,0.013888888888888812,0.082638888888888568,-0.035416666666666825,-0.031250000000000056,-0.031250000000000104,5.2041704279304213e-18,-0.082638888888888776,-0.01388888888888881,-0.0083333333333332066,-0.013194444444444276,0.068749999999999978,0.21250000000000016,0.068749999999999881,0.029861111111111071,-0.082638888888888803,0.03541666666666686,0.015972222222222068,0.00069444444444442593,-0.0083333333333332985,-0.0062499999999998199,-4.5270796580375932e-17,-1.7919067437740754e-17,-0.013888888888889034,0.018055555555555488,-0.010416666666666614,-0.015972222222222086,-0.031250000000000153,0.027777777777777794,-0.010416666666666748,0.01388888888888903,0.069444444444444656,-0.056250000000000008,-0.013194444444444217,0.01597222222222229,0.010416666666666817,-0.0083333333333333592,-0.02916666666666675,0.010416666666666848,0.029861111111111172,-0.013194444444444323,-0.0062499999999999023,0.02986111111111113,-0.010416666666666654,0.018055555555555474,0.0083333333333331389,-0.00069444444444438365,-0.069444444444444392,1.0371476060828088e-17,0.0062500000000000567
e007,0.0083333333333332846,0.013888888888888864,0.013194444444444493,-0.035416666666666811,-0.068749999999999825,-0.068749999999999853,-0.21250000000000005,0.34999999999999942,1.717376241217039e-16,-0.012500000000000015,-0.00069444444444430092,0.013194444444444359,-0.068750000000000019,-8.1313900457801914e-17,-0.013888888888888756,0.082638888888889095,0.082638888888888595,-0.035416666666666874,-0.031249999999999924,-0.015972222222222415,-0.056249999999999925,-0.037500000000000019,-0.056250000000000133,0.15000000000000016,0.00069444444444436565,-0.0083333333333335396,0.013888888888888789,-0.0062500000000000082,-0.013194444444444269,-0.01041666666666673,0.029861111111111109,-0.0062500000000003178,-0.013194444444444339,-7.9236653826437706e-17,0.069444444444444378,-0.056250000000000015,-7.2858385991025898e-17,0.00069444444444439406,0.012500000000000018,-0.013194444444444495,0.013194444444444358,-0.012500000000000153,-0.069444444444444642,-9.2443958251010244e-17,0.013194444444444205,-0.0097222222222221946,0.031249999999999851,0.0083333333333333801,-0.029861111111111019,0.010416666666666817,-0.013888888888888918,-0.027777777777777696,0.031250000000000111,-0.03749999999999995,-4.8927540362659246e-17,-1.4052176643851248e-16,-3.7627803119186411e-17,0.013888888888888701,-0.031250000000000042,0.029861111111111241,-0.02986111111111096,-0.029166666666666573,-0.015972222222222363,-0.035416666666666902,0.082638888888888734,0.0062499999999999648,-0.00069444444444436034,0.0083333333333334147,-0.069444444444444642,0.018055555555555471,-0.010416666666666758,-0.015972222222222145,-0.0138888888888892,-0.031250000000000215,0.029166666666666636,-0.01041666666666682,0.012499999999999943,0.015972222222222204,-0.027777777777777804,0.010416666666666744,-0.013888888888888741,-5.0284533681489635e-17,-0.21250000000000008,-6.6542230540722992e-17,-0.02986111111111138,0.015972222222222495,-0.0083333333333333089,-0.018055555555555412,0.013888888888888897,-0.031249999999999965,-0.010416666666666708,9.4149923564408529e-17,0.068749999999999811,0.015972222222222113,-0.0159722222222222,-0.029166666666666625,0.013888888888889048,-0.0083333333333335466,0.013888888888888841,-0.0062500000000001964,-0.013888888888888897,-0.013194444444444377,-0.05625000000000023,0.069444444444444586,-0.082638888888888776,0.031249999999999972,0.035416666666666825,-0.010416666666666836,-0.0083333333333333696,-0.029861111111111074,0.029861111111111172,-0.0083333333333333558,0.009722222222222375,-0.02916666666666657,-0.015972222222222415,0.031249999999999965,-0.013888888888888937,0.029861111111111116,1.4067127032176918e-16,0.01041666666666655
e008,-0.013888888888888923,-6.2071732826768546e-17,-0.068749999999999978,0.082638888888888956,0.013194444444444337,-0.00069444444444454237,-0.012499999999999914,1.717376241217039e-16,0.34999999999999987,-0.21250000000000002,-0.068749999999999784,-0.068749999999999672,0.013194444444444514,0.013888888888889103,0.0083333333333334703,-0.035416666666667027,-0.035416666666666756,0.082638888888888845,-0.015972222222222224,-0.031250000000000278,-0.013194444444444391,0.012500000000000001,0.00069444444444441628,-9.0205620750793969e-17,-0.056250000000000036,0.069444444444444753,3.0461341622428036e-18,-0.013194444444444304,-0.0062499999999999561,0.029861111111111172,-0.01041666666666655,-0.013194444444444432,-0.0062500000000002172,0.01388888888888877,-0.0083333333333333211,0.00069444444444444794,0.14999999999999983,-0.056250000000000085,-0.037500000000000186,-0.056249999999999904,0.056249999999999994,0.037499999999999908,0.0083333333333331754,0.013888888888888845,-0.035416666666666693,0.029166666666666539,0.029861111111111192,-0.069444444444444461,0.010416666666666619,-0.029861111111110963,1.2815494820113931e-17,1.3793302580449657e-16,0.029861111111111328,0.012500000000000157,0.013888888888889032,-0.013888888888888893,-0.013888888888888753,-0.0083333333333334494,-0.015972222222222117,0.031250000000000139,-0.031249999999999944,0.0097222222222223577,0.010416666666666768,0.013194444444444222,0.0062500000000001946,0.082638888888888679,-0.068750000000000006,-0.013888888888888812,0.0083333333333333141,0.029166666666666622,0.029861111111111109,0.010416666666666761,0.0083333333333334078,-0.015972222222222259,0.018055555555555436,0.015972222222222311,0.21249999999999983,0.031250000000000042,-3.1055370781231543e-17,-0.015972222222222006,-9.7287402773744519e-17,-0.013888888888888958,-0.01249999999999998,0.013888888888888918,0.010416666666666546,-0.010416666666666628,0.069444444444444392,-0.029166666666666542,-3.6883953886874021e-17,-0.015972222222222242,0.015972222222222308,0.027777777777777946,0.00069444444444408668,0.031249999999999903,0.010416666666666609,-0.018055555555555495,-0.0083333333333334252,0.013888888888888909,1.4814220976730677e-18,-0.082638888888888734,-4.6815518617031955e-17,0.035416666666666832,-0.013194444444444595,-0.0083333333333333558,-0.0062499999999999804,0.029861111111111064,-0.013194444444444354,0.015972222222222165,0.013888888888888756,-0.031249999999999955,-0.010416666666666694,0.069444444444444503,-0.02916666666666658,0.0097222222222223056,-0.031249999999999979,0.029861111111110832,7.7340183053967877e-17,0.031250000000000028,-0.027777777777777946,-0.029861111111111348
e009,0.015972222222222179,2.8756226694696503e-17,-1.9307777675074956e-16,-0.015972222222222172,0.0138888888888888,-0.013888888888888911,0.012500000000000032,-0.012500000000000015,-0.21250000000000002,0.3499999999999997,-0.068750000000000422,-0.068750000000000228,-0.00069444444444478404,-0.01388888888888882,0.0062500000000000923,0.008333333333333184,-0.031250000000000132,-0.013888888888888951,0.015972222222222235,0.029166666666666792,0.00069444444444459246,3.2959746043559335e-17,-0.013194444444444869,0.012499999999999734,-0.056249999999999988,-0.013194444444444245,1.7392553669725698e-16,0.069444444444444517,-0.008333333333333158,0.0097222222222219587,-0.03125,0.029861111111111192,-0.010416666666666663,0.027777777777777592,-0.031249999999999965,0.013888888888888945,-0.037500000000000179,8.2152691983675842e-17,0.037500000000000276,2.360902677416105e-17,0.05625000000000005,-0.14999999999999983,0.006250000000000094,-0.013888888888889171,0.0083333333333333419,0.010416666666666796,-0.029861111111111283,0.01319444444444421,0.0062499999999998963,0.013194444444444441,0.056250000000000092,1.0440316661222669e-16,-0.069444444444444475,-0.012500000000000141,0.013194444444444483,-0.0006944444444444101,-0.027777777777777617,0.01041666666666677,0.01805555555555554,0.0083333333333334043,-0.010416666666666807,0.029861111111111081,0.029166666666666556,-0.069444444444444559,0.010416666666666869,-0.01597222222222227,-1.768221599114423e-17,0.015972222222222034,-0.03541666666666677,0.010416666666666588,-0.029861111111111126,0.0062499999999999127,0.031250000000000062,0.013888888888888798,-0.01597222222222237,-0.01805555555555572,-0.21250000000000019,0.0083333333333333644,-1.2866725630258885e-16,0.082638888888888928,-0.068750000000000006,-0.00069444444444456503,1.6826817716975029e-16,0.013194444444444403,0.029166666666666532,0.0083333333333333245,-0.029861111111111106,0.031249999999999958,-0.068749999999999922,0.08263888888888897,-0.013888888888888784,0.013888888888888886,-0.013194444444444587,0.035416666666666763,0.031250000000000139,0.015972222222222339,0.035416666666666721,-0.082638888888888901,1.968128817126532e-17,0.013888888888888826,2.9780956218785138e-17,0.031249999999999983,-0.013888888888888886,0.010416666666666893,-0.008333333333333335,0.0097222222222221148,0.029861111111111033,-0.015972222222222259,-0.082638888888888762,0.029166666666666726,0.0083333333333332621,-0.029861111111111165,0.031250000000000007,0.029861111111111005,-0.010416666666666685,-0.013194444444444483,-0.056250000000000001,0.035416666666666666,-0.013888888888888846,0.069444444444444545
e010,0.029166666666666709,0.01597222222222211,-0.01388888888888902,-0.031250000000000146,0.0083333333333334911,0.0062499999999999865,-0.013888888888889166,-0.00069444444444430092,-0.068749999999999784,-0.068750000000000422,0.3500000000000012,-0.21249999999999969,-0.012500000000000192,0.012499999999999855,-0.013888888888888744,0.013888888888888815,-0.015972222222222394,-3.5714003160793885e-17,2.4994640938141063e-16,0.015972222222221895,1.700029006457271e-16,0.0006944444444443315,0.012500000000000247,-0.013194444444444422,-0.037499999999999707,7.2278305511934388e-18,0.037500000000000006,3.542629101014402e-16,0.013888888888888911,-0.031249999999999851,0.027777777777777603,-0.010416666666666557,0.02986111111111114,-0.03124999999999984,0.0097222222222222883,-0.0083333333333333592,-0.056250000000000307,0.069444444444444281,6.9275101037493588e-17,-0.013194444444444432,-0.15000000000000024,0.056249999999999911,-0.00069444444444424433,-0.012500000000000025,0.013194444444444488,-0.069444444444444434,5.2739768016319046e-17,0.056250000000000057,0.013194444444444616,0.0062500000000000238,0.013194444444444436,-0.029861111111111192,0.010416666666666574,-0.013888888888888689,0.0083333333333335084,0.0062499999999999631,0.01041666666666643,-0.018055555555555595,-0.010416666666666897,-0.029861111111111213,0.013888888888888916,-0.0083333333333334408,-0.06944444444444435,0.056249999999999786,0.013194444444444226,-0.035416666666666471,0.082638888888888706,-0.031249999999999806,0.013888888888888782,0.02986111111111121,1.0837042632352393e-16,-0.029861111111111126,-0.029861111111111172,-0.029166666666666823,-0.010416666666666814,-0.008333333333333446,2.4844977629862959e-16,-0.0097222222222223716,0.015972222222222363,-0.031249999999999934,-0.013888888888888909,0.0083333333333335917,0.013194444444444441,-0.035416666666666388,0.029861111111111116,-0.015972222222222256,-0.029166666666666535,0.013888888888888978,0.082638888888888762,-0.035416666666666465,-0.031249999999999813,-0.031249999999999969,2.8796409701214998e-16,-0.082638888888888831,-0.013888888888888676,-0.0083333333333333245,-0.0131944444444443,0.068749999999999714,0.21250000000000011,0.068750000000000033,0.029861111111111276,-0.082638888888888734,0.035416666666666652,0.015972222222222363,0.00069444444444426688,-0.0083333333333331233,-0.0062499999999999821,1.5356187889008092e-16,4.3980193878305679e-17,-0.013888888888888742,0.018055555555555429,-0.010416666666666852,-0.015972222222222252,-0.031249999999999698,0.027777777777777669,-0.010416666666666647,0.069444444444444586,0.015972222222222339,0.010416666666666505,-0.029166666666666782
e011,-0.031250000000000062,-0.015972222222222304,0.082638888888888831,-0.035416666666666749,-0.035416666666666798,0.008333333333333243,0.013888888888888852,0.013194444444444359,-0.068749999999999672,-0.068750000000000228,-0.21249999999999969,0.35000000000000014,9.540979117872439e-17,-0.012499999999999969,-0.00069444444444459008,0.013194444444444649,0.082638888888889012,-0.068749999999999867,2.6654588395489771e-16,-0.01388888888888877,0.01249999999999998,-0.013194444444444396,1.5785983631388945e-16,0.00069444444444461946,0.15000000000000013,-0.05625000000000023,-0.037500000000000075,-0.056249999999999821,0.0006944444444442053,-0.0083333333333332534,0.01388888888888916,-0.0062499999999999422,-0.013194444444444231,-0.010416666666666793,0.029861111111111338,-0.0062500000000000602,-0.056250000000000022,-0.013194444444444311,1.3125159478316999e-16,0.069444444444444364,0.037500000000000144,0.056249999999999759,-0.013888888888888997,0.012499999999999995,0.01388888888888885,0.029861111111111033,9.649326413350576e-17,1.1580965377597178e-16,-0.029861111111111303,0.010416666666666781,-0.069444444444444225,0.029861111111111296,0.029166666666666712,0.01388888888888869,-0.035416666666666603,0.0083333333333334841,0.031250000000000319,0.015972222222222231,0.0083333333333330262,-0.0097222222222223265,0.027777777777777828,-0.03124999999999999,0.029861111111111172,-1.8375002951032931e-16,-0.029861111111111095,-0.031250000000000257,-0.013888888888888867,0.02916666666666674,0.013194444444444625,-0.069444444444444489,-1.1160709886120314e-16,0.013194444444444413,-0.009722222222222264,0.031250000000000097,0.0083333333333330626,0.01041666666666655,2.8176256502858822e-16,-0.02986111111111097,-0.015972222222222332,-0.035416666666666867,0.082638888888888734,0.006250000000000179,-0.00069444444444432814,0.0083333333333332829,-0.06944444444444442,0.018055555555555578,-0.010416666666666609,-0.015972222222222214,-0.013888888888888742,-0.031250000000000215,0.029166666666666348,-0.010416666666666756,0.01249999999999999,0.015972222222222183,-0.027777777777777721,0.010416666666666678,-0.0138888888888888,8.7897091595745842e-17,-0.21249999999999974,1.3273212117490799e-16,-0.029861111111111116,0.015972222222222027,-0.0083333333333331736,-0.018055555555555595,0.013888888888888909,-0.031250000000000146,-0.010416666666666612,-3.2758573038866171e-18,0.068750000000000089,0.015972222222222332,-0.015972222222222138,-0.029166666666666879,0.013888888888888923,-0.0083333333333333627,0.013888888888888975,-0.0062500000000000359,-0.013194444444444439,-0.082638888888888873,0.031250000000000354,-0.010416666666666553
e012,-0.015972222222222211,-0.031249999999999882,-0.035416666666666555,0.082638888888888845,0.082638888888888845,-0.013888888888888909,5.0961672724221954e-17,-0.068750000000000019,0.013194444444444514,-0.00069444444444478404,-0.012500000000000192,9.540979117872439e-17,0.34999999999999976,-0.21250000000000005,-0.068750000000000061,-0.068750000000000075,-0.035416666666666811,0.013194444444444722,0.013888888888888732,0.0083333333333333662,-0.037499999999999763,-0.056250000000000286,0.15000000000000011,-0.056250000000000203,6.9388939039072284e-17,-0.013194444444444425,0.012499999999999942,0.00069444444444425051,-0.056250000000000099,0.069444444444444572,-1.2337503414734865e-16,-0.013194444444443896,-0.0062499999999998789,0.029861111111111234,-0.010416666666666779,-0.013194444444444509,0.00069444444444418979,-0.006250000000000068,0.013888888888888989,-0.0083333333333334425,-0.012500000000000119,0.013194444444444399,-1.8101680379048475e-16,-0.0375000000000002,-1.1011492504053905e-16,0.031249999999999934,-0.027777777777777485,-0.013888888888888859,0.010416666666666678,-0.029861111111111189,0.0083333333333333003,0.031249999999999979,-0.0097222222222220801,-4.1613952021623287e-17,0.013194444444444705,-0.069444444444444586,0.015972222222222297,0.031250000000000007,-0.013888888888888964,0.029166666666666858,4.4447699976755016e-18,-0.029861111111110922,-0.010416666666666598,0.013888888888888697,-0.03124999999999982,-0.029861111111110991,0.0083333333333334217,-0.009722222222221976,0.056250000000000092,0.008333333333333243,0.013888888888888763,-0.035416666666666624,0.029166666666666709,0.029861111111110887,-0.069444444444444725,-0.029861111111111047,-0.013888888888888772,-0.031249999999999827,0.010416666666666789,0.013194444444444382,0.006250000000000016,0.082638888888888817,-0.068750000000000061,-0.013888888888888867,0.0083333333333333818,0.029166666666666664,0.029861111111110991,0.010416666666666633,0.0083333333333331719,-0.015972222222222044,0.018055555555555339,0.015972222222222384,0.21250000000000033,0.031249999999999955,-8.4599905903468246e-17,-0.015972222222222519,1.1207680438935527e-16,-0.013888888888888817,-0.01249999999999999,0.013888888888888867,0.010416666666666761,-0.01041666666666646,0.069444444444444239,-0.029166666666666625,2.3965086029166156e-17,-0.015972222222222176,0.015972222222222141,0.027777777777777755,0.00069444444444438929,0.031249999999999875,0.01041666666666664,-0.018055555555555564,-0.008333333333333217,0.013888888888889186,-1.923651399627666e-17,-0.082638888888888706,0.035416666666666527,-0.0062499999999998,0.029861111111110925,0.015972222222222259
e013,0.015972222222222138,0.029166666666666823,-0.031250000000000146,-0.013888888888889062,-0.015972222222222034,0.015972222222222561,-2.8147571790353418e-17,-8.1313900457801914e-17,0.013888888888889103,-0.01388888888888882,0.012499999999999855,-0.012499999999999969,-0.21250000000000005,0.34999999999999942,-0.068749999999999561,-0.068749999999999756,0.0083333333333332135,-0.00069444444444422752,-0.013888888888888886,0.0062500000000002389,0.03750000000000013,-1.4852464615169301e-16,-0.03750000000000004,-2.0097300754018858e-16,0.012499999999999902,0.00069444444444420801,3.4694469519536142e-18,-0.013194444444444548,-0.056249999999999842,-0.013194444444444647,-4.1495219383035664e-17,0.069444444444444392,-0.0083333333333332413,0.0097222222222223091,-0.031250000000000153,0.029861111111111248,0.013888888888888947,-0.010416666666666761,0.027777777777777929,-0.031250000000000243,0.012500000000000089,0.013888888888888796,-0.056250000000000154,0.14999999999999997,-0.056250000000000147,0.035416666666666673,-0.013888888888888885,-0.013194444444444561,-0.008333333333333335,0.069444444444444559,-0.010416666666666694,-0.029166666666666625,-0.029861111111111109,-8.2546266842476361e-17,-0.02986111111111131,0.029861111111111074,-0.018055555555555193,0.010416666666666744,0.082638888888888665,-0.031250000000000076,1.240021233323306e-16,0.01319444444444415,-0.006250000000000009,0.00069444444444432662,-0.0083333333333335535,0.069444444444444448,-0.010416666666666654,-0.029861111111111248,0.056249999999999994,0.0062499999999999769,-0.013888888888888848,0.0083333333333332968,0.010416666666666451,-0.029861111111111189,0.013194444444444503,0.013194444444444203,-0.027777777777777728,-0.010416666666666794,0.029166666666666612,-0.0694444444444446,0.010416666666666666,-0.015972222222222252,1.4838222639217813e-17,0.015972222222222308,-0.035416666666666666,0.010416666666666569,-0.029861111111111133,0.0062499999999998668,0.031250000000000076,0.013888888888888631,-0.015972222222222381,-0.018055555555555547,-0.21250000000000005,0.0083333333333333662,-5.1006101353211629e-17,0.082638888888889039,-0.068749999999999659,-0.00069444444444446832,1.8908485888147197e-16,0.013194444444444415,0.029166666666666667,0.0083333333333333696,-0.029861111111111123,0.031250000000000257,-0.068749999999999881,0.082638888888888984,-0.013888888888888784,0.013888888888889029,-0.013194444444444529,0.035416666666666763,0.031250000000000201,0.015972222222222197,0.035416666666666922,-0.08263888888888879,1.1923529615315078e-16,0.013888888888889103,0.03124999999999999,-0.0083333333333333731,0.009722222222222441,-0.015972222222222193
e014,4.6704423030693002e-17,0.015972222222221867,-0.015972222222222391,-2.54640743109416e-16,-0.031250000000000014,0.029166666666667132,0.015972222222222218,-0.013888888888888756,0.0083333333333334703,0.0062500000000000923,-0.013888888888888744,-0.00069444444444459008,-0.068750000000000061,-0.068749999999999561,0.35000000000000053,-0.21250000000000005,0.01388888888888911,-0.012500000000000205,0.012500000000000237,-0.013888888888889065,-2.4056204966450302e-17,-0.013194444444444255,-0.056249999999999627,0.069444444444444461,-0.013194444444444467,1.7347234759768071e-17,0.00069444444444456644,0.012500000000000289,-0.037500000000000082,-1.933168706736978e-17,0.037499999999999978,-1.3665353675941602e-16,0.013888888888888734,-0.031249999999999976,0.027777777777777981,-0.01041666666666681,-0.0083333333333334147,0.029861111111111165,-0.031250000000000076,0.009722222222222382,0.013888888888888892,-0.035416666666666735,0.069444444444444406,-0.056249999999999925,-0.013194444444444569,0.015972222222222492,0.010416666666666814,-0.0083333333333335223,-0.018055555555555332,-0.029166666666666397,-0.015972222222222294,0.013888888888889006,0.031250000000000069,-0.029861111111111206,0.0062500000000000229,0.010416666666666742,0.010416666666666744,-0.027777777777777794,-1.6547910095201442e-16,0.015972222222222124,0.029861111111111172,0.010416666666666317,-0.013194444444444196,-0.0062500000000001816,0.029861111111111047,-0.010416666666666734,0.01805555555555563,0.0083333333333333419,-0.15000000000000011,-0.00069444444444447472,-0.012500000000000077,0.013194444444444514,-0.069444444444444642,-2.0177862045089509e-16,0.056249999999999918,0.006249999999999852,0.010416666666666621,0.013888888888888952,-0.069444444444444309,0.05625000000000021,0.013194444444444656,-0.03541666666666652,0.082638888888888928,-0.031249999999999799,0.013888888888888956,0.029861111111111317,1.1345108305637931e-16,-0.029861111111111161,-0.029861111111111113,-0.029166666666666886,-0.010416666666666748,-0.008333333333333472,4.7252364267499999e-17,-0.0097222222222221356,0.015972222222222186,-0.031249999999999948,-0.013888888888888909,0.0083333333333333835,0.013194444444444524,-0.035416666666666562,0.029861111111111061,-0.015972222222222436,-0.029166666666666792,0.01388888888888877,0.082638888888889012,-0.035416666666666603,-0.031250000000000111,-0.031249999999999965,1.9081958235744878e-17,-0.08263888888888872,-0.013888888888888881,-0.0083333333333334841,-0.013194444444444507,0.068750000000000158,0.21249999999999997,0.068749999999999839,-0.082638888888888901,0.00069444444444435231,-0.0083333333333332794,-3.8148113718795984e-16
e015,1.7205991082987374e-17,-0.013888888888889089,0.082638888888888928,-0.068749999999999811,-0.035416666666667186,-0.031249999999999917,-0.015972222222222235,0.082638888888889095,-0.035416666666667027,0.008333333333333184,0.013888888888888815,0.013194444444444649,-0.068750000000000075,-0.068749999999999756,-0.21250000000000005,0.34999999999999915,0.013194444444444715,-2.6194324487249787e-16,-0.012500000000000063,-0.0006944444444446316,1.9140635405802351e-16,0.06944444444444467,-0.056250000000000057,-0.013194444444444342,0.00069444444444420042,0.012499999999999945,-0.013194444444444656,1.214306433183765e-17,0.14999999999999994,-0.0562499999999998,-0.037500000000000117,-0.056249999999999856,0.00069444444444457327,-0.0083333333333333887,0.013888888888889086,-0.0062500000000000567,-0.006250000000000029,-0.013194444444444538,-0.010416666666666545,0.029861111111111002,-0.013888888888889211,0.0083333333333334009,-0.013194444444444385,-0.056250000000000216,0.069444444444444753,-0.082638888888888859,0.03125000000000018,0.03541666666666677,0.015972222222222242,-0.010416666666666789,0.018055555555555554,-0.015972222222222429,0.0083333333333334286,0.029861111111110936,0.010416666666666793,0.029166666666666702,-0.0083333333333334876,-0.013888888888888937,-0.068749999999999589,-0.013888888888889062,-0.029861111111111116,0.0062500000000001036,0.029861111111111026,-0.0083333333333335154,0.0097222222222223438,-0.029166666666666671,-0.015972222222222329,0.031250000000000291,0.037499999999999999,-0.013888888888888964,0.012499999999999961,0.013888888888888807,0.029861111111111317,6.0849281775827216e-17,-1.4919149637395782e-16,0.010416666666666765,0.031249999999999799,0.027777777777778047,0.029861111111111456,-5.5022545226290238e-17,-0.029861111111111237,-0.031249999999999924,-0.013888888888888909,0.02916666666666666,0.013194444444444252,-0.069444444444444323,6.2600549825918067e-17,0.013194444444444378,-0.0097222222222223299,0.031250000000000014,0.0083333333333335154,0.010416666666666723,-9.6217211106637298e-17,-0.029861111111111293,-0.015972222222222394,-0.035416666666666576,0.082638888888888831,0.0062499999999999604,-0.00069444444444432543,0.0083333333333333696,-0.069444444444444753,0.018055555555555505,-0.01041666666666681,-0.015972222222222235,-0.013888888888888784,-0.031249999999999913,0.029166666666666764,-0.010416666666666798,0.012500000000000028,0.015972222222222325,-0.027777777777777884,0.010416666666666696,-0.013888888888888763,1.3886831455909103e-16,-0.21249999999999994,1.3672371893397417e-16,0.015972222222222061,0.013888888888889277,-0.031250000000000153,-2.8286996937395463e-17
e016,-0.012499999999999923,-0.00069444444444446681,0.013194444444444694,-1.4398204850607499e-16,-0.068749999999999797,-1.6350733733641389e-16,-0.013888888888888978,0.082638888888888595,-0.035416666666666756,-0.031250000000000132,-0.015972222222222394,0.082638888888889012,-0.035416666666666811,0.0083333333333332135,0.01388888888888911,0.013194444444444715,0.34999999999999976,-0.068749999999999922,-0.068750000000000144,-0.21249999999999969,-0.010416666666666652,0.029861111111111109,-0.0062500000000000749,-0.013194444444444399,-0.013194444444444772,-2.0986976981728245e-17,0.06944444444444442,-0.056250000000000189,0.0006944444444443418,0.012499999999999775,-0.013194444444444323,-3.6429192995512949e-17,0.14999999999999999,-0.056250000000000015,-0.037500000000000394,-0.056250000000000258,-0.00624999999999995,0.00069444444444408495,-0.0083333333333332083,0.013888888888888727,-0.02986111111111104,0.010416666666666425,0.015972222222222301,-0.0083333333333332881,-0.018055555555555502,0.013888888888888734,-0.03125000000000009,-0.010416666666666765,0.027777777777777592,1.0894524919210304e-17,0.015972222222222214,-0.015972222222222335,2.1671415557098829e-17,0.069444444444444448,-0.029166666666666782,-0.010416666666666718,0.068750000000000047,0.21250000000000005,-0.012500000000000207,0.013888888888889075,0.015972222222222186,2.5353023372852174e-16,-0.015972222222222381,-0.029166666666666625,0.013888888888888895,-0.0083333333333333367,0.013888888888888912,-0.0062500000000001478,-0.013888888888888864,-0.013194444444444687,-0.056249999999999967,0.069444444444444198,-0.082638888888888762,0.031250000000000076,0.035416666666666693,-0.010416666666666685,-0.0083333333333334512,-0.029861111111111255,0.029861111111111102,-0.0083333333333331025,0.0097222222222223195,-0.029166666666666629,-0.01597222222222229,0.031250000000000056,0.037499999999999832,-0.013888888888888982,0.01249999999999981,0.013888888888889048,0.02986111111111122,-1.7427461686342993e-16,-4.5780297552813957e-17,0.010416666666666644,0.03125,0.027777777777778016,0.029861111111111026,2.0364849560637412e-16,-0.029861111111111147,-0.031249999999999983,-0.013888888888888992,0.029166666666666601,0.013194444444444706,-0.069444444444444364,-8.953795376609717e-17,0.013194444444444352,-0.0097222222222221738,0.03125000000000025,0.0083333333333333853,0.010416666666666644,-1.5792534069025616e-16,-0.029861111111111151,-0.015972222222222172,-0.035416666666666687,0.082638888888889095,0.00624999999999995,-0.00069444444444424422,0.008333333333333269,0.018055555555555575,-0.013888888888888881,-0.031250000000000028,-0.010416666666666519
e017,0.013888888888888866,0.0083333333333335535,-0.035416666666666735,0.013194444444444476,0.082638888888888762,-0.015972222222222384,-0.031250000000000111,-0.035416666666666874,0.082638888888888845,-0.013888888888888951,-3.5714003160793885e-17,-0.068749999999999867,0.013194444444444722,-0.00069444444444422752,-0.012500000000000205,-2.6194324487249787e-16,-0.068749999999999922,0.34999999999999976,-0.21249999999999997,-0.068749999999999756,0.013888888888889188,-0.0083333333333331407,0.00069444444444433085,-0.0062500000000000784,-0.05625000000000014,-0.037500000000000124,-0.056249999999999835,0.14999999999999983,1.457167719820518e-16,-0.013194444444444559,0.012499999999999865,0.00069444444444443666,-0.056249999999999779,0.069444444444444559,-1.0642686033065088e-16,-0.013194444444444405,-0.01319444444444428,-0.0062499999999998815,0.029861111111111213,-0.010416666666666585,-1.752506994561627e-16,-0.0694444444444446,0.035416666666666638,-0.013194444444444566,-0.0083333333333332829,-0.0062499999999999535,0.029861111111111199,-0.013194444444444202,-0.010416666666666758,0.01597222222222227,0.02916666666666665,-0.031249999999999951,-0.013888888888888645,-0.010416666666666928,-0.015972222222222318,0.018055555555555405,0.013888888888888826,2.6515641873834387e-17,-0.0006944444444442466,0.0083333333333331858,-0.031250000000000035,0.08263888888888897,-0.010416666666666689,0.069444444444444475,-0.029166666666666424,0.0097222222222224132,-0.031250000000000021,0.029861111111111335,-0.012500000000000039,3.1687153720971235e-17,-0.037500000000000214,1.2802510201257175e-16,0.031250000000000069,-0.027777777777777967,-0.013888888888888977,-0.029861111111111123,0.015972222222222335,4.5125355246289379e-17,-0.010416666666666644,0.01388888888888893,-0.031249999999999979,-0.029861111111111206,0.0083333333333334078,-0.0097222222222222328,0.056249999999999828,0.008333333333333505,0.013888888888888918,-0.035416666666666666,0.029166666666666705,0.029861111111111251,-0.069444444444444545,-0.029861111111111113,-0.013888888888888984,-0.031250000000000035,0.01041666666666672,0.013194444444444366,0.006250000000000192,0.082638888888889012,-0.068749999999999797,-0.01388888888888902,0.0083333333333333072,0.029166666666666747,0.029861111111111043,0.010416666666666782,0.0083333333333334425,-0.01597222222222227,0.018055555555555474,0.0159722222222222,0.21249999999999997,0.031249999999999833,-1.1067883395463094e-16,-0.015972222222222325,6.4701947884170303e-18,-0.01388888888888876,-0.012500000000000094,0.013888888888889029,-0.010416666666666814,1.5559224999520066e-16,-0.015972222222222325,0.027777777777777846
e018,-0.013888888888888938,0.0062500000000000576,0.0083333333333332309,-0.00069444444444427967,-0.01388888888888884,0.015972222222222058,0.029166666666666861,-0.031249999999999924,-0.015972222222222224,0.015972222222222235,2.4994640938141063e-16,2.6654588395489771e-16,0.013888888888888732,-0.013888888888888886,0.012500000000000237,-0.012500000000000063,-0.068750000000000144,-0.21249999999999997,0.35000000000000031,-0.068749999999999742,0.027777777777777936,-0.031249999999999764,0.013888888888888789,-0.010416666666666654,1.5363208258964368e-17,0.037499999999999908,1.5019904501455791e-16,-0.037499999999999978,0.012500000000000181,0.00069444444444433735,-2.6367796834847468e-16,-0.013194444444444758,-0.056250000000000099,-0.013194444444444387,-6.1060524923897582e-17,0.069444444444444628,0.029861111111111019,-0.0083333333333332101,0.0097222222222221634,-0.031249999999999931,-1.4770617431165133e-16,0.029861111111111192,0.031249999999999948,-0.013888888888888925,0.010416666666666794,-0.0083333333333332135,0.0097222222222220732,0.029861111111111137,-0.031249999999999861,-0.015972222222222335,-0.031250000000000042,-0.035416666666666562,0.08263888888888872,-0.029166666666666553,0.013888888888888937,-0.015972222222222249,-0.082638888888888803,6.1318814438871104e-17,0.013194444444444642,-0.035416666666666832,0.029166666666666653,-0.013888888888889131,0.0083333333333334494,-0.029861111111111373,0.031250000000000215,0.02986111111111131,-0.010416666666666855,-0.013194444444444483,0.01250000000000008,-0.056250000000000064,0.15000000000000005,-0.056250000000000029,0.035416666666666763,-0.013888888888889001,-0.013194444444444394,0.069444444444444406,-0.018055555555555672,-1.0402307947715415e-16,-0.0062499999999998087,0.00069444444444446344,-0.0083333333333333627,0.069444444444444586,-0.010416666666666574,-0.029861111111111109,0.056250000000000071,0.0062499999999998217,-0.013888888888888982,0.0083333333333333835,0.010416666666666493,-0.029861111111111088,0.013194444444444486,0.01319444444444437,-0.027777777777777818,-0.010416666666666439,0.029166666666666612,-0.0694444444444446,0.010416666666666699,-0.015972222222222075,1.9706253423696105e-17,0.015972222222222561,-0.035416666666666839,0.010416666666666557,-0.029861111111111373,0.0062499999999999197,0.031249999999999903,0.013888888888889117,-0.015972222222222315,-0.018055555555555502,-0.21249999999999997,0.0083333333333332933,-1.414496085055842e-16,0.082638888888888665,-0.068750000000000047,-0.00069444444444422329,1.1102230246251565e-16,0.013194444444444569,0.0083333333333333558,-0.068749999999999964,0.082638888888888845,0.013888888888888807
e019,0.01249999999999999,-0.013888888888889063,0.013888888888889055,-0.012499999999999893,-1.0592750543511657e-16,1.6495382604096865e-16,0.015972222222222259,-0.015972222222222415,-0.031250000000000278,0.029166666666666792,0.015972222222221895,-0.01388888888888877,0.0083333333333333662,0.0062500000000002389,-0.013888888888889065,-0.0006944444444446316,-0.21249999999999969,-0.068749999999999756,-0.068749999999999742,0.35000000000000042,-0.031249999999999823,0.0097222222222221322,-0.0083333333333330713,0.029861111111111137,0.069444444444444503,3.2777889760846243e-16,-0.013194444444444588,-0.056249999999999779,-0.013194444444444661,-1.7347234759768071e-18,0.00069444444444433909,0.012499999999999865,-0.037500000000000248,2.113072410134346e-16,0.037500000000000103,1.2407530575698128e-16,-0.010416666666666807,0.013888888888889046,-0.031249999999999847,0.027777777777777918,0.029861111111111029,0.02916666666666665,-0.082638888888889178,0.035416666666666721,0.015972222222222134,0.00069444444444442886,-0.0083333333333333523,-0.0062500000000000793,0.013888888888889011,5.1879749564258837e-17,-0.013888888888888881,0.082638888888889123,-0.068749999999999881,-0.029861111111111175,0.031249999999999886,0.0083333333333331337,2.9716341840375352e-18,-0.21249999999999994,-1.231653667943533e-16,0.013194444444444562,-0.013888888888888673,-0.068749999999999589,0.018055555555555786,-0.010416666666666701,-0.015972222222222197,-0.031250000000000062,0.027777777777777724,-0.010416666666666699,0.013888888888888761,0.069444444444444559,-0.056249999999999953,-0.013194444444444177,0.015972222222222048,0.010416666666666767,-0.0083333333333331268,-0.02916666666666665,0.010416666666666559,0.029861111111111248,-0.013194444444444358,-0.0062499999999997636,0.029861111111111123,-0.010416666666666689,0.01805555555555553,0.0083333333333331511,-0.14999999999999983,-0.00069444444444441129,-0.012499999999999779,0.013194444444444663,-0.069444444444444642,-2.430358580324294e-17,0.056250000000000119,0.0062500000000000056,0.010416666666666545,0.013888888888889107,-0.069444444444444503,0.056250000000000126,0.013194444444444535,-0.035416666666666277,0.082638888888889248,-0.031249999999999868,0.013888888888888876,0.02986111111111121,1.9552005781531903e-16,-0.02986111111111113,-0.029861111111111026,-0.029166666666666542,-0.010416666666666741,-0.0083333333333333731,-4.7646099661424265e-17,-0.0097222222222223299,0.015972222222222276,-0.031250000000000111,-0.013888888888889089,0.0083333333333330348,0.013194444444444548,-0.035416666666666707,-0.015972222222222058,0.082638888888888637,-0.035416666666666756,-0.031249999999999858
e020,0.0097222222222222952,-0.031250000000000118,-0.0083333333333332898,0.029861111111110894,0.069444444444444434,-0.013194444444443969,5.4649796590815778e-17,-0.056249999999999925,-0.013194444444444391,0.00069444444444459246,1.700029006457271e-16,0.01249999999999998,-0.037499999999999763,0.03750000000000013,-2.4056204966450302e-17,1.9140635405802351e-16,-0.010416666666666652,0.013888888888889188,0.027777777777777936,-0.031249999999999823,0.34999999999999987,-0.068750000000000006,-0.21249999999999977,-0.068749999999999908,-0.012500000000000028,-0.013888888888888803,0.012499999999999791,0.013888888888888978,-1.4368985773570515e-16,0.015972222222222117,1.3617524560300138e-16,-0.015972222222222186,-0.031250000000000042,0.015972222222222179,0.029166666666666567,-0.0138888888888892,-0.00069444444444449326,0.0083333333333333939,-0.013888888888888905,0.00625000000000014,2.6020852139652106e-17,-0.013194444444444401,0.068749999999999867,0.21250000000000019,0.068750000000000006,-0.0083333333333334078,-0.013888888888888689,-0.013194444444444418,0.035416666666666582,-0.082638888888888706,0.035416666666666742,0.031250000000000021,0.015972222222222054,4.3793658552129328e-17,0.013888888888889173,-0.082638888888888679,0.029861111111111331,0.029166666666666816,-0.029861111111111227,0.031250000000000049,8.2910213367357002e-17,-0.013888888888888909,-0.0083333333333332239,0.00069444444444446399,-0.0062500000000002874,-0.082638888888889012,0.035416666666666728,0.015972222222222325,7.6346181791517114e-17,-0.031249999999999986,0.027777777777777828,-0.010416666666666765,-0.010416666666666945,0.018055555555555599,-0.015972222222222276,-0.013888888888888881,0.013888888888888899,-0.029166666666666795,0.01041666666666669,0.015972222222222256,-0.0083333333333334494,0.069444444444444503,-0.056250000000000071,-0.01319444444444442,0.01041666666666665,-0.010416666666666696,0.018055555555555533,0.0083333333333334425,-0.0062500000000001478,-0.01319444444444458,0.029861111111111109,0.029861111111111168,-0.15000000000000002,0.0062499999999999778,5.6483886128505829e-17,-0.069444444444444392,0.05625000000000005,-0.00069444444444438289,-0.012500000000000091,0.0131944444444445,0.010416666666666954,-0.035416666666666714,0.08263888888888872,-0.031250000000000257,0.056250000000000126,-0.069444444444444364,0.013194444444444486,0.013888888888888812,0.013888888888888944,-0.0083333333333334529,-0.029166666666666726,-0.029861111111111099,-0.010416666666666845,0.029861111111111012,-2.1083292026774546e-17,-0.029861111111111199,0.0083333333333332257,-0.031250000000000104,0.015972222222222193,-0.0097222222222221669
e021,-0.031250000000000125,0.02777777777777778,0.013888888888888959,-0.010416666666666421,7.2065330856330375e-17,-2.0505758384272221e-16,0.037500000000000006,-0.037500000000000019,0.012500000000000001,3.2959746043559335e-17,0.0006944444444443315,-0.013194444444444396,-0.056250000000000286,-1.4852464615169301e-16,-0.013194444444444255,0.06944444444444467,0.029861111111111109,-0.0083333333333331407,-0.031249999999999764,0.0097222222222221322,-0.068750000000000006,0.35000000000000014,-0.068749999999999784,-0.21250000000000024,-0.0006944444444444127,0.0062499999999997818,-0.013888888888888909,0.0083333333333332968,-0.013888888888888798,0.029166666666666504,0.015972222222222283,-0.031250000000000187,-0.015972222222222287,-1.9889658820628128e-16,0.015972222222222325,2.5192095702963358e-16,-0.012499999999999841,0.013888888888889086,0.012500000000000008,-0.01388888888888889,-0.013194444444444552,5.2041704279304213e-17,-0.082638888888889026,9.5996551596388317e-17,0.013888888888888729,0.015972222222222311,0.031249999999999882,0.035416666666666458,-0.082638888888888901,0.035416666666666582,-0.013194444444444339,-0.013888888888888673,-0.0083333333333331927,0.21250000000000019,0.068750000000000019,0.068750000000000019,-1.8942701332035642e-16,0.029861111111111054,-0.029166666666666469,0.013888888888888867,-0.015972222222222256,-0.031249999999999688,0.0097222222222221183,-0.0083333333333333072,0.02986111111111122,0.031249999999999903,-0.013888888888889081,0.010416666666666581,-0.082638888888888873,0.029861111111110852,-0.010416666666666772,-0.013194444444444522,-0.029861111111111074,0.0083333333333334147,0.031250000000000007,0.029166666666666518,0.012500000000000058,0.069444444444444434,-0.013888888888888964,0.035416666666666617,-0.013194444444444571,-0.056249999999999911,0.14999999999999994,-0.056250000000000265,-0.018055555555555745,0.069444444444444392,-0.010416666666666598,-0.029861111111111296,0.00069444444444440056,-0.0062500000000000723,-0.0083333333333334442,-3.5711781275601467e-16,0.056250000000000133,0.013194444444444358,-0.029861111111111199,0.010416666666666678,0.013194444444444429,0.006249999999999715,-0.013888888888888921,0.0083333333333332933,-0.027777777777777884,-0.015972222222222422,-9.8735066811112341e-17,0.015972222222222155,-0.069444444444444378,0.029166666666666615,0.010416666666666498,-0.010416666666666626,-0.035416666666666693,-0.018055555555555509,0.013888888888888895,0.031249999999999535,-0.015972222222222113,0.010416666666666449,-0.029861111111111203,0.0062499999999997133,-0.00069444444444439525,0.082638888888888998,-9.827607793873475e-17,0.0083333333333331667
e022,0.029861111111111067,-0.010416666666666409,-0.0062500000000001582,-0.013194444444444429,-0.013194444444444401,0.069444444444444517,-1.2426967176005489e-18,-0.056250000000000133,0.00069444444444441628,-0.013194444444444869,0.012500000000000247,1.5785983631388945e-16,0.15000000000000011,-0.03750000000000004,-0.056249999999999627,-0.056250000000000057,-0.0062500000000000749,0.00069444444444433085,0.013888888888888789,-0.0083333333333330713,-0.21249999999999977,-0.068749999999999784,0.34999999999999964,-0.06874999999999952,2.8969882048812678e-16,-0.00069444444444439492,-0.012500000000000101,0.013194444444444399,-0.068749999999999686,-0.013888888888889034,-3.5262017206366791e-17,0.082638888888888984,-0.03541666666666677,-0.015972222222221968,-0.031250000000000305,0.082638888888888928,0.013194444444444476,-0.035416666666666846,0.013888888888888966,0.0083333333333331355,0.012499999999999623,0.00069444444444437454,2.0754136292412588e-17,-0.21250000000000016,-7.3727315538984734e-17,0.010416666666666657,-0.027777777777777738,-0.013888888888888923,0.031250000000000167,0.01597222222222237,-0.0083333333333334338,0.010416666666666602,-0.018055555555555519,1.069658055774996e-16,-0.082638888888888873,0.013888888888888937,-0.029861111111111165,0.0104166666666668,0.069444444444444517,-0.02916666666666639,-1.2463435285310851e-16,0.015972222222222113,-0.031249999999999944,0.01388888888888901,-0.010416666666666751,0.015972222222222318,-0.0083333333333335743,-0.018055555555555484,0.06874999999999977,-0.0083333333333331806,0.013888888888888926,-0.0062499999999997193,-0.029166666666666646,-0.015972222222222259,0.013888888888888992,0.015972222222222016,-0.013888888888889145,-0.010416666666666619,0.031250000000000097,-0.082638888888888803,0.035416666666666582,-0.013194444444444457,-0.056250000000000203,0.069444444444444517,-0.0083333333333332291,-0.029166666666666678,-0.015972222222222381,0.031250000000000076,-0.0083333333333333714,0.029861111111111314,0.0097222222222223403,-0.029861111111111137,0.037500000000000006,0.010416666666666727,1.0587633485573804e-16,0.02986111111111105,-1.3962255941787227e-16,-0.01388888888888893,0.01249999999999982,0.013888888888888841,0.031250000000000056,-0.031250000000000125,-0.013888888888888992,0.029166666666666726,-1.0426480685434291e-16,0.029861111111111095,-0.029861111111111199,0.027777777777777991,0.013194444444444542,0.010416666666666772,0.031249999999999965,-0.0097222222222222328,0.0083333333333333176,-0.069444444444444295,-2.2418050615720061e-16,0.013194444444444533,0.0062500000000001105,-0.035416666666666749,-0.015972222222222211,-0.02986111111111122
e023,-0.0083333333333333072,0.013888888888888781,0.00069444444444432705,-0.0062499999999997878,-0.056250000000000029,-0.056250000000000085,-0.037500000000000151,0.15000000000000016,-9.0205620750793969e-17,0.012499999999999734,-0.013194444444444422,0.00069444444444461946,-0.056250000000000203,-2.0097300754018858e-16,0.069444444444444461,-0.013194444444444342,-0.013194444444444399,-0.0062500000000000784,-0.010416666666666654,0.029861111111111137,-0.068749999999999908,-0.21250000000000024,-0.06874999999999952,0.34999999999999931,0.01319444444444432,0.0083333333333332777,0.013888888888888975,-0.035416666666666659,0.082638888888888873,-0.031250000000000139,-0.015972222222222037,-0.035416666666666999,0.082638888888888956,-2.7351368926758757e-16,-0.013888888888888937,-0.068749999999999811,-9.1940344226770776e-17,0.013194444444444382,-0.012499999999999871,-0.00069444444444441574,0.00069444444444446377,0.012499999999999973,0.013888888888889034,1.9649176387572699e-16,-0.082638888888888748,-0.018055555555555523,0.010416666666666689,-0.0083333333333332638,0.015972222222222079,0.031249999999999983,-0.013888888888888779,-0.027777777777777738,0.010416666666666751,-0.21249999999999991,-1.0673092983804491e-16,7.0164094937975459e-17,-1.7360562866836336e-17,-0.0694444444444446,-0.010416666666666562,-0.015972222222222353,0.015972222222222256,0.029166666666666823,0.02986111111111096,-0.0062500000000000732,-0.013194444444444528,0.035416666666666756,-0.013194444444444332,-0.0083333333333332343,0.013888888888889048,0.0097222222222221148,-0.031250000000000125,0.029861111111111085,0.069444444444444586,-0.01041666666666673,-0.029166666666666553,-0.031249999999999827,-0.012500000000000011,-0.029861111111110915,-0.027777777777777776,0.03125000000000025,-0.013888888888888725,4.7038203309374444e-17,-0.037499999999999839,2.2848779689755916e-17,0.015972222222221971,-0.029861111111111182,0.0083333333333333592,-0.0097222222222222154,0.013888888888888987,-0.01041666666666673,-0.031250000000000139,-1.2265839765310523e-16,0.056250000000000126,-0.029861111111111026,0.029861111111111241,0.029166666666666671,-0.069444444444444323,0.0083333333333332413,0.013888888888888914,-0.035416666666666763,-0.013888888888888765,0.082638888888889039,-0.068749999999999881,-0.013888888888888937,0.013194444444444325,0.010416666666666866,0.0062500000000001686,-0.031250000000000139,0.008333333333333276,0.015972222222222207,-0.015972222222222259,0.0083333333333333558,0.018055555555555491,0.029166666666666605,0.02986111111111104,0.010416666666666751,-0.013888888888888862,-0.015972222222222172,-1.6371371918124109e-16,0.031250000000000208
e024,-0.010416666666666685,0.02986111111111122,-0.013194444444444486,-0.0062499999999999787,-0.0062499999999997315,-0.0083333333333336021,0.013888888888888758,0.00069444444444436565,-0.056250000000000036,-0.056249999999999988,-0.037499999999999707,0.15000000000000013,6.9388939039072284e-17,0.012499999999999902,-0.013194444444444467,0.00069444444444420042,-0.013194444444444772,-0.05625000000000014,1.5363208258964368e-17,0.069444444444444503,-0.012500000000000028,-0.0006944444444444127,2.8969882048812678e-16,0.01319444444444432,0.34999999999999998,-0.068750000000000117,-0.21249999999999994,-0.068750000000000228,0.013194444444444455,0.0083333333333330678,0.01388888888888897,-0.035416666666666791,0.082638888888888984,-0.031250000000000132,-0.015972222222222415,-0.035416666666666929,-0.068749999999999936,0.082638888888888859,5.6265487000735578e-18,-0.013888888888888978,0.21249999999999974,0.06874999999999977,-0.013888888888888876,-0.012500000000000271,0.013888888888888758,-0.0159722222222222,-3.9129993267157994e-17,8.7978820790990699e-17,0.015972222222222325,0.031250000000000271,0.013888888888888923,-0.015972222222222287,-0.029166666666666442,0.013888888888888774,-0.0062500000000000585,-0.0083333333333333072,0.010416666666666588,-0.029861111111111178,-0.0083333333333331892,-0.018055555555555682,0.027777777777777641,-0.010416666666666676,-0.015972222222222318,4.5816818765346948e-17,0.015972222222222304,-0.010416666666666536,0.069444444444444281,-0.029166666666666525,0.00069444444444445781,0.013888888888889006,-2.5463944156549591e-18,-0.082638888888889012,-0.018055555555555339,0.010416666666666517,-0.0083333333333332604,0.031249999999999917,-3.5928439616580452e-17,0.015972222222222103,0.029861111111111144,-0.0062499999999998477,-0.013194444444444531,0.035416666666666631,-0.013194444444444372,-0.0083333333333333454,0.013888888888888645,0.0097222222222222571,-0.031249999999999997,0.029861111111111081,0.069444444444444517,-0.010416666666666541,-0.029166666666666514,-0.031250000000000125,-0.012500000000000028,-0.02986111111111129,-0.027777777777777773,0.031250000000000069,-0.01388888888888876,-3.8433232298697353e-17,-0.037499999999999992,2.6655742677853795e-17,0.015972222222222231,-0.029861111111111324,0.0083333333333334789,-0.0097222222222224063,0.013888888888888907,-0.010416666666666557,-0.031249999999999879,5.6573482526762983e-19,0.056250000000000203,-0.029861111111111206,0.029861111111111088,0.02916666666666656,-0.069444444444444461,0.0083333333333334078,0.013888888888888831,-0.035416666666666638,0.082638888888888817,0.01319444444444459,0.010416666666666626,-0.031249999999999899
e025,0.027777777777777853,-0.031249999999999906,-0.010416666666666897,0.013888888888888951,0.029861111111111175,0.0097222222222223681,-0.03125000000000009,-0.0083333333333335396,0.069444444444444753,-0.013194444444444245,7.2278305511934388e-18,-0.05625000000000023,-0.013194444444444425,0.00069444444444420801,1.7347234759768071e-17,0.012499999999999945,-2.0986976981728245e-17,-0.037500000000000124,0.037499999999999908,3.2777889760846243e-16,-0.013888888888888803,0.0062499999999997818,-0.00069444444444439492,0.0083333333333332777,-0.068750000000000117,0.34999999999999942,-0.068749999999999867,-0.21249999999999999,-0.012499999999999876,-0.013888888888888919,0.012500000000000358,0.013888888888888852,-1.5589246758223279e-16,0.015972222222222339,2.3888497913335232e-16,-0.01597222222222219,-0.013888888888889034,-0.031249999999999962,0.015972222222222297,0.029166666666666771,9.4312468987028319e-17,-0.082638888888888845,0.0083333333333331962,0.013194444444444509,-0.0354166666666667,-0.031250000000000042,0.015972222222222363,-0.013888888888888964,0.029166666666666775,-0.0097222222222220871,0.031250000000000097,0.0083333333333333974,-0.029861111111111133,-0.010416666666666796,-0.013194444444444398,0.029861111111111248,0.029861111111111269,-6.6974692264379031e-17,-0.013888888888888846,0.010416666666666692,-0.031249999999999861,0.029861111111110922,-0.035416666666666805,0.082638888888888762,-0.031250000000000076,-0.01597222222222228,-0.029166666666666837,0.013888888888888964,-4.5102810375396984e-17,0.068749999999999895,0.21249999999999999,0.068750000000000019,-0.0083333333333332829,-0.013888888888888866,-0.013194444444444378,-0.08263888888888879,0.029861111111111178,-1.0748669265745693e-17,-0.0083333333333334356,0.00069444444444430569,-0.006250000000000029,-0.082638888888889012,0.035416666666666624,0.015972222222222134,1.6887451954844549e-16,-0.031249999999999931,0.027777777777777755,-0.010416666666666649,-0.01041666666666665,0.018055555555555582,-0.015972222222222464,-0.013888888888888853,0.013888888888888782,-0.029166666666666806,0.010416666666666848,0.015972222222221902,-0.0083333333333331702,0.0694444444444446,-0.056250000000000216,-0.013194444444444439,0.010416666666666735,-0.010416666666666512,0.018055555555555353,0.0083333333333333141,-0.0062499999999999396,-0.013194444444444304,0.029861111111111109,0.029861111111111078,-0.15000000000000022,0.0062499999999998434,-6.8873423246589286e-17,-0.069444444444444572,0.056250000000000071,-0.00069444444444457035,-0.012500000000000061,0.013194444444444344,-0.035416666666666763,0.056250000000000161,-0.069444444444444295,0.013888888888888879
e026,-0.031250000000000125,0.0097222222222222779,0.029861111111111137,-0.0083333333333331407,-0.010416666666666635,-0.03125000000000016,0.027777777777777846,0.013888888888888789,3.0461341622428036e-18,1.7392553669725698e-16,0.037500000000000006,-0.037500000000000075,0.012499999999999942,3.4694469519536142e-18,0.00069444444444456644,-0.013194444444444656,0.06944444444444442,-0.056249999999999835,1.5019904501455791e-16,-0.013194444444444588,0.012499999999999791,-0.013888888888888909,-0.012500000000000101,0.013888888888888975,-0.21249999999999994,-0.068749999999999867,0.35000000000000009,-0.068750000000000283,-0.00069444444444453088,0.0062499999999999552,-0.013888888888888697,0.0083333333333332205,-0.013888888888888978,0.029166666666666782,0.015972222222221982,-0.031250000000000125,1.465655804035623e-17,-0.015972222222222197,-1.2582572562678156e-16,0.015972222222222186,-0.21250000000000013,1.4418758114128767e-16,-0.00069444444444451169,1.4918621893400541e-16,0.013194444444444248,0.082638888888888928,-2.3962288857966178e-17,-0.068749999999999853,-0.013888888888888964,0.0083333333333333037,-0.015972222222222238,0.018055555555555554,-0.010416666666666709,0.027777777777777665,-0.010416666666666657,-0.03124999999999982,0.029166666666666671,0.029861111111110939,0.035416666666666742,0.015972222222222218,0.013888888888888779,-0.0062499999999999535,0.082638888888888637,-0.068749999999999881,-0.013888888888889159,0.0083333333333332829,-0.029861111111110977,0.031249999999999986,-0.01319444444444449,-0.082638888888888803,-3.2032435532281251e-17,0.013888888888888867,0.015972222222222207,0.031250000000000028,0.035416666666666916,0.035416666666666735,-1.1350898980606225e-16,-0.015972222222222183,0.0097222222222222918,-0.00833333333333342,0.02986111111111122,0.031249999999999993,-0.013888888888888942,0.010416666666666793,-0.08263888888888897,0.029861111111111088,-0.010416666666666751,-0.013194444444444429,-0.029861111111111019,0.0083333333333334998,0.031250000000000104,0.029166666666666917,0.012500000000000096,0.069444444444444489,-0.013888888888888886,0.035416666666666728,-0.013194444444444602,-0.056250000000000189,0.14999999999999988,-0.05624999999999996,-0.018055555555555589,0.069444444444444503,-0.010416666666666819,-0.029861111111111234,0.00069444444444446778,-0.0062500000000001261,-0.0083333333333332725,1.7651009327822291e-16,0.056250000000000168,0.013194444444444247,-0.029861111111111151,0.010416666666666619,0.013194444444444231,0.0062499999999998737,-0.013888888888889018,0.0083333333333333089,-0.015972222222222266,-0.06944444444444467,0.029166666666666976,-0.01041666666666681
e027,0.013888888888888909,-0.0083333333333333245,-0.0062500000000001825,0.00069444444444436695,-0.013194444444444247,0.029861111111111067,-0.010416666666666661,-0.0062500000000000082,-0.013194444444444304,0.069444444444444517,3.542629101014402e-16,-0.056249999999999821,0.00069444444444425051,-0.013194444444444548,0.012500000000000289,1.214306433183765e-17,-0.056250000000000189,0.14999999999999983,-0.037499999999999978,-0.056249999999999779,0.013888888888888978,0.0083333333333332968,0.013194444444444399,-0.035416666666666659,-0.068750000000000228,-0.21249999999999999,-0.068750000000000283,0.35000000000000009,2.4286128663675299e-17,-0.00069444444444446149,-0.012500000000000086,0.013194444444444448,-0.068749999999999922,-0.013888888888888951,3.0620623739316214e-17,0.082638888888888887,0.082638888888888873,-0.035416666666666805,-0.015972222222222193,-0.031250000000000076,-3.8503544080345131e-17,0.013888888888888867,0.0062500000000001357,-0.00069444444444458325,0.0083333333333333731,-0.035416666666666673,-0.015972222222222426,0.082638888888888831,-0.031249999999999972,-0.029861111111111123,-0.029166666666666778,-0.010416666666666737,0.069444444444444725,-0.031249999999999983,0.029861111111111234,0.0097222222222223265,-0.069444444444444753,1.3121981695857634e-17,-0.01319444444444454,-0.0083333333333334529,-0.010416666666666657,-0.013194444444444398,-0.03125000000000009,-0.013888888888888909,0.029166666666666598,0.018055555555555453,-0.010416666666666725,-0.015972222222222294,0.012500000000000115,-5.7583459180163457e-17,-0.21249999999999994,-1.1096879218888488e-16,0.010416666666666836,-0.027777777777777575,-0.013888888888888758,0.015972222222222408,-0.029861111111111165,-6.0102551960127375e-17,-0.031249999999999993,0.013888888888888774,-0.010416666666666579,0.015972222222222193,-0.0083333333333334494,-0.018055555555555592,0.068749999999999895,-0.0083333333333331667,0.013888888888888846,-0.0062499999999998997,-0.029166666666666462,-0.015972222222221898,0.013888888888889131,0.015972222222222169,-0.01388888888888889,-0.010416666666666727,0.031250000000000111,-0.082638888888888873,0.035416666666666909,-0.013194444444444403,-0.056249999999999876,0.069444444444444697,-0.0083333333333333662,-0.029166666666666712,-0.015972222222222388,0.031249999999999858,-0.0083333333333332656,0.029861111111111283,0.0097222222222222397,-0.029861111111111033,0.03750000000000011,0.010416666666666772,2.0120285683306757e-17,0.029861111111111061,-1.3436170537072944e-16,-0.01388888888888877,0.012500000000000247,0.013888888888888902,-0.031249999999999889,-8.8820936930058286e-17,0.029861111111111054,0.02777777777777771
e028,4.589323762018328e-17,0.069444444444444559,-0.013194444444444238,-0.056250000000000168,-0.0062500000000001096,-0.010416666666666709,0.029861111111111047,-0.013194444444444269,-0.0062499999999999561,-0.008333333333333158,0.013888888888888911,0.0006944444444442053,-0.056250000000000099,-0.056249999999999842,-0.037500000000000082,0.14999999999999994,0.0006944444444443418,1.457167719820518e-16,0.012500000000000181,-0.013194444444444661,-1.4368985773570515e-16,-0.013888888888888798,-0.068749999999999686,0.082638888888888873,0.013194444444444455,-0.012499999999999876,-0.00069444444444453088,2.4286128663675299e-17,0.34999999999999976,-0.068749999999999784,-0.21249999999999994,-0.068750000000000006,0.013194444444444477,0.0083333333333332656,0.01388888888888886,-0.035416666666666985,-0.035416666666666874,0.082638888888889012,-0.031250000000000194,-0.015972222222222041,-0.01388888888888884,-0.0083333333333333749,0.082638888888888595,-0.068749999999999728,-0.013888888888889173,0.013194444444444453,0.010416666666666637,0.0062499999999999101,-0.029861111111111133,-0.031250000000000007,0.0097222222222223299,0.029861111111111241,-0.0083333333333334599,-0.015972222222222499,0.031250000000000173,-0.029166666666666619,0.0083333333333334599,-0.013888888888889016,-0.056250000000000092,0.069444444444444628,0.015972222222222335,0.035416666666666749,-0.015972222222222058,0.0083333333333333801,0.018055555555555495,0.029166666666666629,0.029861111111111269,0.010416666666666737,0.21250000000000019,-0.013888888888889001,-0.012500000000000094,0.013888888888888873,-0.015972222222222502,-1.0248686747387487e-16,7.5381588290011374e-17,0.031249999999999951,0.010416666666666744,0.027777777777777783,-0.015972222222222388,2.9269272434826716e-17,0.01597222222222229,-0.010416666666666768,0.069444444444444572,-0.02916666666666675,0.00069444444444462358,0.013888888888888881,6.9726234661136146e-17,-0.082638888888888803,-0.018055555555555526,0.010416666666666564,-0.0083333333333334772,0.031250000000000028,8.5120501027453143e-17,0.015972222222222367,0.029861111111111248,-0.0062499999999999648,-0.01319444444444459,0.035416666666666645,-0.013194444444444488,-0.0083333333333333939,0.013888888888888923,0.0097222222222224063,-0.031250000000000097,0.02986111111111113,0.069444444444444586,-0.010416666666666633,-0.029166666666666719,-0.031250000000000069,-0.012499999999999914,-0.02986111111111114,-0.027777777777777856,0.031249999999999872,-0.013888888888888904,-2.0993415432637132e-17,-0.037499999999999999,-2.3342200248575075e-16,-0.029861111111111172,0.013888888888888857,-0.010416666666666744,-9.2349412626427749e-17
e029,0.037499999999999971,-3.5289830591747876e-17,-7.2414632121511397e-17,-0.037499999999999832,0.013888888888888916,0.027777777777777509,-0.031250000000000222,-0.01041666666666673,0.029861111111111172,0.0097222222222219587,-0.031249999999999851,-0.0083333333333332534,0.069444444444444572,-0.013194444444444647,-1.933168706736978e-17,-0.0562499999999998,0.012499999999999775,-0.013194444444444559,0.00069444444444433735,-1.7347234759768071e-18,0.015972222222222117,0.029166666666666504,-0.013888888888889034,-0.031250000000000139,0.0083333333333330678,-0.013888888888888919,0.0062499999999999552,-0.00069444444444446149,-0.068749999999999784,0.35000000000000009,-0.068749999999999853,-0.21249999999999991,-0.012500000000000141,-0.013888888888888874,0.012499999999999789,0.013888888888889037,-0.0159722222222222,-1.912773292210541e-17,0.015972222222222224,-1.3526888911724372e-16,0.010416666666666671,-0.018055555555555401,-0.035416666666666756,0.082638888888888748,-0.031250000000000097,0.056250000000000154,-0.06944444444444467,0.013194444444444536,8.3979563363944307e-17,0.013888888888888749,-0.0083333333333332794,-0.0062500000000001174,0.00069444444444431827,-0.010416666666666508,-0.029861111111111376,0.06944444444444435,0.013888888888888735,0.012500000000000141,0.15000000000000002,-0.056250000000000001,-0.008333333333333387,-0.013194444444444283,-0.029166666666666695,-0.029861111111110887,-0.010416666666666619,0.029861111111111283,1.5604886734684445e-16,-0.029861111111111199,-6.7350418384432167e-17,0.0083333333333332239,0.013194444444444281,-0.03541666666666686,-0.031250000000000097,0.01597222222222227,-0.013888888888888937,-0.0097222222222224548,0.029861111111110977,-0.031250000000000173,-0.035416666666666631,0.082638888888888623,-0.031249999999999861,-0.015972222222222141,-0.029166666666666827,0.013888888888888909,7.2858385991025898e-17,0.068749999999999936,0.21250000000000011,0.068750000000000019,-0.0083333333333332447,-0.013888888888888841,-0.013194444444444377,-0.082638888888888914,0.029861111111111314,1.2719295751962473e-16,-0.0083333333333332864,0.00069444444444441238,-0.0062499999999997514,-0.082638888888888928,0.035416666666666811,0.015972222222222335,-5.9076832107654168e-17,-0.031250000000000167,0.027777777777777804,-0.010416666666666628,-0.010416666666666546,0.01805555555555537,-0.015972222222222211,-0.01388888888888877,0.013888888888889008,-0.02916666666666657,0.010416666666666635,0.015972222222222447,-0.00833333333333325,0.069444444444444586,-0.056250000000000154,-0.01319444444444416,-0.010416666666666744,-0.0062499999999999153,-0.013194444444444189,0.029861111111111276
e030,7.0010642529219622e-18,-0.013194444444444262,0.069444444444444364,-0.056250000000000022,-0.0083333333333331459,-0.031249999999999917,0.0097222222222222918,0.029861111111111109,-0.01041666666666655,-0.03125,0.027777777777777603,0.01388888888888916,-1.2337503414734865e-16,-4.1495219383035664e-17,0.037499999999999978,-0.037500000000000117,-0.013194444444444323,0.012499999999999865,-2.6367796834847468e-16,0.00069444444444433909,1.3617524560300138e-16,0.015972222222222283,-3.5262017206366791e-17,-0.015972222222222037,0.01388888888888897,0.012500000000000358,-0.013888888888888697,-0.012500000000000086,-0.21249999999999994,-0.068749999999999853,0.34999999999999976,-0.06874999999999995,-0.00069444444444431415,0.0062499999999999535,-0.013888888888888971,0.0083333333333332864,-0.031250000000000007,-0.013888888888889117,0.029166666666666497,0.015972222222222235,-0.027777777777777731,0.010416666666666664,-0.015972222222222433,7.5897962034194862e-18,0.015972222222222457,-0.069444444444444559,0.029166666666666594,0.010416666666666467,0.029861111111110984,-0.010416666666666765,0.02986111111111122,-0.013194444444444587,-0.0062499999999999431,0.018055555555555543,0.0083333333333335154,-0.010416666666666456,-0.035416666666666909,0.013888888888888833,-0.056249999999999994,-0.01319444444444447,-0.018055555555555616,-0.0083333333333331858,0.013888888888888853,0.031250000000000069,-0.015972222222222207,0.010416666666666885,-0.02986111111111121,0.0062499999999999041,-0.21249999999999991,-0.00069444444444429214,3.4694469519536142e-18,0.013194444444444372,0.082638888888888845,-2.6766950719670818e-16,-0.068750000000000089,0.0083333333333332378,0.029166666666666365,0.0138888888888889,0.082638888888888637,-0.068749999999999797,-0.013888888888889062,0.0083333333333334009,-0.029861111111111286,0.031250000000000083,-0.013194444444444427,-0.082638888888888845,-3.659363439988e-17,0.013888888888888923,0.015972222222222283,0.031250000000000042,0.0354166666666667,0.035416666666666714,4.4575592872073555e-17,-0.015972222222222363,0.0097222222222221356,-0.008333333333333354,0.029861111111110953,0.031250000000000014,-0.013888888888888978,0.010416666666666772,-0.082638888888889012,0.029861111111111234,-0.010416666666666734,-0.013194444444444332,-0.029861111111111165,0.0083333333333332604,0.031250000000000007,0.029166666666666778,0.012500000000000122,0.069444444444444448,-0.013888888888888937,0.035416666666666673,-0.013194444444444358,-0.056250000000000105,0.15000000000000013,-0.056250000000000182,0.069444444444444406,0.00069444444444462781,-0.0062499999999999934,-1.7184100261417819e-16
e031,-0.037500000000000068,-0.056250000000000085,-0.056249999999999675,0.14999999999999983,0.00069444444444456362,0.013888888888888768,-0.008333333333333269,-0.0062500000000003178,-0.013194444444444432,0.029861111111111192,-0.010416666666666557,-0.0062499999999999422,-0.013194444444443896,0.069444444444444392,-1.3665353675941602e-16,-0.056249999999999856,-3.6429192995512949e-17,0.00069444444444443666,-0.013194444444444758,0.012499999999999865,-0.015972222222222186,-0.031250000000000187,0.082638888888888984,-0.035416666666666999,-0.035416666666666791,0.013888888888888852,0.0083333333333332205,0.013194444444444448,-0.068750000000000006,-0.21249999999999991,-0.06874999999999995,0.35000000000000009,1.0061396160665481e-16,-0.00069444444444464115,-0.012500000000000115,0.013194444444444576,0.082638888888888748,-0.06874999999999977,-0.013888888888889131,6.7468316853568729e-18,0.031250000000000028,0.015972222222222176,-0.031250000000000021,-0.013888888888888951,0.029166666666666605,-1.1785086311185805e-16,0.029861111111111123,-0.02986111111111097,-1.407151914556643e-16,0.027777777777777721,-0.031250000000000333,-0.010416666666667074,0.013888888888888944,0.0083333333333333662,-0.0097222222222223265,-0.029861111111111269,0.013194444444444432,-0.012500000000000079,-0.0375000000000002,-4.9417575227285417e-17,0.010416666666666624,-0.013888888888888746,0.031250000000000049,-0.0097222222222221842,0.0083333333333334807,-0.069444444444444364,1.2293637121050311e-16,0.013194444444444569,1.0391382734272502e-16,0.006249999999999924,-0.00069444444444448101,0.0083333333333331268,-0.035416666666666707,-0.015972222222222297,0.082638888888888845,-0.029861111111111206,-0.069444444444444448,-0.010416666666666588,-0.031250000000000222,-0.013888888888888923,0.029166666666666573,0.018055555555555623,-0.010416666666666862,-0.015972222222222009,0.012499999999999754,-1.6938201302660275e-16,-0.21250000000000016,-2.0300730002467272e-16,0.010416666666666597,-0.027777777777777839,-0.013888888888888853,0.015972222222222276,-0.029861111111111106,-6.7743834877250487e-17,-0.031250000000000062,0.013888888888888879,-0.010416666666666767,0.015972222222222474,-0.0083333333333330956,-0.018055555555555526,0.0687499999999997,-0.0083333333333333523,0.013888888888889039,-0.0062500000000000749,-0.029166666666666789,-0.015972222222222238,0.013888888888889062,0.015972222222221992,-0.013888888888888916,-0.010416666666666737,0.031250000000000035,-0.082638888888888762,0.035416666666666631,-0.013194444444444215,-0.056250000000000064,0.069444444444444739,-0.029166666666666879,-0.0083333333333332361,0.02986111111111105,-0.029861111111111012
e032,0.01249999999999999,-0.013194444444444505,0.00069444444444452156,9.1940344226770776e-17,-0.056249999999999988,3.0815398432073008e-16,0.069444444444444448,-0.013194444444444339,-0.0062500000000002172,-0.010416666666666663,0.02986111111111114,-0.013194444444444231,-0.0062499999999998789,-0.0083333333333332413,0.013888888888888734,0.00069444444444457327,0.14999999999999999,-0.056249999999999779,-0.056250000000000099,-0.037500000000000248,-0.031250000000000042,-0.015972222222222287,-0.03541666666666677,0.082638888888888956,0.082638888888888984,-1.5589246758223279e-16,-0.013888888888888978,-0.068749999999999922,0.013194444444444477,-0.012500000000000141,-0.00069444444444431415,1.0061396160665481e-16,0.3500000000000002,-0.068749999999999839,-0.21250000000000005,-0.068749999999999686,-0.035416666666666971,0.01319444444444455,0.0083333333333332656,0.013888888888888928,0.015972222222222311,0.031250000000000028,-0.029861111111111213,0.0083333333333332552,-0.0097222222222223681,0.013888888888888801,-0.010416666666666338,-0.031249999999999951,0.027777777777777689,7.062028121782669e-17,-0.029861111111111206,0.029861111111111005,2.5290851727945473e-16,-0.013888888888888923,0.029166666666666827,-0.03125,0.05624999999999989,0.037499999999999964,0.012499999999999916,0.013888888888888984,-0.029861111111111185,9.0229465468857284e-17,0.029861111111111178,0.029166666666666771,-0.06944444444444442,0.0083333333333333332,0.013888888888888899,-0.035416666666666652,-0.013888888888888883,0.08263888888888897,-0.068749999999999742,-0.013888888888888964,0.013194444444444337,0.01041666666666669,0.0062500000000000446,-0.031250000000000139,0.0083333333333334373,0.015972222222222172,-0.015972222222222363,0.0083333333333332864,0.018055555555555613,0.029166666666666539,0.029861111111111241,0.010416666666666867,0.21249999999999991,-0.013888888888888997,-0.012499999999999959,0.013888888888888838,-0.015972222222222186,-9.8462786431724542e-17,-1.0497881775348154e-16,0.031250000000000354,0.010416666666666683,0.027777777777777724,-0.015972222222222294,-6.8545214023889953e-17,0.015972222222222235,-0.01041666666666663,0.069444444444444448,-0.029166666666666528,0.00069444444444438007,0.013888888888889034,1.3663776317583318e-16,-0.082638888888888734,-0.018055555555555491,0.010416666666666644,-0.0083333333333334529,0.031250000000000083,7.9562768358075653e-19,0.015972222222222193,0.029861111111110963,-0.0062499999999999778,-0.013194444444444351,0.035416666666666936,-0.013194444444444422,-0.0083333333333332048,0.0097222222222221912,0.06944444444444467,-0.010416666666666689,-0.031250000000000104
e033,0.00069444444444445293,2.6020852139652106e-17,0.012500000000000143,-0.013194444444444467,-0.037500000000000304,0.037499999999999936,-1.7650452438057395e-16,-7.9236653826437706e-17,0.01388888888888877,0.027777777777777592,-0.03124999999999984,-0.010416666666666793,0.029861111111111234,0.0097222222222223091,-0.031249999999999976,-0.0083333333333333887,-0.056250000000000015,0.069444444444444559,-0.013194444444444387,2.113072410134346e-16,0.015972222222222179,-1.9889658820628128e-16,-0.015972222222221968,-2.7351368926758757e-16,-0.031250000000000132,0.015972222222222339,0.029166666666666782,-0.013888888888888951,0.0083333333333332656,-0.013888888888888874,0.0062499999999999535,-0.00069444444444464115,-0.068749999999999839,0.34999999999999987,-0.068749999999999784,-0.21250000000000002,0.013888888888888838,-0.012500000000000112,-0.013888888888888753,0.012499999999999969,0.010416666666666831,-0.027777777777777762,-0.010416666666666803,0.01805555555555538,0.0083333333333331754,-0.0062500000000002007,-0.013194444444444354,0.029861111111111116,-0.01041666666666673,0.02986111111111113,0.010416666666666803,0.029166666666666678,-0.069444444444444531,-1.5468244983836941e-16,0.015972222222222211,-0.015972222222222388,-0.14999999999999969,0.05625000000000005,-0.013888888888888855,0.0083333333333331858,0.0062500000000001235,0.013194444444444273,2.7669699542020096e-17,-0.069444444444444392,0.056250000000000078,-0.00069444444444428748,-0.012500000000000022,0.013194444444444457,0.01041666666666663,-0.035416666666666631,0.082638888888888845,-0.031250000000000049,0.056250000000000265,-0.069444444444444683,0.01319444444444446,0.013888888888888907,0.013888888888888888,-0.0083333333333333488,-0.029166666666666764,-0.029861111111111036,-0.010416666666666576,0.029861111111111033,-1.2415410510077669e-16,-0.02986111111111129,1.4790854422443962e-16,0.0083333333333335778,0.013194444444444477,-0.03541666666666661,-0.031249999999999778,0.015972222222222346,-0.013888888888888951,-0.0097222222222223785,0.02986111111111113,-0.031250000000000097,-0.035416666666666693,0.082638888888888762,-0.031249999999999986,-0.015972222222222315,-0.029166666666666615,0.013888888888888951,3.9898639947466563e-17,0.068749999999999992,0.21250000000000024,0.068749999999999853,-0.0083333333333332794,-0.013888888888888805,-0.013194444444444365,-0.082638888888888956,0.029861111111110967,-1.6408139086752469e-17,-0.0083333333333333297,0.00069444444444449727,-0.0062500000000000012,-0.082638888888888859,0.035416666666666763,0.015972222222222405,-0.031250000000000021,-0.010416666666666644,0.018055555555555561,-0.01388888888888884
e034,1.5612511283791264e-17,0.00069444444444440533,-0.013194444444444816,0.012500000000000015,-0.056249999999999974,2.4590528383324356e-16,-0.013194444444444283,0.069444444444444378,-0.0083333333333333211,-0.031249999999999965,0.0097222222222222883,0.029861111111111338,-0.010416666666666779,-0.031250000000000153,0.027777777777777981,0.013888888888889086,-0.037500000000000394,-1.0642686033065088e-16,-6.1060524923897582e-17,0.037500000000000103,0.029166666666666567,0.015972222222222325,-0.031250000000000305,-0.013888888888888937,-0.015972222222222415,2.3888497913335232e-16,0.015972222222221982,3.0620623739316214e-17,0.01388888888888886,0.012499999999999789,-0.013888888888888971,-0.012500000000000115,-0.21250000000000005,-0.068749999999999784,0.34999999999999964,-0.068750000000000061,0.008333333333333184,-0.00069444444444438972,0.0062499999999999552,-0.013888888888888985,-0.018055555555555675,0.010416666666666834,0.0694444444444446,-0.010416666666666708,-0.02986111111111095,0.00069444444444454845,-0.0062500000000001435,-0.0083333333333332656,0.013888888888888793,-6.260513839981669e-17,0.013194444444444437,-0.069444444444444503,0.056250000000000092,0.082638888888888928,-0.031249999999999986,-0.035416666666666673,0.056250000000000022,-0.14999999999999991,-0.012499999999999796,0.013194444444444333,0.013194444444444446,0.056250000000000112,-0.02986111111111104,0.010416666666666852,0.013194444444444411,0.0062499999999999856,-0.013888888888888977,0.0083333333333333939,-0.027777777777777936,-0.015972222222222134,-5.1692792811959295e-17,0.015972222222222228,-0.069444444444444642,0.029166666666666653,0.010416666666666626,-0.010416666666666501,-0.035416666666666652,-0.018055555555555484,0.013888888888888964,0.031250000000000014,-0.015972222222222058,0.010416666666666581,-0.029861111111111206,0.006250000000000035,-0.21250000000000002,-0.00069444444444456124,-8.1532003370909933e-17,0.013194444444444477,0.082638888888888901,7.0029249699386988e-17,-0.06874999999999995,0.0083333333333334147,0.029166666666666865,0.013888888888888888,0.082638888888888901,-0.068749999999999908,-0.013888888888888826,0.0083333333333333454,-0.029861111111111227,0.031250000000000305,-0.013194444444444429,-0.082638888888888984,-2.2118386852540654e-16,0.01388888888888884,0.015972222222222176,0.031249999999999962,0.035416666666666735,0.035416666666666777,3.0398558005591524e-16,-0.015972222222222242,0.0097222222222222605,-0.0083333333333332968,0.029861111111111248,0.031249999999999986,-0.013888888888888881,0.010416666666666819,0.029861111111111081,-0.029861111111111102,0.0083333333333333384,0.029166666666666775
e035,-0.013194444444444455,0.012500000000000226,-4.5102810375396984e-17,0.00069444444444427284,0.15000000000000005,-0.037500000000000207,-0.05624999999999996,-0.056250000000000015,0.00069444444444444794,0.013888888888888945,-0.0083333333333333592,-0.0062500000000000602,-0.013194444444444509,0.029861111111111248,-0.01041666666666681,-0.0062500000000000567,-0.056250000000000258,-0.013194444444444405,0.069444444444444628,1.2407530575698128e-16,-0.0138888888888892,2.5192095702963358e-16,0.082638888888888928,-0.068749999999999811,-0.035416666666666929,-0.01597222222222219,-0.031250000000000125,0.082638888888888887,-0.035416666666666985,0.013888888888889037,0.0083333333333332864,0.013194444444444576,-0.068749999999999686,-0.21250000000000002,-0.068750000000000061,0.34999999999999987,0.01319444444444441,9.7144514654701197e-17,-0.00069444444444442268,-0.012500000000000032,-0.0083333333333334043,-0.013888888888888937,-0.029166666666666775,-0.015972222222222533,0.031249999999999972,-0.0083333333333334356,0.029861111111110946,0.0097222222222221322,-0.031249999999999965,-0.029861111111110977,0.00625000000000012,0.010416666666666735,0.013194444444444561,-0.068750000000000061,-0.013888888888889117,0.082638888888888901,0.037500000000000124,0.056249999999999918,0.013888888888888831,-0.035416666666666839,0.010416666666666711,-0.069444444444444642,-8.4511200961604628e-17,0.029861111111111213,-7.6069024755797161e-17,-0.013888888888888916,0.012499999999999938,0.013888888888889011,0.031249999999999986,-0.031249999999999792,-0.013888888888889006,0.029166666666666494,1.0314419526513306e-16,0.02986111111111113,-0.029861111111111178,0.027777777777777877,0.013194444444444349,0.01041666666666646,0.031250000000000173,-0.0097222222222224965,0.0083333333333334321,-0.069444444444444489,-1.3142205807158277e-16,0.013194444444444457,-5.3002886456660889e-17,0.0062500000000001686,-0.00069444444444442051,0.0083333333333333939,-0.035416666666666728,-0.015972222222222155,0.082638888888889012,-0.029861111111111241,-0.069444444444444392,-0.010416666666666956,-0.03125000000000018,-0.013888888888888923,0.02916666666666648,0.018055555555555564,-0.010416666666666612,-0.015972222222222183,0.012500000000000093,-1.2569230778434403e-16,-0.21249999999999974,-1.5955479393599161e-16,0.01041666666666673,-0.02777777777777779,-0.013888888888888789,0.015972222222222159,-0.029861111111111067,6.1946114689074231e-17,-0.031249999999999906,0.013888888888888916,-0.010416666666666685,0.01597222222222228,-0.0083333333333332552,-0.018055555555555481,-0.0083333333333332673,-0.029166666666666646,-0.015972222222222197,0.015972222222222325
e036,0.06944444444444442,5.3583980766624517e-17,-0.056249999999999994,-0.013194444444444505,0.00069444444444430363,-0.013194444444444172,0.012499999999999928,-7.2858385991025898e-17,0.14999999999999983,-0.037500000000000179,-0.056250000000000307,-0.056250000000000022,0.00069444444444418979,0.013888888888888947,-0.0083333333333334147,-0.006250000000000029,-0.00624999999999995,-0.01319444444444428,0.029861111111111019,-0.010416666666666807,-0.00069444444444449326,-0.012499999999999841,0.013194444444444476,-9.1940344226770776e-17,-0.068749999999999936,-0.013888888888889034,1.465655804035623e-17,0.082638888888888873,-0.035416666666666874,-0.0159722222222222,-0.031250000000000007,0.082638888888888748,-0.035416666666666971,0.013888888888888838,0.008333333333333184,0.01319444444444441,0.3499999999999997,-0.068750000000000047,-0.2124999999999998,-0.068749999999999922,0.068750000000000019,0.21250000000000002,-0.0083333333333333749,0.013888888888888734,-0.0062499999999999821,-0.029166666666666712,-0.01597222222222202,0.013888888888888798,0.031249999999999938,0.015972222222222294,1.2039435455441968e-16,8.3572307056223104e-17,-0.01597222222222211,-0.012500000000000159,0.013888888888889001,-0.013888888888888911,-0.013888888888888737,0.0083333333333334095,0.029861111111110887,0.010416666666666782,-0.010416666666666654,0.018055555555555623,0.031249999999999813,-0.082638888888888928,0.035416666666666659,-0.013194444444444479,-0.056250000000000022,0.069444444444444517,-0.0083333333333333176,-0.029166666666666584,-0.015972222222222224,0.031250000000000014,-0.0083333333333333818,0.029861111111111019,0.0097222222222220524,-0.029861111111111168,0.037499999999999999,0.010416666666666574,-3.4775329702844292e-17,0.02986111111111121,1.7375811307428791e-16,-0.01388888888888881,0.012500000000000018,0.013888888888888951,0.031250000000000208,-0.031250000000000014,-0.013888888888888826,0.029166666666666712,9.8962535405439583e-17,0.029861111111110956,-0.029861111111111231,0.027777777777777964,0.013194444444444458,0.010416666666666734,0.031249999999999854,-0.0097222222222221669,0.0083333333333331303,-0.069444444444444808,-1.2288703304258083e-16,0.013194444444444245,1.3550650525849761e-16,0.006250000000000153,-0.0006944444444445054,0.0083333333333334113,-0.035416666666666624,-0.015972222222222072,0.082638888888888942,-0.029861111111111106,-0.069444444444444475,-0.010416666666666746,-0.031249999999999962,-0.013888888888889048,0.029166666666666775,0.018055555555555602,-0.010416666666666765,-0.015972222222222096,-2.5875047256594511e-17,0.010416666666666706,-0.027777777777777714,0.015972222222222405
e037,-0.056249999999999974,-0.037499999999999985,0.14999999999999972,-0.056249999999999863,-1.8041124150158794e-16,0.012499999999999964,-0.013194444444444585,0.00069444444444439406,-0.056250000000000085,8.2152691983675842e-17,0.069444444444444281,-0.013194444444444311,-0.006250000000000068,-0.010416666666666761,0.029861111111111165,-0.013194444444444538,0.00069444444444408495,-0.0062499999999998815,-0.0083333333333332101,0.013888888888889046,0.0083333333333333939,0.013888888888889086,-0.035416666666666846,0.013194444444444382,0.082638888888888859,-0.031249999999999962,-0.015972222222222197,-0.035416666666666805,0.082638888888889012,-1.912773292210541e-17,-0.013888888888889117,-0.06874999999999977,0.01319444444444455,-0.012500000000000112,-0.00069444444444438972,9.7144514654701197e-17,-0.068750000000000047,0.35000000000000042,-0.068750000000000075,-0.21249999999999997,0.01388888888888884,7.7730519470593715e-18,0.0097222222222222154,-0.031250000000000069,0.029861111111111005,0.069444444444444503,-0.010416666666666602,-0.029166666666666632,-0.029861111111110915,-0.031250000000000215,0.082638888888888845,-0.015972222222222304,-0.035416666666666589,-0.00069444444444449977,0.0083333333333333384,0.0062499999999998156,-0.012499999999999982,0.013194444444444375,9.2392984861565673e-17,0.013194444444444448,-0.029861111111111283,0.0083333333333332812,-0.027777777777777676,0.031249999999999986,-0.013888888888888742,-1.1034356508548665e-16,-0.037499999999999978,9.2478559418918834e-17,0.015972222222222294,-0.029861111111111026,0.0083333333333332413,-0.0097222222222220905,0.013888888888889023,-0.010416666666666654,-0.031250000000000021,1.3362322500765526e-16,0.05625000000000021,-0.029861111111111022,0.029861111111111185,0.029166666666666598,-0.069444444444444531,0.0083333333333332656,0.013888888888888952,-0.035416666666666666,-0.013888888888888718,0.082638888888888803,-0.068750000000000117,-0.01388888888888902,0.013194444444444436,0.010416666666666585,0.0062499999999997861,-0.031249999999999938,0.0083333333333332274,0.015972222222222141,-0.015972222222222263,0.0083333333333332742,0.018055555555555575,0.029166666666666768,0.029861111111111116,0.010416666666666685,0.21249999999999986,-0.013888888888888867,-0.012500000000000035,0.013888888888888834,-0.015972222222222266,7.8167250876144788e-17,3.2787570437316012e-17,0.031250000000000083,0.010416666666666696,0.027777777777777766,-0.015972222222222252,-1.4050201783649207e-16,0.015972222222222266,-0.010416666666666761,0.069444444444444739,-0.029166666666666667,0.013888888888888964,-0.018055555555555429,0.010416666666666585,0.031250000000000035
e038,-0.013194444444444344,-4.5588333452013466e-17,-0.056249999999999988,0.069444444444444475,-0.013194444444444413,0.00069444444444449066,-4.6837533851373792e-17,0.012500000000000018,-0.037500000000000186,0.037500000000000276,6.9275101037493588e-17,1.3125159478316999e-16,0.013888888888888989,0.027777777777777929,-0.031250000000000076,-0.010416666666666545,-0.0083333333333332083,0.029861111111111213,0.0097222222222221634,-0.031249999999999847,-0.013888888888888905,0.012500000000000008,0.013888888888888966,-0.012499999999999871,5.6265487000735578e-18,0.015972222222222297,-1.2582572562678156e-16,-0.015972222222222193,-0.031250000000000194,0.015972222222222224,0.029166666666666497,-0.013888888888889131,0.0083333333333332656,-0.013888888888888753,0.0062499999999999552,-0.00069444444444442268,-0.2124999999999998,-0.068750000000000075,0.3499999999999997,-0.068750000000000061,-1.749435932940121e-16,-0.21250000000000019,-0.031250000000000035,0.027777777777777853,-0.010416666666666704,-0.010416666666666751,0.018055555555555512,-0.015972222222221936,0.0083333333333332257,-0.013888888888889062,-0.068749999999999978,-2.5942249253415519e-16,0.082638888888888637,1.8561541192951836e-16,0.013194444444444352,-0.00069444444444443341,0.013888888888888855,-0.035416666666666582,-0.029861111111111064,0.0062499999999999197,-0.029166666666666716,-0.01597222222222227,0.010416666666666597,0.015972222222222523,-0.0083333333333334824,0.069444444444444503,-0.056250000000000001,-0.013194444444444261,0.010416666666666657,-0.010416666666666756,0.018055555555555516,0.0083333333333332586,-0.0062500000000000038,-0.013194444444444408,0.029861111111111144,0.029861111111111255,-0.15000000000000005,0.0062500000000000533,-1.2635641764636464e-16,-0.069444444444444461,0.056249999999999981,-0.00069444444444419359,-0.012500000000000094,0.013194444444444529,0.01041666666666648,-0.035416666666666624,0.08263888888888897,-0.031249999999999931,0.056250000000000085,-0.069444444444444461,0.013194444444444502,0.013888888888888836,0.013888888888888755,-0.0083333333333332968,-0.029166666666666598,-0.029861111111111047,-0.010416666666666827,0.029861111111111123,-1.1341412493647254e-16,-0.029861111111110873,-5.4970243705714072e-17,0.0083333333333333055,0.013194444444444453,-0.035416666666666874,-0.03125000000000025,0.015972222222222051,-0.013888888888889062,-0.0097222222222221287,0.029861111111111241,-0.031250000000000049,-0.035416666666666707,0.082638888888888817,-0.031250000000000104,-0.01597222222222202,-0.029166666666666563,0.013888888888889131,0.06874999999999995,-0.0083333333333333627,-0.013888888888888897,-0.082638888888889053
e039,3.1839781176153485e-18,0.037500000000000006,-0.037500000000000082,6.4320966643184867e-17,0.012500000000000231,-1.7694179454963432e-16,0.00069444444444436153,-0.013194444444444495,-0.056249999999999904,2.360902677416105e-17,-0.013194444444444432,0.069444444444444364,-0.0083333333333334425,-0.031250000000000243,0.009722222222222382,0.029861111111111002,0.013888888888888727,-0.010416666666666585,-0.031249999999999931,0.027777777777777918,0.00625000000000014,-0.01388888888888889,0.0083333333333331355,-0.00069444444444441574,-0.013888888888888978,0.029166666666666771,0.015972222222222186,-0.031250000000000076,-0.015972222222222041,-1.3526888911724372e-16,0.015972222222222235,6.7468316853568729e-18,0.013888888888888928,0.012499999999999969,-0.013888888888888985,-0.012500000000000032,-0.068749999999999922,-0.21249999999999997,-0.068750000000000061,0.34999999999999987,-0.082638888888888817,-2.9689676225416547e-17,0.029861111111111102,-0.010416666666666873,-0.013194444444444575,-0.029861111111111015,0.0083333333333332621,0.031250000000000049,-0.0097222222222222363,0.029166666666666664,-0.013888888888889006,0.015972222222222315,-0.031249999999999768,0.013194444444444483,-0.035416666666666666,0.0083333333333335813,0.012500000000000093,0.01388888888888882,-2.9910670675913728e-18,-0.029861111111111116,0.06944444444444442,-0.010416666666666699,-0.013888888888888931,0.035416666666666638,-0.013194444444444359,-0.056250000000000154,0.15000000000000002,-0.056250000000000064,-0.018055555555555505,0.069444444444444434,-0.010416666666666793,-0.029861111111111161,0.00069444444444448155,-0.0062500000000001131,-0.0083333333333335535,-2.9426632486676547e-17,0.056249999999999981,0.013194444444444335,-0.029861111111111102,0.01041666666666663,0.013194444444444394,0.006249999999999865,-0.013888888888888866,0.0083333333333333315,-0.027777777777777846,-0.015972222222222304,-6.023910971188557e-17,0.015972222222222089,-0.0694444444444446,0.029166666666666865,0.010416666666666692,-0.010416666666666676,-0.035416666666666721,-0.01805555555555553,0.013888888888888978,0.031249999999999931,-0.015972222222222113,0.010416666666666761,-0.029861111111111088,0.00625000000000012,-0.21250000000000024,-0.00069444444444439796,-5.5511151231257827e-17,0.013194444444444602,0.082638888888888873,-7.088253251158566e-17,-0.068749999999999908,0.0083333333333333575,0.029166666666666716,0.013888888888888923,0.08263888888888879,-0.068749999999999964,-0.013888888888888909,0.0083333333333332621,-0.029861111111111307,0.031249999999999931,-0.082638888888889026,0.0159722222222222,0.031250000000000007,0.035416666666666749
e040,0.029166666666666681,0.02986111111111121,-0.069444444444444392,0.010416666666666786,0.008333333333333328,-0.035416666666666541,0.01388888888888893,0.013194444444444358,0.056249999999999994,0.05625000000000005,-0.15000000000000024,0.037500000000000144,-0.012500000000000119,0.012500000000000089,0.013888888888888892,-0.013888888888889211,-0.02986111111111104,-1.752506994561627e-16,-1.4770617431165133e-16,0.029861111111111029,2.6020852139652106e-17,-0.013194444444444552,0.012499999999999623,0.00069444444444446377,0.21249999999999974,9.4312468987028319e-17,-0.21250000000000013,-3.8503544080345131e-17,-0.01388888888888884,0.010416666666666671,-0.027777777777777731,0.031250000000000028,0.015972222222222311,0.010416666666666831,-0.018055555555555675,-0.0083333333333334043,0.068750000000000019,0.01388888888888884,-1.749435932940121e-16,-0.082638888888888817,0.35000000000000009,-0.068749999999999839,0.013194444444444431,-0.012499999999999961,-0.00069444444444441878,-0.01388888888888902,2.284120515521768e-17,-0.068749999999999908,0.082638888888888762,-0.035416666666666693,0.082638888888888928,-0.015972222222222412,-0.031249999999999938,0.013888888888888763,0.0083333333333333003,-0.035416666666666805,-0.031250000000000118,0.0097222222222223334,0.031249999999999993,-0.015972222222222016,-0.013888888888889131,-0.008333333333333269,-0.013888888888888909,-0.068749999999999964,0.082638888888888845,0.0062500000000001998,0.013194444444444396,0.010416666666666716,-0.013888888888888987,0.015972222222222134,3.9328616108916947e-17,-0.01597222222222227,-0.015972222222222384,-0.02916666666666656,0.031250000000000069,-0.0083333333333332864,-3.3165941862587374e-17,0.018055555555555675,0.029861111111111033,0.010416666666666696,-0.06944444444444467,0.0083333333333333644,-0.000694444444444535,0.0062500000000000003,0.015972222222222124,-0.02986111111111129,-0.029166666666666674,0.069444444444444392,0.013194444444444509,0.006250000000000022,0.010416666666666761,0.0104166666666668,-2.9490299091605721e-17,-0.013194444444444352,0.013888888888888801,-0.0083333333333332985,0.00069444444444432141,-0.056249999999999974,-0.037499999999999929,-0.056250000000000036,0.015972222222222048,-0.013194444444444465,-0.0062500000000002319,0.029861111111111026,-0.013194444444444495,-0.0083333333333333696,0.035416666666666728,-1.2929442809086026e-16,5.4272853554538889e-17,-0.069444444444444572,-0.0097222222222221079,0.031250000000000111,-0.029861111111111012,0.010416666666666644,-0.02777777777777788,0.03125,0.013888888888888909,0.029861111111111047,-0.031250000000000021,-0.029166666666666619
e041,0.029861111111111095,-5.2421894270506216e-17,-2.8709362130707876e-17,-0.029861111111111144,-0.013888888888888694,0.013888888888888767,0.012499999999999704,-0.012500000000000153,0.037499999999999908,-0.14999999999999983,0.056249999999999911,0.056249999999999759,0.013194444444444399,0.013888888888888796,-0.035416666666666735,0.0083333333333334009,0.010416666666666425,-0.0694444444444446,0.029861111111111192,0.02916666666666665,-0.013194444444444401,5.2041704279304213e-17,0.00069444444444437454,0.012499999999999973,0.06874999999999977,-0.082638888888888845,1.4418758114128767e-16,0.013888888888888867,-0.0083333333333333749,-0.018055555555555401,0.010416666666666664,0.015972222222222176,0.031250000000000028,-0.027777777777777762,0.010416666666666834,-0.013888888888888937,0.21250000000000002,7.7730519470593715e-18,-0.21250000000000019,-2.9689676225416547e-17,-0.068749999999999839,0.35000000000000037,-0.035416666666666673,0.013888888888888866,0.0083333333333333488,-0.031249999999999955,-0.015972222222222537,0.082638888888888873,-0.035416666666666693,0.082638888888888803,-0.068749999999999811,6.2663063224594165e-17,-0.013888888888888937,-0.012500000000000237,-0.00069444444444450334,0.013194444444444363,0.027777777777777578,-0.031250000000000056,-0.0097222222222220905,0.00833333333333325,0.031250000000000167,0.015972222222222346,0.029166666666666598,-0.013888888888888909,-0.031249999999999972,-0.029861111111111067,9.5242247259390531e-17,0.029861111111111054,0.0062499999999999839,-0.031249999999999882,-0.015972222222222384,-0.035416666666666721,-0.010416666666666493,0.069444444444444337,-0.029861111111111178,0.0097222222222220489,0.037499999999999929,0.0083333333333332413,8.2331963410532028e-17,0.01319444444444446,0.056250000000000036,0.013194444444444394,1.4224732503009818e-16,-0.00069444444444453251,0.029166666666666646,0.0083333333333333939,-0.015972222222222211,-0.01041666666666682,0.056250000000000008,0.01319444444444447,-0.069444444444444531,-0.013888888888888928,0.00069444444444424433,-0.006250000000000029,-0.010416666666666668,0.029861111111111102,-0.0062499999999999709,-0.013194444444444411,6.1875585116051152e-17,0.069444444444444586,-1.1881695903854541e-16,-0.010416666666666801,0.013888888888888992,-0.031250000000000021,-0.0083333333333333644,-0.018055555555555606,0.01597222222222229,-0.029861111111111033,-0.013194444444444307,0.029166666666666636,0.0083333333333334529,-0.015972222222222401,-0.010416666666666661,0.015972222222222117,0.031249999999999889,-0.082638888888888956,0.068749999999999992,-0.0062500000000000177,0.013888888888888678,0.013888888888888756
e042,0.008333333333333302,-0.01597222222222228,0.01805555555555545,-0.010416666666666612,0.029166666666666639,0.010416666666666867,0.029861111111111137,-0.069444444444444642,0.0083333333333331754,0.006250000000000094,-0.00069444444444424433,-0.013888888888888997,-1.8101680379048475e-16,-0.056250000000000154,0.069444444444444406,-0.013194444444444385,0.015972222222222301,0.035416666666666638,0.031249999999999948,-0.082638888888889178,0.068749999999999867,-0.082638888888889026,2.0754136292412588e-17,0.013888888888889034,-0.013888888888888876,0.0083333333333331962,-0.00069444444444451169,0.0062500000000001357,0.082638888888888595,-0.035416666666666756,-0.015972222222222433,-0.031250000000000021,-0.029861111111111213,-0.010416666666666803,0.0694444444444446,-0.029166666666666775,-0.0083333333333333749,0.0097222222222222154,-0.031250000000000035,0.029861111111111102,0.013194444444444431,-0.035416666666666673,0.3500000000000002,-0.068749999999999895,-0.2124999999999998,-0.00069444444444441379,-0.012500000000000131,1.0408340855860843e-17,0.013194444444444417,-0.068749999999999964,0.082638888888888942,-0.013888888888888895,-1.0250495065885391e-16,-0.015972222222222162,-0.031250000000000215,-0.035416666666666784,0.031249999999999969,0.013888888888889006,-0.006249999999999865,0.013888888888888782,0.21249999999999997,0.068749999999999936,0.013888888888888801,-0.01249999999999981,-0.013888888888888848,-1.8321125199065822e-16,-0.015972222222222374,-7.7268928847366949e-17,0.013888888888888951,0.015972222222222256,0.010416666666666803,-0.018055555555555547,-0.027777777777777721,0.010416666666666723,0.031250000000000021,-5.0174637962581034e-17,0.010416666666666675,0.015972222222222169,0.06944444444444467,-0.029166666666666771,-0.029861111111111026,0.010416666666666692,0.013194444444444337,0.0062499999999999813,-0.013194444444444346,-0.013888888888888907,-0.0083333333333332933,-0.013194444444444385,0.01319444444444437,0.056250000000000189,7.8063107970157957e-17,0.0083333333333333766,-0.056249999999999849,0.00069444444444445423,-0.037500000000000214,-0.05625000000000014,0.15000000000000005,-6.2450045135165055e-17,-0.013194444444444601,0.012500000000000037,-0.029861111111111116,-0.013888888888888931,0.031249999999999938,-0.027777777777777804,-0.037499999999999971,-2.0286775345813506e-16,1.006423183072999e-17,-0.012499999999999893,0.0083333333333335258,-0.013888888888888919,0.029861111111111054,1.5011157532315762e-17,-0.029861111111111213,0.010416666666666605,0.029861111111110991,0.02916666666666666,0.015972222222222283,-0.009722222222222264,0.008333333333333446,-0.031250000000000146
e043,-0.02986111111111113,-0.02916666666666656,-0.010416666666666755,0.069444444444444364,0.029861111111111144,-0.029861111111111199,9.5292585197900174e-17,-9.2443958251010244e-17,0.013888888888888845,-0.013888888888889171,-0.012500000000000025,0.012499999999999995,-0.0375000000000002,0.14999999999999997,-0.056249999999999925,-0.056250000000000216,-0.0083333333333332881,-0.013194444444444566,-0.013888888888888925,0.035416666666666721,0.21250000000000019,9.5996551596388317e-17,-0.21250000000000016,1.9649176387572699e-16,-0.012500000000000271,0.013194444444444509,1.4918621893400541e-16,-0.00069444444444458325,-0.068749999999999728,0.082638888888888748,7.5897962034194862e-18,-0.013888888888888951,0.0083333333333332552,0.01805555555555538,-0.010416666666666708,-0.015972222222222533,0.013888888888888734,-0.031250000000000069,0.027777777777777853,-0.010416666666666873,-0.012499999999999961,0.013888888888888866,-0.068749999999999895,0.35000000000000003,-0.068749999999999908,0.00624999999999997,-0.013888888888889008,-0.00069444444444451733,0.0083333333333332985,-0.013888888888888992,-0.031249999999999965,0.029166666666666487,0.015972222222222405,-1.6003665542642598e-16,0.015972222222222363,-0.015972222222222315,-0.0097222222222222224,0.031250000000000028,-0.013194444444444531,-0.01041666666666665,-1.3708440135779003e-17,-0.082638888888888901,-0.035416666666666596,0.013194444444444309,0.0083333333333333592,-0.013888888888888923,-0.031249999999999882,0.015972222222222238,0.068749999999999978,0.035416666666666631,-0.01388888888888893,-0.0083333333333333662,0.031250000000000076,0.0159722222222222,-0.082638888888888748,-0.082638888888888956,-0.0277777777777777,-0.031249999999999872,-0.029166666666666691,0.0138888888888892,0.031250000000000118,0.029861111111111158,-3.633725581077899e-17,-0.029861111111111019,-0.0062499999999998798,0.031249999999999858,0.015972222222222023,0.035416666666666471,0.010416666666666755,-0.06944444444444442,0.029861111111111123,-0.009722222222222212,-0.037500000000000019,-0.008333333333333328,6.683670331804789e-17,-0.013194444444444384,-0.056250000000000126,-0.013194444444444509,-2.7755575615628914e-17,0.00069444444444434917,-0.029166666666666757,-0.0083333333333332638,0.015972222222222235,0.010416666666666522,-0.056250000000000189,-0.013194444444444328,0.069444444444444545,0.013888888888888942,-0.00069444444444440663,0.0062499999999997722,0.010416666666666545,-0.029861111111111061,0.0062499999999998442,0.013194444444444401,-7.8772327251290309e-17,-0.069444444444444545,0.010416666666666487,0.0083333333333334668,0.018055555555555422,0.029861111111111244
e044,0.031250000000000167,0.013888888888888853,-0.015972222222222322,-0.029166666666666799,0.010416666666666732,0.0062500000000001044,-0.029861111111111074,0.013194444444444205,-0.035416666666666693,0.0083333333333333419,0.013194444444444488,0.01388888888888885,-1.1011492504053905e-16,-0.056250000000000147,-0.013194444444444569,0.069444444444444753,-0.018055555555555502,-0.0083333333333332829,0.010416666666666794,0.015972222222222134,0.068750000000000006,0.013888888888888729,-7.3727315538984734e-17,-0.082638888888888748,0.013888888888888758,-0.0354166666666667,0.013194444444444248,0.0083333333333333731,-0.013888888888889173,-0.031250000000000097,0.015972222222222457,0.029166666666666605,-0.0097222222222223681,0.0083333333333331754,-0.02986111111111095,0.031249999999999972,-0.0062499999999999821,0.029861111111111005,-0.010416666666666704,-0.013194444444444575,-0.00069444444444441878,0.0083333333333333488,-0.2124999999999998,-0.068749999999999908,0.3500000000000002,-0.013888888888888938,0.012500000000000008,-0.012499999999999992,0.013888888888888781,5.1791905371935882e-17,-0.015972222222222308,0.0159722222222222,-6.7495784810909974e-17,0.01597222222222228,0.029166666666666667,-0.031250000000000076,0.0083333333333333905,-0.01597222222222203,-0.010416666666666642,0.027777777777777839,-0.21249999999999991,3.0879013102614908e-17,0.013194444444444346,1.7347234759768071e-17,-0.00069444444444446193,-0.068750000000000103,0.082638888888888817,-2.6091972791161409e-17,-0.082638888888888859,-0.082638888888889095,0.031249999999999913,0.0159722222222222,-0.013888888888888958,-0.0083333333333333107,0.035416666666666693,0.068749999999999936,0.031250000000000097,-0.013888888888888881,-0.029861111111111099,0.031250000000000125,-0.0097222222222220003,0.029166666666666723,-0.0694444444444446,0.010416666666666571,0.029861111111111074,-0.02777777777777786,0.010416666666666647,-0.013888888888888944,-0.029861111111111043,-1.9533205108692087e-17,-1.3147688189047258e-17,0.031249999999999962,-0.056249999999999842,0.013888888888888935,0.037500000000000117,4.2179801881339928e-17,-0.037500000000000089,0.012499999999999793,0.00069444444444444696,6.7654215563095477e-17,0.0694444444444446,-0.013194444444444316,0.035416666666666576,-0.013888888888888796,0.15000000000000002,-0.056250000000000064,-0.056250000000000147,0.012500000000000212,0.0062500000000000767,-0.0006944444444444642,-0.0694444444444446,-2.2929718223698807e-16,0.013194444444444408,0.006250000000000029,-0.029861111111111244,0.010416666666666611,-0.018055555555555564,-0.029861111111111189,-0.01041666666666655,-0.0083333333333334564
e045,-0.068749999999999672,0.082638888888888845,-0.013888888888889006,-1.5248235629680056e-16,0.0083333333333334599,0.03125000000000018,-0.029861111111111095,-0.0097222222222221946,0.029166666666666539,0.010416666666666796,-0.069444444444444434,0.029861111111111033,0.031249999999999934,0.035416666666666673,0.015972222222222492,-0.082638888888888859,0.013888888888888734,-0.0062499999999999535,-0.0083333333333332135,0.00069444444444442886,-0.0083333333333334078,0.015972222222222311,0.010416666666666657,-0.018055555555555523,-0.0159722222222222,-0.031250000000000042,0.082638888888888928,-0.035416666666666673,0.013194444444444453,0.056250000000000154,-0.069444444444444559,-1.1785086311185805e-16,0.013888888888888801,-0.0062500000000002007,0.00069444444444454845,-0.0083333333333334356,-0.029166666666666712,0.069444444444444503,-0.010416666666666751,-0.029861111111111015,-0.01388888888888902,-0.031249999999999955,-0.00069444444444441379,0.00624999999999997,-0.013888888888888938,0.35000000000000026,-0.06875000000000013,-0.068749999999999992,-0.21249999999999999,-0.012499999999999904,0.013888888888889067,-0.013888888888888746,0.012500000000000084,0.015972222222222252,1.0304700327702526e-16,1.5710542572416614e-16,0.035416666666666777,-0.013194444444444587,0.068749999999999936,0.21249999999999974,-0.013194444444444522,-1.1449174941446927e-16,0.013888888888888895,-5.0225596305530787e-17,-0.082638888888888776,0.035416666666666805,0.015972222222222141,0.031249999999999931,0.029861111111110977,-0.0097222222222223334,0.008333333333333328,-0.029861111111111248,0.0159722222222222,-0.031250000000000083,0.029166666666666407,0.0083333333333332378,0.031249999999999906,0.029861111111111081,-0.01388888888888882,0.010416666666666559,-0.027777777777777825,-8.1244598158534083e-17,-0.029861111111111185,-7.5950208530922954e-17,-0.013194444444444514,-0.037500000000000012,-0.056249999999999911,0.14999999999999997,-0.0138888888888889,-0.012500000000000008,0.012500000000000053,4.2384656842094329e-17,-0.0083333333333335084,-0.037500000000000096,0.00069444444444437324,-1.5265566588595902e-16,-0.013194444444444493,-0.056250000000000099,-0.013194444444444368,7.399540124559712e-18,0.013194444444444261,0.013194444444444406,0.01041666666666672,-0.029861111111111022,-0.01388888888888897,0.0083333333333333471,0.0062499999999999622,0.056250000000000043,0.01041666666666663,0.069444444444444517,0.015972222222222235,0.010416666666666548,-0.018055555555555641,-0.029166666666666646,0.013888888888888937,0.031249999999999979,-0.027777777777777707,0.015972222222222179,1.4641823660279349e-17,0.010416666666666571
e046,0.082638888888888817,-0.03541666666666636,-0.031250000000000291,-0.015972222222222273,-0.015972222222222297,0.013888888888889048,-0.029166666666666927,0.031249999999999851,0.029861111111111192,-0.029861111111111283,5.2739768016319046e-17,9.649326413350576e-17,-0.027777777777777485,-0.013888888888888885,0.010416666666666814,0.03125000000000018,-0.03125000000000009,0.029861111111111199,0.0097222222222220732,-0.0083333333333333523,-0.013888888888888689,0.031249999999999882,-0.027777777777777738,0.010416666666666689,-3.9129993267157994e-17,0.015972222222222363,-2.3962288857966178e-17,-0.015972222222222426,0.010416666666666637,-0.06944444444444467,0.029166666666666594,0.029861111111111123,-0.010416666666666338,-0.013194444444444354,-0.0062500000000001435,0.029861111111110946,-0.01597222222222202,-0.010416666666666602,0.018055555555555512,0.0083333333333332621,2.284120515521768e-17,-0.015972222222222537,-0.012500000000000131,-0.013888888888889008,0.012500000000000008,-0.06875000000000013,0.34999999999999987,-0.21249999999999999,-0.068750000000000144,-0.00069444444444443027,0.0083333333333333749,0.0062499999999999318,-0.013888888888888834,0.029166666666666608,0.015972222222222353,-0.013888888888889006,-0.08263888888888879,0.035416666666666582,0.013888888888888631,1.071529056881629e-16,4.8572257327350599e-17,-0.013194444444444568,0.068750000000000103,0.21250000000000008,0.068749999999999992,-0.013194444444444408,-0.0083333333333334442,-0.013888888888888888,-0.031249999999999934,0.0083333333333333211,0.01805555555555563,-0.010416666666666741,3.0078544855961299e-17,0.082638888888888984,-0.013888888888888937,-0.0006944444444444268,-0.0097222222222221946,-0.0062499999999999379,0.035416666666666652,0.0159722222222222,0.03124999999999999,0.029861111111111061,0.01041666666666656,-0.069444444444444656,-0.0083333333333333488,-7.242442980436976e-17,-0.01319444444444445,-0.056250000000000092,0.008333333333333387,0.013194444444444352,0.013888888888888803,0.013194444444444429,0.013888888888888801,-0.056250000000000022,2.6020852139652106e-17,0.00069444444444441314,0.012500000000000011,-0.037500000000000179,-3.6333478602989354e-17,0.037499999999999825,0.0062499999999999604,0.056250000000000064,-0.06944444444444442,1.0299031031872053e-16,-0.012500000000000091,0.013194444444444644,-0.00069444444444447645,-0.15000000000000002,0.029861111111111224,-0.056250000000000029,0.035416666666666576,-0.013888888888888952,-0.0083333333333333922,0.069444444444444559,-0.029166666666666643,-0.02986111111111104,0.01041666666666665,-0.031249999999999955,0.082638888888888887,0.013194444444444509
e047,-0.013888888888888826,-0.031249999999999983,0.029166666666666619,0.015972222222222276,0.01805555555555545,-0.015972222222222339,-0.010416666666666593,0.0083333333333333801,-0.069444444444444461,0.01319444444444421,0.056250000000000057,1.1580965377597178e-16,-0.013888888888888859,-0.013194444444444561,-0.0083333333333335223,0.03541666666666677,-0.010416666666666765,-0.013194444444444202,0.029861111111111137,-0.0062500000000000793,-0.013194444444444418,0.035416666666666458,-0.013888888888888923,-0.0083333333333332638,8.7978820790990699e-17,-0.013888888888888964,-0.068749999999999853,0.082638888888888831,0.0062499999999999101,0.013194444444444536,0.010416666666666467,-0.02986111111111097,-0.031249999999999951,0.029861111111111116,-0.0083333333333332656,0.0097222222222221322,0.013888888888888798,-0.029166666666666632,-0.015972222222221936,0.031250000000000049,-0.068749999999999908,0.082638888888888873,1.0408340855860843e-17,-0.00069444444444451733,-0.012499999999999992,-0.068749999999999992,-0.21249999999999999,0.34999999999999987,-0.068749999999999853,0.013194444444444533,-0.035416666666666569,0.0083333333333333627,0.013888888888888843,-0.031250000000000028,-0.015972222222222273,0.082638888888888845,0.015972222222222179,-0.0083333333333331615,-0.082638888888889053,2.8298039484993069e-16,0.012499999999999938,0.00069444444444435361,6.4573549201910516e-17,-0.21249999999999997,-4.3644407582831893e-17,-0.013888888888888944,0.010416666666666765,-0.027777777777777849,-0.0083333333333333974,0.031250000000000069,-0.015972222222222127,-0.029166666666666643,5.9813672893934712e-17,-0.015972222222222145,0.015972222222222276,-0.013888888888888807,-0.029861111111111057,-0.010416666666666678,-0.0083333333333334529,-0.018055555555555748,0.010416666666666735,-0.029861111111111338,0.0062500000000000845,0.013194444444444394,0.035416666666666839,-4.1316911890525381e-17,0.069444444444444642,-0.056250000000000036,0.0062500000000000446,-0.00069444444444428585,-0.013888888888888968,-0.069444444444444475,0.00069444444444455842,-0.056249999999999981,0.012499999999999963,-0.013194444444444639,2.7755575615628914e-17,0.15000000000000002,-0.056249999999999946,-0.037500000000000262,0.010416666666666753,-1.8216545554091705e-18,0.029861111111111213,-8.4984654582065624e-17,0.012499999999999898,0.01388888888888898,-0.013888888888889067,0.037500000000000061,-0.069444444444444545,4.1565693437465421e-17,0.031249999999999969,-0.027777777777777787,0.01041666666666655,-0.029861111111111338,0.031249999999999993,-0.009722222222222375,0.031250000000000056,0.029166666666666643,-0.013888888888888937,-0.029861111111111078
e048,-3.2482909164648557e-17,-0.0159722222222221,0.015972222222222058,-8.0695535397343161e-17,-0.010416666666666531,-0.029166666666666719,0.06944444444444467,-0.029861111111111019,0.010416666666666619,0.0062499999999998963,0.013194444444444616,-0.029861111111111303,0.010416666666666678,-0.008333333333333335,-0.018055555555555332,0.015972222222222242,0.027777777777777592,-0.010416666666666758,-0.031249999999999861,0.013888888888889011,0.035416666666666582,-0.082638888888888901,0.031250000000000167,0.015972222222222079,0.015972222222222325,0.029166666666666775,-0.013888888888888964,-0.031249999999999972,-0.029861111111111133,8.3979563363944307e-17,0.029861111111110984,-1.407151914556643e-16,0.027777777777777689,-0.01041666666666673,0.013888888888888793,-0.031249999999999965,0.031249999999999938,-0.029861111111110915,0.0083333333333332257,-0.0097222222222222363,0.082638888888888762,-0.035416666666666693,0.013194444444444417,0.0083333333333332985,0.013888888888888781,-0.21249999999999999,-0.068750000000000144,-0.068749999999999853,0.34999999999999998,-9.8879238130678004e-17,0.013194444444444528,-0.00069444444444434364,-0.012500000000000032,-0.01388888888888884,-3.3855099176959186e-17,-0.068749999999999881,0.031250000000000076,-0.013888888888888978,-2.3747514357681287e-17,-0.21250000000000008,0.00069444444444434494,0.012499999999999862,-0.082638888888888734,-1.2551575284093426e-17,0.01388888888888902,-0.0083333333333332864,-0.018055555555555623,0.010416666666666604,0.0097222222222223577,-0.029861111111111158,-0.010416666666666739,0.069444444444444517,-0.01597222222222227,-0.035416666666666777,-0.03124999999999982,0.0062499999999999101,0.0083333333333332083,-0.013194444444444411,-0.013194444444444309,-0.0083333333333333419,-0.013888888888888876,1.0727578898421237e-16,0.013194444444444418,0.056250000000000112,-0.013888888888888928,0.037499999999999999,-6.4285435408888031e-17,-0.037499999999999929,-0.00069444444444448838,1.3877787807814457e-16,-0.012499999999999858,0.056249999999999911,-0.0062499999999999787,0.15000000000000016,-0.013194444444444384,0.012500000000000008,0.00069444444444450519,-0.056249999999999981,0.069444444444444448,-4.9678606482428965e-18,-0.029861111111111199,-0.069444444444444586,0.029166666666666601,0.029861111111111074,0.013888888888888826,-0.035416666666666749,0.0083333333333334043,0.056249999999999939,0.029166666666666587,-0.01319444444444455,-0.082638888888888817,0.031249999999999948,0.015972222222221978,-0.010416666666666644,-0.015972222222222374,0.0083333333333334026,-0.013888888888888987,-0.013888888888889062,-0.068749999999999978,0.006249999999999983
e049,0.013888888888888963,-0.031250000000000132,-0.010416666666666947,0.027777777777777634,0.015972222222222197,-0.018055555555555311,-0.0083333333333333211,0.010416666666666817,-0.029861111111110963,0.013194444444444441,0.0062500000000000238,0.010416666666666781,-0.029861111111111189,0.069444444444444559,-0.029166666666666397,-0.010416666666666789,1.0894524919210304e-17,0.01597222222222227,-0.015972222222222335,5.1879749564258837e-17,-0.082638888888888706,0.035416666666666582,0.01597222222222237,0.031249999999999983,0.031250000000000271,-0.0097222222222220871,0.0083333333333333037,-0.029861111111111123,-0.031250000000000007,0.013888888888888749,-0.010416666666666765,0.027777777777777721,7.062028121782669e-17,0.02986111111111113,-6.260513839981669e-17,-0.029861111111110977,0.015972222222222294,-0.031250000000000215,-0.013888888888889062,0.029166666666666664,-0.035416666666666693,0.082638888888888803,-0.068749999999999964,-0.013888888888888992,5.1791905371935882e-17,-0.012499999999999904,-0.00069444444444443027,0.013194444444444533,-9.8879238130678004e-17,0.34999999999999998,-0.06874999999999995,-0.068749999999999895,-0.21250000000000013,0.0083333333333335431,0.013888888888889004,0.013194444444444502,0.015972222222222252,1.2065821038306726e-16,0.01388888888888867,-0.012500000000000039,0.068750000000000033,0.21250000000000008,-0.0062500000000000524,0.013888888888888805,-0.0083333333333333801,0.013888888888889034,-0.029166666666666969,-0.015972222222222211,-0.029166666666666733,-0.031250000000000042,0.029861111111111043,-0.0083333333333333315,0.010416666666666709,0.013194444444444274,-0.029861111111111213,0.08263888888888879,-0.069444444444444572,0.035416666666666707,-0.056250000000000043,0.069444444444444475,-9.1446749436693735e-17,-0.013888888888888911,0.0062500000000000108,-0.00069444444444454736,-3.4530597457597377e-17,-0.012499999999999796,0.013888888888888869,0.012500000000000174,0.056249999999999994,-0.14999999999999999,0.037500000000000117,0.013194444444444455,-0.013194444444444545,-1.7520707107365752e-16,-0.056249999999999904,-0.037500000000000026,-0.056249999999999939,0.00069444444444442138,-0.0083333333333333384,0.013888888888888964,0.010416666666666789,0.0083333333333334425,-0.0097222222222223993,0.031250000000000097,-1.5445878403976832e-17,0.013194444444444399,-0.069444444444444545,0.013194444444444467,0.018055555555555481,0.035416666666666666,-0.0062500000000000186,0.029861111111111088,-0.010416666666666619,0.015972222222222165,-0.03125,-0.013888888888888853,1.4771886303619398e-16,0.0083333333333334026,-0.0006944444444444577,0.082638888888889109
e050,-0.0062500000000000897,0.029861111111111088,-0.013194444444444441,-0.010416666666666637,0.035416666666666888,-0.008333333333333727,-0.013194444444444495,-0.013888888888888918,1.2815494820113931e-17,0.056250000000000092,0.013194444444444436,-0.069444444444444225,0.0083333333333333003,-0.010416666666666694,-0.015972222222222294,0.018055555555555554,0.015972222222222214,0.02916666666666665,-0.031250000000000042,-0.013888888888888881,0.035416666666666742,-0.013194444444444339,-0.0083333333333334338,-0.013888888888888779,0.013888888888888923,0.031250000000000097,-0.015972222222222238,-0.029166666666666778,0.0097222222222223299,-0.0083333333333332794,0.02986111111111122,-0.031250000000000333,-0.029861111111111206,0.010416666666666803,0.013194444444444437,0.00625000000000012,1.2039435455441968e-16,0.082638888888888845,-0.068749999999999978,-0.013888888888889006,0.082638888888888928,-0.068749999999999811,0.082638888888888942,-0.031249999999999965,-0.015972222222222308,0.013888888888889067,0.0083333333333333749,-0.035416666666666569,0.013194444444444528,-0.06874999999999995,0.35000000000000003,-0.21250000000000002,-0.068749999999999797,-0.00069444444444441379,-0.012499999999999973,-9.7144514654701197e-17,-0.031249999999999913,0.082638888888888942,0.0083333333333330956,-0.0006944444444443148,0.013888888888889048,1.1146482590386236e-19,0.029861111111111276,-0.031250000000000014,0.0097222222222223958,-0.029166666666666719,0.069444444444444503,-0.010416666666666694,-0.029861111111111095,0.027777777777777773,-0.010416666666666527,0.013888888888888914,0.029861111111111067,-3.4841957347238825e-17,1.6595499068060931e-17,-0.031250000000000028,0.056250000000000237,-0.013888888888888803,-0.037500000000000061,-2.8121729746445865e-18,0.037500000000000103,-0.012499999999999838,-0.00069444444444430602,1.1622647289044608e-16,-0.069444444444444572,0.013194444444444611,-0.035416666666666596,0.013888888888888987,-0.15000000000000019,0.056250000000000022,0.056249999999999939,-0.012500000000000004,-0.0062499999999998598,0.00069444444444452611,0.069444444444444586,-6.1904496024549824e-17,-0.013194444444444394,-0.0062500000000001148,0.029861111111111217,-0.010416666666666685,0.015972222222222415,0.018055555555555609,0.0083333333333333107,-0.015972222222222113,0.029861111111111057,0.010416666666666602,0.029166666666666608,0.0083333333333333835,-0.010416666666666704,0.015972222222222211,0.01388888888888876,-0.031249999999999972,0.027777777777777735,-3.8023022629485611e-18,-0.015972222222222231,2.9107057109121689e-17,0.21249999999999983,0.013888888888888838,-0.012500000000000039,5.2103371489280613e-17
e051,-0.0083333333333333124,0.009722222222222153,0.029861111111110995,-0.031250000000000132,0.031250000000000097,0.010416666666666616,-0.013888888888888826,-0.027777777777777696,1.3793302580449657e-16,1.0440316661222669e-16,-0.029861111111111192,0.029861111111111296,0.031249999999999979,-0.029166666666666625,0.013888888888889006,-0.015972222222222429,-0.015972222222222335,-0.031249999999999951,-0.035416666666666562,0.082638888888889123,0.031250000000000021,-0.013888888888888673,0.010416666666666602,-0.027777777777777738,-0.015972222222222287,0.0083333333333333974,0.018055555555555554,-0.010416666666666737,0.029861111111111241,-0.0062500000000001174,-0.013194444444444587,-0.010416666666667074,0.029861111111111005,0.029166666666666678,-0.069444444444444503,0.010416666666666735,8.3572307056223104e-17,-0.015972222222222304,-2.5942249253415519e-16,0.015972222222222315,-0.015972222222222412,6.2663063224594165e-17,-0.013888888888888895,0.029166666666666487,0.0159722222222222,-0.013888888888888746,0.0062499999999999318,0.0083333333333333627,-0.00069444444444434364,-0.068749999999999895,-0.21250000000000002,0.34999999999999981,-0.068749999999999839,-0.013888888888888742,0.012500000000000056,-0.012499999999999839,0.029166666666666827,-0.013888888888888687,-0.035416666666666693,0.013194444444444332,-0.082638888888888928,2.8039988826306217e-18,-0.013194444444444441,-0.010416666666666876,0.029861111111111213,0.031250000000000042,-0.029861111111111154,0.0083333333333332309,0.069444444444444531,0.013888888888888852,-0.0062500000000000047,0.00069444444444440913,-0.069444444444444517,0.056249999999999953,-7.1598640320607043e-17,-0.035416666666666742,-5.4270170643066787e-17,-0.013194444444444413,0.14999999999999999,-0.056250000000000105,-0.037500000000000137,0.012500000000000016,-0.013888888888888933,-0.012499999999999957,0.013194444444444325,-0.00069444444444435567,0.0083333333333334026,-0.013888888888888761,0.037499999999999992,0.056249999999999939,0.056249999999999974,5.2041704279304213e-17,-0.010416666666666644,-0.013194444444444455,-0.013194444444444318,-9.855619941362099e-17,0.069444444444444642,-0.008333333333333439,0.0097222222222223542,-0.031249999999999847,-0.018055555555555464,-0.015972222222222245,0.031249999999999861,0.013888888888888923,-0.029861111111111158,0.0062500000000000168,0.010416666666666666,-0.035416666666666673,0.0083333333333332309,-0.082638888888888928,0.00069444444444434982,-0.0083333333333333384,0.013888888888888583,8.2932084290339022e-17,0.082638888888888887,-0.068749999999999908,-0.21249999999999977,0.013194444444444215,5.7245874707234634e-17,-0.068750000000000019
e052,0.00069444444444446041,-0.0083333333333332881,-0.0062499999999998659,0.013888888888888918,-0.082638888888888776,0.015972222222222301,0.03541666666666677,0.031250000000000111,0.029861111111111328,-0.069444444444444475,0.010416666666666574,0.029166666666666712,-0.0097222222222220801,-0.029861111111111109,0.031250000000000069,0.0083333333333334286,2.1671415557098829e-17,-0.013888888888888645,0.08263888888888872,-0.068749999999999881,0.015972222222222054,-0.0083333333333331927,-0.018055555555555519,0.010416666666666751,-0.029166666666666442,-0.029861111111111133,-0.010416666666666709,0.069444444444444725,-0.0083333333333334599,0.00069444444444431827,-0.0062499999999999431,0.013888888888888944,2.5290851727945473e-16,-0.069444444444444531,0.056250000000000092,0.013194444444444561,-0.01597222222222211,-0.035416666666666589,0.082638888888888637,-0.031249999999999768,-0.031249999999999938,-0.013888888888888937,-1.0250495065885391e-16,0.015972222222222405,-6.7495784810909974e-17,0.012500000000000084,-0.013888888888888834,0.013888888888888843,-0.012500000000000032,-0.21250000000000013,-0.068749999999999797,-0.068749999999999839,0.34999999999999998,0.0062500000000000715,-0.013888888888888897,-0.000694444444444432,-0.013888888888888964,-0.068749999999999908,0.013194444444444377,2.7582103268031233e-16,6.3640790551235555e-17,-0.21249999999999986,-0.010416666666666501,0.027777777777777849,-0.031249999999999889,-0.015972222222222113,-0.010416666666666595,0.018055555555555589,-0.010416666666666713,-0.010416666666666751,-0.013194444444444248,-0.0062500000000000255,0.029166666666666629,-0.069444444444444572,0.02986111111111104,-0.015972222222222256,0.013194444444444526,-0.0083333333333331875,-0.056250000000000036,-0.013194444444444399,1.8593150922678995e-17,0.013888888888888984,0.0083333333333334009,0.01319444444444458,0.056249999999999981,1.3704315460216776e-16,0.013194444444444444,-0.012499999999999831,0.056250000000000147,0.037499999999999881,-0.14999999999999994,-0.0006944444444443985,0.029861111111111102,0.012500000000000046,1.0345831968932134e-16,0.037500000000000186,5.2947497955200541e-17,0.013888888888889108,-0.031250000000000076,0.027777777777777603,-0.0083333333333332794,-0.010416666666666751,-0.029861111111111074,-0.029166666666666674,2.015239692729686e-17,-0.02986111111111121,0.02986111111111131,0.013888888888888796,-0.015972222222222519,0.031249999999999792,-0.0083333333333333471,0.0097222222222223612,-0.031249999999999951,-0.015972222222222113,-0.035416666666666818,0.082638888888888831,4.3808877694638766e-17,-0.035416666666666687,0.013194444444444339,-0.013888888888888881
e053,0.035416666666666742,-0.013888888888888775,-0.013194444444444576,-0.0083333333333332951,-0.056250000000000196,-0.056250000000000196,0.14999999999999988,-0.03749999999999995,0.012500000000000157,-0.012500000000000141,-0.013888888888888689,0.01388888888888869,-4.1613952021623287e-17,-8.2546266842476361e-17,-0.029861111111111206,0.029861111111110936,0.069444444444444448,-0.010416666666666928,-0.029166666666666553,-0.029861111111111175,4.3793658552129328e-17,0.21250000000000019,1.069658055774996e-16,-0.21249999999999991,0.013888888888888774,-0.010416666666666796,0.027777777777777665,-0.031249999999999983,-0.015972222222222499,-0.010416666666666508,0.018055555555555543,0.0083333333333333662,-0.013888888888888923,-1.5468244983836941e-16,0.082638888888888928,-0.068750000000000061,-0.012500000000000159,-0.00069444444444449977,1.8561541192951836e-16,0.013194444444444483,0.013888888888888763,-0.012500000000000237,-0.015972222222222162,-1.6003665542642598e-16,0.01597222222222228,0.015972222222222252,0.029166666666666608,-0.031250000000000028,-0.01388888888888884,0.0083333333333335431,-0.00069444444444441379,-0.013888888888888742,0.0062500000000000715,0.34999999999999992,-0.068749999999999978,-0.068749999999999964,-6.9360271007885456e-17,0.013194444444444436,-0.031250000000000076,0.082638888888889039,-0.018055555555555342,0.010416666666666631,-0.029861111111111116,-0.010416666666666718,0.069444444444444475,-0.0083333333333333922,0.00069444444444450183,-0.0062499999999998833,-0.015972222222222183,0.029861111111111224,0.029166666666666653,-0.069444444444444572,-0.013194444444444385,-0.0062499999999998728,-0.010416666666666633,-0.010416666666666519,8.3266726846886741e-17,0.01319444444444433,-0.013888888888888713,0.0083333333333331875,-0.00069444444444430526,0.056249999999999981,0.037500000000000082,0.056250000000000071,-0.015972222222222096,0.013194444444444437,0.0062500000000000732,-0.029861111111111172,0.013194444444444188,0.0083333333333332552,-0.035416666666666839,1.0175726349318286e-16,-1.267579402435656e-16,0.069444444444444448,0.0097222222222222328,-0.031249999999999944,0.029861111111111147,-0.010416666666666609,0.027777777777777821,-0.031249999999999924,0.013888888888888838,-0.013888888888889062,-0.068749999999999867,0.08263888888888879,-0.029861111111111026,0.031249999999999976,0.0083333333333332552,0.029166666666666907,0.031250000000000083,-0.015972222222222138,0.082638888888888942,-0.035416666666666714,-0.015972222222222231,-0.031249999999999976,0.0097222222222220905,-0.0083333333333334685,-0.013194444444444366,0.013888888888888826,-1.3430039618459356e-16,0.03541666666666652
e054,0.015972222222222138,0.01041666666666672,-0.0083333333333334876,-0.018055555555555582,0.069444444444444448,-0.013194444444444401,-0.056249999999999953,-4.8927540362659246e-17,0.013888888888889032,0.013194444444444483,0.0083333333333335084,-0.035416666666666603,0.013194444444444705,-0.02986111111111131,0.0062500000000000229,0.010416666666666793,-0.029166666666666782,-0.015972222222222318,0.013888888888888937,0.031249999999999886,0.013888888888889173,0.068750000000000019,-0.082638888888888873,-1.0673092983804491e-16,-0.0062500000000000585,-0.013194444444444398,-0.010416666666666657,0.029861111111111234,0.031250000000000173,-0.029861111111111376,0.0083333333333335154,-0.0097222222222223265,0.029166666666666827,0.015972222222222211,-0.031249999999999986,-0.013888888888889117,0.013888888888889001,0.0083333333333333384,0.013194444444444352,-0.035416666666666666,0.0083333333333333003,-0.00069444444444450334,-0.031250000000000215,0.015972222222222363,0.029166666666666667,1.0304700327702526e-16,0.015972222222222353,-0.015972222222222273,-3.3855099176959186e-17,0.013888888888889004,-0.012499999999999973,0.012500000000000056,-0.013888888888888897,-0.068749999999999978,0.3500000000000002,-0.21250000000000002,0.029861111111111331,0.010416666666666517,0.015972222222222176,-6.9067041638124394e-17,0.010416666666666751,-0.027777777777777918,0.0083333333333333939,0.018055555555555446,-0.010416666666666697,0.02986111111111113,-0.006250000000000101,-0.013194444444444437,-0.035416666666666548,8.8472091313677164e-17,-0.0694444444444446,0.056249999999999994,-0.0062500000000000385,0.0006944444444443405,0.013888888888888978,0.069444444444444586,-0.0006944444444444023,0.056249999999999932,-0.012499999999999928,0.013194444444444552,-3.1225022567582528e-17,-0.15000000000000002,0.056249999999999981,0.03749999999999995,-0.010416666666666529,1.0369317708513e-16,-0.029861111111111234,5.2350194648762916e-17,-0.012499999999999997,-0.013888888888888931,0.01388888888888882,-0.037500000000000054,0.069444444444444559,-1.1582095447749776e-16,-0.031249999999999917,0.027777777777777873,-0.010416666666666694,0.029861111111111352,-0.031250000000000007,0.009722222222222205,-0.03125,-0.031250000000000021,0.082638888888888762,-0.035416666666666666,-0.029166666666666816,0.01388888888888884,-0.015972222222222228,0.029861111111111116,-0.082638888888888845,0.0083333333333332985,-0.068749999999999936,0.08263888888888879,3.8698969715906462e-17,0.013888888888888888,-0.0083333333333332881,0.00069444444444455744,-1.2836953722228372e-16,0.068749999999999811,0.21249999999999986,-0.013194444444444422
e055,-0.082638888888888845,0.031249999999999757,0.035416666666666874,0.015972222222222117,-0.01319444444444437,0.069444444444444642,-0.056250000000000071,-1.4052176643851248e-16,-0.013888888888888893,-0.0006944444444444101,0.0062499999999999631,0.0083333333333334841,-0.069444444444444586,0.029861111111111074,0.010416666666666742,0.029166666666666702,-0.010416666666666718,0.018055555555555405,-0.015972222222222249,0.0083333333333331337,-0.082638888888888679,0.068750000000000019,0.013888888888888937,7.0164094937975459e-17,-0.0083333333333333072,0.029861111111111248,-0.03124999999999982,0.0097222222222223265,-0.029166666666666619,0.06944444444444435,-0.010416666666666456,-0.029861111111111269,-0.03125,-0.015972222222222388,-0.035416666666666673,0.082638888888888901,-0.013888888888888911,0.0062499999999998156,-0.00069444444444443341,0.0083333333333335813,-0.035416666666666805,0.013194444444444363,-0.035416666666666784,-0.015972222222222315,-0.031250000000000076,1.5710542572416614e-16,-0.013888888888889006,0.082638888888888845,-0.068749999999999881,0.013194444444444502,-9.7144514654701197e-17,-0.012499999999999839,-0.000694444444444432,-0.068749999999999964,-0.21250000000000002,0.34999999999999981,-0.029861111111111133,0.0062500000000000611,-0.013888888888888964,-0.068749999999999839,-0.0083333333333334252,-0.013888888888888942,0.031250000000000042,-0.015972222222222398,-0.029166666666666636,0.0097222222222221495,-0.0083333333333333454,0.029861111111111095,-0.031250000000000083,1.820198254522142e-16,0.029861111111111359,-7.7965810203309445e-18,-0.01041666666666673,0.013888888888888951,0.027777777777777821,-0.02986111111111097,0.013194444444444292,-1.0355051912117352e-16,0.012499999999999973,0.013888888888889065,-0.012500000000000117,0.037499999999999936,0.056250000000000154,-0.15000000000000016,0.0083333333333333974,0.056250000000000022,0.013194444444444335,1.0104944169726564e-16,-4.6837533851373792e-17,-0.00069444444444451776,0.013194444444444481,0.037500000000000241,-0.013194444444444389,-0.056249999999999953,-0.0083333333333333627,0.013888888888888958,-0.0062500000000000871,-0.013194444444444432,-0.010416666666666626,0.029861111111111262,-0.010416666666666536,0.029166666666666795,-0.013888888888888895,-0.031249999999999837,-0.010416666666666711,-0.015972222222222096,0.018055555555555554,-0.069444444444444489,0.015972222222222426,-0.010416666666666604,3.4966794225209848e-17,-0.015972222222222259,1.2224898506809341e-16,0.027777777777777828,-0.031250000000000007,0.013888888888889006,0.01250000000000016,-7.7607164047194642e-18,-0.21249999999999997,-0.013888888888888798
e056,-0.013194444444444405,-9.8879238130678004e-17,0.012499999999999898,0.00069444444444446518,0.21249999999999977,-0.21250000000000019,-2.4929175554579712e-17,-3.7627803119186411e-17,-0.013888888888888753,-0.027777777777777617,0.01041666666666643,0.031250000000000319,0.015972222222222297,-0.018055555555555193,0.010416666666666744,-0.0083333333333334876,0.068750000000000047,0.013888888888888826,-0.082638888888888803,2.9716341840375352e-18,0.029861111111111331,-1.8942701332035642e-16,-0.029861111111111165,-1.7360562866836336e-17,0.010416666666666588,0.029861111111111269,0.029166666666666671,-0.069444444444444753,0.0083333333333334599,0.013888888888888735,-0.035416666666666909,0.013194444444444432,0.05624999999999989,-0.14999999999999969,0.056250000000000022,0.037500000000000124,-0.013888888888888737,-0.012499999999999982,0.013888888888888855,0.012500000000000093,-0.031250000000000118,0.027777777777777578,0.031249999999999969,-0.0097222222222222224,0.0083333333333333905,0.035416666666666777,-0.08263888888888879,0.015972222222222179,0.031250000000000076,0.015972222222222252,-0.031249999999999913,0.029166666666666827,-0.013888888888888964,-6.9360271007885456e-17,0.029861111111111331,-0.029861111111111133,0.34999999999999992,-0.068750000000000019,0.013888888888888692,0.0083333333333334321,-0.035416666666666707,0.082638888888888651,1.4704058629655349e-17,-0.01388888888888902,-0.068749999999999922,0.013194444444444559,-0.012500000000000011,-0.00069444444444455636,-0.031250000000000056,0.0062499999999999865,0.013194444444444547,0.010416666666666781,-0.068749999999999992,-0.013888888888888812,0.082638888888888914,-0.013888888888888864,-0.013888888888888784,-0.0083333333333331615,-0.029166666666666743,-0.015972222222222061,0.031250000000000007,0.015972222222222145,1.98342018473261e-16,-0.015972222222222516,1.6329325096515346e-16,0.0083333333333333176,-0.00069444444444439926,0.0062499999999999665,0.010416666666666647,0.029861111111111154,-0.069444444444444656,0.01805555555555538,0.015972222222222207,0.010416666666666789,0.0062500000000001478,0.013194444444444252,0.010416666666666829,-0.029861111111111227,-0.029166666666666771,0.069444444444444461,-8.6736173798840355e-18,-0.056250000000000043,-0.037500000000000061,-0.056249999999999967,-0.008333333333333269,0.013888888888888947,0.00069444444444416941,-0.013194444444444352,0.015972222222222367,7.4229928517935476e-17,-0.008333333333333387,-0.013194444444444569,0.035416666666666784,-0.013194444444444455,-0.0062499999999998824,0.029861111111110908,0.010416666666666703,0.031250000000000076,-0.0097222222222222918,-0.069444444444444559
e057,1.214306433183765e-17,-0.013194444444444587,0.00069444444444446843,0.01249999999999991,0.068749999999999895,5.6908304978439111e-16,-0.08263888888888915,0.013888888888888701,-0.0083333333333334494,0.01041666666666677,-0.018055555555555595,0.015972222222222231,0.031250000000000007,0.010416666666666744,-0.027777777777777794,-0.013888888888888937,0.21250000000000005,2.6515641873834387e-17,6.1318814438871104e-17,-0.21249999999999994,0.029166666666666816,0.029861111111111054,0.0104166666666668,-0.0694444444444446,-0.029861111111111178,-6.6974692264379031e-17,0.029861111111110939,1.3121981695857634e-17,-0.013888888888889016,0.012500000000000141,0.013888888888888833,-0.012500000000000079,0.037499999999999964,0.05625000000000005,-0.14999999999999991,0.056249999999999918,0.0083333333333334095,0.013194444444444375,-0.035416666666666582,0.01388888888888882,0.0097222222222223334,-0.031250000000000056,0.013888888888889006,0.031250000000000028,-0.01597222222222203,-0.013194444444444587,0.035416666666666582,-0.0083333333333331615,-0.013888888888888978,1.2065821038306726e-16,0.082638888888888942,-0.013888888888888687,-0.068749999999999908,0.013194444444444436,0.010416666666666517,0.0062500000000000611,-0.068750000000000019,0.3500000000000002,-0.012499999999999834,-0.00069444444444455267,0.08263888888888915,-0.068749999999999895,-0.015972222222222353,-0.031249999999999986,0.082638888888888665,-0.0354166666666667,0.013888888888889001,0.0083333333333333037,0.027777777777777748,-0.029861111111110943,5.5220151536396535e-17,0.029861111111111123,-0.013888888888888964,0.029166666666666754,-0.031249999999999962,0.031249999999999986,0.0062499999999998902,0.0097222222222221877,0.069444444444444614,-0.010416666666666706,-0.029861111111110956,-0.031249999999999896,-0.015972222222222228,-0.035416666666666666,0.037500000000000019,0.013194444444444561,1.9081958235744878e-16,-0.00069444444444430916,0.013194444444444486,8.4416388582405696e-17,0.056250000000000272,0.0083333333333332083,0.029166666666666643,-0.013888888888888777,0.013194444444444255,0.056250000000000189,-0.069444444444444559,0.0083333333333332118,-0.015972222222222079,-0.010416666666666663,0.00069444444444435914,-0.013194444444444542,-2.5768113875668542e-17,0.069444444444444559,0.029861111111111185,-0.010416666666666614,-0.0062499999999999145,-0.0062499999999999301,-9.5339987854573146e-17,-0.02986111111111121,-0.018055555555555439,-0.0083333333333332951,0.015972222222222249,-0.010416666666666727,0.013888888888888737,-0.031250000000000014,0.015972222222222388,-0.015972222222222235,0.0083333333333334234,0.02916666666666674
e058,0.21249999999999991,-1.8084587759074415e-16,-9.0572995738066066e-17,-0.21249999999999999,0.013888888888889072,0.0277777777777777,-0.010416666666666748,-0.031250000000000042,-0.015972222222222117,0.01805555555555554,-0.010416666666666897,0.0083333333333330262,-0.013888888888888964,0.082638888888888665,-1.6547910095201442e-16,-0.068749999999999589,-0.012500000000000207,-0.0006944444444442466,0.013194444444444642,-1.231653667943533e-16,-0.029861111111111227,-0.029166666666666469,0.069444444444444517,-0.010416666666666562,-0.0083333333333331892,-0.013888888888888846,0.035416666666666742,-0.01319444444444454,-0.056250000000000092,0.15000000000000002,-0.056249999999999994,-0.0375000000000002,0.012499999999999916,-0.013888888888888855,-0.012499999999999796,0.013888888888888831,0.029861111111110887,9.2392984861565673e-17,-0.029861111111111064,-2.9910670675913728e-18,0.031249999999999993,-0.0097222222222220905,-0.006249999999999865,-0.013194444444444531,-0.010416666666666642,0.068749999999999936,0.013888888888888631,-0.082638888888889053,-2.3747514357681287e-17,0.01388888888888867,0.0083333333333330956,-0.035416666666666693,0.013194444444444377,-0.031250000000000076,0.015972222222222176,-0.013888888888888964,0.013888888888888692,-0.012499999999999834,0.35000000000000009,-0.068750000000000006,0.0083333333333332968,-0.00069444444444438798,0.029166666666666698,0.015972222222222197,-0.031250000000000028,-0.015972222222222256,9.4833267643875209e-17,0.015972222222222068,2.213839781742019e-17,-0.0083333333333331684,0.00069444444444447494,-0.0062499999999999301,-0.010416666666666628,-0.029861111111110943,0.06944444444444467,-0.018055555555555592,-0.015972222222222346,-0.010416666666666744,-0.006249999999999983,-0.013194444444444321,-0.010416666666666531,0.029861111111111061,0.029166666666666809,-0.069444444444444503,8.8470897274817162e-17,0.056249999999999856,0.037500000000000124,0.056250000000000085,0.0083333333333334269,-0.013888888888888933,-0.00069444444444456709,0.013194444444444352,-0.015972222222222113,7.6158373646983146e-17,0.0083333333333332656,0.013194444444444377,-0.035416666666666742,0.013194444444444288,0.0062499999999999735,-0.029861111111111099,-7.9073716029847797e-18,-0.010416666666666654,0.027777777777777801,-0.031250000000000153,-0.031250000000000042,0.0097222222222221877,0.029861111111111033,0.069444444444444503,0.013888888888888727,0.029166666666666698,0.031250000000000125,-0.02986111111111112,0.0083333333333334356,-0.013888888888889075,-0.068749999999999811,0.082638888888888734,-0.031249999999999851,-0.035416666666666624,0.082638888888888679,-0.015972222222222256
e059,0.068749999999999714,0.013888888888888992,-0.082638888888888748,1.1792231798731979e-16,-0.0062499999999999891,-0.010416666666666732,-0.013194444444444196,0.029861111111111241,0.031250000000000139,0.0083333333333334043,-0.029861111111111213,-0.0097222222222223265,0.029166666666666858,-0.031250000000000076,0.015972222222222124,-0.013888888888889062,0.013888888888889075,0.0083333333333331858,-0.035416666666666832,0.013194444444444562,0.031250000000000049,0.013888888888888867,-0.02916666666666639,-0.015972222222222353,-0.018055555555555682,0.010416666666666692,0.015972222222222218,-0.0083333333333334529,0.069444444444444628,-0.056250000000000001,-0.01319444444444447,-4.9417575227285417e-17,0.013888888888888984,0.0083333333333331858,0.013194444444444333,-0.035416666666666839,0.010416666666666782,0.013194444444444448,0.0062499999999999197,-0.029861111111111116,-0.015972222222222016,0.00833333333333325,0.013888888888888782,-0.01041666666666665,0.027777777777777839,0.21249999999999974,1.071529056881629e-16,2.8298039484993069e-16,-0.21250000000000008,-0.012500000000000039,-0.0006944444444443148,0.013194444444444332,2.7582103268031233e-16,0.082638888888889039,-6.9067041638124394e-17,-0.068749999999999839,0.0083333333333334321,-0.00069444444444455267,-0.068750000000000006,0.34999999999999987,0.013888888888888749,-0.012500000000000098,0.015972222222222256,7.9631106150388682e-17,-0.015972222222222238,-0.031250000000000049,0.015972222222222224,0.029166666666666858,0.029861111111111387,0.02986111111111122,-0.0062500000000000932,-0.013194444444444432,0.018055555555555547,0.0083333333333333245,-0.010416666666666477,0.010416666666666845,-0.035416666666666805,0.069444444444444392,0.00069444444444455051,-0.0062500000000000186,0.01388888888888869,2.9616639023946946e-17,-0.069444444444444586,0.056250000000000119,-0.00069444444444440295,-0.14999999999999986,0.056249999999999939,0.037500000000000006,0.013194444444444444,-0.012499999999999897,1.9428902930940239e-16,0.056249999999999988,-0.010416666666666784,-0.037500000000000228,-0.013888888888889023,-0.012499999999999994,0.013888888888889067,1.2543446467407219e-16,-0.029861111111111113,-6.0486390615458204e-17,0.069444444444444531,0.029861111111111234,-0.031249999999999896,0.0097222222222223369,0.027777777777777759,-0.03125000000000016,-0.01041666666666668,-8.6756595233297231e-17,-0.031250000000000056,0.029861111111110936,0.013888888888888701,-0.029166666666666424,-0.015972222222222457,-0.031250000000000056,0.082638888888889026,-0.03541666666666668,0.013888888888888751,0.082638888888888942,-0.068749999999999895,0.0083333333333334789
e060,0.035416666666666777,-0.082638888888888845,0.015972222222222186,0.031249999999999899,0.031250000000000118,0.0083333333333331962,-0.0097222222222221148,-0.02986111111111096,-0.031249999999999944,-0.010416666666666807,0.013888888888888916,0.027777777777777828,4.4447699976755016e-18,1.240021233323306e-16,0.029861111111111172,-0.029861111111111116,0.015972222222222186,-0.031250000000000035,0.029166666666666653,-0.013888888888888673,8.2910213367357002e-17,-0.015972222222222256,-1.2463435285310851e-16,0.015972222222222256,0.027777777777777641,-0.031249999999999861,0.013888888888888779,-0.010416666666666657,0.015972222222222335,-0.008333333333333387,-0.018055555555555616,0.010416666666666624,-0.029861111111111185,0.0062500000000001235,0.013194444444444446,0.010416666666666711,-0.010416666666666654,-0.029861111111111283,-0.029166666666666716,0.06944444444444442,-0.013888888888889131,0.031250000000000167,0.21249999999999997,-1.3708440135779003e-17,-0.21249999999999991,-0.013194444444444522,4.8572257327350599e-17,0.012499999999999938,0.00069444444444434494,0.068750000000000033,0.013888888888889048,-0.082638888888888928,6.3640790551235555e-17,-0.018055555555555342,0.010416666666666751,-0.0083333333333334252,-0.035416666666666707,0.08263888888888915,0.0083333333333332968,0.013888888888888749,0.34999999999999987,-0.068749999999999908,-0.00069444444444451592,-0.012500000000000164,0.013194444444444292,-0.068749999999999825,-0.013888888888888951,-1.2489000436397377e-17,0.015972222222222075,0.013888888888888923,-0.029166666666666688,-0.015972222222222172,0.013888888888888675,-0.0062500000000000385,-0.0083333333333332794,0.068749999999999908,-0.029166666666666712,0.082638888888889026,0.01319444444444451,0.010416666666666857,-0.029861111111111269,-0.031249999999999764,0.029861111111111102,-0.0083333333333332898,-0.069444444444444572,-0.013888888888889013,0.0062499999999999899,-0.00069444444444435502,0.069444444444444475,-0.056249999999999925,1.1924092162366253e-16,0.035416666666666707,1.5088545596041858e-16,0.013194444444444479,-0.14999999999999991,0.05625000000000005,0.037500000000000096,-0.012499999999999959,0.013888888888888853,0.012500000000000105,-0.013194444444444278,0.00069444444444446518,-0.0083333333333336403,0.01388888888888885,-0.03749999999999995,-0.056250000000000099,-0.056250000000000112,3.9898639947466563e-17,0.010416666666666661,0.013194444444444444,0.013194444444444212,6.5409318778502468e-17,-0.069444444444444572,0.0083333333333333211,-0.0097222222222220177,0.031249999999999944,0.015972222222222165,0.029861111111111241,-0.0062499999999998529,0.035416666666666659
e061,-0.013194444444444474,0.035416666666666825,-0.0083333333333333662,-0.013888888888888782,0.013888888888888992,-0.015972222222222276,0.031249999999999983,-0.029166666666666573,0.0097222222222223577,0.029861111111111081,-0.0083333333333334408,-0.03124999999999999,-0.029861111111110922,0.01319444444444415,0.010416666666666317,0.0062500000000001036,2.5353023372852174e-16,0.08263888888888897,-0.013888888888889131,-0.068749999999999589,-0.013888888888888909,-0.031249999999999688,0.015972222222222113,0.029166666666666823,-0.010416666666666676,0.029861111111110922,-0.0062499999999999535,-0.013194444444444398,0.035416666666666749,-0.013194444444444283,-0.0083333333333331858,-0.013888888888888746,9.0229465468857284e-17,0.013194444444444273,0.056250000000000112,-0.069444444444444642,0.018055555555555623,0.0083333333333332812,-0.01597222222222227,-0.010416666666666699,-0.008333333333333269,0.015972222222222346,0.068749999999999936,-0.082638888888888901,3.0879013102614908e-17,-1.1449174941446927e-16,-0.013194444444444568,0.00069444444444435361,0.012499999999999862,0.21250000000000008,1.1146482590386236e-19,2.8039988826306217e-18,-0.21249999999999986,0.010416666666666631,-0.027777777777777918,-0.013888888888888942,0.082638888888888651,-0.068749999999999895,-0.00069444444444438798,-0.012500000000000098,-0.068749999999999908,0.35000000000000026,0.0083333333333332794,0.013888888888888958,-0.03541666666666668,0.082638888888888831,-0.031249999999999962,-0.015972222222222294,-0.031249999999999986,-0.029166666666666698,0.069444444444444614,-0.010416666666666789,-0.031249999999999827,0.029861111111111012,0.0097222222222221912,0.013888888888889006,-0.029861111111111144,-0.031250000000000076,1.2176192711660239e-16,0.029861111111111185,9.206290736255105e-17,0.027777777777777752,-0.010416666666666678,0.013888888888888807,0.056250000000000071,-0.012499999999999952,-0.00069444444444443482,1.1102230246251565e-16,7.4533684481336135e-17,-0.037500000000000047,0.037500000000000172,-0.013888888888888876,-0.069444444444444461,-0.012500000000000013,0.056250000000000001,-0.14999999999999991,0.056250000000000147,0.013194444444444691,-0.035416666666666576,0.013888888888888866,-0.0062499999999999587,-0.0062500000000000906,0.029861111111111099,-0.010416666666666765,1.4050563643612195e-16,0.069444444444444337,-0.013194444444444235,0.00069444444444431057,0.015972222222222145,0.0083333333333332517,0.010416666666666574,0.029861111111111401,0.029166666666666698,0.018055555555555405,0.0083333333333333003,-0.015972222222222127,1.3835942986823811e-16,-0.031249999999999944,0.013888888888888973,0.015972222222222363
e062,0.031250000000000083,-0.013888888888888701,-0.027777777777777922,0.010416666666666434,1.3959450019764101e-16,2.0259390557797974e-16,0.015972222222222204,-0.015972222222222363,0.010416666666666768,0.029166666666666556,-0.06944444444444435,0.029861111111111172,-0.010416666666666598,-0.006250000000000009,-0.013194444444444196,0.029861111111111026,-0.015972222222222381,-0.010416666666666689,0.0083333333333334494,0.018055555555555786,-0.0083333333333332239,0.0097222222222221183,-0.031249999999999944,0.02986111111111096,-0.015972222222222318,-0.035416666666666805,0.082638888888888637,-0.03125000000000009,-0.015972222222222058,-0.029166666666666695,0.013888888888888853,0.031250000000000049,0.029861111111111178,2.7669699542020096e-17,-0.02986111111111104,-8.4511200961604628e-17,0.031249999999999813,-0.027777777777777676,0.010416666666666597,-0.013888888888888931,-0.013888888888888909,0.029166666666666598,0.013888888888888801,-0.035416666666666596,0.013194444444444346,0.013888888888888895,0.068750000000000103,6.4573549201910516e-17,-0.082638888888888734,-0.0062500000000000524,0.029861111111111276,-0.013194444444444441,-0.010416666666666501,-0.029861111111111116,0.0083333333333333939,0.031250000000000042,1.4704058629655349e-17,-0.015972222222222353,0.029166666666666698,0.015972222222222256,-0.00069444444444451592,0.0083333333333332794,0.35000000000000009,-0.068750000000000075,-0.21249999999999999,-0.012499999999999928,-0.01388888888888869,0.012500000000000087,-0.082638888888888845,-0.013194444444444337,-0.0083333333333334356,-0.013888888888888845,0.2124999999999998,0.068750000000000006,0.068750000000000103,7.4593109467002705e-17,-0.031249999999999948,-0.00069444444444452102,0.082638888888888679,1.1147142504737123e-16,-0.013888888888888964,0.0083333333333332985,0.018055555555555554,-0.010416666666666494,-0.0097222222222221842,0.029861111111111081,0.010416666666666522,-0.069444444444444448,0.015972222222222294,0.035416666666666693,0.031250000000000049,-0.0062500000000000038,-0.0083333333333333627,0.013194444444444512,0.013194444444444479,0.0083333333333334841,0.013888888888888855,1.0340207925948036e-16,-0.013194444444444344,-0.056249999999999994,0.013888888888888833,-0.037500000000000019,-1.156397191063173e-16,0.037499999999999957,0.00069444444444442528,1.474514954580286e-16,0.012500000000000205,-0.056250000000000126,0.0062499999999999847,-0.15000000000000008,0.013194444444444403,-0.012499999999999976,-0.00069444444444447776,0.056250000000000029,-0.069444444444444503,-1.484750099075775e-17,0.069444444444444489,-0.013888888888888765,0.035416666666666756,-0.056249999999999946
e063,0.015972222222222124,-0.0083333333333334529,0.01041666666666698,-0.018055555555555634,-0.015972222222222308,0.08263888888888879,-0.031249999999999951,-0.035416666666666902,0.013194444444444222,-0.069444444444444559,0.056249999999999786,-1.8375002951032931e-16,0.013888888888888697,0.00069444444444432662,-0.0062500000000001816,-0.0083333333333335154,-0.029166666666666625,0.069444444444444475,-0.029861111111111373,-0.010416666666666701,0.00069444444444446399,-0.0083333333333333072,0.01388888888888901,-0.0062500000000000732,4.5816818765346948e-17,0.082638888888888762,-0.068749999999999881,-0.013888888888888909,0.0083333333333333801,-0.029861111111110887,0.031250000000000069,-0.0097222222222221842,0.029166666666666771,-0.069444444444444392,0.010416666666666852,0.029861111111111213,-0.082638888888888928,0.031249999999999986,0.015972222222222523,0.035416666666666638,-0.068749999999999964,-0.013888888888888909,-0.01249999999999981,0.013194444444444309,1.7347234759768071e-17,-5.0225596305530787e-17,0.21250000000000008,-0.21249999999999997,-1.2551575284093426e-17,0.013888888888888805,-0.031250000000000014,-0.010416666666666876,0.027777777777777849,-0.010416666666666718,0.018055555555555446,-0.015972222222222398,-0.01388888888888902,-0.031249999999999986,0.015972222222222197,7.9631106150388682e-17,-0.012500000000000164,0.013888888888888958,-0.068750000000000075,0.35000000000000003,-0.068749999999999936,-0.00069444444444450475,0.0062500000000000992,-0.013888888888888938,0.035416666666666687,0.035416666666666749,0.015972222222222297,0.031250000000000042,2.871519435409392e-18,0.013888888888888756,-0.082638888888889067,-0.013194444444444361,0.029861111111111116,0.0083333333333332933,-0.031250000000000062,0.015972222222222176,0.029166666666666854,-0.0097222222222222605,0.0083333333333332413,-0.029861111111111265,0.031249999999999979,1.1025338989438025e-16,-0.029861111111111088,-5.5507150650970604e-17,0.010416666666666928,-0.013888888888888977,-0.027777777777777714,0.029861111111111061,-0.013194444444444514,-1.1647668752236251e-16,-0.012500000000000075,-0.013888888888888873,0.012500000000000084,-0.037500000000000082,-0.0562499999999998,0.14999999999999988,-0.0083333333333333766,-0.056250000000000154,-0.01319444444444455,-2.1113197343146063e-16,5.0306980803327406e-17,0.00069444444444442257,-0.013194444444444568,-0.037500000000000207,0.013194444444444297,0.056250000000000015,0.0083333333333335206,-0.013888888888888822,0.0062500000000001313,0.013194444444444205,0.010416666666666498,-0.029861111111111258,-0.029166666666666681,0.010416666666666687,0.015972222222222259,0.069444444444444642
e064,0.03541666666666677,-0.013194444444444514,-0.013888888888889027,-0.0083333333333334078,-5.9588861343344992e-17,-0.068750000000000089,-0.01388888888888927,0.082638888888888734,0.0062500000000001946,0.010416666666666869,0.013194444444444226,-0.029861111111111095,-0.03124999999999982,-0.0083333333333335535,0.029861111111111047,0.0097222222222223438,0.013888888888888895,-0.029166666666666424,0.031250000000000215,-0.015972222222222197,-0.0062500000000002874,0.02986111111111122,-0.010416666666666751,-0.013194444444444528,0.015972222222222304,-0.031250000000000076,-0.013888888888889159,0.029166666666666598,0.018055555555555495,-0.010416666666666619,-0.015972222222222207,0.0083333333333334807,-0.06944444444444442,0.056250000000000078,0.013194444444444411,-7.6069024755797161e-17,0.035416666666666659,-0.013888888888888742,-0.0083333333333334824,-0.013194444444444359,0.082638888888888845,-0.031249999999999972,-0.013888888888888848,0.0083333333333333592,-0.00069444444444446193,-0.082638888888888776,0.068749999999999992,-4.3644407582831893e-17,0.01388888888888902,-0.0083333333333333801,0.0097222222222223958,0.029861111111111213,-0.031249999999999889,0.069444444444444475,-0.010416666666666697,-0.029166666666666636,-0.068749999999999922,0.082638888888888665,-0.031250000000000028,-0.015972222222222238,0.013194444444444292,-0.03541666666666668,-0.21249999999999999,-0.068749999999999936,0.34999999999999987,2.7755575615628914e-17,-0.0006944444444443676,-0.012499999999999985,0.015972222222222159,-0.01388888888888893,0.010416666666666508,-0.027777777777777797,-0.21250000000000011,-1.2081822685147842e-16,-7.0564901681741292e-17,0.012500000000000072,-0.0083333333333333766,-0.01388888888888889,-0.015972222222222346,-8.6247655792983023e-17,0.015972222222222308,0.031250000000000014,-0.015972222222222238,-0.029166666666666605,-0.029861111111111078,-0.029861111111111151,0.006249999999999911,0.013194444444444377,-0.018055555555555391,-0.0083333333333332205,0.01041666666666685,-0.010416666666666703,0.035416666666666638,-0.069444444444444572,-0.00069444444444446702,0.0062499999999999336,-0.013888888888888833,7.8734895930745384e-17,0.069444444444444434,-0.056250000000000071,0.00069444444444440511,0.14999999999999999,-0.056250000000000022,-0.03750000000000011,-0.013194444444444502,0.01249999999999999,1.0408340855860843e-17,-0.056250000000000064,0.010416666666666772,0.037499999999999943,0.013888888888888859,0.012499999999999938,-0.013888888888888966,-1.7542633407022476e-16,0.029861111111111109,-3.8553557891563701e-17,-0.029861111111111113,-0.027777777777777863,0.031250000000000042,3.5173457073606327e-17
e065,-0.082638888888888873,0.068749999999999728,2.6970276599945247e-16,0.013888888888888812,-0.013888888888889067,-0.00069444444444449087,0.008333333333333328,0.0062499999999999648,0.082638888888888679,-0.01597222222222227,-0.035416666666666471,-0.031250000000000257,-0.029861111111110991,0.069444444444444448,-0.010416666666666734,-0.029166666666666671,-0.0083333333333333367,0.0097222222222224132,0.02986111111111131,-0.031250000000000062,-0.082638888888889012,0.031249999999999903,0.015972222222222318,0.035416666666666756,-0.010416666666666536,-0.01597222222222228,0.0083333333333332829,0.018055555555555453,0.029166666666666629,0.029861111111111283,0.010416666666666885,-0.069444444444444364,0.0083333333333333332,-0.00069444444444428748,0.0062499999999999856,-0.013888888888888916,-0.013194444444444479,-1.1034356508548665e-16,0.069444444444444503,-0.056250000000000154,0.0062500000000001998,-0.029861111111111067,-1.8321125199065822e-16,-0.013888888888888923,-0.068750000000000103,0.035416666666666805,-0.013194444444444408,-0.013888888888888944,-0.0083333333333332864,0.013888888888889034,-0.029166666666666719,0.031250000000000042,-0.015972222222222113,-0.0083333333333333922,0.02986111111111113,0.0097222222222221495,0.013194444444444559,-0.0354166666666667,-0.015972222222222256,-0.031250000000000049,-0.068749999999999825,0.082638888888888831,-0.012499999999999928,-0.00069444444444450475,2.7755575615628914e-17,0.34999999999999964,-0.068750000000000006,-0.21250000000000024,0.031250000000000035,6.7937734571263036e-17,-0.015972222222222332,6.1418665886897471e-18,-0.012499999999999921,0.013888888888888848,-0.013888888888889049,0.21249999999999983,0.013888888888889034,1.1691238779911089e-16,0.010416666666666758,-0.027777777777777835,0.03125000000000009,0.01597222222222212,0.010416666666666628,-0.018055555555555568,0.010416666666666718,0.010416666666666654,0.013194444444444356,0.0062499999999998442,-0.029166666666666743,0.069444444444444531,-0.029861111111111293,0.015972222222222127,-0.013194444444444451,0.0083333333333332274,0.056250000000000057,0.013194444444444252,5.1173092716841111e-17,-0.013888888888888947,-0.0083333333333334633,-0.013194444444444625,-0.056250000000000043,1.7347234759768071e-17,-0.013194444444444297,0.012499999999999983,-0.056250000000000001,-0.037500000000000047,0.14999999999999983,0.00069444444444448144,-0.029861111111111088,-0.012499999999999928,-2.5820118028032404e-17,-0.03750000000000013,-1.4173600687040263e-16,-0.013888888888888789,0.03125,-0.027777777777777988,0.010416666666666682,8.9572075530856837e-17,0.029861111111110963,-0.013888888888888982
e066,-1.7560065602762515e-16,0.21250000000000047,-0.21249999999999997,1.2593149375788583e-16,-0.012500000000000145,-5.8980598183211441e-17,0.013194444444444488,-0.00069444444444436034,-0.068750000000000006,-1.768221599114423e-17,0.082638888888888706,-0.013888888888888867,0.0083333333333334217,-0.010416666666666654,0.01805555555555563,-0.015972222222222329,0.013888888888888912,-0.031250000000000021,-0.010416666666666855,0.027777777777777724,0.035416666666666728,-0.013888888888889081,-0.0083333333333335743,-0.013194444444444332,0.069444444444444281,-0.029166666666666837,-0.029861111111110977,-0.010416666666666725,0.029861111111111269,1.5604886734684445e-16,-0.02986111111111121,1.2293637121050311e-16,0.013888888888888899,-0.012500000000000022,-0.013888888888888977,0.012499999999999938,-0.056250000000000022,-0.037499999999999978,-0.056250000000000001,0.15000000000000002,0.013194444444444396,9.5242247259390531e-17,-0.015972222222222374,-0.031249999999999882,0.082638888888888817,0.015972222222222141,-0.0083333333333334442,0.010416666666666765,-0.018055555555555623,-0.029166666666666969,0.069444444444444503,-0.029861111111111154,-0.010416666666666595,0.00069444444444450183,-0.006250000000000101,-0.0083333333333333454,-0.012500000000000011,0.013888888888889001,9.4833267643875209e-17,0.015972222222222224,-0.013888888888888951,-0.031249999999999962,-0.01388888888888869,0.0062500000000000992,-0.0006944444444443676,-0.068750000000000006,0.35000000000000014,-0.068750000000000158,-0.0097222222222221356,-0.013888888888888923,-0.031249999999999771,0.015972222222222242,0.01319444444444441,-0.03541666666666668,0.008333333333333505,9.2941594658571013e-17,0.068749999999999881,-0.082638888888888817,0.015972222222222273,0.03125,-0.082638888888888984,0.035416666666666444,-0.013888888888888732,-0.0083333333333332968,-0.027777777777777648,0.029861111111111008,-4.4185454539331191e-17,-0.02986111111111114,0.013888888888888909,-0.029166666666666851,0.031249999999999903,-0.031249999999999778,-0.0062500000000000689,-0.0097222222222221426,-0.069444444444444448,0.010416666666666748,0.029861111111111033,0.031249999999999948,0.015972222222222322,0.035416666666666353,-0.037500000000000276,-0.013194444444444387,2.6020852139652106e-17,0.00069444444444440923,-0.013194444444444542,2.9314235101129778e-17,-0.056250000000000029,-0.0083333333333333766,-0.029166666666666865,0.013888888888888824,-0.013194444444444418,-0.056250000000000001,0.069444444444444545,-0.0083333333333333801,0.015972222222222179,0.010416666666666772,0.0131944444444443,-0.029861111111111012,0.010416666666666663,0.0062500000000000246
e067,0.013888888888888812,0.068749999999999908,3.486357585034156e-16,-0.082638888888888831,0.013888888888888958,0.013194444444444495,-0.035416666666666839,0.0083333333333334147,-0.013888888888888812,0.015972222222222034,-0.031249999999999806,0.02916666666666674,-0.009722222222221976,-0.029861111111111248,0.0083333333333333419,0.031250000000000291,-0.0062500000000001478,0.029861111111111335,-0.013194444444444483,-0.010416666666666699,0.015972222222222325,0.010416666666666581,-0.018055555555555484,-0.0083333333333332343,-0.029166666666666525,0.013888888888888964,0.031249999999999986,-0.015972222222222294,0.010416666666666737,-0.029861111111111199,0.0062499999999999041,0.013194444444444569,-0.035416666666666652,0.013194444444444457,0.0083333333333333939,0.013888888888889011,0.069444444444444517,9.2478559418918834e-17,-0.013194444444444261,-0.056250000000000064,0.010416666666666716,0.029861111111111054,-7.7268928847366949e-17,0.015972222222222238,-2.6091972791161409e-17,0.031249999999999931,-0.013888888888888888,-0.027777777777777849,0.010416666666666604,-0.015972222222222211,-0.010416666666666694,0.0083333333333332309,0.018055555555555589,-0.0062499999999998833,-0.013194444444444437,0.029861111111111095,-0.00069444444444455636,0.0083333333333333037,0.015972222222222068,0.029166666666666858,-1.2489000436397377e-17,-0.015972222222222294,0.012500000000000087,-0.013888888888888938,-0.012499999999999985,-0.21250000000000024,-0.068750000000000158,0.34999999999999976,0.008333333333333302,-0.068749999999999867,0.082638888888889026,7.74871789057839e-17,2.0816681711721685e-17,0.013194444444444427,-0.00069444444444449326,-0.21249999999999983,-0.082638888888888859,0.068749999999999895,-0.0083333333333333801,-0.013888888888888987,0.03541666666666661,-0.082638888888888873,0.031249999999999969,0.015972222222222318,0.031249999999999972,0.029166666666666688,-0.069444444444444295,0.010416666666666624,0.03124999999999992,-0.029861111111111161,-0.0097222222222224167,-0.013888888888888826,0.029861111111111061,0.031249999999999962,-1.7342318674018163e-16,-0.029861111111111324,7.7065787393800535e-18,-0.027777777777777742,0.010416666666666616,-0.013888888888888947,-0.056250000000000092,0.012500000000000016,0.00069444444444454075,-6.591949208711867e-17,-1.7163576148704147e-17,0.0375000000000002,-0.037500000000000151,0.013888888888888867,0.069444444444444364,0.012500000000000008,-0.056250000000000223,0.14999999999999994,-0.056250000000000203,-0.013194444444444512,0.035416666666666874,-0.013888888888889056,0.006249999999999996,-4.7205259638990642e-17,-0.069444444444444559,-0.00069444444444446984
e068,-3.5058972840654338e-18,0.029861111111111317,-0.029861111111111088,2.2938424329764252e-16,0.010416666666666732,0.029166666666666573,0.029861111111111005,-0.069444444444444642,0.0083333333333333141,-0.03541666666666677,0.013888888888888782,0.013194444444444625,0.056250000000000092,0.056249999999999994,-0.15000000000000011,0.037499999999999999,-0.013888888888888864,-0.012500000000000039,0.01250000000000008,0.013888888888888761,7.6346181791517114e-17,-0.082638888888888873,0.06874999999999977,0.013888888888889048,0.00069444444444445781,-4.5102810375396984e-17,-0.01319444444444449,0.012500000000000115,0.21250000000000019,-6.7350418384432167e-17,-0.21249999999999991,1.0391382734272502e-16,-0.013888888888888883,0.01041666666666663,-0.027777777777777936,0.031249999999999986,-0.0083333333333333176,0.015972222222222294,0.010416666666666657,-0.018055555555555505,-0.013888888888888987,0.0062499999999999839,0.013888888888888951,0.068749999999999978,-0.082638888888888859,0.029861111111110977,-0.031249999999999934,-0.0083333333333333974,0.0097222222222223577,-0.029166666666666733,-0.029861111111111095,0.069444444444444531,-0.010416666666666713,-0.015972222222222183,-0.035416666666666548,-0.031250000000000083,-0.031250000000000056,0.027777777777777748,2.213839781742019e-17,0.029861111111111387,0.015972222222222075,-0.031249999999999986,-0.082638888888888845,0.035416666666666687,0.015972222222222159,0.031250000000000035,-0.0097222222222221356,0.008333333333333302,0.34999999999999987,0.013194444444444415,-0.012499999999999904,-0.00069444444444442322,-0.013888888888889006,-1.627570879849216e-17,-0.068749999999999908,-0.035416666666666555,-0.031249999999999927,-0.013888888888888742,-0.013888888888888964,-0.068749999999999784,0.082638888888889067,0.0062500000000000394,0.013194444444444429,0.010416666666666772,-0.013888888888889048,0.015972222222222318,1.0561481980338431e-17,-0.015972222222222159,-0.015972222222222145,-0.029166666666666622,0.031250000000000021,-0.0083333333333332534,-4.6368067932010916e-18,0.018055555555555509,0.029861111111111185,0.010416666666666687,-0.069444444444444586,0.0083333333333333141,-0.00069444444444448285,0.0062499999999999179,0.015972222222222287,-0.029861111111111005,-0.029166666666666795,0.069444444444444628,0.013194444444444276,0.0062499999999999847,0.010416666666666737,0.010416666666666642,-2.0816681711721685e-17,-0.013194444444444483,0.013888888888888855,-0.0083333333333334286,0.00069444444444447895,-0.056250000000000008,-0.037500000000000214,-0.056249999999999974,-0.013194444444444502,-0.01319444444444449,-0.008333333333333524,-9.6984535707571892e-17
e069,0.031250000000000118,-0.082638888888888734,0.015972222222222103,0.035416666666666534,-0.010416666666666581,0.0083333333333334633,-0.015972222222222499,0.018055555555555471,0.029166666666666622,0.010416666666666588,0.02986111111111121,-0.069444444444444489,0.008333333333333243,0.0062499999999999769,-0.00069444444444447472,-0.013888888888888964,-0.013194444444444687,3.1687153720971235e-17,-0.056250000000000064,0.069444444444444559,-0.031249999999999986,0.029861111111110852,-0.0083333333333331806,0.0097222222222221148,0.013888888888889006,0.068749999999999895,-0.082638888888888803,-5.7583459180163457e-17,-0.013888888888889001,0.0083333333333332239,-0.00069444444444429214,0.006249999999999924,0.08263888888888897,-0.035416666666666631,-0.015972222222222134,-0.031249999999999792,-0.029166666666666584,-0.029861111111111026,-0.010416666666666756,0.069444444444444434,0.015972222222222134,-0.031249999999999882,0.015972222222222256,0.035416666666666631,-0.082638888888889095,-0.0097222222222223334,0.0083333333333333211,0.031250000000000069,-0.029861111111111158,-0.031250000000000042,0.027777777777777773,0.013888888888888852,-0.010416666666666751,0.029861111111111224,8.8472091313677164e-17,1.820198254522142e-16,0.0062499999999999865,-0.029861111111110943,-0.0083333333333331684,0.02986111111111122,0.013888888888888923,-0.029166666666666698,-0.013194444444444337,0.035416666666666749,-0.01388888888888893,6.7937734571263036e-17,-0.013888888888888923,-0.068749999999999867,0.013194444444444415,0.34999999999999987,-0.068749999999999881,-0.21249999999999997,-0.00069444444444445672,-0.0125000000000001,-1.0408340855860843e-17,-0.06874999999999995,0.031249999999999854,0.21249999999999988,0.01388888888888894,-0.012499999999999876,-0.013888888888888838,2.9468116118022721e-17,-0.015972222222222152,4.373179634967763e-17,0.013888888888888895,0.015972222222222381,0.010416666666666772,-0.018055555555555467,-0.027777777777777703,0.010416666666666604,0.031249999999999924,-1.526377232761804e-17,0.010416666666666673,0.015972222222222221,0.069444444444444545,-0.029166666666666799,-0.029861111111111276,0.010416666666666515,0.013194444444444363,0.0062500000000000949,-0.013194444444444474,-0.013888888888888893,-0.0083333333333331615,-0.013194444444444391,0.01319444444444438,0.056249999999999994,-5.8991619304681853e-17,0.0083333333333333592,-0.056250000000000078,0.0006944444444443985,-0.037499999999999964,-0.056250000000000161,0.15000000000000005,2.4286128663675299e-17,-0.013194444444444408,0.012499999999999949,-0.013888888888888923,-0.037500000000000117,6.2028362196801437e-18,-0.012500000000000185
e070,-0.013888888888888958,0.035416666666666742,-0.0083333333333331719,-0.013194444444444429,0.06944444444444435,-0.029861111111111165,-0.029166666666666605,-0.010416666666666758,0.029861111111111109,-0.029861111111111126,1.0837042632352393e-16,-1.1160709886120314e-16,0.013888888888888763,-0.013888888888888848,-0.012500000000000077,0.012499999999999961,-0.056249999999999967,-0.037500000000000214,0.15000000000000005,-0.056249999999999953,0.027777777777777828,-0.010416666666666772,0.013888888888888926,-0.031250000000000125,-2.5463944156549591e-18,0.21249999999999999,-3.2032435532281251e-17,-0.21249999999999994,-0.012500000000000094,0.013194444444444281,3.4694469519536142e-18,-0.00069444444444448101,-0.068749999999999742,0.082638888888888845,-5.1692792811959295e-17,-0.013888888888889006,-0.015972222222222224,0.0083333333333332413,0.018055555555555516,-0.010416666666666793,3.9328616108916947e-17,-0.015972222222222384,0.010416666666666803,-0.01388888888888893,0.031249999999999913,0.008333333333333328,0.01805555555555563,-0.015972222222222127,-0.010416666666666739,0.029861111111111043,-0.010416666666666527,-0.0062500000000000047,-0.013194444444444248,0.029166666666666653,-0.0694444444444446,0.029861111111111359,0.013194444444444547,5.5220151536396535e-17,0.00069444444444447494,-0.0062500000000000932,-0.029166666666666688,0.069444444444444614,-0.0083333333333334356,0.015972222222222297,0.010416666666666508,-0.015972222222222332,-0.031249999999999771,0.082638888888889026,-0.012499999999999904,-0.068749999999999881,0.35000000000000009,-0.068749999999999867,0.0062499999999999596,-0.013888888888888808,-0.00069444444444440121,-0.013888888888888701,-0.0097222222222222605,4.6691453734893287e-17,-0.035416666666666631,0.013194444444444434,0.0083333333333334356,-0.013888888888888992,-0.031250000000000056,0.015972222222222384,0.068749999999999784,0.035416666666666895,-0.013888888888888782,-0.0083333333333332916,0.031250000000000076,0.015972222222222197,-0.082638888888889012,-0.082638888888888831,-0.027777777777777717,-0.031250000000000146,-0.029166666666666539,0.013888888888889131,0.031250000000000139,0.029861111111111206,8.4507625196808519e-17,-0.029861111111111206,-0.0062500000000000801,0.03125000000000009,0.015972222222222096,0.035416666666666735,0.010416666666666709,-0.069444444444444586,0.02986111111111113,-0.0097222222222222709,-0.037500000000000068,-0.0083333333333334113,-3.5833461342903323e-17,-0.013194444444444392,-0.056250000000000112,-0.013194444444444424,1.214306433183765e-17,0.0006944444444444809,-0.0083333333333334807,-0.056250000000000085,-0.01319444444444437,0.013888888888888862
e071,0.010416666666666696,0.015972222222222297,-0.01805555555555553,-0.0083333333333332343,-0.029166666666666674,0.031250000000000035,0.013888888888888812,-0.015972222222222145,0.010416666666666761,0.0062499999999999127,-0.029861111111111126,0.013194444444444413,-0.035416666666666624,0.0083333333333332968,0.013194444444444514,0.013888888888888807,0.069444444444444198,1.2802510201257175e-16,-0.056250000000000029,-0.013194444444444177,-0.010416666666666765,-0.013194444444444522,-0.0062499999999997193,0.029861111111111085,-0.082638888888889012,0.068750000000000019,0.013888888888888867,-1.1096879218888488e-16,0.013888888888888873,-0.03541666666666686,0.013194444444444372,0.0083333333333331268,-0.013888888888888964,-0.031250000000000049,0.015972222222222228,0.029166666666666494,0.031250000000000014,-0.0097222222222220905,0.0083333333333332586,-0.029861111111111161,-0.01597222222222227,-0.035416666666666721,-0.018055555555555547,-0.0083333333333333662,0.0159722222222222,-0.029861111111111248,-0.010416666666666741,-0.029166666666666643,0.069444444444444517,-0.0083333333333333315,0.013888888888888914,0.00069444444444440913,-0.0062500000000000255,-0.069444444444444572,0.056249999999999994,-7.7965810203309445e-18,0.010416666666666781,0.029861111111111123,-0.0062499999999999301,-0.013194444444444432,-0.015972222222222172,-0.010416666666666789,-0.013888888888888845,0.031250000000000042,-0.027777777777777797,6.1418665886897471e-18,0.015972222222222242,7.74871789057839e-17,-0.00069444444444442322,-0.21249999999999997,-0.068749999999999867,0.35000000000000031,-0.013888888888888859,0.012500000000000046,-0.012499999999999969,5.5481200730428903e-17,0.0083333333333332829,-0.21249999999999997,0.013194444444444548,3.1225022567582528e-17,-0.00069444444444445943,-0.068749999999999978,0.082638888888888803,-1.8892598163498907e-16,-0.082638888888888706,-0.082638888888888942,0.031249999999999962,0.015972222222222256,-0.013888888888888949,-0.0083333333333334703,0.035416666666666555,0.06874999999999995,0.03124999999999999,-0.013888888888888951,-0.029861111111111026,0.031249999999999951,-0.0097222222222219899,0.029166666666666695,-0.069444444444444517,0.010416666666666687,0.029861111111110998,-0.027777777777777742,0.01041666666666669,-0.013888888888888916,-0.029861111111111165,1.6419437378382578e-17,6.2546157884789958e-17,0.031249999999999993,-0.056249999999999925,0.013888888888888819,0.037499999999999964,7.2947507148896931e-17,-0.037500000000000047,0.012500000000000094,0.00069444444444452199,-1.1449174941446927e-16,-0.013194444444444448,0.14999999999999999,-0.05624999999999989,0.01249999999999981
e072,-0.0083333333333332413,0.00069444444444423706,0.013888888888888843,-0.0062499999999998919,-2.6059645363632002e-17,-0.068750000000000366,0.082638888888888568,-0.0138888888888892,0.0083333333333334078,0.031250000000000062,-0.029861111111111172,-0.009722222222222264,0.029166666666666709,0.010416666666666451,-0.069444444444444642,0.029861111111111317,-0.082638888888888762,0.031250000000000069,0.035416666666666763,0.015972222222222048,-0.010416666666666945,-0.029861111111111074,-0.029166666666666646,0.069444444444444586,-0.018055555555555339,-0.0083333333333332829,0.015972222222222207,0.010416666666666836,-0.015972222222222502,-0.031250000000000097,0.082638888888888845,-0.035416666666666707,0.013194444444444337,0.056250000000000265,-0.069444444444444642,1.0314419526513306e-16,-0.0083333333333333818,0.013888888888889023,-0.0062500000000000038,0.00069444444444448155,-0.015972222222222384,-0.010416666666666493,-0.027777777777777721,0.031250000000000076,-0.013888888888888958,0.0159722222222222,3.0078544855961299e-17,5.9813672893934712e-17,-0.01597222222222227,0.010416666666666709,0.029861111111111067,-0.069444444444444517,0.029166666666666629,-0.013194444444444385,-0.0062500000000000385,-0.01041666666666673,-0.068749999999999992,-0.013888888888888964,-0.010416666666666628,0.018055555555555547,0.013888888888888675,-0.031249999999999827,0.2124999999999998,2.871519435409392e-18,-0.21250000000000011,-0.012499999999999921,0.01319444444444441,2.0816681711721685e-17,-0.013888888888889006,-0.00069444444444445672,0.0062499999999999596,-0.013888888888888859,0.35000000000000009,-0.068749999999999922,-0.068750000000000033,-0.012500000000000152,0.035416666666666735,-0.013194444444444451,0.013888888888889034,5.6127172920400068e-18,-0.082638888888888831,0.03541666666666668,0.015972222222222075,0.03125,0.029861111111111151,-0.0097222222222223785,0.0083333333333333696,-0.029861111111111185,0.015972222222222162,-0.031249999999999965,0.029166666666666768,0.0083333333333334425,0.031250000000000139,0.029861111111111106,-0.01388888888888882,0.010416666666666571,-0.027777777777777582,-3.1793246028882179e-17,-0.029861111111111116,3.4036966312031768e-17,-0.013194444444444448,-0.037500000000000012,-0.056249999999999918,0.15000000000000016,-0.013888888888888954,-0.012500000000000136,0.012499999999999966,1.3167908949480364e-17,-0.0083333333333332031,-0.037499999999999971,0.00069444444444444512,-8.5001450322863548e-17,-0.013194444444444495,-0.056249999999999994,-0.013194444444444526,6.5252023635194798e-17,0.01319444444444438,-0.013888888888889029,0.008333333333333276,0.056250000000000105
e073,0.0097222222222222328,-0.0083333333333333159,-0.031249999999999979,0.029861111111111213,-0.015972222222222155,0.082638888888888928,-0.035416666666666825,-0.031250000000000215,-0.015972222222222259,0.013888888888888798,-0.029166666666666823,0.031250000000000097,0.029861111111110887,-0.029861111111111189,-2.0177862045089509e-16,6.0849281775827216e-17,0.031250000000000076,-0.027777777777777967,-0.013888888888889001,0.010416666666666767,0.018055555555555599,0.0083333333333334147,-0.015972222222222259,-0.01041666666666673,0.010416666666666517,-0.013888888888888866,0.031250000000000028,-0.027777777777777575,-1.0248686747387487e-16,0.01597222222222227,-2.6766950719670818e-16,-0.015972222222222297,0.01041666666666669,-0.069444444444444683,0.029166666666666653,0.02986111111111113,0.029861111111111019,-0.010416666666666654,-0.013194444444444408,-0.0062500000000001131,-0.02916666666666656,0.069444444444444337,0.010416666666666723,0.0159722222222222,-0.0083333333333333107,-0.031250000000000083,0.082638888888888984,-0.015972222222222145,-0.035416666666666777,0.013194444444444274,-3.4841957347238825e-17,0.056249999999999953,-0.069444444444444572,-0.0062499999999998728,0.0006944444444443405,0.013888888888888951,-0.013888888888888812,0.029166666666666754,-0.029861111111110943,0.0083333333333333245,-0.0062500000000000385,0.029861111111111012,0.068750000000000006,0.013888888888888756,-1.2081822685147842e-16,0.013888888888888848,-0.03541666666666668,0.013194444444444427,-1.627570879849216e-17,-0.0125000000000001,-0.013888888888888808,0.012500000000000046,-0.068749999999999922,0.34999999999999964,-0.21250000000000002,-0.00069444444444430678,-0.082638888888888845,1.1622647289044608e-16,0.068750000000000061,0.21249999999999994,0.068750000000000144,-0.013194444444444332,-0.0083333333333332898,-0.013888888888888694,-0.031250000000000083,0.008333333333333387,0.018055555555555582,-0.010416666666666741,1.2645314041216759e-16,0.082638888888889039,-0.013888888888888964,-0.00069444444444446377,-0.0097222222222222571,-0.0062500000000000611,0.035416666666666506,0.015972222222222131,0.031249999999999983,0.029861111111111165,0.010416666666666803,-0.069444444444444448,-0.0083333333333334182,6.2233989038017134e-17,-0.013194444444444391,-0.05624999999999996,0.0083333333333333211,0.013194444444444507,0.013888888888888973,0.013194444444444458,0.013888888888888749,-0.056250000000000022,-1.1796119636642288e-16,0.00069444444444459951,0.012499999999999976,-0.037500000000000006,1.1213595885137203e-16,0.037500000000000047,0.056249999999999967,-0.012499999999999964,0.013194444444444405,-0.15000000000000005
e074,0.029861111111111061,-0.0062499999999998529,-0.010416666666666439,-0.013194444444444233,0.015972222222222235,-0.013888888888888895,-0.031250000000000056,0.029166666666666636,0.018055555555555436,-0.01597222222222237,-0.010416666666666814,0.0083333333333330626,-0.069444444444444725,0.013194444444444503,0.056249999999999918,-1.4919149637395782e-16,0.035416666666666693,-0.013888888888888977,-0.013194444444444394,-0.0083333333333331268,-0.015972222222222276,0.031250000000000007,0.013888888888888992,-0.029166666666666553,-0.0083333333333332604,-0.013194444444444378,0.035416666666666916,-0.013888888888888758,7.5381588290011374e-17,-0.013888888888888937,-0.068750000000000089,0.082638888888888845,0.0062500000000000446,0.01319444444444446,0.010416666666666626,-0.029861111111111178,0.0097222222222220524,-0.031250000000000021,0.029861111111111144,-0.0083333333333335535,0.031250000000000069,-0.029861111111111178,0.031250000000000021,-0.082638888888888748,0.035416666666666693,0.029166666666666407,-0.013888888888888937,0.015972222222222276,-0.03124999999999982,-0.029861111111111213,1.6595499068060931e-17,-7.1598640320607043e-17,0.02986111111111104,-0.010416666666666633,0.013888888888888978,0.027777777777777821,0.082638888888888914,-0.031249999999999962,0.06944444444444467,-0.010416666666666477,-0.0083333333333332794,0.0097222222222221912,0.068750000000000103,-0.082638888888889067,-7.0564901681741292e-17,-0.013888888888889049,0.008333333333333505,-0.00069444444444449326,-0.068749999999999908,-1.0408340855860843e-17,-0.00069444444444440121,-0.012499999999999969,-0.068750000000000033,-0.21250000000000002,0.35000000000000014,0.013194444444444552,0.015972222222222325,0.012500000000000094,1.4156974518864186e-16,-0.21250000000000019,6.5611471328158799e-17,-0.013888888888888846,0.010416666666666578,-0.027777777777777669,-0.0083333333333332621,0.031250000000000097,-0.015972222222222159,-0.02916666666666666,2.6084814956161784e-17,-0.015972222222222252,0.015972222222222207,-0.01388888888888884,-0.029861111111111095,-0.010416666666666689,-0.0083333333333332725,-0.018055555555555571,0.010416666666666671,-0.029861111111111067,0.0062500000000000029,0.013194444444444463,0.035416666666666499,-6.4233068426609726e-17,0.069444444444444531,-0.056250000000000036,0.0062499999999998451,-0.00069444444444438451,-0.013888888888888911,-0.069444444444444461,0.00069444444444444263,-0.056250000000000001,0.012500000000000077,-0.01319444444444454,-7.6327832942979512e-17,0.15000000000000002,-0.056249999999999967,-0.037500000000000089,-1.0279320834631302e-16,0.012499999999999969,0.013888888888888834,0.037500000000000047
e075,-0.015972222222222183,7.6301739261521555e-17,1.3281055094455279e-16,0.015972222222222322,0.027777777777777693,0.013888888888888909,-0.031250000000000104,-0.01041666666666682,0.015972222222222311,-0.01805555555555572,-0.008333333333333446,0.01041666666666655,-0.029861111111111047,0.013194444444444203,0.006249999999999852,0.010416666666666765,-0.010416666666666685,-0.029861111111111123,0.069444444444444406,-0.02916666666666665,-0.013888888888888881,0.029166666666666518,0.015972222222222016,-0.031249999999999827,0.031249999999999917,-0.08263888888888879,0.035416666666666735,0.015972222222222408,0.031249999999999951,-0.0097222222222224548,0.0083333333333332378,-0.029861111111111206,-0.031250000000000139,0.013888888888888907,-0.010416666666666501,0.027777777777777877,-0.029861111111111168,1.3362322500765526e-16,0.029861111111111255,-2.9426632486676547e-17,-0.0083333333333332864,0.0097222222222220489,-5.0174637962581034e-17,-0.082638888888888956,0.068749999999999936,0.0083333333333332378,-0.0006944444444444268,-0.013888888888888807,0.0062499999999999101,0.08263888888888879,-0.031250000000000028,-0.035416666666666742,-0.015972222222222256,-0.010416666666666519,0.069444444444444586,-0.02986111111111097,-0.013888888888888864,0.031249999999999986,-0.018055555555555592,0.010416666666666845,0.068749999999999908,0.013888888888889006,7.4593109467002705e-17,-0.013194444444444361,0.012500000000000072,0.21249999999999983,9.2941594658571013e-17,-0.21249999999999983,-0.035416666666666555,-0.06874999999999995,-0.013888888888888701,5.5481200730428903e-17,-0.012500000000000152,-0.00069444444444430678,0.013194444444444552,0.3500000000000002,0.015972222222222339,0.06874999999999995,-0.0062499999999999778,0.013888888888888869,-0.0083333333333332309,0.013888888888888895,-0.029166666666666632,-0.01597222222222211,-0.029166666666666619,-0.031250000000000028,0.029861111111111172,-0.0083333333333333315,0.010416666666666569,0.013194444444444254,-0.02986111111111122,0.082638888888889081,-0.069444444444444559,0.0354166666666667,-0.056250000000000105,0.069444444444444489,5.0490189531235429e-18,-0.01388888888888897,0.0062499999999999422,-0.00069444444444444187,3.3506805361175648e-17,-0.01249999999999999,0.013888888888888843,0.01250000000000006,0.056249999999999994,-0.14999999999999999,0.037499999999999943,0.01319444444444441,-0.013194444444444502,-1.5092094240998222e-16,-0.056249999999999967,-0.037499999999999971,-0.056249999999999994,0.00069444444444436175,-0.0083333333333332864,0.013888888888888833,0.0083333333333333124,-8.5425236877413135e-17,0.013194444444444398,0.013194444444444524
e076,-0.082638888888888831,1.5362244163629611e-16,0.068749999999999922,0.01388888888888884,0.00069444444444439731,-0.013194444444444483,5.2041704279304213e-18,0.012499999999999943,0.21249999999999983,-0.21250000000000019,2.4844977629862959e-16,2.8176256502858822e-16,-0.013888888888888772,-0.027777777777777728,0.010416666666666621,0.031249999999999799,-0.0083333333333334512,0.015972222222222335,-0.018055555555555672,0.010416666666666559,0.013888888888888899,0.012500000000000058,-0.013888888888889145,-0.012500000000000011,-3.5928439616580452e-17,0.029861111111111178,-1.1350898980606225e-16,-0.029861111111111165,0.010416666666666744,0.029861111111110977,0.029166666666666365,-0.069444444444444448,0.0083333333333334373,0.013888888888888888,-0.035416666666666652,0.013194444444444349,0.037499999999999999,0.05625000000000021,-0.15000000000000005,0.056249999999999981,-3.3165941862587374e-17,0.037499999999999929,0.010416666666666675,-0.0277777777777777,0.031250000000000097,0.031249999999999906,-0.0097222222222221946,-0.029861111111111057,0.0083333333333332083,-0.069444444444444572,0.056250000000000237,-5.4270170643066787e-17,0.013194444444444526,8.3266726846886741e-17,-0.0006944444444444023,0.013194444444444292,-0.013888888888888784,0.0062499999999998902,-0.015972222222222346,-0.035416666666666805,-0.029166666666666712,-0.029861111111111144,-0.031249999999999948,0.029861111111111116,-0.0083333333333333766,0.013888888888889034,0.068749999999999881,-0.082638888888888859,-0.031249999999999927,0.031249999999999854,-0.0097222222222222605,0.0083333333333332829,0.035416666666666735,-0.082638888888888845,0.015972222222222325,0.015972222222222339,0.35000000000000014,-0.035416666666666499,-3.2014792115233354e-17,-0.013888888888888978,-0.06874999999999995,0.013194444444444344,-0.012500000000000084,-0.00069444444444435307,-0.03125,0.006249999999999872,0.013194444444444276,0.010416666666666689,-0.068750000000000006,-0.013888888888888729,0.082638888888888984,-0.013888888888888853,-0.013888888888888803,-0.0083333333333332031,-0.029166666666666632,-0.015972222222222193,0.031250000000000104,0.015972222222222193,5.2497273584334249e-17,-0.015972222222222478,5.2472408945752126e-17,0.0083333333333333835,-0.00069444444444447461,0.0062499999999999362,0.010416666666666604,0.029861111111111102,-0.069444444444444559,0.018055555555555443,0.015972222222222297,0.010416666666666522,0.0062499999999998763,0.013194444444444483,0.010416666666666735,-0.02986111111111113,-0.029166666666666667,0.069444444444444503,-0.056250000000000161,-0.0083333333333331979,0.013888888888888753,-0.013194444444444498
e077,0.029166666666666528,-0.013888888888888951,0.015972222222222235,-0.031250000000000042,0.03125000000000009,0.035416666666666624,-0.082638888888888776,0.015972222222222204,0.031250000000000042,0.0083333333333333644,-0.0097222222222223716,-0.02986111111111097,-0.031249999999999827,-0.010416666666666794,0.013888888888888952,0.027777777777778047,-0.029861111111111255,4.5125355246289379e-17,-1.0402307947715415e-16,0.029861111111111248,-0.029166666666666795,0.069444444444444434,-0.010416666666666619,-0.029861111111110915,0.015972222222222103,-1.0748669265745693e-17,-0.015972222222222183,-6.0102551960127375e-17,0.027777777777777783,-0.031250000000000173,0.0138888888888889,-0.010416666666666588,0.015972222222222172,-0.0083333333333333488,-0.018055555555555484,0.01041666666666646,0.010416666666666574,-0.029861111111111022,0.0062500000000000533,0.013194444444444335,0.018055555555555675,0.0083333333333332413,0.015972222222222169,-0.031249999999999872,-0.013888888888888881,0.029861111111111081,-0.0062499999999999379,-0.010416666666666678,-0.013194444444444411,0.035416666666666707,-0.013888888888888803,-0.013194444444444413,-0.0083333333333331875,0.01319444444444433,0.056249999999999932,-1.0355051912117352e-16,-0.0083333333333331615,0.0097222222222221877,-0.010416666666666744,0.069444444444444392,0.082638888888889026,-0.031250000000000076,-0.00069444444444452102,0.0083333333333332933,-0.01388888888888889,1.1691238779911089e-16,-0.082638888888888817,0.068749999999999895,-0.013888888888888742,0.21249999999999988,4.6691453734893287e-17,-0.21249999999999997,-0.013194444444444451,1.1622647289044608e-16,0.012500000000000094,0.06874999999999995,-0.035416666666666499,0.34999999999999998,-0.00069444444444454205,-0.012500000000000065,0.013194444444444373,-0.068749999999999978,-0.013888888888888881,1.0755857368142665e-17,0.015972222222222492,0.013888888888888701,-0.029166666666666785,-0.01597222222222227,0.013888888888888767,-0.0062500000000001383,-0.0083333333333333835,0.068750000000000047,-0.029166666666666632,0.082638888888889067,0.013194444444444439,0.010416666666666706,-0.029861111111110956,-0.031249999999999913,0.02986111111111113,-0.0083333333333335136,-0.069444444444444559,-0.013888888888888862,0.0062499999999999969,-0.00069444444444444534,0.069444444444444572,-0.056249999999999946,2.6529693815719635e-17,0.035416666666666589,2.0055750509931285e-17,0.013194444444444431,-0.15000000000000005,0.056250000000000182,0.037500000000000068,-0.01249999999999998,0.013888888888888807,0.012499999999999935,0.00069444444444442311,-0.037500000000000006,-0.056249999999999939,-5.0306980803327406e-17
e078,0.0083333333333332985,0.018055555555555498,-0.015972222222222096,-0.010416666666666652,0.010416666666666703,0.031250000000000187,-0.01388888888888881,-0.027777777777777804,-3.1055370781231543e-17,-1.2866725630258885e-16,0.015972222222222363,-0.015972222222222332,0.010416666666666789,0.029166666666666612,-0.069444444444444309,0.029861111111111456,0.029861111111111102,-0.010416666666666644,-0.0062499999999998087,-0.013194444444444358,0.01041666666666669,-0.013888888888888964,0.031250000000000097,-0.027777777777777776,0.029861111111111144,-0.0083333333333334356,0.0097222222222222918,-0.031249999999999993,-0.015972222222222388,-0.035416666666666631,0.082638888888888637,-0.031250000000000222,-0.015972222222222363,-0.029166666666666764,0.013888888888888964,0.031250000000000173,-3.4775329702844292e-17,0.029861111111111185,-1.2635641764636464e-16,-0.029861111111111102,0.029861111111111033,8.2331963410532028e-17,0.06944444444444467,-0.029166666666666691,-0.029861111111111099,-0.01388888888888882,0.035416666666666652,-0.0083333333333334529,-0.013194444444444309,-0.056250000000000043,-0.037500000000000061,0.14999999999999999,-0.056250000000000036,-0.013888888888888713,-0.012499999999999928,0.012499999999999973,-0.029166666666666743,0.069444444444444614,-0.006249999999999983,0.00069444444444455051,0.01319444444444451,1.2176192711660239e-16,0.082638888888888679,-0.031250000000000062,-0.015972222222222346,0.010416666666666758,0.015972222222222273,-0.0083333333333333801,-0.013888888888888964,0.01388888888888894,-0.035416666666666631,0.013194444444444548,0.013888888888889034,0.068750000000000061,1.4156974518864186e-16,-0.0062499999999999778,-3.2014792115233354e-17,-0.00069444444444454205,0.34999999999999987,-0.068749999999999964,-0.21249999999999997,-0.012499999999999973,-0.01388888888888894,0.012499999999999938,-0.082638888888888928,-0.0131944444444445,-0.0083333333333332552,-0.013888888888888964,0.21249999999999991,0.06874999999999995,0.068749999999999895,-1.1102230246251565e-16,-0.031249999999999972,-0.00069444444444439525,0.082638888888888901,-1.4153465789677086e-16,-0.01388888888888877,0.0083333333333333835,0.018055555555555571,-0.010416666666666723,-0.0097222222222222918,0.02986111111111129,0.010416666666666709,-0.069444444444444475,0.015972222222222228,0.035416666666666784,0.031250000000000146,-0.0062500000000000654,-0.008333333333333505,0.013194444444444391,0.013194444444444408,0.008333333333333184,0.013888888888888935,1.8245103797849006e-17,-0.013194444444444408,-0.056250000000000008,-0.037500000000000103,0.00069444444444452839,-1.8735013540549517e-16,-0.056249999999999981
e079,-0.029861111111111061,-0.01041666666666672,-0.029166666666666532,0.069444444444444559,-0.018055555555555582,0.015972222222222183,-0.0083333333333332066,0.010416666666666744,-0.015972222222222006,0.082638888888888928,-0.031249999999999934,-0.035416666666666867,0.013194444444444382,-0.0694444444444446,0.05625000000000021,-5.5022545226290238e-17,-0.0083333333333331025,0.01388888888888893,0.00069444444444446344,-0.0062499999999997636,0.015972222222222256,0.035416666666666617,-0.082638888888888803,0.03125000000000025,-0.0062499999999998477,0.00069444444444430569,-0.00833333333333342,0.013888888888888774,2.9269272434826716e-17,0.082638888888888623,-0.068749999999999797,-0.013888888888888923,0.0083333333333332864,-0.029861111111111036,0.031250000000000014,-0.0097222222222224965,0.02986111111111121,0.029166666666666598,-0.069444444444444461,0.01041666666666663,0.010416666666666696,0.01319444444444446,-0.029166666666666771,0.0138888888888892,0.031250000000000125,0.010416666666666559,0.0159722222222222,-0.018055555555555748,-0.0083333333333333419,0.069444444444444475,-2.8121729746445865e-18,-0.056250000000000105,-0.013194444444444399,0.0083333333333331875,0.013194444444444552,0.013888888888889065,-0.015972222222222061,-0.010416666666666706,-0.013194444444444321,-0.0062500000000000186,0.010416666666666857,0.029861111111111185,1.1147142504737123e-16,0.015972222222222176,-8.6247655792983023e-17,-0.027777777777777835,0.03125,-0.013888888888888987,-0.068749999999999784,-0.012499999999999876,0.013194444444444434,3.1225022567582528e-17,5.6127172920400068e-18,0.21249999999999994,-0.21250000000000019,0.013888888888888869,-0.013888888888888978,-0.012500000000000065,-0.068749999999999964,0.34999999999999998,-0.068750000000000144,-0.00069444444444443764,0.006249999999999911,-0.01388888888888899,0.035416666666666756,0.03541666666666677,0.015972222222222221,0.031249999999999896,-8.1623830808380784e-17,0.013888888888888923,-0.082638888888888762,-0.013194444444444621,0.029861111111111262,0.0083333333333333003,-0.031250000000000097,0.015972222222222204,0.029166666666666688,-0.009722222222222153,0.0083333333333334061,-0.029861111111111081,0.031249999999999917,-9.1494444891845133e-17,-0.029861111111111109,-4.0046407977263428e-17,0.010416666666666761,-0.013888888888888956,-0.027777777777777925,0.029861111111111158,-0.013194444444444528,1.6225660703418315e-16,-0.012499999999999827,-0.013888888888888977,0.012499999999999848,-0.037500000000000172,-0.056249999999999911,0.1499999999999998,-0.056250000000000105,-2.8275992658421956e-16,0.00069444444444456601,-0.037500000000000047
e080,0.031250000000000056,-0.015972222222222068,0.013888888888888701,-0.029166666666666799,-0.0083333333333334043,0.035416666666666742,-0.013194444444444276,-0.013888888888888741,-9.7287402773744519e-17,-0.068750000000000006,-0.013888888888888909,0.082638888888888734,0.006250000000000016,0.010416666666666666,0.013194444444444656,-0.029861111111111237,0.0097222222222223195,-0.031249999999999979,-0.0083333333333333627,0.029861111111111123,-0.0083333333333334494,-0.013194444444444571,0.035416666666666582,-0.013888888888888725,-0.013194444444444531,-0.006250000000000029,0.02986111111111122,-0.010416666666666579,0.01597222222222229,-0.031249999999999861,-0.013888888888889062,0.029166666666666573,0.018055555555555613,-0.010416666666666576,-0.015972222222222058,0.0083333333333334321,1.7375811307428791e-16,-0.069444444444444531,0.056249999999999981,0.013194444444444394,-0.06944444444444467,0.056250000000000036,-0.029861111111111026,0.031250000000000118,-0.0097222222222220003,-0.027777777777777825,0.03124999999999999,0.010416666666666735,-0.013888888888888876,-9.1446749436693735e-17,0.037500000000000103,-0.037500000000000137,1.8593150922678995e-17,-0.00069444444444430526,-3.1225022567582528e-17,-0.012500000000000117,0.031250000000000007,-0.029861111111110956,-0.010416666666666531,0.01388888888888869,-0.029861111111111269,9.206290736255105e-17,-0.013888888888888964,0.029166666666666854,0.015972222222222308,0.03125000000000009,-0.082638888888888984,0.03541666666666661,0.082638888888889067,-0.013888888888888838,0.0083333333333334356,-0.00069444444444445943,-0.082638888888888831,0.068750000000000144,6.5611471328158799e-17,-0.0083333333333332309,-0.06874999999999995,0.013194444444444373,-0.21249999999999997,-0.068750000000000144,0.34999999999999964,-4.6837533851373792e-17,-0.00069444444444459734,-0.012500000000000219,0.015972222222222256,-0.013888888888888871,0.010416666666666588,-0.02777777777777778,-0.21249999999999997,6.0397894326982068e-18,6.2626529328388948e-17,0.012499999999999959,-0.0083333333333334807,-0.013888888888888992,-0.015972222222222401,-1.9530757930968196e-17,0.015972222222222183,0.031249999999999847,-0.015972222222222266,-0.029166666666666743,-0.029861111111111227,-0.029861111111111081,0.0062499999999999561,0.01319444444444438,-0.018055555555555651,-0.0083333333333333488,0.010416666666666654,-0.010416666666666661,0.035416666666666562,-0.069444444444444503,-0.00069444444444437909,0.0062499999999998659,-0.013888888888888881,-6.76541216349637e-17,0.069444444444444378,-0.056250000000000008,0.14999999999999997,-0.013194444444444443,0.012500000000000015,-0.056249999999999911
e081,0.02986111111111114,-0.031249999999999993,-0.0083333333333334182,0.0097222222222220975,0.01388888888888877,-0.082638888888888581,0.068749999999999978,-5.0284533681489635e-17,-0.013888888888888958,-0.00069444444444456503,0.0083333333333335917,0.006250000000000179,0.082638888888888817,-0.015972222222222252,-0.03541666666666652,-0.031249999999999924,-0.029166666666666629,-0.029861111111111206,0.069444444444444586,-0.010416666666666689,0.069444444444444503,-0.056249999999999911,-0.013194444444444457,4.7038203309374444e-17,0.035416666666666631,-0.082638888888889012,0.031249999999999993,0.015972222222222193,-0.010416666666666768,-0.015972222222222141,0.0083333333333334009,0.018055555555555623,0.029166666666666539,0.029861111111111033,0.010416666666666581,-0.069444444444444489,-0.01388888888888881,0.0083333333333332656,-0.00069444444444419359,0.006249999999999865,0.0083333333333333644,0.013194444444444394,0.010416666666666692,0.029861111111111158,0.029166666666666723,-8.1244598158534083e-17,0.029861111111111061,-0.029861111111111338,1.0727578898421237e-16,-0.013888888888888911,-0.012499999999999838,0.012500000000000016,0.013888888888888984,0.056249999999999981,-0.15000000000000002,0.037499999999999936,0.015972222222222145,-0.031249999999999896,0.029861111111111061,2.9616639023946946e-17,-0.031249999999999764,0.027777777777777752,0.0083333333333332985,-0.0097222222222222605,0.031250000000000014,0.01597222222222212,0.035416666666666444,-0.082638888888888873,0.0062500000000000394,2.9468116118022721e-17,-0.013888888888888992,-0.068749999999999978,0.03541666666666668,-0.013194444444444332,-0.013888888888888846,0.013888888888888895,0.013194444444444344,-0.068749999999999978,-0.012499999999999973,-0.00069444444444443764,-4.6837533851373792e-17,0.34999999999999992,-0.068750000000000089,-0.21250000000000013,0.031249999999999969,1.0308025001524773e-16,-0.015972222222222221,1.1644176240497051e-17,-0.012500000000000022,0.013888888888888859,-0.013888888888888831,0.21249999999999977,0.013888888888888756,-2.2837851416313459e-17,0.010416666666666808,-0.027777777777777589,0.031249999999999972,0.015972222222222183,0.010416666666666623,-0.018055555555555537,0.010416666666666692,0.010416666666666692,0.013194444444444394,0.006249999999999937,-0.029166666666666709,0.069444444444444531,-0.029861111111111269,0.015972222222222294,-0.013194444444444496,0.0083333333333333731,0.056250000000000071,0.013194444444444375,5.2138247000619446e-17,-0.013888888888888923,-0.0083333333333333211,-0.013194444444444413,-3.2959746043559335e-17,-0.056250000000000057,-0.037500000000000075,0.0006944444444444552
e082,-0.010416666666666713,0.027777777777777801,0.013888888888888984,-0.031249999999999986,1.223465855141723e-16,-2.4983793730088733e-16,0.21250000000000016,-0.21250000000000008,-0.01249999999999998,1.6826817716975029e-16,0.013194444444444441,-0.00069444444444432814,-0.068750000000000061,1.4838222639217813e-17,0.082638888888888928,-0.013888888888888909,-0.01597222222222229,0.0083333333333334078,-0.010416666666666574,0.01805555555555553,-0.056250000000000071,0.14999999999999994,-0.056250000000000203,-0.037499999999999839,-0.013194444444444372,0.035416666666666624,-0.013888888888888942,-0.0083333333333334494,0.069444444444444572,-0.029166666666666827,-0.029861111111111286,-0.010416666666666862,0.029861111111111241,-1.2415410510077669e-16,-0.029861111111111206,-1.3142205807158277e-16,0.012500000000000018,0.013888888888888952,-0.012500000000000094,-0.013888888888888866,-0.000694444444444535,1.4224732503009818e-16,0.013194444444444337,-3.633725581077899e-17,-0.0694444444444446,-0.029861111111111185,0.01041666666666656,0.0062500000000000845,0.013194444444444418,0.0062500000000000108,-0.00069444444444430602,-0.013888888888888933,0.0083333333333334009,0.037500000000000082,0.056249999999999981,0.056250000000000154,1.98342018473261e-16,-0.015972222222222228,0.029166666666666809,-0.069444444444444586,0.029861111111111102,-0.010416666666666678,0.018055555555555554,0.0083333333333332413,-0.015972222222222238,0.010416666666666628,-0.013888888888888732,0.031249999999999969,0.013194444444444429,-0.015972222222222152,-0.031250000000000056,0.082638888888888803,0.015972222222222075,-0.0083333333333332898,0.010416666666666578,-0.029166666666666632,-0.012500000000000084,-0.013888888888888881,-0.01388888888888894,0.006249999999999911,-0.00069444444444459734,-0.068750000000000089,0.34999999999999987,-0.068749999999999964,-0.0097222222222222363,-0.013888888888889103,-0.031249999999999962,0.015972222222222218,0.013194444444444351,-0.035416666666666541,0.0083333333333332239,4.5524087353850324e-17,0.068750000000000061,-0.082638888888888928,0.015972222222222342,0.031249999999999771,-0.082638888888888984,0.035416666666666492,-0.013888888888888767,-0.0083333333333334078,-0.027777777777777887,0.029861111111111078,6.3057351379105079e-17,-0.029861111111111012,0.01388888888888877,-0.029166666666666737,0.031250000000000042,-0.031250000000000097,-0.0062499999999998807,-0.009722222222222094,-0.069444444444444545,0.010416666666666709,0.029861111111110963,0.031249999999999913,0.0159722222222221,0.035416666666666659,-0.013194444444444658,-0.013194444444444566,5.995069702578385e-17,-0.0083333333333333315
e083,-0.013194444444444342,-0.010416666666666765,-0.0062499999999999665,0.029861111111111071,-0.082638888888889012,0.013888888888889159,0.068749999999999881,-6.6542230540722992e-17,0.013888888888888918,0.013194444444444403,-0.035416666666666388,0.0083333333333332829,-0.013888888888888867,0.015972222222222308,-0.031249999999999799,0.02916666666666666,0.031250000000000056,-0.0097222222222222328,-0.029861111111111109,0.0083333333333331511,-0.01319444444444442,-0.056250000000000265,0.069444444444444517,2.2848779689755916e-17,-0.0083333333333333454,0.015972222222222134,0.010416666666666793,-0.018055555555555592,-0.02916666666666675,0.013888888888888909,0.031250000000000083,-0.015972222222222009,0.010416666666666867,-0.02986111111111129,0.006250000000000035,0.013194444444444457,0.013888888888888951,-0.035416666666666666,0.013194444444444529,0.0083333333333333315,0.0062500000000000003,-0.00069444444444453251,0.0062499999999999813,-0.029861111111111019,0.010416666666666571,-7.5950208530922954e-17,-0.069444444444444656,0.013194444444444394,0.056250000000000112,-0.00069444444444454736,1.1622647289044608e-16,-0.012499999999999957,0.01319444444444458,0.056250000000000071,0.03749999999999995,-0.15000000000000016,-0.015972222222222516,-0.035416666666666666,-0.069444444444444503,0.056250000000000119,-0.0083333333333332898,0.013888888888888807,-0.010416666666666494,-0.029861111111111265,-0.029166666666666605,-0.018055555555555568,-0.0083333333333332968,0.015972222222222318,0.010416666666666772,4.373179634967763e-17,0.015972222222222384,-1.8892598163498907e-16,0.03125,-0.013888888888888694,-0.027777777777777669,-0.01597222222222211,-0.00069444444444435307,1.0755857368142665e-17,0.012499999999999938,-0.01388888888888899,-0.012500000000000219,-0.21250000000000013,-0.068749999999999964,0.34999999999999987,0.008333333333333099,-0.068749999999999936,0.082638888888888928,-1.5331184677676508e-16,-3.4694469519536142e-18,0.01319444444444451,-0.0006944444444444152,-0.21249999999999988,-0.082638888888888887,0.06874999999999995,-0.008333333333333354,-0.013888888888888978,0.035416666666666555,-0.082638888888888859,0.031250000000000146,0.015972222222222433,0.031249999999999965,0.029166666666666577,-0.06944444444444442,0.010416666666666595,0.031249999999999875,-0.029861111111111047,-0.0097222222222223369,-0.01388888888888884,0.029861111111110998,0.031250000000000097,5.7739838066659577e-17,-0.029861111111111071,-1.3427583668029803e-16,-0.027777777777777745,0.010416666666666612,-0.013888888888888886,0.012499999999999997,-3.5750124087964428e-17,0.037499999999999992,0.013888888888888853
e084,0.012499999999999917,0.013888888888889082,-0.013888888888888831,-0.012499999999999905,5.9497366884630918e-17,3.0101608585446504e-18,0.029861111111111071,-0.02986111111111138,0.010416666666666546,0.029166666666666532,0.029861111111111116,-0.06944444444444442,0.0083333333333333818,-0.035416666666666666,0.013888888888888956,0.013194444444444252,0.037499999999999832,0.056249999999999828,0.056250000000000071,-0.14999999999999983,0.01041666666666665,-0.018055555555555745,-0.0083333333333332291,0.015972222222221971,0.013888888888888645,1.6887451954844549e-16,-0.08263888888888897,0.068749999999999895,0.00069444444444462358,7.2858385991025898e-17,-0.013194444444444427,0.012499999999999754,0.21249999999999991,1.4790854422443962e-16,-0.21250000000000002,-5.3002886456660889e-17,0.031250000000000208,-0.013888888888888718,0.01041666666666648,-0.027777777777777846,0.015972222222222124,0.029166666666666646,-0.013194444444444346,-0.0062499999999998798,0.029861111111111074,-0.013194444444444514,-0.0083333333333333488,0.035416666666666839,-0.013888888888888928,-3.4530597457597377e-17,-0.069444444444444572,0.013194444444444325,0.056249999999999981,-0.015972222222222096,-0.010416666666666529,0.0083333333333333974,1.6329325096515346e-16,0.037500000000000019,8.8470897274817162e-17,-0.00069444444444440295,-0.069444444444444572,0.056250000000000071,-0.0097222222222221842,0.031249999999999979,-0.029861111111111078,0.010416666666666718,-0.027777777777777648,0.031249999999999972,-0.013888888888889048,0.013888888888888895,0.068749999999999784,-0.082638888888888706,0.029861111111111151,-0.031250000000000083,-0.0083333333333332621,-0.029166666666666619,-0.03125,0.015972222222222492,-0.082638888888888928,0.035416666666666756,0.015972222222222256,0.031249999999999969,-0.0097222222222222363,0.008333333333333099,0.35000000000000003,0.013194444444444399,-0.012500000000000039,-0.00069444444444432022,-0.013888888888888909,1.5777436247032015e-16,-0.068750000000000158,-0.035416666666666777,-0.031250000000000021,-0.013888888888888694,-0.013888888888888784,-0.06875000000000013,0.08263888888888897,0.0062499999999997774,0.013194444444444545,0.0104166666666663,-0.013888888888888888,0.015972222222222245,-1.4450881702568648e-16,-0.015972222222222283,-0.015972222222222287,-0.02916666666666658,0.031250000000000153,-0.0083333333333334182,1.003383221938708e-16,0.018055555555555495,0.029861111111111033,0.01041666666666646,-0.06944444444444442,0.0083333333333331441,-0.0006944444444443779,0.0062500000000001573,-0.029861111111111258,0.01319444444444445,0.0062499999999999804,0.010416666666666706
e085,-0.056249999999999876,0.069444444444444572,-0.013194444444444443,7.2436960605469879e-18,0.035416666666666735,0.031250000000000326,-0.082638888888888803,0.015972222222222495,-0.010416666666666628,0.0083333333333333245,-0.015972222222222256,0.018055555555555578,0.029166666666666664,0.010416666666666569,0.029861111111111317,-0.069444444444444323,-0.013888888888888982,0.008333333333333505,0.0062499999999998217,-0.00069444444444441129,-0.010416666666666696,0.069444444444444392,-0.029166666666666678,-0.029861111111111182,0.0097222222222222571,-0.031249999999999931,0.029861111111111088,-0.0083333333333331667,0.013888888888888881,0.068749999999999936,-0.082638888888888845,-1.6938201302660275e-16,-0.013888888888888997,0.0083333333333335778,-0.00069444444444456124,0.0062500000000001686,-0.031250000000000014,0.082638888888888803,-0.035416666666666624,-0.015972222222222304,-0.02986111111111129,0.0083333333333333939,-0.013888888888888907,0.031249999999999858,-0.02777777777777786,-0.037500000000000012,-7.242442980436976e-17,-4.1316911890525381e-17,0.037499999999999999,-0.012499999999999796,0.013194444444444611,-0.00069444444444435567,1.3704315460216776e-16,0.013194444444444437,1.0369317708513e-16,0.056250000000000022,0.0083333333333333176,0.013194444444444561,0.056249999999999856,-0.14999999999999986,-0.013888888888889013,-0.012499999999999952,0.029861111111111081,1.1025338989438025e-16,-0.029861111111111151,0.010416666666666654,0.029861111111111008,0.029166666666666688,0.015972222222222318,0.015972222222222381,0.035416666666666895,-0.082638888888888942,-0.0097222222222223785,0.008333333333333387,0.031250000000000097,-0.031250000000000028,0.006249999999999872,0.013888888888888701,-0.0131944444444445,0.03541666666666677,-0.013888888888888871,1.0308025001524773e-16,-0.013888888888889103,-0.068749999999999936,0.013194444444444399,0.34999999999999987,-0.068749999999999756,-0.21249999999999983,-0.00069444444444445922,-0.012499999999999987,9.8879238130678004e-17,-0.068749999999999784,0.031250000000000042,0.21249999999999994,0.013888888888888715,-0.012500000000000053,-0.013888888888888893,-9.1683359145034305e-17,-0.015972222222222412,1.6798600386441873e-16,0.013888888888888923,0.015972222222222499,0.010416666666666581,-0.018055555555555325,-0.027777777777777794,0.010416666666666703,0.031250000000000069,1.3372188473470648e-16,0.0104166666666666,0.015972222222222155,0.069444444444444448,-0.029166666666666601,-0.02986111111111122,0.010416666666666709,0.01319444444444415,0.0062499999999999752,-0.013888888888888864,0.013194444444444352,0.056249999999999967,0.0083333333333333662
e086,0.14999999999999977,-0.056250000000000265,-0.056249999999999967,-0.037499999999999888,-0.013194444444444457,-0.013888888888888978,0.03541666666666686,-0.0083333333333333089,0.069444444444444392,-0.029861111111111106,-0.029166666666666535,-0.010416666666666609,0.029861111111110991,-0.029861111111111133,1.1345108305637931e-16,6.2600549825918067e-17,0.01249999999999981,0.013888888888888918,-0.013888888888888982,-0.012499999999999779,0.018055555555555533,-0.010416666666666598,-0.015972222222222381,0.0083333333333333592,-0.031249999999999997,0.027777777777777755,-0.010416666666666751,0.013888888888888846,6.9726234661136146e-17,0.21250000000000011,-3.659363439988e-17,-0.21250000000000016,-0.012499999999999959,0.013194444444444477,-8.1532003370909933e-17,-0.00069444444444442051,-0.013888888888888826,-0.068750000000000117,0.08263888888888897,-6.023910971188557e-17,-0.029166666666666674,-0.015972222222222211,-0.0083333333333332933,0.015972222222222023,0.010416666666666647,-0.056249999999999911,-0.01319444444444445,0.069444444444444642,-6.4285435408888031e-17,0.013888888888888869,-0.035416666666666596,0.0083333333333334026,0.013194444444444444,0.0062500000000000732,-0.029861111111111234,0.013194444444444335,-0.00069444444444439926,1.9081958235744878e-16,0.037500000000000124,0.056249999999999939,0.0062499999999999899,-0.00069444444444443482,0.010416666666666522,-0.029861111111111088,0.006249999999999911,0.013194444444444356,-4.4185454539331191e-17,-0.069444444444444295,1.0561481980338431e-17,0.010416666666666772,-0.013888888888888782,0.031249999999999962,0.0083333333333333696,0.018055555555555582,-0.015972222222222159,0.029861111111111172,0.013194444444444276,-0.029166666666666785,-0.0083333333333332552,0.015972222222222221,0.010416666666666588,-0.015972222222222221,-0.031249999999999962,0.082638888888888928,-0.012500000000000039,-0.068749999999999756,0.34999999999999976,-0.068749999999999839,0.0062499999999998191,-0.013888888888888834,-0.00069444444444440739,-0.013888888888888881,-0.0097222222222221252,2.4487953674166989e-17,-0.035416666666666832,0.013194444444444458,0.0083333333333333176,-0.013888888888888867,-0.031250000000000062,0.015972222222222481,0.068749999999999964,0.03541666666666661,-0.013888888888888973,-0.0083333333333333141,0.031250000000000111,0.01597222222222211,-0.082638888888888901,-0.082638888888888706,-0.027777777777777748,-0.031249999999999951,-0.029166666666666754,0.013888888888888867,0.031249999999999917,0.029861111111111133,1.0168409580580899e-17,-0.029861111111111109,0.031249999999999965,0.010416666666666586,-0.069444444444444406,-0.0097222222222222363
e087,-0.056249999999999946,-0.013194444444444328,0.069444444444444448,-2.5577908612829413e-17,-0.0083333333333335709,0.010416666666667008,0.015972222222222068,-0.018055555555555412,-0.029166666666666542,0.031249999999999958,0.013888888888888978,-0.015972222222222214,0.010416666666666633,0.0062499999999998668,-0.029861111111111161,0.013194444444444378,0.013888888888889048,-0.035416666666666666,0.0083333333333333835,0.013194444444444663,0.0083333333333334425,-0.029861111111111296,0.031250000000000076,-0.0097222222222222154,0.029861111111111081,-0.010416666666666649,-0.013194444444444429,-0.0062499999999998997,-0.082638888888888803,0.068750000000000019,0.013888888888888923,-2.0300730002467272e-16,0.013888888888888838,-0.03541666666666661,0.013194444444444477,0.0083333333333333939,0.029166666666666712,-0.01388888888888902,-0.031249999999999931,0.015972222222222089,0.069444444444444392,-0.01041666666666682,-0.013194444444444385,0.035416666666666471,-0.013888888888888944,0.14999999999999997,-0.056250000000000092,-0.056250000000000036,-0.037499999999999929,0.012500000000000174,0.013888888888888987,-0.013888888888888761,-0.012499999999999831,-0.029861111111111172,5.2350194648762916e-17,1.0104944169726564e-16,0.0062499999999999665,-0.00069444444444430916,0.056250000000000085,0.037500000000000006,-0.00069444444444435502,1.1102230246251565e-16,-0.069444444444444448,-5.5507150650970604e-17,0.013194444444444377,0.0062499999999998442,-0.02986111111111114,0.010416666666666624,-0.015972222222222159,-0.018055555555555467,-0.0083333333333332916,0.015972222222222256,-0.029861111111111185,-0.010416666666666741,-0.02916666666666666,-0.0083333333333333315,0.010416666666666689,-0.01597222222222227,-0.013888888888888964,0.031249999999999896,-0.02777777777777778,1.1644176240497051e-17,0.015972222222222218,-1.5331184677676508e-16,-0.00069444444444432022,-0.21249999999999983,-0.068749999999999839,0.34999999999999987,-0.013888888888888978,0.012500000000000098,-0.012500000000000039,-1.1075240900937769e-16,0.0083333333333334876,-0.21249999999999997,0.013194444444444399,5.377642775528102e-17,-0.00069444444444448209,-0.068750000000000144,0.082638888888888928,1.8654636339758251e-16,-0.082638888888888928,-0.08263888888888879,0.031249999999999962,0.015972222222222322,-0.013888888888888833,-0.0083333333333333835,0.035416666666666624,0.068750000000000144,0.031249999999999979,-0.013888888888889062,-0.02986111111111105,0.031249999999999875,-0.0097222222222221877,0.029166666666666625,-0.069444444444444753,0.01041666666666664,-0.027777777777777832,-0.029861111111111133,5.7818807509504025e-17,0.031249999999999986
e088,0.035416666666666721,0.01597222222222246,-0.082638888888889067,0.031250000000000111,-0.0062499999999999284,-0.0083333333333334512,0.00069444444444442593,0.013888888888888897,-3.6883953886874021e-17,-0.068749999999999922,0.082638888888888762,-0.013888888888888742,0.0083333333333331719,0.031250000000000076,-0.029861111111111113,-0.0097222222222223299,0.02986111111111122,0.029166666666666705,0.010416666666666493,-0.069444444444444642,-0.0062500000000001478,0.00069444444444440056,-0.0083333333333333714,0.013888888888888987,0.069444444444444517,-0.01041666666666665,-0.029861111111111019,-0.029166666666666462,-0.018055555555555526,-0.0083333333333332447,0.015972222222222283,0.010416666666666597,-0.015972222222222186,-0.031249999999999778,0.082638888888888901,-0.035416666666666728,9.8962535405439583e-17,0.013194444444444436,0.056250000000000085,-0.0694444444444446,0.013194444444444509,0.056250000000000008,0.01319444444444437,0.010416666666666755,-0.029861111111111043,-0.0138888888888889,0.008333333333333387,0.0062500000000000446,-0.00069444444444448838,0.056249999999999994,-0.15000000000000019,0.037499999999999992,0.056250000000000147,0.013194444444444188,-0.012499999999999997,-4.6837533851373792e-17,0.010416666666666647,0.013194444444444486,0.0083333333333334269,0.013194444444444444,0.069444444444444475,7.4533684481336135e-17,0.015972222222222294,0.010416666666666928,-0.018055555555555391,-0.029166666666666743,0.013888888888888909,0.03124999999999992,-0.015972222222222145,-0.027777777777777703,0.031250000000000076,-0.013888888888888949,0.015972222222222162,1.2645314041216759e-16,2.6084814956161784e-17,0.010416666666666569,-0.068750000000000006,0.013888888888888767,0.21249999999999991,-8.1623830808380784e-17,-0.21249999999999997,-0.012500000000000022,0.013194444444444351,-3.4694469519536142e-18,-0.013888888888888909,-0.00069444444444445922,0.0062499999999998191,-0.013888888888888978,0.35000000000000009,-0.068750000000000006,-0.068749999999999922,-0.0124999999999999,0.035416666666666513,-0.013194444444444425,0.013888888888889006,1.0701244146596958e-16,-0.08263888888888915,0.035416666666666548,0.015972222222222415,0.031249999999999861,0.029861111111111113,-0.0097222222222222154,0.008333333333333354,-0.029861111111111015,0.015972222222222054,-0.03124999999999999,0.029166666666666771,0.0083333333333332985,0.031249999999999976,0.029861111111111092,-0.013888888888888848,0.010416666666666675,-0.027777777777777627,-1.5929791678193411e-17,-0.029861111111111324,7.1210025308918865e-17,-0.03750000000000013,-0.013888888888888862,-0.012499999999999921,3.3755984678895131e-17
e089,-0.0138888888888889,0.010416666666666647,0.031250000000000208,-0.027777777777777735,0.029861111111111185,0.0097222222222219969,-0.0083333333333332985,-0.031249999999999965,-0.015972222222222242,0.08263888888888897,-0.035416666666666465,-0.031250000000000215,-0.015972222222222044,0.013888888888888631,-0.029166666666666886,0.031250000000000014,-1.7427461686342993e-16,0.029861111111111251,-0.029861111111111088,-2.430358580324294e-17,-0.01319444444444458,-0.0062500000000000723,0.029861111111111314,-0.01041666666666673,-0.010416666666666541,0.018055555555555582,0.0083333333333334998,-0.015972222222221898,0.010416666666666564,-0.013888888888888841,0.031250000000000042,-0.027777777777777839,-9.8462786431724542e-17,0.015972222222222346,7.0029249699386988e-17,-0.015972222222222155,0.029861111111110956,0.010416666666666585,-0.069444444444444461,0.029166666666666865,0.006250000000000022,0.01319444444444447,0.056250000000000189,-0.06944444444444442,-1.9533205108692087e-17,-0.012500000000000008,0.013194444444444352,-0.00069444444444428585,1.3877787807814457e-16,-0.14999999999999999,0.056250000000000022,0.056249999999999939,0.037499999999999881,0.0083333333333332552,-0.013888888888888931,-0.00069444444444451776,0.029861111111111154,8.4416388582405696e-17,-0.013888888888888933,-0.012499999999999897,-0.056249999999999925,-0.037500000000000047,0.035416666666666693,-0.013888888888888977,-0.0083333333333332205,0.069444444444444531,-0.029166666666666851,-0.029861111111111161,-0.029166666666666622,0.010416666666666604,0.015972222222222197,-0.0083333333333334703,-0.031249999999999965,0.082638888888889039,-0.015972222222222252,0.013194444444444254,-0.013888888888888729,-0.0062500000000001383,0.06874999999999995,0.013888888888888923,6.0397894326982068e-18,0.013888888888888859,-0.035416666666666541,0.01319444444444451,1.5777436247032015e-16,-0.012499999999999987,-0.013888888888888834,0.012500000000000098,-0.068750000000000006,0.35000000000000009,-0.21249999999999986,-0.0006944444444443097,-0.082638888888888873,-1.0061396160665481e-16,0.068749999999999992,0.21249999999999991,0.068750000000000117,-0.013194444444444356,-0.0083333333333333384,-0.013888888888888713,-0.031249999999999847,0.0083333333333332656,0.018055555555555363,-0.010416666666666876,1.2921742754933689e-17,0.08263888888888879,-0.013888888888888951,-0.00069444444444447374,-0.0097222222222221634,-0.0062500000000001365,0.035416666666666659,0.015972222222222384,0.031249999999999993,0.029861111111111033,0.010416666666666727,-0.069444444444444642,-4.8748236475596162e-17,0.0083333333333333263,0.013194444444444365,0.01319444444444446
e090,-0.013194444444444446,-0.008333333333333413,0.035416666666666964,-0.013888888888888883,-0.013194444444444415,0.029861111111110929,-0.0062499999999998199,-0.010416666666666708,0.015972222222222308,-0.013888888888888784,-0.031249999999999813,0.029166666666666348,0.018055555555555339,-0.015972222222222381,-0.010416666666666748,0.0083333333333335154,-4.5780297552813957e-17,-0.069444444444444545,0.013194444444444486,0.056250000000000119,0.029861111111111109,-0.0083333333333334442,0.0097222222222223403,-0.031250000000000139,-0.029166666666666514,-0.015972222222222464,0.031250000000000104,0.013888888888889131,-0.0083333333333334772,-0.013194444444444377,0.0354166666666667,-0.013888888888888853,-1.0497881775348154e-16,-0.013888888888888951,-0.06874999999999995,0.082638888888889012,-0.029861111111111231,0.0062499999999997861,0.013194444444444502,0.010416666666666692,0.010416666666666761,-0.069444444444444531,7.8063107970157957e-17,0.029861111111111123,-1.3147688189047258e-17,0.012500000000000053,0.013888888888888803,-0.013888888888888968,-0.012499999999999858,0.037500000000000117,0.056249999999999939,0.056249999999999974,-0.14999999999999994,-0.035416666666666839,0.01388888888888882,0.013194444444444481,-0.069444444444444656,0.056250000000000272,-0.00069444444444456709,1.9428902930940239e-16,1.1924092162366253e-16,0.037500000000000172,0.031250000000000049,-0.027777777777777714,0.01041666666666685,-0.029861111111111293,0.031249999999999903,-0.0097222222222224167,0.031250000000000021,0.031249999999999924,-0.082638888888889012,0.035416666666666555,0.029166666666666768,-0.013888888888888964,0.015972222222222207,-0.02986111111111122,0.082638888888888984,-0.0083333333333333835,0.068749999999999895,-0.082638888888888762,6.2626529328388948e-17,-0.013888888888888831,0.0083333333333332239,-0.0006944444444444152,-0.068750000000000158,9.8879238130678004e-17,-0.00069444444444440739,-0.012500000000000039,-0.068749999999999922,-0.21249999999999986,0.34999999999999981,0.013194444444444385,0.015972222222222172,0.012499999999999924,2.8456060953959735e-17,-0.21250000000000005,2.5887647569629123e-18,-0.013888888888888763,0.010416666666666428,-0.027777777777777572,-0.0083333333333331407,0.03125,-0.015972222222222415,-0.029166666666666907,-6.4332322893148322e-17,-0.015972222222222256,0.015972222222222162,-0.013888888888888735,-0.029861111111111015,-0.010416666666666744,-0.0083333333333332378,-0.018055555555555526,0.010416666666666687,-0.029861111111111099,0.0062500000000000663,0.013194444444444405,-7.3949697047911042e-17,0.0062500000000000082,-0.00069444444444449391,-0.069444444444444517
e091,0.06944444444444435,-0.029166666666666771,-0.01041666666666672,-0.029861111111111095,0.015972222222222318,-0.015972222222222426,-4.5270796580375932e-17,9.4149923564408529e-17,0.027777777777777946,0.013888888888888886,-0.031249999999999969,-0.010416666666666756,0.015972222222222384,-0.018055555555555547,-0.008333333333333472,0.010416666666666723,0.010416666666666644,-0.029861111111111113,0.01319444444444437,0.0062500000000000056,0.029861111111111168,-3.5711781275601467e-16,-0.029861111111111137,-1.2265839765310523e-16,-0.031250000000000125,-0.013888888888888853,0.029166666666666917,0.015972222222222169,0.031250000000000028,-0.082638888888888914,0.035416666666666714,0.015972222222222276,0.031250000000000354,-0.0097222222222223785,0.0083333333333334147,-0.029861111111111241,0.027777777777777964,-0.031249999999999938,0.013888888888888836,-0.010416666666666676,0.0104166666666668,-0.013888888888888928,0.0083333333333333766,-0.009722222222222212,0.031249999999999962,4.2384656842094329e-17,0.013194444444444429,-0.069444444444444475,0.056249999999999911,0.013194444444444455,-0.012500000000000004,5.2041704279304213e-17,-0.0006944444444443985,1.0175726349318286e-16,-0.037500000000000054,0.037500000000000241,0.01805555555555538,0.0083333333333332083,0.013194444444444352,0.056249999999999988,0.035416666666666707,-0.013888888888888876,-0.0062500000000000038,0.029861111111111061,-0.010416666666666703,0.015972222222222127,-0.031249999999999778,-0.013888888888888826,-0.0083333333333332534,-1.526377232761804e-17,-0.082638888888888831,0.06874999999999995,0.0083333333333334425,-0.00069444444444446377,-0.01388888888888884,0.082638888888889081,-0.013888888888888853,0.068750000000000047,-1.1102230246251565e-16,-0.013194444444444621,0.012499999999999959,0.21249999999999977,4.5524087353850324e-17,-0.21249999999999988,-0.035416666666666777,-0.068749999999999784,-0.013888888888888881,-1.1075240900937769e-16,-0.0124999999999999,-0.0006944444444443097,0.013194444444444385,0.34999999999999987,0.015972222222222273,0.068749999999999895,-0.0062500000000000715,0.013888888888888706,-0.0083333333333334356,0.013888888888889075,-0.029166666666666497,-0.01597222222222229,-0.029166666666666726,-0.031250000000000118,0.029861111111111296,-0.0083333333333333731,0.010416666666666593,0.013194444444444455,-0.029861111111110998,0.082638888888888859,-0.069444444444444559,0.035416666666666707,-0.056249999999999994,0.069444444444444572,1.6592238368286558e-17,-0.013888888888888933,0.0062500000000000862,-0.00069444444444439102,-0.012500000000000101,0.056249999999999994,-0.14999999999999986,0.013194444444444476
e092,-0.01805555555555553,0.010416666666666765,-0.0083333333333333436,0.015972222222222211,0.013888888888888978,-0.082638888888888651,-1.7919067437740754e-17,0.068749999999999811,0.00069444444444408668,-0.013194444444444587,2.8796409701214998e-16,0.01249999999999999,0.21250000000000033,-0.21250000000000005,4.7252364267499999e-17,-9.6217211106637298e-17,0.03125,-0.013888888888888984,-0.027777777777777818,0.010416666666666545,-0.15000000000000002,0.056250000000000133,0.037500000000000006,0.056250000000000126,-0.012500000000000028,0.013888888888888782,0.012500000000000096,-0.01388888888888889,8.5120501027453143e-17,0.029861111111111314,4.4575592872073555e-17,-0.029861111111111106,0.010416666666666683,0.02986111111111113,0.029166666666666865,-0.069444444444444392,0.013194444444444458,0.0083333333333332274,0.013888888888888755,-0.035416666666666721,-2.9490299091605721e-17,0.00069444444444424433,-0.056249999999999849,-0.037500000000000019,-0.056249999999999842,-0.0083333333333335084,0.013888888888888801,0.00069444444444455842,-0.0062499999999999787,-0.013194444444444545,-0.0062499999999998598,-0.010416666666666644,0.029861111111111102,-1.267579402435656e-16,0.069444444444444559,-0.013194444444444389,0.015972222222222207,0.029166666666666643,-0.015972222222222113,-0.010416666666666784,1.5088545596041858e-16,-0.069444444444444461,-0.0083333333333333627,-0.013194444444444514,0.035416666666666638,-0.013194444444444451,-0.0062500000000000689,0.029861111111111061,-4.6368067932010916e-18,0.010416666666666673,-0.027777777777777717,0.03124999999999999,0.031250000000000139,-0.0097222222222222571,-0.029861111111111095,-0.069444444444444559,-0.013888888888888803,-0.029166666666666632,-0.031249999999999972,0.029861111111111262,-0.0083333333333334807,0.013888888888888756,0.068750000000000061,-0.082638888888888887,-0.031250000000000021,0.031250000000000042,-0.0097222222222221252,0.0083333333333334876,0.035416666666666513,-0.082638888888888873,0.015972222222222172,0.015972222222222273,0.34999999999999987,-0.035416666666666555,1.5424646067490673e-16,-0.013888888888889075,-0.068749999999999742,0.01319444444444434,-0.012499999999999843,-0.00069444444444449109,-0.031249999999999931,0.0062500000000001625,0.013194444444444394,0.010416666666666732,-0.068750000000000006,-0.013888888888888992,0.082638888888888873,-0.01388888888888898,-0.013888888888888952,-0.0083333333333334581,-0.029166666666666698,-0.01597222222222237,0.031250000000000021,0.015972222222222197,9.5902427491811744e-17,-0.015972222222222294,0.0083333333333332482,0.010416666666666831,0.029861111111111012,0.018055555555555516
e093,4.9819416429010053e-18,0.029861111111111151,-0.029861111111111036,-8.7762245230402738e-17,-0.031250000000000215,0.029166666666666955,-0.013888888888889034,0.015972222222222113,0.031249999999999903,0.035416666666666763,-0.082638888888888831,0.015972222222222183,0.031249999999999955,0.0083333333333333662,-0.0097222222222221356,-0.029861111111111293,0.027777777777778016,-0.031250000000000035,-0.010416666666666439,0.013888888888889107,0.0062499999999999778,0.013194444444444358,0.010416666666666727,-0.029861111111111026,-0.02986111111111129,-0.029166666666666806,0.069444444444444489,-0.010416666666666727,0.015972222222222367,1.2719295751962473e-16,-0.015972222222222363,-6.7743834877250487e-17,0.027777777777777724,-0.031250000000000097,0.013888888888888888,-0.010416666666666956,0.010416666666666734,0.015972222222222141,-0.0083333333333332968,-0.01805555555555553,-0.013194444444444352,-0.006250000000000029,0.00069444444444445423,-0.008333333333333328,0.013888888888888935,-0.037500000000000096,-0.056250000000000022,-0.056249999999999981,0.15000000000000016,-1.7520707107365752e-16,0.00069444444444452611,-0.013194444444444455,0.012500000000000046,0.069444444444444448,-1.1582095447749776e-16,-0.056249999999999953,0.010416666666666789,-0.013888888888888777,7.6158373646983146e-17,-0.037500000000000228,0.013194444444444479,-0.012500000000000013,0.013194444444444512,-1.1647668752236251e-16,-0.069444444444444572,0.0083333333333332274,-0.0097222222222221426,0.031249999999999962,0.018055555555555509,0.015972222222222221,-0.031250000000000146,-0.013888888888888951,0.029861111111111106,-0.0062500000000000611,-0.010416666666666689,0.0354166666666667,-0.0083333333333332031,0.082638888888889067,-0.00069444444444439525,0.0083333333333333003,-0.013888888888888992,-2.2837851416313459e-17,-0.082638888888888928,0.06874999999999995,-0.013888888888888694,0.21249999999999994,2.4487953674166989e-17,-0.21249999999999997,-0.013194444444444425,-1.0061396160665481e-16,0.012499999999999924,0.068749999999999895,-0.035416666666666555,0.34999999999999992,-0.00069444444444443168,-0.012499999999999914,0.013194444444444344,-0.068749999999999992,-0.01388888888888877,3.6385804954250593e-17,0.015972222222222124,0.013888888888888812,-0.029166666666666688,-0.015972222222222405,0.013888888888888675,-0.0062500000000000012,-0.0083333333333333107,0.068750000000000019,-0.029166666666666678,0.082638888888888831,0.013194444444444486,0.010416666666666678,-0.029861111111111244,-0.031249999999999938,0.029861111111111123,-0.0083333333333332656,-0.013888888888888923,0.069444444444444461,-0.056249999999999925,0.035416666666666624
e094,-0.0062500000000000949,-0.013194444444444382,0.029861111111111283,-0.010416666666666666,-0.010416666666666501,0.0083333333333329082,0.018055555555555488,-0.0159722222222222,0.010416666666666609,0.031250000000000139,-0.013888888888888676,-0.027777777777777721,-8.4599905903468246e-17,-5.1006101353211629e-17,0.015972222222222186,-0.015972222222222394,0.029861111111111026,0.01041666666666672,0.029166666666666612,-0.069444444444444503,5.6483886128505829e-17,-0.029861111111111199,1.0587633485573804e-16,0.029861111111111241,-0.027777777777777773,0.010416666666666848,-0.013888888888888886,0.031250000000000111,0.029861111111111248,-0.0083333333333332864,0.0097222222222221356,-0.031250000000000062,-0.015972222222222294,-0.035416666666666693,0.082638888888888901,-0.03125000000000018,0.031249999999999854,-0.015972222222222263,-0.029166666666666598,0.013888888888888978,0.013888888888888801,-0.010416666666666668,-0.037500000000000214,6.683670331804789e-17,0.037500000000000117,0.00069444444444437324,2.6020852139652106e-17,0.012499999999999963,-0.013194444444444384,-0.056249999999999904,0.069444444444444586,-0.013194444444444318,1.0345831968932134e-16,0.0097222222222222328,-0.031249999999999917,-0.0083333333333333627,0.0062500000000001478,0.013194444444444255,0.0083333333333332656,-0.013888888888889023,-0.14999999999999991,0.056250000000000001,0.013194444444444479,-0.012500000000000075,-0.00069444444444446702,0.056250000000000057,-0.069444444444444448,-1.7342318674018163e-16,0.029861111111111185,0.069444444444444545,-0.029166666666666539,-0.029861111111111026,-0.01388888888888882,0.035416666666666506,-0.0083333333333332725,-0.056250000000000105,-0.029166666666666632,0.013194444444444439,0.082638888888888901,-0.031250000000000097,-0.015972222222222401,0.010416666666666808,0.015972222222222342,-0.008333333333333354,-0.013888888888888784,0.013888888888888715,-0.035416666666666832,0.013194444444444399,0.013888888888889006,0.068749999999999992,2.8456060953959735e-17,-0.0062500000000000715,1.5424646067490673e-16,-0.00069444444444443168,0.34999999999999981,-0.068750000000000006,-0.2124999999999998,-0.012499999999999921,-0.013888888888888704,0.012499999999999987,-0.082638888888888901,-0.013194444444444387,-0.0083333333333332031,-0.013888888888888746,0.21249999999999988,0.068750000000000019,0.068749999999999936,6.0715321659188248e-17,-0.031249999999999896,-0.00069444444444432185,0.082638888888889053,-6.3245595305885201e-17,-0.013888888888888867,0.0083333333333333055,0.018055555555555568,-0.01041666666666664,0.029861111111111151,0.015972222222222197,0.0354166666666667,-0.0062500000000000359
e095,0.00069444444444449228,-0.0062500000000000264,-0.0083333333333333089,0.013888888888888925,0.069444444444444503,-0.029861111111110807,-0.010416666666666614,-0.029166666666666625,-0.018055555555555495,0.015972222222222339,-0.0083333333333333245,0.010416666666666678,-0.015972222222222519,0.082638888888889039,-0.031249999999999948,-0.035416666666666576,2.0364849560637412e-16,0.013194444444444366,-0.0694444444444446,0.056250000000000126,-0.069444444444444392,0.010416666666666678,0.02986111111111105,0.029166666666666671,0.031250000000000069,0.015972222222221902,0.035416666666666728,-0.082638888888888873,-0.0062499999999999648,0.00069444444444441238,-0.008333333333333354,0.013888888888888879,-6.8545214023889953e-17,0.082638888888888762,-0.068749999999999908,-0.013888888888888923,-0.0097222222222221669,0.0083333333333332742,-0.029861111111111047,0.031249999999999931,-0.0083333333333332985,0.029861111111111102,-0.05625000000000014,-0.013194444444444384,4.2179801881339928e-17,-1.5265566588595902e-16,0.00069444444444441314,-0.013194444444444639,0.012500000000000008,-0.037500000000000026,-6.1904496024549824e-17,-9.855619941362099e-17,0.037500000000000186,-0.031249999999999944,0.027777777777777873,0.013888888888888958,0.013194444444444252,0.056250000000000189,0.013194444444444377,-0.012499999999999994,0.05625000000000005,-0.14999999999999991,0.0083333333333334841,-0.013888888888888873,0.0062499999999999336,0.013194444444444252,0.010416666666666748,-0.029861111111111324,0.010416666666666687,-0.029166666666666799,0.013888888888889131,0.031249999999999951,0.010416666666666571,0.015972222222222131,-0.018055555555555571,0.069444444444444489,-0.015972222222222193,0.010416666666666706,-1.4153465789677086e-16,0.015972222222222204,-1.9530757930968196e-17,-0.027777777777777589,0.031249999999999771,-0.013888888888888978,-0.06875000000000013,-0.012500000000000053,0.013194444444444458,5.377642775528102e-17,1.0701244146596958e-16,0.21249999999999991,-0.21250000000000005,0.013888888888888706,-0.013888888888889075,-0.012499999999999914,-0.068750000000000006,0.35000000000000009,-0.068750000000000144,-0.00069444444444445499,0.006249999999999872,-0.01388888888888882,0.035416666666666735,0.035416666666666735,0.015972222222222086,0.031249999999999917,-1.0081173896172858e-16,0.013888888888888937,-0.082638888888889039,-0.013194444444444352,0.029861111111111088,0.0083333333333334546,-0.031249999999999979,0.015972222222222145,0.029166666666666709,-0.0097222222222222085,0.0083333333333333835,-0.029861111111111008,-2.9714766882597302e-17,0.010416666666666779,-0.013888888888888859,0.029861111111110995
e096,-0.0083333333333333003,0.02986111111111122,0.0097222222222223056,-0.031249999999999972,-0.029166666666666601,0.031249999999999487,-0.015972222222222086,0.013888888888889048,-0.0083333333333334252,0.035416666666666721,-0.0131944444444443,-0.0138888888888888,1.1207680438935527e-16,-0.068749999999999659,-0.013888888888888909,0.082638888888888831,-0.029861111111111147,0.006250000000000192,0.010416666666666699,0.013194444444444535,0.05625000000000005,0.013194444444444429,-1.3962255941787227e-16,-0.069444444444444323,-0.01388888888888876,-0.0083333333333331702,-0.013194444444444602,0.035416666666666909,-0.01319444444444459,-0.0062499999999997514,0.029861111111110953,-0.010416666666666767,0.015972222222222235,-0.031249999999999986,-0.013888888888888826,0.02916666666666648,0.0083333333333331303,0.018055555555555575,-0.010416666666666827,-0.015972222222222113,0.00069444444444432141,-0.0062499999999999709,0.15000000000000005,-0.056250000000000126,-0.037500000000000089,-0.013194444444444493,0.012500000000000011,2.7755575615628914e-17,0.00069444444444450519,-0.056249999999999939,-0.013194444444444394,0.069444444444444642,5.2947497955200541e-17,0.029861111111111147,-0.010416666666666694,-0.0062500000000000871,0.010416666666666829,-0.069444444444444559,-0.035416666666666742,0.013888888888889067,0.037500000000000096,0.056250000000000147,0.013888888888888855,0.012500000000000084,-0.013888888888888833,5.1173092716841111e-17,0.029861111111111033,7.7065787393800535e-18,-0.069444444444444586,-0.029861111111111276,0.031250000000000139,-0.0097222222222219899,-0.027777777777777582,0.031249999999999983,0.010416666666666671,5.0490189531235429e-18,0.031250000000000104,-0.029861111111110956,-0.01388888888888877,0.029166666666666688,0.015972222222222183,0.031249999999999972,-0.082638888888888984,0.035416666666666555,0.08263888888888897,-0.013888888888888893,0.0083333333333333176,-0.00069444444444448209,-0.08263888888888915,0.068750000000000117,2.5887647569629123e-18,-0.0083333333333334356,-0.068749999999999742,0.013194444444444344,-0.2124999999999998,-0.068750000000000144,0.35000000000000009,1.0928757898653885e-16,-0.00069444444444462987,-0.012499999999999917,0.015972222222222308,-0.013888888888888815,0.010416666666666817,-0.027777777777777676,-0.21250000000000002,-2.1344065221159418e-16,-1.6971366979160046e-16,0.012499999999999897,-0.0083333333333333245,-0.013888888888888796,-0.015972222222222443,-4.730617641949719e-17,0.015972222222222079,0.031250000000000111,-0.015972222222222582,-0.029166666666666705,-0.029861111111111165,-0.018055555555555575,-0.0083333333333333627,-0.010416666666666755
e097,0.069444444444444448,-0.010416666666666725,-0.029166666666666622,-0.029861111111111071,0.0097222222222222848,0.029861111111111123,-0.031250000000000153,-0.0083333333333335466,0.013888888888888909,-0.082638888888888901,0.068749999999999714,8.7897091595745842e-17,-0.013888888888888817,-0.00069444444444446832,0.0083333333333333835,0.0062499999999999604,-0.031249999999999983,0.082638888888889012,-0.015972222222222075,-0.035416666666666277,-0.00069444444444438289,0.006249999999999715,-0.01388888888888893,0.0083333333333332413,-3.8433232298697353e-17,0.0694444444444446,-0.056250000000000189,-0.013194444444444403,0.035416666666666645,-0.082638888888888928,0.031250000000000014,0.015972222222222474,-0.01041666666666663,-0.015972222222222315,0.0083333333333333454,0.018055555555555564,-0.069444444444444808,0.029166666666666768,0.029861111111111123,0.010416666666666761,-0.056249999999999974,-0.013194444444444411,-6.2450045135165055e-17,-0.013194444444444509,0.012499999999999793,-0.056250000000000099,-0.037500000000000179,0.15000000000000002,-0.056249999999999981,0.00069444444444442138,-0.0062500000000001148,-0.008333333333333439,0.013888888888889108,-0.010416666666666609,0.029861111111111352,-0.013194444444444432,-0.029861111111111227,0.0083333333333332118,0.013194444444444288,1.2543446467407219e-16,-0.012499999999999959,0.013194444444444691,1.0340207925948036e-16,-0.037500000000000082,7.8734895930745384e-17,-0.013888888888888947,0.031249999999999948,-0.027777777777777742,0.0083333333333333141,0.010416666666666515,0.029861111111111206,0.029166666666666695,-3.1793246028882179e-17,0.029861111111111165,-0.029861111111111067,-0.01388888888888897,0.015972222222222193,-0.031249999999999913,0.0083333333333333835,-0.009722222222222153,0.031249999999999847,0.015972222222222183,0.035416666666666492,-0.082638888888888859,0.0062499999999997774,-9.1683359145034305e-17,-0.013888888888888867,-0.068750000000000144,0.035416666666666548,-0.013194444444444356,-0.013888888888888763,0.013888888888889075,0.01319444444444434,-0.068749999999999992,-0.012499999999999921,-0.00069444444444445499,1.0928757898653885e-16,0.35000000000000009,-0.068749999999999895,-0.21249999999999997,0.031250000000000069,6.6705898089808091e-17,-0.015972222222222256,1.7215838972835521e-17,-0.012500000000000035,0.013888888888888788,-0.013888888888888959,0.21249999999999986,0.013888888888888923,-1.1312121392084132e-16,0.010416666666666437,-0.027777777777777669,0.031249999999999944,0.015972222222222211,0.010416666666666654,-0.018055555555555533,0.010416666666666703,-0.029166666666666535,0.069444444444444545,0.015972222222222367
e098,-0.010416666666666706,0.018055555555555391,-0.015972222222222141,0.0083333333333333141,-0.031249999999999972,-0.010416666666666932,0.027777777777777794,0.013888888888888841,1.4814220976730677e-18,1.968128817126532e-17,0.21250000000000011,-0.21249999999999974,-0.01249999999999999,1.8908485888147197e-16,0.013194444444444524,-0.00069444444444432543,-0.013888888888888992,-0.068749999999999797,1.9706253423696105e-17,0.082638888888889248,-0.012500000000000091,-0.013888888888888921,0.01249999999999982,0.013888888888888914,-0.037499999999999992,-0.056250000000000216,0.14999999999999988,-0.056249999999999876,-0.013194444444444488,0.035416666666666811,-0.013888888888888978,-0.0083333333333330956,0.069444444444444448,-0.029166666666666615,-0.029861111111111227,-0.010416666666666612,-1.2288703304258083e-16,0.029861111111111116,-1.1341412493647254e-16,-0.029861111111111088,-0.037499999999999929,6.1875585116051152e-17,-0.013194444444444601,-2.7755575615628914e-17,0.00069444444444444696,-0.013194444444444368,-3.6333478602989354e-17,-0.056249999999999946,0.069444444444444448,-0.0083333333333333384,0.029861111111111217,0.0097222222222223542,-0.031250000000000076,0.027777777777777821,-0.031250000000000007,-0.010416666666666626,-0.029166666666666771,-0.015972222222222079,0.0062499999999999735,-0.029861111111111113,0.013888888888888853,-0.035416666666666576,-0.013194444444444344,-0.0562499999999998,0.069444444444444434,-0.0083333333333334633,0.015972222222222322,0.010416666666666616,-0.00069444444444448285,0.013194444444444363,8.4507625196808519e-17,-0.069444444444444517,-0.029861111111111116,0.010416666666666803,0.0062500000000000029,0.0062499999999999422,5.2497273584334249e-17,0.02986111111111113,0.018055555555555571,0.0083333333333334061,-0.015972222222222266,0.010416666666666623,-0.013888888888888767,0.031250000000000146,0.013194444444444545,-0.015972222222222412,-0.031250000000000062,0.082638888888888928,0.015972222222222415,-0.0083333333333333384,0.010416666666666428,-0.029166666666666497,-0.012499999999999843,-0.01388888888888877,-0.013888888888888704,0.006249999999999872,-0.00069444444444462987,-0.068749999999999895,0.34999999999999992,-0.068749999999999992,-0.0097222222222223299,-0.013888888888888909,-0.031250000000000083,0.015972222222222016,0.013194444444444177,-0.035416666666666624,0.0083333333333334703,1.0155860203662809e-16,0.068749999999999992,-0.082638888888888956,0.015972222222222117,0.031250000000000021,-0.08263888888888879,0.03541666666666686,-0.013888888888888843,-0.0083333333333333384,0.029861111111111123,0.013888888888889048,-0.029166666666666664,-0.031250000000000083
e099,-0.029861111111111019,0.0083333333333332014,0.031249999999999938,-0.009722222222222042,0.029861111111111231,-0.013194444444444444,-0.010416666666666748,-0.0062500000000001964,-0.082638888888888734,0.013888888888888826,0.068750000000000033,1.3273212117490799e-16,0.013888888888888867,0.013194444444444415,-0.035416666666666562,0.0083333333333333696,0.029166666666666601,-0.01388888888888902,0.015972222222222561,-0.031249999999999868,0.0131944444444445,0.0083333333333332933,0.013888888888888841,-0.035416666666666763,2.6655742677853795e-17,-0.013194444444444439,-0.05624999999999996,0.069444444444444697,-0.0083333333333333939,0.015972222222222335,0.010416666666666772,-0.018055555555555526,-0.029166666666666528,0.013888888888888951,0.031250000000000305,-0.015972222222222183,0.013194444444444245,0.010416666666666685,-0.029861111111110873,0.00625000000000012,-0.056250000000000036,0.069444444444444586,0.012500000000000037,0.00069444444444434917,6.7654215563095477e-17,7.399540124559712e-18,0.037499999999999825,-0.037500000000000262,-4.9678606482428965e-18,0.013888888888888964,-0.010416666666666685,-0.031249999999999847,0.027777777777777603,-0.031249999999999924,0.009722222222222205,0.029861111111111262,0.069444444444444461,-0.010416666666666663,-0.029861111111111099,-6.0486390615458204e-17,0.012500000000000105,0.013888888888888866,-0.056249999999999994,0.14999999999999988,-0.056250000000000071,-0.013194444444444625,0.035416666666666353,-0.013888888888888947,0.0062499999999999179,0.0062500000000000949,-0.029861111111111206,0.010416666666666687,3.4036966312031768e-17,-0.069444444444444448,0.013194444444444463,-0.00069444444444444187,-0.015972222222222478,-0.0083333333333335136,-0.010416666666666723,-0.029861111111111081,-0.029166666666666743,-0.018055555555555537,-0.0083333333333334078,0.015972222222222433,0.0104166666666663,1.6798600386441873e-16,0.015972222222222481,1.8654636339758251e-16,0.031249999999999861,-0.013888888888888713,-0.027777777777777572,-0.01597222222222229,-0.00069444444444449109,3.6385804954250593e-17,0.012499999999999987,-0.01388888888888882,-0.012499999999999917,-0.21249999999999997,-0.068749999999999992,0.35000000000000014,0.0083333333333334217,-0.068749999999999908,0.082638888888888859,5.7742911898027277e-17,7.1123662515049091e-17,0.01319444444444447,-0.00069444444444444068,-0.21249999999999997,-0.082638888888888831,0.068750000000000144,-0.008333333333333354,-0.01388888888888886,0.035416666666666652,-0.08263888888888897,0.031250000000000042,0.015972222222222134,0.029166666666666789,0.031250000000000021,-0.029861111111111074,-0.013888888888888895
e100,0.056249999999999918,-0.14999999999999999,0.037500000000000117,0.056250000000000022,-0.012499999999999891,0.012499999999999713,0.01388888888888903,-0.013888888888888897,-4.6815518617031955e-17,2.9780956218785138e-17,0.029861111111111276,-0.029861111111111116,0.010416666666666761,0.029166666666666667,0.029861111111111061,-0.069444444444444753,0.013194444444444706,0.0083333333333333072,-0.035416666666666839,0.013888888888888876,0.010416666666666954,-0.027777777777777884,0.031250000000000056,-0.013888888888888765,0.015972222222222231,0.010416666666666735,-0.018055555555555589,-0.0083333333333333662,0.013888888888888923,-5.9076832107654168e-17,-0.082638888888889012,0.0687499999999997,0.00069444444444438007,3.9898639947466563e-17,-0.013194444444444429,0.012500000000000093,1.3550650525849761e-16,0.21249999999999986,-5.4970243705714072e-17,-0.21250000000000024,0.015972222222222048,-1.1881695903854541e-16,-0.029861111111111116,-0.029166666666666757,0.0694444444444446,0.013194444444444261,0.0062499999999999604,0.010416666666666753,-0.029861111111111199,0.010416666666666789,0.015972222222222415,-0.018055555555555464,-0.0083333333333332794,0.013888888888888838,-0.03125,-0.010416666666666536,-8.6736173798840355e-18,0.00069444444444435914,-7.9073716029847797e-18,0.069444444444444531,-0.013194444444444278,-0.0062499999999999587,0.013888888888888833,-0.0083333333333333766,0.00069444444444440511,-0.056250000000000043,-0.037500000000000276,-0.056250000000000092,0.015972222222222287,-0.013194444444444474,-0.0062500000000000801,0.029861111111110998,-0.013194444444444448,-0.0083333333333334182,0.035416666666666499,3.3506805361175648e-17,5.2472408945752126e-17,-0.069444444444444559,-0.0097222222222222918,0.031249999999999917,-0.029861111111111227,0.010416666666666692,-0.027777777777777887,0.031249999999999965,-0.013888888888888888,0.013888888888888923,0.068749999999999964,-0.082638888888888928,0.029861111111111113,-0.031249999999999847,-0.0083333333333331407,-0.029166666666666726,-0.031249999999999931,0.015972222222222124,-0.082638888888888901,0.035416666666666735,0.015972222222222308,0.031250000000000069,-0.0097222222222223299,0.0083333333333334217,0.34999999999999937,0.013194444444444502,-0.012500000000000133,-0.00069444444444426872,-0.013888888888889048,1.8655067690181581e-17,-0.068749999999999936,-0.035416666666666777,-0.031249999999999951,-0.013888888888888838,-0.01388888888888902,-0.06874999999999995,0.082638888888888859,0.0062500000000000003,0.013194444444444144,0.01041666666666672,0.015972222222222027,-0.015972222222222235,-0.029166666666666823,-0.0083333333333333228
e101,0.0062500000000000767,-0.00069444444444439872,-0.013888888888888919,0.0083333333333332257,-1.5404000255323922e-16,-0.056249999999999682,0.069444444444444656,-0.013194444444444377,0.035416666666666832,0.031249999999999983,-0.082638888888888734,0.015972222222222027,-0.01041666666666646,0.0083333333333333696,-0.015972222222222436,0.018055555555555505,-0.069444444444444364,0.029166666666666747,0.010416666666666557,0.02986111111111121,-0.035416666666666714,-0.015972222222222422,-0.031250000000000125,0.082638888888889039,-0.029861111111111324,-0.010416666666666512,0.069444444444444503,-0.029166666666666712,0.0097222222222224063,-0.031250000000000167,0.029861111111111234,-0.0083333333333333523,0.013888888888889034,0.068749999999999992,-0.082638888888888984,-1.2569230778434403e-16,0.006250000000000153,-0.013888888888888867,0.0083333333333333055,-0.00069444444444439796,-0.013194444444444465,-0.010416666666666801,-0.013888888888888931,-0.0083333333333332638,-0.013194444444444316,0.013194444444444406,0.056250000000000064,-1.8216545554091705e-18,-0.069444444444444586,0.0083333333333334425,0.018055555555555609,-0.015972222222222245,-0.010416666666666751,-0.013888888888889062,-0.031250000000000021,0.029166666666666795,-0.056250000000000043,-0.013194444444444542,-0.010416666666666654,0.029861111111111234,0.00069444444444446518,-0.0062500000000000906,-0.037500000000000019,-0.056250000000000154,0.14999999999999999,1.7347234759768071e-17,-0.013194444444444387,0.012500000000000016,-0.029861111111111005,-0.013888888888888893,0.03125000000000009,-0.027777777777777742,-0.037500000000000012,6.2233989038017134e-17,-6.4233068426609726e-17,-0.01249999999999999,0.0083333333333333835,-0.013888888888888862,0.02986111111111129,-9.1494444891845133e-17,-0.029861111111111081,0.010416666666666692,0.029861111111111078,0.029166666666666577,0.015972222222222245,0.015972222222222499,0.03541666666666661,-0.08263888888888879,-0.0097222222222222154,0.0083333333333332656,0.03125,-0.031250000000000118,0.0062500000000001625,0.013888888888888812,-0.013194444444444387,0.035416666666666735,-0.013888888888888815,6.6705898089808091e-17,-0.013888888888888909,-0.068749999999999908,0.013194444444444502,0.35000000000000014,-0.068749999999999811,-0.21249999999999991,-0.00069444444444436771,-0.012499999999999975,-8.6736173798840355e-17,-0.068749999999999895,0.031250000000000069,0.21249999999999997,0.013888888888888911,-0.012500000000000044,-0.013888888888888935,2.491228406111116e-17,-0.015972222222222301,-1.0911654605758208e-16,0.015972222222222172,-0.027777777777777866,0.010416666666666777,-5.764784479453026e-17
e102,-0.013888888888888937,-0.012500000000000025,0.012500000000000087,0.013888888888888918,-0.037499999999999811,0.14999999999999977,-0.056250000000000008,-0.05625000000000023,-0.013194444444444595,-0.013888888888888886,0.035416666666666652,-0.0083333333333331736,0.069444444444444239,-0.029861111111111123,-0.029166666666666792,-0.01041666666666681,-8.953795376609717e-17,0.029861111111111043,-0.029861111111111373,1.9552005781531903e-16,0.08263888888888872,-9.8735066811112341e-17,-0.013888888888888992,-0.068749999999999881,0.0083333333333334789,0.018055555555555353,-0.010416666666666819,-0.015972222222222388,-0.031250000000000097,0.027777777777777804,-0.010416666666666734,0.013888888888889039,1.3663776317583318e-16,0.21250000000000024,-2.2118386852540654e-16,-0.21249999999999974,-0.0006944444444445054,-0.012500000000000035,0.013194444444444453,-5.5511151231257827e-17,-0.0062500000000002319,0.013888888888888992,0.031249999999999938,0.015972222222222235,0.035416666666666576,0.01041666666666672,-0.06944444444444442,0.029861111111111213,0.029166666666666601,-0.0097222222222223993,0.0083333333333333107,0.031249999999999861,-0.029861111111111074,-0.068749999999999867,0.082638888888888762,-0.013888888888888895,-0.037500000000000061,-2.5768113875668542e-17,0.027777777777777801,-0.031249999999999896,-0.0083333333333336403,0.029861111111111099,-1.156397191063173e-16,-0.01319444444444455,-0.056250000000000022,-0.013194444444444297,2.6020852139652106e-17,0.00069444444444454075,-0.029166666666666795,-0.0083333333333331615,0.015972222222222096,0.01041666666666669,-0.056249999999999918,-0.013194444444444391,0.069444444444444531,0.013888888888888843,-0.00069444444444447461,0.0062499999999999969,0.010416666666666709,-0.029861111111111109,0.0062499999999999561,0.013194444444444394,6.3057351379105079e-17,-0.06944444444444442,-1.4450881702568648e-16,0.010416666666666581,-0.013888888888888973,0.031249999999999962,0.008333333333333354,0.018055555555555363,-0.015972222222222415,0.029861111111111296,0.013194444444444394,-0.029166666666666688,-0.0083333333333332031,0.015972222222222086,0.010416666666666817,-0.015972222222222256,-0.031250000000000083,0.082638888888888859,-0.012500000000000133,-0.068749999999999811,0.35000000000000009,-0.068749999999999825,0.0062499999999999917,-0.013888888888888956,-0.0006944444444443727,-0.013888888888888895,-0.0097222222222223299,-3.1153209079472835e-17,-0.0354166666666667,0.013194444444444583,0.0083333333333333488,-0.013888888888888867,-0.03124999999999992,0.015972222222222329,0.035416666666666638,0.031250000000000049,0.015972222222222235,-0.082638888888888651
e103,0.0083333333333333159,0.01319444444444449,0.013888888888889006,-0.035416666666666867,-6.8625926216337073e-17,-0.056249999999999821,-0.013194444444444217,0.069444444444444586,-0.0083333333333333558,0.010416666666666893,0.015972222222222363,-0.018055555555555595,-0.029166666666666625,0.031250000000000257,0.01388888888888877,-0.015972222222222235,0.013194444444444352,0.010416666666666782,0.0062499999999999197,-0.02986111111111113,-0.031250000000000257,0.015972222222222155,0.029166666666666726,-0.013888888888888937,-0.0097222222222224063,0.0083333333333333141,-0.029861111111111234,0.031249999999999858,0.02986111111111113,-0.010416666666666628,-0.013194444444444332,-0.0062500000000000749,-0.082638888888888734,0.068749999999999853,0.01388888888888884,-1.5955479393599161e-16,0.0083333333333334113,0.013888888888888834,-0.035416666666666874,0.013194444444444602,0.029861111111111026,-0.031250000000000021,-0.027777777777777804,0.010416666666666522,-0.013888888888888796,-0.029861111111111022,1.0299031031872053e-16,-8.4984654582065624e-17,0.029861111111111074,0.031250000000000097,-0.015972222222222113,0.013888888888888923,-0.029166666666666674,0.08263888888888879,-0.035416666666666666,-0.031249999999999837,-0.056249999999999967,0.069444444444444559,-0.031250000000000153,0.0097222222222223369,0.01388888888888885,-0.010416666666666765,0.037499999999999957,-2.1113197343146063e-16,-0.03750000000000011,0.012499999999999983,0.00069444444444440923,-6.591949208711867e-17,0.069444444444444628,-0.013194444444444391,0.035416666666666735,-0.013888888888888916,0.15000000000000016,-0.05624999999999996,-0.056250000000000036,0.01250000000000006,0.0062499999999999362,-0.00069444444444444534,-0.069444444444444475,-4.0046407977263428e-17,0.01319444444444438,0.006249999999999937,-0.029861111111111012,0.010416666666666595,-0.015972222222222283,-0.018055555555555325,-0.0083333333333333141,0.015972222222222322,-0.029861111111111015,-0.010416666666666876,-0.029166666666666907,-0.0083333333333333731,0.010416666666666732,-0.015972222222222405,-0.013888888888888746,0.031249999999999917,-0.027777777777777676,1.7215838972835521e-17,0.015972222222222016,5.7742911898027277e-17,-0.00069444444444426872,-0.21249999999999991,-0.068749999999999825,0.35000000000000009,-0.013888888888889027,0.012499999999999989,-0.012500000000000011,5.8784368924828875e-17,0.0083333333333335119,-0.21250000000000002,0.013194444444444432,9.7144514654701197e-17,-0.00069444444444442756,-0.068749999999999978,0.082638888888888901,-5.4861246238985742e-17,-0.082638888888888984,-0.013888888888888836,-0.0083333333333332812,0.068749999999999908
e104,0.010416666666666703,-0.069444444444444503,0.029861111111111043,0.029166666666666709,0.03124999999999999,0.035416666666666777,0.01597222222222229,-0.082638888888888776,-0.0062499999999999804,-0.008333333333333335,0.00069444444444426688,0.013888888888888909,2.3965086029166156e-17,-0.068749999999999881,0.082638888888889012,-0.013888888888888784,-0.0097222222222221738,0.0083333333333334425,0.031249999999999903,-0.029861111111111026,0.056250000000000126,-0.069444444444444378,-1.0426480685434291e-16,0.013194444444444325,0.013888888888888907,-0.0062499999999999396,0.00069444444444446778,-0.0083333333333332656,0.069444444444444586,-0.010416666666666546,-0.029861111111111165,-0.029166666666666789,-0.018055555555555491,-0.0083333333333332794,0.015972222222222176,0.01041666666666673,-0.035416666666666624,-0.015972222222222266,-0.03125000000000025,0.082638888888888873,-0.013194444444444495,-0.0083333333333333644,-0.037499999999999971,-0.056250000000000189,0.15000000000000002,-0.01388888888888897,-0.012500000000000091,0.012499999999999898,0.013888888888888826,-1.5445878403976832e-17,0.029861111111111057,-0.029861111111111158,2.015239692729686e-17,-0.029861111111111026,-0.029166666666666816,-0.010416666666666711,-0.008333333333333269,0.029861111111111185,-0.031250000000000042,0.027777777777777759,-0.03749999999999995,1.4050563643612195e-16,0.00069444444444442528,5.0306980803327406e-17,-0.013194444444444502,-0.056250000000000001,-0.013194444444444542,-1.7163576148704147e-17,0.013194444444444276,0.01319444444444438,0.010416666666666709,-0.029861111111111165,-0.013888888888888954,0.0083333333333333211,0.0062499999999998451,0.056249999999999994,0.010416666666666604,0.069444444444444572,0.015972222222222228,0.010416666666666761,-0.018055555555555651,-0.029166666666666709,0.01388888888888877,0.031249999999999875,-0.015972222222222287,-0.027777777777777794,0.031250000000000111,-0.013888888888888833,0.015972222222222054,1.2921742754933689e-17,-6.4332322893148322e-17,0.010416666666666593,-0.068750000000000006,0.013888888888888675,0.21249999999999988,-1.0081173896172858e-16,-0.21250000000000002,-0.012500000000000035,0.013194444444444177,7.1123662515049091e-17,-0.013888888888889048,-0.00069444444444436771,0.0062499999999999917,-0.013888888888889027,0.35000000000000014,-0.068750000000000144,-0.068750000000000061,-0.012500000000000037,0.035416666666666562,-0.013194444444444585,0.013888888888888756,4.7365707795362548e-17,-0.082638888888888928,0.035416666666666617,0.015972222222222301,0.031249999999999993,-0.0097222222222221495,0.015972222222222353,-0.031249999999999938,0.0083333333333334009
e105,-0.029861111111111081,-1.5495668618533106e-17,3.8891351389230374e-17,0.029861111111111067,-0.027777777777777842,-0.013888888888888748,0.010416666666666817,0.031249999999999972,0.029861111111111064,0.0097222222222221148,-0.0083333333333331233,-0.031250000000000146,-0.015972222222222176,0.082638888888888984,-0.035416666666666603,-0.031249999999999913,0.03125000000000025,-0.01597222222222227,0.013888888888889117,-0.029166666666666542,-0.069444444444444364,0.029166666666666615,0.029861111111111095,0.010416666666666866,-0.010416666666666557,-0.013194444444444304,-0.0062500000000001261,0.029861111111111283,-0.010416666666666633,0.01805555555555537,0.0083333333333332604,-0.015972222222222238,0.010416666666666644,-0.013888888888888805,0.031249999999999962,-0.02777777777777779,-0.015972222222222072,7.8167250876144788e-17,0.015972222222222051,-7.088253251158566e-17,-0.0083333333333333696,-0.018055555555555606,-2.0286775345813506e-16,-0.013194444444444328,-0.056250000000000064,0.0083333333333333471,0.013194444444444644,0.01388888888888898,-0.035416666666666749,0.013194444444444399,0.010416666666666602,0.0062500000000000168,-0.02986111111111121,0.031249999999999976,0.01388888888888884,-0.015972222222222096,0.013888888888888947,-0.010416666666666614,0.0097222222222221877,-0.03125000000000016,-0.056250000000000099,0.069444444444444337,1.474514954580286e-16,0.00069444444444442257,0.01249999999999999,-0.037500000000000047,2.9314235101129778e-17,0.0375000000000002,0.0062499999999999847,0.056249999999999994,-0.069444444444444586,1.6419437378382578e-17,-0.012500000000000136,0.013194444444444507,-0.00069444444444438451,-0.14999999999999999,0.029861111111111102,-0.056249999999999946,0.035416666666666784,-0.013888888888888956,-0.0083333333333333488,0.069444444444444531,-0.029166666666666737,-0.029861111111111047,-0.02916666666666658,0.010416666666666703,0.01597222222222211,-0.0083333333333333835,-0.03124999999999999,0.08263888888888879,-0.015972222222222256,0.013194444444444455,-0.013888888888888992,-0.0062500000000000012,0.068750000000000019,0.013888888888888937,-2.1344065221159418e-16,0.013888888888888788,-0.035416666666666624,0.01319444444444447,1.8655067690181581e-17,-0.012499999999999975,-0.013888888888888956,0.012499999999999989,-0.068750000000000144,0.3500000000000002,-0.21250000000000005,-0.00069444444444423988,-0.082638888888888776,-1.4051260155412137e-16,0.068749999999999922,0.21249999999999986,0.068749999999999867,-0.013194444444444372,-0.0083333333333333454,-0.013888888888888765,0.0083333333333333037,4.6327062747337893e-17,0.082638888888888901,-0.00069444444444438625
e106,0.013194444444444385,0.056249999999999974,-2.7169428674769871e-17,-0.069444444444444392,-0.013888888888888661,-0.01319444444444446,-0.0083333333333333592,0.035416666666666825,-0.013194444444444354,0.029861111111111033,-0.0062499999999999821,-0.010416666666666612,0.015972222222222141,-0.013888888888888784,-0.031250000000000111,0.029166666666666764,0.0083333333333333853,0.018055555555555474,-0.015972222222222315,-0.010416666666666741,0.013194444444444486,0.010416666666666498,-0.029861111111111199,0.0062500000000001686,-0.031249999999999879,0.029861111111111109,-0.0083333333333332725,0.0097222222222222397,-0.029166666666666719,-0.015972222222222211,0.031250000000000007,0.013888888888889062,-0.0083333333333334529,-0.013194444444444365,0.035416666666666735,-0.013888888888888789,0.082638888888888942,3.2787570437316012e-17,-0.013888888888889062,-0.068749999999999908,0.035416666666666728,0.01597222222222229,1.006423183072999e-17,0.069444444444444545,-0.056250000000000147,0.0062499999999999622,-0.00069444444444447645,-0.013888888888889067,0.0083333333333334043,-0.069444444444444545,0.029166666666666608,0.010416666666666666,0.02986111111111131,0.0083333333333332552,-0.015972222222222228,0.018055555555555554,0.00069444444444416941,-0.0062499999999999145,0.029861111111111033,-0.01041666666666668,-0.056250000000000112,-0.013194444444444235,0.012500000000000205,-0.013194444444444568,1.0408340855860843e-17,0.14999999999999983,-0.056250000000000029,-0.037500000000000151,0.010416666666666737,-5.8991619304681853e-17,0.02986111111111113,6.2546157884789958e-17,0.012499999999999966,0.013888888888888973,-0.013888888888888911,0.037499999999999943,-0.069444444444444559,2.6529693815719635e-17,0.031250000000000146,-0.027777777777777925,0.010416666666666654,-0.029861111111111269,0.031250000000000042,-0.0097222222222223369,0.031250000000000153,0.031250000000000069,-0.082638888888888901,0.035416666666666624,0.029166666666666771,-0.013888888888888951,0.015972222222222162,-0.029861111111110998,0.082638888888888873,-0.0083333333333333107,0.068749999999999936,-0.082638888888889039,-1.6971366979160046e-16,-0.013888888888888959,0.0083333333333334703,-0.00069444444444444068,-0.068749999999999936,-8.6736173798840355e-17,-0.0006944444444443727,-0.012500000000000011,-0.068750000000000061,-0.21250000000000005,0.34999999999999931,0.013194444444444637,0.01597222222222219,0.01250000000000002,1.8823024467504046e-17,-0.2125000000000003,8.0891497160414235e-17,-0.013888888888888931,0.010416666666666761,-0.027777777777777842,0.031250000000000118,1.8696841676488215e-17,-0.015972222222222204,-0.013888888888888931
e107,0.013194444444444366,0.0062499999999999665,0.010416666666666737,-0.029861111111111095,-0.029861111111111158,0.069444444444444572,-0.02916666666666675,-0.010416666666666836,0.015972222222222165,-0.015972222222222259,1.5356187889008092e-16,-3.2758573038866171e-18,0.027777777777777755,0.013888888888889029,-0.031249999999999965,-0.010416666666666798,0.010416666666666644,0.0159722222222222,-0.018055555555555502,-0.0083333333333333731,0.013888888888888812,-0.010416666666666626,0.027777777777777991,-0.031250000000000139,5.6573482526762983e-19,0.029861111111111078,1.7651009327822291e-16,-0.029861111111111033,-0.031250000000000069,-0.01388888888888877,0.029166666666666778,0.015972222222221992,0.031250000000000083,-0.082638888888888956,0.035416666666666777,0.015972222222222159,-0.029861111111111106,0.031250000000000083,-0.0097222222222221287,0.0083333333333333575,-1.2929442809086026e-16,-0.029861111111111033,-0.012499999999999893,0.013888888888888942,0.012500000000000212,0.056250000000000043,-0.15000000000000002,0.037500000000000061,0.056249999999999939,0.013194444444444467,0.0083333333333333835,-0.035416666666666673,0.013888888888888796,0.029166666666666907,0.029861111111111116,-0.069444444444444489,-0.013194444444444352,-0.0062499999999999301,0.069444444444444503,-8.6756595233297231e-17,3.9898639947466563e-17,0.00069444444444431057,-0.056250000000000126,-0.037500000000000207,-0.056250000000000064,0.00069444444444448144,-0.0083333333333333766,0.013888888888888867,0.010416666666666642,0.0083333333333333592,-0.0097222222222222709,0.031249999999999993,1.3167908949480364e-17,0.013194444444444458,-0.069444444444444461,0.01319444444444441,0.018055555555555443,0.035416666666666589,-0.0062500000000000654,0.029861111111111158,-0.010416666666666661,0.015972222222222294,-0.031250000000000097,-0.01388888888888884,-0.0083333333333334182,1.3372188473470648e-16,-0.082638888888888706,0.068750000000000144,0.0083333333333332985,-0.00069444444444447374,-0.013888888888888735,0.082638888888888859,-0.01388888888888898,0.068750000000000019,6.0715321659188248e-17,-0.013194444444444352,0.012499999999999897,0.21249999999999986,1.0155860203662809e-16,-0.21249999999999997,-0.035416666666666777,-0.068749999999999895,-0.013888888888888895,5.8784368924828875e-17,-0.012500000000000037,-0.00069444444444423988,0.013194444444444637,0.34999999999999987,0.015972222222222283,0.068750000000000033,-0.0062499999999999717,0.013888888888888846,-0.0083333333333333506,0.013888888888889075,-0.029166666666666747,-0.015972222222222075,-0.031250000000000014,0.010416666666666668,0.013194444444444387,0.082638888888888776
e108,-0.02777777777777779,0.010416666666666748,0.031249999999999972,-0.013888888888888919,0.015972222222222433,-0.018055555555555741,0.010416666666666848,-0.0083333333333333696,0.013888888888888756,-0.082638888888888762,4.3980193878305679e-17,0.068750000000000089,0.00069444444444438929,-0.013194444444444529,1.9081958235744878e-17,0.012500000000000028,-1.5792534069025616e-16,0.21249999999999997,-0.21249999999999997,-4.7646099661424265e-17,0.013888888888888944,-0.035416666666666693,0.013194444444444542,0.008333333333333276,0.056250000000000203,-0.15000000000000022,0.056250000000000168,0.03750000000000011,-0.012499999999999914,0.013888888888889008,0.012500000000000122,-0.013888888888888916,7.9562768358075653e-19,0.029861111111110967,3.0398558005591524e-16,-0.029861111111111067,-0.069444444444444475,0.010416666666666696,0.029861111111111241,0.029166666666666716,5.4272853554538889e-17,-0.013194444444444307,0.0083333333333335258,-0.00069444444444440663,0.0062500000000000767,0.01041666666666663,0.029861111111111224,-0.069444444444444545,0.029166666666666587,0.018055555555555481,-0.010416666666666704,0.0083333333333332309,-0.015972222222222519,0.031250000000000083,-0.082638888888888845,0.015972222222222426,0.015972222222222367,-9.5339987854573146e-17,0.013888888888888727,-0.031250000000000056,0.010416666666666661,0.015972222222222145,0.0062499999999999847,0.013194444444444297,0.010416666666666772,-0.029861111111111088,-0.029166666666666865,0.069444444444444364,-2.0816681711721685e-17,-0.056250000000000078,-0.037500000000000068,-0.056249999999999925,-0.0083333333333332031,0.013888888888888749,0.00069444444444444263,-0.013194444444444502,0.015972222222222297,2.0055750509931285e-17,-0.008333333333333505,-0.013194444444444528,0.035416666666666562,-0.013194444444444496,-0.0062499999999998807,0.029861111111110998,1.003383221938708e-16,0.0104166666666666,-0.027777777777777748,0.031249999999999979,0.031249999999999976,-0.0097222222222221634,-0.029861111111111015,-0.069444444444444559,-0.013888888888888952,-0.029166666666666678,-0.031249999999999896,0.029861111111111088,-0.0083333333333333245,0.013888888888888923,0.068749999999999992,-0.082638888888888831,-0.031249999999999951,0.031250000000000069,-0.0097222222222223299,0.0083333333333335119,0.035416666666666562,-0.082638888888888776,0.01597222222222219,0.015972222222222283,0.34999999999999987,-0.035416666666666638,-1.177299802909707e-16,-0.01388888888888902,-0.068749999999999978,0.01319444444444437,-0.012499999999999959,-0.00069444444444446312,0.0062499999999999388,-0.068749999999999895,-0.013888888888888951,-0.013888888888888973
e109,-0.010416666666666682,0.0138888888888888,0.0277777777777777,-0.031250000000000083,2.1934853843728912e-16,-1.2326136449525998e-16,0.029861111111111172,-0.029861111111111074,-0.031249999999999955,0.029166666666666726,-0.013888888888888742,0.015972222222222332,0.031249999999999875,0.035416666666666763,-0.08263888888888872,0.015972222222222325,-0.029861111111111151,0.031249999999999833,0.0083333333333332933,-0.0097222222222223299,-0.0083333333333334529,-0.018055555555555509,0.010416666666666772,0.015972222222222207,-0.029861111111111206,0.0062499999999998434,0.013194444444444247,0.010416666666666772,-0.02986111111111114,-0.02916666666666657,0.069444444444444448,-0.010416666666666737,0.015972222222222193,-1.6408139086752469e-17,-0.015972222222222242,6.1946114689074231e-17,-0.010416666666666746,0.027777777777777766,-0.031250000000000049,0.013888888888888923,-0.069444444444444572,0.029166666666666636,-0.013888888888888919,0.0062499999999997722,-0.0006944444444444642,0.069444444444444517,-0.056250000000000029,4.1565693437465421e-17,-0.01319444444444455,0.035416666666666666,0.015972222222222211,-0.082638888888888928,0.031249999999999792,-0.015972222222222138,0.0083333333333332985,-0.010416666666666604,7.4229928517935476e-17,-0.02986111111111121,0.029166666666666698,0.029861111111110936,0.013194444444444444,0.0083333333333332517,-0.15000000000000008,0.056250000000000015,0.037499999999999943,-0.012499999999999928,0.013888888888888824,0.012500000000000008,-0.013194444444444483,0.0006944444444443985,-0.0083333333333334113,0.013888888888888819,-0.037499999999999971,-0.056250000000000022,-0.056250000000000001,-1.5092094240998222e-16,0.010416666666666522,0.013194444444444431,0.013194444444444391,1.6225660703418315e-16,-0.069444444444444503,0.0083333333333333731,-0.009722222222222094,0.031250000000000097,0.018055555555555495,0.015972222222222155,-0.031249999999999951,-0.013888888888889062,0.029861111111111092,-0.0062500000000001365,-0.010416666666666744,0.035416666666666707,-0.0083333333333334581,0.082638888888888831,-0.00069444444444432185,0.0083333333333334546,-0.013888888888888796,-1.1312121392084132e-16,-0.082638888888888956,0.068750000000000144,-0.013888888888888838,0.21249999999999997,-3.1153209079472835e-17,-0.21250000000000002,-0.013194444444444585,-1.4051260155412137e-16,0.01250000000000002,0.068750000000000033,-0.035416666666666638,0.3500000000000002,-0.00069444444444450551,-0.012499999999999983,0.013194444444444356,-0.068750000000000089,-0.013888888888888853,-2.4652690479533802e-17,0.013888888888888978,0.01388888888888886,-0.0062499999999999067,0.068750000000000061
e110,0.029166666666666657,-0.069444444444444808,0.029861111111111078,0.010416666666666838,-0.010416666666666814,-0.0062499999999999674,-0.013194444444444323,0.029861111111111172,-0.010416666666666694,0.0083333333333332621,0.018055555555555429,-0.015972222222222138,0.01041666666666664,0.031250000000000201,-0.013888888888888881,-0.027777777777777884,-0.015972222222222172,-1.1067883395463094e-16,-1.414496085055842e-16,0.015972222222222276,-0.029166666666666726,0.013888888888888895,0.031249999999999965,-0.015972222222222259,0.029861111111111088,-6.8873423246589286e-17,-0.029861111111111151,2.0120285683306757e-17,-0.027777777777777856,0.010416666666666635,-0.013888888888888937,0.031250000000000035,0.029861111111110963,-0.0083333333333333297,0.0097222222222222605,-0.031249999999999906,-0.031249999999999962,-0.015972222222222252,-0.035416666666666707,0.08263888888888879,-0.0097222222222221079,0.0083333333333334529,0.029861111111111054,0.010416666666666545,-0.0694444444444446,0.015972222222222235,0.035416666666666576,0.031249999999999969,-0.082638888888888817,-0.0062500000000000186,0.01388888888888876,0.00069444444444434982,-0.0083333333333333471,0.082638888888888942,-0.068749999999999936,3.4966794225209848e-17,-0.008333333333333387,-0.018055555555555439,0.031250000000000125,0.013888888888888701,0.013194444444444212,0.010416666666666574,0.013194444444444403,0.0083333333333335206,0.013888888888888859,-2.5820118028032404e-17,-0.013194444444444418,-0.056250000000000223,0.013888888888888855,-0.037499999999999964,-3.5833461342903323e-17,0.037499999999999964,0.00069444444444444512,-1.1796119636642288e-16,0.012500000000000077,-0.056249999999999967,0.0062499999999998763,-0.15000000000000005,0.013194444444444408,-0.012499999999999827,-0.00069444444444437909,0.056250000000000071,-0.069444444444444545,5.7739838066659577e-17,0.029861111111111033,0.069444444444444448,-0.029166666666666754,-0.02986111111111105,-0.013888888888888848,0.035416666666666659,-0.0083333333333332378,-0.056249999999999994,-0.029166666666666698,0.013194444444444486,0.082638888888889053,-0.031249999999999979,-0.015972222222222443,0.010416666666666437,0.015972222222222117,-0.008333333333333354,-0.01388888888888902,0.013888888888888911,-0.0354166666666667,0.013194444444444432,0.013888888888888756,0.068749999999999922,1.8823024467504046e-17,-0.0062499999999999717,-1.177299802909707e-16,-0.00069444444444450551,0.35000000000000009,-0.068750000000000033,-0.21249999999999994,-0.012499999999999893,-0.013888888888888793,0.012499999999999997,-0.013194444444444455,0.21249999999999977,0.068750000000000061,-2.4286128663675299e-17
e111,-0.069444444444444364,0.056250000000000168,9.3252804060148183e-17,0.01319444444444458,0.013888888888888992,0.0006944444444442697,-0.0062499999999999023,-0.0083333333333333558,0.069444444444444503,-0.029861111111111165,-0.010416666666666852,-0.029166666666666879,-0.018055555555555564,0.015972222222222197,-0.0083333333333334841,0.010416666666666696,-0.035416666666666687,-0.015972222222222325,0.082638888888888665,-0.031250000000000111,-0.029861111111111099,0.031249999999999535,-0.0097222222222222328,0.0083333333333333558,0.02916666666666656,-0.069444444444444572,0.010416666666666619,0.029861111111111061,0.031249999999999872,0.015972222222222447,0.035416666666666673,-0.082638888888888762,-0.0062499999999999778,0.00069444444444449727,-0.0083333333333332968,0.013888888888888916,-0.013888888888889048,-1.4050201783649207e-16,0.082638888888888817,-0.068749999999999964,0.031250000000000111,-0.015972222222222401,1.5011157532315762e-17,-0.029861111111111061,-2.2929718223698807e-16,0.010416666666666548,-0.013888888888888952,-0.027777777777777787,0.031249999999999948,0.029861111111111088,-0.031249999999999972,-0.0083333333333333384,0.0097222222222223612,-0.035416666666666714,0.08263888888888879,-0.015972222222222259,-0.013194444444444569,-0.0083333333333332951,-0.02986111111111112,-0.029166666666666424,6.5409318778502468e-17,0.029861111111111401,-0.012499999999999976,-0.013888888888888822,0.012499999999999938,-0.03750000000000013,-0.056250000000000001,0.14999999999999994,-0.0083333333333334286,-0.056250000000000161,-0.013194444444444392,7.2947507148896931e-17,-8.5001450322863548e-17,0.00069444444444459951,-0.01319444444444454,-0.037499999999999971,0.013194444444444483,0.056250000000000182,0.008333333333333184,-0.013888888888888977,0.0062499999999998659,0.013194444444444375,0.010416666666666709,-0.029861111111111071,0.01041666666666646,-0.029166666666666601,0.013888888888888867,0.031249999999999875,0.010416666666666675,0.015972222222222384,-0.018055555555555526,0.069444444444444572,-0.01597222222222237,0.010416666666666678,-6.3245595305885201e-17,0.015972222222222145,-4.730617641949719e-17,-0.027777777777777669,0.031250000000000021,-0.01388888888888886,-0.06874999999999995,-0.012500000000000044,0.013194444444444583,9.7144514654701197e-17,4.7365707795362548e-17,0.21249999999999986,-0.2125000000000003,0.013888888888888846,-0.01388888888888902,-0.012499999999999983,-0.068750000000000033,0.35000000000000037,-0.06874999999999995,-0.00069444444444448307,0.0062499999999999344,-0.013888888888888971,0.035416666666666763,-3.2505453872852349e-18,0.013888888888889006,-0.013194444444444422
e112,0.01041666666666672,0.01319444444444445,-0.029861111111111206,0.0062500000000000481,-0.031250000000000278,-0.0083333333333331268,0.02986111111111113,0.009722222222222375,-0.02916666666666658,0.031250000000000007,-0.015972222222222252,0.013888888888888923,-0.008333333333333217,0.035416666666666922,-0.013194444444444507,-0.013888888888888763,0.082638888888889095,6.4701947884170303e-18,-0.068750000000000047,-0.013888888888889089,-0.010416666666666845,-0.015972222222222113,0.0083333333333333176,0.018055555555555491,-0.069444444444444461,0.056250000000000071,0.013194444444444231,-1.3436170537072944e-16,-0.013888888888888904,-0.00833333333333325,-0.013194444444444358,0.035416666666666631,-0.013194444444444351,-0.0062500000000000012,0.029861111111111248,-0.010416666666666685,0.029166666666666775,0.015972222222222266,-0.031250000000000104,-0.013888888888888909,-0.029861111111111012,-0.010416666666666661,-0.029861111111111213,0.0062499999999998442,0.013194444444444408,-0.018055555555555641,-0.0083333333333333922,0.01041666666666655,0.015972222222221978,-0.010416666666666619,0.027777777777777735,0.013888888888888583,-0.031249999999999951,-0.015972222222222231,3.8698969715906462e-17,1.2224898506809341e-16,0.035416666666666784,0.015972222222222249,0.0083333333333334356,-0.015972222222222457,-0.069444444444444572,0.029166666666666698,-0.00069444444444447776,0.0062500000000001313,-0.013888888888888966,-1.4173600687040263e-16,0.069444444444444545,-0.056250000000000203,0.00069444444444447895,0.15000000000000005,-0.056250000000000112,-0.037500000000000047,-0.013194444444444495,0.012499999999999976,-7.6327832942979512e-17,-0.056249999999999994,0.010416666666666735,0.037500000000000068,0.013888888888888935,0.012499999999999848,-0.013888888888888881,5.2138247000619446e-17,0.029861111111110963,-1.3427583668029803e-16,-0.06944444444444442,-0.02986111111111122,0.031249999999999917,-0.0097222222222221877,-0.027777777777777627,0.031249999999999993,0.010416666666666687,1.6592238368286558e-17,0.031250000000000021,-0.029861111111111244,-0.013888888888888867,0.029166666666666709,0.015972222222222079,0.031249999999999944,-0.08263888888888879,0.035416666666666652,0.082638888888888859,-0.013888888888888935,0.0083333333333333488,-0.00069444444444442756,-0.082638888888888928,0.068749999999999867,8.0891497160414235e-17,-0.0083333333333333506,-0.068749999999999978,0.013194444444444356,-0.21249999999999994,-0.06874999999999995,0.35000000000000009,9.8879238130678004e-17,-0.00069444444444437487,-0.012500000000000023,-0.013888888888888921,-0.21249999999999994,1.4557678084522717e-16,0.012499999999999886
e113,-0.015972222222222207,-0.035416666666666721,-0.031249999999999969,0.082638888888888692,-0.02986111111111104,0.069444444444444531,-0.010416666666666654,-0.02916666666666657,0.0097222222222223056,0.029861111111111005,-0.031249999999999698,-0.0083333333333333627,0.013888888888889186,-0.08263888888888879,0.068750000000000158,1.3886831455909103e-16,0.00624999999999995,-0.01388888888888876,-0.00069444444444422329,0.0083333333333330348,0.029861111111111012,0.010416666666666449,-0.069444444444444295,0.029166666666666605,0.0083333333333334078,-0.00069444444444457035,0.0062499999999998737,-0.01388888888888877,-2.0993415432637132e-17,0.069444444444444586,-0.056250000000000105,-0.013194444444444215,0.035416666666666936,-0.082638888888888859,0.031249999999999986,0.01597222222222228,0.018055555555555602,-0.010416666666666761,-0.01597222222222202,0.0083333333333332621,0.010416666666666644,0.015972222222222117,0.010416666666666605,0.013194444444444401,0.006250000000000029,-0.029166666666666646,0.069444444444444559,-0.029861111111111338,-0.010416666666666644,0.015972222222222165,-3.8023022629485611e-18,8.2932084290339022e-17,-0.015972222222222113,-0.031249999999999976,0.013888888888888888,0.027777777777777828,-0.013194444444444455,-0.010416666666666727,-0.013888888888889075,-0.031250000000000056,0.0083333333333333211,0.018055555555555405,0.056250000000000029,0.013194444444444205,-1.7542633407022476e-16,-0.013888888888888789,-0.0083333333333333801,-0.013194444444444512,-0.056250000000000008,2.4286128663675299e-17,-0.013194444444444424,0.012500000000000094,-0.056249999999999994,-0.037500000000000006,0.15000000000000002,0.00069444444444436175,-0.02986111111111113,-0.01249999999999998,1.8245103797849006e-17,-0.037500000000000172,-6.76541216349637e-17,-0.013888888888888923,0.031249999999999913,-0.027777777777777745,0.0083333333333331441,0.010416666666666709,0.029861111111111133,0.029166666666666625,-1.5929791678193411e-17,0.029861111111111033,-0.029861111111111099,-0.013888888888888933,0.015972222222222197,-0.031249999999999938,0.0083333333333333055,-0.0097222222222222085,0.031250000000000111,0.015972222222222211,0.03541666666666686,-0.08263888888888897,0.0062500000000000003,2.491228406111116e-17,-0.013888888888888867,-0.068749999999999978,0.035416666666666617,-0.013194444444444372,-0.013888888888888931,0.013888888888889075,0.01319444444444437,-0.068750000000000089,-0.012499999999999893,-0.00069444444444448307,9.8879238130678004e-17,0.3500000000000002,-0.068750000000000075,-0.21249999999999994,1.087606973902209e-16,-0.012499999999999966,0.013888888888888774,0.21249999999999997
e114,7.57105487290332e-17,0.082638888888888901,-0.013888888888888853,-0.06874999999999977,0.0083333333333332378,-0.01041666666666681,0.018055555555555474,-0.015972222222222415,-0.031249999999999979,-0.010416666666666685,0.027777777777777669,0.013888888888888975,-1.923651399627666e-17,1.1923529615315078e-16,0.21249999999999997,-0.21249999999999994,-0.00069444444444424422,-0.012500000000000094,1.1102230246251565e-16,0.013194444444444548,-2.1083292026774546e-17,-0.029861111111111203,-2.2418050615720061e-16,0.02986111111111104,0.013888888888888831,-0.012500000000000061,-0.013888888888889018,0.012500000000000247,-0.037499999999999999,-0.056250000000000154,0.15000000000000013,-0.056250000000000064,-0.013194444444444422,0.035416666666666763,-0.013888888888888881,-0.0083333333333332552,-0.010416666666666765,0.069444444444444739,-0.029166666666666563,-0.029861111111111307,-0.02777777777777788,0.031249999999999889,0.029861111111110991,-7.8772327251290309e-17,-0.029861111111111244,0.013888888888888937,-0.029166666666666643,0.031249999999999993,-0.015972222222222374,-0.03125,-0.015972222222222231,0.082638888888888887,-0.035416666666666818,0.0097222222222220905,-0.0083333333333332881,-0.031250000000000007,-0.0062499999999998824,0.013888888888888737,-0.068749999999999811,0.082638888888889026,-0.0097222222222220177,0.0083333333333333003,-0.069444444444444503,0.010416666666666498,0.029861111111111109,0.03125,0.015972222222222179,0.035416666666666874,-0.037500000000000214,-0.013194444444444408,1.214306433183765e-17,0.00069444444444452199,-0.013194444444444526,1.1213595885137203e-16,-0.056249999999999967,-0.0083333333333332864,-0.029166666666666667,0.013888888888888807,-0.013194444444444408,-0.056249999999999911,0.069444444444444378,-0.0083333333333333211,0.0159722222222221,0.010416666666666612,-0.0006944444444443779,0.01319444444444415,1.0168409580580899e-17,-0.069444444444444753,-0.029861111111111324,0.010416666666666727,0.0062500000000000663,0.0062500000000000862,9.5902427491811744e-17,0.029861111111111123,0.018055555555555568,0.0083333333333333835,-0.015972222222222582,0.010416666666666654,-0.013888888888888843,0.031250000000000042,0.013194444444444144,-0.015972222222222301,-0.03124999999999992,0.082638888888888901,0.015972222222222301,-0.0083333333333333454,0.010416666666666761,-0.029166666666666747,-0.012499999999999959,-0.013888888888888853,-0.013888888888888793,0.0062499999999999344,-0.00069444444444437487,-0.068750000000000075,0.34999999999999987,-0.068750000000000172,-0.013888888888889159,0.013194444444444233,-0.035416666666666735,8.3107933566638932e-17
e115,0.015972222222222138,-0.03125000000000009,0.029166666666666719,-0.013888888888888978,-0.0097222222222221322,-0.02986111111111095,0.0083333333333331389,0.031249999999999965,0.029861111111110832,-0.013194444444444483,-0.010416666666666647,-0.0062500000000000359,-0.082638888888888706,0.013888888888889103,0.068749999999999839,1.3672371893397417e-16,0.008333333333333269,0.013888888888889029,0.013194444444444569,-0.035416666666666707,-0.029861111111111199,0.0062499999999997133,0.013194444444444533,0.010416666666666751,-0.035416666666666638,0.013194444444444344,0.0083333333333333089,0.013888888888888902,-2.3342200248575075e-16,-0.01319444444444416,-0.056250000000000182,0.069444444444444739,-0.0083333333333332048,0.015972222222222405,0.010416666666666819,-0.018055555555555481,-0.015972222222222096,-0.029166666666666667,0.013888888888889131,0.031249999999999931,0.03125,-0.082638888888888956,0.02916666666666666,-0.069444444444444545,0.010416666666666611,0.031249999999999979,-0.02986111111111104,-0.009722222222222375,0.0083333333333334026,-0.013888888888888853,2.9107057109121689e-17,-0.068749999999999908,0.082638888888888831,-0.0083333333333334685,0.00069444444444455744,0.013888888888889006,0.029861111111110908,-0.031250000000000014,0.082638888888888734,-0.03541666666666668,0.031249999999999944,-0.015972222222222127,-1.484750099075775e-17,-0.029861111111111258,-3.8553557891563701e-17,-0.027777777777777988,0.010416666666666772,-0.013888888888889056,-0.056249999999999974,0.012499999999999949,0.0006944444444444809,-1.1449174941446927e-16,6.5252023635194798e-17,0.037500000000000047,-0.037500000000000089,0.013888888888888833,0.069444444444444503,0.012499999999999935,-0.056250000000000008,0.1499999999999998,-0.056250000000000008,-0.013194444444444413,0.035416666666666659,-0.013888888888888886,0.0062500000000001573,0.0062499999999999752,-0.029861111111111109,0.01041666666666664,7.1210025308918865e-17,-0.069444444444444642,0.013194444444444405,-0.00069444444444439102,-0.015972222222222294,-0.0083333333333332656,-0.01041666666666664,-0.029861111111111008,-0.029166666666666705,-0.018055555555555533,-0.0083333333333333384,0.015972222222222134,0.01041666666666672,-1.0911654605758208e-16,0.015972222222222329,-5.4861246238985742e-17,0.031249999999999993,-0.013888888888888765,-0.027777777777777842,-0.015972222222222075,-0.00069444444444446312,-2.4652690479533802e-17,0.012499999999999997,-0.013888888888888971,-0.012500000000000023,-0.21249999999999994,-0.068750000000000172,0.34999999999999987,-0.068749999999999867,1.5265566588595902e-16,0.013194444444444306,-0.21250000000000013
e116,0.010416666666666737,0.029861111111111137,-0.069444444444444586,0.029166666666666737,0.0083333333333331962,0.0062500000000002311,-0.00069444444444438365,-0.013888888888888937,7.7340183053967877e-17,-0.056250000000000001,0.069444444444444586,-0.013194444444444439,0.035416666666666527,0.03124999999999999,-0.082638888888888901,0.015972222222222061,0.018055555555555575,-0.010416666666666814,0.0083333333333333558,-0.015972222222222058,0.0083333333333332257,-0.00069444444444439525,0.0062500000000001105,-0.013888888888888862,0.082638888888888817,-0.035416666666666763,-0.015972222222222266,-0.031249999999999889,-0.029861111111111172,-0.010416666666666744,0.069444444444444406,-0.029166666666666879,0.0097222222222221912,-0.031250000000000021,0.029861111111111081,-0.0083333333333332673,-2.5875047256594511e-17,0.013888888888888964,0.06874999999999995,-0.082638888888889026,0.013888888888888909,0.068749999999999992,0.015972222222222283,0.010416666666666487,-0.018055555555555564,-0.027777777777777707,0.01041666666666665,0.031250000000000056,-0.013888888888888987,1.4771886303619398e-16,0.21249999999999983,-0.21249999999999977,4.3808877694638766e-17,-0.013194444444444366,-1.2836953722228372e-16,0.01250000000000016,0.010416666666666703,0.015972222222222388,-0.031249999999999851,0.013888888888888751,0.015972222222222165,1.3835942986823811e-16,0.069444444444444489,-0.029166666666666681,-0.029861111111111113,0.010416666666666682,0.0131944444444443,0.006249999999999996,-0.013194444444444502,-0.013888888888888923,-0.0083333333333334807,-0.013194444444444448,0.01319444444444438,0.056249999999999967,-1.0279320834631302e-16,0.0083333333333333124,-0.056250000000000161,0.00069444444444442311,-0.037500000000000103,-0.056250000000000105,0.14999999999999997,-3.2959746043559335e-17,-0.013194444444444658,0.012499999999999997,-0.029861111111111258,-0.013888888888888864,0.031249999999999965,-0.027777777777777832,-0.03750000000000013,-4.8748236475596162e-17,-7.3949697047911042e-17,-0.012500000000000101,0.0083333333333332482,-0.013888888888888923,0.029861111111111151,-2.9714766882597302e-17,-0.029861111111111165,0.010416666666666703,0.029861111111111123,0.029166666666666789,0.015972222222222027,0.015972222222222172,0.035416666666666638,-0.082638888888888984,-0.0097222222222221495,0.0083333333333333037,0.031250000000000118,-0.031250000000000014,0.0062499999999999388,0.013888888888888978,-0.013194444444444455,0.035416666666666763,-0.013888888888888921,1.087606973902209e-16,-0.013888888888889159,-0.068749999999999867,0.34999999999999976,-0.00069444444444439069,-0.012499999999999917,-0.068750000000000075
e117,0.031250000000000062,-0.02986111111111079,-0.0097222222222223161,0.0083333333333329776,0.029166666666666698,0.010416666666666817,-0.069444444444444392,0.029861111111111116,0.031250000000000028,0.035416666666666666,0.015972222222222339,-0.082638888888888873,-0.0062499999999998,-0.0083333333333333731,0.00069444444444435231,0.013888888888889277,-0.013888888888888881,1.5559224999520066e-16,-0.068749999999999964,0.082638888888888637,-0.031250000000000104,0.082638888888888998,-0.035416666666666749,-0.015972222222222172,0.01319444444444459,0.056250000000000161,-0.06944444444444467,-8.8820936930058286e-17,0.013888888888888857,-0.0062499999999999153,0.00069444444444462781,-0.0083333333333332361,0.06944444444444467,-0.010416666666666644,-0.029861111111111102,-0.029166666666666646,0.010416666666666706,-0.018055555555555429,-0.0083333333333333627,0.0159722222222222,0.029861111111111047,-0.0062500000000000177,-0.009722222222222264,0.0083333333333334668,-0.029861111111111189,0.015972222222222179,-0.031249999999999955,0.029166666666666643,-0.013888888888889062,0.0083333333333334026,0.013888888888888838,0.013194444444444215,-0.035416666666666687,0.013888888888888826,0.068749999999999811,-7.7607164047194642e-18,0.031250000000000076,-0.015972222222222235,-0.035416666666666624,0.082638888888888942,0.029861111111111241,-0.031249999999999944,-0.013888888888888765,0.010416666666666687,-0.027777777777777863,8.9572075530856837e-17,-0.029861111111111012,-4.7205259638990642e-17,-0.01319444444444449,-0.037500000000000117,-0.056250000000000085,0.14999999999999999,-0.013888888888889029,-0.012499999999999964,0.012499999999999969,-8.5425236877413135e-17,-0.0083333333333331979,-0.037500000000000006,0.00069444444444452839,-2.8275992658421956e-16,-0.013194444444444443,-0.056250000000000057,-0.013194444444444566,-3.5750124087964428e-17,0.01319444444444445,0.013194444444444352,0.010416666666666586,-0.029861111111111133,-0.013888888888888862,0.0083333333333333263,0.0062500000000000082,0.056249999999999994,0.010416666666666831,0.069444444444444461,0.015972222222222197,0.010416666666666779,-0.018055555555555575,-0.029166666666666535,0.013888888888889048,0.031250000000000021,-0.015972222222222235,-0.027777777777777866,0.031250000000000049,-0.013888888888888836,0.015972222222222353,4.6327062747337893e-17,1.8696841676488215e-17,0.010416666666666668,-0.068749999999999895,0.01388888888888886,0.21249999999999977,-3.2505453872852349e-18,-0.21249999999999994,-0.012499999999999966,0.013194444444444233,1.5265566588595902e-16,-0.00069444444444439069,0.3500000000000002,-0.068749999999999922,-0.012500000000000115
e118,0.013888888888888867,-0.029166666666666917,0.031250000000000194,-0.015972222222222349,0.029861111111111123,-0.02986111111111113,1.0371476060828088e-17,1.4067127032176918e-16,-0.027777777777777946,-0.013888888888888846,0.010416666666666505,0.031250000000000354,0.029861111111110925,0.009722222222222441,-0.0083333333333332794,-0.031250000000000153,-0.031250000000000028,-0.015972222222222325,0.082638888888888845,-0.035416666666666756,0.015972222222222193,-9.827607793873475e-17,-0.015972222222222211,-1.6371371918124109e-16,0.010416666666666626,-0.069444444444444295,0.029166666666666976,0.029861111111111054,-0.010416666666666744,-0.013194444444444189,-0.0062499999999999934,0.02986111111111105,-0.010416666666666689,0.018055555555555561,0.0083333333333333384,-0.015972222222222197,-0.027777777777777714,0.010416666666666585,-0.013888888888888897,0.031250000000000007,-0.031250000000000021,0.013888888888888678,0.008333333333333446,0.018055555555555422,-0.01041666666666655,1.4641823660279349e-17,0.082638888888888887,-0.013888888888888937,-0.068749999999999978,-0.0006944444444444577,-0.012500000000000039,5.7245874707234634e-17,0.013194444444444339,-1.3430039618459356e-16,0.21249999999999986,-0.21249999999999997,-0.0097222222222222918,0.0083333333333334234,0.082638888888888679,-0.068749999999999895,-0.0062499999999998529,0.013888888888888973,0.035416666666666756,0.015972222222222259,0.031250000000000042,0.029861111111110963,0.010416666666666663,-0.069444444444444559,-0.008333333333333524,6.2028362196801437e-18,-0.01319444444444437,-0.05624999999999989,0.008333333333333276,0.013194444444444405,0.013888888888888834,0.013194444444444398,0.013888888888888753,-0.056249999999999939,-1.8735013540549517e-16,0.00069444444444456601,0.012500000000000015,-0.037500000000000075,5.995069702578385e-17,0.037499999999999992,0.0062499999999999804,0.056249999999999967,-0.069444444444444406,5.7818807509504025e-17,-0.012499999999999921,0.013194444444444365,-0.00069444444444449391,-0.14999999999999986,0.029861111111111012,-0.056249999999999925,0.0354166666666667,-0.013888888888888859,-0.0083333333333333627,0.069444444444444545,-0.029166666666666664,-0.029861111111111074,-0.029166666666666823,0.010416666666666777,0.015972222222222235,-0.0083333333333332812,-0.031249999999999938,0.082638888888888901,-0.015972222222222204,0.013194444444444387,-0.013888888888888951,-0.0062499999999999067,0.068750000000000061,0.013888888888889006,1.4557678084522717e-16,0.013888888888888774,-0.035416666666666735,0.013194444444444306,-0.012499999999999917,-0.068749999999999922,0.34999999999999992,-0.00069444444444451516
e119,-0.01805555555555555,-0.0083333333333334494,0.010416666666666938,0.015972222222222235,-0.029861111111111116,0.013194444444444361,0.0062500000000000567,0.01041666666666655,-0.029861111111111348,0.069444444444444545,-0.029166666666666782,-0.010416666666666553,0.015972222222222259,-0.015972222222222193,-3.8148113718795984e-16,-2.8286996937395463e-17,-0.010416666666666519,0.027777777777777846,0.013888888888888807,-0.031249999999999858,-0.0097222222222221669,0.0083333333333331667,-0.02986111111111122,0.031250000000000208,-0.031249999999999899,0.013888888888888879,-0.01041666666666681,0.02777777777777771,-9.2349412626427749e-17,0.029861111111111276,-1.7184100261417819e-16,-0.029861111111111012,-0.031250000000000104,-0.01388888888888884,0.029166666666666775,0.015972222222222325,0.015972222222222405,0.031250000000000035,-0.082638888888889053,0.035416666666666749,-0.029166666666666619,0.013888888888888756,-0.031250000000000146,0.029861111111111244,-0.0083333333333334564,0.010416666666666571,0.013194444444444509,-0.029861111111111078,0.006249999999999983,0.082638888888889109,5.2103371489280613e-17,-0.068750000000000019,-0.013888888888888881,0.03541666666666652,-0.013194444444444422,-0.013888888888888798,-0.069444444444444559,0.02916666666666674,-0.015972222222222256,0.0083333333333334789,0.035416666666666659,0.015972222222222363,-0.056249999999999946,0.069444444444444642,3.5173457073606327e-17,-0.013888888888888982,0.0062500000000000246,-0.00069444444444446984,-9.6984535707571892e-17,-0.012500000000000185,0.013888888888888862,0.01249999999999981,0.056250000000000105,-0.15000000000000005,0.037500000000000047,0.013194444444444524,-0.013194444444444498,-5.0306980803327406e-17,-0.056249999999999981,-0.037500000000000047,-0.056249999999999911,0.0006944444444444552,-0.0083333333333333315,0.013888888888888853,0.010416666666666706,0.0083333333333333662,-0.0097222222222222363,0.031249999999999986,3.3755984678895131e-17,0.01319444444444446,-0.069444444444444517,0.013194444444444476,0.018055555555555516,0.035416666666666624,-0.0062500000000000359,0.029861111111110995,-0.010416666666666755,0.015972222222222367,-0.031250000000000083,-0.013888888888888895,-0.0083333333333333228,-5.764784479453026e-17,-0.082638888888888651,0.068749999999999908,0.0083333333333334009,-0.00069444444444438625,-0.013888888888888931,0.082638888888888776,-0.013888888888888973,0.068750000000000061,-2.4286128663675299e-17,-0.013194444444444422,0.012499999999999886,0.21249999999999997,8.3107933566638932e-17,-0.21250000000000013,-0.068750000000000075,-0.012500000000000115,-0.00069444444444451516,0.34999999999999981
