edge_id,h00,h01,h02,h03,h04,h05,h06,h07,h08,h09,h10,h11,h12,h13,h14,h15,h16,h17,h18,h19,h20,h21,h22,h23,h24,h25,h26,h27,h28,h29,h30,h31,h32,h33,h34,h35,h36,h37,h38,h39,h40,h41
e000,0.044043044622799662,-0,0.0010804136264723865,-0,0,0,0,0,-0,0,0,-0,0,0,-0.011385496633950963,-0.024121360814374292,-0,-0,0,-0,0,-0,-0,-0,-0,-0,0,-2.4592472008673368e-16,-0.0041711883239797624,0.58934707329210545,0,0,-0,0,0,-0,0,0.00044914987037694899,0,-0,0,-0
e001,0.32579672316126101,-0.19004273717053302,0.12153279985108216,0.059283035842030644,-0.041699397617397174,0.014407357945177045,-0.0034209389069916819,-0.01814892286720721,-0.012500052661020673,0.046864994092236413,0.11842043454491712,-0.044083617351815561,-0.031721996265663452,-0.032829271037868701,0.17409259476476607,0.14451370804545924,0.082186321475628765,-0.031928003415575529,-0.027499757797180693,0.014085251157163173,0.091406992549664515,0.14655373692996537,-0.095372976193607059,-0.020850676245523937,0.067983766103706308,-0.0035259724954344127,0.0093074924187150892,0.013833680400703895,0.043029741874269029,-0.13165146466856426,0.085693201380608985,0.025928971001191039,-0.028590251360526404,-0.075114525471374122,-0.10050554574274555,0.014411593961613688,-0.024430008986901008,0.012252460018850282,0.09512281594509063,0.069795329209740076,-0.03516653254475674,-0.051923584520234455
e002,-0.08898425079512351,0.26093487661144071,-0.052845175261183472,-0.0887796845567837,0.055286848872610143,-0.021018660132567361,-0.0019688674034118864,0.031288687158846813,0.0016931981919217939,-0.051918967897305351,-0.15544197636773138,0.03757143320299193,0.030112936793513925,0.043641740308431126,0.15179459451461783,-0.029917900750100236,-0.10157719990952187,0.014649881422691229,-0.0022520297714726622,0.013352813380302069,-0.13725292805874781,-0.20984330356616246,0.15613123966773026,0.032424240397610653,-0.08553535090480191,0.046476503447982778,-0.017789566893973367,-0.042129829777058321,-0.086676774027148532,-0.1088012979701941,-0.06335915767678936,-0.033940444676815833,0.072120910143045391,0.12232209673330939,0.095042210310210096,0.035496086129075718,0.020660819682790578,-0.015563349984396782,-0.16166908196454577,-0.075882019239852425,0.039051936020151438,0.064583587904781734
e003,-0.28085551698893652,-0.070892139440907609,-0.069768038216371356,0.029496648714752952,-0.013587451255212952,0.0066113021873904412,0.0053898063104036997,-0.013139764291639319,0.010806854469098733,0.0050539738050691431,0.037021541822814183,0.0065121841488238151,0.0016090594721498222,-0.010812469270562331,-0.31450169264543326,-0.090474446480984905,0.019390878433892745,0.017278121992884355,0.029751787568653359,-0.027438064537465376,0.045845935509083099,0.063289566636196934,-0.060758263474123539,-0.011573564152086845,0.017551584801095994,-0.042950530952548624,0.0084820744752586406,0.028296149376354284,0.047818220476859442,-0.34889431065334725,-0.022334043703819757,0.0080114736756246412,-0.043530658782519355,-0.047207571261934901,0.0054633354325351463,-0.049907680090689355,0.0037691893041106369,0.0028617400951694719,0.066546266019455014,0.0060866900301125432,-0.0038854034753947921,-0.012660003384547421
e004,-0.044426292159125885,0.17144160708437392,-0.17307827578922078,-0.083860211838378967,-0.093257082634264965,-0.11828471347449306,0.042159176931190416,0.031080239942756997,0.069239151038349114,0.030872044833834843,0.046643837148858058,-0.011586801754753313,0.034008815566712314,-0.014902431948517338,0.026232707318306334,0.039646247976684049,0.035956619071058626,0.034374933003640903,-0.058231574473921126,0.0013787274843313773,0.10785806358868975,0.14823855684856277,-0.084768251408601919,0.0027339992546269081,-0.076933864361384718,-0.23497473254429527,-0.01139617245021975,0.040096520191139004,-0.26755472812578268,0.0026716900281903758,-0.0032360359662252838,0.013114385782103413,0.18559073601719103,-0.057980611234260702,-0.068153170961792853,0.019425813705148183,-0.081795076761361815,0.030370369594690201,0.055750123706059668,-0.0082967754585627652,-0.095182498198978879,0.022972547559871836
e005,0.047974296132789418,-0.065145765393545135,-0.087151567973805438,0.090570076241939759,-0.010746180529433914,0.084058350839719007,-0.054673902015537845,-0.013824197699640833,0.03349703669347074,-0.032966337559611265,0.035798580720492815,0.011753515659743131,-0.21666474576763817,0.019893681482971732,0.0047954566477099725,-0.13801066575784104,-0.035205695597849251,-0.10439834547981729,-0.023460089662344922,0.081967980285906586,-0.11956443933220375,-0.10109640482067798,0.039616056679839785,0.033264267474370432,0.11589668380329357,0.13762143743168431,0.088524055033865734,-0.032909006785358505,0.34354844929050016,-0.030026563080191828,0.035618649457590315,0.066942887092534431,-0.018177823155744642,0.057883669034566425,0.0053561365519920424,-0.060260947958080541,-0.064783225517043977,-0.11799462233704215,-0.032715354153975758,0.055096590010137378,0.0609630809468222,-0.03749153346801961
e006,-0.019949515396446477,-0.0058786237945700117,0.064244152996923265,0.053629275656207127,-0.00051226786788028875,0.018099185861002808,0.024801278794903972,-0.02869574131542519,-0.046043244046201005,-0.13100586094659289,-0.043297792544898517,0.048780168307645533,0.20165989297310641,-0.025198304156556939,-0.055565457392770065,-0.0039977504247747245,0.10785105811028387,-0.090765381885227647,0.027287857134805645,0.14167822430777219,-0.0075841529530917759,-0.056048851102327463,-0.069742435930133004,0.017152953895996921,-0.13176812873373683,0.12929066366226064,0.10899777792115743,0.0020872239847917937,-0.074300741752349617,0.010022433894384068,0.0056751801834839686,-0.1526229021481095,-0.21876610234431854,-0.015520297383890359,0.047825493104754355,0.079749417221711624,0.016392142491783536,0.25279125754676662,-0.050338439469078053,0.063582995827628122,-0.022838473130677734,-0.14450947502899728
e007,0.016401511422783149,-0.10041721789625957,0.19598569076610339,-0.060339140059767524,0.10451553103157919,0.016127176773771457,-0.012286553710556945,0.011439699072308468,-0.056692943685619002,0.13310015367236916,-0.039144625324452134,-0.048946882212635413,-0.019003962772180943,0.020207054622102424,0.024537293426753648,0.10236216820593091,-0.10860198158349284,0.16078879436140348,0.054403807001460705,-0.22502493207800972,0.019290528696605091,0.0089066990744424181,0.11489463065889509,-0.053151220624994111,0.092805309291828508,-0.03193736854964889,-0.18612566050480323,-0.009274737390572059,-0.001692979412366985,0.01733243915761749,-0.038057793674848968,0.072565629273471655,0.051353189482872298,0.015617239583584869,0.014971541305046817,-0.038914282968778705,0.13018615978662193,-0.16516700480441521,0.027303669916993824,-0.11038281037920258,0.057057890382834778,0.15902846093714504
e008,-0.10903394827823183,0.058127548041360583,-0.033384753839195383,0.096617177007700908,-0.090078485881740306,0.056675888639170578,0.09339372174961813,-0.018975732749165815,-0.0067248918777222146,0.065668767647047821,0.01146346272824164,0.084251875487053152,0.14049280800778538,0.058002544338890398,-0.11311470955261134,0.074672542943502104,0.09247944039976877,-0.12557121469327806,0.0077518689458377999,-0.011645833453445768,-0.03037918618052058,-0.044921870718043794,-0.053963381344092273,-0.19807528288091622,-0.051959003048779914,-0.011797883275429594,-0.021791587923028686,-0.015921412503716613,0.087627276004448404,-0.013669542336990482,0.033545809771838263,-0.0054125834468854387,0.0038325217904035844,-0.065270209286530712,-0.15807553865310686,0.12828333791940916,0.075698832758062745,-0.25755690394409647,0.22420693114278742,-0.0080858313620777913,0.0056012214266875499,-0.021741017072953586
e009,0.078151068151690414,-0.088352328361640808,-0.0019514177730136639,0.0091035217327369959,0.040701415985348141,0.0010252982129020857,-0.0024416663762690462,-0.0082400692487046238,0.00030277777715786124,0.052828152915798669,-0.0063586277689551629,-0.038066554408511317,-0.12477193624212536,-0.0050570558356267913,0.063626435128633974,-0.30527723621774205,-0.015304651402834137,0.10226834675014103,0.0070235515447323984,-0.021992820354191728,0.0019534969168986636,-0.030310276882084312,-0.0097501271952833771,-0.025802950871666668,0.082138594012751809,-0.012660637328959227,-0.059720381479567472,-0.040059077818600575,-0.17358993980914028,0.0084985506744272264,-0.0064227350333731954,0.077374394063268404,0.009341962694089977,0.08215925984763596,-0.0027823017995296162,-0.13664849818139413,-0.0088413956829426869,0.35703779896408849,-0.03555245660016923,0.0078577903316133842,-0.039112871652163261,0.0015498535806153946
e010,-0.0082706584305257645,0.0020696998710687531,0.049837020651242174,-0.22015041978878433,-0.003618156376086621,-0.10504698434270007,-0.035948397649759836,-0.0061985020157240694,0.10421452991239297,-0.032943080998983403,0.057954551484659084,-0.040112496366063982,0.016837500899384652,-0.054896640375890905,-0.043519256908647233,0.20291473071873642,-0.10500674757941023,-0.048852929648405256,-0.013393566497597088,-0.015027943689184295,0.05956411495709206,0.086959961547936462,0.086042025279247036,0.017126491141786472,-0.093976155410588361,0.031656888655954105,0.015768295566897822,-0.0090393071629108618,0.26532477246106684,0.059206216601406805,-0.012682157091516405,0.12421668259425145,0.12729224728286045,-0.066155435483236533,0.043067149959773329,0.10983044462531499,-0.096931814773135824,0.20012751663442446,-0.06093310577640125,0.006542656909929577,0.057390555294443125,-0.006643077576215458
e011,0.03915353855706695,0.028155080449211674,-0.014500849039032676,0.11442972104834634,0.052995226272478886,0.047345797490627325,-0.055003657723589838,0.033414304013594374,-0.097792415811828681,-0.085553839563863088,-0.063059386443945334,-0.0060728247124781478,-0.032558372665045056,0.0019511518726264502,0.093007531332624238,0.027689962555504266,0.02783195858247553,0.072155797591542281,-0.0013818539929733751,0.048666597496821978,-0.03113842569346998,-0.011727813947808224,-0.022328516739871213,0.20675174261079635,0.063796564446616216,-0.0071983680515651117,0.065743673835698235,0.065019797485228403,-0.17936210865637542,-0.054035224938843676,-0.014440917646948817,-0.19617849321063438,-0.14046673176735391,0.049266384922130986,0.11779069049286309,-0.10146528436332988,0.030074377698015926,-0.29960841165441676,-0.1277213687662167,-0.0063146158794649583,-0.023878905068967515,0.026834241068553845
e012,-0.092378022435872509,0.063518098324227931,-0.16978987297258949,-0.030286129838681328,-0.018665708051391176,-0.026643487547118924,-0.020270295518189096,0.10191851521237009,-0.073743376085424264,0.088230252909300422,-0.038143243344057227,0.10552835204376676,0.12883932657299307,0.056521972516233414,-0.01574092239660866,-0.076707711253807209,0.034171742199794006,0.0034235145984748278,0.10114125452025918,0.033729879446549128,0.082817509334373735,0.24976852416248405,-0.06317432631907785,0.034070031373056281,0.020668601656455805,-0.15515134057472496,0.10008987312110446,-0.24767104732132586,0.088196397881599428,-0.02271894237706807,0.065391306791688211,-0.052478595277898256,-0.041782910474191789,-0.0040361848701715372,-0.077777811540230474,-0.15698174624973499,-0.043090730069945356,0.016795771075761214,-0.07406809536891823,-0.022929945484634222,0.07033636462933629,-0.020305364958571215
e013,0.11587466044561461,-0.017229914935808735,0.022601810968668836,0.0012178065136870123,0.059555454335226958,-0.075583400021088695,-0.011672524814399607,-0.034986861550461608,0.0037319925071711314,0.0080141481780652141,0.097360974675855957,-0.01117337025369838,-0.045407795282994448,-0.0030115286548697212,-0.04927123083307039,-0.057981101256849188,-0.027145874116293531,-0.069517171384123388,0.0062582424692567981,-0.019225844786218388,0.023649364798475854,-0.10527573878044463,0.047496951661970717,-0.048522331108574651,-0.026144424837871369,0.066288350624138334,-0.0023401799221363564,0.51249879378248586,-0.002582959999855583,0.015070629631700964,-0.011440749184745698,-0.0021815454060207561,0.016880606247708759,0.0079167561563399918,-0.0040396405932987337,0.10215295220210972,-0.0077597655159950965,-0.017446066096899027,0.070084622855056011,-0.022936026569713823,0.012013408701141029,-0.022730860659986443
e014,-0.060769817182676517,-0.086876253107825402,0.17540084713650747,0.12012046321250899,-0.075010213926053212,-0.031326877780733571,-0.0070127403157282681,0.10520518814547994,-0.051855862556663322,-0.10331655962174888,0.021514872511184439,-0.11374402729403008,-0.09166481739606791,-0.079132231261730315,0.023595690125039474,-0.076981116648216066,0.15844559240490433,-0.14308730398723152,0.0032610140203377818,0.14133518555639429,-0.034053591092283828,-0.063972335083219589,-0.0028652482327686732,-0.027098074862432955,-0.079136079240237897,0.0080593010862166012,-0.17253995748775539,-0.16638906522299848,-0.044471445398225153,0.0012666798283862055,-0.073955118902640934,0.13073156859195473,0.052969892323912082,-0.17030696104531359,0.15103000492102819,0.021132128975017209,-0.070311767095632333,-0.074075851209537247,-0.029496094724786058,0.0038227703854757794,-0.033797523114368677,0.022845424492282055
e015,0.037273179172934247,0.040588069719405838,-0.028212785132586436,-0.091052139887514622,0.034120467642217794,0.13355376534894114,0.038955560648317171,-0.17213684180738839,0.12186724613491648,0.0070721585343829583,-0.080732603842983239,0.019389045503961304,0.0082332861060692847,0.025621787400365553,0.041416463104639416,0.21166992915887178,-0.16547146048840472,0.20918096077287998,-0.11066051100985358,-0.15583922021672517,-0.072413283040566073,-0.080520450298819879,0.018542622889876022,0.041550374597951051,0.084611902421653368,0.080803688864370532,0.074790264288787212,-0.098438681238161463,-0.041141992483519012,0.0063816329169810492,0.020004561295698269,-0.076071427908035533,-0.028067588097428674,0.16642638975914517,-0.06921255278749866,0.033696665072608212,0.12116226268157286,0.074726146230673654,0.03347956723864829,0.042043201668872064,-0.048552250216108123,0.020190801126275165
e016,0.002171968234878488,-0.016587673396515089,0.035288855985723629,-0.060555638790990657,0.086243671630209129,0.17491656674286571,0.075339533315339699,0.071649041557552418,-0.091778841020496243,0.027910991332815431,0.074165590064571227,0.11968020593886204,-0.0074397782246811844,-0.19306444744736098,0.0086143223156199111,0.070917996375863754,-0.033877436871542981,0.078749178549983229,0.043606227252723909,-0.0059787095159868804,0.029040719997272896,-0.054931517956933698,0.045540204265578962,0.095648582582297664,0.015364531741345408,-0.05151941363798905,-0.041837968815462354,0.044649696707646368,-0.0050473152226824646,-0.018329107433436402,0.18182226951010796,0.13987832473713438,-0.072713777814427324,0.017510126740333282,0.29234166786671939,-0.018794791087079314,0.13594362339043473,-0.097778540044552317,-0.0080988726023372357,-0.065963371879373289,-0.020557579114967826,-0.12736989668885751
e017,-0.037825793002976282,0.0029639981635365964,-0.023054906241717413,0.021010958927430427,-0.079392059513953547,-0.018642591171425082,-0.069295658076107713,0.073906807319988346,0.14111895901959476,-0.10017116563959329,0.0037431176561456142,0.11350907689036706,-0.035686782429189663,0.11938912314345684,-0.0066638276385613399,0.01154878639151382,-0.04771296606590681,0.20931443690314594,-0.045570152280156907,0.22559298194135868,0.050101739943562658,-0.10842344016662561,-0.10946286804211239,-0.06041961145392568,-0.025425179980049294,-0.16243373167704675,-0.059541686151801353,0.022592408549691256,0.012390470858281913,0.026857864906092675,0.080868280648026328,0.058973471370868322,0.017218901023660419,-0.11824852101709737,-0.22871689893622912,0.091176269808512317,0.034171641306815805,0.012337038702943207,0.099158708284738578,0.010341941645344084,0.11447009396166577,0.043799902003031729
e018,0.040518401962865831,0.10052749956127591,0.043937395267217745,-0.051807076273944243,0.11106523810997516,0.071346771420255375,-0.035220579592024959,-0.19896220427433725,-0.10801275660896652,0.16753401345646549,0.11602714878661199,-0.059732086272820437,0.064445196526671245,0.047266239205730101,-0.020326457862025939,-0.062018516200515551,0.047858646612670974,-0.26264600170339042,-0.084595484779314348,-0.086301723463921093,-0.054470217615092978,0.026397511482300698,0.014663458405623407,0.02632240808976432,0.024021051269083559,0.0092018365410509659,-0.0076605011275280993,-0.079915584464891859,0.03388304511560046,-0.029399573154826518,-0.12424459391594417,-0.12664939350343712,-0.018567799021955031,-0.0041174787361539338,0.063858790683561498,-0.058364108078249245,-0.15283429139033353,0.043579880874593871,-0.054394973310370999,0.032104420907544576,-0.18821758441467173,0.066407081156316161
e019,-0.0048645771947679996,-0.086903824328297477,-0.056171345011223936,0.091351756137504472,-0.11791685022623095,-0.22762074699169646,0.02917670435279358,0.053406355396796432,0.058672638609867697,-0.095273839149687456,-0.19393585650732884,-0.17345719655640912,-0.021318635872800806,0.026409085098174273,0.018375963184967481,-0.020448266566862574,0.033731756324779053,-0.025417613749738922,0.086559409806747506,-0.13331254896145062,-0.024672242325742506,0.13695744664125839,0.049259205370909817,-0.061551379218135971,-0.013960403030379473,0.20475130877398529,0.10904015609479203,0.01267347920755434,-0.041226200751200391,0.020870815682170103,-0.13844595624219019,-0.072202402604565993,0.074062675812722065,0.10485587301291721,-0.12748355961405131,-0.014017370643183303,-0.017280973306917208,0.041861620467015796,-0.036664862372030003,0.023517009326484709,0.094305069567973535,0.017162913529509598
e020,-0.020991446545316979,-0.032013133918018175,-0.095319114526936324,-0.014095528428561713,0.050996082160339032,0.033906788472842592,-0.01541667832501894,-0.095205788172967709,0.013104352658909888,-0.065949773524948532,0.031514348245704163,0.070829967264578214,-0.0093009909451383169,-0.086175996330818599,-0.073019123744190631,-0.022607782316058853,0.083259684790014124,-0.019574645855376605,0.08751937403630386,0.077981952840123797,0.0065874228100688235,-0.023643657796502765,-0.097597527527873693,0.14281085703440269,0.097377950361091092,-0.031019125848928051,0.083280711620309339,0.030510181549905264,-0.088021831105852877,0.015248424048480983,-0.001350441242405109,-0.028115377398448927,0.13342500226347245,0.085383937875676441,0.12530977475970825,0.2105607236005021,-0.1514443510824908,0.042912909629689328,0.17159138530187895,0.012984559145397635,0.0068578787482719838,0.28996785760420113
e021,-0.0096252589478884373,0.1509775467510909,-0.042047385004902793,-0.0051964295639897948,0.010054807305363057,0.14038821313108785,0.025781322163786383,0.19872933152646616,0.15047497299700419,-0.0087538543486185769,0.076055213633486066,-0.075789175664927669,0.065178465370243605,0.009881266721982862,0.046038603131503521,0.046161902671386229,0.090359694384419292,0.031095885870533149,-0.020958117306100598,-0.049921712376267857,0.0088587730804795088,0.0068327669561074264,-0.031428827543417658,0.10306477634509126,0.011653642234873179,0.26895250667816972,-0.087114289053335972,0.041773626569720806,-0.014917981980383174,-0.049587756995753206,0.018005713493506624,0.12058420209455634,-0.011387874252162457,0.0083084941012861735,-0.097633792674892583,0.019177842992416393,0.1632795747841127,0.042721358378572549,-0.02097780253178716,0.18884873563735488,-0.14619682431295719,-0.057397683973114656
e022,0.049716950403351633,0.081148447348191252,-0.061404391773838246,-0.036032107042189732,-0.015650520583436515,-0.11643762120864884,-0.042085421324781144,0.11258857822226295,-0.057630903700167699,0.014991253621847705,0.11485784264127155,0.031691553140196657,0.0098543917749613075,0.13025910169247051,0.042170979932472923,-0.07256426844701748,-0.08040752418797982,0.054114546209064876,-0.044814214423993401,-0.0080754861396664518,0.017994370408962283,0.027827122420006289,0.024701201927715397,-0.16345707636323609,-0.076350512745060245,-0.076275154840028128,0.14872272202657877,-0.079309560339729829,0.17789455245580446,0.046212734336407171,-0.022099603602689033,-0.070731421709387371,-0.10863124811444255,-0.026043835612662585,0.011783648421451597,-0.21206026225892632,-0.036181813921164444,-0.057335013027849199,-0.058058230413213147,-0.10238700300745698,-0.016339522759200246,-0.26503849524619766
e023,-0.019100244910146138,-0.20011286018126362,0.19877089130567721,0.055324065034741424,-0.045400368882265313,-0.057857380395281321,0.03172077748601386,-0.21611212157576135,-0.10594842195574597,0.059712374251719214,-0.22242740452046184,-0.026732344739847543,-0.065731866200066533,-0.053964372083634089,-0.015190459319785935,0.049010148091690312,-0.093211854986453888,-0.065635786224220741,-0.021747042306209448,-0.019984754324189627,-0.033440566299510623,-0.011016231579611117,0.10432515314357564,-0.082418557016257582,-0.032681079850904002,-0.16165822598921364,-0.14488914459355151,0.0070257522201035046,-0.074954739369568202,-0.011873401389135049,0.0054443313515873878,-0.021737402986719983,-0.013405879896867475,-0.067648596364299929,-0.039459630506267745,-0.017678304333991795,0.024346590219542351,-0.028299254980412931,-0.092555352356878728,-0.099446291775295237,0.15567846832388554,0.032468321615111359
e024,0.011962316484458071,-0.026627884696757632,-0.052826948177500367,0.17472114713993833,0.045819395140758667,-0.15510084649233738,0.022328898128163643,0.11254559108030415,-0.15366283339097503,-0.050500419738822799,-0.092641471996795538,-0.076133094544182031,0.017253001905075303,-0.15093011277492968,-0.011522905895053229,0.14180286538463716,-0.098137907866884116,0.047742632363531982,-0.15053849947777087,0.010747568051651949,0.096550626066105441,0.043881450943764722,-0.02789395373741866,0.02625342699231209,0.024736610608589518,0.056834268559562827,0.036104510965589864,0.08757056993476478,0.0080886492758067453,-0.012759829726949405,0.022338893023695214,-0.064149817320162922,-0.16074069795770285,0.067681089593409044,-0.02944678223042416,-0.058876705876302719,-0.10930461205464825,-0.096753655563905833,-0.14104059164250479,0.065072381844349311,-0.14644623213928021,0.1611084744266662
e025,-0.075187836199749905,-0.089013651557697693,-0.068590746957234869,-0.13683600588049771,-0.12298248316136617,0.087533097864444104,0.14063384197552259,-0.0020355449286538103,0.23430139751032872,0.19263409043765706,0.099677991651007408,-0.037357314417515816,-0.0046675774360330421,-0.17107061625150888,0.03434761598430771,-0.074984551576746453,0.010543194045903578,-0.10739925178817794,-0.0036059550311530429,-0.024570431533767242,-0.056194671564442585,-0.025326472516291651,0.086162410972730349,-0.030803185694318086,-0.086752078073487601,-0.08247988183367494,0.016524458954528577,-0.027697583448026995,-0.028002922268292197,0.050348675922608589,-0.17941283630356794,0.015396352223266963,-0.163751613889979,0.087953935158513061,-0.073838040603553395,0.057446331526996658,-0.021663319622363279,-0.097806193562085808,0.031131304470587529,-0.029616890242497383,7.8192610068607976e-05,-0.016341970146606762
e026,0.087005305225351784,0.1001425704723846,0.10397490858646379,-0.11044865766607062,-0.014625058372296565,-0.044549240827209256,-0.050417598591561891,-0.15134285284054344,0.046048037844779066,-0.0039371458746986976,0.052075620882939606,0.043319674465646357,0.049851705378313314,-0.044404991356291161,-0.032151987246018171,-0.017428813296958046,0.12718366588215677,-0.054279605430159243,0.24346012254420485,-0.0030557146142946336,-0.055880520226066661,0.0028701234137385873,0.082355911450407743,0.042400208856025662,0.014972216663036836,0.055073157523319531,0.015613699255259801,-0.059559357155425784,-0.031594043977175641,-0.061313995455336848,0.14606319689240027,-0.068643881952293873,0.21392386982898134,-0.073884414372253127,0.10052011880589944,-0.072330135064450157,0.18024865296627174,0.050432121708322487,0.060079855614228225,-0.088942436731173607,0.11199323437621782,-0.12492450525362619
e027,-0.023779785510059905,0.015498965782071217,0.017442786548271534,0.072563516406629849,0.091788146392903863,0.11211698945510118,-0.11254514151212411,0.040832806688892734,-0.12668660196413237,-0.13819652482413547,-0.05911214053715122,0.070170734496051143,-0.062437129847355839,0.36640572038273045,0.0093272771567638867,-0.049389500510932528,-0.039588952061176304,0.11393622485480513,-0.089315668035280349,0.01687857809641035,0.015524565724403474,-0.021425101841211248,-0.14062436868571884,-0.037850450154019943,0.047043250801860892,-0.029427544249207682,-0.068242669175378259,-0.00031362933131190088,0.051508316969661072,0.023725149259677482,0.011010746387472226,0.11739734704918997,0.11056844201870084,-0.081750610379669103,0.0027647040280780986,0.073760509413755698,-0.049280721289260254,0.14412772741766949,0.049829431557688562,0.053486945129321589,0.034374805152993938,-0.019841999026433129
e028,0.13338243703378053,-0.064058835419302199,-0.049054848565878419,0.015795988296971868,0.037250416779054267,0.028378443898189692,-0.10807700656523869,-0.18090619262122434,0.012246194924261532,0.015283963926469059,-0.18753427428887604,0.09765576227800199,-0.052093657095067698,-0.14245216894570081,-0.0042893620914201992,0.14804217746912887,0.059753586017850392,-0.0093934675762468167,-0.2414475623615174,-0.13083219541409385,0.085331686076653118,-0.12924380338455521,0.021610814706748114,0.067826264942479661,-5.9795868126533841e-05,-0.023779628610220645,0.040129349970859041,-0.14742664294937566,-0.065253157626641162,-0.0043898748402142048,-0.018352878561685229,-0.011331150567013649,0.021995962422998921,-0.045545269738002728,-0.058880459766072438,0.076935570901706912,0.046040194497339516,0.0346206077588678,0.023451460418079207,0.14022283395380497,0.048928780967631674,-0.11904229455214951
e029,-0.043523498840629872,-0.045788608047794589,-0.1246389546414738,-0.037216266416899145,0.066706596790757938,-0.022543650282325644,0.10277228647044814,0.012936775225381142,-0.038064178909571367,0.042407130768572374,-0.0017474064774645609,-0.052675646012800989,0.029750416600119282,0.11022988401532441,0.07742644455108022,-0.047698130296199445,0.31285536639282063,0.00785087858874986,0.078155065217984793,-0.036009240178148549,-0.047891781351708476,-0.012090847824926212,0.070230406129488998,-0.051672847892826876,0.019194865514230754,-0.050255592216110624,0.013562943554547333,0.020821368207561582,0.056168546736296364,0.06708723301784271,0.30641052317949152,0.090802441587624294,0.0051903190512582673,0.048992601363517262,-0.064889322014457795,0.033023890738509129,-0.049090431732637413,-0.046334442133484768,-0.17281389008273057,0.0050304851557744987,-0.068459839604201086,0.10257820025990826
e030,-0.048003158323307371,0.11963677197587505,0.1884597495184728,0.0069381135476614259,-0.014494466985998919,-0.044353015752376178,0.0053468052195266083,0.11617004594867564,-0.023784553026245485,0.022864373646324057,0.12017746560574374,-0.054862868785866492,-0.0043903987858719823,0.081661179510588863,0.086566054603684592,0.015954889098479672,-0.21791408380942376,-0.062443780438283615,0.13711521330256016,0.24480626511709783,-0.059397147146640017,0.16751773368472714,-0.0064608368608627918,-0.0022040406588700531,-0.061428452283470089,0.055403440490543229,-0.090358881624945139,-0.016361804124581381,-0.018436136949902152,0.0054494071324439992,-0.032887658159303612,-0.032434507462834876,-0.039697795947292336,0.18612474155290729,0.0018290340633727383,0.12147864115854966,0.037456435194142143,-0.016588719510532399,0.00028315485156895498,-0.092090900220671928,-0.038861265959048555,0.08342217408882252
e031,-0.041855779869843221,-0.0097893285087782972,-0.01476594631112081,0.014482164572265697,-0.089462546583813529,0.03851822213651232,-4.208512473587861e-05,0.051799371447167619,0.049602537011555335,-0.080555468341365469,0.069104215160596644,0.0098827525206661507,0.026733639280820849,-0.049438894580213409,-0.15970313706334449,-0.11629893627140893,-0.15469486860124709,0.063986369425780981,0.026177283840972086,-0.07796482952485595,0.021957242421695777,-0.026183082475245985,-0.085380383975374258,-0.013949376390782517,0.042293382637366227,0.018631780335787891,0.036666588099538926,0.14296707886639543,0.027520747840247047,-0.068146765310072632,-0.2551699864585032,-0.047036783557775685,0.012511514473035279,-0.18957207317842228,0.12194074771715699,-0.2314381027987652,-0.034406197958844212,0.028302553885149666,0.14907927481308247,-0.053162418888907527,0.058392324595617599,-0.066958079796581221
e032,-0.004811814748268842,-0.10702530891764056,-0.051980995021785416,0.12461655984875442,-0.1427806237025423,0.034055831995232148,0.11356532712822986,0.005579457190705607,-0.13838753717819924,-0.032690427651560175,-0.049930077570764328,0.034030764925549357,0.15882108596558495,-0.1999569507937661,-0.034172695183249224,0.022096798483255957,-0.23735674963511996,-0.090621284721847689,0.011471179867068929,-0.048581029811330653,-0.031449943309998805,-0.050614259735016792,0.030383875165794549,0.12827540647967164,-0.025321604767657404,0.023462792234040047,-0.016848359196029609,0.0056399886679512718,0.011568080076195194,0.021938640247464333,0.18380541318099303,0.14395967899030487,-0.070793710179058986,-0.045974659749326775,0.047515606616430332,0.054269892633805862,0.045267538667666932,0.068571563332137209,-0.092149658350193869,-0.13286684751395131,-0.042989704987984004,-0.058377951086649033
e033,-0.014085818344733594,-0.03097028425105481,-0.027460807349671455,-0.095938678888930623,-0.081367518092089836,0.026550651543889026,-0.15609032222811517,0.15180537950740175,-0.0013815486457902371,0.038513531081927385,-0.036438894235612418,0.16434117054848749,-0.1068149741396353,-0.01870439719675664,0.071745453553733282,-0.057798783808243111,0.067886234104462415,-0.10771484275726204,-0.06438685704402701,0.069587024641225723,-0.04015956141931544,-0.014911188231109096,0.11783025368709342,-0.036438059150781223,0.064465372075290628,0.0092182454222528472,-5.6961214524392512e-05,0.034257899336368587,0.059057013357312733,0.0016306452449383294,0.01582663896232776,-0.21721415903568378,-0.039389879203177269,-0.064209382532700865,-0.10247528957796638,-0.054128025724441503,0.20599947285194076,0.11686527641742749,0.11230250236418521,-0.0080442822751883476,0.039243163376425659,0.21466858680271872
e034,-0.013878681285793421,-0.075921132843462413,0.049998413794970456,-0.051022256310338264,0.24660305096074736,-0.048493799920793244,0.0052948309752208905,-0.060315322503880331,0.11365753467964879,0.069849112751437625,-0.0071315376246576479,-0.023319310287025066,-0.014016627684195416,0.089372314147764031,-0.058077639170128793,0.11881281358836068,0.15523723000554215,0.14944400311451858,0.12178577304681133,0.11316362151795527,0.055006591741754415,-0.0044965717279088629,0.031563695494785091,-0.055399975759523809,-0.031905099941158227,0.12683526388298025,-0.044132629916866291,-0.081622692583039266,-0.026454864362483954,0.0045938212678734783,-0.15367453805631898,-0.0062765558710577429,0.00079218913094153409,0.036385959018549865,0.053542435938083527,-0.093476972389604979,-0.092639787449500438,-0.12418783172851841,0.025012177258015522,0.20307670090323618,0.12989516169291368,0.033158710676911958
e035,0.032776314378795864,0.21391672601215758,0.029443388576486269,0.022344375350514097,-0.022454909166115568,-0.012112683618327902,0.037230164124664469,-0.097069514194226769,0.026111551144340932,-0.075672216181805169,0.093500509431034967,-0.17505262518701178,-0.037989484141754438,0.12928903384275908,0.020504880799644843,-0.083110828263373432,0.014233285525115158,0.048892124364591116,-0.068870095869854028,-0.13416961634785016,0.016602912987559542,0.070022019694034668,-0.17977782434767273,-0.036437371569366474,-0.0072386673664752536,-0.15951630153927329,0.061037950327420466,0.041724804578719674,-0.044170229071023713,-0.028163106760276068,-0.045957514087002202,0.079531035916437023,0.10939140025129461,0.073798083263477615,0.0014172470234523474,0.093335105480240307,-0.15862722407010724,-0.061249008021046172,-0.045165021272007319,-0.062165571114096568,-0.12614862008135538,-0.18944934639298128
e036,-0.054139201586303642,0.062465594978177469,0.0093625833466351397,0.07495814372498473,-0.008649350900481436,0.095317123374927704,0.26464934578679722,0.038475879749083952,-0.083572931387613861,0.05618994915920477,-0.059639311205635009,0.080443165644765224,0.011735186296650806,0.1323728924886059,0.013211581195057909,0.11527924391682454,0.059847206525085989,-0.13703957031816708,0.028215167573763723,-0.055237497529095431,-0.085481612805299367,-0.034376612415557839,-0.1647471509821222,-0.1503652905207149,0.11671963768226601,-0.0446397247322491,-0.023782529189176328,0.070161599824323448,0.04959161326494764,0.12714867504974334,-0.085891495770271678,-0.050217275774713882,0.061029101183120577,-0.042224293089449319,0.062083362965011157,-0.09704760227991964,0.018119576319686626,0.049100198875226021,0.20344826614395992,0.042241798843290941,0.058420447711413179,-0.057450539408568799
e037,0.04676660767159356,0.24144436924132218,0.0032163272266389404,0.010302984480090482,0.061528202247025474,-0.098995698534301707,-0.085679853309404974,0.061352429001969154,0.007008438978068153,0.015862517667864433,-0.10411671645799286,-0.04337953848043534,0.014294542193191482,-0.20456074526283041,0.095168405254654143,0.026991133739014617,0.012285261827550589,-0.071019925869662839,-0.085625496482268804,-0.041870739268122577,0.13610242353035717,-0.17348394361354511,-0.066707353421798468,-0.034164222835155016,-0.033803095925229058,0.026800046440197664,-0.052993292396552587,-0.048951862571744033,0.053494484218401625,-0.095656232718957387,0.0249665128243119,0.094542656041699633,0.0072261341681248668,0.098327781521658109,0.020896302381044833,0.034150129194251928,-0.070505730343121797,0.042836579497424671,-0.15152715542322054,-0.00043645488231636165,0.22053825675897964,0.11388051504625786
e038,-0.040405809396493686,-0.15381249447276751,0.058316815917853378,-0.035662943860719769,-0.0018199561294213462,0.023805691013289713,-0.26644330989194231,-0.10797986710314035,0.045642886142386152,0.12524050752000143,0.061298895161736804,-0.058403912099621931,0.091175252130696133,0.028817953405502826,-0.10307961666424345,-0.13924978656147166,-0.0129304567110471,0.12483906127380862,-0.031154861779463888,0.11130119953275587,0.076005246491498799,0.048671687264896492,-0.0057782138108379566,0.087735883667803244,-0.17325857402466238,0.064492307240431174,0.11011662980996004,0.051868770160045603,-0.0017158139821543547,-0.027141459611945445,0.050207327251960865,0.11457706927560823,0.0039115931874240464,0.059391064495804953,-0.090128557328191528,-0.050025713347587555,0.076021968642831089,-0.048491676803206561,-0.059316385155339608,-0.10345027451701956,-0.15527268770349634,0.041470914141217521
e039,0.047778403311204108,-0.15009746974673238,-0.070895726491127548,-0.04959818434435527,-0.051058895217122986,-0.020127115853915419,0.087473817414549904,0.0081515583520871231,0.030921606267159955,-0.19729297434707097,0.10245713250189119,0.021340284935291814,-0.11720498062053925,0.043369899368721744,-0.0053003697854684707,-0.0030205910943675901,-0.059202011641589294,0.083220434914021452,0.088565190687968892,-0.014192962735537886,-0.1266260572165562,0.15918886876420649,0.2372327182147585,0.09679362968806704,0.09034203226762566,-0.046652628948379897,-0.033340808224231508,-0.073078507412625088,-0.10137028350119522,-0.0043509827188405606,0.010717655693998584,-0.15890244954259386,-0.072166828538669431,-0.11549455292801357,0.0071488919821351398,0.11292318643325533,-0.023635814619395595,-0.043445101569444068,0.0073952744346003491,0.061644930556044739,-0.12368601676689656,-0.097900889778906319
e040,0.012031757022593055,-0.047255722531949824,-0.014100483870822132,0.18615710729451121,0.0072802115678660319,0.015376247254087446,0.095161523837895862,0.096540591686295141,-0.14901902422111932,0.013596504917034895,-0.10589526922936413,-0.0044531174999240869,0.046597139799613566,-0.12540167312844616,0.011257558416204228,-0.070237144741410823,0.0073600480102429325,0.10787399842093348,-0.14700526756528293,-0.0053118291072956902,0.075772636655243794,-0.0084975828516896598,-0.104193762712671,-0.24871954331065768,0.009937038273877815,0.018036472352982884,0.024488310331657308,0.060611028611462045,-0.041513917462013994,0.04569348009445464,-0.043634653851902093,-0.00085184701938005591,-0.13935749898534303,0.07143487393667404,-0.049824482380787655,-0.09193497416025756,-0.079183277343922248,-0.036820532231942149,0.093759130470286889,0.036718938255658945,-0.18533881544546188,0.16635413855195796
e041,-0.054208642124438662,0.083093432813369658,-0.029363880960043241,0.063522183570412213,0.029889832672411659,-0.075159970371497034,0.19181672007706535,0.05448087914309277,-0.088216740557469697,-0.007906975496653014,-0.046385513973066721,0.0087631886005071213,-0.01760895159788789,0.10684445284212236,-0.0095688831161994045,0.32731925404287254,-0.045650749352040998,-0.19717093637556898,0.024681935661275856,-0.039178100370147906,-0.064703623394437831,0.018002421379896619,-0.088447342006869822,0.12460767978225461,0.13151921001697819,-0.0058419285256692093,-0.01216632855524389,0.09712114114762628,0.099194180002768223,0.068695365228339467,-0.019917948894674256,-0.11351524607549701,0.039645902210760836,-0.045978077432714218,0.082461063115374947,-0.063989333995964348,-0.012001758391039528,-0.010832924456737399,-0.031351455968831328,0.070595242431981647,0.097313031017595419,-0.062696203533860378
e042,0.026822546400463762,0.058563799781043237,-0.057392148006029042,-0.067385870364286005,0.085418908246644304,-0.10487294270608927,-0.046769681385683236,-0.10186896847301247,-0.083788210876393696,-0.035243860699903158,-0.059091679051181532,-0.047958906871556788,0.0043776552181971637,-0.063749039001083821,-0.020314270821146955,-0.0043077600736548547,0.027653736129402005,-0.0034874651752323429,-0.11639748732162292,0.20643552356530942,-0.13010278823875532,-0.049462701285522069,0.10703341256267351,0.046612600623213776,-0.063243093139560946,-0.1220959057482892,-0.031986868912159419,-0.15305076033238321,-0.04511536694640509,0.011349962961785573,0.026329016279947576,0.090927083687711172,-0.10756258903864679,1.9094132001925202e-05,0.086715732224510039,-0.025869046258479425,-0.11779989725742063,0.003439256573363031,0.30531049655195025,0.12324918183264535,0.032670523005449641,-0.032333523171426917
e043,-0.06130400104805795,-0.076624823320070826,-0.020315734617144518,-0.024679988237513096,0.05473135229810535,0.071022792229131798,0.0649756050338577,-0.024403188517583871,-0.0029421920311679837,0.0072673526038714367,-0.1202054112968986,0.050181559975234144,0.071875438247530732,-0.025376159389938882,-0.056079442845333255,-0.099256642180990978,0.11780621466084773,-0.048839820689912286,0.16784502983340061,-0.0034966023881120626,-0.0095106267745546855,0.076499030652509015,-0.017309771075852989,0.16946193324779588,0.070675480501036336,-0.043014963874341665,0.036550517842863312,0.32239339506974618,-0.0098594201532403551,-0.051273942537492206,-0.030880159585274375,0.033846391958594485,0.098559154819166966,0.063036594254294545,-0.035194252319682068,0.20450741145363907,-0.042192627630220386,0.01152850046765443,0.030600336029849115,0.00712413523177724,0.010614698894398263,0.18585440887395591
e044,0.013490008102277325,-0.013952110378990561,-0.017611231903762469,0.077970330173237054,-0.089154178384410393,0.06775693894980013,-0.033622601973193535,0.031066368817627844,0.0998347555664717,-0.037973265428916644,0.21081143859378432,0.068607314160900781,-0.085554084410866121,0.0029492020602037224,0.0033745899222895029,0.080956619938587215,-0.062200266000235371,0.032752640009767818,0.036071831524525963,-0.12495696833707327,0.14620083782337867,-0.050679987163489655,-0.18732116901469401,-0.073263676836606784,0.089945562999615536,0.13409174377370281,0.078717062689605211,-0.13883245318745796,-0.033047044006207643,0.055172403624187696,0.0032007020629215631,-0.15288885304475477,0.14242843648295234,0.022328249489380069,0.073788294854880671,0.031922358405342487,0.0085481738051501541,0.027945152588671793,-0.16431944727992015,-0.11738875791902516,-0.036427343151575808,0.13644697190167174
e045,0.29356073283490575,0.10489522369045653,-0.18494940293680051,0.1072080098895051,-0.093045595595533243,-0.0020051055051038625,-0.090588134854536762,-0.018596558130662355,-0.090070331231999382,0.054481917053680468,0.006081352924261138,-0.0044425200160797471,-0.058391334173220108,-0.013678444497692633,-0.034464714105605122,0.019836038541367822,0.14456228681447861,-0.02138332605141758,0.27702338225883211,-0.053418387326915125,0.047556118865286962,-0.09692785668788502,0.0097061521963047268,0.002518561344157122,-0.074036716075702252,-0.028054682709835983,-0.062771666311433924,0.010544413829421343,-0.0025498959988208272,-0.13809921190185448,0.0096824324281552798,0.10924298509584762,-0.070588350603880093,-0.065874409911832188,-0.044694719225081579,-0.067972727244827891,0.012273462459941785,-0.034914809980930717,-0.0058774036869453095,-0.023719764792637862,0.024460537162741668,0.0308400337005937
e046,0.057001617711886964,0.15797225348687541,0.25154004124318924,0.091297600766953743,-0.025579205319788856,0.019002685755470938,0.12008497015256575,-0.027709582529229254,0.094933633123422151,-0.023367886009278048,0.05952229604680425,-0.0045848623959056437,-0.029860124050380719,-0.013631021125320322,-0.17753201346204311,-0.13869442346667404,-0.11562236174750433,0.025391475897311791,-0.097542457651935255,-0.058319421702385008,-0.011975616530683578,0.053181551898071444,0.033929754879894761,0.096311463669902633,-0.05769583479718858,-0.037097196947680947,0.12094183012987175,-0.062887668644972708,0.013303841087017623,0.1265653377996403,-0.0089279702277031223,0.014457707692248932,0.020608919222980068,-0.076669871424318192,-0.069479715225908456,0.011658035016667685,0.11955636297607922,-0.10154773194602602,-0.01863377324512968,0.17980110934204002,0.050778937347806238,0.13343733103930278
e047,-0.22832523293163454,-0.065085434837997239,-0.095908565137331286,-0.053991301044478537,0.024854249597402091,0.032332996601959235,-0.20694044947076801,0.082135182237311311,0.049974490884965937,0.08589441049272778,-0.089748095037101516,-0.10290471882013751,-0.088441149407562869,0.1394286902277789,0.10782383818181389,0.18426630404818473,0.0071634415141170055,-0.030885518090068002,-0.028037177299025363,-0.035961062313543575,-0.025244181598494883,-0.0031621254104903379,0.012981704285043798,0.073377846772529814,0.10680228306545987,-0.013049803215242245,-0.15521656682531459,0.063290549991740205,0.0044804226327147013,0.0032182675553744443,0.0044390358513805017,-0.061487092504796899,-0.047167927514548402,0.013184045742505871,0.078977720036035551,0.051636425398877646,-0.11826387670914204,0.1453067960203141,0.010559272960456806,-0.062850868141868119,-0.10277256203052604,-0.12290456969400537
e048,-0.12223711761515776,-0.19778204233933516,0.02931792683094234,-0.14451430961198011,0.093770551317919643,-0.049330576852326516,0.17744361417273821,-0.035829041577419771,-0.05483779277638863,-0.11700844153712994,0.024144446066035944,0.11193210123212276,0.1766926076311636,-0.11211922460476642,0.10417288938583455,-0.065407919122878258,-0.036103366581091284,0.026877368244173742,-0.15144374730787208,0.14769887134284354,-0.010336320736108474,0.046908430200304121,-0.05661761136124293,-0.17220787178658958,0.024930267807430819,0.078201682872759151,0.097046403006876836,-0.01094729517618926,-0.015234367720911314,0.0083156065468396618,-0.0051934980518324667,-0.062213600283299537,0.097147358895448385,0.12936023559364443,0.035196714414954214,0.0046782668292824486,-0.013565948726879225,-0.0088442540933575328,0.013951903971618339,-0.093230476407533916,0.027533087519977836,-0.041372795045891197
e049,-0.082828434923543318,0.056879480506014872,-0.05432322772296725,-0.13942834234713625,-0.016974533240752876,-0.18844983431903531,0.17944106839655627,-0.08820590827582786,-0.076137991699364804,0.10249467448991836,0.03853860487666802,0.0027082411153255062,-0.17021037100071099,0.031348290044627782,-0.038911466431644046,0.007619314291155292,0.0066327786938222694,0.06350496783538756,-0.047718972828067349,0.076059198350928447,0.052606148072366715,-0.0088196781811809219,-0.050686871524080732,0.059390221806876628,0.1096224807493949,0.15520575906744308,-0.082366759618864943,0.13571751589665423,-0.014274170977645996,0.029306130873670785,-0.032627283314232591,-0.025145463575430606,-0.087605910514515772,-0.20747274666754686,-0.072692887436367745,-0.026970434720737013,0.15275771320683984,0.011880318679181238,-0.14423076672832963,-0.067625657314772117,-0.011549907082907858,-0.039305030024134435
e050,0.1040362450088279,0.16013688115800292,0.0056205096330843645,0.13283117543293171,-0.062702170806292229,0.00043748215028748509,0.081461109900491768,-0.019722010411606358,0.13643333907351779,0.00043753871276938378,0.0093379139088484685,0.090917933911330517,-0.012482264916034262,-0.091815354448895034,-0.032564275250477025,-0.0098179130121924061,0.092282690956421332,0.091343687839905041,-0.13016844250128592,0.073521253814461951,0.11673440541616266,0.12678496889345403,0.17655530487469528,-0.12914644451772189,0.070023721225645513,-0.026692424323297142,-0.12640922596256604,-0.036439357901625058,0.024422521921275253,-0.019336465216047122,0.043383747389467792,0.04204444532080101,-0.083751770255029542,0.19164801408936613,0.07548039388711654,0.015174790357837536,-0.11286526324422445,0.11584729203681704,0.12716903685968059,-0.065250082454901173,0.075912312428004391,0.043171451379601447
e051,-0.050246962008058935,-0.093392166152385353,-0.01644446291116923,-0.037045864363962996,-0.014333447321705734,-0.059502251877556658,-0.071619350352561756,0.15974301492517645,-0.065879912098919413,0.066898282317298538,-0.11417091323205292,-0.050579955524379133,-0.065067337881154527,-0.044648320983599631,0.16994175152951982,-0.085817689820769996,-0.10723855750220893,-0.086538110362054541,0.12685584673493952,-0.12109025223830944,-0.083532811160718007,-0.052431578162293921,-0.11204223900022596,0.052506483010123103,-0.07124666795000946,-0.021586180889429867,0.28542124101881794,-0.069866903184747156,-0.079841929680651971,-0.011101087982984837,0.047706237703318388,-0.035467594716345113,0.12941097152661496,-0.081715672010885629,-0.0053947998180785307,0.10016994294841167,0.037258721576865605,-0.063113797077734429,0.074711266010330055,0.10359044135991576,-0.045956454459439092,-0.04301410862090059
e052,0.029039151922774363,-0.1236241955116319,0.065147181001052074,0.043643031278167807,0.094010151368750711,0.2475146040463044,-0.18928282794448584,-0.05181509623774206,0.005584564724766275,-0.16983049551998602,0.066294394446536037,-0.043046219502277133,0.24775997379790021,0.10511538538786722,-0.098466009847398728,0.088016288541807375,0.0083230878519660045,-0.068310545313238213,0.051031568594413504,-0.028490199927081072,-0.085807742327811243,-0.065533712549979195,-0.013826194350388586,0.017249739700721842,-0.10839953402503072,-0.10692715385471621,-0.076645255437387427,-0.029411254810281819,0.069693578737022352,0.0011314223253610981,-0.058462701778553956,0.018568612970974754,0.041946709242929973,0.097540404589066543,0.0026072933673295475,-0.088374298585511837,-0.077151171539480604,-0.064613813638263976,-0.057649536141680904,0.029285298409757667,-0.01840595088565786,0.039147687265433495
e053,0.034706082086577793,0.096175518917337235,0.027736700653533963,-0.0036150861673494607,0.15830011808656036,-0.01652750858632477,0.014157820128071357,0.22042582572859515,0.053727889867842459,-0.025620178645827968,0.12093370362035691,0.067014347807414554,0.20371629231983324,-0.064134287598960393,-0.075934110244407729,0.0060948828453034135,0.11389686607573139,0.11120761280918069,0.12020728343843366,-0.0062619456383269257,0.06591214321577081,-0.092247448861749376,-0.01701067999637168,0.10409001555521419,0.030802377633883951,0.18800176640557426,0.0011658978488080368,-0.048115056450032667,0.0030129036265791696,0.056206403962324229,-0.049778033018516778,-0.031955108615363506,-0.1391627840501955,0.015303844562712998,-0.014687796975467713,0.072697498109408107,0.12340655876694598,0.062551637572451982,0.056124737782910467,0.12288122515698674,-0.10910697217429288,-0.084182500380489578
e054,-0.066874386239013803,0.033436081224429128,-0.067289371720419183,0.011294625139814725,-0.22353539785476489,0.11624449915612982,-0.053623933875255492,-0.044819265090499501,-0.1971102563881667,0.11066484873106444,0.071075445557418501,0.074337955236048997,-0.010587056875093002,-0.08811129675690399,0.054953404347906527,0.013082429567435255,-0.016483591024746242,0.056674115530876035,-0.086096392615780545,-0.042203300418970358,-0.082645898413412119,0.1510727853972807,-0.051484547298467728,0.040104324425441082,-0.080876565490621,0.15722275988536993,-0.12616452507866624,0.020881644375137821,-0.069349026064467245,0.033316768345906071,-0.026567512489394086,0.046985750257769285,0.21649888011648721,0.026806479207633464,-0.085527698496784987,-0.0095082158733411359,-0.032782418879418303,0.015816978258505084,-0.031525299836309133,0.16778084599646878,0.093136292991820802,0.038343890845331262
e055,0.02254304520454755,0.021365946609324282,-0.0024947139380177849,-0.012875968536455075,0.075290087073566797,0.040671222561283103,0.065247435910970111,0.023122770888370371,0.29385733951732806,-0.09379852443385496,-0.11595393554428896,-0.21714147870839098,-0.12795077007449704,0.16212685107784666,0.067019309028004473,0.02698459025864754,-0.00705358066656607,-0.13678584246952399,-0.055069008128753358,-0.0014564663189701561,0.025592528278120977,-0.051992569579423567,0.037066399751421591,-0.041129563635564061,0.061727830091610231,-0.076272019612774411,0.037884338176521835,0.069007038644615479,0.051418140457505056,-0.13911092930398336,0.09435125900141747,0.10555356045215042,-0.088723970318453749,-0.033801829669060576,0.0025817027973608045,-0.044011439243650349,0.072655434896584797,-0.035647257452384423,-0.045577240478388306,-0.10181333551610078,-0.13022614513048539,-0.011559074437956493
e056,-0.034389415242093872,-0.060000993013002969,-0.14980759628850318,-0.042623445663318486,-0.038162843056352244,-0.1158235570575683,0.11164306883128104,0.0096936976341865672,0.052578722794657917,0.049463691833098213,0.055952716771489774,-0.039931427390656513,0.15185160840287332,-0.016477889917803974,0.028685718552418298,0.20296679098033299,0.0079390180604704402,0.093041984684439291,0.050363424054815899,0.0034251590677902271,0.091067836249121153,0.0047421229214627096,-0.046521880674676337,0.067268655613994713,-0.16442578334842611,-0.06990044433723612,-0.0028369377525261363,0.015930945044938014,-0.33091472256344329,-0.012993103146702744,0.028400441931598474,0.10676417300863296,0.089731556668568552,-0.066977846952031364,0.11431734480256306,-0.048457445911893882,-0.055153264260189308,-0.040965591050690489,0.0025818978717839867,-0.040358010782434131,0.020849156645431993,-0.056242487823358805
e057,-0.0078649086821534851,0.21485492670086193,0.012018176485005484,-0.10179240496605087,0.03114943205229647,0.17245541032594083,0.0058556414152492325,0.093035583866123012,-0.075118412776805338,0.0093193443335523596,0.064856710441939566,0.14802483157476545,-0.12528257106084312,-0.19148898947807419,0.0061613110815082741,-0.092402546627785284,-0.0058598358609542349,0.020082126869184997,-0.064988771276013227,-0.0080251410994459683,0.045830947336841468,0.088564915970166413,0.0072938335316536235,0.031113926222929758,0.10285645072838701,-0.21659370184504881,-0.050397203513155776,0.068815271853847559,0.058312679214978354,-0.0026643142585432381,0.15018579161228424,0.046228537510604448,0.023145401534195406,0.026507362458104148,0.10987115210236358,0.049088468529963132,0.10930181088926205,-0.026442579399171863,0.045069353231938794,-0.033902136555501616,-0.13658923395937905,-0.04815486130562667
e058,0.194436212051291,0.075608296924334448,-0.084075604445576643,-0.015439540083621514,-0.019272600667121713,0.018370421442311435,0.046019229328228682,-0.065251317560560823,-0.012421179566349166,-0.0466916722978062,0.023373855120365841,-0.018670741954688486,0.083331616757125332,0.012980890624529878,0.14111508620199567,-0.10671985381537492,0.073616562396092003,-0.003706612503807963,0.059689325318760207,0.021674589069926843,-0.040359848769004704,-0.042038528008342242,0.085107757932949835,-0.10827285693207737,-0.032271624061730578,0.026760061997409421,-0.0078819906482047869,0.13050506816003529,0.0078628191858620983,0.34465747191063673,0.14117685951277564,0.0077726235805205685,0.030120415628933368,-0.12098213913275048,-0.01000336129767501,-0.11333539740625997,-0.12359843245673197,-0.067603615547180598,-0.10325782046207545,-0.009925252868081387,0.022976147310777264,0.036001936376933427
e059,0.14316756540641454,0.029286926766122105,-0.099793384864751658,0.12264754997312641,-0.073772994928411689,-0.020375526947415092,-0.1366073641827654,0.04665475942989853,-0.077649151665650201,0.1011735893514869,-0.01729250219610462,0.014228221938608827,-0.14172295093034501,-0.026659335122222405,-0.18696529694155203,0.10243453154236865,0.070945724418386633,-0.017676713547609746,0.21733405694007193,-0.075092976396841954,0.087915967634291686,-0.054889328679542736,-0.075401605736645477,0.11079141827623423,-0.041765092013971758,-0.054814744707245608,-0.054889675663228943,-0.1199606543306143,-0.014583903508662439,0.1065903894796139,-0.13149442708461997,0.10147036151532715,-0.10070876623281365,0.055107729220918653,-0.034691357927406581,0.045362670161432278,0.13587189491667406,0.033137955436627023,0.097380416775130277,-0.013794511924556684,0.0014843898519642934,-0.0051619026763398412
e060,-0.039696222477226428,0.11977018714799072,-0.090721363254161941,-0.17361183026180121,0.075687108200707467,-0.10097350964457498,-0.02157909516557012,-0.095448033723663464,-0.17078741201792993,-0.18853417654610582,-0.083337825793366543,-0.11372925024015194,-0.064673948918256383,-0.092365267948489316,-0.13315447283371404,-0.021522970435339083,0.070481523139015317,-0.013628529533637163,-0.091514253024542414,0.11266683192825964,-0.14214567748310059,0.10170627059474283,0.099073385590767227,0.092815109135606061,0.026875901282810241,-0.085659693606625717,-0.13235593138677579,0.034744251815390606,0.027390519276748463,0.059994017584444122,-0.053021133442744797,0.058376367989293833,-0.056013712963314262,0.021449987524542875,-0.0009822693562164047,-0.10614268167794845,0.049827481992284227,-0.033875197317875437,0.11183468454184828,0.074523695698614001,-0.03956949935452117,-0.063482813706245075
e061,-0.016309666045853165,-0.0043269068609325589,-0.020994012474834216,-0.033202382449620947,-0.0072427331948162477,-0.19234926738054947,0.15425048217644413,-0.094626843025177071,0.010861209442171399,0.2557849903361214,0.062784751618853066,0.068478584483920593,-0.10115876686425665,0.059964518992033561,0.073928735580923069,0.024834524652839925,-0.036195008315790894,0.073646032193792177,-0.072602207125147686,0.16982788998797785,0.064649037316712191,-0.1599886500614455,-0.042726844552174556,0.013187713294484357,0.019503486327023548,0.11876954692578018,0.018002302855751436,-0.052077496251119682,-0.086780057200799801,-0.01933792374898784,0.046722866408459962,0.0074052521229864537,-0.13915478658984759,-0.22890364006008779,0.015005114144358289,0.05330320069873215,-0.014869666042864285,0.049194772570419792,0.049245045281772246,-0.01890017118074068,0.060690115277063056,-0.0081557394893161106
e062,0.0011833008469040523,0.071221747514947698,-0.056037423162768628,0.273186751767104,-0.0027494446588855331,-0.055750651328582014,-0.034896464934981011,-0.16647857673422981,0.18101166190999046,0.07292849717452686,-0.01651076976954207,-0.11099595254544979,0.024345976564925084,-0.025621453010943932,0.0018284328613231773,-0.063564173912482883,-0.059788753550730947,0.01586406027016541,0.016170054025670025,-0.0249110343526097,-0.1589157972060318,0.095320160293917031,-0.11294722798526241,0.034406248756375955,-0.059554151433332321,-0.0087655504685526554,-0.11162304447104084,0.018205525984537587,0.016555822917413265,0.050553945436563968,0.1406432493156051,-0.13786012366992662,-0.0036588086109777332,-0.051693427971529857,0.13816813810698853,-0.083387043453574561,0.17623327509194237,0.047263366176258793,0.065125948798699818,0.026730765536046787,0.018076118242274047,0.028512090113614642
e063,0.12928817068368981,0.012198586897562541,0.0060341404216897789,-0.021717148583962217,-0.017509402792971918,-0.0031600030288377384,0.16219652422443326,-0.02733292108306308,0.0529964954913743,-0.095553769535063893,0.14356774338352629,0.064038161854415451,-0.0080076957703643023,0.030377974256958193,-0.086929409352000123,-0.09660034600981586,-0.14170715540651679,-0.022708874900706322,-0.068417677679896372,0.044328606035134284,0.0053520651693177573,0.0087895848484416186,0.0088561469772201057,0.13294148768210234,-0.1317115380023747,-0.060059826661060231,0.11511455723839745,-0.064342221447776821,0.068627538806474625,0.012402247805507589,-0.10686757889187841,0.1309828214764707,-0.027398443329090087,-0.010734505306926751,-0.12967335646114722,0.1126286838258303,0.017198501086792994,-0.15891838549669454,-0.16439825904497224,0.11507436661738259,0.17611814309977017,0.081474936395673714
e064,-0.073469853818706729,0.074551919074365355,0.30154332398426825,-0.16017200241618834,-0.0053203578679314328,0.077913340112890458,-0.0072150891368864926,0.16610191528806353,-0.13907452427794245,-0.00074261364874145946,-0.067534677567179804,0.042372928295128724,-0.046198404844941338,-0.018387542371334158,-0.09243103697136594,0.021470096455624657,0.085873547209743689,0.032236290527852804,-0.04529483399770888,-0.077736993384909692,0.14158811550603045,-0.050928193244287004,0.13802083588793704,-0.071036272768575784,0.13356985463851814,0.031728180181932082,0.11745031736251535,-0.016750973181733669,-0.071879520636870226,0.063609144557568928,-0.042703640651429689,0.021335009885705004,0.051666171163047829,-0.014241938145861435,-0.077974496871749718,-0.017583605355588373,-0.073875413202657003,0.010107287374409721,0.080638537001142291,0.037995977188610787,-0.14341532399423784,0.023450304530014315
e065,-0.10928658803460178,-0.0170814569439992,0.036244913652411968,0.14723129698378204,0.026281968930299708,-0.03481651964277406,-0.0095118435990194025,-0.14913596162262555,-0.1195299457535524,0.11734081156417168,0.10067841010174801,0.0067768221777895748,0.056406353241299209,0.10527584225176692,0.21424387017575267,-0.01863096935955422,-0.023362376234041964,-0.081134484700649684,0.011558520821141925,0.024591643509235588,0.21917093754384381,-0.098368535285448144,0.16425811626463743,-0.035388888755732796,-0.10613511916724891,0.014864041759420899,0.024552666521131222,0.073289049138225773,0.018560816146549947,-0.12859467200829705,0.044596383864065725,0.06845590047724244,0.020111604926122951,-0.014563728518556135,-0.11773779756606169,0.0090675737589373112,0.11331311026426533,-0.023492240728885359,0.066519809311335359,0.1345873883502435,-0.038546647994009975,-0.070590284547931995
e066,0.16437542062782659,-0.17194647754375397,0.01888802780050999,-0.0089343585784334295,-0.053714027883303622,0.010507097360731037,-0.029601041021180663,0.016645553799259166,-0.014278808590610582,-0.16150939166201606,0.17283367544238426,-0.10005940372069207,-0.088351871139702054,-0.09172517605439956,-0.0018301534472551539,0.09714783023890991,0.03322451553299631,0.022002213512883548,-0.011576853018784562,-0.12651652319168383,0.12596409319980181,0.25166975713029943,-0.027768153293212,-0.027464558812652706,0.10499017002231048,0.0046806687400857156,-0.0019491695657130326,-0.045998749383161473,0.034749089322628088,-0.0081840469887917329,0.11099441437066501,-0.056784110096632569,-0.15190585342797347,-0.087047174138383657,0.049947445944506744,0.097393169975947519,-0.1159772113533907,0.068326698062689262,0.030933045997809838,0.066855746980314379,0.045448225074495516,0.017629202036095193
e067,0.27070789056803607,-0.0010148026827802247,0.066399858398160302,-0.079013902563317945,-0.01426733866439348,0.038716780227220006,0.035691945713208023,0.11434148495615878,0.12130870168314226,0.091033574190080901,-0.15509165099921543,0.049198964191086797,0.00022352163273936694,-0.046379937235235882,-0.038321121963731608,0.065996847166103739,0.07232418217667444,0.027204267772190271,-0.02748142559953793,0.1160101308396113,-0.25372803819398132,-0.0067474849148859636,-0.23186293916503234,0.042002771322861718,0.069128715248644529,-0.023070682994941104,-0.013296004536703401,-0.013456619354360832,-0.01028016359490915,0.0051272543285242663,-0.069897596854121627,0.014257180620581109,0.10320399714132412,0.026496377185565839,-0.032715194121190623,-0.092049149773270486,-0.021765907897775549,-0.03258199731495344,-0.0023300393640545841,-0.13164780612081811,-0.042068109625242218,0.0010374979916025137
e068,0.12179538638907386,-0.059535211391181328,-0.13077497495686122,-0.044916106982731033,0.076331248493723261,-0.017036385081327335,-0.08518682285616147,-0.092720802916545192,-0.048326900807074462,0.037542570152188023,-0.19288184294450278,0.17952887539343254,0.029636172927424192,-0.037569226643168245,-0.018197825004280486,-0.023778733158879826,0.097152276490718115,-0.0041187420570936162,-0.11841674695211016,-0.14240428394187271,0.093815429711061007,-0.024917650312039717,0.029002245558610529,0.073831121827039228,-0.005734828112150224,-0.1430697473245906,0.22540258984030129,0.095657191780640541,0.10278197467592284,-0.0094510830412992165,-0.07133264174964854,-0.048216180317806959,0.011923869127723138,-0.0085525110963705821,-0.082291063664302666,0.069382720096419187,-0.032334247054045258,-0.0111859048013271,-0.0040064339652848696,0.044959966178125067,0.043203957102829413,-0.19822638092439099
e069,-0.045357217308963346,-0.047703566286088489,-0.18842759770647025,0.13384246691463264,0.046952268404653982,0.07844043869379709,0.036623066178763153,0.15295143999431099,-0.017702940927292007,0.091680755194754895,-0.05579180744045982,-0.19189826371952359,0.092482427954524493,-0.035624477716427676,-0.13528949375129515,-0.045516061933699031,-0.10545531934211654,0.059543763227450586,0.0024707814626023714,0.026420551517853379,-0.061985774139252776,0.042752056518098117,0.26626829007448077,-0.074295618086738846,0.049003958721515792,-0.025286847244176628,0.025019496051822132,-0.010542500531078974,-0.0033235645299371881,0.052221177090652826,-0.096830303264894266,0.089376656833344614,0.013266191824074531,-0.060745669452607134,-0.041082302081214626,0.20196015141480483,0.02059747171375987,0.050631576000380284,-0.032247369261399074,0.010187128226503153,0.062610595587436146,-0.067597343799851786
e070,0.027512420697122831,0.027698437902741721,0.017878444186582246,-0.14015084422890881,-0.05001086566760287,-0.068419960981786807,0.059350069551071277,-0.022760975118492892,0.17294548757399564,0.2090487335609521,0.18584381871986108,-0.047028079564775005,0.062738923596501892,-0.14112778995239914,0.054792351273821656,0.032117004430682189,0.1048876895695291,-0.10900205112959585,-0.025958732852647593,0.014202086145562049,-0.051313669066025164,-0.12012579577114058,0.0063254867445188059,0.057977443590412917,0.027760907899404271,-0.13923769381197187,0.050669929723080938,-0.052022317046321404,0.022773453918042981,-0.023089551057930733,-0.12198933874335724,-0.15709170840805467,-0.080805263339116529,-0.013005150793800374,-0.10603136071290702,-0.076119482246800069,-0.03304931533311764,-0.041500820636457048,0.0079112425896508548,-0.055333953471597239,-0.13728055444996573,0.14232716965672207
e071,-0.05734303958790915,-0.06900852317435098,0.10195840656265316,-0.13052762856622177,-0.11992388589841735,0.077512620152433667,0.044660706245688166,-0.13222600980447177,0.079058850863625574,-0.10809539831804992,-0.030374019628393926,0.20156902886678271,-0.15988892898705914,0.005681651417317737,0.11484475846178163,-0.061585494073729423,0.01111082381849092,-0.05794096388603294,0.019881996358892168,-0.06519306919718236,0.057104771640835252,0.052047266736750961,-0.1864313658462694,-0.014485011197991931,-0.16351694469440781,0.082044659222473726,-0.059164966820374379,0.034867234129373308,-0.047452811656397614,0.021217049889886541,0.039406805704683537,0.083111403797976935,-0.096212542374937121,0.16170475540492052,0.073275622190568296,-0.068394337641007955,-0.0092114760030057533,-0.10693694892600906,0.055467431142335724,0.015529935002596584,0.074748151472598168,-0.091071796003477257
e072,0.05988497292801144,0.050594839332182485,-0.064584159721959841,0.11222537183756734,0.054229381453717466,-0.046148133895040848,-0.049754077678856465,-0.16197141522260916,0.052998764789813579,-0.015754740624745276,-0.024216619924802743,-0.01419501656421515,0.11101154220970549,0.014971750806166613,0.058949861771238107,-0.086426221678117074,-0.058606869672364899,-0.020879929732474971,0.018391499605238101,-0.0076561459687871161,-0.11309151242294802,0.1472824751435021,-0.13111501189310076,-0.029496650319789479,-0.085040755093385267,-0.099449173276380601,-0.20313743464385509,0.03372903492215442,0.059245793909813771,-0.020589478330674416,-0.021315450737759326,-0.19504206998687251,-0.12321990467587191,0.0233361160633264,-0.041698984482805346,0.12630199922556282,0.19381190297989007,0.14885292601332223,-0.050505080718950421,-0.052734556416314513,0.061603086401983892,0.070283716761364204
e073,-0.057611930016527112,0.02988698551178046,0.049878088781791549,0.13278006592985725,0.10262516780697756,0.049376992403688806,0.21217463550459617,0.020785041369953725,0.021372113081239361,0.10179898436260981,-0.055076997542327956,-0.10493350658805267,-0.1963386823744179,-0.053011931256299424,-0.062211758932005957,-0.062387691152960792,-0.015270721225444067,0.02782779372516353,0.039020337927927376,0.028733925659698529,0.065502986627472823,-0.011938448773109952,-0.031063042640248169,0.24797161714561053,-0.080967612730481753,0.033403136021070617,0.034744104544090632,-0.060094726973153698,0.083760742143399028,0.017575614566188523,0.15993781889550951,-0.1204519579138822,0.14013124435752061,0.062381885146176659,-0.059488513707287291,-0.079664239429666661,-0.090206837116545521,-0.036079041654129951,0.085461586461659717,0.0052339256795871907,0.027366257721376453,-0.11037782831823507
e074,-0.0010897420645804784,-0.0092600773290149371,-0.041331352222600599,0.028181313999679325,-0.15960399391958044,-0.058979509837230194,-0.19731702276072111,-0.025292202881574497,0.10664078403893731,-0.013115746563337242,0.062782847697588531,0.0081325706068181118,0.10967311672963781,0.012418727439189552,0.0050903300220912755,0.085249738918594831,0.014088837347077783,0.0089161962774769246,-0.041241783507495459,-0.045988814043521314,-0.11132727141055671,-0.040023866076475151,0.049230826548086408,-0.18406871806944525,0.10645421639053479,0.057280486786757276,0.056770285628723459,0.044571218035536792,-0.12645071313579978,0.053567809201049824,0.0020208811578550367,0.17763390423082809,-0.020570148292626666,-0.13741142918103288,0.23935563629708148,-0.13002480324947063,0.0726282092285985,-0.065510518182933464,0.030169443055990629,0.074231396272773573,-0.070893225881086597,0.068606201670485464
e075,-0.13549280240955042,0.088736619825000626,-0.072087681505512563,0.051589796895218261,0.012814898746596838,-0.068033090337548952,-0.064713540737784056,-0.21351762652866119,-0.1904826022050104,-0.10916663041085074,0.22815202290216599,-0.038345113901461725,-0.093821680087823739,0.015859776363481144,0.084463987264328202,0.040802680143693773,-0.015081119095261664,-0.062010374224518827,-0.043883900678874453,0.012301507100421823,0.22322609788412209,-0.047342251854195175,0.076010332840710515,-0.015837456456733505,0.01068634511517684,0.06329609192649796,-0.029086202176039265,-0.030799152233841744,0.012904291417090853,-0.013428250799665736,-0.005224047515757343,-0.026056584578218363,0.10652632844576104,0.029214508495366606,-0.044931772067397575,-0.065152749513668923,0.17168876606169972,-0.029422285458089319,0.0140350465732638,0.091722326129832665,-0.11454349050010704,0.002373873647494527
e076,-0.033642778445529105,0.14711594710904774,-0.067341901299869028,-0.0010968661275163952,-0.088505664892433666,0.046164325867333628,0.061823813325025505,0.028958508208940456,-0.019310502276410919,-0.14775959191227375,0.028855161802894245,0.021763904969353171,0.08225387366159749,0.0099191085929217371,0.036849731514751467,0.14190247243231219,0.024126756023242976,-0.088919119757702947,-0.0060770138444199637,-0.12480954326482725,-0.041668021039466374,-0.0030954171539068348,0.074399705030426241,-0.19311560129595859,-0.032504183931271746,0.039359288912639005,-0.041530324382715117,-0.10404999166393678,0.035699591299928071,-0.13065488729597619,0.081181066465713742,-0.096137138220333651,-0.075952421494524219,-0.029995286691604839,-0.013085882398389745,0.26117259402443183,-0.019617558912537601,-0.20479355586580372,0.093470895176051227,-0.017112103621615696,0.090101382521334802,0.060471772867923455
e077,0.089857870849522112,0.040018250856131699,-0.19411542081382241,0.10641836124653309,0.045499828486857338,0.049124128583468533,0.007601471154188068,0.053775298421808872,-0.086876841449160414,0.073547698973984679,0.017268564462490275,-0.18104441342989841,-0.0011157305005592838,-0.066144638588182827,-0.089146628450698401,0.061283465376098342,-0.048212256260703905,0.024737656775122123,-0.068894544815810033,0.1547321894578863,-0.092487714449111955,-0.011337680250983279,0.11041568375015945,-0.0481303032206108,0.12881901908533713,0.014938561687380314,-0.017362710660920544,-0.054798272119281191,-0.00069943670775587637,0.043920180619511091,-0.17195194763477301,0.077577252875707353,0.22299651741115956,-0.0050347837716748969,-0.11872926826980279,0.044758252127864807,0.1705203298776839,-0.011372706772662344,-0.020542362052189761,-0.029738351764482279,-0.094001004537913241,-0.064185972160754723
e078,-0.028586674195641593,0.12527255219384342,0.012553384206704916,0.01814511435806309,0.20349416757308955,-0.0094312259444985936,-0.099149694525882751,-0.0085829863351688032,0.015039365648305878,0.088199671511058259,-0.0080580534501422524,-0.064541940895912198,-0.14851248035864678,-0.1619336605710136,0.033692191454734031,0.029185760411772298,-0.21397504459051181,-0.035176752221367472,0.13354933549943357,0.033395104551544291,-0.11039493875465663,0.10195157825259618,-0.10370911050695361,-0.15005514205472775,-0.057585144911606545,-0.018606245599576868,0.17838791582005312,0.024516628438289962,-0.027870601409223251,0.017908675699178145,0.1577480475651088,0.014872546576610808,-0.033427611914150245,0.029738437921849145,-0.023106995235440624,0.018773226204392094,-0.02489066348145233,-0.0094888013622168709,0.10063996018710469,0.13473392732717343,-0.012931141302887021,-0.054187351473074491
e079,-0.072702486001185979,-0.050841483255679339,-0.016353422339010819,0.0097966794353905318,0.097767212411855806,0.12036891067093375,0.27715704039735573,0.0018429598494435224,-0.034529330205617687,-0.047291197235174755,0.0099215296411705178,-0.13279857721438409,-0.13491889087119005,-0.056510680306609967,-0.073458559621495334,-0.077425894858194733,0.10667296997162791,0.057646326217900293,0.022543317157045543,-0.056413167131704266,0.076908988846135992,-0.10257621729621212,-0.071772235245833899,0.11244163690127601,-0.039290935994914226,0.030385820047290141,-0.19181399384407966,-0.12386660569159565,0.042104875409779058,-0.049566133292194725,0.10219941875109698,-0.096983216450186399,0.048344075112195982,-0.040160801275504109,-0.15889360669615143,-0.060836558005498122,-0.07775039736869474,0.093285142494792889,-0.026446163942274691,-0.027100462230227176,0.066550534737305697,0.046198005165083322
e080,0.043677230180300397,-0.044544083426383732,0.053678126914097721,0.10483827213640333,-0.19863621217796762,-0.06156069232274651,0.034167289633123155,0.027525067855678716,0.040862077638551042,0.060890510086725969,-0.056940473733356062,0.092407011522243745,0.087092688855419029,0.16543240962132449,-0.022445390765244506,-0.014147556706538411,0.09203135339343968,0.005358219728630275,-0.11707231472855151,0.051751988239858618,0.098988936535993485,-0.011313809729494022,0.14441830311253984,0.28558512229906247,0.015908468176039012,0.021623561573357139,0.048170182568117247,0.039255250280151685,0.069526468142843564,0.049233072159205228,-0.10000964742069636,-0.038341288040306412,0.12521478115947476,0.072804248499831289,0.12251208822430483,-0.037600907628560651,0.012434223733601377,-0.11987538278670566,0.011267790216829721,-0.10239953941735888,-0.026253135713041761,-0.10238848201024361
e081,0.075534772037937542,0.0084064503899222449,-0.027603835029689026,-0.05598183605181152,0.14281271235782644,-0.057088256900547571,0.0033154826866780215,-0.0067802795688180484,0.0080658138768971571,-0.046435549216163406,-0.1177750379880405,-0.0010296901730047769,0.18326545170152525,0.11514812064001223,-0.103607280694494,-0.089520432684215709,-0.13700789161683335,-0.16384996794381618,0.090189564445293621,0.011335486688866867,0.28872841663022136,0.013501853709327029,0.030513333352506274,0.02271146388678108,0.05526128868058991,0.005764150036511804,0.021856819714700895,-0.086519799928221966,-0.059026133116929384,0.038962904662474089,0.087636351716584932,-0.12864637944491408,-0.058723427190337706,-0.12158714859463507,0.09447716793958183,0.0051799194233380641,-0.0012682284458360241,0.036280508054655457,0.05209391758459718,-0.0092087978714454656,-0.044149444130241203,0.15007510595887297
e082,-0.014174694616141303,0.060878846951174355,0.034800451453558728,0.01618203694465405,-0.12902320628498248,0.17917956285638684,0.051669223696739895,-0.017611686517742538,0.1122854179972971,-0.13654162967625719,-0.12558619775437857,-0.02807998222642372,0.032073828071236099,-0.09170720884053464,0.078579589120198787,0.011374565705337802,0.13407298786165101,-0.11189446071455289,-0.10835115519185298,0.17269772202624276,-0.036224622062875932,0.0097629501067274804,-0.054584605494613941,0.022702703403440612,-0.15881191020654331,0.12489237363641373,0.024017995626579153,0.087095065179411277,-0.051819644870714172,-0.015169296058538447,-0.031588783094119693,0.017617329518764352,-0.067938229144035689,-0.088092608064439318,-0.011584824183933974,0.015720713605233493,0.020703902852638664,0.14004133651454739,-0.094691577235486324,0.17165985168303613,-0.052957179452612552,-0.15852099567751826
e083,-0.081309592818242613,-0.075163921135666556,0.057047536573053684,0.093429074763364525,-0.014301773940723751,-0.10399212009483623,-0.030183427588513743,-0.0043037752288646158,-0.16639447592039555,0.051971317945827461,0.20006344319752034,0.077889840707073943,-0.013679386799655132,-0.048639215956034897,-0.03053776581847498,0.074148116554103347,0.11078596186546577,0.18497904677314136,0.045449447881365054,-0.042354984407337377,-0.26008794752043735,-0.079313654918382034,-0.045671163788024965,-0.028261213394225097,-0.028217507207783467,-0.0013658600106653592,0.063122962579877401,0.0015119587336027591,0.036545036235294134,-0.0137711747095516,-0.050372388438981119,-0.04159385222195966,-0.092104446009944968,0.1941594592751841,-0.0350668506508931,0.058848784193139478,-0.0030435319150192881,0.076469412977563656,-0.0077407798181889712,-0.098868057983962851,0.074268150452175941,-0.13606358531035206
e084,-0.0010791795612060558,-0.063827905232827761,-0.016659764286931947,0.057029232026475529,-0.10100334297724115,0.077752860468547083,0.060370255167177131,0.023651288761105824,-0.092128651568336217,0.038161781085256585,0.07680160061194552,0.057173419856825607,0.15912287971473194,0.025320979636564864,0.029946933247336768,0.0048243024030055048,-0.17205801212676658,-0.085687110996638491,-0.10380322102085851,-0.017500365569358276,-0.067239046651620255,-0.19216515734736853,-0.10391500677540552,0.14840239991606441,0.04948255393360787,-0.14520244582713959,-0.034421098648326959,-0.046695957709682517,0.085849850963898994,0.022574238449211172,0.072826820825108288,0.10426531763144008,-0.041030531499474068,-0.14073042092279647,-0.055751050068398755,0.05191091980076163,-0.037062497954711143,0.17119847011334979,-0.034408984202854161,-0.13471385585622708,-0.14589545428495534,0.064107219543639668
e085,-0.005410681438313727,0.0061334493169094544,-0.01116582339482009,0.070897921466411787,0.18797488586260286,-0.056203836376021436,-0.036187027576915567,0.090877747664145553,0.14321104600960005,-0.022861018898715363,0.068361926403809087,-0.015080633642706578,0.14543662310910038,-0.097324633106545405,0.15097676828816065,-0.093307405779277042,0.089638872200581698,-0.071962686615961433,-0.14285790160834333,-0.066841689095053766,-0.047227951107918505,0.063923289504443412,0.020022635024777927,0.067382866677197728,0.20662189387498997,0.014793149129793796,-0.059974005686441706,0.037492464358806259,-0.022666304175968332,-0.096023900008240223,0.10896760110496033,0.065419505056062324,0.11827268953464191,-0.15828774669999451,-0.10818616464055676,-0.075110062131240107,-0.08022330506074328,-0.076879705829313319,-0.033466564523627298,-0.0070170458372886633,0.12491087609663634,-0.002413674641337721
e086,-0.16622931954520001,-0.10959896926840332,-0.028668417551245672,-0.017343053220868494,0.027146907648307954,-0.015007795606635727,-0.043944374768221106,-0.031589812734202714,-0.030726108287597129,0.067042404045819445,0.03428782148027136,-0.042426648646269952,-0.052086245253899453,0.14763560398636635,-0.071480706628549689,0.024114059908082134,0.2281876656541286,-0.046863914144768912,-0.021087450657462651,-0.01200939513577488,-0.016458182683937374,0.0010870466472681986,0.00092092057459624774,-0.005964962122083875,-0.055007012114495706,-0.046806079198297094,0.04135571018630943,-0.062853800721153777,-0.032346925838738515,0.26640227325860011,0.23434154552783248,0.01101492134068293,-0.081899831556059954,0.14295596692949314,-0.035064939074779741,0.15285424284683272,0.11218944854596068,-0.04071135616860249,-0.068563753535725455,-0.043021979794135939,-0.033151529931531393,0.00030228143854041378
e087,0.12811650214288389,0.057676911903699273,-0.084804713695408138,-0.09077113466244284,-0.14841519672015299,0.048667981700331472,0.18290368881558444,-0.046351159704561641,-0.15054911663157422,-0.0017742543785319032,-0.10439715436154505,0.0048316362761755141,-0.063599961255082521,0.059918913135504369,-0.0020696171085305835,0.021495215574995254,-0.0049711714618894259,0.12667747934948023,0.24210041748379052,0.042841844052680128,0.015794352440147083,-0.07710118397663801,0.049286850530114924,-0.11309075244794078,-0.13242001624626329,-0.018242662147607325,0.032181239054679636,0.04618270456990925,0.1111817767510033,-0.1032911402325169,-0.036898623453301416,0.014368015190879217,-0.031182538927323492,0.064324381134018616,0.07836178170087868,-0.044720289977083813,-0.081056575217854906,0.07125661986443102,-0.070783572023377969,0.055069510787198989,-0.16021918576930586,0.10468959346270569
e088,-0.0881855198864612,-0.014219535321023664,0.015615192158785542,-0.11284492774162377,0.24644046108505308,0.014371068242510889,-0.093549436581879836,-0.048243506815914841,-0.021854353139298101,0.034040928909748809,0.034443939699416871,-0.076104362083085533,-0.04457462627489138,-0.1702944623786202,-0.078030775878140959,0.17752232049196839,-0.10085345801384833,-0.018707446721068291,0.11612577702823901,0.095050375379160182,-0.059274412413425397,0.044719503765484864,-0.20906788094768253,-0.066666570131437758,-0.06554287825751913,-0.048322213157037108,0.053080523294165481,0.10485381920238612,0.068363880366367979,0.072923264462343623,0.025251315988355564,0.057104032197371805,-0.058604322359040145,-0.12496822165586277,-0.1066439040263856,-0.086923188214477476,0.016024730861879111,-0.032368860311578561,-0.06918622879271133,0.11165385270736188,-0.024735375156129755,0.040366855561705009
e089,0.061436225708927393,-0.051894552585393793,0.0035416898937442455,0.087630411438108152,-0.02151902759931916,-0.048569250778440591,0.0376153742614945,0.13719939490481672,0.085376491160887261,0.02496179395196477,0.077673834482519202,0.013961113310842471,-0.0027443987885879019,0.025745474407915744,0.0090651221712216221,-0.015307507297598135,-0.15295075707424857,-0.070248909991094205,0.026035961229099604,0.0017202682579286984,-0.0029608731932215943,-0.16829532895172561,0.10609954801172983,-0.061439586279138911,-0.03831537514068066,-0.14922152843510694,-0.045453107570907279,-0.041621554713445474,-0.090013803524479657,-0.02931299305440601,0.15131476284060841,-0.1174103169949124,0.11181172570810294,0.23953979609192644,0.0015020076082442977,-0.089456528763156212,-0.04365234346940855,0.078996664888628068,0.094373832627811419,0.2238534763102828,0.0095398515164827613,-0.083445175349469408
e090,-0.0018373800181079338,0.19138664010026088,-0.0066034978458246341,0.043359630661578615,-0.021427265912644114,0.024766956591430998,-0.043215632205497338,-0.097538874424070568,-0.048482772373283446,0.02919694864934453,-0.12017582763207879,-0.0023986921236690308,-0.10119345529516797,-0.017384672600308806,0.10265784516165299,-0.13302905278259819,0.039829170497584748,0.053779604490795635,-0.008612402757905202,-0.063375539085544857,-0.048159653148009608,0.22552740343883698,-0.00074077757100077246,-0.021948985644151431,0.046273108486593134,0.17893749599256706,0.170760500096795,-0.038715636050650537,-0.0062206782511116786,-0.025701595708759493,-0.018818031263855294,0.075178831374151295,-0.086635015263212739,-0.084833136514214549,0.08203490118270032,0.19515294318202575,0.0027369491260770904,-0.056116605939266151,0.075452356352004687,-0.20077340169047128,0.0022643823367598272,-0.011109031685310073
e091,0.10804960329955045,-0.020583821928297028,-0.11976084928085851,-0.080091103371500313,0.068388654946266419,0.069548491835354678,0.055577660086554181,-0.085230990951481067,0.0002478232913621578,-0.080983248560228593,-0.13088049315394382,0.019494925263879526,0.022260792213906953,0.05468513346914658,-0.077909150683410811,-0.089822461381846533,-0.17410932405904611,-0.19705327505472708,0.04117701598837592,0.10087460694957059,0.25334547382194461,0.054211440195094732,-0.045502348743603649,-0.039903850531821758,0.020563363071519437,0.10274737094636582,-0.054670857766594326,-0.10645083791812944,-0.10717838148108276,0.10410013517187175,-0.044908790213504517,0.032042277228770281,0.068060547845884611,0.035082823038610211,0.04902352186034728,-0.018456166089804639,0.16004062542884206,-0.08202914764401556,0.087018986674743296,-0.023417214633331115,-0.063402297195556331,-0.0051826622053590954
e092,-0.090151205629230652,0.023979727379142949,0.060996269247072153,-0.074443232953794958,-0.043173383304794151,0.16866325208303945,0.019112374467993375,0.095746527766936568,-0.01815090177374587,0.084788776905412366,-0.20287406642288747,0.02850148760470763,0.14190919187204759,-0.01497818170219771,0.087375960150344031,0.037029022657461247,0.059642748477952201,0.052317848245325344,0.047193906329867114,-0.018597330605217954,0.065883415968102793,0.26843817334365416,-0.0028643011547966335,0.0036215141515028217,-0.045337999258258863,-0.06219633548795999,-0.062017791757119592,-0.16985071953248629,0.034683773598518632,-0.020555799277988909,-0.0042552699772801933,0.037704363514338195,-0.058367950135355062,-0.076511553351025982,-0.07439109441911762,-0.18017531561328096,0.10779933256931533,-0.0083298972141066137,-0.14145600268741076,0.038347095819199095,0.074437075559558558,-0.019797899698944438
e093,0.02132932904299403,-0.089614293747054152,-0.073879136102624879,0.084235892858276429,0.24206176686814554,-0.090647464635503036,-0.010792795078874713,0.0013429814837999585,-0.022935606619433502,-0.051872949513116773,0.13754487644738556,0.082304132328246737,0.15401802852335281,-0.091278715593433785,0.042529851786275136,-0.10898175060702021,0.026315510007001407,-0.084036914897547277,-0.056231437738602563,-0.0083220665528204781,-0.053970424806411302,0.03882107478115613,-0.071150877506850563,-0.00078219724884914105,0.19896774973872566,0.11617466006549448,-0.051521900873158673,-0.06744641482572071,-0.093299649421757114,-0.0056949395459201515,0.013686422452474926,0.055867930062872828,0.094228791370581669,0.070954535613799802,-0.094229493431102374,-0.03471744402790522,0.0767737884530795,-0.082439440495765126,0.045811642332926526,-0.12930231845458226,0.1357767293532558,-0.1436599221570489
e094,-0.0059724370401482256,0.0019401977259230533,0.032001125432742944,0.23213459501902983,0.19786139226608118,0.097939976410614735,0.031424601595126278,-0.0019331546734961159,0.14185350671272909,0.17232228458734117,-0.028085327858455841,0.26740669791424337,-0.064774697063157416,0.004821846990699351,0.0042318451665155701,0.026775937285742884,-0.054804287115535276,-0.0094933281451220798,0.090347347704855946,0.076374668200350035,0.008599417518509558,-0.0035451936820571628,0.11936825543084897,-0.1399474094618286,-0.043144829823303463,-0.026476806585549885,0.0059546413891038352,-0.029356548340202095,-0.063220149328799852,-0.0095262657700015962,-0.032728048915066629,0.00023584659258903129,0.065103190996282603,-0.070954448310529925,0.047927053247443015,0.062835872995787911,-0.13361383303078928,0.051424404532440786,-0.10706833981189805,0.037331576014032093,-0.069694934027461991,-0.069946469521394633
e095,0.016795240865107398,-0.051637602023970379,-0.026735151662214036,-0.049366606377715894,-0.12417244207086169,-0.054026017139184666,-0.022449453936900295,0.13420290816684519,0.02695388926197087,-0.13720784248603932,0.050505764644791333,-0.031455417446131749,-0.043912796735368798,-0.097308621184019603,-0.07452713923886102,0.0093919367912319411,-0.023008388376360201,-0.11753649660867563,-0.0093701492680476166,-0.032287716863052138,0.060392108057875524,-0.028865674363560113,0.07309208885162119,-0.071053438512389183,-0.063850562479042722,-0.16057031404840769,-0.092206771531601645,0.16703428634337214,-0.053174308350303581,-0.0014664640083250832,0.099665748495065876,-0.17316759313453367,0.12687335763174543,0.18917759841846118,-0.079826287052385286,-0.15358689059318226,0.12696533627813431,0.0091059675544348448,-0.066055549407165959,0.13241055664346246,0.013735910255281937,-0.08615689853524143
e096,0.050613421883968293,-0.0021971482873468333,-0.0017242838767846289,-0.095137577203206133,-0.095207977794538629,-0.092483210049870701,0.028640226603267996,0.00492964141146735,-0.083430904813812476,-0.010152648149337175,0.055253397696183967,-0.2219901671572693,0.10594309500993854,0.118232248601236,0.079360416243567128,-0.051475381374572769,-0.075138081582353231,0.056780914762703624,-0.054941237207708632,-0.042366683079369423,-0.071952398769606574,-0.13588446090610848,-0.086360796270740239,0.149561261695079,0.068680017161665496,0.037825592198850698,0.040799022571590307,-0.17929929271661479,0.026380654154623338,-0.01832026327607934,0.084377063260609148,0.055521429547032,-0.080164822919925383,0.12131664598399493,0.03340124141318656,0.0012944888342382786,-0.037003846716753393,0.018466292801752153,0.2674977218468752,0.054111343652788454,0.065498875288663133,0.072658192707167266
e097,-0.10640208627293424,0.018652690997594371,0.011562583803351029,-0.07989237756169415,-0.1365120959741484,0.071066343365150816,-0.20368398716373431,-0.03175956692808328,0.14718958837775231,0.059202715149657213,-0.064145672214859062,-0.083780561856763497,0.007941055176288174,-0.076884076342030178,0.049623363658297164,0.02131480789782228,-0.126416287235457,0.030816681015605234,0.014689377307553646,0.081016448425531365,0.15257326126185,-0.037070776392627208,-0.042261603973817119,0.081028091678419872,0.070518726394632344,0.0070403199853810352,-0.17508876178049684,0.017305874882105932,0.10078389888329564,0.1283982904268583,-0.012403778571279223,-0.11745402627897586,-0.035888387947086459,-0.051892800003306511,-0.050448317089493558,0.12812413261923708,-0.18125556440337759,-0.11892542583532803,0.012291425006016904,0.040816726218684284,0.0023145995740788058,-0.12406190286908499
e098,0.024730394498293944,0.0035950459661167554,0.13111674506093399,-0.081801003529186969,-0.023609804073183818,-0.19018382622148336,0.081747961301858102,-0.050957829731062797,-0.00038409188745034718,-0.042869520911305393,-0.04207176465733696,-0.039222464040695106,0.097961378680927164,-0.14591375756268005,-0.085578734156876946,0.059551991414822605,0.031586621822164235,-0.007324388353367739,0.10993479547929766,-0.067050867247574558,-0.026174598964932735,0.018312755995787387,0.099859279961829056,-0.11764095014238077,-0.024286946237597973,0.088678665370664211,0.073498083055625246,-0.058752496437032932,0.2382784083758259,-0.017451495699160269,0.075912686768138421,0.081159904871303562,0.20848011456983939,-0.022357522345511603,0.011689494317910885,0.017534386664914858,0.013345717248162973,0.2081306602597745,0.023286210868438836,-0.066952334728690735,-0.098648689889374197,-0.02679813264919792
e099,0.073401033344114339,-0.020178037092642293,-0.092842308213043262,-0.058457038697902926,0.15650374367124528,0.014070498513632131,0.085987628212116793,0.076518894643421806,-0.04259096657790902,-0.049276275237335285,0.16417198835685473,0.082890529531394364,-0.089064932957831522,0.16790119352881977,-0.0075638864100675534,0.12204793140609098,-0.010177082166117124,-0.072345222310642832,-0.13801773928444805,-0.028993524867140897,-0.066834547339825245,0.10571798194477625,0.028444349291234673,0.053739349605747312,-0.14020793556762279,-0.064062096700091054,0.11735897429176953,0.032407314392016585,-0.073737534798055601,-0.051740578126291223,-0.076191065288375798,0.16051080400192344,-0.045299479339892493,0.0080948868655818691,0.081825972731355931,-0.035828074658837132,0.070978032382078421,0.11092228220997784,-0.096510741650857115,0.032678265419935917,0.15372464560973836,0.14421695794206749
e100,-0.16131849174344962,0.12205607146414039,-0.04021803663572731,0.0074420958314874303,-0.00078743668847974443,-0.075485272004425272,-0.12966631320236127,0.081561987714934003,0.025884867702026033,0.002349453372318999,-0.0007246798171246932,-0.075923434606038939,-0.011058063779887413,-0.10636403585667653,-0.13601543843724001,-0.065193742624312184,0.085778058880432287,-0.053897470588651068,-0.080535663298759164,-0.13184496392875319,0.1416014832681157,-0.1985799794415227,-0.15116681682257604,-0.054078561348021657,-0.046516725402358627,-0.0013742524223118609,0.025029005889295824,0.031161415573498129,0.048668306219910251,0.10259927522957016,0.0041380718936421534,0.058520793824607099,-0.062162182914899819,0.051711675272729074,0.10777211102342223,-0.044433730757681082,0.0072775202439949345,0.030427777213971732,-0.071011634145863478,-0.09662085356535989,0.24577905142306586,0.047224716688216886
e101,-0.03963663732046057,0.12672149371482619,0.22502589871574186,0.046622219045781871,-0.10299660579399353,0.058431017189153625,-0.089667014396880892,-0.024925952972271417,-0.018230165937839632,-0.026086027029264797,-0.033537279031490917,-0.022953407298378598,-0.027390737989827593,0.0019176296357981029,-0.11884806151892049,0.030086650997499527,0.025572085576895547,-0.1236746671095427,0.044264332821325983,0.0060359281866835708,-0.037126182182164486,-0.041954443523852386,0.084802468221935767,-0.010970185712269917,0.15113846395612682,-0.0032213803452705073,0.098394842225581911,0.012899187399668241,-0.23476178820077323,0.010366740098674072,0.085736980113847255,-0.042833329810540138,-0.10256226041367625,-0.015734905642449531,-0.26579426263045119,-0.062838969817643198,-0.011262876907705818,0.080909145824856671,0.035713789884271645,-0.12803641207225158,0.042403945695121098,-0.037726298875706679
e102,-0.048382151555227307,-0.10997938474823096,-0.25595098053569748,-0.074053354217905931,-0.090444840038179541,0.086497572599934069,-0.08310876173874987,0.092755810041393133,0.02610898094356244,0.04158002057591393,0.0079931914690703001,0.13477062211944446,-0.099994941978011967,-0.011190374160164027,0.070619688764548827,0.028005797326379839,-0.034918296614392857,-0.094463950949550818,-0.02959014526236994,0.16041631631036671,-0.049074489903819685,0.033241660747326207,0.092463351200468891,0.014765913030409555,0.0091173695834952245,0.13317276112291257,0.08268529641732307,-0.00063550034879032117,0.11611206481401283,-0.016169895812913233,0.090291215753931675,-0.025838524314353104,0.043177263695768478,-0.021453331461890698,0.052730180458283281,-0.1483542992556568,0.010874075083618574,0.026996625429007003,0.081595635845975401,0.038730637732404802,0.079577123931762195,0.24116352515835909
e103,0.073932970530954614,-0.047712393217649987,0.003464274470284271,-0.068507543716806119,0.11207392774008308,-0.11837793824519849,0.016685453907514716,0.083975522438279965,-0.0092603636515130976,0.0230195375352783,-0.010894806673192509,0.052523955727421481,0.020570705828203924,-0.0094316526723903504,0.11997382630810513,-0.11589123213212241,0.077232445141959025,0.1104237753018314,-0.079061044602982522,-0.096865219855824719,0.046041110666668932,-0.0061984054545829587,-0.059435565735311321,-0.040233786468921048,-0.095790461464331136,-0.12073313535538947,-0.18113709985742932,0.021994212285491352,0.17770673674407303,0.007433800959177392,-0.1602015569054509,-0.14854230491079065,0.019995117514730237,-0.02702114542836084,0.11058879259420132,0.15706524334885852,0.20638827467602838,0.0089595051635642034,-0.0050069233660621597,0.081261492064658478,-0.082737906250457585,0.011231360520066069
e104,-0.076336876700352427,-0.0045526641559874605,-0.081873796338956722,0.16836300364331414,0.078825906764105738,-0.00059664201208031742,-0.036080076256861923,-0.06568930762794227,0.097849814080387384,-0.082650276934140593,0.050259694050847688,0.20466204980625979,-0.20244449159899189,-0.10024253824416826,-0.11746514556084028,0.072427459973960662,0.042641207220694838,-0.039581591623905385,0.0014890884085844748,0.080189858470805786,-0.017580381996972212,-0.027277973657101044,0.041728145763565969,-0.10466044473800701,0.00280240693446452,-0.041917607335029125,0.023558949107665535,-0.16334878153338467,-0.058481467753287469,0.023805432922367271,-0.068681044098583138,-0.091044247655349395,0.12165216680757167,-0.052721848789309009,0.045029493599229677,0.07672787457693328,-0.063035720336566722,0.0073096705092525931,-0.1961263420145202,-0.069522412902273692,-0.15194935954936248,-0.030129432348236181
e105,0.1392878633150485,-0.024193269377276009,0.027651199586397626,-0.092817103673487278,0.051089412231596056,-0.020903800563495261,-0.0056875577826444902,0.16194256658939482,0.010391215616200385,0.22766235711069283,-0.057485400006827836,0.053461360415955395,0.038199151987877905,0.13509068988067169,-0.20348046905867881,-0.094339079760360697,-0.092530266914925899,-0.016577572658902702,-0.068881432301115653,-0.055989400424064265,-0.047424740248155108,0.0097000708584143343,0.023369506696515684,-0.082904632246289037,-0.080369403691673655,0.12462402075208895,-0.12307148467297205,0.066670923938165483,-0.086100354422285447,-0.069492347474533631,0.18732499750453263,-0.039709579234700802,-0.052789048093190433,-0.029942918203945179,0.0671368856524375,0.084671914570040155,-0.0976686588809174,-0.048958699227667629,-0.022842922962329502,0.078594359307392656,0.062312583954858003,-0.091471769343634088
e106,-0.068923423654844218,0.030686131259186598,0.086223722185301943,0.15658869504920359,0.067946073270379645,0.11944041898619071,0.073192235634633007,-0.098186413634948538,0.033612477016141319,0.027310204410788762,-0.020859621902475711,0.0092832876920281408,0.099470642547956123,-0.030026304645803893,0.3251774597860343,0.048687557072143041,-0.0049152274213042774,0.046665836137685539,0.15773969159738663,0.052174210153608541,0.073604539763636526,0.014032709116629564,0.054270602970767204,0.047617667522467461,0.034422166933905762,-0.10918322000260965,0.10546717695441041,0.067321309255017364,0.081361672846773272,0.036160648782164878,-0.15137200232101605,0.13098967348263929,-0.0037599277180985144,0.011710318682724333,-0.064239326004223926,-0.09856391615118483,0.027090546186695017,0.093073433250855653,0.11190092516495194,0.028259629608912984,0.01994184156704247,0.051654732170475372
e107,0.043043744912943625,-0.013284690845760042,-0.14712126599468173,-0.086427619365860478,-0.042865525826155618,0.029086860429979291,-0.031573093427024461,-0.076767745148844657,-0.026295134873255355,0.0055555112580086864,-0.030997950129018292,0.0033552067476588935,0.098359122444558592,-0.10824387879995952,0.090083598336041751,-0.066171727134202524,-0.105071948690345,0.073457245467538373,0.20055835705274214,0.11553622592539112,0.11439718889558621,-0.075350885588109179,-0.064125630950552986,-0.032844858018369796,0.13706645988709465,0.10497231790326823,-0.194429423598976,-0.003957835373705235,0.11866602621254145,0.019412210648421104,-0.035615979572105577,-0.047218081025223804,0.027157864496171386,0.083386116744511851,-0.066316028819717265,0.048686398614248283,-0.18553835116815257,-0.13010824646666194,-0.012680504684434622,-0.033416081448699071,-0.022127856841971397,-0.16303223156342836
e108,0.026058140052384812,0.034714124578865288,0.09356098978018397,0.053639676446589679,-0.05000663731465816,-0.16148061990228155,-0.042551354497839748,0.056363281602520028,0.042942451320316086,-0.22859452611476155,-0.10138803344513646,0.068213788137193948,0.029716223586693128,-0.024573482546596311,0.00076496953718597517,0.098790740361840296,0.011705614338733124,0.27414584614132059,0.0629827892061674,0.20720871219060627,-0.0072112847148399625,-0.10183849811864631,-0.03193210482015444,0.028691181014489905,0.014084438228968633,-0.080953434357947468,0.079700070739521997,0.028859709597886352,0.071306770577732298,-0.044628855731911214,0.14234004976921572,-0.056045116968462136,0.085232283826145616,-0.091339658440476937,-0.099236714125455122,0.0072453721100973461,0.077591736252994772,-0.079140712691698326,-0.0052764496130392434,-0.06292500896281196,-0.0080575009966761726,0.043836010422387627
e109,0.076808140936597546,0.093258765776423766,-0.014937675491983039,-0.098262439017981471,0.010641612051095949,0.10158837613276539,-0.035252479611788234,-0.025174803477693852,-0.087116267389004215,-0.069806791008591468,0.099636759196345556,0.063292328980674689,-0.01809654850309983,0.061574944364658171,-0.036328349592946153,0.085962855269388266,-0.089676945279566767,-0.1225626439526469,0.10680495058961922,0.092578629244933652,0.010436459373596586,-0.011587347167185631,0.049121186562617034,0.0099243058751076613,0.14799698827559854,0.037688840857906476,0.021324392918375207,0.041348666417979213,-0.18983329678628774,-0.02196162737919603,-0.026070064746634605,0.070459393166159456,-0.12070387525739748,0.075746097967643894,-0.25028431871881274,-0.049980645862231887,-0.12582319569378014,0.061723181568172365,-0.073477456451020245,-0.12877422810101413,0.17400073446288819,-0.056541572497067753
e110,-0.059127342915925613,0.044812482872289727,0.036871140369037742,0.047674702963528923,0.10910857492132829,-0.21074596666990397,-0.01954989578193457,0.065244818862809612,0.11917494815515967,-0.063542365716974816,-0.02218539476633918,0.22825051931601842,0.013022682610910632,0.041781909518300381,-0.0082283239795169945,-0.072348132216192643,-0.079442093894956212,-0.015412649743176739,0.10385006402895322,-0.21876933969388479,-0.068399788425212882,-0.010768184838010963,0.12190018417877932,0.11222111409019969,-0.053468792045438036,0.021394478825826336,-0.12234062597907799,0.022791115888837594,0.010325637182139028,0.050802034253541378,0.034238298518995264,0.061750773599374725,-0.15824131174920528,-0.076538856544362391,-0.060252825959639829,-0.050728476062687433,-0.16395428808078844,-0.010687294859396724,0.061690353544173869,0.031717288458752727,-0.094837855621219463,0.0060798142103377015
e111,0.1824635120870898,-0.0026447329765949155,0.024890040941552796,-0.11443260653633622,-0.016099741364776664,-0.023828031127849914,-0.030999739846821514,0.008472867567927124,-0.090418950985327401,0.16763331656396335,-0.080872830782290808,0.045299861978718839,0.028792401852469712,0.093020441133759332,-0.18386165156332604,0.019526776646536737,-0.021660819817538739,-0.075988800463056089,-0.16576921898659663,0.093863716510682677,-0.088579965815196005,0.025358401560687027,-0.14033650436294959,-0.090332735862513114,-0.078247473799172823,0.15721010137330094,-0.097155374619474766,-0.025404217415890024,-0.028659695565488627,-0.13440894129289474,0.13651627473337533,-0.030608017764652697,0.13808893917166803,0.052072558972560204,-0.050681677001333456,0.030074460475611055,-0.010732251811294141,-0.080056108895383157,-0.048284565453688477,0.0067162934004021489,-0.14203487622321173,-0.00097855907978595946
e112,0.01595169414388432,-0.066361019272970848,-0.034109981724193071,-0.02605920010067999,-0.041919421324955325,0.21367019723425881,0.044862077846111653,0.088224880158658189,-0.01836478155363206,0.12357140626370436,0.04557282554180267,-0.2200890208787816,-0.0036159324755027228,0.00028833922861246753,-0.011390493515835988,-0.04151772419070511,0.0085726467975691181,0.07482387754733047,-0.0069622773434719343,0.068916222759138002,0.10955501399225395,-0.0048901458642616052,0.041805826880686341,-0.10479301047397606,0.051346862152937177,-0.053980559447038445,0.096424515925580878,0.069284025465218377,-0.067766296038935844,0.014114559564819659,0.016570424252162198,-0.070852335069423011,-0.032636675515653343,-0.0054766206321429549,0.17807138861341082,0.10532593015711658,0.077017881011165412,0.041784704527111666,-0.036248711052815137,0.040160777448238053,0.29918531579928942,-0.096573024474185615
e113,-0.12930759515217155,-0.033648217334122356,0.045290341692712267,0.058276654973391316,-0.17631291007393818,-0.069475696593064615,0.055579388723914325,-0.13663154184861648,0.086584524055872705,0.016737382797525492,-0.061006844547398881,-0.017899075284291414,0.036848152397299723,-0.012107718373305633,-0.10274745775426081,-0.066967347733565663,0.024012277267135358,0.00037594062962780471,0.052396080452663696,0.034268417770494712,-0.070354392438805188,-0.036934355758880752,-0.056519024902707549,-0.054780775394193015,0.25888745685055864,-0.033141395919367753,0.024350413684923494,-0.080766234966257178,-0.0018238296341576952,-0.0222186928236918,0.084743004766925853,0.158349486610947,-0.0015147061446617836,0.0091695967600270625,0.13153779643807445,-0.025368562256055733,-0.00055519124210860402,-0.054134896860263453,-0.14100974813057932,0.26620423659460885,-0.057958230177341814,0.02445273420051032
e114,0.04914612576471214,-0.045304227202832441,0.18205642779453443,0.076995031256382851,-0.0012604157198824843,-0.15853548897864278,-0.090364596286949761,0.25052792365958843,-0.12025292103766623,0.034565539958354506,0.020337206899803208,-0.0072304876980967374,-0.093173962335345237,-0.027790208754333346,0.13197014333879781,-0.014475628862512054,0.072464019658420101,-0.22275247026195688,0.021219398122440083,0.16160269568426402,0.066927196300487587,0.059269411670965139,-0.042892117348702186,0.078296046486213008,-0.069891863161018863,-0.064613219909231287,-0.075390348115841097,-0.060362536298228707,-0.014539047179202702,-0.0021447941742706355,-0.13884737710465395,0.06028733065189068,0.041477831251014785,0.0017633206355408143,0.073752578652638512,0.12954641242434131,-0.0013330195289514846,-0.0099842707786625302,0.0032319872039717262,-0.03820463883090322,0.029461506380725606,-0.043532734118661237
e115,0.019391652204782794,-0.0079238085708705011,-0.051945922350739443,-0.015151223017265139,0.10256311186776718,0.19668430779097371,0.02777246724730684,-0.0086911936654926261,-0.018187465574869617,-0.15461948237762865,0.062184510158780057,-0.088614464311641369,-0.035339007458022778,-0.039234304134091798,-0.0056269954594976631,0.0044618599478614789,0.06196929547934852,0.079289225645097605,-0.070354464554766391,-0.054535927898364298,-0.030626394953965824,-0.086307390995303754,0.096545894018640568,-0.050613345954453014,-0.26813167292977746,0.10581391691481523,-0.12150002305683777,-0.025260293958512758,-0.028108568584864581,0.025630166826348572,-0.019850746564912581,-0.087905248670882882,0.013006767217558862,-0.18123987844088132,-0.054260370169684762,-0.083045721193268543,-0.068423556324572241,-0.0099566835706110975,0.10828166620182168,-0.22417682737823016,-0.0053007993177525865,0.041925424410433239
e116,0.0094217934878955828,0.089417819498604889,0.034573444590894981,0.16069041514262422,-0.034632294263301999,-0.050916797207919702,0.006834520085614245,-0.073220998371654106,0.093859484658434189,0.11777107073611801,0.024251295097518825,0.041277210412215978,0.061084035616773669,0.043847051798729789,-0.14521277503092014,0.17825155446920826,0.033701484893332675,0.019011812738144691,-0.13664136861947401,0.14564435297706982,0.12803602851322352,0.19345907753824701,0.082329749056987367,0.08319711893233607,0.028284357217960972,0.031957954391465281,-0.028458924707849585,0.11255055340604669,0.12190088794188954,0.022217440400346865,0.073673125746754387,0.043106268520912566,-0.04019427485684466,0.20506100115245646,0.067812899674300028,-0.098840256985714414,-0.048845052992433094,0.056522690776872532,0.036501195735509417,-0.098105114539938948,0.017952655742102794,0.021946161986958469
e117,-0.082528236159134599,-0.068880604867170028,-0.10338840332320856,0.024226599928034644,-0.019139179470361492,-0.12353634875223267,0.032909856243753408,0.054374042513158957,0.08343508684228243,-0.062510893605408055,-0.06021194088327831,0.21160731901440805,-0.090545487637861438,-0.022981095887746387,0.030951981840676341,0.0047455000293810477,-0.068136907748973352,-0.086323721985260254,0.028574972916618827,-0.18982321148582315,-0.047873511662320727,0.080331132500607472,-0.024537180466155179,0.049779421369721751,-0.089452351650989498,0.12573215726393511,-0.16846408553757497,-0.018228150598212596,-0.037423519654396838,0.05991386932191807,-0.034665880105433283,0.2535468455413224,-0.034027809288537561,0.10093375780877366,-0.14269346517151685,-0.054207194188964331,-0.0017753258738267812,-0.0062238727100070558,0.095920133976225258,-0.0093401893929701829,-0.10291023038794189,-0.013670067104518287
e118,-0.043473492995804448,0.14712916896388889,0.07297017197182705,0.034742728175308643,-0.095287643463074945,0.02903488123845854,-0.10608368590094333,-0.033948488740849228,-0.16137039507528941,0.10963337661949796,0.10910199167435766,0.090981155537659272,0.092981113373678703,-0.023348291350857916,0.015773098527713254,-0.064011202678138146,-0.027788777170729174,0.12758518777295985,-0.010821301503446285,-0.071149428627031538,-0.10317217517630442,0.059973468058662098,0.09495281734646692,0.10254601714591939,-0.044893005885069483,0.052885081447261055,-0.080041065520169583,0.061900910862187825,-0.021599869227931511,0.024204933277529653,0.042336666135034846,-0.14481032168417818,0.09228537765581904,-0.15066613514550231,-0.0030870592849078656,-0.0060294977470644953,-0.19496138108637984,0.011353556109115096,-0.065755080268360397,0.20883832384819104,0.10120866775854276,0.058093772160187268
e119,0.02143351631538052,0.011898155224651376,0.033816940671013415,-0.10849332776139631,-0.053597370282759238,-0.086265258705497547,0.037012363019641142,-0.077830822888030587,-0.0097921069846447495,-0.030049870675787578,0.027735107975754063,0.097917209423804913,0.039322309722402977,0.040035573318962105,-0.019101981039101948,-0.096895724596299929,0.011567777129527682,-0.011762928021187849,0.080139986439300509,0.029981827159603881,-0.013876822398539736,-0.054720108380649168,-0.066833404075402142,-0.08509025598800618,0.31109398366182639,-0.11618569041685076,-0.13546229325413056,-0.017423356262786686,-0.01395038967637275,-0.036746519243710508,-0.10152861688515988,0.080266574866315527,-0.10222346388732916,0.05789454929931033,-0.0081577296865367899,0.081716035230570985,0.080009887740139563,0.016547789871472981,-0.21949412794766113,0.2186915005582532,0.033304598035088583,-0.020857477776490777
