row_id,e000,e001,e002,e003,e004,e005,e006,e007,e008,e009,e010,e011,e012,e013,e014,e015,e016,e017,e018,e019,e020,e021,e022,e023,e024,e025,e026,e027,e028,e029,e030,e031,e032,e033,e034,e035,e036,e037,e038,e039,e040,e041,e042,e043,e044,e045,e046,e047,e048,e049,e050,e051,e052,e053,e054,e055,e056,e057,e058,e059,e060,e061,e062,e063,e064,e065,e066,e067,e068,e069,e070,e071,e072,e073,e074,e075,e076,e077,e078,e079,e080,e081,e082,e083,e084,e085,e086,e087,e088,e089,e090,e091,e092,e093,e094,e095,e096,e097,e098,e099,e100,e101,e102,e103,e104,e105,e106,e107,e108,e109,e110,e111,e112,e113,e114,e115,e116,e117,e118,e119
e000,0.15833333333333308,-0.062500000000000042,-0.062500000000000014,-0.033333333333333291,1.2213749930802803e-17,-9.781980655061512e-18,0.0041666666666666232,-0.0041666666666666406,0.079166666666666607,-0.016666666666666635,-0.058333333333333355,-0.004166666666666631,0.016666666666666618,-0.016666666666666635,-4.3423780231497543e-18,2.119478817830966e-17,0.0083333333333332951,3.0226855564973924e-18,-5.248079319847207e-18,-0.0083333333333332846,0.016666666666666635,-0.0041666666666666501,-0.016666666666666621,0.0041666666666666467,0.0041666666666666302,1.0282700001859899e-18,-0.0041666666666666276,-8.798471677979245e-20,-2.246214237087833e-17,-0.033333333333333243,7.7296141236520704e-19,0.033333333333333305,-0.0083333333333333037,8.3076922671209352e-18,0.0083333333333332968,-6.0833779728300738e-18,-0.079166666666666607,0.062500000000000028,0.016666666666666625,-1.9441888928523186e-17,-0.058333333333333348,-0.016666666666666625,-0.0041666666666666371,0.016666666666666628,0.004166666666666618,-0.0625,-0.016666666666666625,0.079166666666666607,1.6705066388801884e-17,-1.0691294225984664e-17,-0.0041666666666666493,0.0041666666666666553,9.045131157795283e-18,-0.0041666666666666441,-0.016666666666666639,0.016666666666666628,6.1729763365638633e-18,0.0083333333333332968,0.033333333333333243,0.062499999999999958,-0.0041666666666666415,-1.0729334351613391e-17,0.0041666666666666484,-0.016666666666666625,-0.0041666666666666397,0.016666666666666653,1.6637673228074351e-17,-0.07916666666666658,-8.8898542363493679e-18,0.0041666666666666588,3.6481095015261499e-18,-0.004166666666666664,0.0041666666666666406,0.016666666666666628,-0.016666666666666625,0.016666666666666628,0.016666666666666625,-0.058333333333333293,-0.0041666666666666571,0.016666666666666628,0.0041666666666666475,-0.016666666666666632,0.0041666666666666536,0.016666666666666642,-0.0083333333333332898,0.062499999999999944,-0.15833333333333321,0.062499999999999993,-0.0041666666666666501,-1.0556540568328913e-17,1.0944028187454792e-17,-0.07916666666666658,0.016666666666666628,-1.3235619436848271e-17,-0.0041666666666666389,-1.0261965068205253e-17,0.0041666666666666484,-0.079166666666666607,0.0041666666666666302,0.016666666666666614,-0.0625,0.0041666666666666397,1.0286847138588628e-17,-0.0041666666666666371,-0.0041666666666666206,0.016666666666666628,-0.016666666666666649,-0.016666666666666614,2.8977471338185469e-18,0.0041666666666666475,-0.058333333333333341,0.07916666666666658,-0.0041666666666666588,0.016666666666666639,-3.6360169048679469e-18,-0.016666666666666621,-0.0041666666666666588,0.0041666666666666666,-0.07916666666666658,0.016666666666666628
e001,-0.062500000000000042,0.15833333333333377,-0.033333333333333326,-0.062500000000000139,0.0083333333333334442,-0.0083333333333333662,-1.1669595326728691e-17,-6.7356691296536239e-18,8.8504190386630756e-17,9.3690175136819881e-18,-0.016666666666666649,0.016666666666666576,-0.0041666666666666866,-0.058333333333333473,-0.016666666666666583,0.079166666666666829,9.1376789457950559e-18,-0.0041666666666667108,0.0041666666666667056,-1.3552849848621226e-17,-0.0041666666666666935,-6.8035169629631926e-18,0.0041666666666666909,1.3291905202257821e-17,-0.016666666666666614,-0.0041666666666667039,0.016666666666666604,0.0041666666666667048,-0.079166666666666816,-2.4785642479611169e-17,0.016666666666666673,0.062500000000000139,-1.967144769813484e-17,0.0083333333333333922,3.9549811504603661e-17,-0.00833333333333342,-6.4760162809198209e-17,0.033333333333333319,-4.1263153445115361e-18,-0.03333333333333325,-0.016666666666666666,-2.5308977685522306e-17,0.016666666666666646,0.058333333333333445,-0.079166666666666774,-0.016666666666666673,0.0041666666666666996,-0.0041666666666666415,0.016666666666666587,-0.0041666666666666666,-0.016666666666666659,0.016666666666666684,0.0041666666666666657,-2.3012647119976719e-17,-0.0041666666666667213,0.0041666666666667438,0.0083333333333333749,3.4945139342473373e-17,3.4809195806419996e-17,-0.079166666666666802,0.016666666666666625,-0.0041666666666666892,2.7074499053228576e-19,0.0041666666666666909,9.089596895918852e-18,0.062500000000000139,0.03333333333333325,0.06250000000000018,-0.016666666666666614,0.016666666666666597,-0.0041666666666667091,-0.016666666666666618,3.0723329959699902e-17,0.0041666666666666874,-0.0041666666666667213,1.5812298740231594e-17,7.7956566330214156e-18,0.079166666666666816,-0.016666666666666663,0.0041666666666666935,0.016666666666666673,-0.0041666666666667299,-1.5663653998202383e-19,0.0041666666666667299,-1.5287573324598033e-17,-0.079166666666666802,0.062500000000000167,0.016666666666666673,-0.016666666666666653,-0.00416666666666669,0.0041666666666666666,0.058333333333333452,-0.0041666666666666805,-0.016666666666666597,0.016666666666666632,-0.0041666666666666814,-0.016666666666666635,0.0041666666666666467,-0.016666666666666594,-0.0041666666666666857,0.15833333333333363,-2.1507029920116229e-18,0.0083333333333334095,-3.2791817927037554e-17,0.079166666666666774,2.4001212213430258e-17,-0.062500000000000125,0.004166666666666684,-0.0041666666666667013,-5.6260138899533741e-19,0.079166666666666871,-0.062500000000000167,-0.016666666666666618,0.004166666666666749,-0.016666666666666684,-0.0041666666666666926,-0.016666666666666656,0.016666666666666614,0.058333333333333473,0.0041666666666666952
e002,-0.062500000000000014,-0.033333333333333326,0.15833333333333321,-0.062499999999999958,-0.0083333333333333367,0.0083333333333333176,2.0014431448433034e-17,2.7705144500171843e-18,-0.062500000000000056,-2.2884663698515387e-17,0.079166666666666691,-0.016666666666666566,0.0041666666666666432,-0.0041666666666666258,0.016666666666666656,-0.016666666666666712,-3.3293732689864904e-17,0.0041666666666666692,-0.004166666666666605,-4.9477727798008263e-17,0.004166666666666651,-5.6758862823100347e-17,-0.0041666666666666068,5.5349055618846102e-17,0.016666666666666628,0.004166666666666769,-0.016666666666666666,-0.0041666666666666952,0.016666666666666687,6.0577193387947976e-17,-0.079166666666666649,0.062499999999999944,1.9413833674170367e-17,-0.0083333333333334581,1.3083424068687936e-16,0.0083333333333333263,0.062500000000000042,-0.1583333333333333,0.062499999999999972,0.033333333333333291,0.079166666666666691,-3.2701377601993138e-17,-0.016666666666666746,0.0041666666666666657,0.016666666666666687,0.079166666666666649,-0.0041666666666666822,-0.058333333333333362,-0.016666666666666607,0.0041666666666666666,0.016666666666666687,-0.016666666666666639,-0.0041666666666667655,2.6184192742789907e-17,0.0041666666666666866,-0.0041666666666667568,-0.0083333333333334408,1.1695011925542465e-16,-5.0609922628661623e-17,0.016666666666666694,-0.016666666666666743,0.0041666666666666866,2.9837705894571393e-17,-0.0041666666666666952,-2.7044675793113464e-17,-2.0662364066526582e-17,-0.033333333333333312,-2.7667244114629246e-17,0.016666666666666687,-0.016666666666666555,0.0041666666666666302,0.016666666666666663,8.9358750460087545e-17,-0.0041666666666667369,0.0041666666666666805,-5.8286910658238453e-17,0.062499999999999965,-0.016666666666666666,0.016666666666666621,0.058333333333333286,-0.079166666666666607,0.0041666666666666874,3.789110601200246e-17,-0.0041666666666667499,-4.4273557370077841e-17,0.016666666666666708,0.062500000000000014,-0.079166666666666677,0.016666666666666698,0.0041666666666666961,-0.004166666666666762,0.0041666666666666883,0.0041666666666666276,0.016666666666666601,-0.016666666666666725,0.0041666666666666892,0.016666666666666722,0.058333333333333348,0.016666666666666632,0.0041666666666666926,-0.033333333333333347,2.5309952317136657e-17,-0.0083333333333333714,-9.5865019098940606e-17,-0.016666666666666705,-7.6507840779635181e-17,2.8250195868015053e-17,-0.0041666666666666814,0.0041666666666667013,3.5046098738261981e-17,-0.016666666666666684,3.3726706194336184e-18,0.016666666666666566,-0.0041666666666667169,0.079166666666666649,-0.058333333333333286,0.079166666666666635,-0.016666666666666656,0.0041666666666666718,-0.0041666666666667438
e003,-0.033333333333333291,-0.062500000000000139,-0.062499999999999958,0.15833333333333335,-7.1288735477701588e-17,-1.0422650361695706e-18,-0.0041666666666665842,0.0041666666666666146,-0.01666666666666668,0.016666666666666642,-0.0041666666666666467,0.0041666666666666415,-0.016666666666666635,0.079166666666666691,-3.4787115570048007e-17,-0.062500000000000056,-0.008333333333333184,-1.2313171272422386e-17,-6.5202301013815091e-17,0.0083333333333332725,-0.01666666666666667,0.0041666666666667082,0.016666666666666604,-0.0041666666666666857,-0.0041666666666666545,-4.8886122293953186e-17,0.0041666666666666389,4.1369789495033903e-17,0.062500000000000069,0.033333333333333229,0.062500000000000083,-0.15833333333333344,0.0083333333333332031,4.6973085829837849e-17,-0.0083333333333333107,4.9524950141408664e-17,0.016666666666666666,0.062500000000000014,-0.079166666666666677,-5.9942661121389796e-17,-0.0041666666666666484,0.016666666666666684,0.0041666666666666909,-0.079166666666666691,0.058333333333333369,2.5858627436681152e-17,0.016666666666666635,-0.016666666666666646,2.1126780028375607e-18,4.5100125975882769e-18,0.0041666666666666033,-0.0041666666666666102,3.0204309622134422e-17,0.0041666666666665938,0.016666666666666698,-0.016666666666666607,4.4371000615872638e-17,-0.0083333333333332985,-0.033333333333333243,-7.0756265212256015e-17,0.004166666666666697,-1.0900519306987717e-18,-0.004166666666666651,0.016666666666666687,0.0041666666666666085,-0.079166666666666718,7.1138621828656207e-17,0.016666666666666663,-4.0306987206168839e-17,-0.004166666666666612,3.5871485695375047e-17,0.0041666666666665669,-0.0041666666666666336,-0.016666666666666646,0.016666666666666635,-0.016666666666666659,-0.079166666666666677,-0.0041666666666666059,0.0041666666666666111,-0.079166666666666691,0.058333333333333411,0.016666666666666701,-0.0041666666666666848,-0.016666666666666604,0.0083333333333332742,-7.9429882592140051e-17,0.033333333333333319,-9.1411619242234378e-18,0.0041666666666665929,-4.3198222173204935e-18,2.2614894414735891e-17,0.01666666666666667,-0.016666666666666649,2.9320086519271816e-18,0.0041666666666666753,-4.5864951431794302e-19,-0.0041666666666666848,0.016666666666666659,-0.004166666666666612,-0.016666666666666677,-0.062500000000000028,-0.0041666666666666102,1.8073798587747228e-17,0.0041666666666666406,-0.058333333333333369,-0.016666666666666663,0.079166666666666691,0.016666666666666659,6.169069672639378e-19,-0.0041666666666666553,-0.0041666666666666154,-0.016666666666666646,0.0041666666666666059,-0.016666666666666635,-0.062500000000000042,0.079166666666666705,-0.058333333333333418,-0.0041666666666665799,0.01666666666666667,-0.016666666666666642
e004,1.2213749930802803e-17,0.0083333333333334442,-0.0083333333333333367,-7.1288735477701588e-17,0.15833333333333349,-0.033333333333333326,-0.0625,-0.062500000000000069,5.2265258938186498e-17,1.1951662454962226e-16,-0.0041666666666666866,0.0041666666666666267,-0.016666666666666628,0.016666666666666611,-0.0041666666666667239,0.004166666666666795,-0.062500000000000042,-0.016666666666666687,0.079166666666666691,2.9295457746333682e-17,-0.07916666666666676,-1.7488331439637663e-17,0.016666666666666653,0.062500000000000083,-0.0041666666666666709,-0.016666666666666708,0.0041666666666666545,0.016666666666666642,-0.0041666666666667507,-3.6737940381743315e-17,0.0041666666666666406,3.6648459845384342e-17,0.062500000000000028,0.033333333333333333,0.062500000000000069,-0.15833333333333346,-1.4101342466696738e-17,0.0083333333333333471,-3.3867577859437551e-17,-0.0083333333333333436,-0.0041666666666667343,4.2412895030460525e-17,-0.058333333333333404,-0.016666666666666607,-0.0041666666666667334,-0.0041666666666667239,0.016666666666666677,-0.016666666666666712,0.004166666666666651,-0.016666666666666639,-0.0041666666666666536,0.0041666666666666579,0.016666666666666653,0.062500000000000042,-0.079166666666666732,0.016666666666666701,0.033333333333333298,0.062500000000000083,-1.2105390198696192e-17,-0.0041666666666666822,0.0041666666666666666,-0.079166666666666732,-1.3446189774347178e-17,0.016666666666666736,-2.1095499416902402e-17,4.4034407752566144e-17,0.0083333333333333297,-2.7152559929219932e-17,-0.0041666666666666779,0.0041666666666666449,-0.079166666666666718,0.05833333333333339,-1.6873815795505922e-17,0.016666666666666642,-0.016666666666666601,2.4783298725588126e-17,-1.3132212932792819e-17,0.0041666666666666519,-0.0041666666666666579,0.016666666666666653,0.0041666666666666484,-0.079166666666666746,-8.0717428874107954e-18,0.016666666666666698,2.7560734270356872e-17,-0.0041666666666666753,1.6173093693599711e-18,0.004166666666666736,-0.0041666666666666857,-0.016666666666666659,0.01666666666666667,-0.016666666666666708,-0.079166666666666691,-0.0041666666666666493,0.0041666666666666779,-0.079166666666666732,0.05833333333333339,0.016666666666666698,-0.0041666666666666397,-0.016666666666666743,0.0083333333333334772,3.2371202010751649e-17,0.033333333333333305,7.6038839764737844e-18,0.0041666666666667169,3.0746391208571943e-17,-4.8181485928744813e-17,0.016666666666666694,-0.016666666666666684,-1.1494612886748966e-17,0.0041666666666666814,1.3708427036151068e-17,-0.0041666666666666623,0.016666666666666611,-0.0041666666666666579,-0.016666666666666642,-0.0041666666666666302,-0.058333333333333383,-0.016666666666666687,0.016666666666666639
e005,-9.781980655061512e-18,-0.0083333333333333662,0.0083333333333333176,-1.0422650361695706e-18,-0.033333333333333326,0.15833333333333321,-0.062500000000000042,-0.062500000000000042,6.0151016202197904e-17,3.9215830824544194e-17,0.0041666666666665512,-0.0041666666666666328,0.079166666666666607,-0.016666666666666718,-0.058333333333333251,-0.0041666666666667334,1.657069422473264e-17,0.016666666666666673,-0.01666666666666667,-2.7787391542103831e-18,0.016666666666666625,3.9880201230387033e-17,-0.079166666666666663,0.0625,0.0041666666666666614,0.016666666666666649,-0.0041666666666666961,-0.016666666666666659,0.0041666666666667126,-1.2867802807198418e-17,-0.0041666666666666796,1.1866400703533727e-17,-8.2511759630403218e-18,-0.033333333333333257,-7.0149255099468722e-18,0.033333333333333291,-4.9742675346337068e-17,-0.0083333333333332656,-5.5250909226617121e-20,0.008333333333333354,0.0041666666666665859,3.0136026786542212e-17,-0.0041666666666666996,0.016666666666666666,0.0041666666666666848,0.0041666666666666111,-0.079166666666666691,0.016666666666666764,0.058333333333333334,0.016666666666666604,0.0041666666666666987,-0.0041666666666666987,-0.016666666666666597,0.0625,0.01666666666666668,-0.079166666666666691,-0.033333333333333243,-1.1546669816475636e-17,3.4613541950220106e-17,0.0041666666666665747,-0.0041666666666667022,0.016666666666666604,-5.8821598476308803e-18,-0.016666666666666666,-0.062500000000000056,2.6458903752811549e-17,-0.0083333333333333454,4.6175760586090081e-17,-0.0583333333333333,-0.0041666666666666458,0.016666666666666687,0.0041666666666666467,-0.062499999999999993,-0.016666666666666632,0.079166666666666621,-6.2863140314763863e-18,-1.8575212621028122e-17,-0.0041666666666665868,0.0041666666666667004,-0.016666666666666642,-0.0041666666666666935,0.016666666666666666,-2.1024026457884696e-17,-0.079166666666666691,9.3643251776272666e-18,0.0041666666666665712,-7.9905631190403561e-19,-0.0041666666666666215,0.0041666666666666952,0.016666666666666604,-0.016666666666666646,0.016666666666666764,0.016666666666666604,-0.058333333333333355,-0.0041666666666666961,0.01666666666666659,0.004166666666666716,-0.016666666666666753,0.0041666666666667004,0.016666666666666666,-0.008333333333333328,0.062500000000000028,-0.15833333333333333,0.0625,-0.0041666666666666692,-8.2159731240399396e-18,-2.9109722870923446e-17,-0.079166666666666691,0.016666666666666712,-6.9086850872242552e-18,-0.004166666666666612,-2.5040751871158453e-17,0.0041666666666666449,-0.079166666666666607,0.0041666666666667013,0.016666666666666618,0.0041666666666667108,-0.0041666666666666683,0.01666666666666676,-0.016666666666666656
e006,0.0041666666666666232,-1.1669595326728691e-17,2.0014431448433034e-17,-0.0041666666666665842,-0.0625,-0.062500000000000042,0.15833333333333341,-0.033333333333333277,0.0083333333333333263,-0.0083333333333333801,6.8869696872639633e-17,-5.5251271696579715e-17,-9.5125039648890641e-19,2.0418056731660848e-17,-0.016666666666666635,0.016666666666666548,0.079166666666666649,-0.0041666666666666735,-0.0583333333333333,-0.016666666666666715,-2.76647498357165e-17,-0.033333333333333277,1.1284534127900175e-17,0.033333333333333347,9.9015980369057997e-18,-0.0041666666666666753,9.4509111613389512e-18,0.0041666666666666788,-0.016666666666666562,-0.0041666666666665955,0.016666666666666594,0.004166666666666625,-0.079166666666666663,-7.44561594841151e-17,0.016666666666666698,0.062500000000000014,-0.0083333333333333228,-2.1562337339692572e-17,0.008333333333333328,3.4790205989705003e-17,-1.2099358396202255e-17,-0.0083333333333333315,-0.016666666666666705,-1.856072683995224e-17,0.016666666666666677,0.016666666666666614,0.058333333333333494,0.0041666666666666631,-0.07916666666666676,0.0041666666666666918,6.4454998386748581e-18,1.4264297551782838e-17,-0.0041666666666667447,-0.15833333333333338,0.062500000000000056,0.062500000000000097,-4.5833222130497783e-17,0.01666666666666668,0.0041666666666666137,0.016666666666666628,-0.016666666666666708,0.0041666666666667039,-0.016666666666666632,-0.0041666666666666579,0.079166666666666788,-0.0041666666666667013,-1.2410606961833867e-17,0.0041666666666667048,-0.016666666666666597,0.016666666666666673,0.058333333333333307,-0.079166666666666649,-0.016666666666666628,0.0041666666666665842,-0.0041666666666666475,-0.0041666666666667369,0.0083333333333333332,0.016666666666666632,-5.015215992857074e-18,0.0041666666666666432,-3.6293803799639867e-17,0.062500000000000056,0.033333333333333277,0.062500000000000097,-0.016666666666666698,0.016666666666666635,-0.0041666666666666432,-0.016666666666666646,1.3737594509394662e-17,0.0041666666666666952,-0.0041666666666667108,1.0990954464718202e-17,-6.3226581093241042e-17,0.079166666666666732,-0.016666666666666712,0.0041666666666666805,0.016666666666666687,-0.0041666666666666649,-9.2653510849279216e-18,0.0041666666666666432,-4.432221624550165e-17,-0.079166666666666788,0.062500000000000097,0.016666666666666614,-0.016666666666666663,-0.0041666666666667473,0.0041666666666667048,0.058333333333333473,-0.0041666666666666866,-0.016666666666666635,0.016666666666666646,-0.0041666666666667082,-0.01666666666666667,0.004166666666666651,-0.016666666666666611,-0.0041666666666666432,8.1045473150167517e-18,0.079166666666666635,2.2954706924283535e-17,0.004166666666666592
e007,-0.0041666666666666406,-6.7356691296536239e-18,2.7705144500171843e-18,0.0041666666666666146,-0.062500000000000069,-0.062500000000000042,-0.033333333333333277,0.15833333333333344,-0.0083333333333334217,0.0083333333333333367,-8.1173963818466283e-17,9.2315285859642535e-17,-0.062500000000000014,7.4759307524306993e-17,0.07916666666666676,-0.016666666666666725,-0.016666666666666653,0.0041666666666667065,-0.0041666666666667273,0.016666666666666687,0.062500000000000069,0.033333333333333326,0.062500000000000014,-0.15833333333333349,-3.0080903264202966e-17,0.004166666666666782,3.9819519202883733e-17,-0.004166666666666684,0.016666666666666722,0.0041666666666666553,-0.016666666666666732,-0.0041666666666666224,0.016666666666666663,-5.5502149343463797e-18,-0.079166666666666691,0.062500000000000056,0.0083333333333333749,-5.5027881269046883e-17,-0.0083333333333333367,-2.1437386205022597e-18,1.0871855888624007e-17,0.0083333333333333714,0.079166666666666691,-2.5908048864126607e-17,-0.016666666666666601,-0.016666666666666687,0.0041666666666667325,-0.0041666666666666605,0.016666666666666684,-0.0041666666666667178,3.054396143675238e-17,-9.6967694264723929e-18,0.0041666666666666996,0.033333333333333298,-4.7022588979502175e-17,8.7019633179055768e-17,-2.2030087956126047e-17,-0.079166666666666691,-0.0041666666666666449,-0.016666666666666701,0.01666666666666667,0.058333333333333313,0.016666666666666694,0.0041666666666666761,-0.016666666666666614,0.0041666666666667152,-2.1818896233584813e-17,-0.0041666666666667065,0.079166666666666732,-0.016666666666666646,0.0041666666666667334,0.016666666666666642,0.079166666666666774,-0.0041666666666666822,-0.058333333333333362,0.0041666666666667638,-0.0083333333333333454,-0.016666666666666618,-2.9854512546789701e-18,-0.004166666666666625,-6.4321007893881646e-17,-2.6637232347231458e-17,-0.033333333333333319,8.6176873468989822e-17,0.016666666666666659,-0.016666666666666718,0.0041666666666666519,0.016666666666666715,6.4616045365034525e-17,-0.0041666666666667082,0.0041666666666666892,-1.6866918213244252e-17,0.062500000000000083,-0.016666666666666656,0.016666666666666646,0.058333333333333341,-0.079166666666666677,0.0041666666666666683,-6.0560039041294825e-17,-0.0041666666666666519,-4.6698169936469558e-17,0.016666666666666632,0.062500000000000139,-0.07916666666666676,0.016666666666666597,0.0041666666666667681,-0.0041666666666667126,0.0041666666666667291,0.0041666666666667082,0.016666666666666687,-0.016666666666666625,0.0041666666666666987,0.016666666666666666,0.058333333333333362,0.016666666666666743,0.0041666666666666319,6.6055731369858453e-17,-0.016666666666666614,-3.481193653634387e-17,-0.0041666666666666683
e008,0.079166666666666607,8.8504190386630756e-17,-0.062500000000000056,-0.01666666666666668,5.2265258938186498e-17,6.0151016202197904e-17,0.0083333333333333263,-0.0083333333333334217,0.15833333333333333,-0.03333333333333334,-0.062500000000000111,-0.062500000000000083,-4.9741148345543789e-17,-1.941494252578821e-17,-0.0041666666666667412,0.0041666666666667377,0.0041666666666666709,-0.016666666666666687,0.01666666666666667,-0.0041666666666666562,3.1556077039589992e-18,-0.0083333333333334165,1.2492996929160189e-17,0.0083333333333333939,0.062499999999999979,-0.07916666666666676,3.4708587393866817e-17,0.016666666666666712,-0.0041666666666667533,-0.016666666666666587,0.0041666666666667438,0.016666666666666687,-0.0041666666666666588,5.3267862265385959e-18,0.0041666666666666892,-3.4600121473493712e-17,-0.15833333333333338,0.062500000000000042,0.03333333333333334,0.062500000000000014,-0.0625,-0.033333333333333347,-0.0041666666666666536,3.4897934244400878e-17,0.0041666666666666198,-0.05833333333333332,-0.016666666666666649,0.079166666666666691,-0.0041666666666667169,0.016666666666666646,9.0305865864512465e-18,2.9472017658999274e-17,-0.016666666666666701,-0.008333333333333354,-2.3694788358617025e-17,-3.007329805861214e-17,7.9288714405038073e-18,0.0041666666666666961,0.016666666666666632,0.0041666666666667117,-0.0041666666666666579,0.016666666666666646,-0.0041666666666667082,-0.016666666666666656,0.004166666666666697,-0.01666666666666659,-0.062499999999999993,0.079166666666666718,-0.0041666666666667195,-0.058333333333333355,-0.016666666666666687,-0.0041666666666666571,-0.0041666666666667169,0.016666666666666659,-0.016666666666666656,-0.016666666666666649,0.033333333333333326,0.0041666666666666996,-3.549514650780035e-17,0.01666666666666667,6.7451548307191193e-20,-3.0768431956427736e-17,0.00833333333333342,-2.1961240541071235e-17,-0.0041666666666666458,0.0041666666666666978,-0.079166666666666663,0.0583333333333333,1.8892083473610839e-17,0.016666666666666646,-0.016666666666666691,1.5995995328095445e-17,-2.8069414863623526e-17,0.0041666666666667022,-0.0041666666666666605,0.016666666666666628,0.0041666666666666727,-0.079166666666666691,1.1801675521036164e-19,0.016666666666666628,1.6317092007377755e-17,-0.0041666666666667039,2.1158759219459153e-18,0.0041666666666667204,-0.0041666666666666094,-0.016666666666666649,0.016666666666666607,-0.016666666666666663,-0.079166666666666663,-0.0041666666666667256,0.0041666666666666987,-0.079166666666666705,0.058333333333333341,0.01666666666666667,-0.0041666666666667291,-0.016666666666666656,-9.3481328629559474e-19,0.0041666666666666675,4.1558964940194476e-17,0.016666666666666653
e009,-0.016666666666666635,9.3690175136819881e-18,-2.2884663698515387e-17,0.016666666666666642,1.1951662454962226e-16,3.9215830824544194e-17,-0.0083333333333333801,0.0083333333333333367,-0.03333333333333334,0.15833333333333327,-0.062499999999999882,-0.062499999999999806,1.0255260880165921e-17,-3.0132652974474633e-17,0.0041666666666667108,-0.0041666666666666735,-0.0041666666666666536,0.079166666666666663,-0.016666666666666639,-0.058333333333333341,-1.6609686334562636e-17,0.0083333333333332829,-4.1310142386719514e-18,-0.0083333333333332968,0.062499999999999958,0.016666666666666687,-7.9494804378562603e-17,-0.079166666666666663,0.004166666666666677,0.016666666666666791,-0.0041666666666667282,-0.01666666666666667,0.0041666666666666701,3.950066677662619e-17,-0.004166666666666612,-7.1659043276282607e-17,0.033333333333333368,-2.385589021055436e-17,-0.033333333333333312,7.0583804386984201e-19,-0.062499999999999979,0.15833333333333335,0.0041666666666666328,4.9421992424621532e-17,-0.0041666666666666415,-0.0041666666666667585,0.016666666666666687,-0.016666666666666642,0.0041666666666667091,-0.01666666666666668,-0.062500000000000014,-1.1365322417671078e-17,0.079166666666666718,0.0083333333333333974,-1.1090678984905017e-17,-2.8497078107126412e-17,9.1972160556563391e-18,-0.0041666666666666293,-0.016666666666666732,-0.0041666666666667056,0.0041666666666666614,-0.016666666666666732,-0.058333333333333258,0.079166666666666663,-0.0041666666666667438,0.016666666666666701,-3.3675528729324551e-17,-0.016666666666666684,0.0041666666666666597,-0.0041666666666666519,0.016666666666666673,0.0041666666666667134,0.0041666666666666814,-0.079166666666666635,0.016666666666666739,0.016666666666666691,-0.033333333333333347,-0.0041666666666666432,-5.278676563030545e-18,-0.016666666666666639,-0.062499999999999972,7.0603793814942362e-18,-0.008333333333333354,-9.8583714740088304e-18,-0.058333333333333327,-0.0041666666666666996,0.016666666666666673,0.0041666666666667403,-0.062499999999999965,-0.016666666666666673,0.079166666666666649,9.3406864531944785e-18,-3.0270633707879992e-17,-0.0041666666666666935,0.0041666666666666605,-0.016666666666666722,-0.0041666666666666284,0.016666666666666628,4.7296617213579105e-17,-0.079166666666666649,4.9782027032004672e-17,0.0041666666666667377,-3.2894633032343875e-17,-0.0041666666666666701,0.0041666666666666363,0.016666666666666722,-0.016666666666666677,0.016666666666666666,0.016666666666666684,-0.05833333333333323,-0.0041666666666666354,0.016666666666666691,0.0041666666666666718,-0.016666666666666746,0.0041666666666667629,0.016666666666666635,0.062500000000000028,-0.0041666666666667091,3.3383617444585105e-17,-0.079166666666666621
e010,-0.058333333333333355,-0.016666666666666649,0.079166666666666691,-0.0041666666666666467,-0.0041666666666666866,0.0041666666666665512,6.8869696872639633e-17,-8.1173963818466283e-17,-0.062500000000000111,-0.062499999999999882,0.15833333333333335,-0.033333333333333298,0.0083333333333333575,-0.0083333333333333176,-7.9864862459543088e-17,2.7948134791214785e-17,0.016666666666666621,1.1730401997436056e-16,-3.7755919535607252e-17,-0.016666666666666705,0.0083333333333332985,-1.3728973417326704e-17,-0.0083333333333333297,5.2067099457117936e-17,0.033333333333333368,6.2498735098593597e-17,-0.03333333333333327,-1.2933866408894966e-16,-5.5678587337475284e-17,-0.0041666666666667325,6.7108175330389618e-17,0.0041666666666666666,-0.016666666666666628,-0.0041666666666667403,0.016666666666666722,0.004166666666666651,0.062500000000000097,-0.079166666666666663,-6.5223488913011133e-17,0.016666666666666618,0.15833333333333338,-0.062499999999999889,-1.7400906055536176e-17,0.008333333333333328,-4.4468401986233655e-17,0.07916666666666676,3.0528638338163447e-17,-0.062500000000000056,-0.016666666666666715,0.0041666666666665972,-0.016666666666666687,0.016666666666666705,-0.004166666666666618,-7.2250561383529833e-17,-0.0041666666666666649,0.0041666666666667065,-0.0041666666666667265,0.016666666666666715,0.0041666666666666857,0.016666666666666722,-1.0002273718866929e-17,0.0041666666666666319,0.07916666666666658,-0.0625,-0.016666666666666566,0.0041666666666667082,-0.016666666666666642,-0.0041666666666667429,-4.378869583173584e-17,-0.016666666666666618,1.9057396030119754e-17,0.016666666666666656,0.016666666666666646,0.058333333333333279,0.0041666666666666345,0.0041666666666666805,-6.9736810786806004e-17,-0.016666666666666701,-0.016666666666666705,-0.004166666666666703,0.079166666666666649,-0.0041666666666666892,3.1277844430316036e-17,0.0041666666666667004,-0.016666666666666701,0.016666666666666732,0.058333333333333334,-0.079166666666666746,-0.016666666666666705,0.0041666666666666076,-0.0041666666666666241,-0.0041666666666666909,0.0083333333333333211,0.016666666666666718,-7.7228065100557341e-18,0.0041666666666666206,-4.9891901295853072e-18,0.062500000000000069,0.033333333333333263,0.062499999999999993,-0.016666666666666659,0.016666666666666566,-0.0041666666666666319,-0.01666666666666667,3.7650489834259181e-17,0.0041666666666666692,-0.0041666666666667273,2.9903240104040559e-17,4.674344919186253e-17,0.07916666666666658,-0.016666666666666701,0.0041666666666667273,0.016666666666666628,-0.0041666666666666692,-8.2831749478021068e-17,0.0041666666666667013,-0.079166666666666677,-0.016666666666666642,-0.0041666666666667204,0.058333333333333251
e011,-0.004166666666666631,0.016666666666666576,-0.016666666666666566,0.0041666666666666415,0.0041666666666666267,-0.0041666666666666328,-5.5251271696579715e-17,9.2315285859642535e-17,-0.062500000000000083,-0.062499999999999806,-0.033333333333333298,0.15833333333333316,-0.0083333333333332621,0.0083333333333332829,6.3385660519402338e-17,-5.1249121226885413e-18,-0.016666666666666705,-0.062499999999999896,-4.2821902504631595e-17,0.079166666666666649,-0.0083333333333332829,1.3186674440883218e-16,0.0083333333333332604,-6.5845111889692034e-17,-0.15833333333333324,0.062500000000000097,0.033333333333333354,0.062499999999999882,4.5666252892994314e-17,0.0041666666666665192,-3.0358148473100629e-17,-0.0041666666666666493,0.016666666666666701,0.0041666666666666345,-0.016666666666666715,-0.0041666666666666579,0.062500000000000097,0.016666666666666587,-9.8754820679296159e-17,-0.079166666666666621,-0.03333333333333334,-0.06249999999999984,1.1888100030587545e-17,-0.0083333333333333176,-3.1427846227961217e-18,-0.016666666666666583,-3.4887214443828448e-17,-1.0829904070340531e-16,0.016666666666666705,-0.0041666666666666735,0.079166666666666621,-0.01666666666666668,-0.058333333333333251,7.4434185172881315e-17,0.0041666666666665911,-0.004166666666666605,0.0041666666666666484,-0.016666666666666691,-0.0041666666666665764,-0.016666666666666663,6.6548161963617937e-18,-0.0041666666666666753,-0.016666666666666691,4.2022881355150828e-17,0.016666666666666653,-0.004166666666666612,0.079166666666666649,-0.058333333333333459,4.914386516054201e-17,0.079166666666666621,3.2862883479069146e-17,-0.016666666666666656,-0.016666666666666614,0.0041666666666665825,-0.0041666666666666701,-0.0041666666666665712,-5.9471865376346721e-17,0.016666666666666601,0.016666666666666701,0.004166666666666625,-0.016666666666666712,0.0041666666666666016,-7.119407988927018e-17,-0.0041666666666666241,0.079166666666666621,-0.016666666666666663,0.0041666666666666579,0.016666666666666618,0.079166666666666594,-0.004166666666666684,-0.058333333333333237,0.0041666666666665591,-0.0083333333333332656,-0.016666666666666725,9.8455698765220679e-18,-0.0041666666666666657,-1.0881391656702472e-17,1.2395420912682283e-16,-0.033333333333333354,-2.6704704304457098e-17,0.016666666666666618,-0.016666666666666635,0.0041666666666666449,0.016666666666666611,-2.1737162627088978e-18,-0.0041666666666666033,0.0041666666666665964,6.5214880644657263e-18,0.062500000000000028,-0.016666666666666701,0.016666666666666597,0.058333333333333466,-0.079166666666666635,0.0041666666666667039,1.1465426532882472e-18,-0.0041666666666666302,0.016666666666666691,0.016666666666666649,0.004166666666666546,0.0041666666666666128
e012,0.016666666666666618,-0.0041666666666666866,0.0041666666666666432,-0.016666666666666635,-0.016666666666666628,0.079166666666666607,-9.5125039648890641e-19,-0.062500000000000014,-4.9741148345543789e-17,1.0255260880165921e-17,0.0083333333333333575,-0.0083333333333332621,0.15833333333333335,-0.03333333333333343,-0.062499999999999993,-0.062500000000000042,0.0041666666666666657,-3.7465110634840899e-17,3.0057493191751589e-17,-0.0041666666666666788,0.033333333333333326,0.062500000000000083,-0.15833333333333338,0.062500000000000083,0.008333333333333328,-3.1162926807572571e-17,-0.008333333333333387,4.6572408883719136e-17,0.062500000000000042,-0.079166666666666663,-5.4586624927039209e-18,0.016666666666666656,-0.0041666666666666727,-0.016666666666666601,0.004166666666666638,0.016666666666666639,6.1884212677381439e-17,-0.0041666666666666484,-1.4054000205999981e-17,0.0041666666666666614,0.0083333333333333402,3.0867839989896692e-17,-1.1771585478387106e-17,0.033333333333333388,-2.2008623861765012e-17,0.0041666666666666701,4.024709830197507e-17,-3.4349476676930252e-18,-0.0041666666666666935,0.016666666666666684,-0.0041666666666666692,0.0041666666666666441,-0.016666666666666625,4.2791746137525951e-18,-0.016666666666666649,0.079166666666666705,-0.016666666666666583,0.0041666666666666215,0.079166666666666677,-0.058333333333333369,4.1818989808062004e-18,0.016666666666666656,0.0041666666666666848,4.1693713980609942e-17,-0.0041666666666667143,0.016666666666666673,-0.0041666666666666519,-0.016666666666666705,-0.0625,-0.0041666666666666614,-2.2170729634598026e-17,0.0041666666666667022,-0.05833333333333339,-0.016666666666666642,0.079166666666666705,0.016666666666666639,-4.3045047276717293e-17,-0.0041666666666667221,-0.0041666666666666302,-0.016666666666666712,0.0041666666666666814,-0.016666666666666656,-0.062500000000000083,0.079166666666666705,-0.0041666666666666354,-0.058333333333333327,-0.016666666666666659,-0.0041666666666666874,-0.0041666666666666753,0.016666666666666663,-0.016666666666666642,-0.016666666666666666,0.033333333333333263,0.004166666666666677,1.2330947145536588e-17,0.016666666666666614,5.0949761820567005e-18,1.4816475371065443e-17,0.0083333333333333905,-6.8319643250673625e-17,-0.0041666666666667152,0.0041666666666666796,-0.079166666666666691,0.058333333333333404,3.4348401649285279e-17,0.016666666666666621,-0.016666666666666673,3.8038439999375094e-17,1.38203894609146e-17,0.0041666666666666805,-0.0041666666666667273,0.016666666666666729,0.0041666666666666692,-0.079166666666666705,-7.8945560999568883e-18,0.016666666666666677,-0.0041666666666666822,-0.0041666666666667082,-0.016666666666666677,-0.016666666666666677
e013,-0.016666666666666635,-0.058333333333333473,-0.0041666666666666258,0.079166666666666691,0.016666666666666611,-0.016666666666666718,2.0418056731660848e-17,7.4759307524306993e-17,-1.941494252578821e-17,-3.0132652974474633e-17,-0.0083333333333333176,0.0083333333333332829,-0.03333333333333343,0.15833333333333341,-0.062500000000000028,-0.062499999999999979,-0.0041666666666666536,4.558852018064924e-18,2.0184683791229907e-18,0.0041666666666666284,-0.03333333333333327,-4.1025455525426183e-17,0.033333333333333409,-5.6632536443769982e-17,-0.0083333333333333523,4.2813906506770772e-17,0.0083333333333333835,4.9217575737216093e-17,0.0625,0.016666666666666736,-1.6543899607823046e-17,-0.079166666666666691,0.0041666666666666857,0.016666666666666628,-0.0041666666666666571,-0.016666666666666663,2.0677077660201397e-18,0.0041666666666666163,4.7551275965772475e-17,-0.0041666666666666744,-0.0083333333333333055,-4.1352436371609363e-17,0.062500000000000069,-0.15833333333333338,0.062500000000000056,-0.0041666666666666657,1.0921303881038977e-18,-4.7080276274524442e-18,0.0041666666666666493,-0.079166666666666718,0.0041666666666666553,0.058333333333333397,0.016666666666666628,-1.6856642537696302e-17,0.016666666666666642,-0.016666666666666687,0.016666666666666625,-0.004166666666666651,-0.016666666666666705,-0.0041666666666666319,8.6597685276424811e-18,-0.016666666666666639,-0.0041666666666666293,-6.1556393816353905e-17,0.0041666666666666935,-0.079166666666666677,0.0041666666666666848,0.016666666666666642,-0.062500000000000014,0.0041666666666666978,4.9579141762275335e-19,-0.0041666666666666796,-0.0041666666666665755,0.016666666666666698,-0.016666666666666732,-0.016666666666666632,4.3294066205431114e-17,0.0041666666666666996,-0.058333333333333404,0.079166666666666802,-0.0041666666666666631,0.016666666666666653,5.7469642326214919e-17,-0.01666666666666668,0.0041666666666666493,-0.0041666666666666484,0.016666666666666618,0.0041666666666666657,0.004166666666666664,-0.079166666666666718,0.016666666666666659,0.016666666666666642,-0.033333333333333305,-0.0041666666666666675,-7.5895341929540292e-18,-0.016666666666666642,-0.062500000000000069,1.2116288621344798e-17,-0.0083333333333333696,5.8839023451797119e-17,-0.058333333333333383,-0.00416666666666669,0.016666666666666753,0.0041666666666665877,-0.062500000000000042,-0.016666666666666635,0.079166666666666677,7.6412561316266569e-18,5.1220230718535933e-18,-0.0041666666666666389,0.0041666666666666675,-0.016666666666666625,-0.0041666666666667126,0.016666666666666712,3.366056406640796e-17,-0.079166666666666788,0.0041666666666666822,0.0041666666666667039,0.016666666666666628,0.016666666666666705
e014,-4.3423780231497543e-18,-0.016666666666666583,0.016666666666666656,-3.4787115570048007e-17,-0.0041666666666667239,-0.058333333333333251,-0.016666666666666635,0.07916666666666676,-0.0041666666666667412,0.0041666666666667108,-7.9864862459543088e-17,6.3385660519402338e-17,-0.062499999999999993,-0.062500000000000028,0.15833333333333341,-0.033333333333333388,-1.0275176481028249e-17,0.0083333333333334252,-0.0083333333333334113,2.0031050153417356e-17,5.938319946094581e-17,0.016666666666666642,0.0625,-0.079166666666666774,-4.7377019956912454e-17,0.0083333333333333662,4.2284613677131169e-17,-0.0083333333333334789,0.033333333333333388,-3.6260550444035274e-17,-0.033333333333333375,3.292943063531306e-17,9.4453663333354283e-18,-0.0041666666666667187,-2.7374222262157872e-17,0.0041666666666667386,0.0041666666666667082,-0.016666666666666659,-0.0041666666666667048,0.016666666666666611,-3.5535534846395547e-17,0.0041666666666667134,-0.079166666666666718,0.062500000000000042,0.016666666666666715,-0.016666666666666725,-0.0041666666666666848,0.0041666666666666814,0.01666666666666676,0.058333333333333362,0.01666666666666667,-0.07916666666666676,0.0041666666666667074,0.01666666666666668,0.0041666666666666467,-0.0041666666666666683,-0.0041666666666667421,-1.4684822290439267e-17,1.0587969304914816e-17,-0.016666666666666739,-0.016666666666666684,-0.0041666666666666701,0.016666666666666687,-0.0041666666666666666,-0.016666666666666646,0.0041666666666666805,-0.016666666666666614,-0.0041666666666667065,0.15833333333333341,6.0626741945161874e-17,0.0083333333333333957,-7.6313177788496623e-17,0.079166666666666691,-2.4894135683942754e-17,-0.062499999999999972,0.0041666666666667187,-0.0041666666666666935,5.6110682423240926e-17,0.079166666666666718,-0.062500000000000083,-0.016666666666666718,0.0041666666666666649,-0.016666666666666666,-0.0041666666666666735,-1.7265504580083997e-17,-0.016666666666666729,7.1362535657698927e-18,0.016666666666666743,0.01666666666666668,0.058333333333333383,0.0041666666666666961,0.0041666666666666952,9.841447767042397e-17,-0.016666666666666725,-0.016666666666666677,-0.0041666666666666406,0.079166666666666718,-0.0041666666666666892,-5.9847030989725987e-17,0.0041666666666666987,-0.016666666666666656,0.016666666666666677,0.058333333333333334,-0.079166666666666705,-0.016666666666666715,0.0041666666666667343,-0.004166666666666684,-0.0041666666666666571,0.008333333333333387,0.016666666666666687,8.047872549311345e-17,0.0041666666666666822,-5.2895589483857418e-17,0.062499999999999986,0.033333333333333402,0.062500000000000083,0.01666666666666668,5.3611566239615791e-17,0.00416666666666669,-2.2243822646124139e-17
e015,2.119478817830966e-17,0.079166666666666829,-0.016666666666666712,-0.062500000000000056,0.004166666666666795,-0.0041666666666667334,0.016666666666666548,-0.016666666666666725,0.0041666666666667377,-0.0041666666666666735,2.7948134791214785e-17,-5.1249121226885413e-18,-0.062500000000000042,-0.062499999999999979,-0.033333333333333388,0.15833333333333349,-7.2164638527075909e-17,-0.0083333333333333575,0.0083333333333334009,5.3032417032434319e-17,-5.5909777421905688e-17,-0.079166666666666732,0.062500000000000069,0.016666666666666663,9.6462718599113956e-18,-0.0083333333333333176,8.2487326769884793e-19,0.0083333333333333454,-0.15833333333333352,0.062500000000000083,0.033333333333333361,0.062500000000000056,4.5959235340142963e-17,0.0041666666666666527,5.6309946431783819e-17,-0.0041666666666667759,-0.0041666666666667048,0.016666666666666739,0.0041666666666666866,-0.016666666666666718,-7.6413932155176517e-18,-0.0041666666666666892,0.016666666666666712,0.062500000000000014,-0.079166666666666802,0.016666666666666632,0.004166666666666723,-0.0041666666666666935,-0.016666666666666684,0.0041666666666666588,-0.016666666666666732,0.016666666666666767,-0.0041666666666667082,-0.016666666666666625,-0.0041666666666667247,-0.058333333333333376,0.0041666666666666649,4.534795243408047e-17,-0.062500000000000083,0.079166666666666746,0.016666666666666767,0.004166666666666625,-0.016666666666666656,0.0041666666666666788,0.016666666666666677,0.058333333333333383,0.016666666666666708,0.0041666666666666701,-0.033333333333333375,-5.2584056632630763e-17,-0.008333333333333387,8.3985717102939218e-17,-0.016666666666666635,-2.1630997747313658e-17,2.8406454439324482e-17,-0.0041666666666666623,0.0041666666666666944,-1.4802830473557846e-17,-0.016666666666666767,2.2240826759947707e-17,0.016666666666666739,-0.0041666666666667403,0.079166666666666718,-0.058333333333333383,2.7011564892782212e-17,0.079166666666666718,2.5741791050342458e-17,-0.016666666666666639,-0.016666666666666729,0.0041666666666666718,-0.0041666666666667022,-0.0041666666666666796,-9.0722435705319007e-18,0.01666666666666668,0.016666666666666774,0.0041666666666666319,-0.016666666666666705,0.00416666666666669,4.2224076318692162e-18,-0.0041666666666666805,0.079166666666666816,-0.01666666666666667,0.004166666666666684,0.016666666666666632,0.079166666666666788,-0.0041666666666666614,-0.058333333333333362,0.00416666666666669,-0.0083333333333333506,-0.016666666666666642,1.3801630637157741e-17,-0.0041666666666667091,5.989205263109967e-17,-7.7743237748836334e-18,-0.033333333333333375,-1.3567209380063672e-17,-0.016666666666666722,-8.3247512913815872e-17,-0.0041666666666666623,-1.0784365769305534e-17
e016,0.0083333333333332951,9.1376789457950559e-18,-3.3293732689864904e-17,-0.008333333333333184,-0.062500000000000042,1.657069422473264e-17,0.079166666666666649,-0.016666666666666653,0.0041666666666666709,-0.0041666666666666536,0.016666666666666621,-0.016666666666666705,0.0041666666666666657,-0.0041666666666666536,-1.0275176481028249e-17,-7.2164638527075909e-17,0.15833333333333335,-0.062499999999999972,-0.062499999999999993,-0.033333333333333402,0.0041666666666666631,-0.016666666666666618,-0.0041666666666666623,0.016666666666666684,0.016666666666666718,-7.2778941668929578e-17,-0.079166666666666691,0.062500000000000014,5.9400261688649869e-17,-0.0083333333333332985,6.4764900068618064e-17,0.0083333333333332465,-0.15833333333333335,0.062499999999999972,0.033333333333333333,0.062500000000000028,-0.0041666666666667022,6.1752637222548879e-17,0.0041666666666666163,4.9064129781777961e-17,0.016666666666666659,-0.0041666666666665964,-0.016666666666666646,0.0041666666666666198,0.016666666666666698,-5.368107669093161e-18,-0.0041666666666666406,0.0041666666666667117,-2.0087122757421738e-17,-1.3271023754900698e-17,-0.016666666666666722,0.016666666666666684,2.3008681007825397e-17,-0.079166666666666718,0.058333333333333362,0.0041666666666666709,0.062500000000000014,0.033333333333333347,0.0083333333333333436,-3.1713269985050073e-17,-0.016666666666666673,-3.7757528969895563e-18,0.016666666666666653,0.058333333333333348,-0.079166666666666663,0.0041666666666666449,-2.4531951886702642e-17,-0.0041666666666666016,-4.1216279046427502e-18,0.016666666666666659,0.062500000000000014,-0.079166666666666691,0.01666666666666667,0.0041666666666665938,-0.0041666666666666892,0.0041666666666666571,0.0041666666666666094,0.016666666666666687,-0.016666666666666712,0.0041666666666666258,0.016666666666666705,0.058333333333333362,0.016666666666666677,0.0041666666666666788,-0.033333333333333409,-3.6050078674992091e-17,-0.0083333333333333263,1.611603280506191e-18,-0.016666666666666708,-2.0619999711141292e-17,4.078959663658767e-17,-0.004166666666666599,0.0041666666666666302,2.5783391648152199e-17,-0.016666666666666705,-9.1439561458533232e-18,0.016666666666666653,-0.004166666666666703,0.079166666666666677,-0.058333333333333369,-3.2388521893498723e-17,0.079166666666666663,2.0807876919235384e-17,-0.016666666666666677,-0.016666666666666684,0.0041666666666666441,-0.0041666666666666406,-0.0041666666666666415,4.3442976663633175e-18,0.016666666666666646,0.016666666666666684,0.0041666666666666319,-0.016666666666666663,0.0041666666666666761,-4.8824323142960103e-17,-0.0041666666666666258,-0.016666666666666732,0.079166666666666663,-0.0041666666666666276,0.0041666666666666137
e017,3.0226855564973924e-18,-0.0041666666666667108,0.0041666666666666692,-1.2313171272422386e-17,-0.016666666666666687,0.016666666666666673,-0.0041666666666666735,0.0041666666666667065,-0.016666666666666687,0.079166666666666663,1.1730401997436056e-16,-0.062499999999999896,-3.7465110634840899e-17,4.558852018064924e-18,0.0083333333333334252,-0.0083333333333333575,-0.062499999999999972,0.15833333333333335,-0.033333333333333416,-0.062499999999999951,3.5420528149125833e-17,0.0041666666666665634,3.3042247346476462e-17,-0.004166666666666697,0.062499999999999965,0.033333333333333423,0.062499999999999938,-0.15833333333333335,0.008333333333333354,7.2710254116187032e-17,-0.0083333333333333801,-5.8153706269116678e-18,0.062499999999999986,-0.079166666666666621,1.1989082919905332e-17,0.016666666666666694,0.016666666666666708,-0.0041666666666666822,-0.016666666666666656,0.0041666666666666519,1.916135774559628e-17,0.079166666666666621,-0.0041666666666666831,2.6086878438581707e-17,0.0041666666666667152,-0.004166666666666716,-0.016666666666666691,0.016666666666666708,0.0041666666666666796,-0.016666666666666673,-0.05833333333333332,-0.0041666666666666883,0.079166666666666718,0.0041666666666667022,0.016666666666666687,-0.016666666666666718,-0.079166666666666663,-2.5290942469287956e-17,-6.3222270908120877e-17,-0.0041666666666666519,-0.0041666666666666441,-0.016666666666666708,0.0041666666666667056,-0.079166666666666705,0.058333333333333307,0.016666666666666673,-0.0041666666666666935,-0.016666666666666715,0.0083333333333333766,-2.5481424632944188e-17,0.033333333333333409,3.1745270475113561e-18,0.0041666666666666761,7.7898123217999058e-17,2.3961176215342853e-17,0.016666666666666736,-0.016666666666666663,2.3703132164103879e-17,0.0041666666666666944,-9.0233160456197998e-19,-0.0041666666666666588,0.016666666666666698,-0.0041666666666666623,-0.016666666666666715,-0.062499999999999917,-0.0041666666666666441,-8.0884286243110819e-18,0.00416666666666669,-0.058333333333333307,-0.01666666666666668,0.079166666666666663,0.01666666666666667,2.5445868162259192e-17,-0.0041666666666666657,-0.0041666666666666146,-0.016666666666666718,0.0041666666666666909,-0.016666666666666722,-0.062499999999999958,0.079166666666666718,-0.0041666666666666909,-0.058333333333333293,-0.016666666666666673,-0.0041666666666666788,-0.0041666666666667282,0.016666666666666767,-0.016666666666666663,-0.016666666666666691,0.033333333333333368,0.0041666666666667421,7.6949830052320815e-18,0.016666666666666708,2.749424912537842e-17,-2.7786514110022278e-17,0.0083333333333334061,9.0233160456197998e-19,0.0041666666666666753,-1.1725623263474743e-17,0.016666666666666694,2.8759759002151338e-17
e018,-5.248079319847207e-18,0.0041666666666667056,-0.004166666666666605,-6.5202301013815091e-17,0.079166666666666691,-0.01666666666666667,-0.0583333333333333,-0.0041666666666667273,0.01666666666666667,-0.016666666666666639,-3.7755919535607252e-17,-4.2821902504631595e-17,3.0057493191751589e-17,2.0184683791229907e-18,-0.0083333333333334113,0.0083333333333334009,-0.062499999999999993,-0.033333333333333416,0.15833333333333344,-0.062500000000000014,3.7502512533281564e-17,-0.0041666666666667473,-2.2136647025022008e-17,0.0041666666666666857,-1.8541472335013798e-17,-0.033333333333333187,-5.8086343196550821e-17,0.033333333333333395,-0.0083333333333334095,-2.3782349415399792e-17,0.0083333333333333211,2.9525879231456594e-17,0.062499999999999979,0.016666666666666757,-3.3542549651228658e-17,-0.079166666666666732,-0.016666666666666663,0.0041666666666666588,0.016666666666666722,-0.0041666666666667403,-2.225799877664994e-17,-0.016666666666666694,0.0041666666666666831,2.0061705661437603e-17,-0.0041666666666666848,0.0041666666666666779,0.016666666666666715,-0.016666666666666691,-0.0041666666666667022,0.016666666666666729,-0.0041666666666666848,0.0041666666666666692,-0.016666666666666687,0.058333333333333362,-0.079166666666666732,0.01666666666666668,0.016666666666666743,-4.7210901393648494e-17,-3.3797424374200049e-17,0.0041666666666666866,-0.058333333333333313,0.079166666666666746,-0.0041666666666667126,0.016666666666666743,0.0041666666666666094,-0.016666666666666708,0.0041666666666667395,0.016666666666666656,-0.0083333333333333991,0.062500000000000042,-0.15833333333333346,0.062500000000000097,-0.0041666666666667646,1.4406210503002107e-17,7.1222556092784752e-17,-0.079166666666666663,0.016666666666666736,3.4033016233166467e-17,-0.0041666666666666423,1.4563625965252105e-17,0.0041666666666666519,-0.079166666666666718,0.0041666666666666892,0.01666666666666667,-0.062500000000000028,0.0041666666666666883,6.2181418618960476e-18,-0.0041666666666666701,-0.0041666666666667065,0.016666666666666743,-0.016666666666666684,-0.016666666666666659,7.0462258576840905e-17,0.0041666666666666623,-0.0583333333333333,0.079166666666666746,-0.0041666666666666944,0.016666666666666698,6.4174182378507337e-17,-0.016666666666666784,0.0041666666666667299,-0.004166666666666625,0.016666666666666625,0.004166666666666762,0.0041666666666666744,-0.079166666666666677,0.016666666666666684,0.016666666666666673,-0.033333333333333333,-0.0041666666666666996,2.0119176425041041e-17,-0.016666666666666691,-0.062500000000000042,-7.7513396816234836e-17,-0.0083333333333333367,-1.8033072917205719e-17,-0.0041666666666666449,-0.062500000000000042,-0.016666666666666659,1.4879160634257801e-17
e019,-0.0083333333333332846,-1.3552849848621226e-17,-4.9477727798008263e-17,0.0083333333333332725,2.9295457746333682e-17,-2.7787391542103831e-18,-0.016666666666666715,0.016666666666666687,-0.0041666666666666562,-0.058333333333333341,-0.016666666666666705,0.079166666666666649,-0.0041666666666666788,0.0041666666666666284,2.0031050153417356e-17,5.3032417032434319e-17,-0.033333333333333402,-0.062499999999999951,-0.062500000000000014,0.15833333333333335,-0.0041666666666666892,0.016666666666666757,0.0041666666666666631,-0.016666666666666684,-0.079166666666666663,-1.5824588807406772e-16,0.016666666666666802,0.062499999999999958,-2.1515905097611849e-17,0.0083333333333332447,4.7781262311753516e-17,-0.0083333333333332951,0.033333333333333402,-1.0274291692761666e-16,-0.033333333333333333,-7.3199249293836485e-18,0.0041666666666666631,-2.3574984437844268e-17,-0.0041666666666666944,3.6621680202907459e-17,-0.016666666666666656,-0.058333333333333341,0.016666666666666642,-0.0041666666666666475,-0.016666666666666694,6.7206657940750969e-17,0.0041666666666665799,-0.0041666666666667291,5.1581894789448509e-17,3.1664788748616806e-18,0.079166666666666718,-0.016666666666666663,-0.062500000000000042,0.01666666666666668,0.0041666666666666336,-0.0041666666666666805,-8.7997767381813804e-17,-0.033333333333333291,-0.0083333333333332378,2.673520849479564e-17,0.079166666666666663,-0.062500000000000028,-0.016666666666666698,0.0041666666666666076,0.016666666666666722,-0.0041666666666666094,-2.2452403027853057e-17,0.0041666666666666484,5.3087959319390003e-17,-0.079166666666666705,0.062499999999999986,0.016666666666666618,-0.01666666666666658,-0.004166666666666703,0.0041666666666665703,0.058333333333333327,-0.0041666666666666857,-0.016666666666666718,0.016666666666666666,-0.0041666666666666753,-0.016666666666666691,0.0041666666666666345,-0.016666666666666649,-0.0041666666666666666,0.15833333333333338,1.6326867638934798e-17,0.0083333333333333176,-4.6730047157475881e-17,0.079166666666666705,-1.2931848020996156e-17,-0.062500000000000028,0.0041666666666665842,-0.0041666666666666779,-3.5386404771177355e-17,0.079166666666666649,-0.062500000000000028,-0.016666666666666646,0.0041666666666667256,-0.016666666666666784,-0.0041666666666665807,-1.528075770709494e-17,-0.016666666666666712,1.5018966608461347e-17,0.016666666666666601,0.016666666666666705,0.058333333333333307,0.0041666666666666224,0.0041666666666666241,-4.2171103246059711e-17,-0.016666666666666729,-0.01666666666666668,-0.0041666666666666475,0.079166666666666705,-0.0041666666666665512,-6.1270397629914714e-17,0.0041666666666666753,0.016666666666666691,-0.016666666666666625,0.0041666666666665885,-0.004166666666666684
e020,0.016666666666666635,-0.0041666666666666935,0.004166666666666651,-0.01666666666666667,-0.07916666666666676,0.016666666666666625,-2.76647498357165e-17,0.062500000000000069,3.1556077039589992e-18,-1.6609686334562636e-17,0.0083333333333332985,-0.0083333333333332829,0.033333333333333326,-0.03333333333333327,5.938319946094581e-17,-5.5909777421905688e-17,0.0041666666666666631,3.5420528149125833e-17,3.7502512533281564e-17,-0.0041666666666666892,0.15833333333333344,-0.062499999999999938,-0.033333333333333347,-0.062500000000000153,0.0083333333333333835,2.111677208574017e-17,-0.0083333333333333072,2.9197921331010231e-17,1.7564843550673812e-17,-0.016666666666666618,1.0574198972091724e-17,0.016666666666666677,-0.0041666666666666484,-0.016666666666666684,-0.058333333333333411,0.079166666666666746,3.1383924799461516e-19,-0.0041666666666666848,-2.9378822031473716e-18,0.0041666666666667429,0.0083333333333333454,3.1468940636401588e-17,0.062500000000000083,0.033333333333333354,0.062500000000000056,0.0041666666666667291,3.9901944960637036e-17,-2.7907650445586521e-17,-0.0041666666666666579,0.016666666666666621,-0.0041666666666666458,0.0041666666666666848,-0.016666666666666649,-8.3898332734047922e-18,-0.079166666666666705,0.016666666666666663,-0.01666666666666667,-0.058333333333333404,0.016666666666666653,0.0041666666666667143,1.4743298383334614e-18,0.079166666666666732,0.0041666666666666441,-8.211558919074222e-18,-0.0041666666666666458,0.016666666666666708,-0.0041666666666667551,-0.016666666666666635,-4.2836671247844952e-18,-0.0041666666666666796,9.6970561175764767e-18,0.0041666666666666788,0.004166666666666697,-0.016666666666666684,0.016666666666666659,0.079166666666666705,-3.1301868544058907e-17,0.058333333333333362,-0.0041666666666666788,-0.016666666666666673,0.004166666666666638,-0.079166666666666691,0.062500000000000028,0.016666666666666666,-0.0041666666666666892,0.0041666666666666857,-0.01666666666666667,-0.0041666666666667178,-0.004166666666666605,0.016666666666666649,-0.016666666666666687,-0.016666666666666701,0.15833333333333344,0.0041666666666666553,-4.2230641686756149e-17,0.079166666666666732,-0.062500000000000042,2.791393798904023e-17,0.0083333333333332794,-5.4977865759055165e-18,-0.0041666666666667438,0.0041666666666666319,-0.016666666666666635,-0.0041666666666666935,-0.062500000000000042,0.079166666666666691,-0.016666666666666701,2.0638969325150032e-17,-3.6953772915722221e-17,0.0041666666666666623,0.058333333333333348,0.016666666666666639,0.0041666666666667256,-0.016666666666666673,2.2722431697137044e-17,0.016666666666666687,-0.0041666666666666449,-0.0041666666666666718,-0.016666666666666694,-0.016666666666666698
e021,-0.0041666666666666501,-6.8035169629631926e-18,-5.6758862823100347e-17,0.0041666666666667082,-1.7488331439637663e-17,3.9880201230387033e-17,-0.033333333333333277,0.033333333333333326,-0.0083333333333334165,0.0083333333333332829,-1.3728973417326704e-17,1.3186674440883218e-16,0.062500000000000083,-4.1025455525426183e-17,0.016666666666666642,-0.079166666666666732,-0.016666666666666618,0.0041666666666665634,-0.0041666666666667473,0.016666666666666757,-0.062499999999999938,0.15833333333333327,-0.062500000000000056,-0.033333333333333236,-1.1352797187654909e-16,0.0041666666666667681,-1.3375196755801283e-16,-0.0041666666666665911,0.079166666666666732,-0.058333333333333376,-0.016666666666666694,-0.0041666666666666996,0.016666666666666597,1.1967907112460799e-16,-0.016666666666666698,6.0535393157098039e-19,0.0083333333333333905,3.2163229324957449e-17,-0.008333333333333354,-8.4949470699140773e-17,1.913717297441321e-17,0.0083333333333332916,0.016666666666666663,-2.1995864200915419e-17,-0.079166666666666566,-0.01666666666666675,0.0041666666666666996,-0.0041666666666665582,0.016666666666666621,-0.0041666666666666432,2.6798380753295189e-17,-4.2777475428518033e-17,0.004166666666666684,0.03333333333333334,0.062499999999999958,0.062500000000000069,1.1013809200673556e-16,-0.016666666666666705,0.058333333333333362,-0.07916666666666676,0.016666666666666701,-0.0041666666666667213,0.01666666666666675,0.0041666666666667265,-0.016666666666666736,0.0041666666666666224,8.6281089688830569e-17,-0.00416666666666671,0.016666666666666653,-0.016666666666666653,0.0041666666666667134,0.016666666666666705,0.016666666666666601,-0.0041666666666666128,0.0041666666666667265,-0.058333333333333216,-0.0083333333333333592,-0.07916666666666658,4.503947942530846e-17,-0.0041666666666666788,3.2559460532649494e-17,0.062499999999999951,-0.15833333333333333,0.062500000000000083,0.016666666666666777,-0.079166666666666732,0.0041666666666666536,0.016666666666666743,1.5685542298281001e-17,-0.004166666666666684,0.0041666666666666822,9.190655114339021e-17,-0.062499999999999965,-0.016666666666666601,0.016666666666666729,-0.0041666666666667273,-0.016666666666666701,0.0041666666666665729,1.352144714260571e-16,-0.0041666666666667108,-2.3116002359182704e-17,0.016666666666666725,-9.3677879835591095e-18,-0.01666666666666659,0.079166666666666566,-0.058333333333333202,-0.0041666666666666389,0.0041666666666667117,0.0041666666666667889,0.016666666666666718,-0.079166666666666621,0.0041666666666667299,0.016666666666666639,-0.0041666666666667169,0.016666666666666663,0.0041666666666666597,-2.5186885759748064e-17,-0.016666666666666708,6.9958867433273314e-17,-0.0041666666666666189
e022,-0.016666666666666621,0.0041666666666666909,-0.0041666666666666068,0.016666666666666604,0.016666666666666653,-0.079166666666666663,1.1284534127900175e-17,0.062500000000000014,1.2492996929160189e-17,-4.1310142386719514e-18,-0.0083333333333333297,0.0083333333333332604,-0.15833333333333338,0.033333333333333409,0.0625,0.062500000000000069,-0.0041666666666666623,3.3042247346476462e-17,-2.2136647025022008e-17,0.0041666666666666631,-0.033333333333333347,-0.062500000000000056,0.15833333333333344,-0.062500000000000097,-0.0083333333333333245,5.3921350456773994e-17,0.0083333333333333696,-4.6052673416302516e-17,-0.062500000000000069,0.079166666666666677,-2.8713234786534287e-17,-0.016666666666666635,0.0041666666666666657,0.016666666666666632,-0.0041666666666666284,-0.016666666666666673,-2.6370784736974645e-17,0.0041666666666666146,4.2618067422125204e-17,-0.0041666666666666918,-0.0083333333333333193,-2.4743593348402727e-17,-1.3176660993360054e-17,-0.033333333333333347,-1.2807142058798442e-17,-0.0041666666666666692,-6.0099575469982469e-18,-5.8506096715587883e-18,0.0041666666666666666,-0.016666666666666663,0.0041666666666666415,-0.0041666666666666623,0.016666666666666646,-1.2010373131198643e-17,0.016666666666666659,-0.079166666666666718,0.016666666666666607,-0.0041666666666666146,-0.079166666666666718,0.058333333333333383,1.2915335282326919e-17,-0.01666666666666667,-0.0041666666666666605,-2.9195040140277629e-17,0.0041666666666667152,-0.016666666666666673,0.0041666666666666892,0.01666666666666667,0.062500000000000042,0.0041666666666666744,9.0457130399380287e-18,-0.0041666666666666883,0.058333333333333404,0.016666666666666666,-0.079166666666666691,-0.016666666666666663,6.6404944064912092e-17,0.0041666666666666848,0.0041666666666666406,0.016666666666666715,-0.0041666666666666883,0.016666666666666663,0.062500000000000056,-0.079166666666666718,0.0041666666666666215,0.058333333333333362,0.016666666666666663,0.0041666666666666892,0.0041666666666666467,-0.016666666666666632,0.01666666666666667,0.016666666666666663,-0.033333333333333291,-0.0041666666666666501,4.7662871175965344e-18,-0.016666666666666632,1.8118546813713651e-17,-2.4951519488542151e-18,-0.0083333333333333731,5.7555692886318119e-17,0.0041666666666667108,-0.0041666666666666796,0.079166666666666732,-0.058333333333333424,1.334726009266576e-18,-0.016666666666666642,0.01666666666666668,-3.3185229244466057e-19,3.7338637603563495e-18,-0.0041666666666666527,0.0041666666666666987,-0.016666666666666694,-0.0041666666666666831,0.079166666666666705,4.0331729903218289e-17,-0.016666666666666691,0.004166666666666684,0.0041666666666666909,0.01666666666666667,0.016666666666666694
e023,0.0041666666666666467,1.3291905202257821e-17,5.5349055618846102e-17,-0.0041666666666666857,0.062500000000000083,0.0625,0.033333333333333347,-0.15833333333333349,0.0083333333333333939,-0.0083333333333332968,5.2067099457117936e-17,-6.5845111889692034e-17,0.062500000000000083,-5.6632536443769982e-17,-0.079166666666666774,0.016666666666666663,0.016666666666666684,-0.004166666666666697,0.0041666666666666857,-0.016666666666666684,-0.062500000000000153,-0.033333333333333236,-0.062500000000000097,0.15833333333333355,3.6107292942524686e-18,-0.0041666666666667603,-2.1767497068135741e-17,0.0041666666666666709,-0.016666666666666649,-0.0041666666666666761,0.01666666666666659,0.004166666666666697,-0.016666666666666687,-8.895234424629933e-18,0.079166666666666746,-0.062500000000000083,-0.0083333333333333488,-4.8264122757932076e-18,0.0083333333333333731,-1.711063605072335e-18,-4.0412401118966554e-17,-0.0083333333333333297,-0.079166666666666732,1.2118086473531635e-17,0.016666666666666566,0.016666666666666618,-0.0041666666666666302,0.0041666666666666536,-0.016666666666666715,0.0041666666666666692,-8.7959514303648704e-18,4.5341951475998272e-17,-0.0041666666666666996,-0.033333333333333368,1.0900215963224797e-16,2.8225050272073087e-17,5.8499151211729273e-18,0.079166666666666718,0.0041666666666666649,0.016666666666666625,-0.016666666666666687,-0.058333333333333376,-0.016666666666666656,-0.0041666666666666571,0.01666666666666667,-0.004166666666666677,2.7408421935136209e-17,0.0041666666666666657,-0.079166666666666746,0.016666666666666649,-0.0041666666666666848,-0.016666666666666687,-0.079166666666666746,0.0041666666666666493,0.058333333333333411,-0.0041666666666667785,0.008333333333333387,0.016666666666666583,-2.5720836890939673e-17,0.0041666666666667143,-2.63748734882836e-17,8.6882079524000456e-17,0.033333333333333243,3.5789863451549161e-17,-0.016666666666666656,0.016666666666666642,-0.0041666666666666579,-0.016666666666666646,-4.4169077965629616e-17,0.0041666666666666562,-0.0041666666666666892,1.2139683686023799e-18,-0.062500000000000167,0.016666666666666698,-0.016666666666666666,-0.058333333333333404,0.079166666666666705,-0.0041666666666666614,4.5977463858500438e-17,0.0041666666666666293,5.3254406009073761e-17,-0.016666666666666684,-0.062500000000000097,0.07916666666666676,-0.016666666666666555,-0.0041666666666667854,0.0041666666666666761,-0.004166666666666631,-0.0041666666666666831,-0.016666666666666656,0.016666666666666587,-0.0041666666666666631,-0.016666666666666684,-0.058333333333333418,-0.016666666666666607,-0.0041666666666667178,3.1579043916214021e-17,0.016666666666666666,1.829162495371359e-17,0.0041666666666666328
e024,0.0041666666666666302,-0.016666666666666614,0.016666666666666628,-0.0041666666666666545,-0.0041666666666666709,0.0041666666666666614,9.9015980369057997e-18,-3.0080903264202966e-17,0.062499999999999979,0.062499999999999958,0.033333333333333368,-0.15833333333333324,0.008333333333333328,-0.0083333333333333523,-4.7377019956912454e-17,9.6462718599113956e-18,0.016666666666666718,0.062499999999999965,-1.8541472335013798e-17,-0.079166666666666663,0.0083333333333333835,-1.1352797187654909e-16,-0.0083333333333333245,3.6107292942524686e-18,0.15833333333333333,-0.062500000000000028,-0.03333333333333343,-0.062499999999999951,-4.6718165678263551e-17,-0.0041666666666665105,1.2526053219061006e-17,0.0041666666666666623,-0.016666666666666715,-0.0041666666666666363,0.016666666666666684,0.0041666666666667039,-0.062499999999999986,-0.016666666666666632,1.5117601082217211e-17,0.079166666666666663,0.033333333333333395,0.062500000000000014,3.2602918526385334e-17,0.0083333333333333957,-2.1018390253692423e-17,0.016666666666666607,7.4602922885471284e-17,4.8293040972257192e-17,-0.016666666666666722,0.0041666666666666501,-0.079166666666666691,0.016666666666666684,0.05833333333333332,-3.1686596727172606e-17,-0.0041666666666666458,0.0041666666666666406,-0.0041666666666666571,0.016666666666666663,0.0041666666666665686,0.016666666666666705,3.0715210686083259e-17,0.0041666666666666605,0.016666666666666712,2.4992952447152949e-17,-0.016666666666666712,0.0041666666666667152,-0.079166666666666677,0.058333333333333355,-3.1400501122075319e-17,-0.079166666666666691,2.5031044408622635e-17,0.016666666666666722,0.016666666666666649,-0.0041666666666666571,0.0041666666666667351,0.0041666666666666918,-3.1971609862627847e-17,-0.016666666666666659,-0.016666666666666712,-0.0041666666666666935,0.016666666666666718,-0.0041666666666666605,4.8084817798050877e-17,0.0041666666666666597,-0.079166666666666621,0.016666666666666708,-0.0041666666666666562,-0.016666666666666653,-0.079166666666666663,0.0041666666666666605,0.0583333333333333,-0.0041666666666666189,0.0083333333333333558,0.016666666666666739,2.7524457005922986e-17,0.0041666666666666475,-3.3609626900270406e-17,-6.6983975478634136e-17,0.033333333333333423,-4.3780576449800293e-17,-0.016666666666666653,0.016666666666666691,-0.0041666666666666744,-0.016666666666666646,2.7635933746180045e-17,0.0041666666666667152,-0.0041666666666666961,3.4928943853153918e-17,-0.062499999999999965,0.016666666666666722,-0.016666666666666663,-0.058333333333333355,0.079166666666666705,-0.0041666666666667759,1.6685552600751373e-17,0.0041666666666666918,-0.016666666666666698,-0.016666666666666708,-0.0041666666666665981,-0.00416666666666669
e025,1.0282700001859899e-18,-0.0041666666666667039,0.004166666666666769,-4.8886122293953186e-17,-0.016666666666666708,0.016666666666666649,-0.0041666666666666753,0.004166666666666782,-0.07916666666666676,0.016666666666666687,6.2498735098593597e-17,0.062500000000000097,-3.1162926807572571e-17,4.2813906506770772e-17,0.0083333333333333662,-0.0083333333333333176,-7.2778941668929578e-17,0.033333333333333423,-0.033333333333333187,-1.5824588807406772e-16,2.111677208574017e-17,0.0041666666666667681,5.3921350456773994e-17,-0.0041666666666667603,-0.062500000000000028,0.15833333333333363,-0.062500000000000083,-0.033333333333333465,0.0083333333333333506,-1.7656169986355947e-17,-0.0083333333333334477,4.1740209928543032e-17,7.5471691845891292e-17,-0.016666666666666687,-9.6805880617792317e-17,0.016666666666666725,0.079166666666666774,-0.0041666666666667178,-0.01666666666666668,-0.058333333333333383,-1.4903478043877244e-17,0.016666666666666694,-0.0041666666666665938,-2.8897585895691453e-17,0.0041666666666666536,-0.0041666666666666909,-0.016666666666666666,0.07916666666666676,-0.058333333333333404,-0.016666666666666736,0.004166666666666697,-0.0041666666666666744,0.016666666666666753,0.0041666666666666952,0.016666666666666656,-0.01666666666666667,-0.016666666666666705,-1.0607486484667522e-16,-1.8022014769675017e-17,-0.004166666666666664,-0.0041666666666668409,-0.016666666666666489,0.0041666666666667247,-0.016666666666666736,-0.0041666666666665911,0.016666666666666701,0.058333333333333376,-0.079166666666666802,0.008333333333333354,0.062500000000000222,0.033333333333333222,0.062500000000000069,0.0041666666666666944,3.1587912530456649e-17,5.2550143858519364e-18,0.016666666666666548,-0.016666666666666666,-3.0654024410828052e-17,0.0041666666666666857,6.3996585344826685e-17,-0.0041666666666667065,0.016666666666666673,-0.0041666666666667117,-0.016666666666666677,-1.6171533502602134e-16,-0.0041666666666666536,-3.1699803393073277e-17,0.0041666666666667265,0.0041666666666666831,-0.016666666666666729,0.016666666666666736,0.079166666666666718,4.5402900749415472e-17,0.058333333333333397,-0.0041666666666668392,-0.016666666666666483,0.0041666666666665859,-0.07916666666666676,0.062500000000000014,0.016666666666666757,-0.0041666666666666796,0.004166666666666605,-0.016666666666666632,-0.0041666666666666961,-0.0041666666666666536,0.016666666666666517,-0.016666666666666705,-0.016666666666666621,0.15833333333333352,0.0041666666666667256,-3.7372678041121482e-17,0.079166666666666788,-0.062500000000000222,7.8460766469706262e-18,0.0083333333333334408,-7.7874373152641142e-17,0.0041666666666667048,-0.062500000000000097,0.079166666666666705,2.6380531035587489e-17
e026,-0.0041666666666666276,0.016666666666666604,-0.016666666666666666,0.0041666666666666389,0.0041666666666666545,-0.0041666666666666961,9.4509111613389512e-18,3.9819519202883733e-17,3.4708587393866817e-17,-7.9494804378562603e-17,-0.03333333333333327,0.033333333333333354,-0.008333333333333387,0.0083333333333333835,4.2284613677131169e-17,8.2487326769884793e-19,-0.079166666666666691,0.062499999999999938,-5.8086343196550821e-17,0.016666666666666802,-0.0083333333333333072,-1.3375196755801283e-16,0.0083333333333333696,-2.1767497068135741e-17,-0.03333333333333343,-0.062500000000000083,0.15833333333333344,-0.062499999999999965,1.2483680418128547e-17,0.0041666666666666848,-4.411395455126072e-17,-0.0041666666666666553,0.079166666666666663,-0.058333333333333334,-0.016666666666666632,-0.0041666666666667013,-1.4325586551139336e-17,0.016666666666666614,-1.1642847133229938e-17,-0.016666666666666621,-0.033333333333333312,-1.1663949925939145e-16,2.3000034098425423e-17,-0.0083333333333334095,7.6440161103819204e-17,-0.016666666666666684,-9.7576728804478473e-18,-0.062500000000000069,0.079166666666666746,-0.0041666666666667421,0.016666666666666788,-0.016666666666666621,0.0041666666666665651,1.9885895221082617e-17,0.0041666666666666519,-0.0041666666666666796,-0.058333333333333348,-0.016666666666666639,-0.0041666666666666909,-0.016666666666666642,-2.3124389200205675e-17,-0.0041666666666667039,-0.016666666666666653,-0.062500000000000042,0.079166666666666705,-0.0041666666666666683,0.016666666666666597,0.0041666666666666796,-1.2838041102796744e-17,0.016666666666666597,2.2795618445011995e-17,-0.079166666666666732,-0.016666666666666632,0.0041666666666667291,-0.0041666666666667004,-0.004166666666666612,6.9446542427266977e-19,0.016666666666666705,0.016666666666666635,0.0041666666666667481,-0.01666666666666668,0.0041666666666666536,4.3867066632052353e-17,-0.0041666666666666935,0.016666666666666798,-0.016666666666666649,0.0041666666666666779,0.016666666666666649,0.016666666666666777,-0.0041666666666667533,0.0041666666666665738,-0.05833333333333339,-0.0083333333333333211,-0.079166666666666732,8.2813710380339964e-18,-0.0041666666666667091,-1.5284147291858364e-17,0.062500000000000069,-0.15833333333333338,0.062500000000000056,0.016666666666666642,-0.079166666666666691,0.004166666666666697,0.016666666666666635,-9.071098618987574e-17,-0.0041666666666665677,0.0041666666666666597,-1.9000524382318945e-17,-0.062500000000000083,-0.016666666666666646,0.016666666666666694,-0.0041666666666666553,-0.016666666666666604,0.0041666666666667195,3.1790152548765925e-17,-0.0041666666666667377,0.016666666666666691,0.079166666666666732,-0.058333333333333397,0.0041666666666667187
e027,-8.798471677979245e-20,0.0041666666666667048,-0.0041666666666666952,4.1369789495033903e-17,0.016666666666666642,-0.016666666666666659,0.0041666666666666788,-0.004166666666666684,0.016666666666666712,-0.079166666666666663,-1.2933866408894966e-16,0.062499999999999882,4.6572408883719136e-17,4.9217575737216093e-17,-0.0083333333333334789,0.0083333333333333454,0.062500000000000014,-0.15833333333333335,0.033333333333333395,0.062499999999999958,2.9197921331010231e-17,-0.0041666666666665911,-4.6052673416302516e-17,0.0041666666666666709,-0.062499999999999951,-0.033333333333333465,-0.062499999999999965,0.15833333333333341,-0.0083333333333333471,-7.7914424544117453e-17,0.0083333333333334113,-2.5409651940670859e-17,-0.062500000000000028,0.079166666666666649,-5.8392935902284916e-17,-0.016666666666666653,-0.016666666666666729,0.0041666666666667082,0.016666666666666597,-0.0041666666666665842,-2.7726554908231765e-17,-0.079166666666666663,0.0041666666666667542,-7.639385924190911e-17,-0.0041666666666666718,0.004166666666666723,0.016666666666666659,-0.016666666666666701,-0.0041666666666666744,0.01666666666666659,0.058333333333333369,0.0041666666666667169,-0.079166666666666705,-0.00416666666666671,-0.016666666666666712,0.016666666666666705,0.079166666666666691,-1.9811867906109028e-17,6.9293803074039702e-17,0.0041666666666666536,0.0041666666666665981,0.016666666666666739,-0.0041666666666667195,0.079166666666666705,-0.058333333333333341,-0.016666666666666635,0.0041666666666666293,0.016666666666666743,-0.0083333333333334286,2.9300194452456964e-18,-0.033333333333333402,-2.8761698318169258e-17,-0.0041666666666667004,-5.8274063896011427e-17,-2.309381447735445e-17,-0.016666666666666708,0.016666666666666618,1.4677624741882978e-17,-0.0041666666666667213,2.3453736792260472e-17,0.0041666666666666649,-0.016666666666666701,0.0041666666666666935,0.016666666666666691,0.062499999999999938,0.0041666666666666406,4.6116266983507272e-18,-0.0041666666666666918,0.058333333333333355,0.016666666666666597,-0.079166666666666649,-0.01666666666666667,3.3968410889946451e-17,0.0041666666666666553,0.0041666666666665721,0.01666666666666675,-0.0041666666666667603,0.016666666666666718,0.062499999999999972,-0.079166666666666732,0.0041666666666666857,0.058333333333333327,0.016666666666666663,0.004166666666666703,0.0041666666666666848,-0.016666666666666736,0.016666666666666635,0.016666666666666659,-0.033333333333333388,-0.0041666666666667559,2.7107906731552611e-17,-0.016666666666666739,-6.6775674136567352e-18,2.6919152372033874e-17,-0.0083333333333334373,-2.4321098530248875e-17,-0.0041666666666666952,2.8639177154248615e-17,-0.016666666666666684,-1.9489830427400275e-17
e028,-2.246214237087833e-17,-0.079166666666666816,0.016666666666666687,0.062500000000000069,-0.0041666666666667507,0.0041666666666667126,-0.016666666666666562,0.016666666666666722,-0.0041666666666667533,0.004166666666666677,-5.5678587337475284e-17,4.5666252892994314e-17,0.062500000000000042,0.0625,0.033333333333333388,-0.15833333333333352,5.9400261688649869e-17,0.008333333333333354,-0.0083333333333334095,-2.1515905097611849e-17,1.7564843550673812e-17,0.079166666666666732,-0.062500000000000069,-0.016666666666666649,-4.6718165678263551e-17,0.0083333333333333506,1.2483680418128547e-17,-0.0083333333333333471,0.15833333333333352,-0.062500000000000083,-0.033333333333333361,-0.062500000000000056,-3.5796943715682134e-17,-0.0041666666666666371,-3.7753670450681568e-17,0.0041666666666667317,0.0041666666666667152,-0.016666666666666712,-0.0041666666666666718,0.016666666666666656,-1.336700586133272e-17,0.0041666666666666909,-0.016666666666666715,-0.062500000000000028,0.079166666666666802,-0.016666666666666666,-0.0041666666666666996,0.0041666666666666918,0.016666666666666691,-0.0041666666666666614,0.016666666666666708,-0.01666666666666675,0.0041666666666667221,0.016666666666666639,0.0041666666666667143,0.058333333333333397,-0.0041666666666666493,-2.9393761666943423e-17,0.062500000000000097,-0.079166666666666788,-0.016666666666666708,-0.0041666666666666874,0.016666666666666663,-0.0041666666666666718,-0.01666666666666667,-0.058333333333333397,-0.016666666666666646,-0.0041666666666667056,0.033333333333333368,5.5537353302195238e-17,0.0083333333333334043,-8.2795170474363772e-17,0.016666666666666653,2.8329830654608467e-17,-3.64694614997721e-17,0.0041666666666666814,-0.0041666666666666814,2.4672968478047316e-17,0.016666666666666743,-6.0709800119696593e-18,-0.016666666666666718,0.0041666666666667377,-0.07916666666666676,0.058333333333333411,2.7702235660634517e-18,-0.07916666666666676,-2.6209160333750593e-17,0.016666666666666663,0.016666666666666694,-0.0041666666666666779,0.004166666666666716,0.0041666666666666866,-2.7537966824723173e-17,-0.016666666666666677,-0.016666666666666712,-0.0041666666666666926,0.016666666666666705,-0.0041666666666666883,-1.4495195234737196e-17,0.0041666666666666727,-0.079166666666666802,0.016666666666666677,-0.0041666666666666553,-0.016666666666666639,-0.079166666666666788,0.0041666666666666814,0.058333333333333383,-0.0041666666666666701,0.0083333333333333679,0.016666666666666642,-4.6204568071465459e-19,0.0041666666666667325,-6.8049519728594567e-17,1.2801564752371838e-17,0.033333333333333368,-2.6026373679143758e-18,0.016666666666666705,8.2056966285240426e-17,0.0041666666666666692,1.8350560414588748e-17
e029,-0.033333333333333243,-2.4785642479611169e-17,6.0577193387947976e-17,0.033333333333333229,-3.6737940381743315e-17,-1.2867802807198418e-17,-0.0041666666666665955,0.0041666666666666553,-0.016666666666666587,0.016666666666666791,-0.0041666666666667325,0.0041666666666665192,-0.079166666666666663,0.016666666666666736,-3.6260550444035274e-17,0.062500000000000083,-0.0083333333333332985,7.2710254116187032e-17,-2.3782349415399792e-17,0.0083333333333332447,-0.016666666666666618,-0.058333333333333376,0.079166666666666677,-0.0041666666666666761,-0.0041666666666665105,-1.7656169986355947e-17,0.0041666666666666848,-7.7914424544117453e-17,-0.062500000000000083,0.15833333333333341,-0.062500000000000069,-0.033333333333333257,0.0083333333333332916,-3.506073531429811e-17,-0.0083333333333332985,5.0399230728634758e-17,0.016666666666666583,-6.101110290599157e-17,-0.016666666666666587,5.0328864886109406e-17,-0.0041666666666666926,0.016666666666666774,0.0041666666666667013,-0.016666666666666673,-0.0041666666666666623,-0.062500000000000056,0.079166666666666691,-0.016666666666666715,4.3628712822959492e-17,-3.1218708547027497e-17,0.0041666666666665712,-0.0041666666666666042,4.1932317451124878e-17,0.0041666666666666206,0.016666666666666642,-0.079166666666666691,-2.4652394458437264e-17,-0.0083333333333333124,-0.15833333333333338,0.062500000000000042,0.0041666666666666753,1.1112847408954601e-17,0.058333333333333327,0.016666666666666712,0.0041666666666666657,-0.016666666666666635,-6.2688426678870075e-17,0.016666666666666705,-4.8186660016851133e-17,-0.0041666666666667247,4.32973025729907e-17,0.0041666666666666137,-0.0041666666666666336,-0.016666666666666705,0.079166666666666677,-0.016666666666666604,-0.016666666666666594,-0.004166666666666599,0.0041666666666666033,-0.016666666666666569,-0.0041666666666667568,0.016666666666666656,0.058333333333333431,-0.079166666666666718,0.0083333333333332621,0.062500000000000014,0.033333333333333319,0.062500000000000042,0.004166666666666579,-1.1486800630414793e-17,3.2174497898755338e-17,0.016666666666666625,-0.016666666666666594,-4.059226079285191e-17,0.0041666666666666709,1.4148384842864621e-17,-0.0041666666666667082,0.016666666666666701,-0.0041666666666667152,-0.016666666666666687,5.1948008878074304e-17,-0.0041666666666666588,-7.7319241455014715e-18,0.0041666666666666224,0.0041666666666666701,-0.016666666666666614,0.016666666666666646,0.079166666666666677,-9.3110696316062906e-17,0.058333333333333348,-0.004166666666666599,-0.016666666666666732,0.0041666666666667343,-0.079166666666666705,0.062500000000000097,0.016666666666666576,0.0041666666666667568,-0.004166666666666612,0.016666666666666621,-0.016666666666666715
e030,7.7296141236520704e-19,0.016666666666666673,-0.079166666666666649,0.062500000000000083,0.0041666666666666406,-0.0041666666666666796,0.016666666666666594,-0.016666666666666732,0.0041666666666667438,-0.0041666666666667282,6.7108175330389618e-17,-3.0358148473100629e-17,-5.4586624927039209e-18,-1.6543899607823046e-17,-0.033333333333333375,0.033333333333333361,6.4764900068618064e-17,-0.0083333333333333801,0.0083333333333333211,4.7781262311753516e-17,1.0574198972091724e-17,-0.016666666666666694,-2.8713234786534287e-17,0.01666666666666659,1.2526053219061006e-17,-0.0083333333333334477,-4.411395455126072e-17,0.0083333333333334113,-0.033333333333333361,-0.062500000000000069,0.15833333333333341,-0.062500000000000056,-5.0402251766532055e-17,0.0041666666666667455,-8.1087202568187116e-17,-0.0041666666666666562,-0.0041666666666667265,0.079166666666666746,-0.058333333333333334,-0.016666666666666715,-2.0125073501538335e-19,-0.0041666666666666978,0.01666666666666675,-3.4433804317872115e-17,-0.016666666666666673,0.079166666666666691,-0.058333333333333362,-0.0041666666666666085,-0.016666666666666708,0.0041666666666667282,-0.016666666666666736,0.016666666666666684,-0.0041666666666666484,-0.01666666666666667,-0.0041666666666666623,0.0041666666666666727,0.0041666666666667429,-5.3611768945720359e-17,0.062500000000000028,0.016666666666666684,0.016666666666666788,0.0041666666666666952,-0.079166666666666705,0.0041666666666666761,0.016666666666666618,-0.0041666666666667499,0.016666666666666743,0.0041666666666667152,-0.033333333333333361,-5.135355615776833e-17,-0.008333333333333361,2.2101637827716805e-17,-0.016666666666666705,3.3147366996162459e-17,-0.0625,-0.004166666666666677,-0.0583333333333333,-6.9818137810497732e-18,-0.016666666666666677,-0.062500000000000042,0.079166666666666774,-0.0041666666666666909,0.01666666666666668,0.0041666666666666727,6.1478988883101456e-18,0.016666666666666673,-7.6809802006110471e-20,-0.079166666666666705,-0.01666666666666676,0.0041666666666667187,-0.004166666666666638,-0.0041666666666666371,4.5268668491627869e-17,0.016666666666666722,0.016666666666666774,0.0041666666666666978,-0.016666666666666739,0.0041666666666666276,9.0904348720101544e-17,-0.0041666666666666935,0.016666666666666684,-0.016666666666666625,0.004166666666666664,0.016666666666666718,0.016666666666666666,-0.0041666666666666588,0.0041666666666667291,-0.058333333333333376,-0.0083333333333333384,-0.079166666666666677,4.3167846285570362e-18,-0.0041666666666667048,4.3444941265318003e-17,0.062500000000000056,-0.15833333333333341,0.062500000000000042,-0.07916666666666676,-3.6184144136640657e-17,-0.0041666666666666258,5.9224112729345213e-17
e031,0.033333333333333305,0.062500000000000139,0.062499999999999944,-0.15833333333333344,3.6648459845384342e-17,1.1866400703533727e-17,0.004166666666666625,-0.0041666666666666224,0.016666666666666687,-0.01666666666666667,0.0041666666666666666,-0.0041666666666666493,0.016666666666666656,-0.079166666666666691,3.292943063531306e-17,0.062500000000000056,0.0083333333333332465,-5.8153706269116678e-18,2.9525879231456594e-17,-0.0083333333333332951,0.016666666666666677,-0.0041666666666666996,-0.016666666666666635,0.004166666666666697,0.0041666666666666623,4.1740209928543032e-17,-0.0041666666666666553,-2.5409651940670859e-17,-0.062500000000000056,-0.033333333333333257,-0.062500000000000056,0.15833333333333344,-0.008333333333333276,-5.4884531337757535e-17,0.0083333333333333558,-1.4884674509091412e-17,-0.016666666666666666,-0.062500000000000014,0.079166666666666705,3.9447108804352265e-17,0.0041666666666666692,-0.016666666666666698,-0.0041666666666666961,0.079166666666666705,-0.05833333333333339,-1.3809732495847441e-17,-0.016666666666666666,0.016666666666666649,9.0552869960769254e-18,1.659312912863207e-17,-0.0041666666666666284,0.0041666666666666423,-4.9305403125480936e-17,-0.0041666666666666302,-0.016666666666666656,0.016666666666666621,-4.8812999171838711e-17,0.008333333333333335,0.033333333333333277,5.5266996594581396e-17,-0.0041666666666666883,-3.4155411712960858e-18,0.0041666666666666701,-0.016666666666666691,-0.0041666666666666432,0.079166666666666705,-5.7581963415525892e-17,-0.016666666666666659,3.4979855319480284e-17,0.0041666666666666241,3.2743830389370552e-18,-0.0041666666666666189,0.0041666666666666649,0.016666666666666642,-0.016666666666666642,0.016666666666666659,0.079166666666666691,0.004166666666666612,-0.0041666666666666458,0.079166666666666691,-0.058333333333333383,-0.01666666666666667,0.0041666666666666779,0.016666666666666611,-0.0083333333333332881,7.001214614038425e-17,-0.033333333333333333,-3.0564780264506549e-19,-0.0041666666666666163,2.0218793515610416e-17,-4.6703317911515725e-17,-0.01666666666666668,0.016666666666666653,-1.7569420602795277e-17,-0.0041666666666666666,2.8919503162303119e-18,0.0041666666666666926,-0.016666666666666666,0.0041666666666666284,0.016666666666666677,0.062500000000000028,0.0041666666666666449,-2.8897934255111386e-17,-0.0041666666666666727,0.058333333333333369,0.016666666666666646,-0.079166666666666677,-0.016666666666666677,-2.16406071404885e-17,0.0041666666666666727,0.0041666666666666232,0.016666666666666649,-0.0041666666666666215,0.016666666666666639,0.062500000000000028,-0.079166666666666691,0.058333333333333397,0.0041666666666666319,-0.016666666666666677,0.016666666666666639
e032,-0.0083333333333333037,-1.967144769813484e-17,1.9413833674170367e-17,0.0083333333333332031,0.062500000000000028,-8.2511759630403218e-18,-0.079166666666666663,0.016666666666666663,-0.0041666666666666588,0.0041666666666666701,-0.016666666666666628,0.016666666666666701,-0.0041666666666666727,0.0041666666666666857,9.4453663333354283e-18,4.5959235340142963e-17,-0.15833333333333335,0.062499999999999986,0.062499999999999979,0.033333333333333402,-0.0041666666666666484,0.016666666666666597,0.0041666666666666657,-0.016666666666666687,-0.016666666666666715,7.5471691845891292e-17,0.079166666666666663,-0.062500000000000028,-3.5796943715682134e-17,0.0083333333333332916,-5.0402251766532055e-17,-0.008333333333333276,0.15833333333333335,-0.062499999999999979,-0.033333333333333326,-0.062500000000000014,0.0041666666666666857,-5.0474823420819552e-17,-0.0041666666666666319,-3.5057890216089846e-17,-0.016666666666666673,0.0041666666666666128,0.016666666666666653,-0.0041666666666666519,-0.016666666666666666,2.8150908725252145e-18,0.0041666666666666206,-0.0041666666666666883,2.57686151901713e-17,-4.6555163894586316e-18,0.016666666666666725,-0.016666666666666666,-2.5271475633635899e-17,0.079166666666666718,-0.058333333333333369,-0.0041666666666666831,-0.062500000000000014,-0.033333333333333333,-0.0083333333333333402,1.7884779243682269e-17,0.01666666666666667,1.2796262658008905e-18,-0.016666666666666673,-0.058333333333333348,0.079166666666666649,-0.0041666666666666571,9.6583505830261231e-18,0.0041666666666666189,-1.7762919500368261e-19,-0.016666666666666663,-0.062500000000000014,0.079166666666666705,-0.016666666666666659,-0.0041666666666666059,0.004166666666666677,-0.0041666666666666406,-0.0041666666666666232,-0.016666666666666666,0.016666666666666691,-0.0041666666666666163,-0.016666666666666705,-0.058333333333333355,-0.016666666666666659,-0.0041666666666666883,0.033333333333333388,1.9619502719659076e-17,0.0083333333333333315,3.5434987300269647e-18,0.016666666666666701,2.6934595667819599e-18,-4.3052391262398168e-17,0.004166666666666625,-0.0041666666666666172,-3.3199607556878565e-17,0.016666666666666701,4.9131060386878502e-18,-0.01666666666666667,0.0041666666666666814,-0.079166666666666677,0.058333333333333362,2.1312652054916183e-17,-0.079166666666666649,-2.7392671704950896e-17,0.016666666666666656,0.016666666666666646,-0.0041666666666666328,0.0041666666666666519,0.0041666666666666206,7.0220698904824573e-18,-0.016666666666666649,-0.016666666666666663,-0.0041666666666666484,0.016666666666666666,-0.0041666666666666666,3.7931121792827714e-17,0.0041666666666666198,0.016666666666666725,-0.079166666666666663,0.0041666666666666501,-0.0041666666666666319
e033,8.3076922671209352e-18,0.0083333333333333922,-0.0083333333333334581,4.6973085829837849e-17,0.033333333333333333,-0.033333333333333257,-7.44561594841151e-17,-5.5502149343463797e-18,5.3267862265385959e-18,3.950066677662619e-17,-0.0041666666666667403,0.0041666666666666345,-0.016666666666666601,0.016666666666666628,-0.0041666666666667187,0.0041666666666666527,0.062499999999999972,-0.079166666666666621,0.016666666666666757,-1.0274291692761666e-16,-0.016666666666666684,1.1967907112460799e-16,0.016666666666666632,-8.895234424629933e-18,-0.0041666666666666363,-0.016666666666666687,-0.058333333333333334,0.079166666666666649,-0.0041666666666666371,-3.506073531429811e-17,0.0041666666666667455,-5.4884531337757535e-17,-0.062499999999999979,0.15833333333333335,-0.062500000000000083,-0.033333333333333368,-3.3949723580155914e-17,0.0083333333333334147,-2.5482898187778813e-17,-0.0083333333333333384,-0.0041666666666667178,8.0474178558849528e-17,0.0041666666666666848,-0.016666666666666659,-0.0041666666666666796,-0.0041666666666666926,0.016666666666666666,-0.016666666666666621,0.0041666666666666623,-0.016666666666666614,-0.0041666666666667551,-0.058333333333333383,0.079166666666666746,3.6588712848227397e-17,-0.016666666666666694,0.016666666666666712,0.15833333333333338,-0.062500000000000056,8.0536696920054461e-17,-0.0041666666666667585,0.004166666666666664,-0.016666666666666621,-2.9520596458049806e-17,0.079166666666666677,-0.062500000000000014,-1.4170207802169633e-17,0.008333333333333361,4.9846065639528105e-17,-0.0041666666666667004,0.0041666666666667178,-0.016666666666666739,-0.0041666666666666146,-0.062500000000000083,0.079166666666666649,-0.01666666666666667,-6.2411382038223023e-17,-2.3845429872203253e-17,0.0041666666666666744,0.058333333333333362,0.016666666666666632,0.0041666666666666952,-0.016666666666666698,-5.1210088756536144e-17,0.016666666666666722,-8.71304056438254e-17,-0.0041666666666667707,-4.2563313244370999e-18,0.0041666666666666892,-0.0041666666666667369,-0.016666666666666642,0.079166666666666774,-0.016666666666666611,-0.01666666666666668,-0.0041666666666666553,0.0041666666666666215,-0.016666666666666614,-0.0041666666666666866,0.016666666666666621,0.058333333333333341,-0.079166666666666691,0.0083333333333333714,0.062500000000000014,0.033333333333333284,0.062500000000000069,0.004166666666666697,-7.8323593508840836e-17,2.0817336224873126e-17,0.016666666666666642,-0.016666666666666635,-3.8717215161706483e-17,0.0041666666666666857,-1.237086999646988e-17,-0.0041666666666667308,0.016666666666666646,-0.004166666666666723,-0.016666666666666628,-0.0041666666666666909,0.0041666666666666007,-0.016666666666666628,0.079166666666666705
e034,0.0083333333333332968,3.9549811504603661e-17,1.3083424068687936e-16,-0.0083333333333333107,0.062500000000000069,-7.0149255099468722e-18,0.016666666666666698,-0.079166666666666691,0.0041666666666666892,-0.004166666666666612,0.016666666666666722,-0.016666666666666715,0.004166666666666638,-0.0041666666666666571,-2.7374222262157872e-17,5.6309946431783819e-17,0.033333333333333333,1.1989082919905332e-17,-3.3542549651228658e-17,-0.033333333333333333,-0.058333333333333411,-0.016666666666666698,-0.0041666666666666284,0.079166666666666746,0.016666666666666684,-9.6805880617792317e-17,-0.016666666666666632,-5.8392935902284916e-17,-3.7753670450681568e-17,-0.0083333333333332985,-8.1087202568187116e-17,0.0083333333333333558,-0.033333333333333326,-0.062500000000000083,0.15833333333333341,-0.062500000000000028,-0.0041666666666666545,-4.6927938424234725e-17,0.0041666666666666623,6.1018675520412451e-18,0.016666666666666684,-0.0041666666666666753,-0.079166666666666705,0.0041666666666666545,0.016666666666666604,-2.8884984105840391e-17,-0.0041666666666666458,0.0041666666666665877,1.907601508881584e-17,-3.0870798181006814e-17,-0.016666666666666656,0.079166666666666718,-0.062500000000000056,-0.01666666666666668,-0.004166666666666618,0.0041666666666666363,-0.062500000000000097,0.15833333333333346,0.0083333333333332517,4.9885247768545676e-17,-0.016666666666666694,-0.062500000000000042,0.016666666666666715,-0.0041666666666666701,-0.016666666666666663,0.0041666666666666545,-1.7903252400533113e-17,-0.004166666666666697,1.3626082525747058e-18,0.016666666666666632,1.204250897281541e-17,-0.016666666666666732,0.079166666666666718,-0.05833333333333339,-0.004166666666666631,0.0041666666666666389,0.0041666666666666848,0.016666666666666604,-0.079166666666666718,0.0041666666666666805,0.016666666666666663,-0.0041666666666666258,0.016666666666666659,0.0041666666666666363,-0.03333333333333334,6.896720600429056e-17,-0.0083333333333333141,4.0195741504780429e-17,-0.01666666666666668,-3.3174987462559922e-17,-0.062500000000000028,-0.0041666666666667169,-0.058333333333333397,-2.0127379598101081e-17,-0.016666666666666663,-0.062500000000000042,0.079166666666666677,-0.004166666666666592,0.016666666666666653,0.0041666666666666735,5.1697275164792561e-17,0.01666666666666667,-5.014245660775517e-18,-0.079166666666666732,-0.016666666666666625,0.0041666666666666562,-0.0041666666666666744,-0.0041666666666666284,-4.0576455436471354e-17,0.016666666666666705,0.016666666666666618,0.0041666666666666805,-0.016666666666666656,0.0041666666666666458,4.8583029169088829e-17,-0.0041666666666666822,-0.016666666666666684,0.016666666666666729,-0.0041666666666667126,-0.05833333333333339
e035,-6.0833779728300738e-18,-0.00833333333333342,0.0083333333333333263,4.9524950141408664e-17,-0.15833333333333346,0.033333333333333291,0.062500000000000014,0.062500000000000056,-3.4600121473493712e-17,-7.1659043276282607e-17,0.004166666666666651,-0.0041666666666666579,0.016666666666666639,-0.016666666666666663,0.0041666666666667386,-0.0041666666666667759,0.062500000000000028,0.016666666666666694,-0.079166666666666732,-7.3199249293836485e-18,0.079166666666666746,6.0535393157098039e-19,-0.016666666666666673,-0.062500000000000083,0.0041666666666667039,0.016666666666666725,-0.0041666666666667013,-0.016666666666666653,0.0041666666666667317,5.0399230728634758e-17,-0.0041666666666666562,-1.4884674509091412e-17,-0.062500000000000014,-0.033333333333333368,-0.062500000000000028,0.15833333333333344,-3.5637949979960425e-18,-0.0083333333333333436,4.9330178931201336e-18,0.0083333333333333835,0.004166666666666703,5.4582387700351926e-18,0.058333333333333369,0.016666666666666656,0.0041666666666667265,0.0041666666666666961,-0.016666666666666628,0.016666666666666757,-0.0041666666666667152,0.016666666666666639,0.0041666666666666623,-0.004166666666666651,-0.01666666666666667,-0.062500000000000056,0.079166666666666691,-0.01666666666666667,-0.033333333333333326,-0.062500000000000028,-4.1579853621604565e-18,0.0041666666666666822,-0.0041666666666666545,0.079166666666666677,9.0609015276776772e-18,-0.016666666666666687,3.9325921392425709e-17,1.0567065370992022e-17,-0.0083333333333333731,3.6144080014028682e-17,0.0041666666666666996,-0.0041666666666666996,0.079166666666666746,-0.058333333333333341,4.399352209708625e-17,-0.016666666666666705,0.016666666666666642,4.5566727646559815e-17,-2.6644368758379643e-17,-0.0041666666666666328,0.004166666666666651,-0.016666666666666684,-0.0041666666666666666,0.079166666666666705,2.3653677788494873e-17,-0.016666666666666659,-5.5852014534068406e-18,0.0041666666666666727,-7.7476813273326904e-18,-0.004166666666666716,0.0041666666666666952,0.016666666666666659,-0.016666666666666684,0.016666666666666729,0.079166666666666705,0.0041666666666667195,-0.0041666666666666623,0.079166666666666677,-0.058333333333333341,-0.016666666666666739,0.0041666666666666831,0.016666666666666698,-0.0083333333333334529,-5.1468985724263359e-17,-0.03333333333333327,-3.5157271147048308e-17,-0.0041666666666667134,3.9603635163576007e-17,-6.419987194813352e-18,-0.016666666666666632,0.016666666666666691,8.4103672470620668e-18,-0.0041666666666666623,-2.5302032334925023e-17,0.0041666666666667143,-0.016666666666666649,0.0041666666666666727,0.016666666666666673,0.0041666666666666484,0.05833333333333332,0.016666666666666708,-0.016666666666666698
e036,-0.079166666666666607,-6.4760162809198209e-17,0.062500000000000042,0.016666666666666666,-1.4101342466696738e-17,-4.9742675346337068e-17,-0.0083333333333333228,0.0083333333333333749,-0.15833333333333338,0.033333333333333368,0.062500000000000097,0.062500000000000097,6.1884212677381439e-17,2.0677077660201397e-18,0.0041666666666667082,-0.0041666666666667048,-0.0041666666666667022,0.016666666666666708,-0.016666666666666663,0.0041666666666666631,3.1383924799461516e-19,0.0083333333333333905,-2.6370784736974645e-17,-0.0083333333333333488,-0.062499999999999986,0.079166666666666774,-1.4325586551139336e-17,-0.016666666666666729,0.0041666666666667152,0.016666666666666583,-0.0041666666666667265,-0.016666666666666666,0.0041666666666666857,-3.3949723580155914e-17,-0.0041666666666666545,-3.5637949979960425e-18,0.15833333333333338,-0.062500000000000042,-0.03333333333333334,-0.062500000000000056,0.062499999999999986,0.033333333333333368,0.0041666666666666432,-1.2346529056702386e-17,-0.0041666666666666284,0.058333333333333348,0.016666666666666659,-0.079166666666666732,0.0041666666666667065,-0.016666666666666635,-2.897990656018453e-17,-6.9206124713007827e-18,0.016666666666666687,0.0083333333333333644,-1.8805936802814749e-17,3.6144830224530965e-17,-3.308236184216751e-17,-0.0041666666666666597,-0.016666666666666625,-0.0041666666666667048,0.0041666666666666822,-0.016666666666666659,0.0041666666666666857,0.016666666666666653,-0.0041666666666666675,0.016666666666666611,0.062500000000000028,-0.079166666666666732,0.00416666666666669,0.058333333333333369,0.016666666666666673,0.0041666666666666631,0.0041666666666667048,-0.016666666666666687,0.016666666666666684,0.016666666666666691,-0.033333333333333312,-0.0041666666666666805,1.4678464796078665e-17,-0.016666666666666677,-6.7451548307191193e-20,-1.5201740156957655e-17,-0.0083333333333333853,2.9550655748469766e-17,0.0041666666666666493,-0.0041666666666666909,0.079166666666666677,-0.058333333333333313,-3.5805637364384709e-17,-0.016666666666666635,0.01666666666666668,-3.0741144873898309e-17,3.3273585291553947e-17,-0.0041666666666666952,0.0041666666666666848,-0.016666666666666649,-0.0041666666666666605,0.079166666666666718,-2.3536783680897257e-17,-0.016666666666666628,7.4269355700547932e-18,0.0041666666666666761,-9.0547698258531433e-18,-0.00416666666666671,0.0041666666666666102,0.016666666666666684,-0.016666666666666625,0.016666666666666677,0.079166666666666691,0.004166666666666703,-0.004166666666666677,0.079166666666666732,-0.058333333333333348,-0.01666666666666668,0.0041666666666667117,0.016666666666666656,4.4042602382492091e-18,-0.0041666666666666709,-5.6304114485997336e-17,-0.016666666666666677
e037,0.062500000000000028,0.033333333333333319,-0.1583333333333333,0.062500000000000014,0.0083333333333333471,-0.0083333333333332656,-2.1562337339692572e-17,-5.5027881269046883e-17,0.062500000000000042,-2.385589021055436e-17,-0.079166666666666663,0.016666666666666587,-0.0041666666666666484,0.0041666666666666163,-0.016666666666666659,0.016666666666666739,6.1752637222548879e-17,-0.0041666666666666822,0.0041666666666666588,-2.3574984437844268e-17,-0.0041666666666666848,3.2163229324957449e-17,0.0041666666666666146,-4.8264122757932076e-18,-0.016666666666666632,-0.0041666666666667178,0.016666666666666614,0.0041666666666667082,-0.016666666666666712,-6.101110290599157e-17,0.079166666666666746,-0.062500000000000014,-5.0474823420819552e-17,0.0083333333333334147,-4.6927938424234725e-17,-0.0083333333333333436,-0.062500000000000042,0.15833333333333335,-0.062500000000000014,-0.033333333333333347,-0.079166666666666663,-8.8350058791461917e-18,0.016666666666666701,-0.0041666666666666605,-0.016666666666666694,-0.079166666666666635,0.0041666666666666389,0.058333333333333404,0.016666666666666594,-0.0041666666666666302,-0.016666666666666705,0.016666666666666687,0.0041666666666667126,-2.5069967720524568e-17,-0.0041666666666666666,0.00416666666666671,0.0083333333333333957,-3.0441731778814816e-17,5.1043832146705211e-17,-0.01666666666666667,0.016666666666666687,-0.0041666666666666423,-1.4771116064954078e-17,0.0041666666666666666,-1.4320898236773809e-19,-4.1522731138373107e-19,0.03333333333333334,1.4155762328857253e-17,-0.016666666666666691,0.016666666666666656,-0.004166666666666684,-0.016666666666666659,-5.5107729802507408e-17,0.0041666666666667273,-0.0041666666666666848,-1.9838129490776034e-17,-0.0625,0.01666666666666668,-0.016666666666666656,-0.058333333333333362,0.079166666666666718,-0.0041666666666666692,-1.3295472513859573e-17,0.0041666666666667082,-3.0513878341751496e-17,-0.016666666666666687,-0.062500000000000028,0.079166666666666649,-0.016666666666666708,-0.0041666666666666588,0.0041666666666667117,-0.0041666666666666571,-0.0041666666666666579,-0.016666666666666594,0.016666666666666673,-0.0041666666666666345,-0.016666666666666677,-0.05833333333333339,-0.016666666666666583,-0.004166666666666664,0.03333333333333334,5.3473794102981594e-18,0.0083333333333333384,5.8144551489406861e-17,0.016666666666666705,-3.3519228453561229e-18,-1.0642051442058353e-17,0.0041666666666666345,-0.0041666666666666519,-1.997950890864466e-17,0.016666666666666687,1.1873534642315182e-17,-0.016666666666666663,0.0041666666666667195,-0.079166666666666732,0.058333333333333355,-0.079166666666666705,0.016666666666666639,-0.0041666666666666406,0.0041666666666667265
e038,0.016666666666666625,-4.1263153445115361e-18,0.062499999999999972,-0.079166666666666677,-3.3867577859437551e-17,-5.5250909226617121e-20,0.008333333333333328,-0.0083333333333333367,0.03333333333333334,-0.033333333333333312,-6.5223488913011133e-17,-9.8754820679296159e-17,-1.4054000205999981e-17,4.7551275965772475e-17,-0.0041666666666667048,0.0041666666666666866,0.0041666666666666163,-0.016666666666666656,0.016666666666666722,-0.0041666666666666944,-2.9378822031473716e-18,-0.008333333333333354,4.2618067422125204e-17,0.0083333333333333731,1.5117601082217211e-17,-0.01666666666666668,-1.1642847133229938e-17,0.016666666666666597,-0.0041666666666666718,-0.016666666666666587,-0.058333333333333334,0.079166666666666705,-0.0041666666666666319,-2.5482898187778813e-17,0.0041666666666666623,4.9330178931201336e-18,-0.03333333333333334,-0.062500000000000014,0.15833333333333338,-0.062500000000000028,1.8535788940361906e-17,-0.033333333333333368,-0.0041666666666666423,-4.0819299161844384e-18,0.0041666666666666605,0.0041666666666666883,-0.016666666666666653,0.016666666666666607,-0.0041666666666666536,0.079166666666666691,-0.062500000000000083,2.5996299831869691e-17,-0.016666666666666677,-0.0083333333333333367,-1.2048040932097306e-18,-2.8923405693477028e-17,-2.0712408628842594e-17,0.0041666666666666415,0.016666666666666653,0.0041666666666667013,0.058333333333333376,0.01666666666666667,-0.0041666666666666735,-0.016666666666666649,0.0041666666666666996,-0.079166666666666732,0.062500000000000014,0.01666666666666668,-0.0041666666666666952,0.0041666666666666545,-0.016666666666666677,-0.0041666666666666727,-0.0041666666666666831,0.016666666666666666,-0.016666666666666656,-0.016666666666666684,0.15833333333333338,0.0041666666666666753,-3.4728787349245823e-17,0.079166666666666732,-0.062500000000000028,2.8246999653420884e-18,0.0083333333333333575,-2.6401385123341794e-17,-0.0041666666666666744,0.0041666666666666996,-0.016666666666666659,-0.0041666666666667134,-0.062500000000000056,0.079166666666666705,-0.01666666666666668,-3.1269911299774964e-17,-3.8052439411357752e-18,0.0041666666666666319,0.058333333333333348,0.016666666666666677,0.0041666666666666484,-0.016666666666666653,-5.5040983951265964e-17,0.01666666666666667,-3.5277552540123124e-17,-0.0041666666666666944,-1.1035205309526529e-17,0.0041666666666666753,-0.0041666666666666675,-0.016666666666666694,0.079166666666666746,-0.016666666666666666,-0.016666666666666708,-0.0041666666666666805,0.0041666666666666484,-0.01666666666666667,-0.0041666666666666657,0.016666666666666649,0.058333333333333341,-0.079166666666666718,0.062500000000000056,0.0041666666666666761,-2.1265816244162272e-17,0.016666666666666666
e039,-1.9441888928523186e-17,-0.03333333333333325,0.033333333333333291,-5.9942661121389796e-17,-0.0083333333333333436,0.008333333333333354,3.4790205989705003e-17,-2.1437386205022597e-18,0.062500000000000014,7.0583804386984201e-19,0.016666666666666618,-0.079166666666666621,0.0041666666666666614,-0.0041666666666666744,0.016666666666666611,-0.016666666666666718,4.9064129781777961e-17,0.0041666666666666519,-0.0041666666666667403,3.6621680202907459e-17,0.0041666666666667429,-8.4949470699140773e-17,-0.0041666666666666918,-1.711063605072335e-18,0.079166666666666663,-0.058333333333333383,-0.016666666666666621,-0.0041666666666665842,0.016666666666666656,5.0328864886109406e-17,-0.016666666666666715,3.9447108804352265e-17,-3.5057890216089846e-17,-0.0083333333333333384,6.1018675520412451e-18,0.0083333333333333835,-0.062500000000000056,-0.033333333333333347,-0.062500000000000028,0.15833333333333341,0.016666666666666632,1.8825966119038574e-17,-0.016666666666666666,0.0041666666666666822,0.01666666666666668,0.016666666666666594,-0.0041666666666666501,0.0041666666666667213,-0.016666666666666663,-0.058333333333333397,0.079166666666666774,-0.016666666666666694,-0.0041666666666666961,-1.8474716549987713e-17,0.0041666666666666761,-0.0041666666666666996,-0.0083333333333333332,2.0365010633476684e-17,-5.3348730685505213e-17,0.016666666666666646,-0.079166666666666705,0.0041666666666666562,7.6146245941819639e-18,-0.0041666666666666718,-3.6331709675072517e-17,0.062500000000000097,-0.15833333333333338,0.062500000000000042,0.016666666666666663,-0.079166666666666691,0.004166666666666703,0.016666666666666663,-6.6753148729419594e-18,-0.0041666666666666918,0.0041666666666667022,3.3479343670913661e-17,-0.062500000000000028,-0.016666666666666639,0.016666666666666673,-0.0041666666666666666,-0.016666666666666718,0.0041666666666666657,5.7354459780853931e-17,-0.004166666666666697,3.1417509774977038e-17,0.016666666666666673,-8.5292835677530301e-19,-0.016666666666666614,0.07916666666666676,-0.058333333333333383,-0.0041666666666666753,0.0041666666666667265,0.0041666666666666805,0.016666666666666677,-0.079166666666666691,0.0041666666666666371,0.016666666666666656,-0.0041666666666667004,0.016666666666666691,0.0041666666666666345,-0.033333333333333291,1.6382389701339235e-17,-0.008333333333333361,2.0183647690699046e-17,-0.016666666666666659,4.6007763276372291e-17,-0.062500000000000097,-0.0041666666666666501,-0.058333333333333348,2.1535506505042227e-18,-0.016666666666666611,-0.062500000000000069,0.079166666666666705,-0.0041666666666667291,0.016666666666666722,0.0041666666666666666,0.016666666666666687,-0.016666666666666639,0.0041666666666667265,-0.0041666666666667013
e040,-0.058333333333333348,-0.016666666666666666,0.079166666666666691,-0.0041666666666666484,-0.0041666666666667343,0.0041666666666665859,-1.2099358396202255e-17,1.0871855888624007e-17,-0.0625,-0.062499999999999979,0.15833333333333338,-0.03333333333333334,0.0083333333333333402,-0.0083333333333333055,-3.5535534846395547e-17,-7.6413932155176517e-18,0.016666666666666659,1.916135774559628e-17,-2.225799877664994e-17,-0.016666666666666656,0.0083333333333333454,1.913717297441321e-17,-0.0083333333333333193,-4.0412401118966554e-17,0.033333333333333395,-1.4903478043877244e-17,-0.033333333333333312,-2.7726554908231765e-17,-1.336700586133272e-17,-0.0041666666666666926,-2.0125073501538335e-19,0.0041666666666666692,-0.016666666666666673,-0.0041666666666667178,0.016666666666666684,0.004166666666666703,0.062499999999999986,-0.079166666666666663,1.8535788940361906e-17,0.016666666666666632,0.15833333333333341,-0.062499999999999993,3.0966107341897877e-17,0.0083333333333333245,-4.5214467323194746e-17,0.079166666666666691,1.5807136687925706e-17,-0.062500000000000042,-0.016666666666666639,0.0041666666666666761,-0.016666666666666708,0.016666666666666715,-0.0041666666666666874,1.0344797144040296e-17,-0.004166666666666664,0.0041666666666666562,-0.0041666666666666961,0.016666666666666659,0.0041666666666666519,0.016666666666666691,5.5299857126898289e-17,0.0041666666666666944,0.079166666666666705,-0.062500000000000014,-0.016666666666666684,0.0041666666666666241,-0.016666666666666653,-0.0041666666666666605,5.7448022093421248e-18,-0.016666666666666687,4.4268370091508372e-18,0.016666666666666656,0.016666666666666712,0.05833333333333332,0.0041666666666666588,0.0041666666666666614,2.0093999232485866e-17,-0.016666666666666705,-0.016666666666666725,-0.0041666666666666987,0.079166666666666718,-0.0041666666666666883,-4.4072276098861867e-18,0.0041666666666666536,-0.016666666666666663,0.016666666666666694,0.058333333333333327,-0.079166666666666677,-0.016666666666666725,0.0041666666666666892,-0.0041666666666666961,-0.004166666666666684,0.0083333333333333731,0.016666666666666649,5.6711962597721074e-17,0.0041666666666666822,-5.2488841789030958e-17,0.062500000000000042,0.033333333333333312,0.0625,-0.016666666666666666,0.01666666666666668,-0.0041666666666666666,-0.016666666666666729,3.6661831695243465e-17,0.004166666666666651,-0.004166666666666638,1.9518547143744835e-17,-2.8924040474631454e-17,0.079166666666666718,-0.016666666666666705,0.0041666666666666389,0.016666666666666705,-0.0041666666666666935,-5.1139825567552195e-18,0.0041666666666666935,-0.079166666666666746,-0.016666666666666649,-0.0041666666666667195,0.0583333333333333
e041,-0.016666666666666625,-2.5308977685522306e-17,-3.2701377601993138e-17,0.016666666666666684,4.2412895030460525e-17,3.0136026786542212e-17,-0.0083333333333333315,0.0083333333333333714,-0.033333333333333347,0.15833333333333335,-0.062499999999999889,-0.06249999999999984,3.0867839989896692e-17,-4.1352436371609363e-17,0.0041666666666667134,-0.0041666666666666892,-0.0041666666666665964,0.079166666666666621,-0.016666666666666694,-0.058333333333333341,3.1468940636401588e-17,0.0083333333333332916,-2.4743593348402727e-17,-0.0083333333333333297,0.062500000000000014,0.016666666666666694,-1.1663949925939145e-16,-0.079166666666666663,0.0041666666666666909,0.016666666666666774,-0.0041666666666666978,-0.016666666666666698,0.0041666666666666128,8.0474178558849528e-17,-0.0041666666666666753,5.4582387700351926e-18,0.033333333333333368,-8.8350058791461917e-18,-0.033333333333333368,1.8825966119038574e-17,-0.062499999999999993,0.15833333333333338,0.0041666666666666649,5.8039690607791045e-17,-0.0041666666666666345,-0.0041666666666667386,0.016666666666666705,-0.016666666666666649,0.0041666666666666753,-0.01666666666666668,-0.062500000000000028,-3.7122558762161851e-17,0.079166666666666746,0.0083333333333333471,1.9547174294864673e-17,6.1758587704616276e-18,4.7134961754920272e-17,-0.0041666666666666935,-0.016666666666666722,-0.0041666666666666883,0.0041666666666666718,-0.016666666666666715,-0.058333333333333293,0.079166666666666705,-0.0041666666666667481,0.016666666666666715,-5.5265103756446895e-17,-0.016666666666666701,0.0041666666666666683,-0.0041666666666666848,0.016666666666666736,0.00416666666666669,0.0041666666666666614,-0.079166666666666635,0.016666666666666743,0.016666666666666718,-0.033333333333333375,-0.0041666666666666709,2.1345921519448627e-17,-0.01666666666666668,-0.062499999999999965,3.412036549206176e-17,-0.0083333333333333662,2.3730363231093708e-17,-0.058333333333333334,-0.0041666666666666814,0.016666666666666663,0.0041666666666667195,-0.062499999999999986,-0.01666666666666667,0.079166666666666732,-1.070521608836635e-17,1.6940631525095828e-17,-0.0041666666666666631,0.0041666666666666822,-0.016666666666666705,-0.0041666666666666605,0.016666666666666632,8.7924311573517633e-17,-0.079166666666666705,1.5053209855965117e-17,0.0041666666666667481,-1.9911701173394076e-17,-0.0041666666666666501,0.004166666666666631,0.016666666666666753,-0.016666666666666694,0.016666666666666687,0.016666666666666694,-0.058333333333333265,-0.0041666666666666579,0.016666666666666715,0.0041666666666667022,-0.01666666666666676,0.0041666666666667334,0.01666666666666667,0.062500000000000014,-0.00416666666666669,1.5072438379001085e-17,-0.079166666666666649
e042,-0.0041666666666666371,0.016666666666666646,-0.016666666666666746,0.0041666666666666909,-0.058333333333333404,-0.0041666666666666996,-0.016666666666666705,0.079166666666666691,-0.0041666666666666536,0.0041666666666666328,-1.7400906055536176e-17,1.1888100030587545e-17,-1.1771585478387106e-17,0.062500000000000069,-0.079166666666666718,0.016666666666666712,-0.016666666666666646,-0.0041666666666666831,0.0041666666666666831,0.016666666666666642,0.062500000000000083,0.016666666666666663,-1.3176660993360054e-17,-0.079166666666666732,3.2602918526385334e-17,-0.0041666666666665938,2.3000034098425423e-17,0.0041666666666667542,-0.016666666666666715,0.0041666666666667013,0.01666666666666675,-0.0041666666666666961,0.016666666666666653,0.0041666666666666848,-0.079166666666666705,0.058333333333333369,0.0041666666666666432,0.016666666666666701,-0.0041666666666666423,-0.016666666666666666,3.0966107341897877e-17,0.0041666666666666649,0.15833333333333346,-0.062500000000000028,-0.033333333333333319,3.8827306814090846e-17,0.0083333333333333488,-0.0083333333333333263,-6.5988137945766113e-18,-0.062500000000000014,-0.016666666666666718,0.079166666666666732,-1.6656107011678796e-18,0.016666666666666653,-0.004166666666666703,0.0041666666666666788,0.00416666666666669,-0.079166666666666705,-0.0041666666666666675,2.7606422699351009e-17,0.033333333333333402,0.062500000000000042,-5.0035443386634575e-18,0.0083333333333333159,-9.8263967075717479e-18,6.1642873626541283e-18,0.016666666666666663,3.0878865303065072e-17,-0.079166666666666718,-0.016666666666666694,-0.0041666666666666588,0.016666666666666694,2.4734207988992615e-17,-0.0041666666666666614,0.0041666666666666527,6.0627843349944382e-17,-0.0041666666666666727,-0.016666666666666628,-0.079166666666666732,0.058333333333333383,0.016666666666666729,-0.0041666666666666987,-0.016666666666666635,0.0041666666666666779,0.016666666666666663,1.5855705596989041e-18,0.0041666666666666467,-3.5994814675385213e-17,-0.01666666666666668,-0.062500000000000014,-6.0024193911098972e-18,-0.0041666666666666961,0.062500000000000069,-1.0647768985895951e-17,0.033333333333333381,0.062500000000000042,-0.15833333333333344,0.0083333333333333523,-2.7479179231224293e-17,-0.0083333333333333263,0.016666666666666677,-5.7861145762195159e-18,0.0041666666666667082,-1.141788600995451e-17,0.033333333333333326,4.6850707521425427e-17,-2.6696774158766372e-18,0.0083333333333333124,-0.0041666666666666996,-4.4924044995348611e-18,-0.016666666666666656,-1.8023357173507808e-17,0.016666666666666712,-0.0041666666666666571,-0.016666666666666743,-0.058333333333333369,-0.016666666666666701,-0.016666666666666656,-0.0041666666666667056,-0.0041666666666666475
e043,0.016666666666666628,0.058333333333333445,0.0041666666666666657,-0.079166666666666691,-0.016666666666666607,0.016666666666666666,-1.856072683995224e-17,-2.5908048864126607e-17,3.4897934244400878e-17,4.9421992424621532e-17,0.008333333333333328,-0.0083333333333333176,0.033333333333333388,-0.15833333333333338,0.062500000000000042,0.062500000000000014,0.0041666666666666198,2.6086878438581707e-17,2.0061705661437603e-17,-0.0041666666666666475,0.033333333333333354,-2.1995864200915419e-17,-0.033333333333333347,1.2118086473531635e-17,0.0083333333333333957,-2.8897585895691453e-17,-0.0083333333333334095,-7.639385924190911e-17,-0.062500000000000028,-0.016666666666666673,-3.4433804317872115e-17,0.079166666666666705,-0.0041666666666666519,-0.016666666666666659,0.0041666666666666545,0.016666666666666656,-1.2346529056702386e-17,-0.0041666666666666605,-4.0819299161844384e-18,0.0041666666666666822,0.0083333333333333245,5.8039690607791045e-17,-0.062500000000000028,0.15833333333333338,-0.062500000000000014,0.0041666666666666493,4.4510615798959725e-17,2.8035807791225468e-17,-0.0041666666666666996,0.079166666666666691,-0.0041666666666666857,-0.058333333333333362,-0.016666666666666632,1.6625615904715981e-17,-0.016666666666666691,0.016666666666666663,-0.01666666666666667,0.0041666666666666484,0.016666666666666649,0.0041666666666666692,7.266262921086297e-19,0.01666666666666667,0.0041666666666666553,5.1717885851333867e-17,-0.0041666666666666579,0.079166666666666663,-0.0041666666666666996,-0.016666666666666635,0.062500000000000028,-0.004166666666666716,-1.7371795030252908e-17,0.0041666666666667351,0.004166666666666625,-0.016666666666666701,0.016666666666666729,0.016666666666666656,-9.7993801427097181e-18,-0.004166666666666684,0.058333333333333355,-0.07916666666666676,0.004166666666666631,-0.016666666666666705,-2.254578241768965e-18,0.01666666666666667,-0.0041666666666666666,0.00416666666666669,-0.016666666666666618,-0.0041666666666666527,-0.0041666666666666909,0.079166666666666705,-0.016666666666666659,-0.016666666666666621,0.033333333333333368,0.0041666666666667247,1.6975929012705152e-17,0.016666666666666666,0.062500000000000028,-3.4576707047129407e-17,0.0083333333333333922,-4.9434196355771289e-17,0.058333333333333362,0.0041666666666666579,-0.016666666666666705,-0.0041666666666666336,0.062500000000000028,0.016666666666666659,-0.079166666666666649,3.6226766579460154e-17,9.6616592772139959e-18,0.0041666666666666597,-0.0041666666666666475,0.016666666666666607,0.0041666666666667386,-0.016666666666666712,1.9919225073252403e-17,0.079166666666666718,-0.0041666666666666458,-0.0041666666666667638,-0.016666666666666601,-0.016666666666666715
e044,0.004166666666666618,-0.079166666666666774,0.016666666666666687,0.058333333333333369,-0.0041666666666667334,0.0041666666666666848,0.016666666666666677,-0.016666666666666601,0.0041666666666666198,-0.0041666666666666415,-4.4468401986233655e-17,-3.1427846227961217e-18,-2.2008623861765012e-17,0.062500000000000056,0.016666666666666715,-0.079166666666666802,0.016666666666666698,0.0041666666666667152,-0.0041666666666666848,-0.016666666666666694,0.062500000000000056,-0.079166666666666566,-1.2807142058798442e-17,0.016666666666666566,-2.1018390253692423e-17,0.0041666666666666536,7.6440161103819204e-17,-0.0041666666666666718,0.079166666666666802,-0.0041666666666666623,-0.016666666666666673,-0.05833333333333339,-0.016666666666666666,-0.0041666666666666796,0.016666666666666604,0.0041666666666667265,-0.0041666666666666284,-0.016666666666666694,0.0041666666666666605,0.01666666666666668,-4.5214467323194746e-17,-0.0041666666666666345,-0.033333333333333319,-0.062500000000000014,0.15833333333333341,2.5445760150603471e-17,-0.008333333333333354,0.0083333333333332777,5.7325929836573146e-17,-2.7942180290290194e-17,0.016666666666666698,-0.016666666666666715,3.3942312332322197e-17,-0.016666666666666646,-0.058333333333333341,-0.0041666666666666735,-0.0041666666666666796,0.016666666666666611,0.0041666666666666866,-2.5930588360733134e-17,-0.03333333333333334,1.6032111266586683e-17,-2.640824526645143e-17,-0.0083333333333333523,6.7111262168757255e-18,-0.062500000000000014,-0.016666666666666673,-2.5625923282325221e-17,0.01666666666666668,0.016666666666666718,0.0041666666666667048,-0.016666666666666739,1.1133571072817947e-17,0.0041666666666666735,-0.0041666666666667117,0.062500000000000014,0.0041666666666666614,0.079166666666666732,0.016666666666666705,0.0041666666666666657,-0.016666666666666722,-0.058333333333333313,0.079166666666666649,-0.0041666666666666761,-0.016666666666666687,-4.3060982686004107e-17,-0.0041666666666666718,-1.6119792774148412e-17,0.016666666666666708,-4.2110288966364083e-18,3.0527075488992858e-17,0.0041666666666666354,0.062500000000000042,-6.4639685102040633e-17,-0.033333333333333375,1.2687618101819826e-17,0.033333333333333354,-0.0083333333333332985,-7.6878413705512713e-17,0.0083333333333333436,-0.079166666666666746,-4.9764027408989184e-18,-0.0041666666666666597,-1.3364452311382334e-17,-0.15833333333333341,0.062500000000000014,0.062500000000000014,-0.0083333333333333384,0.0041666666666666605,-1.705103944319968e-17,0.079166666666666705,4.334070463133467e-17,-0.016666666666666712,0.0041666666666666735,0.016666666666666722,-0.0041666666666666501,0.016666666666666698,0.016666666666666739,0.0041666666666666441,0.0041666666666666675
e045,-0.0625,-0.016666666666666673,0.079166666666666649,2.5858627436681152e-17,-0.0041666666666667239,0.0041666666666666111,0.016666666666666614,-0.016666666666666687,-0.05833333333333332,-0.0041666666666667585,0.07916666666666676,-0.016666666666666583,0.0041666666666666701,-0.0041666666666666657,-0.016666666666666725,0.016666666666666632,-5.368107669093161e-18,-0.004166666666666716,0.0041666666666666779,6.7206657940750969e-17,0.0041666666666667291,-0.01666666666666675,-0.0041666666666666692,0.016666666666666618,0.016666666666666607,-0.0041666666666666909,-0.016666666666666684,0.004166666666666723,-0.016666666666666666,-0.062500000000000056,0.079166666666666691,-1.3809732495847441e-17,2.8150908725252145e-18,-0.0041666666666666926,-2.8884984105840391e-17,0.0041666666666666961,0.058333333333333348,-0.079166666666666635,0.0041666666666666883,0.016666666666666594,0.079166666666666691,-0.0041666666666667386,3.8827306814090846e-17,0.0041666666666666493,2.5445760150603471e-17,0.15833333333333338,-0.062500000000000014,-0.062499999999999986,-0.033333333333333333,0.008333333333333361,6.1722163862875169e-19,1.8808246313932954e-17,-0.0083333333333334061,-0.016666666666666646,-1.9655176399467434e-17,-3.0715853340136289e-17,-0.0041666666666666709,-1.9630480604770362e-17,0.062500000000000014,0.03333333333333334,6.9334759324488635e-17,0.0083333333333333783,-0.079166666666666663,-2.1735938184583044e-17,0.016666666666666646,-0.0041666666666667247,-0.016666666666666587,0.0041666666666666536,-0.01666666666666667,-0.016666666666666663,-0.0041666666666666944,0.016666666666666691,-0.016666666666666646,-0.0041666666666666779,-0.058333333333333313,-0.0041666666666666597,0.0041666666666667039,-0.01666666666666668,-2.6520332564824647e-17,-0.0041666666666666944,6.4261084998969215e-17,-4.5991005808411171e-17,0.016666666666666708,-2.1341654378416039e-17,3.1644826683226424e-17,0.033333333333333368,0.062499999999999993,-0.15833333333333335,-1.921240287445431e-17,0.0083333333333333835,-0.0083333333333333835,2.6241040762122528e-18,0.0041666666666667377,0.033333333333333326,7.0971345965670903e-17,0.0083333333333333749,-5.3089707073502241e-17,0.0625,0.016666666666666698,7.4735379251716508e-18,-0.016666666666666656,-0.016666666666666639,-0.0041666666666666926,0.016666666666666646,-2.6384740792792477e-17,-0.0041666666666666519,0.0041666666666667143,-0.062500000000000028,-0.0041666666666666519,-0.079166666666666677,-0.016666666666666673,-0.0041666666666666683,0.016666666666666659,0.058333333333333327,-0.079166666666666718,0.0041666666666666883,-6.5128446736957619e-17,-0.016666666666666684,9.0822324156233093e-18,-0.0041666666666666579
e046,-0.016666666666666625,0.0041666666666666996,-0.0041666666666666822,0.016666666666666635,0.016666666666666677,-0.079166666666666691,0.058333333333333494,0.0041666666666667325,-0.016666666666666649,0.016666666666666687,3.0528638338163447e-17,-3.4887214443828448e-17,4.024709830197507e-17,1.0921303881038977e-18,-0.0041666666666666848,0.004166666666666723,-0.0041666666666666406,-0.016666666666666691,0.016666666666666715,0.0041666666666665799,3.9901944960637036e-17,0.0041666666666666996,-6.0099575469982469e-18,-0.0041666666666666302,7.4602922885471284e-17,-0.016666666666666666,-9.7576728804478473e-18,0.016666666666666659,-0.0041666666666666996,0.079166666666666691,-0.058333333333333362,-0.016666666666666666,0.0041666666666666206,0.016666666666666666,-0.0041666666666666458,-0.016666666666666628,0.016666666666666659,0.0041666666666666389,-0.016666666666666653,-0.0041666666666666501,1.5807136687925706e-17,0.016666666666666705,0.0083333333333333488,4.4510615798959725e-17,-0.008333333333333354,-0.062500000000000014,0.15833333333333346,-0.033333333333333409,-0.062500000000000028,4.282529947798833e-17,-0.0041666666666667117,0.0041666666666666961,-2.1180479894219438e-17,-0.058333333333333411,-0.01666666666666668,0.07916666666666676,0.016666666666666666,-0.004166666666666677,-0.079166666666666705,9.5666716170766151e-18,0.0083333333333333141,7.563206500967112e-17,0.062500000000000014,0.033333333333333416,0.062500000000000042,1.8119456466295135e-17,0.0041666666666666215,1.4446993441028166e-17,-0.0041666666666666553,-0.0041666666666666657,-0.016666666666666701,0.0041666666666666701,7.3066729852937752e-18,-0.016666666666666715,0.079166666666666677,-1.3818975131718641e-17,-0.016666666666666656,-0.0041666666666666709,-0.004166666666666677,-0.01666666666666668,0.0041666666666666484,-0.016666666666666659,-0.0041666666666666657,0.079166666666666746,0.0041666666666666284,1.4770842045007038e-17,0.016666666666666666,0.062500000000000028,-0.0041666666666667022,3.7163800285498588e-17,-2.3348884239190446e-17,-0.01666666666666675,4.1636668436613843e-17,0.062500000000000028,0.0083333333333333107,6.157134569603293e-17,-0.0083333333333333714,0.033333333333333402,-1.7631258266196455e-17,-0.033333333333333402,0.0041666666666667004,-0.062500000000000042,0.079166666666666718,-2.0225633302207965e-17,0.008333333333333354,-3.7556309277922758e-17,-4.9718317671012852e-18,0.15833333333333344,-0.016666666666666757,0.062500000000000014,-0.0041666666666666536,-3.1062502177501323e-17,0.0041666666666666831,-0.079166666666666718,0.058333333333333341,0.01666666666666668,-0.0041666666666666501,-0.0041666666666666493,-0.016666666666666746,-0.016666666666666732
e047,0.079166666666666607,-0.0041666666666666415,-0.058333333333333362,-0.016666666666666646,-0.016666666666666712,0.016666666666666764,0.0041666666666666631,-0.0041666666666666605,0.079166666666666691,-0.016666666666666642,-0.062500000000000056,-1.0829904070340531e-16,-3.4349476676930252e-18,-4.7080276274524442e-18,0.0041666666666666814,-0.0041666666666666935,0.0041666666666667117,0.016666666666666708,-0.016666666666666691,-0.0041666666666667291,-2.7907650445586521e-17,-0.0041666666666665582,-5.8506096715587883e-18,0.0041666666666666536,4.8293040972257192e-17,0.07916666666666676,-0.062500000000000069,-0.016666666666666701,0.0041666666666666918,-0.016666666666666715,-0.0041666666666666085,0.016666666666666649,-0.0041666666666666883,-0.016666666666666621,0.0041666666666665877,0.016666666666666757,-0.079166666666666732,0.058333333333333404,0.016666666666666607,0.0041666666666667213,-0.062500000000000042,-0.016666666666666649,-0.0083333333333333263,2.8035807791225468e-17,0.0083333333333332777,-0.062499999999999986,-0.033333333333333409,0.15833333333333346,-0.062500000000000042,-1.5131339006197787e-17,0.0041666666666666657,-0.0041666666666667351,8.9730868147677e-17,-0.0041666666666666753,0.016666666666666739,-0.016666666666666684,-0.016666666666666635,0.0041666666666665807,0.016666666666666722,-2.5656858634675573e-17,-0.0083333333333333835,3.0505627430283499e-17,-3.5218870653140316e-17,-0.03333333333333334,7.9791052363352608e-18,4.7356025317629656e-17,-0.00416666666666669,1.0537314664058484e-17,0.0041666666666666944,0.0041666666666666761,0.016666666666666712,0.058333333333333327,-5.6605220704788123e-17,0.016666666666666715,-0.016666666666666698,-5.3545406348261449e-17,0.016666666666666621,0.0041666666666666527,0.0041666666666667395,0.016666666666666625,-0.0041666666666666683,0.016666666666666757,0.0041666666666666059,-0.01666666666666668,-0.0041666666666667265,-2.4355816027692968e-17,-0.079166666666666691,0.0625,0.0041666666666666631,-7.9370233236699343e-18,7.4877298384625589e-17,0.079166666666666718,-3.6147586956476355e-17,0.062500000000000028,-0.0083333333333333818,3.1648630227317832e-17,0.0083333333333333471,-0.15833333333333344,0.062500000000000042,0.033333333333333354,-0.0041666666666666796,-6.0653046343383065e-19,-0.016666666666666684,6.1454730168698476e-17,-0.0083333333333332638,-7.6056372975109325e-17,-4.0407021773509772e-17,-0.033333333333333395,0.079166666666666718,-4.3774886783926695e-17,0.0041666666666666354,-2.7252390184033472e-17,-0.0041666666666666892,0.016666666666666722,0.0041666666666666189,-0.016666666666666632,0.0041666666666666545,-0.058333333333333334,0.07916666666666676,0.016666666666666694
e048,1.6705066388801884e-17,0.016666666666666587,-0.016666666666666607,2.1126780028375607e-18,0.004166666666666651,0.058333333333333334,-0.07916666666666676,0.016666666666666684,-0.0041666666666667169,0.0041666666666667091,-0.016666666666666715,0.016666666666666705,-0.0041666666666666935,0.0041666666666666493,0.01666666666666676,-0.016666666666666684,-2.0087122757421738e-17,0.0041666666666666796,-0.0041666666666667022,5.1581894789448509e-17,-0.0041666666666666579,0.016666666666666621,0.0041666666666666666,-0.016666666666666715,-0.016666666666666722,-0.058333333333333404,0.079166666666666746,-0.0041666666666666744,0.016666666666666691,4.3628712822959492e-17,-0.016666666666666708,9.0552869960769254e-18,2.57686151901713e-17,0.0041666666666666623,1.907601508881584e-17,-0.0041666666666667152,0.0041666666666667065,0.016666666666666594,-0.0041666666666666536,-0.016666666666666663,-0.016666666666666639,0.0041666666666666753,-6.5988137945766113e-18,-0.0041666666666666996,5.7325929836573146e-17,-0.033333333333333333,-0.062500000000000028,-0.062500000000000042,0.15833333333333341,-0.0083333333333333644,2.5440649620045281e-17,-4.6750135989442107e-18,0.008333333333333335,0.079166666666666746,-2.2145162257025078e-17,-0.062500000000000042,0.0041666666666666631,3.8722577601029726e-17,-1.5503552797446199e-17,-0.033333333333333319,-1.7509143868251458e-17,-0.0083333333333333939,0.016666666666666694,-2.0654624133676081e-17,-0.079166666666666718,0.0041666666666666562,0.016666666666666646,-0.0041666666666667022,0.016666666666666663,0.01666666666666667,0.0041666666666666788,-0.079166666666666718,0.016666666666666694,0.0041666666666666727,-0.004166666666666664,0.0041666666666667108,-0.0041666666666666545,0.016666666666666691,-1.3431845303877503e-17,0.0041666666666667143,-4.0004086380832397e-17,-3.4375508860512601e-17,-0.016666666666666653,-0.062500000000000042,3.5969383505657245e-17,-0.033333333333333347,2.3805828789014202e-17,0.033333333333333326,3.4889232635446623e-17,-0.0083333333333333818,0.0083333333333333315,-0.062500000000000014,-0.0041666666666666649,-0.15833333333333341,-1.3259617449959312e-17,-0.0083333333333333679,2.7025455773129032e-17,0.062500000000000056,-0.079166666666666705,2.8070840042402447e-17,0.016666666666666611,0.079166666666666718,-0.058333333333333355,-0.016666666666666687,-6.8460481361305137e-17,0.0041666666666667499,-0.0041666666666666631,-0.062500000000000014,-0.05833333333333332,0.016666666666666691,0.01666666666666667,0.0041666666666667525,-0.016666666666666677,0.0041666666666666666,0.016666666666666736,-0.0041666666666667108,5.2147150712670046e-17,0.079166666666666705,-0.062500000000000056,0.0041666666666666761
e049,-1.0691294225984664e-17,-0.0041666666666666666,0.0041666666666666666,4.5100125975882769e-18,-0.016666666666666639,0.016666666666666604,0.0041666666666666918,-0.0041666666666667178,0.016666666666666646,-0.01666666666666668,0.0041666666666665972,-0.0041666666666666735,0.016666666666666684,-0.079166666666666718,0.058333333333333362,0.0041666666666666588,-1.3271023754900698e-17,-0.016666666666666673,0.016666666666666729,3.1664788748616806e-18,0.016666666666666621,-0.0041666666666666432,-0.016666666666666663,0.0041666666666666692,0.0041666666666666501,-0.016666666666666736,-0.0041666666666667421,0.01666666666666659,-0.0041666666666666614,-3.1218708547027497e-17,0.0041666666666667282,1.659312912863207e-17,-4.6555163894586316e-18,-0.016666666666666614,-3.0870798181006814e-17,0.016666666666666639,-0.016666666666666635,-0.0041666666666666302,0.079166666666666691,-0.058333333333333397,0.0041666666666666761,-0.01666666666666668,-0.062500000000000014,0.079166666666666691,-2.7942180290290194e-17,0.008333333333333361,4.282529947798833e-17,-1.5131339006197787e-17,-0.0083333333333333644,0.15833333333333335,-0.062500000000000056,-0.062500000000000028,-0.033333333333333284,-0.0041666666666666952,-1.5083635154099585e-17,4.7298625069900029e-17,-0.016666666666666621,-4.9955949094548662e-17,4.4803650984749358e-17,0.0083333333333333159,0.062500000000000028,0.033333333333333312,-0.0041666666666666918,6.8708003649501821e-17,0.0041666666666666952,-0.079166666666666705,0.058333333333333383,0.016666666666666663,0.058333333333333341,-0.0041666666666666553,-0.016666666666666705,0.0041666666666666701,-0.004166666666666703,-0.016666666666666646,0.016666666666666653,-0.016666666666666698,0.079166666666666677,-0.0041666666666666562,0.062500000000000014,-0.079166666666666718,1.022912282177529e-17,-2.1731280026812703e-17,0.0041666666666666536,4.9970728948591418e-17,3.1664788748616806e-18,0.0083333333333333211,1.4443790474494388e-17,-0.0083333333333333766,-0.062500000000000056,0.15833333333333341,-0.033333333333333333,9.1565131603691858e-19,0.016666666666666684,0.0083333333333333627,0.062500000000000028,0.033333333333333333,0.062500000000000028,-1.6236913568634069e-17,0.0041666666666666892,-4.3266456894440967e-17,-0.0041666666666667013,-0.00416666666666669,-0.016666666666666625,0.0041666666666666892,2.0135126478945321e-17,-0.016666666666666691,0.079166666666666691,3.1548000545240596e-17,-0.016666666666666677,-0.0041666666666666926,-0.0041666666666666579,-0.016666666666666663,0.0041666666666666631,-0.016666666666666642,-0.0041666666666667039,0.079166666666666705,-2.7576357581543361e-17,-0.0041666666666667039,1.6671392607077514e-17,-0.016666666666666663
e050,-0.0041666666666666493,-0.016666666666666659,0.016666666666666687,0.0041666666666666033,-0.0041666666666666536,0.0041666666666666987,6.4454998386748581e-18,3.054396143675238e-17,9.0305865864512465e-18,-0.062500000000000014,-0.016666666666666687,0.079166666666666621,-0.0041666666666666692,0.0041666666666666553,0.01666666666666667,-0.016666666666666732,-0.016666666666666722,-0.05833333333333332,-0.0041666666666666848,0.079166666666666718,-0.0041666666666666458,2.6798380753295189e-17,0.0041666666666666415,-8.7959514303648704e-18,-0.079166666666666691,0.004166666666666697,0.016666666666666788,0.058333333333333369,0.016666666666666708,0.0041666666666665712,-0.016666666666666736,-0.0041666666666666284,0.016666666666666725,-0.0041666666666667551,-0.016666666666666656,0.0041666666666666623,-2.897990656018453e-17,-0.016666666666666705,-0.062500000000000083,0.079166666666666774,-0.016666666666666708,-0.062500000000000028,-0.016666666666666718,-0.0041666666666666857,0.016666666666666698,6.1722163862875169e-19,-0.0041666666666667117,0.0041666666666666657,2.5440649620045281e-17,-0.062500000000000056,0.15833333333333349,-0.03333333333333334,-0.062500000000000069,3.1112887205066496e-17,0.008333333333333302,-0.0083333333333333367,-0.0041666666666667256,-0.016666666666666607,-0.0041666666666666319,-2.3814839931029009e-17,-0.079166666666666788,4.289223343539071e-18,-0.016666666666666684,-0.0041666666666667291,0.016666666666666687,0.058333333333333431,-0.079166666666666732,0.0041666666666666623,0.016666666666666698,2.6384485501891461e-17,0.0041666666666666484,-1.2738194930243488e-17,-0.016666666666666625,-4.3876132001419974e-17,-3.0149655638870931e-17,-0.0041666666666666657,-0.062500000000000056,-4.6590414117991965e-18,0.033333333333333368,5.5873397491136236e-18,-0.033333333333333409,0.0083333333333333107,9.96556023443067e-18,-0.0083333333333333506,0.079166666666666677,-1.1454935164694257e-17,0.0041666666666666579,2.5368664180919482e-17,0.15833333333333346,-0.062500000000000056,-0.062500000000000028,0.0083333333333333488,-0.0041666666666666831,-2.5070935307728499e-17,-0.07916666666666676,-1.1827454781616781e-18,0.016666666666666715,-0.0041666666666666328,-0.016666666666666732,0.0041666666666667152,-0.016666666666666656,-0.016666666666666708,-0.0041666666666666805,0.016666666666666639,-0.016666666666666673,-0.0041666666666666788,-0.058333333333333445,-0.004166666666666677,0.0041666666666666779,-0.016666666666666691,1.3225281656392111e-17,-0.0041666666666666918,-2.6052720551443712e-17,4.3861560971461518e-17,0.016666666666666705,-6.4547014871020272e-18,0.033333333333333375,2.0340618735046212e-17,0.008333333333333328,-2.5050112983861354e-17
e051,0.0041666666666666553,0.016666666666666684,-0.016666666666666639,-0.0041666666666666102,0.0041666666666666579,-0.0041666666666666987,1.4264297551782838e-17,-9.6967694264723929e-18,2.9472017658999274e-17,-1.1365322417671078e-17,0.016666666666666705,-0.01666666666666668,0.0041666666666666441,0.058333333333333397,-0.07916666666666676,0.016666666666666767,0.016666666666666684,-0.0041666666666666883,0.0041666666666666692,-0.016666666666666663,0.0041666666666666848,-4.2777475428518033e-17,-0.0041666666666666623,4.5341951475998272e-17,0.016666666666666684,-0.0041666666666666744,-0.016666666666666621,0.0041666666666667169,-0.01666666666666675,-0.0041666666666666042,0.016666666666666684,0.0041666666666666423,-0.016666666666666666,-0.058333333333333383,0.079166666666666718,-0.004166666666666651,-6.9206124713007827e-18,0.016666666666666687,2.5996299831869691e-17,-0.016666666666666694,0.016666666666666715,-3.7122558762161851e-17,0.079166666666666732,-0.058333333333333362,-0.016666666666666715,1.8808246313932954e-17,0.0041666666666666961,-0.0041666666666667351,-4.6750135989442107e-18,-0.062500000000000028,-0.03333333333333334,0.15833333333333349,-0.062500000000000056,-4.4035467727046987e-17,-0.0083333333333333228,0.0083333333333333315,-0.05833333333333339,0.079166666666666705,0.0041666666666665955,7.3997574982719743e-17,0.016666666666666694,1.3803145701319018e-17,0.016666666666666712,0.0041666666666666441,-0.016666666666666656,0.0041666666666666493,0.01666666666666667,-0.0041666666666666753,-0.079166666666666746,-2.5492249307316768e-17,-0.0041666666666666614,-2.5686373733698692e-17,0.079166666666666705,-0.062500000000000028,2.9053966732134837e-17,0.0041666666666666848,1.0593683083242085e-17,-1.8434218595786373e-17,-0.15833333333333344,0.062500000000000042,0.033333333333333409,-0.0083333333333333228,2.6479713344568241e-17,0.0083333333333333228,-0.016666666666666677,6.8793404554789321e-17,-0.0041666666666666683,-3.7976350382988845e-18,-0.033333333333333347,-0.062500000000000028,-0.062500000000000056,-0.008333333333333387,0.0041666666666666666,-1.5357657166790402e-17,0.016666666666666708,1.6433014512618008e-17,-0.079166666666666732,0.0041666666666667473,0.016666666666666618,-0.0041666666666666432,0.016666666666666722,0.016666666666666653,0.0041666666666666848,-0.079166666666666691,0.016666666666666698,0.0041666666666666874,-0.0041666666666666562,0.0041666666666666779,-0.0041666666666667187,0.016666666666666673,-3.3822184768166927e-17,0.0041666666666666727,3.4221433881868354e-17,-2.1275494687572983e-17,-0.016666666666666715,-0.062500000000000042,-0.033333333333333388,6.9165595022453979e-17,-0.0083333333333334026,-0.062500000000000014
e052,9.045131157795283e-18,0.0041666666666666657,-0.0041666666666667655,3.0204309622134422e-17,0.016666666666666653,-0.016666666666666597,-0.0041666666666667447,0.0041666666666666996,-0.016666666666666701,0.079166666666666718,-0.004166666666666618,-0.058333333333333251,-0.016666666666666625,0.016666666666666628,0.0041666666666667074,-0.0041666666666667082,2.3008681007825397e-17,0.079166666666666718,-0.016666666666666687,-0.062500000000000042,-0.016666666666666649,0.004166666666666684,0.016666666666666646,-0.0041666666666666996,0.05833333333333332,0.016666666666666753,0.0041666666666665651,-0.079166666666666705,0.0041666666666667221,4.1932317451124878e-17,-0.0041666666666666484,-4.9305403125480936e-17,-2.5271475633635899e-17,0.079166666666666746,-0.062500000000000056,-0.01666666666666667,0.016666666666666687,0.0041666666666667126,-0.016666666666666677,-0.0041666666666666961,-0.0041666666666666874,0.079166666666666746,-1.6656107011678796e-18,-0.016666666666666632,3.3942312332322197e-17,-0.0083333333333334061,-2.1180479894219438e-17,8.9730868147677e-17,0.008333333333333335,-0.033333333333333284,-0.062500000000000069,-0.062500000000000056,0.15833333333333341,0.0041666666666667317,6.7327588925338226e-18,-7.7143727389824606e-18,0.079166666666666718,-0.062500000000000069,1.0429542148732408e-17,-0.0083333333333333957,3.9469513686658332e-17,-0.033333333333333347,0.004166666666666677,1.7553812055709977e-17,-0.0041666666666667343,0.016666666666666653,0.0041666666666666788,-0.016666666666666684,0.0041666666666666744,0.0041666666666666788,0.016666666666666705,-0.0041666666666666094,-0.058333333333333411,0.079166666666666718,-0.016666666666666632,0.016666666666666698,-0.016666666666666684,0.0041666666666666831,0.062500000000000056,0.016666666666666625,3.2672253142662205e-17,9.794675211299397e-18,-0.0041666666666667074,1.3278714346725406e-18,-0.0625,-0.0083333333333334061,-9.7342526311794858e-18,0.0083333333333333731,-0.062500000000000042,-0.033333333333333319,0.15833333333333338,5.9118739376966845e-17,-0.016666666666666649,-0.0083333333333333124,2.5563666006025764e-17,-0.03333333333333334,1.1375395513341842e-18,-9.937069984899718e-17,-0.0041666666666665781,-2.1713960483370111e-17,0.0041666666666666657,0.0041666666666667447,0.016666666666666614,0.058333333333333383,-2.8158413311530093e-17,0.016666666666666718,-0.016666666666666635,-4.0187183116726453e-17,0.016666666666666757,0.0041666666666667074,0.0041666666666666822,0.016666666666666722,-0.0041666666666666796,0.016666666666666601,0.0041666666666667013,-0.016666666666666625,-3.2903742683050378e-18,0.0041666666666665877,6.6590166733316016e-17,0.079166666666666718
e053,-0.0041666666666666441,-2.3012647119976719e-17,2.6184192742789907e-17,0.0041666666666665938,0.062500000000000042,0.0625,-0.15833333333333338,0.033333333333333298,-0.008333333333333354,0.0083333333333333974,-7.2250561383529833e-17,7.4434185172881315e-17,4.2791746137525951e-18,-1.6856642537696302e-17,0.01666666666666668,-0.016666666666666625,-0.079166666666666718,0.0041666666666667022,0.058333333333333362,0.01666666666666668,-8.3898332734047922e-18,0.03333333333333334,-1.2010373131198643e-17,-0.033333333333333368,-3.1686596727172606e-17,0.0041666666666666952,1.9885895221082617e-17,-0.00416666666666671,0.016666666666666639,0.0041666666666666206,-0.01666666666666667,-0.0041666666666666302,0.079166666666666718,3.6588712848227397e-17,-0.01666666666666668,-0.062500000000000056,0.0083333333333333644,-2.5069967720524568e-17,-0.0083333333333333367,-1.8474716549987713e-17,1.0344797144040296e-17,0.0083333333333333471,0.016666666666666653,1.6625615904715981e-17,-0.016666666666666646,-0.016666666666666646,-0.058333333333333411,-0.0041666666666666753,0.079166666666666746,-0.0041666666666666952,3.1112887205066496e-17,-4.4035467727046987e-17,0.0041666666666667317,0.15833333333333338,-0.062500000000000056,-0.062500000000000042,7.6405148428644288e-18,-0.016666666666666663,-0.0041666666666666354,-0.016666666666666649,0.016666666666666635,-0.0041666666666666935,0.016666666666666666,0.0041666666666666475,-0.079166666666666732,0.0041666666666666987,-5.6396059538602357e-18,-0.0041666666666667221,0.016666666666666653,-0.016666666666666635,-0.058333333333333355,0.079166666666666677,0.016666666666666653,-0.0041666666666666094,0.0041666666666666753,0.0041666666666666883,-0.0083333333333333402,-0.016666666666666659,3.5003226602618335e-17,-0.0041666666666666475,-1.1659381643745027e-17,-0.062500000000000056,-0.033333333333333354,-0.062500000000000042,0.016666666666666666,-0.01666666666666667,0.004166666666666664,0.016666666666666677,2.4254473403340901e-17,-0.0041666666666666944,0.0041666666666666996,-2.4276145188097989e-18,2.630463624613135e-17,-0.079166666666666718,0.016666666666666649,-0.0041666666666666649,-0.016666666666666642,0.0041666666666666796,-1.9258303668129536e-17,-0.0041666666666666302,9.6399737987962528e-18,0.079166666666666718,-0.062500000000000056,-0.016666666666666653,0.016666666666666653,0.004166666666666697,-0.0041666666666667004,-0.05833333333333339,0.0041666666666667048,0.016666666666666666,-0.016666666666666659,0.0041666666666667169,0.016666666666666628,-0.0041666666666666761,0.016666666666666684,0.0041666666666666441,4.3318085080321756e-17,-0.079166666666666677,-1.0921920026421526e-17,-0.0041666666666666232
e054,-0.016666666666666639,-0.0041666666666667213,0.0041666666666666866,0.016666666666666698,-0.079166666666666732,0.01666666666666668,0.062500000000000056,-4.7022588979502175e-17,-2.3694788358617025e-17,-1.1090678984905017e-17,-0.0041666666666666649,0.0041666666666665911,-0.016666666666666649,0.016666666666666642,0.0041666666666666467,-0.0041666666666667247,0.058333333333333362,0.016666666666666687,-0.079166666666666732,0.0041666666666666336,-0.079166666666666705,0.062499999999999958,0.016666666666666659,1.0900215963224797e-16,-0.0041666666666666458,0.016666666666666656,0.0041666666666666519,-0.016666666666666712,0.0041666666666667143,0.016666666666666642,-0.0041666666666666623,-0.016666666666666656,-0.058333333333333369,-0.016666666666666694,-0.004166666666666618,0.079166666666666691,-1.8805936802814749e-17,-0.0041666666666666666,-1.2048040932097306e-18,0.0041666666666666761,-0.004166666666666664,1.9547174294864673e-17,-0.004166666666666703,-0.016666666666666691,-0.058333333333333341,-1.9655176399467434e-17,-0.01666666666666668,0.016666666666666739,-2.2145162257025078e-17,-1.5083635154099585e-17,0.008333333333333302,-0.0083333333333333228,6.7327588925338226e-18,-0.062500000000000056,0.15833333333333341,-0.033333333333333312,-0.016666666666666677,-0.0041666666666666163,-0.016666666666666632,-5.0211060351327894e-17,-0.0041666666666666918,-3.2911582064702744e-17,-0.0041666666666666709,-0.016666666666666666,0.0041666666666666952,-0.016666666666666666,-0.0041666666666666449,0.016666666666666701,0.004166666666666664,5.2275921896091973e-18,0.079166666666666718,-0.062500000000000056,-0.0041666666666666709,-1.9561519403092377e-17,-1.780125567240247e-17,-0.079166666666666663,-2.2498000588269633e-18,-0.062499999999999993,0.0083333333333333228,3.0497132103430078e-17,-0.0083333333333333488,0.15833333333333341,-0.062500000000000014,-0.033333333333333298,0.0041666666666666354,-3.0261740377594613e-17,0.016666666666666659,-5.12223614678287e-18,0.0083333333333332968,-3.1088208506573566e-17,2.3158421805689215e-17,0.033333333333333381,-0.07916666666666676,2.9554530643351566e-17,-0.0041666666666666735,-5.4752450341885918e-17,0.0041666666666666779,-0.016666666666666729,-0.0041666666666666475,0.016666666666666691,-0.0041666666666666952,-0.0041666666666666944,-0.016666666666666656,0.004166666666666677,0.058333333333333348,-0.079166666666666649,0.016666666666666659,-0.01666666666666667,0.01666666666666668,-0.00416666666666669,-0.062500000000000014,-0.016666666666666684,-2.6357923556277057e-17,3.4004272652661021e-17,0.0041666666666666519,-3.9170749483314113e-17,0.0083333333333333315,0.062500000000000028,0.033333333333333354,-1.3022302511350015e-17
e055,0.016666666666666628,0.0041666666666667438,-0.0041666666666667568,-0.016666666666666607,0.016666666666666701,-0.079166666666666691,0.062500000000000097,8.7019633179055768e-17,-3.007329805861214e-17,-2.8497078107126412e-17,0.0041666666666667065,-0.004166666666666605,0.079166666666666705,-0.016666666666666687,-0.0041666666666666683,-0.058333333333333376,0.0041666666666666709,-0.016666666666666718,0.01666666666666668,-0.0041666666666666805,0.016666666666666663,0.062500000000000069,-0.079166666666666718,2.8225050272073087e-17,0.0041666666666666406,-0.01666666666666667,-0.0041666666666666796,0.016666666666666705,0.058333333333333397,-0.079166666666666691,0.0041666666666666727,0.016666666666666621,-0.0041666666666666831,0.016666666666666712,0.0041666666666666363,-0.01666666666666667,3.6144830224530965e-17,0.00416666666666671,-2.8923405693477028e-17,-0.0041666666666666996,0.0041666666666666562,6.1758587704616276e-18,0.0041666666666666788,0.016666666666666663,-0.0041666666666666735,-3.0715853340136289e-17,0.07916666666666676,-0.016666666666666684,-0.062500000000000042,4.7298625069900029e-17,-0.0083333333333333367,0.0083333333333333315,-7.7143727389824606e-18,-0.062500000000000042,-0.033333333333333312,0.15833333333333349,0.016666666666666705,0.0041666666666666293,0.079166666666666677,-0.062500000000000083,0.0041666666666666753,3.0755872298932116e-17,0.0041666666666666744,0.016666666666666729,0.058333333333333362,0.016666666666666635,0.00416666666666669,-0.016666666666666666,-0.0041666666666666336,1.8286894588326436e-17,-0.016666666666666698,1.6039122865122608e-17,0.0041666666666666423,-6.5906848428871021e-18,-1.1025872286885533e-17,0.016666666666666632,-3.1750865736370029e-17,-3.8858023613663243e-17,-0.0083333333333333072,-5.034674016073639e-17,0.008333333333333354,-0.033333333333333284,-0.062500000000000097,0.15833333333333346,-0.0041666666666666484,-0.062500000000000056,-0.016666666666666663,1.9987782484920352e-17,-0.0083333333333333402,2.3423101002277282e-17,3.6155399634910607e-18,-0.033333333333333361,0.016666666666666642,0.062500000000000042,0.004166666666666677,1.734590293783462e-17,-0.004166666666666697,0.016666666666666694,0.0041666666666666779,-0.01666666666666675,0.0041666666666666666,-0.058333333333333369,0.079166666666666732,-0.0041666666666666423,0.0041666666666666692,0.016666666666666621,-0.016666666666666635,0.079166666666666746,-0.01666666666666668,0.0041666666666666657,-1.9466133228169175e-17,0.01666666666666667,-9.5450020529968776e-18,3.18547906726714e-18,-0.0041666666666667065,4.3407846256829162e-17,-0.0083333333333333644,-1.9163645291685534e-18,-0.033333333333333347,-6.2981791057665732e-18
e056,6.1729763365638633e-18,0.0083333333333333749,-0.0083333333333334408,4.4371000615872638e-17,0.033333333333333298,-0.033333333333333243,-4.5833222130497783e-17,-2.2030087956126047e-17,7.9288714405038073e-18,9.1972160556563391e-18,-0.0041666666666667265,0.0041666666666666484,-0.016666666666666583,0.016666666666666625,-0.0041666666666667421,0.0041666666666666649,0.062500000000000014,-0.079166666666666663,0.016666666666666743,-8.7997767381813804e-17,-0.01666666666666667,1.1013809200673556e-16,0.016666666666666607,5.8499151211729273e-18,-0.0041666666666666571,-0.016666666666666705,-0.058333333333333348,0.079166666666666691,-0.0041666666666666493,-2.4652394458437264e-17,0.0041666666666667429,-4.8812999171838711e-17,-0.062500000000000014,0.15833333333333338,-0.062500000000000097,-0.033333333333333326,-3.308236184216751e-17,0.0083333333333333957,-2.0712408628842594e-17,-0.0083333333333333332,-0.0041666666666666961,4.7134961754920272e-17,0.00416666666666669,-0.01666666666666667,-0.0041666666666666796,-0.0041666666666666709,0.016666666666666666,-0.016666666666666635,0.0041666666666666631,-0.016666666666666621,-0.0041666666666667256,-0.05833333333333339,0.079166666666666718,7.6405148428644288e-18,-0.016666666666666677,0.016666666666666705,0.15833333333333338,-0.062500000000000069,6.9260994326205215e-17,-0.004166666666666736,0.0041666666666666441,-0.016666666666666594,-2.8653234720061403e-17,0.079166666666666677,-0.062500000000000028,-9.3997182432334147e-18,0.0083333333333333506,5.0713427377516508e-17,-0.0041666666666667247,0.0041666666666667213,-0.016666666666666729,-0.0041666666666666397,-0.062500000000000125,0.079166666666666677,-0.016666666666666649,-6.9350275942130251e-17,-1.9074940313267034e-17,0.0041666666666666649,0.058333333333333383,0.016666666666666632,0.0041666666666666961,-0.016666666666666677,-4.1669109638663705e-17,0.016666666666666712,-7.1517894360034136e-17,-0.0041666666666667533,-2.5552962628742309e-18,0.0041666666666666735,-0.0041666666666667004,-0.016666666666666639,0.079166666666666746,-0.016666666666666618,-0.016666666666666666,-0.0041666666666666545,0.0041666666666666033,-0.01666666666666659,-0.0041666666666666952,0.016666666666666632,0.058333333333333355,-0.079166666666666718,0.0083333333333333644,0.062500000000000028,0.033333333333333277,0.062500000000000097,0.0041666666666666952,-8.8731934364701678e-17,2.0383655355878924e-17,0.016666666666666642,-0.016666666666666642,-3.7416172554723877e-17,0.0041666666666666761,-1.5840316948423494e-17,-0.0041666666666667273,0.016666666666666618,-0.0041666666666667178,-0.016666666666666625,-0.0041666666666666918,0.0041666666666666258,-0.016666666666666632,0.079166666666666718
e057,0.0083333333333332968,3.4945139342473373e-17,1.1695011925542465e-16,-0.0083333333333332985,0.062500000000000083,-1.1546669816475636e-17,0.01666666666666668,-0.079166666666666691,0.0041666666666666961,-0.0041666666666666293,0.016666666666666715,-0.016666666666666691,0.0041666666666666215,-0.004166666666666651,-1.4684822290439267e-17,4.534795243408047e-17,0.033333333333333347,-2.5290942469287956e-17,-4.7210901393648494e-17,-0.033333333333333291,-0.058333333333333404,-0.016666666666666705,-0.0041666666666666146,0.079166666666666718,0.016666666666666663,-1.0607486484667522e-16,-0.016666666666666639,-1.9811867906109028e-17,-2.9393761666943423e-17,-0.0083333333333333124,-5.3611768945720359e-17,0.008333333333333335,-0.033333333333333333,-0.062500000000000056,0.15833333333333346,-0.062500000000000028,-0.0041666666666666597,-3.0441731778814816e-17,0.0041666666666666415,2.0365010633476684e-17,0.016666666666666659,-0.0041666666666666935,-0.079166666666666705,0.0041666666666666484,0.016666666666666611,-1.9630480604770362e-17,-0.004166666666666677,0.0041666666666665807,3.8722577601029726e-17,-4.9955949094548662e-17,-0.016666666666666607,0.079166666666666705,-0.062500000000000069,-0.016666666666666663,-0.0041666666666666163,0.0041666666666666293,-0.062500000000000069,0.15833333333333346,0.0083333333333332656,4.3961606801966817e-17,-0.016666666666666701,-0.062500000000000056,0.016666666666666691,-0.0041666666666666449,-0.01666666666666668,0.0041666666666666657,-3.1299033743980141e-17,-0.0041666666666666952,1.7521455176246927e-17,0.016666666666666614,2.397613723925843e-17,-0.016666666666666729,0.079166666666666746,-0.05833333333333339,-0.0041666666666666631,0.0041666666666666571,0.0041666666666666562,0.016666666666666604,-0.079166666666666705,0.0041666666666666692,0.016666666666666649,-0.004166666666666631,0.016666666666666663,0.0041666666666666258,-0.033333333333333305,6.3910926775700105e-17,-0.0083333333333333124,2.9640195396727789e-17,-0.016666666666666632,-4.4453882734206144e-17,-0.062500000000000069,-0.0041666666666667204,-0.05833333333333339,-4.1508665586291768e-17,-0.01666666666666667,-0.062500000000000056,0.079166666666666691,-0.0041666666666665842,0.016666666666666653,0.0041666666666666493,4.7092603002662266e-17,0.016666666666666691,-2.217224830223559e-18,-0.079166666666666746,-0.016666666666666628,0.0041666666666666735,-0.004166666666666684,-0.0041666666666666545,-5.158016314133101e-17,0.016666666666666684,0.016666666666666621,0.004166666666666677,-0.016666666666666632,0.0041666666666666718,2.1107595546622072e-17,-0.004166666666666664,-0.016666666666666663,0.016666666666666736,-0.004166666666666716,-0.058333333333333397
e058,0.033333333333333243,3.4809195806419996e-17,-5.0609922628661623e-17,-0.033333333333333243,-1.2105390198696192e-17,3.4613541950220106e-17,0.0041666666666666137,-0.0041666666666666449,0.016666666666666632,-0.016666666666666732,0.0041666666666666857,-0.0041666666666665764,0.079166666666666677,-0.016666666666666705,1.0587969304914816e-17,-0.062500000000000083,0.0083333333333333436,-6.3222270908120877e-17,-3.3797424374200049e-17,-0.0083333333333332378,0.016666666666666653,0.058333333333333362,-0.079166666666666718,0.0041666666666666649,0.0041666666666665686,-1.8022014769675017e-17,-0.0041666666666666909,6.9293803074039702e-17,0.062500000000000097,-0.15833333333333338,0.062500000000000028,0.033333333333333277,-0.0083333333333333402,8.0536696920054461e-17,0.0083333333333332517,-4.1579853621604565e-18,-0.016666666666666625,5.1043832146705211e-17,0.016666666666666653,-5.3348730685505213e-17,0.0041666666666666519,-0.016666666666666722,-0.0041666666666666675,0.016666666666666649,0.0041666666666666866,0.062500000000000014,-0.079166666666666705,0.016666666666666722,-1.5503552797446199e-17,4.4803650984749358e-17,-0.0041666666666666319,0.0041666666666665955,1.0429542148732408e-17,-0.0041666666666666354,-0.016666666666666632,0.079166666666666677,6.9260994326205215e-17,0.0083333333333332656,0.15833333333333341,-0.062500000000000056,-0.0041666666666666085,-2.5053461046045351e-17,-0.058333333333333355,-0.016666666666666659,-0.0041666666666666961,0.016666666666666597,6.5708292478265882e-17,-0.01666666666666667,2.424880235370748e-17,0.0041666666666666614,1.775191816856275e-17,-0.004166666666666651,0.0041666666666665981,0.016666666666666698,-0.079166666666666663,0.016666666666666659,0.016666666666666659,0.0041666666666666215,-0.0041666666666665911,0.016666666666666614,0.0041666666666666996,-0.016666666666666653,-0.058333333333333418,0.079166666666666705,-0.0083333333333332586,-0.062500000000000028,-0.033333333333333319,-0.062500000000000028,-0.0041666666666666467,2.6806466544113455e-17,2.5391532129032369e-17,-0.016666666666666621,0.016666666666666621,1.5936547719292237e-17,-0.0041666666666666111,-2.8088998479955378e-17,0.0041666666666666666,-0.016666666666666705,0.0041666666666667256,0.016666666666666642,-4.5285482285970553e-17,0.0041666666666666892,-1.2279091521543406e-17,-0.0041666666666665859,-0.0041666666666666848,0.016666666666666666,-0.016666666666666625,-0.079166666666666677,5.3963064608078399e-17,-0.058333333333333362,0.0041666666666666206,0.016666666666666698,-0.0041666666666666675,0.079166666666666705,-0.062500000000000056,-0.016666666666666614,-0.0041666666666667039,0.004166666666666651,-0.016666666666666614,0.016666666666666722
e059,0.062499999999999958,-0.079166666666666802,0.016666666666666694,-7.0756265212256015e-17,-0.0041666666666666822,0.0041666666666665747,0.016666666666666628,-0.016666666666666701,0.0041666666666667117,-0.0041666666666667056,0.016666666666666722,-0.016666666666666663,-0.058333333333333369,-0.0041666666666666319,-0.016666666666666739,0.079166666666666746,-3.1713269985050073e-17,-0.0041666666666666519,0.0041666666666666866,2.673520849479564e-17,0.0041666666666667143,-0.07916666666666676,0.058333333333333383,0.016666666666666625,0.016666666666666705,-0.004166666666666664,-0.016666666666666642,0.0041666666666666536,-0.079166666666666788,0.062500000000000042,0.016666666666666684,5.5266996594581396e-17,1.7884779243682269e-17,-0.0041666666666667585,4.9885247768545676e-17,0.0041666666666666822,-0.0041666666666667048,-0.01666666666666667,0.0041666666666667013,0.016666666666666646,0.016666666666666691,-0.0041666666666666883,2.7606422699351009e-17,0.0041666666666666692,-2.5930588360733134e-17,0.03333333333333334,9.5666716170766151e-18,-2.5656858634675573e-17,-0.033333333333333319,0.0083333333333333159,-2.3814839931029009e-17,7.3997574982719743e-17,-0.0083333333333333957,-0.016666666666666649,-5.0211060351327894e-17,-0.062500000000000083,-0.004166666666666736,4.3961606801966817e-17,-0.062500000000000056,0.15833333333333344,5.1777145433137272e-17,0.0083333333333333454,-0.016666666666666663,-3.2181781703906435e-17,0.016666666666666684,-0.0041666666666666423,-0.016666666666666653,-0.058333333333333313,-0.016666666666666687,-0.016666666666666698,-0.0041666666666666753,0.016666666666666705,-0.016666666666666597,-0.0041666666666667108,0.0041666666666666779,-0.004166666666666631,0.0041666666666666987,-0.079166666666666649,-8.366179676670882e-17,-0.0041666666666666545,3.1293175289979316e-17,-6.2452718816058855e-17,0.079166666666666788,-0.062500000000000069,5.918526783073955e-18,0.15833333333333344,-0.062500000000000042,-0.033333333333333347,-2.8845304857603153e-17,0.0083333333333333558,-0.0083333333333333905,-0.0625,0.0041666666666667447,0.033333333333333333,5.1678551300243961e-17,0.0083333333333333471,-3.1026572584857968e-17,1.5620577314750613e-17,0.016666666666666656,2.0955376176503842e-17,-0.079166666666666677,-0.016666666666666684,-0.0041666666666666796,0.016666666666666601,2.5533880291573924e-17,-0.004166666666666638,0.0041666666666666519,-5.9718940670446663e-18,-0.0041666666666666961,-0.016666666666666642,-0.079166666666666677,0.058333333333333272,0.016666666666666715,-0.0041666666666666831,-0.01666666666666668,0.0041666666666666614,-3.7364707455898141e-17,-0.016666666666666691,-0.0625,-0.0041666666666667039
e060,-0.0041666666666666415,0.016666666666666625,-0.016666666666666743,0.004166666666666697,0.0041666666666666666,-0.0041666666666667022,-0.016666666666666708,0.01666666666666667,-0.0041666666666666579,0.0041666666666666614,-1.0002273718866929e-17,6.6548161963617937e-18,4.1818989808062004e-18,8.6597685276424811e-18,-0.016666666666666684,0.016666666666666767,-0.016666666666666673,-0.0041666666666666441,-0.058333333333333313,0.079166666666666663,1.4743298383334614e-18,0.016666666666666701,1.2915335282326919e-17,-0.016666666666666687,3.0715210686083259e-17,-0.0041666666666668409,-2.3124389200205675e-17,0.0041666666666665981,-0.016666666666666708,0.0041666666666666753,0.016666666666666788,-0.0041666666666666883,0.01666666666666667,0.004166666666666664,-0.016666666666666694,-0.0041666666666666545,0.0041666666666666822,0.016666666666666687,0.058333333333333376,-0.079166666666666705,5.5299857126898289e-17,0.0041666666666666718,0.033333333333333402,7.266262921086297e-19,-0.03333333333333334,6.9334759324488635e-17,0.0083333333333333141,-0.0083333333333333835,-1.7509143868251458e-17,0.062500000000000028,-0.079166666666666788,0.016666666666666694,3.9469513686658332e-17,0.016666666666666635,-0.0041666666666666918,0.0041666666666666753,0.0041666666666666441,-0.016666666666666701,-0.0041666666666666085,5.1777145433137272e-17,0.15833333333333344,-0.062500000000000014,-1.6563515262611851e-17,0.0083333333333333523,3.2236170518741848e-17,-0.062500000000000042,0.079166666666666677,3.5018558671138303e-18,-0.016666666666666673,-0.079166666666666732,0.058333333333333355,0.016666666666666653,2.8878027261478006e-17,-0.0041666666666666605,0.0041666666666666137,0.062500000000000014,0.058333333333333348,-0.016666666666666694,-0.016666666666666712,-0.0041666666666666605,0.016666666666666708,-0.0041666666666666952,-0.016666666666666642,0.0041666666666666961,0.079166666666666691,3.4429910673369201e-17,0.004166666666666664,-7.4193513057270473e-17,-0.07916666666666676,0.062500000000000014,1.4749704153988834e-17,-0.0041666666666667369,3.4434075881892793e-17,3.3768600443200025e-17,0.15833333333333338,-0.0625,-0.033333333333333395,0.0083333333333333471,-2.5010367258033755e-17,-0.0083333333333333003,0.016666666666666628,-2.1827829662881005e-17,0.004166666666666697,-2.934844420494406e-17,0.03333333333333334,0.062500000000000014,0.062500000000000069,0.0083333333333333141,-0.0041666666666667091,-3.2029082248515715e-17,-0.01666666666666668,2.0490384200786669e-17,0.079166666666666718,-0.0041666666666666163,-0.016666666666666764,0.0041666666666666814,-0.01666666666666668,-0.01666666666666667,-0.0041666666666667126,-0.0041666666666666527
e061,-1.0729334351613391e-17,-0.0041666666666666892,0.0041666666666666866,-1.0900519306987717e-18,-0.079166666666666732,0.016666666666666604,0.0041666666666667039,0.058333333333333313,0.016666666666666646,-0.016666666666666732,0.0041666666666666319,-0.0041666666666666753,0.016666666666666656,-0.016666666666666639,-0.0041666666666666701,0.004166666666666625,-3.7757528969895563e-18,-0.016666666666666708,0.079166666666666746,-0.062500000000000028,0.079166666666666732,-0.0041666666666667213,-0.01666666666666667,-0.058333333333333376,0.0041666666666666605,-0.016666666666666489,-0.0041666666666667039,0.016666666666666739,-0.0041666666666666874,1.1112847408954601e-17,0.0041666666666666952,-3.4155411712960858e-18,1.2796262658008905e-18,-0.016666666666666621,-0.062500000000000042,0.079166666666666677,-0.016666666666666659,-0.0041666666666666423,0.01666666666666667,0.0041666666666666562,0.0041666666666666944,-0.016666666666666715,0.062500000000000042,0.01666666666666667,1.6032111266586683e-17,0.0083333333333333783,7.563206500967112e-17,3.0505627430283499e-17,-0.0083333333333333939,0.033333333333333312,4.289223343539071e-18,1.3803145701319018e-17,-0.033333333333333347,-0.0041666666666666935,-3.2911582064702744e-17,3.0755872298932116e-17,-0.016666666666666594,-0.062500000000000056,-2.5053461046045351e-17,0.0083333333333333454,-0.062500000000000014,0.15833333333333338,-0.004166666666666684,6.2085662024078476e-18,0.0041666666666666761,-0.016666666666666653,-0.0041666666666666475,0.016666666666666691,-0.0041666666666667004,0.058333333333333383,-0.079166666666666718,0.0041666666666667282,-0.0041666666666667056,-0.016666666666666635,0.016666666666666677,-0.079166666666666663,0.016666666666666659,-0.0041666666666666024,1.110788256536682e-18,-0.01666666666666667,3.6712246587272777e-17,-2.7919328802325412e-17,0.0041666666666666874,1.3742219744812751e-17,-0.062500000000000042,0.0083333333333333436,-1.2643006685121296e-18,-0.0083333333333333783,2.6856334988556637e-17,0.033333333333333354,-0.033333333333333375,4.1918701521547437e-17,0.079166666666666718,0.008333333333333354,-0.0625,0.15833333333333341,-0.062500000000000028,-9.1708726435411918e-18,0.0041666666666666918,-3.1256098021295003e-17,-0.004166666666666697,-0.0041666666666667004,-0.016666666666666628,0.0041666666666667143,-1.0965312336070956e-17,-0.079166666666666677,0.016666666666666642,3.5458682067375174e-17,-0.016666666666666656,-0.0041666666666666761,-0.0041666666666666493,-0.016666666666666715,-0.058333333333333355,-0.01666666666666668,-0.0041666666666666996,0.01666666666666667,-5.232475787106404e-17,-0.0041666666666667082,2.7522840638712358e-17,-0.016666666666666649
e062,0.0041666666666666484,2.7074499053228576e-19,2.9837705894571393e-17,-0.004166666666666651,-1.3446189774347178e-17,-5.8821598476308803e-18,-0.016666666666666632,0.016666666666666694,-0.0041666666666667082,-0.058333333333333258,0.07916666666666658,-0.016666666666666691,0.0041666666666666848,-0.0041666666666666293,0.016666666666666687,-0.016666666666666656,0.016666666666666653,0.0041666666666667056,-0.0041666666666667126,-0.016666666666666698,0.0041666666666666441,0.01666666666666675,-0.0041666666666666605,-0.016666666666666656,0.016666666666666712,0.0041666666666667247,-0.016666666666666653,-0.0041666666666667195,0.016666666666666663,0.058333333333333327,-0.079166666666666705,0.0041666666666666701,-0.016666666666666673,-2.9520596458049806e-17,0.016666666666666715,9.0609015276776772e-18,0.0041666666666666857,-1.4771116064954078e-17,-0.0041666666666666735,7.6146245941819639e-18,0.079166666666666705,-0.058333333333333293,-5.0035443386634575e-18,0.0041666666666666553,-2.640824526645143e-17,-0.079166666666666663,0.062500000000000014,-3.5218870653140316e-17,0.016666666666666694,-0.0041666666666666918,-0.016666666666666684,0.016666666666666712,0.004166666666666677,0.016666666666666666,-0.0041666666666666709,0.0041666666666666744,-2.8653234720061403e-17,0.016666666666666691,-0.058333333333333355,-0.016666666666666663,-1.6563515262611851e-17,-0.004166666666666684,0.15833333333333335,-0.062499999999999986,-0.033333333333333305,0.0083333333333333367,-3.4117637159555755e-17,-0.0083333333333333367,0.01666666666666667,-2.1660917835121311e-18,0.0041666666666667013,-1.1860114786266884e-17,0.033333333333333368,0.062499999999999979,0.062499999999999986,0.0083333333333333575,-0.0041666666666666892,8.9351886054096143e-18,-0.016666666666666705,-3.7932910320985271e-18,0.079166666666666635,-0.0041666666666666727,-0.016666666666666677,0.0041666666666666571,-0.016666666666666656,-0.016666666666666673,-0.0041666666666666649,0.079166666666666691,-0.016666666666666673,-0.004166666666666703,0.0041666666666666475,-0.0041666666666666605,0.0041666666666666605,-0.01666666666666668,-2.2859528598890164e-17,-0.0041666666666666926,-5.726236801011842e-18,2.6947053628024354e-17,0.016666666666666649,0.062499999999999986,-2.0240107301793865e-17,0.033333333333333333,1.0058248395665669e-17,-0.033333333333333388,1.9661952018677562e-17,0.0083333333333333332,-0.0083333333333333454,0.062500000000000028,0.0041666666666666675,0.15833333333333333,-1.3697235438630779e-17,0.0083333333333333332,1.6686760158955501e-17,-0.062500000000000028,0.079166666666666691,5.5280145080753341e-18,-0.079166666666666677,1.0543790707559501e-17,-0.0041666666666666978,0.062499999999999951
e063,-0.016666666666666625,0.0041666666666666909,-0.0041666666666666952,0.016666666666666687,0.016666666666666736,-0.016666666666666666,-0.0041666666666666579,0.0041666666666666761,-0.016666666666666656,0.079166666666666663,-0.0625,4.2022881355150828e-17,4.1693713980609942e-17,-6.1556393816353905e-17,-0.0041666666666666666,0.0041666666666666788,0.058333333333333348,-0.079166666666666705,0.016666666666666743,0.0041666666666666076,-8.211558919074222e-18,0.0041666666666667265,-2.9195040140277629e-17,-0.0041666666666666571,2.4992952447152949e-17,-0.016666666666666736,-0.062500000000000042,0.079166666666666705,-0.0041666666666666718,0.016666666666666712,0.0041666666666666761,-0.016666666666666691,-0.058333333333333348,0.079166666666666677,-0.0041666666666666701,-0.016666666666666687,0.016666666666666653,0.0041666666666666666,-0.016666666666666649,-0.0041666666666666718,-0.062500000000000014,0.079166666666666705,0.0083333333333333159,5.1717885851333867e-17,-0.0083333333333333523,-2.1735938184583044e-17,0.033333333333333416,-0.03333333333333334,-2.0654624133676081e-17,6.8708003649501821e-17,-0.0041666666666667291,0.0041666666666666441,1.7553812055709977e-17,0.0041666666666666475,-0.016666666666666666,0.016666666666666729,0.079166666666666677,-0.0041666666666666449,-0.016666666666666659,-3.2181781703906435e-17,0.0083333333333333523,6.2085662024078476e-18,-0.062499999999999986,0.15833333333333338,-0.062500000000000042,-1.6456221718231594e-18,0.0041666666666666727,1.3649873959945295e-17,-0.004166666666666664,-0.0041666666666666614,-0.016666666666666715,0.0041666666666667004,1.9804055310295383e-17,-0.079166666666666732,0.016666666666666694,-2.6412280836622553e-17,-0.016666666666666659,-0.0041666666666666944,-0.0041666666666666605,-0.016666666666666694,-0.058333333333333313,-0.016666666666666653,-0.0041666666666666987,0.016666666666666736,0.0041666666666666042,-3.3482824310889041e-17,0.016666666666666673,2.8316605527844653e-17,-0.0041666666666667074,7.0364655764979089e-17,3.2082121167015736e-17,-0.016666666666666673,-1.6017814560969856e-17,2.1268726809068571e-17,0.0083333333333333211,2.2483738332390018e-17,-0.0083333333333333211,0.033333333333333347,0.062500000000000028,-0.15833333333333338,0.0041666666666667065,0.062500000000000014,0.016666666666666673,-8.2091618360502888e-18,0.0083333333333333575,-3.1002348589160488e-17,1.849586129694805e-17,0.033333333333333368,-0.016666666666666673,-0.0625,-0.0041666666666666649,-1.5553677989060621e-18,0.0041666666666666683,-0.016666666666666705,-0.0041666666666666623,0.016666666666666684,0.058333333333333341,-0.0041666666666666996,-0.016666666666666659,-0.079166666666666691
e064,-0.0041666666666666397,9.089596895918852e-18,-2.7044675793113464e-17,0.0041666666666666085,-2.1095499416902402e-17,-0.062500000000000056,0.079166666666666788,-0.016666666666666614,0.004166666666666697,-0.0041666666666667438,-0.016666666666666566,0.016666666666666653,-0.0041666666666667143,0.0041666666666666935,-0.016666666666666646,0.016666666666666677,-0.079166666666666663,0.058333333333333307,0.0041666666666666094,0.016666666666666722,-0.0041666666666666458,-0.016666666666666736,0.0041666666666667152,0.01666666666666667,-0.016666666666666712,-0.0041666666666665911,0.079166666666666705,-0.058333333333333341,-0.01666666666666667,0.0041666666666666657,0.016666666666666618,-0.0041666666666666432,0.079166666666666649,-0.062500000000000014,-0.016666666666666663,3.9325921392425709e-17,-0.0041666666666666675,-1.4320898236773809e-19,0.0041666666666666996,-3.6331709675072517e-17,-0.016666666666666684,-0.0041666666666667481,-9.8263967075717479e-18,-0.0041666666666666579,6.7111262168757255e-18,0.016666666666666646,0.062500000000000042,7.9791052363352608e-18,-0.079166666666666718,0.0041666666666666952,0.016666666666666687,-0.016666666666666656,-0.0041666666666667343,-0.079166666666666732,0.0041666666666666952,0.058333333333333362,-0.062500000000000028,-0.01666666666666668,-0.0041666666666666961,0.016666666666666684,3.2236170518741848e-17,0.0041666666666666761,-0.033333333333333305,-0.062500000000000042,0.15833333333333344,-0.0083333333333333506,3.3745449938874138e-17,0.0083333333333333176,-0.016666666666666611,-2.2508829301235983e-17,-0.0041666666666666302,-6.606612621983128e-18,-0.033333333333333319,4.2994411017431804e-17,-3.4133943936322417e-17,-0.0083333333333333159,0.0041666666666667126,8.242705565997425e-18,0.016666666666666691,1.7381437443354951e-17,-0.016666666666666677,0.0041666666666667022,0.01666666666666668,0.058333333333333348,0.016666666666666732,0.016666666666666691,0.0041666666666666545,-0.016666666666666663,0.016666666666666663,0.0041666666666666996,-0.0041666666666667221,0.0041666666666666328,-0.004166666666666651,0.079166666666666691,6.1127127814666181e-17,0.0041666666666666562,5.850884875399993e-19,-1.5943109066034656e-17,-0.079166666666666663,0.062500000000000042,1.7583706056069728e-17,-0.15833333333333344,0.062500000000000056,0.033333333333333305,-1.7978916071841554e-17,-0.0083333333333333107,0.0083333333333333506,0.062500000000000028,-0.0041666666666666753,-0.033333333333333298,1.5508964953837302e-17,-0.0083333333333333436,1.6705317077624181e-17,4.2673551345052945e-17,-0.016666666666666653,-1.5646713967378144e-17,0.01666666666666667,2.102044031441163e-17,0.004166666666666664,3.1399382325999474e-17
e065,0.016666666666666653,0.062500000000000139,-2.0662364066526582e-17,-0.079166666666666718,4.4034407752566144e-17,2.6458903752811549e-17,-0.0041666666666667013,0.0041666666666667152,-0.01666666666666659,0.016666666666666701,0.0041666666666667082,-0.004166666666666612,0.016666666666666673,-0.079166666666666677,0.0041666666666666805,0.058333333333333383,0.0041666666666666449,0.016666666666666673,-0.016666666666666708,-0.0041666666666666094,0.016666666666666708,0.0041666666666666224,-0.016666666666666673,-0.004166666666666677,0.0041666666666667152,0.016666666666666701,-0.0041666666666666683,-0.016666666666666635,-0.058333333333333397,-0.016666666666666635,-0.0041666666666667499,0.079166666666666705,-0.0041666666666666571,-1.4170207802169633e-17,0.0041666666666666545,1.0567065370992022e-17,0.016666666666666611,-4.1522731138373107e-19,-0.079166666666666732,0.062500000000000097,0.0041666666666666241,0.016666666666666715,6.1642873626541283e-18,0.079166666666666663,-0.062500000000000014,-0.0041666666666667247,1.8119456466295135e-17,4.7356025317629656e-17,0.0041666666666666562,-0.079166666666666705,0.058333333333333431,0.0041666666666666493,0.016666666666666653,0.0041666666666666987,-0.016666666666666666,0.016666666666666635,-9.3997182432334147e-18,0.0041666666666666657,0.016666666666666597,-0.0041666666666666423,-0.062500000000000042,-0.016666666666666653,0.0083333333333333367,-1.6456221718231594e-18,-0.0083333333333333506,0.15833333333333346,-0.062500000000000111,-0.033333333333333312,0.0041666666666666796,-6.9533736954470622e-17,0.016666666666666687,5.7503613409792506e-17,0.0083333333333333263,-4.1646431269505151e-17,5.3858429670790491e-17,0.033333333333333361,-0.079166666666666732,-3.4249421500664067e-17,-0.0041666666666666441,-1.5550736630279121e-17,0.0041666666666666302,-0.016666666666666677,-0.0041666666666666441,0.016666666666666639,-0.0041666666666666293,-0.0041666666666666293,-0.016666666666666649,0.0041666666666667386,0.058333333333333424,-0.079166666666666705,0.016666666666666666,-0.016666666666666618,0.016666666666666694,-0.0041666666666666371,-0.062500000000000028,-0.016666666666666666,-1.6311718552326343e-17,-2.3396033736690143e-17,0.0041666666666667082,-2.2379596825663509e-17,0.062500000000000083,0.0083333333333333419,-3.2399981085636058e-17,-0.0083333333333333245,0.062500000000000014,0.033333333333333368,-0.15833333333333346,1.7643459227589675e-17,0.016666666666666673,0.0083333333333333471,6.8118564212333761e-18,0.033333333333333277,8.4624428905884621e-17,-4.6224945231700434e-17,0.0041666666666667126,1.3816013154302314e-17,-0.0041666666666666319,-5.4210443384605007e-17,-0.016666666666666628,-4.1065988713279846e-17
e066,1.6637673228074351e-17,0.03333333333333325,-0.033333333333333312,7.1138621828656207e-17,0.0083333333333333297,-0.0083333333333333454,-1.2410606961833867e-17,-2.1818896233584813e-17,-0.062499999999999993,-3.3675528729324551e-17,-0.016666666666666642,0.079166666666666649,-0.0041666666666666519,0.0041666666666666848,-0.016666666666666614,0.016666666666666708,-2.4531951886702642e-17,-0.0041666666666666935,0.0041666666666667395,-2.2452403027853057e-17,-0.0041666666666667551,8.6281089688830569e-17,0.0041666666666666892,2.7408421935136209e-17,-0.079166666666666677,0.058333333333333376,0.016666666666666597,0.0041666666666666293,-0.016666666666666646,-6.2688426678870075e-17,0.016666666666666743,-5.7581963415525892e-17,9.6583505830261231e-18,0.008333333333333361,-1.7903252400533113e-17,-0.0083333333333333731,0.062500000000000028,0.03333333333333334,0.062500000000000014,-0.15833333333333338,-0.016666666666666653,-5.5265103756446895e-17,0.016666666666666663,-0.0041666666666666996,-0.016666666666666673,-0.016666666666666587,0.0041666666666666215,-0.00416666666666669,0.016666666666666646,0.058333333333333383,-0.079166666666666732,0.01666666666666667,0.0041666666666666788,-5.6396059538602357e-18,-0.0041666666666666449,0.00416666666666669,0.0083333333333333506,-3.1299033743980141e-17,6.5708292478265882e-17,-0.016666666666666653,0.079166666666666677,-0.0041666666666666475,-3.4117637159555755e-17,0.0041666666666666727,3.3745449938874138e-17,-0.062500000000000111,0.15833333333333338,-0.062500000000000014,-0.016666666666666666,0.079166666666666718,-0.0041666666666667065,-0.01666666666666667,-2.3017172663718149e-17,0.0041666666666667074,-0.0041666666666667152,-6.2875917167432124e-17,0.062500000000000042,0.016666666666666659,-0.016666666666666653,0.0041666666666666657,0.016666666666666725,-0.004166666666666631,-5.6083993556578516e-17,0.0041666666666666831,-1.8982956075899443e-17,-0.016666666666666666,2.789782319235738e-18,0.016666666666666601,-0.079166666666666718,0.05833333333333339,0.0041666666666666597,-0.0041666666666666944,-0.0041666666666666996,-0.016666666666666656,0.079166666666666677,-0.0041666666666666284,-0.016666666666666646,0.0041666666666666692,-0.016666666666666673,-0.0041666666666666389,0.033333333333333305,-1.7265576917094474e-17,0.0083333333333333488,1.3411967666908881e-17,0.016666666666666656,-7.7139060248867562e-17,0.062500000000000111,0.004166666666666625,0.058333333333333341,-2.6054478001912807e-17,0.016666666666666625,0.062500000000000042,-0.079166666666666705,0.0041666666666667386,-0.016666666666666743,-0.0041666666666666683,-0.016666666666666691,0.016666666666666646,-0.0041666666666666918,0.0041666666666667213
e067,-0.07916666666666658,0.06250000000000018,-2.7667244114629246e-17,0.016666666666666663,-2.7152559929219932e-17,4.6175760586090081e-17,0.0041666666666667048,-0.0041666666666667065,0.079166666666666718,-0.016666666666666684,-0.0041666666666667429,-0.058333333333333459,-0.016666666666666705,0.016666666666666642,-0.0041666666666667065,0.0041666666666666701,-0.0041666666666666016,-0.016666666666666715,0.016666666666666656,0.0041666666666666484,-0.016666666666666635,-0.00416666666666671,0.01666666666666667,0.0041666666666666657,0.058333333333333355,-0.079166666666666802,0.0041666666666666796,0.016666666666666743,-0.0041666666666667056,0.016666666666666705,0.0041666666666667152,-0.016666666666666659,0.0041666666666666189,4.9846065639528105e-17,-0.004166666666666697,3.6144080014028682e-17,-0.079166666666666732,1.4155762328857253e-17,0.01666666666666668,0.062500000000000042,-0.0041666666666666605,-0.016666666666666701,3.0878865303065072e-17,-0.016666666666666635,-2.5625923282325221e-17,0.0041666666666666536,1.4446993441028166e-17,1.0537314664058484e-17,-0.0041666666666667022,0.016666666666666663,0.0041666666666666623,-0.0041666666666666753,-0.016666666666666684,-0.0041666666666667221,0.016666666666666701,-0.016666666666666666,5.0713427377516508e-17,-0.0041666666666666952,-0.01666666666666667,-0.058333333333333313,3.5018558671138303e-18,0.016666666666666691,-0.0083333333333333367,1.3649873959945295e-17,0.0083333333333333176,-0.033333333333333312,-0.062500000000000014,0.15833333333333341,-0.0041666666666666822,-0.062500000000000028,-0.01666666666666668,-2.8332760247585307e-17,-0.0083333333333333766,3.9323534268052841e-17,-1.4471411155830404e-17,-0.033333333333333347,0.016666666666666663,0.0625,0.0041666666666666701,9.6438494948684082e-18,-0.0041666666666666579,0.016666666666666687,0.004166666666666703,-0.016666666666666677,0.0041666666666666675,-0.058333333333333313,0.079166666666666677,-0.0041666666666666796,0.0041666666666666692,0.016666666666666663,-0.016666666666666677,0.079166666666666663,-0.016666666666666673,0.004166666666666684,-2.7044259927084774e-18,0.016666666666666673,-2.083683046924669e-17,-1.6150964302424233e-17,-0.0041666666666666432,-1.8352988671929773e-17,0.062500000000000069,-0.0083333333333333315,2.2133437302392888e-18,0.0083333333333333801,4.3565790263549848e-17,-0.03333333333333334,0.033333333333333312,-6.9191473037572107e-18,-0.079166666666666732,-0.0083333333333333558,0.062500000000000056,-0.15833333333333344,0.062500000000000028,7.166211229880715e-18,-0.0041666666666667004,7.644913609924344e-19,0.0041666666666666683,3.8471601715639183e-17,0.079166666666666677,3.087755061976412e-17
e068,-8.8898542363493679e-18,-0.016666666666666614,0.016666666666666687,-4.0306987206168839e-17,-0.0041666666666666779,-0.0583333333333333,-0.016666666666666597,0.079166666666666732,-0.0041666666666667195,0.0041666666666666597,-4.378869583173584e-17,4.914386516054201e-17,-0.0625,-0.062500000000000014,0.15833333333333341,-0.033333333333333375,-4.1216279046427502e-18,0.0083333333333333766,-0.0083333333333333991,5.3087959319390003e-17,-4.2836671247844952e-18,0.016666666666666653,0.062500000000000042,-0.079166666666666746,-3.1400501122075319e-17,0.008333333333333354,-1.2838041102796744e-17,-0.0083333333333334286,0.033333333333333368,-4.8186660016851133e-17,-0.033333333333333361,3.4979855319480284e-17,-1.7762919500368261e-19,-0.0041666666666667004,1.3626082525747058e-18,0.0041666666666666996,0.00416666666666669,-0.016666666666666691,-0.0041666666666666952,0.016666666666666663,5.7448022093421248e-18,0.0041666666666666683,-0.079166666666666718,0.062500000000000028,0.01666666666666668,-0.01666666666666667,-0.0041666666666666553,0.0041666666666666944,0.016666666666666663,0.058333333333333341,0.016666666666666698,-0.079166666666666746,0.0041666666666666744,0.016666666666666653,0.004166666666666664,-0.0041666666666666336,-0.0041666666666667247,1.7521455176246927e-17,2.424880235370748e-17,-0.016666666666666687,-0.016666666666666673,-0.0041666666666667004,0.01666666666666667,-0.004166666666666664,-0.016666666666666611,0.0041666666666666796,-0.016666666666666666,-0.0041666666666666822,0.15833333333333344,1.2460675682340501e-17,0.0083333333333333853,-2.6476709846965802e-17,0.079166666666666718,-1.0608477230713959e-17,-0.062500000000000014,0.00416666666666669,-0.004166666666666684,6.0579815384506022e-18,0.079166666666666718,-0.062500000000000056,-0.016666666666666715,0.0041666666666666788,-0.01666666666666668,-0.004166666666666638,1.5791404585888654e-17,-0.016666666666666691,1.1683729778969519e-17,0.016666666666666687,0.016666666666666708,0.058333333333333362,0.004166666666666664,0.0041666666666667013,3.4747611084693664e-17,-0.016666666666666621,-0.016666666666666694,-0.0041666666666666753,0.079166666666666718,-0.0041666666666667004,-6.4590996857748758e-18,0.0041666666666666909,-0.01666666666666668,0.016666666666666635,0.058333333333333397,-0.079166666666666732,-0.016666666666666687,0.0041666666666667056,-0.0041666666666666831,-0.0041666666666666328,0.0083333333333333749,0.016666666666666659,3.0426024608323125e-17,0.0041666666666666614,-2.9947997450592318e-18,0.062500000000000014,0.033333333333333375,0.062500000000000056,0.016666666666666673,2.0403748221081629e-18,0.0041666666666666961,-8.0123743015196195e-18
e069,0.0041666666666666588,0.016666666666666597,-0.016666666666666555,-0.004166666666666612,0.0041666666666666449,-0.0041666666666666458,0.016666666666666673,-0.016666666666666646,-0.058333333333333355,-0.0041666666666666519,-0.016666666666666618,0.079166666666666621,-0.0041666666666666614,0.0041666666666666978,6.0626741945161874e-17,-5.2584056632630763e-17,0.016666666666666659,-2.5481424632944188e-17,0.062500000000000042,-0.079166666666666705,-0.0041666666666666796,-0.016666666666666653,0.0041666666666666744,0.016666666666666649,-0.079166666666666691,0.062500000000000222,0.016666666666666597,2.9300194452456964e-18,5.5537353302195238e-17,-0.0041666666666667247,-5.135355615776833e-17,0.0041666666666666241,-0.016666666666666663,0.0041666666666667178,0.016666666666666632,-0.0041666666666666996,0.058333333333333369,0.016666666666666656,0.0041666666666666545,-0.079166666666666691,-0.016666666666666687,-0.0041666666666666848,-0.016666666666666694,-0.004166666666666716,0.016666666666666718,-0.016666666666666663,-0.0041666666666666657,0.0041666666666666761,0.01666666666666667,-0.0041666666666666553,2.6384485501891461e-17,-2.5492249307316768e-17,0.0041666666666666788,-0.016666666666666635,5.2275921896091973e-18,1.8286894588326436e-17,0.0041666666666667213,0.016666666666666614,0.0041666666666666614,-0.016666666666666698,-0.079166666666666732,0.058333333333333383,-2.1660917835121311e-18,-0.0041666666666666614,-2.2508829301235983e-17,-6.9533736954470622e-17,0.079166666666666718,-0.062500000000000028,1.2460675682340501e-17,0.15833333333333341,-0.062500000000000042,-0.033333333333333298,-4.3241118531235741e-17,0.0083333333333333644,-0.0083333333333333193,-0.062500000000000028,0.0041666666666666805,0.033333333333333347,6.1625210456160411e-17,0.008333333333333335,-6.0560045896576065e-18,1.574589226332996e-17,0.016666666666666607,-1.12118159550069e-17,-0.079166666666666718,-0.016666666666666694,-0.0041666666666666657,0.016666666666666677,6.5916929032204454e-18,-0.0041666666666666467,0.0041666666666666805,2.3344381266432972e-17,-0.0041666666666666727,-0.016666666666666694,-0.079166666666666705,0.058333333333333397,0.016666666666666694,-0.0041666666666666527,-0.016666666666666642,0.0041666666666666441,0.016666666666666642,2.9447723205143208e-17,0.0041666666666666467,3.6708415691857735e-17,-0.016666666666666739,-0.062500000000000042,4.2387447935635536e-17,-0.0041666666666666649,0.062500000000000056,1.3556378718139055e-17,0.033333333333333319,0.062500000000000042,-0.15833333333333344,0.0083333333333333402,3.9100532608070764e-17,-0.0083333333333333454,-7.8217832181568503e-18,0.033333333333333284,7.0126241679879542e-18,0.0083333333333333696
e070,3.6481095015261499e-18,-0.0041666666666667091,0.0041666666666666302,3.5871485695375047e-17,-0.079166666666666718,0.016666666666666687,0.058333333333333307,0.0041666666666667334,-0.016666666666666687,0.016666666666666673,1.9057396030119754e-17,3.2862883479069146e-17,-2.2170729634598026e-17,4.9579141762275335e-19,0.0083333333333333957,-0.008333333333333387,0.062500000000000014,0.033333333333333409,-0.15833333333333346,0.062499999999999986,9.6970561175764767e-18,0.0041666666666667134,9.0457130399380287e-18,-0.0041666666666666848,2.5031044408622635e-17,0.033333333333333222,2.2795618445011995e-17,-0.033333333333333402,0.0083333333333334043,4.32973025729907e-17,-0.008333333333333361,3.2743830389370552e-18,-0.062500000000000014,-0.016666666666666739,1.204250897281541e-17,0.079166666666666746,0.016666666666666673,-0.004166666666666684,-0.016666666666666677,0.004166666666666703,4.4268370091508372e-18,0.016666666666666736,-0.0041666666666666588,-1.7371795030252908e-17,0.0041666666666667048,-0.0041666666666666944,-0.016666666666666701,0.016666666666666712,0.0041666666666666788,-0.016666666666666705,0.0041666666666666484,-0.0041666666666666614,0.016666666666666705,-0.058333333333333355,0.079166666666666718,-0.016666666666666698,-0.016666666666666729,2.397613723925843e-17,1.775191816856275e-17,-0.0041666666666666753,0.058333333333333355,-0.079166666666666718,0.0041666666666667013,-0.016666666666666715,-0.0041666666666666302,0.016666666666666687,-0.0041666666666667065,-0.01666666666666668,0.0083333333333333853,-0.062500000000000042,0.15833333333333346,-0.062500000000000083,0.0041666666666667499,-3.7778536304458371e-17,-4.2086115902063468e-17,0.079166666666666691,-0.016666666666666691,-9.9715244737310205e-18,0.0041666666666666415,8.6078317700496295e-18,-0.0041666666666666978,0.079166666666666705,-0.0041666666666666527,-0.016666666666666677,0.0625,-0.0041666666666666753,-6.3528955195518022e-18,0.0041666666666666831,0.0041666666666666649,-0.016666666666666715,0.016666666666666705,0.01666666666666668,-2.6732136877936472e-17,-0.0041666666666666406,0.058333333333333307,-0.079166666666666732,0.0041666666666666735,-0.016666666666666712,-2.8883457626968519e-17,0.016666666666666743,-0.0041666666666667265,0.0041666666666666354,-0.016666666666666642,-0.0041666666666667438,-0.004166666666666697,0.079166666666666691,-0.016666666666666673,-0.01666666666666667,0.03333333333333334,0.0041666666666666848,3.9423153343943935e-18,0.016666666666666705,0.062500000000000042,4.4907509673559938e-17,0.0083333333333333766,-1.2077278722003244e-17,0.0041666666666666944,0.062500000000000042,0.01666666666666668,-3.3047316007783641e-17
e071,-0.004166666666666664,-0.016666666666666618,0.016666666666666663,0.0041666666666665669,0.05833333333333339,0.0041666666666666467,-0.079166666666666649,0.016666666666666642,-0.0041666666666666571,0.0041666666666667134,0.016666666666666656,-0.016666666666666656,0.0041666666666667022,-0.0041666666666666796,-7.6313177788496623e-17,8.3985717102939218e-17,-0.079166666666666691,3.1745270475113561e-18,0.062500000000000097,0.016666666666666618,0.0041666666666666788,0.016666666666666705,-0.0041666666666666883,-0.016666666666666687,0.016666666666666722,0.062500000000000069,-0.079166666666666732,-2.8761698318169258e-17,-8.2795170474363772e-17,0.0041666666666666137,2.2101637827716805e-17,-0.0041666666666666189,0.079166666666666705,-0.0041666666666666146,-0.016666666666666732,-0.058333333333333341,0.0041666666666666631,-0.016666666666666659,-0.0041666666666666727,0.016666666666666663,0.016666666666666656,0.00416666666666669,0.016666666666666694,0.0041666666666667351,-0.016666666666666739,0.016666666666666691,0.0041666666666666701,0.058333333333333327,-0.079166666666666718,0.0041666666666666701,-1.2738194930243488e-17,-2.5686373733698692e-17,-0.0041666666666666094,0.079166666666666677,-0.062500000000000056,1.6039122865122608e-17,-0.0041666666666666397,-0.016666666666666729,-0.004166666666666651,0.016666666666666705,0.016666666666666653,0.0041666666666667282,-1.1860114786266884e-17,0.0041666666666667004,-6.606612621983128e-18,5.7503613409792506e-17,-0.01666666666666667,-2.8332760247585307e-17,-2.6476709846965802e-17,-0.033333333333333298,-0.062500000000000083,0.15833333333333344,-4.2497344010300924e-17,-0.0083333333333332968,0.0083333333333333696,-2.7775049226826798e-17,-0.0041666666666666649,-0.033333333333333368,2.5436852828716426e-17,-0.008333333333333354,1.1800389598049234e-17,-0.062500000000000056,-0.01666666666666668,1.8918352978671875e-17,0.016666666666666614,0.016666666666666694,0.0041666666666666423,-0.016666666666666666,-2.9478872616364632e-17,0.0041666666666666892,-0.0041666666666666328,0.062499999999999972,0.0041666666666667239,0.079166666666666705,0.016666666666666646,0.0041666666666667412,-0.016666666666666705,-0.058333333333333341,0.079166666666666705,-0.0041666666666666926,-0.016666666666666607,-3.3228128192410042e-19,-0.0041666666666666848,4.8098363314423161e-17,0.016666666666666753,-5.4884255061281632e-17,-5.4306254881539578e-17,0.0041666666666666788,0.0625,-8.2433398631037244e-18,-0.033333333333333361,-2.7473046926091611e-17,0.033333333333333326,-0.0083333333333333783,-1.7044795370995932e-17,0.0083333333333333471,7.2815686376956438e-18,-0.15833333333333341,0.062499999999999986,-0.0083333333333333176
e072,0.0041666666666666406,3.0723329959699902e-17,8.9358750460087545e-17,-0.0041666666666666336,-1.6873815795505922e-17,-0.062499999999999993,-0.016666666666666628,0.079166666666666774,-0.0041666666666667169,0.0041666666666666814,0.016666666666666646,-0.016666666666666614,-0.05833333333333339,-0.0041666666666665755,0.079166666666666691,-0.016666666666666635,0.01666666666666667,0.0041666666666666761,-0.0041666666666667646,-0.01666666666666658,0.004166666666666697,0.016666666666666601,0.058333333333333404,-0.079166666666666746,0.016666666666666649,0.0041666666666666944,-0.016666666666666632,-0.0041666666666667004,0.016666666666666653,-0.0041666666666666336,-0.016666666666666705,0.0041666666666666649,-0.016666666666666659,-0.062500000000000083,0.079166666666666718,4.399352209708625e-17,0.0041666666666667048,-5.5107729802507408e-17,-0.0041666666666666831,-6.6753148729419594e-18,0.016666666666666712,0.0041666666666666614,2.4734207988992615e-17,0.004166666666666625,1.1133571072817947e-17,-0.016666666666666646,7.3066729852937752e-18,-5.6605220704788123e-17,0.016666666666666694,-0.004166666666666703,-0.016666666666666625,0.079166666666666705,-0.058333333333333411,0.016666666666666653,-0.0041666666666666709,0.0041666666666666423,-0.062500000000000125,0.079166666666666746,0.0041666666666665981,-0.016666666666666597,2.8878027261478006e-17,-0.0041666666666667056,0.033333333333333368,1.9804055310295383e-17,-0.033333333333333319,0.0083333333333333263,-2.3017172663718149e-17,-0.0083333333333333766,0.079166666666666718,-4.3241118531235741e-17,0.0041666666666667499,-4.2497344010300924e-17,0.15833333333333346,-0.062500000000000083,-0.0625,0.0083333333333334147,-0.0041666666666666831,-1.3041579867975683e-17,-0.079166666666666732,-2.3057989504188994e-18,0.016666666666666653,-0.0041666666666666579,-0.016666666666666642,0.0041666666666666363,-0.016666666666666628,-0.016666666666666607,-0.0041666666666666501,0.016666666666666677,-0.016666666666666614,-0.0041666666666666987,-0.05833333333333339,-0.0041666666666666978,0.0041666666666667221,-0.01666666666666668,4.1001555607392043e-17,-0.0041666666666666796,-2.6892844341001815e-17,6.0170877882788026e-17,0.016666666666666618,7.9612882982953382e-18,-2.2958776148575612e-18,0.033333333333333326,0.062500000000000056,-0.15833333333333346,-3.4436591786534934e-17,0.0083333333333334321,-0.0083333333333333436,2.4451719300007459e-17,0.004166666666666664,0.033333333333333354,-6.3383275327032751e-18,0.0083333333333333488,6.1436179043068597e-17,0.062500000000000014,0.016666666666666677,1.0979416330302934e-17,-0.016666666666666666,6.1540230274198565e-17,-0.0041666666666667152,-0.062500000000000069
e073,0.016666666666666628,0.0041666666666666874,-0.0041666666666667369,-0.016666666666666646,0.016666666666666642,-0.016666666666666632,0.0041666666666665842,-0.0041666666666666822,0.016666666666666659,-0.079166666666666635,0.058333333333333279,0.0041666666666665825,-0.016666666666666642,0.016666666666666698,-2.4894135683942754e-17,-2.1630997747313658e-17,0.0041666666666665938,7.7898123217999058e-17,1.4406210503002107e-17,-0.004166666666666703,-0.016666666666666684,-0.0041666666666666128,0.016666666666666666,0.0041666666666666493,-0.0041666666666666571,3.1587912530456649e-17,0.0041666666666667291,-5.8274063896011427e-17,2.8329830654608467e-17,-0.016666666666666705,3.3147366996162459e-17,0.016666666666666642,-0.0041666666666666059,0.079166666666666649,-0.05833333333333339,-0.016666666666666705,-0.016666666666666687,0.0041666666666667273,0.016666666666666666,-0.0041666666666666918,0.05833333333333332,-0.079166666666666635,-0.0041666666666666614,-0.016666666666666701,0.0041666666666666735,-0.0041666666666666779,-0.016666666666666715,0.016666666666666715,0.0041666666666666727,-0.016666666666666646,-4.3876132001419974e-17,-0.062500000000000028,0.079166666666666718,-0.0041666666666666094,-1.9561519403092377e-17,-6.5906848428871021e-18,0.079166666666666677,-0.05833333333333339,0.016666666666666698,-0.0041666666666667108,-0.0041666666666666605,-0.016666666666666635,0.062499999999999979,-0.079166666666666732,4.2994411017431804e-17,-4.1646431269505151e-17,0.0041666666666667074,3.9323534268052841e-17,-1.0608477230713959e-17,0.0083333333333333644,-3.7778536304458371e-17,-0.0083333333333332968,-0.062500000000000083,0.15833333333333341,-0.033333333333333361,-3.6448403003109216e-17,0.016666666666666677,0.008333333333333354,0.062500000000000028,0.033333333333333326,0.0625,-3.6263412182298237e-17,0.0041666666666666588,-1.481834205958674e-17,-0.0041666666666666831,-0.004166666666666723,-0.016666666666666666,0.004166666666666664,-5.0105784183415068e-17,-0.016666666666666666,0.079166666666666746,5.5377876993854104e-17,-0.01666666666666668,-0.004166666666666664,-0.0041666666666666718,-0.016666666666666653,0.0041666666666666553,-0.016666666666666715,-0.0041666666666667013,0.079166666666666691,0.0041666666666666475,-2.5755596474912286e-17,0.016666666666666649,0.062500000000000056,-0.0041666666666666649,-4.3867418900241284e-17,3.7298012298505472e-17,-0.016666666666666694,3.2414185249274725e-17,0.062499999999999979,0.0083333333333333367,-1.3942844786033846e-17,-0.0083333333333333818,0.033333333333333347,-2.2191745731129771e-17,-0.033333333333333305,-0.062500000000000028,0.0083333333333332881,3.3276942279136564e-17,0.15833333333333338
e074,-0.016666666666666625,-0.0041666666666667213,0.0041666666666666805,0.016666666666666635,-0.016666666666666601,0.079166666666666621,-0.0041666666666666475,-0.058333333333333362,-0.016666666666666656,0.016666666666666739,0.0041666666666666345,-0.0041666666666666701,0.079166666666666705,-0.016666666666666732,-0.062499999999999972,2.8406454439324482e-17,-0.0041666666666666892,2.3961176215342853e-17,7.1222556092784752e-17,0.0041666666666665703,0.016666666666666659,0.0041666666666667265,-0.079166666666666691,0.058333333333333411,0.0041666666666667351,5.2550143858519364e-18,-0.0041666666666667004,-2.309381447735445e-17,-3.64694614997721e-17,0.079166666666666677,-0.0625,-0.016666666666666642,0.004166666666666677,-0.01666666666666667,-0.004166666666666631,0.016666666666666642,0.016666666666666684,-0.0041666666666666848,-0.016666666666666656,0.0041666666666667022,0.0041666666666666588,0.016666666666666743,0.0041666666666666527,0.016666666666666729,-0.0041666666666667117,-0.058333333333333313,0.079166666666666677,-0.016666666666666698,-0.004166666666666664,0.016666666666666653,-3.0149655638870931e-17,2.9053966732134837e-17,-0.016666666666666632,0.0041666666666666753,-1.780125567240247e-17,-1.1025872286885533e-17,-0.016666666666666649,-0.0041666666666666631,-0.079166666666666663,0.0041666666666666779,0.0041666666666666137,0.016666666666666677,0.062499999999999986,0.016666666666666694,-3.4133943936322417e-17,5.3858429670790491e-17,-0.0041666666666667152,-1.4471411155830404e-17,-0.062500000000000014,-0.0083333333333333193,-4.2086115902063468e-17,0.0083333333333333696,-0.0625,-0.033333333333333361,0.15833333333333338,-2.9708752011125637e-17,-0.016666666666666687,-0.0083333333333333419,-1.30135364174236e-17,-0.033333333333333326,-3.3598559838969497e-17,-1.3555792626718674e-17,-0.0041666666666666683,-1.2202755092531638e-17,0.0041666666666666328,0.004166666666666684,0.016666666666666663,0.0583333333333333,-2.5771495505355475e-17,0.016666666666666653,-0.016666666666666666,-2.2428836796651322e-17,0.016666666666666646,0.0041666666666666432,0.0041666666666666163,0.016666666666666653,-0.0041666666666666649,0.016666666666666691,0.0041666666666666805,-0.016666666666666715,-0.0041666666666666692,9.847815272647118e-18,-0.079166666666666705,0.0625,0.0041666666666667169,-5.36410217739165e-17,-4.5096347565685348e-17,0.079166666666666663,-2.3481472199391075e-17,0.062499999999999986,-0.0083333333333333488,1.0317293754404834e-17,0.0083333333333333384,-0.15833333333333341,0.062500000000000014,0.033333333333333305,4.2705858087847734e-17,-0.0083333333333333801,-2.9148009347024334e-17,-0.033333333333333423
e075,0.016666666666666628,1.5812298740231594e-17,-5.8286910658238453e-17,-0.016666666666666659,2.4783298725588126e-17,-6.2863140314763863e-18,-0.0041666666666667369,0.0041666666666667638,-0.016666666666666649,0.016666666666666691,0.0041666666666666805,-0.0041666666666665712,0.016666666666666639,-0.016666666666666632,0.0041666666666667187,-0.0041666666666666623,0.0041666666666666571,0.016666666666666736,-0.079166666666666663,0.058333333333333327,0.079166666666666705,-0.058333333333333216,-0.016666666666666663,-0.0041666666666667785,0.0041666666666666918,0.016666666666666548,-0.004166666666666612,-0.016666666666666708,0.0041666666666666814,-0.016666666666666604,-0.004166666666666677,0.016666666666666659,-0.0041666666666666406,-6.2411382038223023e-17,0.0041666666666666389,4.5566727646559815e-17,0.016666666666666691,-1.9838129490776034e-17,-0.016666666666666684,3.3479343670913661e-17,0.0041666666666666614,0.016666666666666718,6.0627843349944382e-17,0.016666666666666656,0.062500000000000014,-0.0041666666666666597,-1.3818975131718641e-17,-5.3545406348261449e-17,0.0041666666666667108,-0.016666666666666698,-0.0041666666666666657,0.0041666666666666848,0.016666666666666698,0.0041666666666666883,-0.079166666666666663,0.016666666666666632,-6.9350275942130251e-17,0.0041666666666666571,0.016666666666666659,-0.004166666666666631,0.062500000000000014,-0.079166666666666663,0.0083333333333333575,-2.6412280836622553e-17,-0.0083333333333333159,0.033333333333333361,-6.2875917167432124e-17,-0.033333333333333347,0.00416666666666669,-0.062500000000000028,0.079166666666666691,-2.7775049226826798e-17,0.0083333333333334147,-3.6448403003109216e-17,-2.9708752011125637e-17,0.15833333333333335,-0.016666666666666691,0.062499999999999965,-0.0041666666666667004,-7.8977175870627115e-18,0.0041666666666666449,-0.079166666666666649,0.058333333333333334,0.016666666666666653,0.058333333333333334,-0.0041666666666666467,-0.016666666666666649,0.0041666666666666675,-0.0041666666666666415,-0.016666666666666708,0.016666666666666691,-0.016666666666666732,0.079166666666666718,-0.0041666666666666814,0.062499999999999972,-0.079166666666666649,-1.8931996196442835e-17,3.0048534760001841e-17,0.0041666666666666076,3.6015743684553166e-17,-3.1665893335954088e-17,0.0083333333333333245,1.8460620228343121e-17,-0.0083333333333334217,-0.062500000000000014,0.15833333333333333,-0.033333333333333326,5.3567086991134921e-18,0.016666666666666642,0.008333333333333354,0.0625,0.033333333333333368,0.062500000000000028,1.2424000981415736e-17,0.0041666666666667022,1.8306058442923554e-17,-0.0041666666666666389,1.538204997475647e-17,-0.016666666666666708,-3.6413255904951496e-17
e076,0.016666666666666625,7.7956566330214156e-18,0.062499999999999965,-0.079166666666666677,-1.3132212932792819e-17,-1.8575212621028122e-17,0.0083333333333333332,-0.0083333333333333454,0.033333333333333326,-0.033333333333333347,-6.9736810786806004e-17,-5.9471865376346721e-17,-4.3045047276717293e-17,4.3294066205431114e-17,-0.0041666666666666935,0.0041666666666666944,0.0041666666666666094,-0.016666666666666663,0.016666666666666736,-0.0041666666666666857,-3.1301868544058907e-17,-0.0083333333333333592,6.6404944064912092e-17,0.008333333333333387,-3.1971609862627847e-17,-0.016666666666666666,6.9446542427266977e-19,0.016666666666666618,-0.0041666666666666814,-0.016666666666666594,-0.0583333333333333,0.079166666666666691,-0.0041666666666666232,-2.3845429872203253e-17,0.0041666666666666848,-2.6644368758379643e-17,-0.033333333333333312,-0.0625,0.15833333333333338,-0.062500000000000028,2.0093999232485866e-17,-0.033333333333333375,-0.0041666666666666727,-9.7993801427097181e-18,0.0041666666666666614,0.0041666666666667039,-0.016666666666666656,0.016666666666666621,-0.0041666666666666545,0.079166666666666677,-0.062500000000000056,1.0593683083242085e-17,-0.016666666666666684,-0.0083333333333333402,-2.2498000588269633e-18,-3.1750865736370029e-17,-1.9074940313267034e-17,0.0041666666666666562,0.016666666666666659,0.0041666666666666987,0.058333333333333348,0.016666666666666659,-0.0041666666666666892,-0.016666666666666659,0.0041666666666667126,-0.079166666666666732,0.062500000000000042,0.016666666666666663,-0.004166666666666684,0.0041666666666666805,-0.016666666666666691,-0.0041666666666666649,-0.0041666666666666831,0.016666666666666677,-0.016666666666666687,-0.016666666666666691,0.15833333333333338,0.0041666666666666805,-1.9326170600618217e-17,0.079166666666666718,-0.062500000000000028,1.5628635652277542e-18,0.0083333333333333644,-2.9228845166234798e-17,-0.0041666666666666657,0.0041666666666666987,-0.016666666666666656,-0.0041666666666667239,-0.062500000000000028,0.079166666666666705,-0.016666666666666687,-2.8086215047079935e-17,-2.8699783330093696e-17,0.004166666666666631,0.058333333333333348,0.016666666666666663,0.0041666666666666753,-0.016666666666666649,-6.5426732598294664e-17,0.016666666666666677,-2.3355580562590172e-17,-0.0041666666666667039,8.3521181402633787e-18,0.0041666666666666727,-0.0041666666666666657,-0.016666666666666712,0.079166666666666746,-0.016666666666666673,-0.016666666666666694,-0.0041666666666666944,0.0041666666666666562,-0.016666666666666659,-0.0041666666666666926,0.016666666666666673,0.0583333333333333,-0.079166666666666705,0.062500000000000028,0.004166666666666677,-1.5480034777502032e-17,0.016666666666666684
e077,-0.058333333333333293,0.079166666666666816,-0.016666666666666666,-0.0041666666666666059,0.0041666666666666519,-0.0041666666666665868,0.016666666666666632,-0.016666666666666618,0.0041666666666666996,-0.0041666666666666432,-0.016666666666666701,0.016666666666666601,-0.0041666666666667221,0.0041666666666666996,5.6110682423240926e-17,-1.4802830473557846e-17,0.016666666666666687,2.3703132164103879e-17,3.4033016233166467e-17,-0.016666666666666718,0.058333333333333362,-0.07916666666666658,0.0041666666666666848,0.016666666666666583,-0.016666666666666659,-3.0654024410828052e-17,0.016666666666666705,1.4677624741882978e-17,2.4672968478047316e-17,-0.004166666666666599,-6.9818137810497732e-18,0.004166666666666612,-0.016666666666666666,0.0041666666666666744,0.016666666666666604,-0.0041666666666666328,-0.0041666666666666805,0.01666666666666668,0.0041666666666666753,-0.016666666666666639,-0.016666666666666705,-0.0041666666666666709,-0.016666666666666628,-0.004166666666666684,0.079166666666666732,-0.01666666666666668,-0.0041666666666666709,0.0041666666666666527,0.016666666666666691,-0.0041666666666666562,-4.6590414117991965e-18,-1.8434218595786373e-17,0.0041666666666666831,-0.016666666666666659,-0.062499999999999993,-3.8858023613663243e-17,0.0041666666666666649,0.016666666666666604,0.0041666666666666215,-0.079166666666666649,-0.016666666666666694,-0.0041666666666666024,8.9351886054096143e-18,-0.0041666666666666944,8.242705565997425e-18,-3.4249421500664067e-17,0.016666666666666659,0.0625,6.0579815384506022e-18,0.033333333333333347,-9.9715244737310205e-18,-0.033333333333333368,-1.3041579867975683e-17,0.008333333333333354,-0.0083333333333333419,0.062499999999999965,0.0041666666666666805,0.15833333333333335,2.236698943103141e-17,0.0083333333333333367,-1.8258021537653271e-17,-0.062499999999999965,0.079166666666666663,-5.769954887930181e-17,-0.016666666666666718,-0.079166666666666649,0.058333333333333369,0.016666666666666701,1.2405833816401816e-17,-0.0041666666666666475,0.0041666666666666744,0.062499999999999958,0.058333333333333355,-0.016666666666666698,-0.016666666666666722,-0.0041666666666665972,0.016666666666666666,-0.0041666666666666562,-0.016666666666666705,0.0041666666666666831,0.079166666666666691,-2.6048542690728023e-18,0.0041666666666666519,6.6822265343511838e-18,-0.079166666666666718,0.062499999999999965,4.1461315065128366e-17,-0.0041666666666666718,-2.003355386086527e-17,1.4640122400671434e-17,0.15833333333333338,-0.062499999999999979,-0.033333333333333361,0.008333333333333335,3.6621870808815401e-17,-0.0083333333333333193,1.5222255454693859e-17,0.033333333333333361,0.0625,0.0083333333333333488
e078,-0.0041666666666666571,-0.016666666666666663,0.016666666666666621,0.0041666666666666111,-0.0041666666666666579,0.0041666666666667004,-5.015215992857074e-18,-2.9854512546789701e-18,-3.549514650780035e-17,-5.278676563030545e-18,-0.016666666666666705,0.016666666666666701,-0.0041666666666666302,-0.058333333333333404,0.079166666666666718,-0.016666666666666767,-0.016666666666666712,0.0041666666666666944,-0.0041666666666666423,0.016666666666666666,-0.0041666666666666788,4.503947942530846e-17,0.0041666666666666406,-2.5720836890939673e-17,-0.016666666666666712,0.0041666666666666857,0.016666666666666635,-0.0041666666666667213,0.016666666666666743,0.0041666666666666033,-0.016666666666666677,-0.0041666666666666458,0.016666666666666691,0.058333333333333362,-0.079166666666666718,0.004166666666666651,1.4678464796078665e-17,-0.016666666666666656,-3.4728787349245823e-17,0.016666666666666673,-0.016666666666666725,2.1345921519448627e-17,-0.079166666666666732,0.058333333333333355,0.016666666666666705,-2.6520332564824647e-17,-0.004166666666666677,0.0041666666666667395,-1.3431845303877503e-17,0.062500000000000014,0.033333333333333368,-0.15833333333333344,0.062500000000000056,3.5003226602618335e-17,0.0083333333333333228,-0.0083333333333333072,0.058333333333333383,-0.079166666666666705,-0.0041666666666665911,-8.366179676670882e-17,-0.016666666666666712,1.110788256536682e-18,-0.016666666666666705,-0.0041666666666666605,0.016666666666666691,-0.0041666666666666441,-0.016666666666666653,0.0041666666666666701,0.079166666666666718,6.1625210456160411e-17,0.0041666666666666415,2.5436852828716426e-17,-0.079166666666666732,0.062500000000000028,-1.30135364174236e-17,-0.0041666666666667004,-1.9326170600618217e-17,2.236698943103141e-17,0.15833333333333344,-0.062500000000000042,-0.033333333333333416,0.0083333333333333211,-2.527227038940506e-17,-0.0083333333333333037,0.01666666666666667,-7.8457626338778399e-17,0.0041666666666666692,1.2377083027178983e-17,0.033333333333333361,0.062500000000000028,0.062500000000000028,0.0083333333333333974,-0.004166666666666664,2.8260345641681692e-17,-0.016666666666666718,-1.519080554762304e-18,0.079166666666666718,-0.0041666666666667516,-0.016666666666666649,0.0041666666666666631,-0.016666666666666705,-0.016666666666666687,-0.0041666666666666909,0.079166666666666705,-0.016666666666666687,-0.0041666666666666996,0.0041666666666666562,-0.0041666666666666735,0.0041666666666667395,-0.016666666666666673,3.8622317341400361e-17,-0.0041666666666666675,-5.9946054174851161e-17,4.3677026348733407e-18,0.016666666666666708,0.062500000000000042,0.033333333333333388,-7.412024454540213e-17,0.008333333333333413,0.062500000000000028
e079,0.016666666666666628,0.0041666666666666935,0.058333333333333286,-0.079166666666666691,0.016666666666666653,-0.016666666666666642,0.0041666666666666432,-0.004166666666666625,0.01666666666666667,-0.016666666666666639,-0.004166666666666703,0.004166666666666625,-0.016666666666666712,0.079166666666666802,-0.062500000000000083,2.2240826759947707e-17,0.0041666666666666258,-9.0233160456197998e-19,1.4563625965252105e-17,-0.0041666666666666753,-0.016666666666666673,-0.0041666666666666788,0.016666666666666715,0.0041666666666667143,-0.0041666666666666935,6.3996585344826685e-17,0.0041666666666667481,2.3453736792260472e-17,-6.0709800119696593e-18,-0.016666666666666569,-0.062500000000000042,0.079166666666666691,-0.0041666666666666163,0.016666666666666632,0.0041666666666666805,-0.016666666666666684,-0.016666666666666677,-0.058333333333333362,0.079166666666666732,-0.0041666666666666666,-0.0041666666666666987,-0.01666666666666668,0.058333333333333383,-0.07916666666666676,0.0041666666666666657,-0.0041666666666666944,-0.01666666666666668,0.016666666666666625,0.0041666666666667143,-0.079166666666666718,5.5873397491136236e-18,0.062500000000000042,0.016666666666666625,-0.0041666666666666475,3.0497132103430078e-17,-5.034674016073639e-17,0.016666666666666632,0.0041666666666666692,0.016666666666666614,-0.0041666666666666545,-0.0041666666666666605,-0.01666666666666667,-3.7932910320985271e-18,-0.016666666666666694,1.7381437443354951e-17,-1.5550736630279121e-17,0.0041666666666666657,9.6438494948684082e-18,-0.062500000000000056,0.008333333333333335,8.6078317700496295e-18,-0.008333333333333354,-2.3057989504188994e-18,0.033333333333333326,-0.033333333333333326,-7.8977175870627115e-18,0.079166666666666718,0.0083333333333333367,-0.062500000000000042,0.15833333333333352,-0.062500000000000056,3.8138514951735602e-17,0.0041666666666666718,-5.0713663903789656e-17,-0.004166666666666651,-0.0041666666666666562,-0.016666666666666666,0.0041666666666666805,2.4922426789408481e-17,-0.079166666666666718,0.016666666666666659,-2.4241486444393284e-17,-0.016666666666666732,-0.0041666666666667377,-0.0041666666666666553,-0.01666666666666668,-0.058333333333333383,-0.016666666666666632,-0.004166666666666762,0.016666666666666684,0.0041666666666666944,-1.5646713967378144e-17,0.016666666666666659,-2.4234724101197929e-18,-0.0041666666666666605,-1.7191387514549986e-17,2.7972468694210161e-17,-0.01666666666666668,-3.2739306469179898e-17,-9.1623342536190566e-18,0.0083333333333333124,4.5636839001262666e-18,-0.008333333333333354,0.033333333333333312,0.062500000000000042,-0.15833333333333349,0.062500000000000083,0.0083333333333333922,-2.8692090072838581e-17,0.033333333333333333
e080,0.0041666666666666475,0.016666666666666673,-0.079166666666666607,0.058333333333333411,0.0041666666666666484,-0.0041666666666666935,-3.6293803799639867e-17,-6.4321007893881646e-17,6.7451548307191193e-20,-0.062499999999999972,0.079166666666666649,-0.016666666666666712,0.0041666666666666814,-0.0041666666666666631,-0.016666666666666718,0.016666666666666739,0.016666666666666705,-0.0041666666666666588,0.0041666666666666519,-0.016666666666666691,0.004166666666666638,3.2559460532649494e-17,-0.0041666666666666883,-2.63748734882836e-17,0.016666666666666718,-0.0041666666666667065,-0.01666666666666668,0.0041666666666666649,-0.016666666666666718,-0.0041666666666667568,0.079166666666666774,-0.058333333333333383,-0.016666666666666705,0.0041666666666666952,0.016666666666666663,-0.0041666666666666666,-6.7451548307191193e-20,0.079166666666666718,-0.062500000000000028,-0.016666666666666718,0.079166666666666718,-0.062499999999999965,0.016666666666666729,0.004166666666666631,-0.016666666666666722,6.4261084998969215e-17,0.0041666666666666484,-0.0041666666666666683,-4.0004086380832397e-17,1.022912282177529e-17,-0.033333333333333409,0.033333333333333409,3.2672253142662205e-17,-1.1659381643745027e-17,-0.0083333333333333488,0.008333333333333354,0.0041666666666666961,0.016666666666666649,0.0041666666666666996,3.1293175289979316e-17,0.016666666666666708,3.6712246587272777e-17,0.079166666666666635,-0.058333333333333313,-0.016666666666666677,0.0041666666666666302,0.016666666666666725,-0.0041666666666666579,-0.016666666666666715,-6.0560045896576065e-18,-0.0041666666666666978,1.1800389598049234e-17,0.016666666666666653,0.0625,-3.3598559838969497e-17,0.0041666666666666449,-0.062500000000000028,-1.8258021537653271e-17,-0.033333333333333416,-0.062500000000000056,0.15833333333333341,-0.0083333333333333766,1.0382416429754078e-18,0.0083333333333333488,-0.016666666666666691,1.828274922015326e-17,-0.0041666666666666623,-5.2404006035431478e-17,-0.033333333333333409,-8.3940242021239125e-18,1.8143944031356449e-17,-0.0083333333333333263,0.0041666666666666918,5.177004960605292e-17,0.016666666666666712,2.9609932472908454e-17,-0.016666666666666722,0.0041666666666666805,0.016666666666666718,0.0583333333333333,0.01666666666666667,0.016666666666666666,0.0041666666666666857,-0.016666666666666659,0.016666666666666708,0.0041666666666666475,-0.0041666666666666545,0.0041666666666666423,-0.0041666666666666536,0.079166666666666635,-1.5497218929775309e-17,0.0041666666666666666,5.7291641687434252e-18,3.7665107870374401e-17,-0.079166666666666788,0.062500000000000056,-0.15833333333333344,-2.8933943461657264e-17,-0.0083333333333333471,0.062499999999999993
e081,-0.016666666666666632,-0.0041666666666667299,0.0041666666666666874,0.016666666666666701,-0.079166666666666746,0.016666666666666666,0.062500000000000056,-2.6637232347231458e-17,-3.0768431956427736e-17,7.0603793814942362e-18,-0.0041666666666666892,0.0041666666666666016,-0.016666666666666656,0.016666666666666653,0.0041666666666666649,-0.0041666666666667403,0.058333333333333362,0.016666666666666698,-0.079166666666666718,0.0041666666666666345,-0.079166666666666691,0.062499999999999951,0.016666666666666663,8.6882079524000456e-17,-0.0041666666666666605,0.016666666666666673,0.0041666666666666536,-0.016666666666666701,0.0041666666666667377,0.016666666666666656,-0.0041666666666666909,-0.01666666666666667,-0.058333333333333355,-0.016666666666666698,-0.0041666666666666258,0.079166666666666705,-1.5201740156957655e-17,-0.0041666666666666692,2.8246999653420884e-18,0.0041666666666666657,-0.0041666666666666883,3.412036549206176e-17,-0.0041666666666666987,-0.016666666666666705,-0.058333333333333313,-4.5991005808411171e-17,-0.016666666666666659,0.016666666666666757,-3.4375508860512601e-17,-2.1731280026812703e-17,0.0083333333333333107,-0.0083333333333333228,9.794675211299397e-18,-0.062500000000000056,0.15833333333333341,-0.033333333333333284,-0.016666666666666677,-0.004166666666666631,-0.016666666666666653,-6.2452718816058855e-17,-0.0041666666666666952,-2.7919328802325412e-17,-0.0041666666666666727,-0.016666666666666653,0.0041666666666667022,-0.016666666666666677,-0.004166666666666631,0.016666666666666687,0.0041666666666666788,1.574589226332996e-17,0.079166666666666705,-0.062500000000000056,-0.0041666666666666579,-3.6263412182298237e-17,-1.3555792626718674e-17,-0.079166666666666649,1.5628635652277542e-18,-0.062499999999999965,0.0083333333333333211,3.8138514951735602e-17,-0.0083333333333333766,0.15833333333333338,-0.062499999999999993,-0.033333333333333284,0.0041666666666666406,-4.2503398842325573e-17,0.016666666666666646,2.1430433696657971e-17,0.008333333333333302,-3.773585337928668e-17,2.7087699862443194e-17,0.033333333333333388,-0.079166666666666705,3.7448068556897068e-17,-0.0041666666666666753,-5.32296440314622e-17,0.0041666666666666735,-0.016666666666666746,-0.0041666666666666493,0.01666666666666668,-0.0041666666666667022,-0.0041666666666666978,-0.016666666666666642,0.0041666666666666597,0.058333333333333313,-0.079166666666666649,0.01666666666666667,-0.016666666666666653,0.016666666666666705,-0.0041666666666666857,-0.062499999999999993,-0.016666666666666673,-3.6876223629997816e-17,3.1710373517451135e-17,0.004166666666666677,-4.8546855807596445e-17,0.0083333333333333558,0.062500000000000042,0.033333333333333361,-3.319364224250949e-17
e082,0.0041666666666666536,-1.5663653998202383e-19,3.789110601200246e-17,-0.0041666666666666848,-8.0717428874107954e-18,-2.1024026457884696e-17,0.033333333333333277,-0.033333333333333319,0.00833333333333342,-0.008333333333333354,3.1277844430316036e-17,-7.119407988927018e-17,-0.062500000000000083,5.7469642326214919e-17,-0.016666666666666666,0.079166666666666718,0.016666666666666677,-0.0041666666666666623,0.0041666666666666892,-0.016666666666666649,0.062500000000000028,-0.15833333333333333,0.062500000000000056,0.033333333333333243,4.8084817798050877e-17,-0.0041666666666667117,4.3867066632052353e-17,0.0041666666666666935,-0.07916666666666676,0.058333333333333431,0.01666666666666668,0.0041666666666666779,-0.016666666666666659,-5.1210088756536144e-17,0.016666666666666659,2.3653677788494873e-17,-0.0083333333333333853,-1.3295472513859573e-17,0.0083333333333333575,5.7354459780853931e-17,-4.4072276098861867e-18,-0.0083333333333333662,-0.016666666666666635,-2.254578241768965e-18,0.079166666666666649,0.016666666666666708,-0.0041666666666666657,0.0041666666666666059,-0.016666666666666653,0.0041666666666666536,9.96556023443067e-18,2.6479713344568241e-17,-0.0041666666666667074,-0.033333333333333354,-0.062500000000000014,-0.062500000000000097,-4.1669109638663705e-17,0.016666666666666663,-0.058333333333333418,0.079166666666666788,-0.016666666666666642,0.0041666666666666874,-0.016666666666666677,-0.0041666666666666987,0.01666666666666668,-0.0041666666666666441,-5.6083993556578516e-17,0.004166666666666703,-0.01666666666666668,0.016666666666666607,-0.0041666666666666527,-0.01666666666666668,-0.016666666666666642,0.0041666666666666588,-0.0041666666666666683,0.058333333333333334,0.0083333333333333644,0.079166666666666663,-2.527227038940506e-17,0.0041666666666666718,1.0382416429754078e-18,-0.062499999999999993,0.15833333333333344,-0.062500000000000097,-0.016666666666666673,0.079166666666666732,-0.0041666666666666562,-0.016666666666666708,2.1186818906693406e-17,0.0041666666666666935,-0.00416666666666671,-4.4979887746829636e-17,0.062500000000000056,0.016666666666666646,-0.016666666666666666,0.0041666666666666935,0.016666666666666684,-0.004166666666666625,-4.1643283113645898e-17,0.0041666666666666883,1.528848711824908e-17,-0.01666666666666668,-1.122311026492003e-17,0.016666666666666628,-0.079166666666666649,0.05833333333333332,0.004166666666666664,-0.0041666666666666744,-0.0041666666666667334,-0.016666666666666656,0.079166666666666691,-0.0041666666666667169,-0.016666666666666594,0.0041666666666666623,-0.016666666666666639,-0.0041666666666666545,-1.0145539891853645e-17,0.01666666666666667,-1.8261714477776514e-17,0.0041666666666666631
e083,0.016666666666666642,0.0041666666666667299,-0.0041666666666667499,-0.016666666666666604,0.016666666666666698,-0.079166666666666691,0.062500000000000097,8.6176873468989822e-17,-2.1961240541071235e-17,-9.8583714740088304e-18,0.0041666666666667004,-0.0041666666666666241,0.079166666666666705,-0.01666666666666668,-0.0041666666666666735,-0.058333333333333383,0.0041666666666666788,-0.016666666666666715,0.01666666666666667,-0.0041666666666666666,0.016666666666666666,0.062500000000000083,-0.079166666666666718,3.5789863451549161e-17,0.0041666666666666597,-0.016666666666666677,-0.0041666666666666935,0.016666666666666691,0.058333333333333411,-0.079166666666666718,0.0041666666666666727,0.016666666666666611,-0.0041666666666666883,0.016666666666666722,0.0041666666666666363,-0.016666666666666659,2.9550655748469766e-17,0.0041666666666667082,-2.6401385123341794e-17,-0.004166666666666697,0.0041666666666666536,2.3730363231093708e-17,0.0041666666666666779,0.01666666666666667,-0.0041666666666666761,-2.1341654378416039e-17,0.079166666666666746,-0.01666666666666668,-0.062500000000000042,4.9970728948591418e-17,-0.0083333333333333506,0.0083333333333333228,1.3278714346725406e-18,-0.062500000000000042,-0.033333333333333298,0.15833333333333346,0.016666666666666712,0.0041666666666666258,0.079166666666666705,-0.062500000000000069,0.0041666666666666961,1.3742219744812751e-17,0.0041666666666666571,0.016666666666666736,0.058333333333333348,0.016666666666666639,0.0041666666666666831,-0.016666666666666677,-0.004166666666666638,-1.12118159550069e-17,-0.016666666666666677,1.8918352978671875e-17,0.0041666666666666363,-1.481834205958674e-17,-1.2202755092531638e-17,0.016666666666666653,-2.9228845166234798e-17,-5.769954887930181e-17,-0.0083333333333333037,-5.0713663903789656e-17,0.0083333333333333488,-0.033333333333333284,-0.062500000000000097,0.15833333333333346,-0.0041666666666666354,-0.062500000000000042,-0.01666666666666667,1.06135835232001e-17,-0.0083333333333333488,2.6203625098217222e-17,1.3403173130729846e-17,-0.033333333333333361,0.016666666666666639,0.062500000000000028,0.0041666666666666996,3.3225038371525681e-19,-0.0041666666666667004,0.016666666666666694,0.0041666666666666918,-0.016666666666666757,0.0041666666666666579,-0.058333333333333355,0.079166666666666732,-0.004166666666666638,0.0041666666666666718,0.016666666666666628,-0.016666666666666639,0.079166666666666732,-0.016666666666666691,0.0041666666666666553,-4.0042381969784543e-17,0.016666666666666687,1.8218985014359648e-17,-8.4180855501717474e-19,-0.00416666666666671,4.3557929565385326e-17,-0.008333333333333354,-6.7471585531917369e-18,-0.033333333333333354,-1.4525836322466208e-17
e084,-0.0083333333333332898,-1.5287573324598033e-17,-4.4273557370077841e-17,0.0083333333333332742,2.7560734270356872e-17,9.3643251776272666e-18,-0.016666666666666698,0.016666666666666659,-0.0041666666666666458,-0.058333333333333327,-0.016666666666666701,0.079166666666666621,-0.0041666666666666354,0.0041666666666666493,-1.7265504580083997e-17,2.7011564892782212e-17,-0.033333333333333409,-0.062499999999999917,-0.062500000000000028,0.15833333333333338,-0.0041666666666666892,0.016666666666666777,0.0041666666666666215,-0.016666666666666656,-0.079166666666666621,-1.6171533502602134e-16,0.016666666666666798,0.062499999999999938,2.7702235660634517e-18,0.0083333333333332621,6.1478988883101456e-18,-0.0083333333333332881,0.033333333333333388,-8.71304056438254e-17,-0.03333333333333334,-5.5852014534068406e-18,0.0041666666666666493,-3.0513878341751496e-17,-0.0041666666666666744,3.1417509774977038e-17,-0.016666666666666663,-0.058333333333333334,0.016666666666666663,-0.0041666666666666666,-0.016666666666666687,3.1644826683226424e-17,0.0041666666666666284,-0.0041666666666667265,3.5969383505657245e-17,3.1664788748616806e-18,0.079166666666666677,-0.016666666666666677,-0.0625,0.016666666666666666,0.0041666666666666354,-0.0041666666666666484,-7.1517894360034136e-17,-0.033333333333333305,-0.0083333333333332586,5.918526783073955e-18,0.079166666666666691,-0.062500000000000042,-0.016666666666666656,0.0041666666666666042,0.016666666666666732,-0.0041666666666666293,-1.8982956075899443e-17,0.0041666666666666675,1.5791404585888654e-17,-0.079166666666666718,0.0625,0.016666666666666614,-0.016666666666666628,-0.0041666666666666831,0.0041666666666666328,0.058333333333333334,-0.0041666666666666657,-0.016666666666666718,0.01666666666666667,-0.004166666666666651,-0.016666666666666691,0.0041666666666666406,-0.016666666666666673,-0.0041666666666666354,0.15833333333333338,-1.0203671208332733e-18,0.0083333333333333228,-3.3619602580557043e-18,0.079166666666666677,-1.4666571496972961e-17,-0.062499999999999986,0.0041666666666665929,-0.0041666666666666822,-1.2834999583478863e-17,0.079166666666666663,-0.062500000000000042,-0.016666666666666659,0.0041666666666667117,-0.016666666666666788,-0.0041666666666665738,-1.8316523790054352e-17,-0.016666666666666729,4.6106257526005047e-18,0.016666666666666628,0.016666666666666708,0.05833333333333332,0.0041666666666666406,0.0041666666666666657,-4.5640550198013326e-17,-0.016666666666666687,-0.01666666666666668,-0.0041666666666666597,0.079166666666666705,-0.0041666666666666206,-1.9637034206471344e-17,0.0041666666666666579,0.016666666666666701,-0.016666666666666621,0.0041666666666665938,-0.0041666666666666614
e085,0.062499999999999944,-0.079166666666666802,0.016666666666666708,-7.9429882592140051e-17,-0.0041666666666666753,0.0041666666666665712,0.016666666666666635,-0.016666666666666718,0.0041666666666666978,-0.0041666666666666996,0.016666666666666732,-0.016666666666666663,-0.058333333333333327,-0.0041666666666666484,-0.016666666666666729,0.079166666666666718,-3.6050078674992091e-17,-0.0041666666666666441,0.0041666666666666883,1.6326867638934798e-17,0.0041666666666666857,-0.079166666666666732,0.058333333333333362,0.016666666666666642,0.016666666666666708,-0.0041666666666666536,-0.016666666666666649,0.0041666666666666406,-0.07916666666666676,0.062500000000000014,0.016666666666666673,7.001214614038425e-17,1.9619502719659076e-17,-0.0041666666666667707,6.896720600429056e-17,0.0041666666666666727,-0.0041666666666666909,-0.016666666666666687,0.0041666666666666996,0.016666666666666673,0.016666666666666694,-0.0041666666666666814,1.5855705596989041e-18,0.00416666666666669,-4.3060982686004107e-17,0.033333333333333368,1.4770842045007038e-17,-2.4355816027692968e-17,-0.033333333333333347,0.0083333333333333211,-1.1454935164694257e-17,6.8793404554789321e-17,-0.0083333333333334061,-0.01666666666666667,-3.0261740377594613e-17,-0.062500000000000056,-0.0041666666666667533,6.3910926775700105e-17,-0.062500000000000028,0.15833333333333344,3.4429910673369201e-17,0.0083333333333333436,-0.016666666666666673,-3.3482824310889041e-17,0.016666666666666691,-0.0041666666666666293,-0.016666666666666666,-0.058333333333333313,-0.016666666666666691,-0.016666666666666694,-0.0041666666666666753,0.016666666666666694,-0.016666666666666607,-0.004166666666666723,0.004166666666666684,-0.0041666666666666467,0.0041666666666666987,-0.079166666666666649,-7.8457626338778399e-17,-0.0041666666666666562,1.828274922015326e-17,-4.2503398842325573e-17,0.079166666666666732,-0.062500000000000042,-1.0203671208332733e-18,0.15833333333333341,-0.062500000000000028,-0.033333333333333361,-1.908748530523361e-17,0.008333333333333361,-0.0083333333333333939,-0.0625,0.0041666666666667308,0.033333333333333354,3.2596593064499083e-17,0.0083333333333333384,-5.0057204452058635e-18,1.5620577314750613e-17,0.016666666666666659,2.6593227473428465e-17,-0.079166666666666677,-0.016666666666666691,-0.0041666666666666796,0.016666666666666597,3.5725380712937662e-17,-0.0041666666666666579,0.0041666666666666406,-3.3698088530794556e-18,-0.0041666666666666822,-0.016666666666666659,-0.079166666666666691,0.058333333333333272,0.016666666666666712,-0.0041666666666666892,-0.016666666666666673,0.0041666666666666562,-2.3486919648083681e-17,-0.016666666666666684,-0.062499999999999979,-0.0041666666666667117
e086,-0.15833333333333321,0.062500000000000167,0.062500000000000014,0.033333333333333319,1.6173093693599711e-18,-7.9905631190403561e-19,-0.0041666666666666432,0.0041666666666666519,-0.079166666666666663,0.016666666666666673,0.058333333333333334,0.0041666666666666579,-0.016666666666666659,0.016666666666666618,7.1362535657698927e-18,2.5741791050342458e-17,-0.0083333333333333263,-8.0884286243110819e-18,6.2181418618960476e-18,0.0083333333333333176,-0.01666666666666667,0.0041666666666666536,0.016666666666666663,-0.0041666666666666579,-0.0041666666666666562,-3.1699803393073277e-17,0.0041666666666666779,4.6116266983507272e-18,-2.6209160333750593e-17,0.033333333333333319,-7.6809802006110471e-20,-0.033333333333333333,0.0083333333333333315,-4.2563313244370999e-18,-0.0083333333333333141,-7.7476813273326904e-18,0.079166666666666677,-0.062500000000000028,-0.016666666666666659,-8.5292835677530301e-19,0.058333333333333327,0.016666666666666663,0.0041666666666666467,-0.016666666666666618,-0.0041666666666666718,0.062499999999999993,0.016666666666666666,-0.079166666666666691,2.3805828789014202e-17,1.4443790474494388e-17,0.0041666666666666579,-0.0041666666666666683,-9.7342526311794858e-18,0.004166666666666664,0.016666666666666659,-0.016666666666666663,-2.5552962628742309e-18,-0.0083333333333333124,-0.033333333333333319,-0.062500000000000042,0.004166666666666664,-1.2643006685121296e-18,-0.0041666666666666649,0.016666666666666673,0.0041666666666666545,-0.016666666666666649,2.789782319235738e-18,0.079166666666666677,1.1683729778969519e-17,-0.0041666666666666657,-6.3528955195518022e-18,0.0041666666666666423,-0.0041666666666666501,-0.016666666666666666,0.016666666666666663,-0.016666666666666649,-0.016666666666666656,0.058333333333333369,0.0041666666666666692,-0.016666666666666666,-0.0041666666666666623,0.016666666666666646,-0.0041666666666666562,-0.01666666666666667,0.0083333333333333228,-0.062500000000000028,0.15833333333333341,-0.062499999999999993,0.0041666666666666545,1.4309036816838635e-17,-1.2066830529833193e-17,0.079166666666666649,-0.016666666666666663,-2.7275275740967813e-17,0.0041666666666666657,-1.7316699519202725e-18,-0.0041666666666666545,0.079166666666666691,-0.0041666666666666814,-0.016666666666666659,0.062500000000000125,-0.0041666666666666545,-6.6447040755302764e-18,0.0041666666666666467,0.0041666666666666761,-0.016666666666666646,0.016666666666666642,0.01666666666666667,-3.4653482699191312e-17,-0.004166666666666664,0.058333333333333418,-0.079166666666666691,0.0041666666666666657,-0.016666666666666677,3.807227032497249e-18,0.01666666666666667,0.0041666666666666718,-0.0041666666666666441,0.079166666666666663,-0.01666666666666667
e087,0.062499999999999993,0.016666666666666673,-0.079166666666666677,-9.1411619242234378e-18,0.004166666666666736,-0.0041666666666666215,-0.016666666666666646,0.016666666666666715,0.0583333333333333,0.0041666666666667403,-0.079166666666666746,0.016666666666666618,-0.0041666666666666874,0.0041666666666666657,0.016666666666666743,-0.016666666666666639,1.611603280506191e-18,0.00416666666666669,-0.0041666666666666701,-4.6730047157475881e-17,-0.0041666666666667178,0.016666666666666743,0.0041666666666666892,-0.016666666666666646,-0.016666666666666653,0.0041666666666667265,0.016666666666666649,-0.0041666666666666918,0.016666666666666663,0.062500000000000042,-0.079166666666666705,-3.0564780264506549e-19,3.5434987300269647e-18,0.0041666666666666892,4.0195741504780429e-17,-0.004166666666666716,-0.058333333333333313,0.079166666666666649,-0.0041666666666667134,-0.016666666666666614,-0.079166666666666677,0.0041666666666667195,-3.5994814675385213e-17,-0.0041666666666666527,-1.6119792774148412e-17,-0.15833333333333335,0.062500000000000028,0.0625,0.033333333333333326,-0.0083333333333333766,2.5368664180919482e-17,-3.7976350382988845e-18,0.0083333333333333731,0.016666666666666677,-5.12223614678287e-18,1.9987782484920352e-17,0.0041666666666666735,2.9640195396727789e-17,-0.062500000000000028,-0.033333333333333347,-7.4193513057270473e-17,-0.0083333333333333783,0.079166666666666691,2.8316605527844653e-17,-0.016666666666666663,0.0041666666666667386,0.016666666666666601,-0.0041666666666666796,0.016666666666666687,0.016666666666666677,0.0041666666666666831,-0.016666666666666666,0.016666666666666677,0.004166666666666664,0.0583333333333333,0.0041666666666666675,-0.0041666666666667239,0.016666666666666701,1.2377083027178983e-17,0.0041666666666666805,-5.2404006035431478e-17,2.1430433696657971e-17,-0.016666666666666708,1.06135835232001e-17,-3.3619602580557043e-18,-0.033333333333333361,-0.062499999999999993,0.15833333333333341,4.6065650431990952e-17,-0.0083333333333333991,0.008333333333333354,1.0218172543452878e-17,-0.0041666666666667282,-0.033333333333333347,-7.4962737960464349e-17,-0.0083333333333333818,4.8522491458819801e-17,-0.0625,-0.016666666666666677,-1.7306811785889775e-17,0.016666666666666666,0.016666666666666666,0.004166666666666703,-0.016666666666666684,2.4214507754741745e-17,0.0041666666666666649,-0.0041666666666667247,0.062500000000000028,0.0041666666666666866,0.079166666666666691,0.01666666666666668,0.0041666666666666944,-0.016666666666666677,-0.058333333333333327,0.079166666666666718,-0.0041666666666666831,4.9801920821466267e-17,0.016666666666666649,6.7958102870012316e-18,0.0041666666666666467
e088,-0.0041666666666666501,-0.016666666666666653,0.016666666666666698,0.0041666666666665929,-0.0041666666666666857,0.0041666666666666952,1.3737594509394662e-17,6.4616045365034525e-17,1.8892083473610839e-17,-0.062499999999999965,-0.016666666666666705,0.079166666666666594,-0.0041666666666666753,0.004166666666666664,0.01666666666666668,-0.016666666666666729,-0.016666666666666708,-0.058333333333333307,-0.0041666666666667065,0.079166666666666705,-0.004166666666666605,1.5685542298281001e-17,0.0041666666666666467,-4.4169077965629616e-17,-0.079166666666666663,0.0041666666666666831,0.016666666666666777,0.058333333333333355,0.016666666666666694,0.004166666666666579,-0.01666666666666676,-0.0041666666666666163,0.016666666666666701,-0.0041666666666667369,-0.01666666666666668,0.0041666666666666952,-3.5805637364384709e-17,-0.016666666666666708,-0.062500000000000056,0.07916666666666676,-0.016666666666666725,-0.062499999999999986,-0.01666666666666668,-0.0041666666666666909,0.016666666666666708,-1.921240287445431e-17,-0.0041666666666667022,0.0041666666666666631,3.4889232635446623e-17,-0.062500000000000056,0.15833333333333346,-0.033333333333333347,-0.062500000000000042,2.4254473403340901e-17,0.0083333333333332968,-0.0083333333333333402,-0.0041666666666667004,-0.016666666666666632,-0.0041666666666666467,-2.8845304857603153e-17,-0.07916666666666676,2.6856334988556637e-17,-0.016666666666666673,-0.0041666666666667074,0.016666666666666663,0.058333333333333424,-0.079166666666666718,0.0041666666666666692,0.016666666666666708,6.5916929032204454e-18,0.0041666666666666649,-2.9478872616364632e-17,-0.016666666666666614,-5.0105784183415068e-17,-2.5771495505355475e-17,-0.0041666666666666415,-0.062500000000000028,1.2405833816401816e-17,0.033333333333333361,2.4922426789408481e-17,-0.033333333333333409,0.008333333333333302,2.1186818906693406e-17,-0.0083333333333333488,0.079166666666666677,-1.908748530523361e-17,0.0041666666666666545,4.6065650431990952e-17,0.15833333333333344,-0.062500000000000056,-0.0625,0.0083333333333333436,-0.0041666666666666415,-3.5820560930112453e-17,-0.079166666666666746,1.4445472262948661e-17,0.01666666666666667,-0.0041666666666666345,-0.016666666666666725,0.0041666666666666935,-0.016666666666666656,-0.016666666666666677,-0.0041666666666666718,0.016666666666666625,-0.016666666666666684,-0.0041666666666666545,-0.058333333333333431,-0.0041666666666666623,0.0041666666666666701,-0.016666666666666687,3.029015688459312e-17,-0.0041666666666666944,-1.4066183594668329e-17,3.5905533668743891e-17,0.016666666666666718,-1.7116171147512849e-17,0.033333333333333388,3.7948658159155761e-17,0.0083333333333333228,-3.3881850379821656e-17
e089,-1.0556540568328913e-17,-0.00416666666666669,0.0041666666666666961,-4.3198222173204935e-18,-0.016666666666666659,0.016666666666666604,0.0041666666666666952,-0.0041666666666667082,0.016666666666666646,-0.016666666666666673,0.0041666666666666076,-0.004166666666666684,0.016666666666666663,-0.079166666666666718,0.058333333333333383,0.0041666666666666718,-2.0619999711141292e-17,-0.01666666666666668,0.016666666666666743,-1.2931848020996156e-17,0.016666666666666649,-0.004166666666666684,-0.016666666666666632,0.0041666666666666562,0.0041666666666666605,-0.016666666666666729,-0.0041666666666667533,0.016666666666666597,-0.0041666666666666779,-1.1486800630414793e-17,0.0041666666666667187,2.0218793515610416e-17,2.6934595667819599e-18,-0.016666666666666642,-3.3174987462559922e-17,0.016666666666666659,-0.016666666666666635,-0.0041666666666666588,0.079166666666666705,-0.058333333333333383,0.0041666666666666892,-0.01666666666666667,-0.062500000000000014,0.079166666666666705,-4.2110288966364083e-18,0.0083333333333333835,3.7163800285498588e-17,-7.9370233236699343e-18,-0.0083333333333333818,0.15833333333333341,-0.062500000000000056,-0.062500000000000028,-0.033333333333333319,-0.0041666666666666944,-3.1088208506573566e-17,2.3423101002277282e-17,-0.016666666666666639,-4.4453882734206144e-17,2.6806466544113455e-17,0.0083333333333333558,0.062500000000000014,0.033333333333333354,-0.004166666666666703,7.0364655764979089e-17,0.0041666666666666996,-0.079166666666666705,0.05833333333333339,0.016666666666666663,0.058333333333333362,-0.0041666666666666467,-0.016666666666666715,0.0041666666666666892,-0.0041666666666666987,-0.016666666666666666,0.016666666666666653,-0.016666666666666708,0.079166666666666705,-0.0041666666666666475,0.062500000000000028,-0.079166666666666718,-8.3940242021239125e-18,-3.773585337928668e-17,0.0041666666666666935,2.6203625098217222e-17,-1.4666571496972961e-17,0.008333333333333361,1.4309036816838635e-17,-0.0083333333333333991,-0.062500000000000056,0.15833333333333341,-0.03333333333333334,1.1710730946575454e-18,0.016666666666666712,0.0083333333333333835,0.062500000000000014,0.033333333333333354,0.062500000000000028,-2.0829144037196711e-17,0.0041666666666667004,-4.2321023795953031e-17,-0.0041666666666667221,-0.0041666666666666926,-0.016666666666666642,0.0041666666666666848,-1.2657796275485297e-19,-0.016666666666666698,0.079166666666666732,2.7621224828727661e-17,-0.01666666666666667,-0.0041666666666667048,-0.0041666666666666545,-0.016666666666666673,0.0041666666666666579,-0.016666666666666646,-0.0041666666666666952,0.079166666666666705,-2.0143166537369308e-18,-0.0041666666666667247,2.3865708289605368e-17,-0.016666666666666673
e090,1.0944028187454792e-17,0.0041666666666666666,-0.004166666666666762,2.2614894414735891e-17,0.01666666666666667,-0.016666666666666646,-0.0041666666666667108,0.0041666666666666892,-0.016666666666666691,0.079166666666666649,-0.0041666666666666241,-0.058333333333333237,-0.016666666666666642,0.016666666666666659,0.0041666666666666961,-0.0041666666666667022,4.078959663658767e-17,0.079166666666666663,-0.016666666666666684,-0.062500000000000028,-0.016666666666666687,0.0041666666666666822,0.01666666666666667,-0.0041666666666666892,0.0583333333333333,0.016666666666666736,0.0041666666666665738,-0.079166666666666649,0.004166666666666716,3.2174497898755338e-17,-0.004166666666666638,-4.6703317911515725e-17,-4.3052391262398168e-17,0.079166666666666774,-0.062500000000000028,-0.016666666666666684,0.01666666666666668,0.0041666666666667117,-0.01666666666666668,-0.0041666666666666753,-0.0041666666666666961,0.079166666666666732,-6.0024193911098972e-18,-0.016666666666666659,3.0527075488992858e-17,-0.0083333333333333835,-2.3348884239190446e-17,7.4877298384625589e-17,0.0083333333333333315,-0.033333333333333333,-0.062500000000000028,-0.062500000000000056,0.15833333333333338,0.0041666666666666996,2.3158421805689215e-17,3.6155399634910607e-18,0.079166666666666746,-0.062500000000000069,2.5391532129032369e-17,-0.0083333333333333905,1.4749704153988834e-17,-0.033333333333333375,0.0041666666666666475,3.2082121167015736e-17,-0.0041666666666667221,0.016666666666666666,0.0041666666666666597,-0.016666666666666677,0.004166666666666664,0.0041666666666666805,0.016666666666666705,-0.0041666666666666328,-0.05833333333333339,0.079166666666666746,-0.016666666666666666,0.016666666666666691,-0.016666666666666687,0.0041666666666666744,0.062500000000000028,0.016666666666666659,1.8143944031356449e-17,2.7087699862443194e-17,-0.00416666666666671,1.3403173130729846e-17,-0.062499999999999986,-0.0083333333333333939,-1.2066830529833193e-17,0.008333333333333354,-0.0625,-0.03333333333333334,0.15833333333333338,4.1879924834447324e-17,-0.016666666666666687,-0.0083333333333333124,2.3617395148359694e-18,-0.033333333333333361,2.4385821583167895e-18,-8.4300289651448668e-17,-0.0041666666666665868,-3.3206503511716455e-17,0.0041666666666666631,0.0041666666666667325,0.016666666666666656,0.058333333333333383,-2.5231067445819231e-17,0.016666666666666708,-0.016666666666666656,-3.8886140509743847e-17,0.016666666666666732,0.0041666666666666857,0.0041666666666666727,0.016666666666666715,-0.0041666666666666874,0.016666666666666632,0.0041666666666666866,-0.016666666666666653,7.5516474565500065e-18,0.0041666666666666163,5.3362900228992856e-17,0.079166666666666718
e091,-0.07916666666666658,0.058333333333333452,0.0041666666666666883,0.01666666666666667,-0.016666666666666708,0.016666666666666764,1.0990954464718202e-17,-1.6866918213244252e-17,1.5995995328095445e-17,9.3406864531944785e-18,-0.0041666666666666909,0.0041666666666665591,-0.016666666666666666,0.016666666666666642,0.0041666666666666952,-0.0041666666666666796,-0.004166666666666599,0.01666666666666667,-0.016666666666666659,0.0041666666666665842,-0.016666666666666701,9.190655114339021e-17,0.016666666666666663,1.2139683686023799e-18,-0.0041666666666666189,0.079166666666666718,-0.05833333333333339,-0.01666666666666667,0.0041666666666666866,0.016666666666666625,-0.0041666666666666371,-0.01666666666666668,0.004166666666666625,-0.016666666666666611,-0.0041666666666667169,0.016666666666666729,-3.0741144873898309e-17,-0.0041666666666666571,-3.1269911299774964e-17,0.0041666666666667265,-0.004166666666666684,-1.070521608836635e-17,-0.0041666666666666961,-0.016666666666666621,0.0041666666666666354,2.6241040762122528e-18,-0.01666666666666675,0.079166666666666718,-0.062500000000000014,9.1565131603691858e-19,0.0083333333333333488,-0.008333333333333387,5.9118739376966845e-17,-2.4276145188097989e-18,0.033333333333333381,-0.033333333333333361,-0.016666666666666618,-0.0041666666666667204,-0.016666666666666621,-0.0625,-0.0041666666666667369,4.1918701521547437e-17,-0.0041666666666666605,-0.016666666666666673,0.0041666666666666328,-0.016666666666666618,-0.0041666666666666944,0.079166666666666663,0.0041666666666667013,2.3344381266432972e-17,0.01666666666666668,0.062499999999999972,-0.0041666666666666978,5.5377876993854104e-17,-2.2428836796651322e-17,-0.016666666666666732,-2.8086215047079935e-17,0.062499999999999958,0.0083333333333333974,-2.4241486444393284e-17,-0.0083333333333333263,0.033333333333333388,-4.4979887746829636e-17,-0.033333333333333361,0.0041666666666665929,-0.0625,0.079166666666666649,1.0218172543452878e-17,0.0083333333333333436,1.1710730946575454e-18,4.1879924834447324e-17,0.15833333333333333,-0.016666666666666708,0.062499999999999993,-0.0041666666666667438,3.9592257366628156e-17,0.0041666666666666952,-0.079166666666666732,0.058333333333333369,0.016666666666666691,0.058333333333333376,-0.004166666666666625,-0.016666666666666705,0.0041666666666666996,-0.0041666666666666137,-0.016666666666666743,0.016666666666666628,-0.016666666666666715,0.079166666666666663,-0.0041666666666666753,0.062499999999999993,-0.079166666666666691,-4.0140333908109178e-17,2.627316399305031e-17,0.0041666666666666631,1.6435230802497652e-17,0.0083333333333333297,-0.062499999999999972,0.15833333333333335,4.0694519786835006e-17
e092,0.016666666666666628,-0.0041666666666666805,0.0041666666666666276,-0.016666666666666649,-0.079166666666666691,0.016666666666666604,-6.3226581093241042e-17,0.062500000000000083,-2.8069414863623526e-17,-3.0270633707879992e-17,0.0083333333333333211,-0.0083333333333332656,0.033333333333333263,-0.033333333333333305,9.841447767042397e-17,-9.0722435705319007e-18,0.0041666666666666302,2.5445868162259192e-17,7.0462258576840905e-17,-0.0041666666666666779,0.15833333333333344,-0.062499999999999965,-0.033333333333333291,-0.062500000000000167,0.0083333333333333558,4.5402900749415472e-17,-0.0083333333333333211,3.3968410889946451e-17,-2.7537966824723173e-17,-0.016666666666666594,4.5268668491627869e-17,0.016666666666666653,-0.0041666666666666172,-0.01666666666666668,-0.058333333333333397,0.079166666666666705,3.3273585291553947e-17,-0.0041666666666666579,-3.8052439411357752e-18,0.0041666666666666805,0.0083333333333333731,1.6940631525095828e-17,0.062500000000000069,0.033333333333333368,0.062500000000000042,0.0041666666666667377,4.1636668436613843e-17,-3.6147586956476355e-17,-0.0041666666666666649,0.016666666666666684,-0.0041666666666666831,0.0041666666666666666,-0.016666666666666649,2.630463624613135e-17,-0.07916666666666676,0.016666666666666642,-0.016666666666666666,-0.05833333333333339,0.016666666666666621,0.0041666666666667447,3.4434075881892793e-17,0.079166666666666718,0.0041666666666666605,-1.6017814560969856e-17,-0.004166666666666651,0.016666666666666694,-0.0041666666666666996,-0.016666666666666673,3.4747611084693664e-17,-0.0041666666666666727,-2.6732136877936472e-17,0.0041666666666667239,0.0041666666666667221,-0.01666666666666668,0.016666666666666646,0.079166666666666718,-2.8699783330093696e-17,0.058333333333333355,-0.004166666666666664,-0.016666666666666732,0.0041666666666666918,-0.079166666666666705,0.062500000000000056,0.016666666666666639,-0.0041666666666666822,0.0041666666666667308,-0.016666666666666663,-0.0041666666666667282,-0.0041666666666666415,0.016666666666666712,-0.016666666666666687,-0.016666666666666708,0.15833333333333344,0.0041666666666666605,2.8721686886408329e-18,0.079166666666666718,-0.062500000000000014,3.3118108416970651e-17,0.0083333333333332968,5.7374559001330823e-19,-0.0041666666666667369,0.0041666666666666354,-0.016666666666666611,-0.0041666666666667169,-0.062500000000000028,0.079166666666666691,-0.01666666666666668,2.4108416277103646e-17,-1.0932920776070115e-17,0.0041666666666666805,0.058333333333333341,0.016666666666666684,0.0041666666666667117,-0.016666666666666649,-1.1972037822399097e-17,0.016666666666666718,-0.0041666666666666918,-0.0041666666666667126,-0.016666666666666708,-0.016666666666666687
e093,-1.3235619436848271e-17,-0.016666666666666597,0.016666666666666601,2.9320086519271816e-18,-0.0041666666666666493,-0.058333333333333355,0.079166666666666732,-0.016666666666666656,0.0041666666666667022,-0.0041666666666666935,0.016666666666666718,-0.016666666666666725,0.004166666666666677,-0.0041666666666666675,-0.016666666666666725,0.01666666666666668,2.5783391648152199e-17,-0.0041666666666666657,0.0041666666666666623,-3.5386404771177355e-17,0.0041666666666666553,-0.016666666666666601,-0.0041666666666666501,0.016666666666666698,0.016666666666666739,0.058333333333333397,-0.079166666666666732,0.0041666666666666553,-0.016666666666666677,-4.059226079285191e-17,0.016666666666666722,-1.7569420602795277e-17,-3.3199607556878565e-17,-0.0041666666666666553,-2.0127379598101081e-17,0.0041666666666667195,-0.0041666666666666952,-0.016666666666666594,0.0041666666666666319,0.016666666666666677,0.016666666666666649,-0.0041666666666666631,-1.0647768985895951e-17,0.0041666666666667247,-6.4639685102040633e-17,0.033333333333333326,0.062500000000000028,0.062500000000000028,-0.15833333333333341,0.0083333333333333627,-2.5070935307728499e-17,-1.5357657166790402e-17,-0.0083333333333333124,-0.079166666666666718,2.9554530643351566e-17,0.062500000000000042,-0.0041666666666666545,-4.1508665586291768e-17,1.5936547719292237e-17,0.033333333333333333,3.3768600443200025e-17,0.008333333333333354,-0.01666666666666668,2.1268726809068571e-17,0.079166666666666691,-0.0041666666666666371,-0.016666666666666656,0.004166666666666684,-0.016666666666666621,-0.016666666666666694,-0.0041666666666666406,0.079166666666666705,-0.01666666666666668,-0.004166666666666664,0.0041666666666666432,-0.0041666666666666814,0.004166666666666631,-0.016666666666666698,2.8260345641681692e-17,-0.0041666666666667377,5.177004960605292e-17,3.7448068556897068e-17,0.016666666666666646,0.062500000000000028,-1.2834999583478863e-17,0.033333333333333354,-2.7275275740967813e-17,-0.033333333333333347,-3.5820560930112453e-17,0.0083333333333333835,-0.0083333333333333124,0.062499999999999993,0.0041666666666666605,0.15833333333333338,3.2988520976861487e-17,0.0083333333333333297,-9.7788729926564666e-18,-0.062500000000000042,0.079166666666666705,-3.041966619377174e-17,-0.016666666666666621,-0.079166666666666705,0.058333333333333369,0.016666666666666673,7.5774236626772638e-17,-0.0041666666666667187,0.0041666666666666397,0.062500000000000014,0.058333333333333327,-0.01666666666666668,-0.016666666666666687,-0.0041666666666667343,0.016666666666666722,-0.0041666666666666536,-0.016666666666666739,0.0041666666666667308,-6.1311028723925353e-17,-0.079166666666666691,0.062500000000000028,-0.0041666666666666718
e094,-0.0041666666666666389,0.016666666666666632,-0.016666666666666725,0.0041666666666666753,0.0041666666666666779,-0.0041666666666666961,-0.016666666666666712,0.016666666666666646,-0.0041666666666666605,0.0041666666666666605,-7.7228065100557341e-18,9.8455698765220679e-18,1.2330947145536588e-17,-7.5895341929540292e-18,-0.016666666666666677,0.016666666666666774,-0.016666666666666705,-0.0041666666666666146,-0.0583333333333333,0.079166666666666649,-4.2230641686756149e-17,0.016666666666666729,4.7662871175965344e-18,-0.016666666666666666,2.7524457005922986e-17,-0.0041666666666668392,8.2813710380339964e-18,0.0041666666666665721,-0.016666666666666712,0.0041666666666666709,0.016666666666666774,-0.0041666666666666666,0.016666666666666701,0.0041666666666666215,-0.016666666666666663,-0.0041666666666666623,0.0041666666666666848,0.016666666666666673,0.058333333333333348,-0.079166666666666691,5.6711962597721074e-17,0.0041666666666666822,0.033333333333333381,1.6975929012705152e-17,-0.033333333333333375,7.0971345965670903e-17,0.0083333333333333107,-0.0083333333333333818,-1.3259617449959312e-17,0.062500000000000028,-0.07916666666666676,0.016666666666666708,2.5563666006025764e-17,0.016666666666666649,-0.0041666666666666735,0.004166666666666677,0.0041666666666666033,-0.01666666666666667,-0.0041666666666666111,5.1678551300243961e-17,0.15833333333333338,-0.0625,-2.2859528598890164e-17,0.0083333333333333211,6.1127127814666181e-17,-0.062500000000000028,0.079166666666666677,-2.7044259927084774e-18,-0.016666666666666694,-0.079166666666666705,0.058333333333333307,0.016666666666666646,4.1001555607392043e-17,-0.0041666666666666718,0.0041666666666666163,0.062499999999999972,0.058333333333333348,-0.016666666666666722,-0.016666666666666718,-0.0041666666666666553,0.016666666666666712,-0.0041666666666666753,-0.016666666666666666,0.0041666666666666996,0.079166666666666663,3.2596593064499083e-17,0.0041666666666666657,-7.4962737960464349e-17,-0.079166666666666746,0.062500000000000014,2.3617395148359694e-18,-0.0041666666666667438,2.8721686886408329e-18,3.2988520976861487e-17,0.15833333333333338,-0.062499999999999993,-0.033333333333333381,0.0083333333333333419,-5.3814042282308224e-17,-0.008333333333333276,0.016666666666666642,-5.2453510434782152e-17,0.0041666666666666978,-4.0604610812869688e-17,0.033333333333333375,0.062499999999999958,0.062500000000000042,0.0083333333333333211,-0.0041666666666667074,-3.3120925156863607e-17,-0.016666666666666701,3.0166113012562585e-17,0.079166666666666705,-0.0041666666666666154,-0.016666666666666757,0.0041666666666666692,-0.01666666666666667,-0.01666666666666667,-0.0041666666666667169,-0.0041666666666666718
e095,-1.0261965068205253e-17,-0.0041666666666666814,0.0041666666666666892,-4.5864951431794302e-19,-0.079166666666666732,0.01666666666666659,0.0041666666666666805,0.058333333333333341,0.016666666666666628,-0.016666666666666722,0.0041666666666666206,-0.0041666666666666657,0.016666666666666614,-0.016666666666666642,-0.0041666666666666406,0.0041666666666666319,-9.1439561458533232e-18,-0.016666666666666718,0.079166666666666746,-0.062500000000000028,0.079166666666666732,-0.0041666666666667273,-0.016666666666666632,-0.058333333333333404,0.0041666666666666475,-0.016666666666666483,-0.0041666666666667091,0.01666666666666675,-0.0041666666666666926,1.4148384842864621e-17,0.0041666666666666978,2.8919503162303119e-18,4.9131060386878502e-18,-0.016666666666666614,-0.062500000000000042,0.079166666666666677,-0.016666666666666649,-0.0041666666666666345,0.016666666666666677,0.0041666666666666371,0.0041666666666666822,-0.016666666666666705,0.062500000000000042,0.016666666666666666,1.2687618101819826e-17,0.0083333333333333749,6.157134569603293e-17,3.1648630227317832e-17,-0.0083333333333333679,0.033333333333333333,-1.1827454781616781e-18,1.6433014512618008e-17,-0.03333333333333334,-0.0041666666666666649,-5.4752450341885918e-17,1.734590293783462e-17,-0.01666666666666659,-0.062500000000000056,-2.8088998479955378e-17,0.0083333333333333471,-0.0625,0.15833333333333341,-0.0041666666666666926,2.2483738332390018e-17,0.0041666666666666562,-0.016666666666666666,-0.0041666666666666284,0.016666666666666673,-0.0041666666666666753,0.058333333333333397,-0.079166666666666732,0.0041666666666667412,-0.0041666666666666796,-0.016666666666666653,0.016666666666666653,-0.079166666666666649,0.016666666666666663,-0.0041666666666665972,-1.519080554762304e-18,-0.01666666666666668,2.9609932472908454e-17,-5.32296440314622e-17,0.0041666666666666935,3.3225038371525681e-19,-0.062500000000000042,0.0083333333333333384,-1.7316699519202725e-18,-0.0083333333333333818,1.4445472262948661e-17,0.033333333333333354,-0.033333333333333361,3.9592257366628156e-17,0.079166666666666718,0.0083333333333333297,-0.062499999999999993,0.15833333333333341,-0.062500000000000028,-3.3749815366682978e-18,0.0041666666666666935,-4.9265993627253987e-17,-0.0041666666666666926,-0.0041666666666666753,-0.016666666666666621,0.0041666666666666874,-1.1957627861246116e-17,-0.079166666666666663,0.016666666666666649,1.792851580178337e-17,-0.016666666666666646,-0.004166666666666677,-0.0041666666666666467,-0.016666666666666691,-0.058333333333333369,-0.016666666666666656,-0.0041666666666666961,0.016666666666666659,-4.5222443756699718e-17,-0.0041666666666667213,2.519639648379308e-17,-0.016666666666666653
e096,0.0041666666666666484,-0.016666666666666635,0.016666666666666722,-0.0041666666666666848,0.05833333333333339,0.004166666666666716,0.016666666666666687,-0.079166666666666677,0.0041666666666666727,-0.0041666666666666284,-4.9891901295853072e-18,-1.0881391656702472e-17,5.0949761820567005e-18,-0.062500000000000069,0.079166666666666718,-0.016666666666666705,0.016666666666666653,0.0041666666666666909,-0.0041666666666666944,-0.016666666666666646,-0.062500000000000042,-0.016666666666666701,1.8118546813713651e-17,0.079166666666666705,-3.3609626900270406e-17,0.0041666666666665859,-1.5284147291858364e-17,-0.0041666666666667603,0.016666666666666705,-0.0041666666666667082,-0.016666666666666739,0.0041666666666666926,-0.01666666666666667,-0.0041666666666666866,0.079166666666666677,-0.058333333333333341,-0.0041666666666666605,-0.016666666666666677,0.0041666666666666484,0.016666666666666656,-5.2488841789030958e-17,-0.0041666666666666605,-0.15833333333333344,0.062500000000000028,0.033333333333333354,-5.3089707073502241e-17,-0.0083333333333333714,0.0083333333333333471,2.7025455773129032e-17,0.062500000000000028,0.016666666666666715,-0.079166666666666732,1.1375395513341842e-18,-0.016666666666666642,0.0041666666666666779,-0.004166666666666697,-0.0041666666666666952,0.079166666666666691,0.0041666666666666666,-3.1026572584857968e-17,-0.033333333333333395,-0.062500000000000028,-5.726236801011842e-18,-0.0083333333333333211,5.850884875399993e-19,-1.6311718552326343e-17,-0.016666666666666646,-2.083683046924669e-17,0.079166666666666718,0.016666666666666694,0.0041666666666666735,-0.016666666666666705,-2.6892844341001815e-17,0.0041666666666666553,-0.0041666666666666649,-1.8931996196442835e-17,0.0041666666666666753,0.016666666666666666,0.079166666666666718,-0.058333333333333383,-0.016666666666666722,0.0041666666666666735,0.016666666666666684,-0.0041666666666667004,-0.016666666666666659,-5.0057204452058635e-18,-0.0041666666666666545,4.8522491458819801e-17,0.01666666666666667,0.062500000000000028,2.4385821583167895e-18,0.0041666666666666952,-0.062500000000000014,-9.7788729926564666e-18,-0.033333333333333381,-0.062500000000000028,0.15833333333333341,-0.0083333333333333696,1.5426483734715219e-17,0.0083333333333333297,-0.016666666666666659,1.5027422796251265e-17,-0.0041666666666667239,1.0107075410010097e-17,-0.033333333333333361,-8.6243073198775004e-18,1.6286555557502466e-17,-0.0083333333333333402,0.0041666666666666883,-4.5026531641636328e-18,0.016666666666666691,7.9813223396894293e-18,-0.016666666666666712,0.0041666666666666597,0.016666666666666732,0.058333333333333383,0.016666666666666694,0.016666666666666666,0.0041666666666667065,0.0041666666666666493
e097,-0.079166666666666607,0.0041666666666666467,0.058333333333333348,0.016666666666666659,0.016666666666666698,-0.016666666666666753,-0.0041666666666666649,0.0041666666666666683,-0.079166666666666691,0.016666666666666628,0.062500000000000069,1.2395420912682283e-16,1.4816475371065443e-17,1.2116288621344798e-17,-0.0041666666666666892,0.00416666666666669,-0.004166666666666703,-0.016666666666666722,0.016666666666666698,0.0041666666666667256,2.791393798904023e-17,0.0041666666666665729,-2.4951519488542151e-18,-0.0041666666666666614,-6.6983975478634136e-17,-0.07916666666666676,0.062500000000000069,0.016666666666666718,-0.0041666666666666883,0.016666666666666701,0.0041666666666666276,-0.016666666666666666,0.0041666666666666814,0.016666666666666621,-0.004166666666666592,-0.016666666666666739,0.079166666666666718,-0.05833333333333339,-0.016666666666666653,-0.0041666666666667004,0.062500000000000042,0.016666666666666632,0.0083333333333333523,-3.4576707047129407e-17,-0.0083333333333332985,0.0625,0.033333333333333402,-0.15833333333333344,0.062500000000000056,-1.6236913568634069e-17,-0.0041666666666666328,0.0041666666666667473,-9.937069984899718e-17,0.0041666666666666796,-0.016666666666666729,0.016666666666666694,0.016666666666666632,-0.0041666666666665842,-0.016666666666666705,1.5620577314750613e-17,0.0083333333333333471,-9.1708726435411918e-18,2.6947053628024354e-17,0.033333333333333347,-1.5943109066034656e-17,-2.3396033736690143e-17,0.0041666666666666692,-1.6150964302424233e-17,-0.0041666666666667004,-0.0041666666666666527,-0.016666666666666712,-0.058333333333333341,6.0170877882788026e-17,-0.016666666666666715,0.016666666666666691,3.0048534760001841e-17,-0.016666666666666649,-0.0041666666666666562,-0.0041666666666667516,-0.016666666666666632,0.0041666666666666805,-0.016666666666666746,-0.004166666666666625,0.016666666666666694,0.0041666666666667117,1.5620577314750613e-17,0.079166666666666691,-0.0625,-0.0041666666666666345,-2.0829144037196711e-17,-8.4300289651448668e-17,-0.079166666666666732,3.3118108416970651e-17,-0.062500000000000042,0.0083333333333333419,-3.3749815366682978e-18,-0.0083333333333333696,0.15833333333333344,-0.062500000000000028,-0.033333333333333354,0.0041666666666666866,1.0305257769110033e-17,0.016666666666666687,-6.1550940394744765e-17,0.0083333333333332777,4.9957416172884507e-17,1.6447030192570259e-17,0.033333333333333368,-0.079166666666666718,3.6804112365793338e-17,-0.0041666666666666389,3.1998678084410814e-17,0.0041666666666666666,-0.016666666666666705,-0.004166666666666638,0.016666666666666632,-0.0041666666666666666,0.058333333333333334,-0.079166666666666774,-0.016666666666666694
e098,0.0041666666666666302,-0.016666666666666594,0.016666666666666632,-0.004166666666666612,-0.0041666666666666397,0.0041666666666667004,-9.2653510849279216e-18,-6.0560039041294825e-17,1.1801675521036164e-19,4.7296617213579105e-17,0.033333333333333263,-0.033333333333333354,0.0083333333333333905,-0.0083333333333333696,-5.9847030989725987e-17,4.2224076318692162e-18,0.079166666666666677,-0.062499999999999958,6.4174182378507337e-17,-0.016666666666666784,0.0083333333333332794,1.352144714260571e-16,-0.0083333333333333731,4.5977463858500438e-17,0.033333333333333423,0.062500000000000014,-0.15833333333333338,0.062499999999999972,-1.4495195234737196e-17,-0.0041666666666667152,9.0904348720101544e-17,0.0041666666666666284,-0.079166666666666677,0.058333333333333341,0.016666666666666653,0.0041666666666666831,-2.3536783680897257e-17,-0.016666666666666583,-5.5040983951265964e-17,0.016666666666666691,0.033333333333333312,8.7924311573517633e-17,-2.7479179231224293e-17,0.0083333333333333922,-7.6878413705512713e-17,0.016666666666666698,-1.7631258266196455e-17,0.062500000000000042,-0.079166666666666705,0.0041666666666666892,-0.016666666666666732,0.016666666666666618,-0.0041666666666665781,-1.9258303668129536e-17,-0.0041666666666666475,0.0041666666666666779,0.058333333333333355,0.016666666666666653,0.0041666666666667256,0.016666666666666656,-2.5010367258033755e-17,0.0041666666666666918,0.016666666666666649,0.062500000000000028,-0.079166666666666663,0.0041666666666667082,-0.016666666666666673,-0.0041666666666666432,-6.4590996857748758e-18,-0.016666666666666642,-2.8883457626968519e-17,0.079166666666666705,0.016666666666666618,-0.0041666666666667013,0.0041666666666666805,0.0041666666666666076,-6.5426732598294664e-17,-0.016666666666666705,-0.016666666666666649,-0.004166666666666762,0.016666666666666718,-0.0041666666666666493,-4.1643283113645898e-17,0.0041666666666666918,-0.016666666666666788,0.016666666666666659,-0.0041666666666666814,-0.016666666666666677,-0.016666666666666725,0.0041666666666667004,-0.0041666666666665868,0.058333333333333369,0.0083333333333332968,0.079166666666666705,-5.3814042282308224e-17,0.0041666666666666935,1.5426483734715219e-17,-0.062500000000000028,0.15833333333333338,-0.062500000000000042,-0.016666666666666639,0.079166666666666663,-0.0041666666666666987,-0.016666666666666618,9.3751324005534459e-17,0.0041666666666665625,-0.0041666666666667013,-8.3884067643253552e-18,0.062500000000000014,0.016666666666666618,-0.016666666666666694,0.0041666666666666198,0.016666666666666642,-0.0041666666666666961,-8.1182631931571954e-17,0.0041666666666667499,-0.016666666666666732,-0.079166666666666691,0.058333333333333369,-0.0041666666666666909
e099,0.016666666666666614,-0.0041666666666666857,0.0041666666666666926,-0.016666666666666677,-0.016666666666666743,0.016666666666666666,0.0041666666666666432,-0.0041666666666666519,0.016666666666666628,-0.079166666666666649,0.062499999999999993,-2.6704704304457098e-17,-6.8319643250673625e-17,5.8839023451797119e-17,0.0041666666666666987,-0.0041666666666666805,-0.058333333333333369,0.079166666666666718,-0.016666666666666784,-0.0041666666666665807,-5.4977865759055165e-18,-0.0041666666666667108,5.7555692886318119e-17,0.0041666666666666293,-4.3780576449800293e-17,0.016666666666666757,0.062500000000000056,-0.079166666666666732,0.0041666666666666727,-0.016666666666666687,-0.0041666666666666935,0.016666666666666677,0.058333333333333362,-0.079166666666666691,0.0041666666666666735,0.016666666666666698,-0.016666666666666628,-0.004166666666666664,0.01666666666666667,0.0041666666666666345,0.0625,-0.079166666666666705,-0.0083333333333333263,-4.9434196355771289e-17,0.0083333333333333436,7.4735379251716508e-18,-0.033333333333333402,0.033333333333333354,2.8070840042402447e-17,-4.3266456894440967e-17,0.0041666666666667152,-0.0041666666666666432,-2.1713960483370111e-17,-0.0041666666666666302,0.016666666666666691,-0.01666666666666675,-0.079166666666666718,0.0041666666666666493,0.016666666666666642,2.0955376176503842e-17,-0.0083333333333333003,-3.1256098021295003e-17,0.062499999999999986,-0.15833333333333338,0.062500000000000042,-2.2379596825663509e-17,-0.0041666666666666389,-1.8352988671929773e-17,0.0041666666666666909,0.0041666666666666441,0.016666666666666743,-0.0041666666666666926,7.9612882982953382e-18,0.079166666666666691,-0.016666666666666715,3.6015743684553166e-17,0.016666666666666677,0.0041666666666666831,0.0041666666666666631,0.016666666666666684,0.0583333333333333,0.01666666666666668,0.0041666666666666883,-0.016666666666666757,-0.0041666666666665738,2.6593227473428465e-17,-0.016666666666666659,-1.7306811785889775e-17,0.0041666666666666935,-4.2321023795953031e-17,-3.3206503511716455e-17,0.016666666666666691,5.7374559001330823e-19,-3.041966619377174e-17,-0.008333333333333276,-4.9265993627253987e-17,0.0083333333333333297,-0.033333333333333354,-0.062500000000000042,0.15833333333333338,-0.0041666666666667074,-0.062500000000000014,-0.016666666666666666,-2.5627713938459257e-17,-0.0083333333333333488,4.2340534913067902e-17,6.3967194385270238e-18,-0.033333333333333368,0.016666666666666705,0.0625,0.0041666666666666571,3.6563972969253326e-18,-0.0041666666666666562,0.016666666666666722,0.0041666666666666831,-0.016666666666666677,-0.058333333333333327,0.0041666666666666883,0.016666666666666687,0.079166666666666649
e100,-0.0625,0.15833333333333363,-0.033333333333333347,-0.062500000000000028,0.0083333333333334772,-0.008333333333333328,-4.432221624550165e-17,-4.6698169936469558e-17,1.6317092007377755e-17,4.9782027032004672e-17,-0.016666666666666659,0.016666666666666618,-0.0041666666666667152,-0.058333333333333383,-0.016666666666666656,0.079166666666666816,-3.2388521893498723e-17,-0.0041666666666666909,0.0041666666666667299,-1.528075770709494e-17,-0.0041666666666667438,-2.3116002359182704e-17,0.0041666666666667108,5.3254406009073761e-17,-0.016666666666666653,-0.0041666666666666796,0.016666666666666642,0.0041666666666666857,-0.079166666666666802,5.1948008878074304e-17,0.016666666666666684,0.062500000000000028,2.1312652054916183e-17,0.0083333333333333714,5.1697275164792561e-17,-0.0083333333333334529,7.4269355700547932e-18,0.03333333333333334,-3.5277552540123124e-17,-0.033333333333333291,-0.016666666666666666,1.5053209855965117e-17,0.016666666666666677,0.058333333333333362,-0.079166666666666746,-0.016666666666666656,0.0041666666666667004,-0.0041666666666666796,0.016666666666666611,-0.0041666666666667013,-0.016666666666666656,0.016666666666666722,0.0041666666666666657,9.6399737987962528e-18,-0.0041666666666666952,0.0041666666666666666,0.0083333333333333644,4.7092603002662266e-17,-4.5285482285970553e-17,-0.079166666666666677,0.016666666666666628,-0.004166666666666697,-2.0240107301793865e-17,0.0041666666666667065,1.7583706056069728e-17,0.062500000000000083,0.033333333333333305,0.062500000000000069,-0.01666666666666668,0.016666666666666642,-0.0041666666666667265,-0.016666666666666607,-2.2958776148575612e-18,0.0041666666666666475,-0.0041666666666666692,-3.1665893335954088e-17,-2.3355580562590172e-17,0.079166666666666691,-0.016666666666666705,0.0041666666666666944,0.01666666666666667,-0.0041666666666667022,1.528848711824908e-17,0.0041666666666666579,-1.8316523790054352e-17,-0.079166666666666677,0.062500000000000125,0.016666666666666666,-0.016666666666666656,-0.0041666666666667221,0.0041666666666666631,0.058333333333333376,-0.0041666666666667369,-0.016666666666666621,0.016666666666666642,-0.0041666666666666926,-0.016666666666666659,0.0041666666666666866,-0.016666666666666639,-0.0041666666666667074,0.15833333333333349,-1.4114259104116114e-17,0.0083333333333333749,-1.6157540457054511e-18,0.079166666666666774,-2.3043298993761229e-17,-0.062500000000000069,0.004166666666666684,-0.0041666666666666744,-2.1723974984812786e-17,0.079166666666666774,-0.062500000000000056,-0.016666666666666646,0.0041666666666667004,-0.016666666666666694,-0.004166666666666697,-0.016666666666666646,0.016666666666666594,0.058333333333333397,0.0041666666666666501
e101,0.0041666666666666397,-2.1507029920116229e-18,2.5309952317136657e-17,-0.0041666666666666102,3.2371202010751649e-17,0.062500000000000028,-0.079166666666666788,0.016666666666666632,-0.0041666666666667039,0.0041666666666667377,0.016666666666666566,-0.016666666666666635,0.0041666666666666796,-0.00416666666666669,0.016666666666666677,-0.01666666666666667,0.079166666666666663,-0.058333333333333293,-0.004166666666666625,-0.016666666666666712,0.0041666666666666319,0.016666666666666725,-0.0041666666666666796,-0.016666666666666684,0.016666666666666691,0.004166666666666605,-0.079166666666666691,0.058333333333333327,0.016666666666666677,-0.0041666666666666588,-0.016666666666666625,0.0041666666666666449,-0.079166666666666649,0.062500000000000014,0.01666666666666667,-5.1468985724263359e-17,0.0041666666666666761,5.3473794102981594e-18,-0.0041666666666666944,1.6382389701339235e-17,0.01666666666666668,0.0041666666666667481,-5.7861145762195159e-18,0.0041666666666666579,-4.9764027408989184e-18,-0.016666666666666639,-0.062500000000000042,-6.0653046343383065e-19,0.079166666666666718,-0.00416666666666669,-0.016666666666666708,0.016666666666666653,0.0041666666666667447,0.079166666666666718,-0.0041666666666666944,-0.058333333333333369,0.062500000000000028,0.016666666666666691,0.0041666666666666892,-0.016666666666666684,-2.1827829662881005e-17,-0.0041666666666667004,0.033333333333333333,0.062500000000000014,-0.15833333333333344,0.0083333333333333419,-1.7265576917094474e-17,-0.0083333333333333315,0.016666666666666635,2.9447723205143208e-17,0.0041666666666666354,-3.3228128192410042e-19,0.033333333333333326,-2.5755596474912286e-17,9.847815272647118e-18,0.0083333333333333245,-0.0041666666666667039,-2.6048542690728023e-18,-0.016666666666666687,-1.5646713967378144e-17,0.016666666666666666,-0.0041666666666666978,-0.01666666666666668,-0.058333333333333355,-0.016666666666666729,-0.016666666666666691,-0.0041666666666666545,0.016666666666666666,-0.016666666666666677,-0.0041666666666666926,0.0041666666666667325,-0.004166666666666625,0.0041666666666666354,-0.079166666666666705,-5.2453510434782152e-17,-0.0041666666666666753,1.5027422796251265e-17,1.0305257769110033e-17,0.079166666666666663,-0.062500000000000014,-1.4114259104116114e-17,0.15833333333333338,-0.062500000000000028,-0.033333333333333326,1.4943149988882142e-17,0.0083333333333333228,-0.0083333333333333436,-0.062500000000000028,0.0041666666666666926,0.033333333333333305,-6.1848262704619652e-18,0.0083333333333333506,-2.7113657933485023e-17,-2.1856869633331256e-17,0.016666666666666656,1.2177267015424529e-17,-0.016666666666666673,-1.4081546410504402e-17,-0.0041666666666666623,-1.7630014735433564e-17
e102,1.0286847138588628e-17,0.0083333333333334095,-0.0083333333333333714,1.8073798587747228e-17,0.033333333333333305,-0.15833333333333333,0.062500000000000097,0.062500000000000139,2.1158759219459153e-18,-3.2894633032343875e-17,-0.0041666666666666319,0.0041666666666666449,-0.079166666666666691,0.016666666666666753,0.058333333333333334,0.004166666666666684,2.0807876919235384e-17,-0.016666666666666673,0.016666666666666625,1.5018966608461347e-17,-0.016666666666666635,-9.3677879835591095e-18,0.079166666666666732,-0.062500000000000097,-0.0041666666666666744,-0.016666666666666632,0.004166666666666697,0.016666666666666663,-0.0041666666666666553,-7.7319241455014715e-18,0.004166666666666664,-2.8897934255111386e-17,-2.7392671704950896e-17,0.033333333333333284,-5.014245660775517e-18,-0.03333333333333327,-9.0547698258531433e-18,0.0083333333333333384,-1.1035205309526529e-17,-0.008333333333333361,-0.0041666666666666666,-1.9911701173394076e-17,0.0041666666666667082,-0.016666666666666705,-0.0041666666666666597,-0.0041666666666666926,0.079166666666666718,-0.016666666666666684,-0.058333333333333355,-0.016666666666666625,-0.0041666666666666805,0.0041666666666666848,0.016666666666666614,-0.062500000000000056,-0.016666666666666656,0.079166666666666732,0.033333333333333277,-2.217224830223559e-18,-1.2279091521543406e-17,-0.0041666666666666796,0.004166666666666697,-0.016666666666666628,1.0058248395665669e-17,0.016666666666666673,0.062500000000000056,-3.2399981085636058e-17,0.0083333333333333488,2.2133437302392888e-18,0.058333333333333397,0.0041666666666666467,-0.016666666666666642,-0.0041666666666666848,0.062500000000000056,0.016666666666666649,-0.079166666666666705,1.8460620228343121e-17,8.3521181402633787e-18,0.0041666666666666519,-0.0041666666666666909,0.016666666666666659,0.0041666666666666857,-0.016666666666666642,-1.122311026492003e-17,0.079166666666666732,4.6106257526005047e-18,-0.0041666666666666796,-6.6447040755302764e-18,0.004166666666666703,-0.0041666666666666718,-0.016666666666666642,0.016666666666666656,-0.016666666666666705,-0.016666666666666611,0.058333333333333369,0.0041666666666666978,-0.016666666666666621,-0.0041666666666667239,0.016666666666666687,-0.0041666666666666987,-0.016666666666666666,0.0083333333333333749,-0.062500000000000028,0.15833333333333346,-0.062500000000000069,0.0041666666666666415,1.8655555844929869e-17,3.8520247155701572e-17,0.079166666666666705,-0.016666666666666687,8.4826884212938335e-18,0.0041666666666666814,-2.3348352445170914e-17,-0.0041666666666666501,0.079166666666666705,-0.0041666666666666892,-0.016666666666666646,-0.0041666666666666926,0.0041666666666667074,-0.016666666666666701,0.016666666666666666
e103,-0.0041666666666666371,-3.2791817927037554e-17,-9.5865019098940606e-17,0.0041666666666666406,7.6038839764737844e-18,0.0625,0.016666666666666614,-0.07916666666666676,0.0041666666666667204,-0.0041666666666666701,-0.01666666666666667,0.016666666666666611,0.058333333333333404,0.0041666666666665877,-0.079166666666666705,0.016666666666666632,-0.016666666666666677,-0.0041666666666666788,0.004166666666666762,0.016666666666666601,-0.0041666666666666935,-0.01666666666666659,-0.058333333333333424,0.07916666666666676,-0.016666666666666646,-0.0041666666666666961,0.016666666666666635,0.004166666666666703,-0.016666666666666639,0.0041666666666666224,0.016666666666666718,-0.0041666666666666727,0.016666666666666656,0.062500000000000069,-0.079166666666666732,-3.5157271147048308e-17,-0.00416666666666671,5.8144551489406861e-17,0.0041666666666666753,2.0183647690699046e-17,-0.016666666666666729,-0.0041666666666666501,-1.141788600995451e-17,-0.0041666666666666336,-1.3364452311382334e-17,0.016666666666666646,-2.0225633302207965e-17,6.1454730168698476e-17,-0.016666666666666687,0.0041666666666666892,0.016666666666666639,-0.079166666666666691,0.058333333333333383,-0.016666666666666653,0.004166666666666677,-0.0041666666666666423,0.062500000000000097,-0.079166666666666746,-0.0041666666666665859,0.016666666666666601,-2.934844420494406e-17,0.0041666666666667143,-0.033333333333333388,-8.2091618360502888e-18,0.033333333333333305,-0.0083333333333333245,1.3411967666908881e-17,0.0083333333333333801,-0.079166666666666732,3.6708415691857735e-17,-0.0041666666666667438,4.8098363314423161e-17,-0.15833333333333346,0.062500000000000056,0.0625,-0.0083333333333334217,0.0041666666666666727,6.6822265343511838e-18,0.079166666666666705,-2.4234724101197929e-18,-0.016666666666666659,0.0041666666666666597,0.016666666666666628,-0.004166666666666638,0.016666666666666628,0.016666666666666597,0.0041666666666666467,-0.016666666666666684,0.016666666666666625,0.0041666666666666848,0.058333333333333383,0.0041666666666666996,-0.0041666666666667169,0.016666666666666673,-4.0604610812869688e-17,0.0041666666666666874,1.0107075410010097e-17,-6.1550940394744765e-17,-0.016666666666666618,-2.5627713938459257e-17,-1.6157540457054511e-18,-0.033333333333333326,-0.062500000000000069,0.15833333333333344,3.8402196501076132e-17,-0.0083333333333334356,0.008333333333333328,-3.9105403092898456e-17,-0.0041666666666666623,-0.033333333333333368,-3.4904727528748378e-18,-0.0083333333333333506,-4.7964582299783363e-17,-0.062500000000000028,-0.016666666666666691,-6.2501449697642426e-18,0.016666666666666673,-6.7141249578320802e-17,0.0041666666666667126,0.062500000000000042
e104,-0.0041666666666666206,0.079166666666666774,-0.016666666666666705,-0.058333333333333369,0.0041666666666667169,-0.0041666666666666692,-0.016666666666666663,0.016666666666666597,-0.0041666666666666094,0.0041666666666666363,3.7650489834259181e-17,-2.1737162627088978e-18,3.4348401649285279e-17,-0.062500000000000042,-0.016666666666666715,0.079166666666666788,-0.016666666666666684,-0.0041666666666667282,0.0041666666666666744,0.016666666666666705,-0.062500000000000042,0.079166666666666566,1.334726009266576e-18,-0.016666666666666555,2.7635933746180045e-17,-0.0041666666666666536,-9.071098618987574e-17,0.0041666666666666848,-0.079166666666666788,0.0041666666666666701,0.016666666666666666,0.058333333333333369,0.016666666666666646,0.004166666666666697,-0.016666666666666625,-0.0041666666666667134,0.0041666666666666102,0.016666666666666705,-0.0041666666666666675,-0.016666666666666659,3.6661831695243465e-17,0.004166666666666631,0.033333333333333326,0.062500000000000028,-0.15833333333333341,-2.6384740792792477e-17,0.008333333333333354,-0.0083333333333332638,-6.8460481361305137e-17,2.0135126478945321e-17,-0.016666666666666673,0.016666666666666698,-2.8158413311530093e-17,0.016666666666666653,0.058333333333333348,0.0041666666666666692,0.0041666666666666952,-0.016666666666666628,-0.0041666666666666848,2.5533880291573924e-17,0.03333333333333334,-1.0965312336070956e-17,1.9661952018677562e-17,0.0083333333333333575,-1.7978916071841554e-17,0.062500000000000014,0.016666666666666656,4.3565790263549848e-17,-0.016666666666666687,-0.016666666666666739,-0.004166666666666697,0.016666666666666753,-3.4436591786534934e-17,-0.0041666666666666649,0.0041666666666667169,-0.062500000000000014,-0.0041666666666666657,-0.079166666666666718,-0.016666666666666687,-0.0041666666666666605,0.016666666666666708,0.058333333333333313,-0.079166666666666649,0.0041666666666666718,0.016666666666666708,3.5725380712937662e-17,0.0041666666666666761,2.4214507754741745e-17,-0.016666666666666684,-1.2657796275485297e-19,-2.5231067445819231e-17,-0.0041666666666666137,-0.062500000000000028,7.5774236626772638e-17,0.033333333333333375,-1.1957627861246116e-17,-0.033333333333333361,0.0083333333333332777,9.3751324005534459e-17,-0.0083333333333333488,0.079166666666666774,1.4943149988882142e-17,0.0041666666666666415,3.8402196501076132e-17,0.15833333333333338,-0.0625,-0.062500000000000028,0.0083333333333333402,-0.0041666666666666571,1.4207874016373625e-17,-0.079166666666666663,-5.7811124660605677e-17,0.016666666666666729,-0.0041666666666666814,-0.016666666666666722,0.0041666666666666467,-0.016666666666666694,-0.01666666666666675,-0.0041666666666666163,-0.0041666666666666484
e105,0.016666666666666628,2.4001212213430258e-17,-7.6507840779635181e-17,-0.016666666666666663,3.0746391208571943e-17,-8.2159731240399396e-18,-0.0041666666666667473,0.0041666666666667681,-0.016666666666666649,0.016666666666666722,0.0041666666666666692,-0.0041666666666666033,0.016666666666666621,-0.016666666666666635,0.0041666666666667343,-0.0041666666666666614,0.0041666666666666441,0.016666666666666767,-0.079166666666666677,0.058333333333333307,0.079166666666666691,-0.058333333333333202,-0.016666666666666642,-0.0041666666666667854,0.0041666666666667152,0.016666666666666517,-0.0041666666666665677,-0.016666666666666736,0.0041666666666666814,-0.016666666666666614,-0.0041666666666666588,0.016666666666666646,-0.0041666666666666328,-7.8323593508840836e-17,0.0041666666666666562,3.9603635163576007e-17,0.016666666666666684,-3.3519228453561229e-18,-0.016666666666666694,4.6007763276372291e-17,0.004166666666666651,0.016666666666666753,4.6850707521425427e-17,0.016666666666666659,0.062500000000000014,-0.0041666666666666519,-3.7556309277922758e-17,-7.6056372975109325e-17,0.0041666666666667499,-0.016666666666666691,-0.0041666666666666788,0.0041666666666666874,0.016666666666666718,0.004166666666666697,-0.079166666666666649,0.016666666666666621,-8.8731934364701678e-17,0.0041666666666666735,0.016666666666666666,-0.004166666666666638,0.062500000000000014,-0.079166666666666677,0.0083333333333333332,-3.1002348589160488e-17,-0.0083333333333333107,0.033333333333333368,-7.7139060248867562e-17,-0.03333333333333334,0.0041666666666667056,-0.062500000000000042,0.079166666666666691,-5.4884255061281632e-17,0.0083333333333334321,-4.3867418900241284e-17,-5.36410217739165e-17,0.15833333333333333,-0.016666666666666712,0.062499999999999965,-0.0041666666666666996,-1.7191387514549986e-17,0.0041666666666666475,-0.079166666666666649,0.05833333333333332,0.016666666666666628,0.05833333333333332,-0.0041666666666666579,-0.016666666666666646,0.0041666666666666649,-0.0041666666666666545,-0.016666666666666698,0.016666666666666708,-0.016666666666666743,0.079166666666666691,-0.0041666666666667187,0.062499999999999958,-0.079166666666666663,-8.6243073198775004e-18,4.9957416172884507e-17,0.0041666666666665625,4.2340534913067902e-17,-2.3043298993761229e-17,0.0083333333333333228,1.8655555844929869e-17,-0.0083333333333334356,-0.0625,0.15833333333333333,-0.033333333333333347,-1.838062544709062e-17,0.016666666666666607,0.0083333333333333367,0.062499999999999993,0.033333333333333347,0.062500000000000056,3.8090994220183409e-17,0.0041666666666666866,3.1069175322364446e-17,-0.0041666666666666397,4.2491255809211289e-17,-0.016666666666666718,-4.8819601795516885e-17
e106,-0.016666666666666649,-0.062500000000000125,2.8250195868015053e-17,0.079166666666666691,-4.8181485928744813e-17,-2.9109722870923446e-17,0.0041666666666667048,-0.0041666666666667126,0.016666666666666607,-0.016666666666666677,-0.0041666666666667273,0.0041666666666665964,-0.016666666666666673,0.079166666666666677,-0.004166666666666684,-0.058333333333333362,-0.0041666666666666406,-0.016666666666666663,0.016666666666666684,0.0041666666666666224,-0.016666666666666701,-0.0041666666666666389,0.01666666666666668,0.0041666666666666761,-0.0041666666666666961,-0.016666666666666705,0.0041666666666666597,0.016666666666666635,0.058333333333333383,0.016666666666666646,0.0041666666666667291,-0.079166666666666677,0.0041666666666666519,2.0817336224873126e-17,-0.0041666666666666744,-6.419987194813352e-18,-0.016666666666666625,-1.0642051442058353e-17,0.079166666666666746,-0.062500000000000097,-0.004166666666666638,-0.016666666666666694,-2.6696774158766372e-18,-0.079166666666666649,0.062500000000000014,0.0041666666666667143,-4.9718317671012852e-18,-4.0407021773509772e-17,-0.0041666666666666631,0.079166666666666691,-0.058333333333333445,-0.0041666666666666562,-0.016666666666666635,-0.0041666666666667004,0.016666666666666659,-0.016666666666666635,2.0383655355878924e-17,-0.004166666666666684,-0.016666666666666625,0.0041666666666666519,0.062500000000000069,0.016666666666666642,-0.0083333333333333454,1.849586129694805e-17,0.0083333333333333506,-0.15833333333333346,0.062500000000000111,0.033333333333333312,-0.0041666666666666831,4.2387447935635536e-17,-0.016666666666666673,-5.4306254881539578e-17,-0.0083333333333333436,3.7298012298505472e-17,-4.5096347565685348e-17,-0.033333333333333326,0.079166666666666746,4.1461315065128366e-17,0.0041666666666666562,2.7972468694210161e-17,-0.0041666666666666545,0.01666666666666667,0.004166666666666664,-0.016666666666666639,0.0041666666666666406,0.0041666666666666406,0.016666666666666642,-0.0041666666666667247,-0.058333333333333431,0.079166666666666732,-0.016666666666666656,0.016666666666666628,-0.01666666666666668,0.0041666666666666397,0.062500000000000042,0.016666666666666649,1.6286555557502466e-17,1.6447030192570259e-17,-0.0041666666666667013,6.3967194385270238e-18,-0.062500000000000069,-0.0083333333333333436,3.8520247155701572e-17,0.008333333333333328,-0.062500000000000028,-0.033333333333333347,0.15833333333333344,-5.3631962663842288e-18,-0.01666666666666668,-0.008333333333333354,-2.9609895914741443e-18,-0.033333333333333298,-5.7478139887049541e-17,3.7029182257601089e-17,-0.0041666666666666935,-1.7564127838349319e-17,0.0041666666666666597,4.9278361380375266e-17,0.016666666666666628,3.6717569742280167e-17
e107,-0.016666666666666614,0.004166666666666684,-0.0041666666666666814,0.016666666666666659,0.016666666666666694,-0.079166666666666691,0.058333333333333473,0.0041666666666667291,-0.016666666666666663,0.016666666666666666,2.9903240104040559e-17,6.5214880644657263e-18,3.8038439999375094e-17,7.6412561316266569e-18,-0.0041666666666666571,0.00416666666666669,-0.0041666666666666415,-0.016666666666666691,0.016666666666666673,0.0041666666666666241,2.0638969325150032e-17,0.0041666666666667117,-3.3185229244466057e-19,-0.004166666666666631,3.4928943853153918e-17,-0.016666666666666621,-1.9000524382318945e-17,0.016666666666666659,-0.0041666666666666701,0.079166666666666677,-0.058333333333333376,-0.016666666666666677,0.0041666666666666206,0.016666666666666642,-0.0041666666666666284,-0.016666666666666632,0.016666666666666677,0.0041666666666666345,-0.016666666666666666,-0.0041666666666666501,1.9518547143744835e-17,0.016666666666666687,0.0083333333333333124,3.6226766579460154e-17,-0.0083333333333333384,-0.062500000000000028,0.15833333333333344,-0.033333333333333395,-0.062500000000000014,3.1548000545240596e-17,-0.004166666666666677,0.0041666666666666779,-4.0187183116726453e-17,-0.05833333333333339,-0.01666666666666667,0.079166666666666746,0.016666666666666642,-0.0041666666666666545,-0.079166666666666677,-5.9718940670446663e-18,0.0083333333333333141,3.5458682067375174e-17,0.062500000000000028,0.033333333333333368,0.062500000000000028,1.7643459227589675e-17,0.004166666666666625,-6.9191473037572107e-18,-0.0041666666666666328,-0.0041666666666666649,-0.01666666666666667,0.0041666666666666788,2.4451719300007459e-17,-0.016666666666666694,0.079166666666666663,5.3567086991134921e-18,-0.016666666666666673,-0.0041666666666666718,-0.0041666666666666735,-0.01666666666666668,0.0041666666666666423,-0.016666666666666653,-0.0041666666666666744,0.079166666666666732,0.0041666666666666657,-3.3698088530794556e-18,0.01666666666666667,0.062500000000000028,-0.0041666666666666623,2.7621224828727661e-17,-3.8886140509743847e-17,-0.016666666666666715,2.4108416277103646e-17,0.062500000000000014,0.0083333333333333211,1.792851580178337e-17,-0.0083333333333333402,0.033333333333333368,-8.3884067643253552e-18,-0.033333333333333368,0.004166666666666684,-0.062500000000000028,0.079166666666666705,-3.9105403092898456e-17,0.0083333333333333402,-1.838062544709062e-17,-5.3631962663842288e-18,0.15833333333333344,-0.016666666666666708,0.062500000000000028,-0.0041666666666666579,-1.4900531860646364e-17,0.0041666666666666918,-0.079166666666666691,0.058333333333333362,0.016666666666666673,-0.0041666666666666562,-0.0041666666666666614,-0.016666666666666718,-0.016666666666666701
e108,2.8977471338185469e-18,-0.0041666666666667013,0.0041666666666667013,6.169069672639378e-19,-0.016666666666666684,0.016666666666666712,-0.0041666666666666866,0.0041666666666667082,-0.079166666666666663,0.016666666666666684,4.674344919186253e-17,0.062500000000000028,1.38203894609146e-17,5.1220230718535933e-18,0.008333333333333387,-0.0083333333333333506,4.3442976663633175e-18,0.033333333333333368,-0.033333333333333333,-4.2171103246059711e-17,-3.6953772915722221e-17,0.0041666666666667889,3.7338637603563495e-18,-0.0041666666666666831,-0.062499999999999965,0.15833333333333352,-0.062500000000000083,-0.033333333333333388,0.0083333333333333679,-9.3110696316062906e-17,-0.0083333333333333384,-2.16406071404885e-17,7.0220698904824573e-18,-0.016666666666666635,-4.0576455436471354e-17,0.016666666666666691,0.079166666666666691,-0.0041666666666666519,-0.016666666666666708,-0.058333333333333348,-2.8924040474631454e-17,0.016666666666666694,-0.0041666666666666996,9.6616592772139959e-18,0.0041666666666666605,-0.0041666666666666519,-0.016666666666666757,0.079166666666666718,-0.05833333333333332,-0.016666666666666677,0.0041666666666666779,-0.0041666666666667187,0.016666666666666757,0.0041666666666667048,0.01666666666666668,-0.01666666666666668,-0.016666666666666642,-5.158016314133101e-17,5.3963064608078399e-17,-0.0041666666666666961,-0.0041666666666667091,-0.016666666666666656,0.0041666666666666675,-0.016666666666666673,-0.0041666666666666753,0.016666666666666673,0.058333333333333341,-0.079166666666666732,0.0083333333333333749,0.062500000000000056,0.03333333333333334,0.0625,0.004166666666666664,3.2414185249274725e-17,-2.3481472199391075e-17,0.016666666666666642,-0.016666666666666694,-2.003355386086527e-17,0.0041666666666667395,-3.2739306469179898e-17,-0.0041666666666666536,0.016666666666666705,-0.0041666666666667334,-0.016666666666666691,-4.5640550198013326e-17,-0.0041666666666666822,-3.4653482699191312e-17,0.0041666666666666866,0.0041666666666666701,-0.01666666666666667,0.016666666666666732,0.079166666666666663,-1.0932920776070115e-17,0.058333333333333327,-0.0041666666666667074,-0.016666666666666646,0.0041666666666666883,-0.079166666666666718,0.062500000000000014,0.016666666666666705,-0.0041666666666666744,0.0041666666666666926,-0.016666666666666687,-0.0041666666666666623,-0.0041666666666666571,0.016666666666666607,-0.01666666666666668,-0.016666666666666708,0.15833333333333341,0.0041666666666666761,-3.1522697050094852e-17,0.079166666666666718,-0.062500000000000056,3.8317286708190463e-17,0.0083333333333333402,1.5392071709411827e-17,0.004166666666666651,-0.062500000000000028,0.079166666666666677,2.3520516367954859e-17
e109,0.0041666666666666475,-5.6260138899533741e-19,3.5046098738261981e-17,-0.0041666666666666553,-1.1494612886748966e-17,-6.9086850872242552e-18,-0.016666666666666635,0.016666666666666687,-0.0041666666666667256,-0.05833333333333323,0.07916666666666658,-0.016666666666666701,0.0041666666666666805,-0.0041666666666666389,0.016666666666666687,-0.016666666666666642,0.016666666666666646,0.0041666666666667421,-0.0041666666666666996,-0.016666666666666729,0.0041666666666666623,0.016666666666666718,-0.0041666666666666527,-0.016666666666666656,0.016666666666666722,0.0041666666666667256,-0.016666666666666646,-0.0041666666666667559,0.016666666666666642,0.058333333333333348,-0.079166666666666677,0.0041666666666666727,-0.016666666666666649,-3.8717215161706483e-17,0.016666666666666705,8.4103672470620668e-18,0.004166666666666703,-1.997950890864466e-17,-0.0041666666666666805,2.1535506505042227e-18,0.079166666666666718,-0.058333333333333265,-4.4924044995348611e-18,0.0041666666666666597,-1.705103944319968e-17,-0.079166666666666677,0.062500000000000014,-4.3774886783926695e-17,0.016666666666666691,-0.0041666666666666926,-0.016666666666666691,0.016666666666666673,0.0041666666666667074,0.016666666666666666,-0.00416666666666669,0.0041666666666666657,-3.7416172554723877e-17,0.016666666666666684,-0.058333333333333362,-0.016666666666666642,-3.2029082248515715e-17,-0.0041666666666666761,0.15833333333333333,-0.0625,-0.033333333333333298,0.0083333333333333471,-2.6054478001912807e-17,-0.0083333333333333558,0.016666666666666659,1.3556378718139055e-17,0.0041666666666666848,-8.2433398631037244e-18,0.033333333333333354,0.062499999999999979,0.062499999999999986,0.008333333333333354,-0.0041666666666666944,1.4640122400671434e-17,-0.016666666666666673,-9.1623342536190566e-18,0.079166666666666635,-0.0041666666666666857,-0.016666666666666656,0.0041666666666666553,-0.016666666666666687,-0.016666666666666659,-0.004166666666666664,0.079166666666666691,-0.016666666666666687,-0.0041666666666667048,0.0041666666666666857,-0.0041666666666666753,0.0041666666666666805,-0.01666666666666668,-3.3120925156863607e-17,-0.004166666666666677,-4.5026531641636328e-18,3.6804112365793338e-17,0.016666666666666618,0.0625,-2.1723974984812786e-17,0.033333333333333305,8.4826884212938335e-18,-0.033333333333333368,1.4207874016373625e-17,0.0083333333333333367,-0.008333333333333354,0.062500000000000028,0.0041666666666666761,0.15833333333333333,-4.5228546914153506e-18,0.0083333333333333523,9.6428965730431957e-19,-0.062500000000000028,0.079166666666666691,1.4366504681549478e-17,-0.079166666666666677,1.0396462736349962e-17,-0.0041666666666667091,0.062499999999999951
e110,-0.058333333333333341,0.079166666666666871,-0.016666666666666684,-0.0041666666666666154,0.0041666666666666814,-0.004166666666666612,0.016666666666666646,-0.016666666666666625,0.0041666666666666987,-0.0041666666666666354,-0.016666666666666701,0.016666666666666597,-0.0041666666666667273,0.0041666666666666675,8.047872549311345e-17,1.3801630637157741e-17,0.016666666666666684,7.6949830052320815e-18,2.0119176425041041e-17,-0.01666666666666668,0.058333333333333348,-0.079166666666666621,0.0041666666666666987,0.016666666666666587,-0.016666666666666663,-3.7372678041121482e-17,0.016666666666666694,2.7107906731552611e-17,-4.6204568071465459e-19,-0.004166666666666599,4.3167846285570362e-18,0.0041666666666666232,-0.016666666666666663,0.0041666666666666857,0.016666666666666618,-0.0041666666666666623,-0.004166666666666677,0.016666666666666687,0.0041666666666666484,-0.016666666666666611,-0.016666666666666705,-0.0041666666666666579,-0.016666666666666656,-0.0041666666666666475,0.079166666666666705,-0.016666666666666673,-0.0041666666666666536,0.0041666666666666354,0.01666666666666667,-0.0041666666666666579,1.3225281656392111e-17,-3.3822184768166927e-17,0.0041666666666666822,-0.016666666666666659,-0.062500000000000014,-1.9466133228169175e-17,0.0041666666666666761,0.016666666666666621,0.0041666666666666206,-0.079166666666666677,-0.01666666666666668,-0.0041666666666666493,-1.3697235438630779e-17,-0.0041666666666666649,1.5508964953837302e-17,6.8118564212333761e-18,0.016666666666666625,0.062500000000000056,3.0426024608323125e-17,0.033333333333333319,3.9423153343943935e-18,-0.033333333333333361,-6.3383275327032751e-18,0.0083333333333333367,-0.0083333333333333488,0.0625,0.0041666666666666562,0.15833333333333338,3.8622317341400361e-17,0.0083333333333333124,-1.5497218929775309e-17,-0.062499999999999993,0.079166666666666691,-4.0042381969784543e-17,-0.01666666666666668,-0.079166666666666691,0.058333333333333418,0.01666666666666668,3.029015688459312e-17,-0.0041666666666666545,0.0041666666666666727,0.062499999999999993,0.058333333333333341,-0.016666666666666687,-0.016666666666666701,-0.0041666666666666467,0.016666666666666691,-0.0041666666666666389,-0.016666666666666694,0.0041666666666666571,0.079166666666666774,-6.1848262704619652e-18,0.0041666666666666814,-3.4904727528748378e-18,-0.079166666666666663,0.062499999999999993,-2.9609895914741443e-18,-0.0041666666666666579,-3.1522697050094852e-17,-4.5228546914153506e-18,0.15833333333333344,-0.062500000000000028,-0.033333333333333326,0.0083333333333333471,1.491493154334775e-17,-0.0083333333333332951,1.4846697626284006e-17,0.033333333333333347,0.062500000000000028,0.0083333333333333384
e111,0.07916666666666658,-0.062500000000000167,3.3726706194336184e-18,-0.016666666666666646,1.3708427036151068e-17,-2.5040751871158453e-17,-0.0041666666666667082,0.0041666666666666987,-0.079166666666666705,0.016666666666666691,0.0041666666666667273,0.058333333333333466,0.016666666666666729,-0.016666666666666625,0.0041666666666666822,-0.0041666666666667091,0.0041666666666666319,0.016666666666666708,-0.016666666666666691,-0.0041666666666666475,0.016666666666666639,0.0041666666666667299,-0.016666666666666694,-0.0041666666666666631,-0.058333333333333355,0.079166666666666788,-0.0041666666666666553,-0.016666666666666739,0.0041666666666667325,-0.016666666666666732,-0.0041666666666667048,0.016666666666666649,-0.0041666666666666484,-1.237086999646988e-17,0.0041666666666666805,-2.5302032334925023e-17,0.079166666666666732,1.1873534642315182e-17,-0.01666666666666667,-0.062500000000000069,0.0041666666666666389,0.016666666666666715,-1.8023357173507808e-17,0.016666666666666607,4.334070463133467e-17,-0.0041666666666666683,-3.1062502177501323e-17,-2.7252390184033472e-17,0.0041666666666667525,-0.016666666666666663,-0.0041666666666666918,0.0041666666666666727,0.016666666666666722,0.0041666666666667169,-0.016666666666666684,0.01666666666666667,-1.5840316948423494e-17,0.004166666666666677,0.016666666666666698,0.058333333333333272,2.0490384200786669e-17,-0.016666666666666715,0.0083333333333333332,-1.5553677989060621e-18,-0.0083333333333333436,0.033333333333333277,0.062500000000000042,-0.15833333333333344,0.0041666666666666614,0.062500000000000042,0.016666666666666705,-2.7473046926091611e-17,0.0083333333333333488,-1.3942844786033846e-17,1.0317293754404834e-17,0.033333333333333368,-0.016666666666666659,-0.062499999999999979,-0.0041666666666666675,4.5636839001262666e-18,0.0041666666666666666,-0.016666666666666673,-0.0041666666666667169,0.016666666666666687,-0.0041666666666666597,0.058333333333333272,-0.079166666666666691,0.0041666666666666944,-0.0041666666666666944,-0.016666666666666673,0.016666666666666715,-0.079166666666666691,0.016666666666666684,-0.0041666666666667343,3.0166113012562585e-17,-0.016666666666666691,7.9813223396894293e-18,3.1998678084410814e-17,0.0041666666666666198,3.6563972969253326e-18,-0.062500000000000056,0.0083333333333333506,-2.3348352445170914e-17,-0.0083333333333333506,-5.7811124660605677e-17,0.033333333333333347,-0.033333333333333298,-1.4900531860646364e-17,0.079166666666666718,0.0083333333333333523,-0.062500000000000028,0.15833333333333338,-0.062500000000000028,-4.7468173044319491e-18,0.0041666666666666918,-8.0331308520798808e-18,-0.0041666666666666701,1.7334205458037722e-17,-0.079166666666666691,-5.2800207032480259e-18
e112,-0.0041666666666666588,-0.016666666666666618,0.016666666666666566,0.0041666666666666059,-0.0041666666666666623,0.0041666666666666449,-0.01666666666666667,0.016666666666666666,0.058333333333333341,0.0041666666666666718,0.016666666666666628,-0.079166666666666635,0.0041666666666666692,-0.0041666666666667126,-5.2895589483857418e-17,5.989205263109967e-17,-0.016666666666666663,2.749424912537842e-17,-0.062500000000000042,0.079166666666666705,0.0041666666666667256,0.016666666666666639,-0.0041666666666666831,-0.016666666666666684,0.079166666666666705,-0.062500000000000222,-0.016666666666666604,-6.6775674136567352e-18,-6.8049519728594567e-17,0.0041666666666667343,4.3444941265318003e-17,-0.0041666666666666215,0.016666666666666666,-0.0041666666666667308,-0.016666666666666656,0.0041666666666667143,-0.058333333333333348,-0.016666666666666663,-0.0041666666666666657,0.079166666666666705,0.016666666666666705,0.0041666666666667022,0.016666666666666712,0.0041666666666667386,-0.016666666666666712,0.016666666666666659,0.0041666666666666831,-0.0041666666666666892,-0.016666666666666677,0.0041666666666666631,-2.6052720551443712e-17,3.4221433881868354e-17,-0.0041666666666666796,0.016666666666666628,-2.6357923556277057e-17,-9.5450020529968776e-18,-0.0041666666666667273,-0.016666666666666632,-0.0041666666666666675,0.016666666666666715,0.079166666666666718,-0.058333333333333355,1.6686760158955501e-17,0.0041666666666666683,1.6705317077624181e-17,8.4624428905884621e-17,-0.079166666666666705,0.062500000000000028,-2.9947997450592318e-18,-0.15833333333333344,0.062500000000000042,0.033333333333333326,6.1436179043068597e-17,-0.0083333333333333818,0.0083333333333333384,0.062500000000000028,-0.0041666666666666926,-0.033333333333333361,-5.9946054174851161e-17,-0.008333333333333354,5.7291641687434252e-18,-3.6876223629997816e-17,-0.016666666666666594,1.8218985014359648e-17,0.079166666666666705,0.016666666666666712,0.0041666666666666657,-0.016666666666666677,-1.4066183594668329e-17,0.0041666666666666579,-0.0041666666666666874,-4.0140333908109178e-17,0.0041666666666667117,0.016666666666666722,0.079166666666666705,-0.058333333333333369,-0.016666666666666712,0.0041666666666666666,0.016666666666666642,-0.0041666666666666562,-0.016666666666666646,-2.7113657933485023e-17,-0.0041666666666666501,-4.7964582299783363e-17,0.016666666666666729,0.062500000000000056,-5.7478139887049541e-17,0.0041666666666666918,-0.062500000000000056,9.6428965730431957e-19,-0.033333333333333326,-0.062500000000000028,0.15833333333333344,-0.008333333333333354,-2.4253023811713206e-17,0.0083333333333333575,8.1486236390710315e-18,-0.033333333333333319,-2.0339129857710549e-17,-0.0083333333333333922
e113,0.016666666666666639,0.004166666666666749,-0.0041666666666667169,-0.016666666666666635,0.016666666666666611,-0.079166666666666607,0.004166666666666651,0.058333333333333362,0.01666666666666667,-0.016666666666666746,-0.0041666666666666692,0.0041666666666667039,-0.079166666666666705,0.016666666666666712,0.062499999999999986,-7.7743237748836334e-18,0.0041666666666666761,-2.7786514110022278e-17,-7.7513396816234836e-17,-0.0041666666666665512,-0.016666666666666673,-0.0041666666666667169,0.079166666666666705,-0.058333333333333418,-0.0041666666666667759,7.8460766469706262e-18,0.0041666666666667195,2.6919152372033874e-17,1.2801564752371838e-17,-0.079166666666666705,0.062500000000000056,0.016666666666666639,-0.0041666666666666666,0.016666666666666646,0.0041666666666666458,-0.016666666666666649,-0.01666666666666668,0.0041666666666667195,0.016666666666666649,-0.0041666666666667291,-0.0041666666666666935,-0.01666666666666676,-0.0041666666666666571,-0.016666666666666712,0.0041666666666666735,0.058333333333333327,-0.079166666666666718,0.016666666666666722,0.0041666666666666666,-0.016666666666666642,4.3861560971461518e-17,-2.1275494687572983e-17,0.016666666666666601,-0.0041666666666666761,3.4004272652661021e-17,3.18547906726714e-18,0.016666666666666618,0.0041666666666666718,0.079166666666666705,-0.0041666666666666831,-0.0041666666666666163,-0.01666666666666668,-0.062500000000000028,-0.016666666666666705,4.2673551345052945e-17,-4.6224945231700434e-17,0.0041666666666667386,7.166211229880715e-18,0.062500000000000014,0.0083333333333333402,4.4907509673559938e-17,-0.0083333333333333783,0.062500000000000014,0.033333333333333347,-0.15833333333333341,1.2424000981415736e-17,0.016666666666666673,0.008333333333333335,4.3677026348733407e-18,0.033333333333333312,3.7665107870374401e-17,3.1710373517451135e-17,0.0041666666666666623,-8.4180855501717474e-19,-0.0041666666666666206,-0.0041666666666666892,-0.016666666666666677,-0.058333333333333327,3.5905533668743891e-17,-0.016666666666666646,0.016666666666666632,2.627316399305031e-17,-0.016666666666666649,-0.0041666666666666536,-0.0041666666666666154,-0.016666666666666656,0.0041666666666666597,-0.016666666666666705,-0.0041666666666666961,0.016666666666666722,0.0041666666666667004,-2.1856869633331256e-17,0.079166666666666705,-0.062500000000000028,-0.0041666666666666814,3.8090994220183409e-17,3.7029182257601089e-17,-0.079166666666666691,3.8317286708190463e-17,-0.062500000000000028,0.0083333333333333471,-4.7468173044319491e-18,-0.008333333333333354,0.15833333333333344,-0.062500000000000042,-0.033333333333333298,-4.2869278298304823e-17,0.0083333333333333801,3.277549610892622e-17,0.033333333333333409
e114,-3.6360169048679469e-18,-0.016666666666666684,0.079166666666666649,-0.062500000000000042,-0.0041666666666666579,0.0041666666666667013,-0.016666666666666611,0.016666666666666743,-0.0041666666666667291,0.0041666666666667629,-8.2831749478021068e-17,1.1465426532882472e-18,-7.8945560999568883e-18,3.366056406640796e-17,0.033333333333333402,-0.033333333333333375,-4.8824323142960103e-17,0.0083333333333334061,-0.0083333333333333367,-6.1270397629914714e-17,2.2722431697137044e-17,0.016666666666666663,4.0331729903218289e-17,-0.016666666666666607,1.6685552600751373e-17,0.0083333333333334408,3.1790152548765925e-17,-0.0083333333333334373,0.033333333333333368,0.062500000000000097,-0.15833333333333341,0.062500000000000028,3.7931121792827714e-17,-0.004166666666666723,4.8583029169088829e-17,0.0041666666666666727,0.0041666666666667117,-0.079166666666666732,0.058333333333333341,0.016666666666666722,-5.1139825567552195e-18,0.0041666666666667334,-0.016666666666666743,1.9919225073252403e-17,0.016666666666666722,-0.079166666666666718,0.058333333333333341,0.0041666666666666189,0.016666666666666736,-0.0041666666666667039,0.016666666666666705,-0.016666666666666715,0.0041666666666667013,0.016666666666666684,0.0041666666666666519,-0.0041666666666667065,-0.0041666666666667178,2.1107595546622072e-17,-0.062500000000000056,-0.01666666666666668,-0.016666666666666764,-0.0041666666666666996,0.079166666666666691,-0.0041666666666666623,-0.016666666666666653,0.0041666666666667126,-0.016666666666666743,-0.0041666666666667004,0.033333333333333375,3.9100532608070764e-17,0.0083333333333333766,-1.7044795370995932e-17,0.016666666666666677,-2.2191745731129771e-17,0.062500000000000014,0.0041666666666667022,0.0583333333333333,3.6621870808815401e-17,0.016666666666666708,0.062500000000000042,-0.079166666666666788,0.004166666666666677,-0.016666666666666639,-0.00416666666666671,-1.9637034206471344e-17,-0.016666666666666673,3.807227032497249e-18,0.079166666666666718,0.016666666666666718,-0.0041666666666666952,0.0041666666666666866,0.0041666666666666631,-1.1972037822399097e-17,-0.016666666666666739,-0.016666666666666757,-0.0041666666666666961,0.016666666666666732,-0.004166666666666638,-8.1182631931571954e-17,0.0041666666666666831,-0.016666666666666694,0.016666666666666656,-0.0041666666666666892,-0.016666666666666691,-0.016666666666666722,0.0041666666666666866,-0.0041666666666666935,0.058333333333333362,0.0083333333333333402,0.079166666666666691,1.491493154334775e-17,0.0041666666666666918,-2.4253023811713206e-17,-0.062500000000000042,0.15833333333333344,-0.062500000000000028,0.079166666666666774,3.1127301679919781e-17,0.0041666666666666389,-4.7184289291827019e-17
e115,-0.016666666666666621,-0.0041666666666666926,-0.058333333333333286,0.079166666666666705,-0.016666666666666642,0.016666666666666618,-0.0041666666666666432,0.0041666666666666319,-0.016666666666666656,0.016666666666666635,0.0041666666666667013,-0.0041666666666666302,0.016666666666666677,-0.079166666666666788,0.062500000000000083,-1.3567209380063672e-17,-0.0041666666666666258,9.0233160456197998e-19,-1.8033072917205719e-17,0.0041666666666666753,0.016666666666666687,0.0041666666666666597,-0.016666666666666691,-0.0041666666666667178,0.0041666666666666918,-7.7874373152641142e-17,-0.0041666666666667377,-2.4321098530248875e-17,-2.6026373679143758e-18,0.016666666666666576,0.062500000000000042,-0.079166666666666691,0.0041666666666666198,-0.016666666666666628,-0.0041666666666666822,0.016666666666666673,0.016666666666666656,0.058333333333333355,-0.079166666666666718,0.0041666666666666666,0.0041666666666666935,0.01666666666666667,-0.058333333333333369,0.079166666666666718,-0.0041666666666666501,0.0041666666666666883,0.01666666666666668,-0.016666666666666632,-0.0041666666666667108,0.079166666666666705,-6.4547014871020272e-18,-0.062500000000000042,-0.016666666666666625,0.0041666666666666441,-3.9170749483314113e-17,4.3407846256829162e-17,-0.016666666666666625,-0.004166666666666664,-0.016666666666666614,0.0041666666666666614,0.0041666666666666814,0.01666666666666667,5.5280145080753341e-18,0.016666666666666684,-1.5646713967378144e-17,1.3816013154302314e-17,-0.0041666666666666683,7.644913609924344e-19,0.062500000000000056,-0.0083333333333333454,-1.2077278722003244e-17,0.0083333333333333471,1.0979416330302934e-17,-0.033333333333333305,0.033333333333333305,1.8306058442923554e-17,-0.079166666666666705,-0.0083333333333333193,0.062500000000000042,-0.15833333333333349,0.062500000000000056,-4.8546855807596445e-17,-0.0041666666666666545,4.3557929565385326e-17,0.0041666666666666579,0.0041666666666666562,0.01666666666666667,-0.0041666666666666831,-1.7116171147512849e-17,0.079166666666666705,-0.016666666666666653,1.6435230802497652e-17,0.016666666666666718,0.0041666666666667308,0.0041666666666666692,0.016666666666666659,0.058333333333333383,0.016666666666666632,0.0041666666666667499,-0.016666666666666677,-0.004166666666666697,1.2177267015424529e-17,-0.016666666666666646,-6.2501449697642426e-18,0.0041666666666666467,3.1069175322364446e-17,-1.7564127838349319e-17,0.016666666666666673,1.5392071709411827e-17,1.4366504681549478e-17,-0.0083333333333332951,-8.0331308520798808e-18,0.0083333333333333575,-0.033333333333333298,-0.062500000000000028,0.15833333333333346,-0.062500000000000083,-0.0083333333333333783,2.1753196168931356e-17,-0.033333333333333326
e116,-0.0041666666666666588,-0.016666666666666656,0.079166666666666635,-0.058333333333333418,-0.0041666666666666302,0.0041666666666667108,8.1045473150167517e-18,6.6055731369858453e-17,-9.3481328629559474e-19,0.062500000000000028,-0.079166666666666677,0.016666666666666691,-0.0041666666666666822,0.0041666666666666822,0.01666666666666668,-0.016666666666666722,-0.016666666666666732,0.0041666666666666753,-0.0041666666666666449,0.016666666666666691,-0.0041666666666666449,-2.5186885759748064e-17,0.004166666666666684,3.1579043916214021e-17,-0.016666666666666698,0.0041666666666667048,0.016666666666666691,-0.0041666666666666952,0.016666666666666705,0.0041666666666667568,-0.07916666666666676,0.058333333333333397,0.016666666666666725,-0.0041666666666666909,-0.016666666666666684,0.0041666666666666484,4.4042602382492091e-18,-0.079166666666666705,0.062500000000000056,0.016666666666666687,-0.079166666666666746,0.062500000000000014,-0.016666666666666701,-0.0041666666666666458,0.016666666666666698,-6.5128446736957619e-17,-0.0041666666666666501,0.0041666666666666545,5.2147150712670046e-17,-2.7576357581543361e-17,0.033333333333333375,-0.033333333333333388,-3.2903742683050378e-18,4.3318085080321756e-17,0.0083333333333333315,-0.0083333333333333644,-0.0041666666666666918,-0.016666666666666663,-0.0041666666666667039,-3.7364707455898141e-17,-0.01666666666666668,-5.232475787106404e-17,-0.079166666666666677,0.058333333333333341,0.01666666666666667,-0.0041666666666666319,-0.016666666666666691,0.0041666666666666683,0.016666666666666673,-7.8217832181568503e-18,0.0041666666666666944,7.2815686376956438e-18,-0.016666666666666666,-0.062500000000000028,4.2705858087847734e-17,-0.0041666666666666389,0.062500000000000028,1.5222255454693859e-17,0.033333333333333388,0.062500000000000083,-0.15833333333333344,0.0083333333333333558,-1.0145539891853645e-17,-0.008333333333333354,0.016666666666666701,-2.3486919648083681e-17,0.0041666666666666718,4.9801920821466267e-17,0.033333333333333388,-2.0143166537369308e-18,7.5516474565500065e-18,0.0083333333333333297,-0.0041666666666666918,-6.1311028723925353e-17,-0.01666666666666667,-4.5222443756699718e-17,0.016666666666666694,-0.0041666666666666666,-0.016666666666666732,-0.058333333333333327,-0.016666666666666646,-0.016666666666666673,-0.0041666666666666926,0.016666666666666673,-0.016666666666666694,-0.0041666666666666397,0.0041666666666666597,-0.0041666666666666562,0.004166666666666651,-0.079166666666666677,1.4846697626284006e-17,-0.0041666666666666701,8.1486236390710315e-18,-4.2869278298304823e-17,0.079166666666666774,-0.062500000000000083,0.15833333333333344,3.7804530599935627e-18,0.0083333333333333506,-0.062500000000000014
e117,0.0041666666666666666,0.016666666666666614,-0.016666666666666656,-0.0041666666666665799,-0.058333333333333383,-0.0041666666666666683,0.079166666666666635,-0.016666666666666614,0.0041666666666666675,-0.0041666666666667091,-0.016666666666666642,0.016666666666666649,-0.0041666666666667082,0.0041666666666667039,5.3611566239615791e-17,-8.3247512913815872e-17,0.079166666666666663,-1.1725623263474743e-17,-0.062500000000000042,-0.016666666666666625,-0.0041666666666666718,-0.016666666666666708,0.0041666666666666909,0.016666666666666666,-0.016666666666666708,-0.062500000000000097,0.079166666666666732,2.8639177154248615e-17,8.2056966285240426e-17,-0.004166666666666612,-3.6184144136640657e-17,0.0041666666666666319,-0.079166666666666663,0.0041666666666666007,0.016666666666666729,0.05833333333333332,-0.0041666666666666709,0.016666666666666639,0.0041666666666666761,-0.016666666666666639,-0.016666666666666649,-0.00416666666666669,-0.016666666666666656,-0.0041666666666667638,0.016666666666666739,-0.016666666666666684,-0.0041666666666666493,-0.058333333333333334,0.079166666666666705,-0.0041666666666667039,2.0340618735046212e-17,6.9165595022453979e-17,0.0041666666666665877,-0.079166666666666677,0.062500000000000028,-1.9163645291685534e-18,0.0041666666666666258,0.016666666666666736,0.004166666666666651,-0.016666666666666691,-0.01666666666666667,-0.0041666666666667082,1.0543790707559501e-17,-0.0041666666666666996,2.102044031441163e-17,-5.4210443384605007e-17,0.016666666666666646,3.8471601715639183e-17,2.0403748221081629e-18,0.033333333333333284,0.062500000000000042,-0.15833333333333341,6.1540230274198565e-17,0.0083333333333332881,-0.0083333333333333801,1.538204997475647e-17,0.004166666666666677,0.033333333333333361,-7.412024454540213e-17,0.0083333333333333922,-2.8933943461657264e-17,0.062500000000000042,0.01666666666666667,-6.7471585531917369e-18,-0.016666666666666621,-0.016666666666666684,-0.0041666666666666441,0.016666666666666649,3.7948658159155761e-17,-0.0041666666666667247,0.0041666666666666163,-0.062499999999999972,-0.0041666666666667126,-0.079166666666666691,-0.01666666666666667,-0.0041666666666667213,0.016666666666666666,0.058333333333333334,-0.079166666666666691,0.0041666666666666883,0.016666666666666594,-1.4081546410504402e-17,0.0041666666666667074,-6.7141249578320802e-17,-0.01666666666666675,4.2491255809211289e-17,4.9278361380375266e-17,-0.0041666666666666614,-0.062500000000000028,1.0396462736349962e-17,0.033333333333333347,1.7334205458037722e-17,-0.033333333333333319,0.0083333333333333801,3.1127301679919781e-17,-0.0083333333333333783,3.7804530599935627e-18,0.15833333333333335,-0.0625,0.0083333333333333037
e118,-0.07916666666666658,0.058333333333333473,0.0041666666666666718,0.01666666666666667,-0.016666666666666687,0.01666666666666676,2.2954706924283535e-17,-3.481193653634387e-17,4.1558964940194476e-17,3.3383617444585105e-17,-0.0041666666666667204,0.004166666666666546,-0.016666666666666677,0.016666666666666628,0.00416666666666669,-0.0041666666666666623,-0.0041666666666666276,0.016666666666666694,-0.016666666666666659,0.0041666666666665885,-0.016666666666666694,6.9958867433273314e-17,0.01666666666666667,1.829162495371359e-17,-0.0041666666666665981,0.079166666666666705,-0.058333333333333397,-0.016666666666666684,0.0041666666666666692,0.016666666666666621,-0.0041666666666666258,-0.016666666666666677,0.0041666666666666501,-0.016666666666666628,-0.0041666666666667126,0.016666666666666708,-5.6304114485997336e-17,-0.0041666666666666406,-2.1265816244162272e-17,0.0041666666666667265,-0.0041666666666667195,1.5072438379001085e-17,-0.0041666666666667056,-0.016666666666666601,0.0041666666666666441,9.0822324156233093e-18,-0.016666666666666746,0.07916666666666676,-0.062500000000000056,1.6671392607077514e-17,0.008333333333333328,-0.0083333333333334026,6.6590166733316016e-17,-1.0921920026421526e-17,0.033333333333333354,-0.033333333333333347,-0.016666666666666632,-0.004166666666666716,-0.016666666666666614,-0.0625,-0.0041666666666667126,2.7522840638712358e-17,-0.0041666666666666978,-0.016666666666666659,0.004166666666666664,-0.016666666666666628,-0.0041666666666666918,0.079166666666666677,0.0041666666666666961,7.0126241679879542e-18,0.01666666666666668,0.062499999999999986,-0.0041666666666667152,3.3276942279136564e-17,-2.9148009347024334e-17,-0.016666666666666708,-1.5480034777502032e-17,0.0625,0.008333333333333413,-2.8692090072838581e-17,-0.0083333333333333471,0.033333333333333361,-1.8261714477776514e-17,-0.033333333333333354,0.0041666666666665938,-0.062499999999999979,0.079166666666666663,6.7958102870012316e-18,0.0083333333333333228,2.3865708289605368e-17,5.3362900228992856e-17,0.15833333333333335,-0.016666666666666708,0.062500000000000028,-0.0041666666666667169,2.519639648379308e-17,0.0041666666666667065,-0.079166666666666774,0.058333333333333369,0.016666666666666687,0.058333333333333397,-0.0041666666666666623,-0.016666666666666701,0.0041666666666667126,-0.0041666666666666163,-0.016666666666666718,0.016666666666666628,-0.016666666666666718,0.079166666666666677,-0.0041666666666667091,0.062500000000000028,-0.079166666666666691,-2.0339129857710549e-17,3.277549610892622e-17,0.0041666666666666389,2.1753196168931356e-17,0.0083333333333333506,-0.0625,0.15833333333333338,2.6399840714013101e-17
e119,0.016666666666666628,0.0041666666666666952,-0.0041666666666667438,-0.016666666666666642,0.016666666666666639,-0.016666666666666656,0.004166666666666592,-0.0041666666666666683,0.016666666666666653,-0.079166666666666621,0.058333333333333251,0.0041666666666666128,-0.016666666666666677,0.016666666666666705,-2.2243822646124139e-17,-1.0784365769305534e-17,0.0041666666666666137,2.8759759002151338e-17,1.4879160634257801e-17,-0.004166666666666684,-0.016666666666666698,-0.0041666666666666189,0.016666666666666694,0.0041666666666666328,-0.00416666666666669,2.6380531035587489e-17,0.0041666666666667187,-1.9489830427400275e-17,1.8350560414588748e-17,-0.016666666666666715,5.9224112729345213e-17,0.016666666666666639,-0.0041666666666666319,0.079166666666666705,-0.05833333333333339,-0.016666666666666698,-0.016666666666666677,0.0041666666666667265,0.016666666666666666,-0.0041666666666667013,0.0583333333333333,-0.079166666666666649,-0.0041666666666666475,-0.016666666666666715,0.0041666666666666675,-0.0041666666666666579,-0.016666666666666732,0.016666666666666694,0.0041666666666666761,-0.016666666666666663,-2.5050112983861354e-17,-0.062500000000000014,0.079166666666666718,-0.0041666666666666232,-1.3022302511350015e-17,-6.2981791057665732e-18,0.079166666666666718,-0.058333333333333397,0.016666666666666722,-0.0041666666666667039,-0.0041666666666666527,-0.016666666666666649,0.062499999999999951,-0.079166666666666691,3.1399382325999474e-17,-4.1065988713279846e-17,0.0041666666666667213,3.087755061976412e-17,-8.0123743015196195e-18,0.0083333333333333696,-3.3047316007783641e-17,-0.0083333333333333176,-0.062500000000000069,0.15833333333333338,-0.033333333333333423,-3.6413255904951496e-17,0.016666666666666684,0.0083333333333333488,0.062500000000000028,0.033333333333333333,0.062499999999999993,-3.319364224250949e-17,0.0041666666666666631,-1.4525836322466208e-17,-0.0041666666666666614,-0.0041666666666667117,-0.01666666666666667,0.0041666666666666467,-3.3881850379821656e-17,-0.016666666666666673,0.079166666666666718,4.0694519786835006e-17,-0.016666666666666687,-0.0041666666666666718,-0.0041666666666666718,-0.016666666666666653,0.0041666666666666493,-0.016666666666666694,-0.0041666666666666909,0.079166666666666649,0.0041666666666666501,-1.7630014735433564e-17,0.016666666666666666,0.062500000000000042,-0.0041666666666666484,-4.8819601795516885e-17,3.6717569742280167e-17,-0.016666666666666701,2.3520516367954859e-17,0.062499999999999951,0.0083333333333333384,-5.2800207032480259e-18,-0.0083333333333333922,0.033333333333333409,-4.7184289291827019e-17,-0.033333333333333326,-0.062500000000000014,0.0083333333333333037,2.6399840714013101e-17,0.15833333333333338
