axis_id,direction_id,tangent_coordinate_0,tangent_coordinate_1,tangent_coordinate_2,effective_minimum_eigenvalue,effective_maximum_eigenvalue,analytic_drop_coefficient,finite_difference_drop_coefficient,finite_difference_residual
0,0,-0.46997993279480677,0.6877852850707113,0.5532361741701183,-0.11018027854726607,-0.11018027854726593,0.1652704178208989,0.16527040430647233,1.351442657782087e-08
0,1,-0.6583872244871718,-0.7258642409196869,0.19911646437742203,-0.03790009133906137,-0.037900091339061255,0.056850137008591886,0.05685012183231919,1.517627269687072e-08
0,2,-0.76563733075392,0.27545780115227153,-0.5813109989845092,-0.038054752156555224,-0.038054752156555155,0.05708212823483273,0.0570821112599873,1.6974845432060626e-08
0,3,-0.019722122135834918,0.9995635085582016,0.02199614187254026,-0.07278421410576112,-0.07278421410576107,0.1091763211586416,0.10917630549611701,1.566252459672679e-08
0,4,-0.5415147802407484,0.8246281972870575,-0.16355451390870174,-0.0695775500157008,-0.06957755001570075,0.10436632502355113,0.1043663086508495,1.637270162502258e-08
0,5,-0.5918920618737092,0.4095846128786886,0.694193223810132,-0.10281446392742105,-0.10281446392742091,0.15422169589113138,0.15422168125889257,1.4632238809486608e-08
0,6,-0.5018341732104267,-0.00775026979413636,0.8649291276840697,-0.07691030488670268,-0.0769103048867026,0.1153654573300539,0.11536543942369804,1.790635587028966e-08
0,7,0.3194290458836628,-0.9426645779512252,0.09668804539285887,-0.07313687563430306,-0.07313687563430303,0.10970531345145455,0.10970529623621772,1.721523683329007e-08
0,8,-0.0007052185347641025,-0.5727495732756198,-0.8197300952017156,-0.09717769665701571,-0.09717769665701563,0.14576654498552347,0.14576653079023671,1.4195286751617076e-08
0,9,-0.12895138638128398,0.990179181405935,0.05400674643613731,-0.078805604524212,-0.07880560452421198,0.11820840678631797,0.11820839168619202,1.5100125955180843e-08
0,10,0.21982536311114897,-0.36965903533396705,-0.902789569794098,-0.09732527826354918,-0.09732527826354911,0.14598791739532369,0.14598790371023185,1.3685091837523089e-08
0,11,-0.635871035066546,-0.23055569062976,-0.7365542072934169,-0.047266545961242676,-0.04726654596124262,0.07089981894186394,0.07089980408325758,1.4858606359191562e-08
0,12,-0.28142423888092605,-0.9244705478823007,0.25720537293861157,-0.04619179608671924,-0.04619179608671921,0.06928769413007882,0.06928767837255378,1.5757525034798547e-08
0,13,-0.7835214141327691,0.4895083216711986,0.3827215653840692,-0.09370746253059183,-0.0937074625305917,0.14056119379588755,0.14056117936256385,1.4433323702878198e-08
0,14,-0.16015684463375268,0.9138716826109694,0.3730795261586402,-0.09869255205037256,-0.09869255205037243,0.14803882807555865,0.14803881315250678,1.4923051877557825e-08
0,15,-0.7951972180418689,-0.4014312699931265,0.45443846656085113,-0.044826477319642226,-0.044826477319642066,0.0672397159794631,0.06723969991906387,1.6060399232742384e-08
0,16,0.06019008695982677,0.9981573001531467,-0.007691396670918387,-0.06776125813431641,-0.06776125813431638,0.10164188720147457,0.10164187130845548,1.5893019095214456e-08
0,17,0.14239142200346566,0.12143115750438205,0.9823335263172976,-0.06779156102577173,-0.06779156102577164,0.10168734153865745,0.1016873266146412,1.4924016258910378e-08
0,18,-0.7457506057470947,0.6076551520978534,-0.27315059977378026,-0.05761318582126688,-0.057613185821266816,0.08641977873190022,0.08641976162460097,1.71072992577459e-08
0,19,-0.7746468547056089,0.29790177037609733,0.5578322200281141,-0.09084830969472757,-0.0908483096947274,0.1362724645420911,0.136272450268482,1.4273609100223794e-08
0,20,-0.15470824664031338,-0.9704770449690735,-0.18503962713314923,-0.0743680439281506,-0.07436804392815055,0.11155206589222583,0.11155204954205189,1.6350173936974244e-08
0,21,0.06650932021117081,-0.8639680472849652,-0.49913497532796897,-0.09995722344343648,-0.09995722344343637,0.14993583516515457,0.1499358207035506,1.4461603969895265e-08
0,22,0.7796355627996728,0.21853388691162165,-0.5868656826645564,-0.057431055991018554,-0.05743105599101842,0.08614658398652764,0.08614656904493145,1.494159618253832e-08
0,23,-0.741441566379624,0.6566574479776092,0.1380775132310221,-0.08648403069627723,-0.08648403069627712,0.1297260460444157,0.12972603130601001,1.4738405690328804e-08
0,24,0.01172083003380149,-0.6424224438041928,-0.7662610689836509,-0.09962063707395079,-0.09962063707395069,0.14943095561092604,0.1494309398442084,1.5766717625931292e-08
0,25,-0.9596169526221962,-0.2064402298930512,0.19109614261359112,-0.04631017937433599,-0.04631017937433579,0.06946526906150369,0.06946525299422746,1.6067276231712668e-08
0,26,0.9326939790720162,-0.28725307140117345,0.21810001002613813,-0.0500095252170127,-0.05000952521701256,0.07501428782551885,0.07501427395917304,1.3866345807689306e-08
0,27,-0.7090516282044974,-0.6908884933318351,0.14113425637391522,-0.03779535636784613,-0.037795356367845985,0.05669303455176898,0.056693018335440826,1.6216328155294057e-08
0,28,0.49123661016665904,0.7977425352255787,-0.3497047902500567,-0.0382232282388655,-0.03822322823886544,0.05733484235829816,0.05733482438818882,1.7970109338072415e-08
0,29,-0.21095854859396934,0.9772167881615523,-0.023320371145108938,-0.07601481042569538,-0.07601481042569537,0.11402221563854306,0.11402220001510699,1.5623436072642605e-08
0,30,-0.11099454732643216,-0.14712274034308725,-0.982870850996071,-0.07070537319883526,-0.0707053731988352,0.10605805979825281,0.10605804429131283,1.550693998209063e-08
0,31,-0.9068083249201776,0.17912848565845468,-0.3815909426089284,-0.04105082630346932,-0.0410508263034692,0.0615762394552038,0.061576226062509676,1.3392694127312144e-08
0,32,-0.41206546921928,0.7406169823968912,-0.5307433791037036,-0.044860695089766464,-0.04486069508976632,0.06729104263464948,0.06729102552949229,1.710515719344219e-08
0,33,-0.2029117300031777,-0.9564083986994797,0.2100233432840607,-0.05093975274006281,-0.05093975274006278,0.07640962911009418,0.07640961335875218,1.5751341994607593e-08
0,34,-0.6801583326622819,-0.5943683103844092,0.4290815238632947,-0.03836149097403016,-0.03836149097403005,0.057542236461045074,0.05754221960030392,1.686074115048175e-08
0,35,-0.00021303332204593693,0.661497137782065,-0.7499476590555766,-0.03708752661225374,-0.037087526612253584,0.05563128991838038,0.05563127458696471,1.5331415671726578e-08
0,36,0.335850847893029,0.7103905797971758,-0.6185058060398189,-0.03716162912404112,-0.03716162912404103,0.055742443686061544,0.0557424287284114,1.4957650146252277e-08
0,37,0.19507768648801974,-0.9805150471151007,0.02312874002952512,-0.07560480199541397,-0.07560480199541394,0.11340720299312092,0.11340718780727954,1.5185841376053055e-08
0,38,0.962859505765658,0.19320405833960086,-0.18861008456024017,-0.04676698048572927,-0.04676698048572903,0.07015047072859355,0.0701504535016717,1.7226921847357524e-08
0,39,-0.8601824200437047,-0.34312715430009366,0.37729293689343735,-0.04561312907830706,-0.045613129078306856,0.0684196936174603,0.06841967686854744,1.6748912853858933e-08
0,40,0.04204378700833474,0.8385633223554233,-0.5431794126936627,-0.04020447316467903,-0.04020447316467891,0.060306709747018364,0.06030669297274471,1.677427365065487e-08
0,41,0.2820212821937898,-0.9458828342456661,-0.16052931280347774,-0.09024458292950982,-0.09024458292950978,0.13536687439426467,0.1353668607761982,1.3618066480036717e-08
0,42,0.38833434895042745,-0.8339048565179621,-0.39217231378694345,-0.10517503161175852,-0.10517503161175844,0.15776254741763768,0.15776253220467495,1.521296272288808e-08
0,43,-0.867578286116239,0.49057114970404503,-0.08153443774050652,-0.06514713863797025,-0.06514713863797011,0.09772070795695517,0.09772069403668482,1.392027035307386e-08
0,44,-0.9272043070028843,0.2203926550228355,0.30285186261155245,-0.07322848824291173,-0.07322848824291153,0.1098427323643673,0.10984271686664826,1.5497719038637392e-08
0,45,-0.775032794794648,0.6276429444719971,0.07340641148645055,-0.08093904614184674,-0.08093904614184665,0.12140856921276998,0.12140855543130158,1.3781468397033869e-08
0,46,-0.8435028169687001,0.4701871727273381,0.2596671337858141,-0.08534399328679898,-0.0853439932867988,0.12801598993019822,0.12801597421008282,1.5720115403849988e-08
0,47,0.3578117337151655,0.07451494349320195,-0.9308159250958014,-0.07070991691375816,-0.07070991691375808,0.10606487537063712,0.10606485967290524,1.56977318782614e-08
0,48,0.962259131776768,-0.13025994956426573,-0.23893452837908435,-0.06475348359639846,-0.06475348359639825,0.09713022539459738,0.09713021081880768,1.4575789700210784e-08
0,49,0.9239152374733373,-0.11452755704117827,-0.365053520244315,-0.06984724844352795,-0.06984724844352776,0.10477087266529164,0.10477085726767754,1.539761410040974e-08
0,50,-0.984199192628435,0.010125115304525579,0.17677508667684722,-0.05557115088203987,-0.05557115088203964,0.08335672632305947,0.08335670903525383,1.72878056453607e-08
0,51,-0.8084722443754957,-0.11992412733638161,0.5761864574571813,-0.06331423687470193,-0.06331423687470178,0.09497135531205267,0.09497133773850308,1.7573549587757142e-08
0,52,-0.9146932377460859,0.29773391428987883,0.2732961710364957,-0.0762550078656871,-0.07625500786568692,0.11438251179853039,0.11438249652995225,1.5268578137939137e-08
0,53,0.04159449331290776,0.5022651060562093,0.8637127192327246,-0.09250842701973239,-0.0925084270197323,0.13876264052959847,0.138762625001565,1.5528033470157965e-08
0,54,0.41307916905150904,-0.8799172314943785,0.23475788765232866,-0.06418310256694992,-0.06418310256694985,0.09627465385042479,0.09627463826156202,1.558886277008842e-08
0,55,-0.7286042288597098,0.6017474601904831,0.3271633717916035,-0.09623862445171256,-0.0962386244517124,0.1443579366775686,0.14435792283773452,1.3839834084317104e-08
0,56,0.388190391801152,0.8837285677058083,-0.261403975359803,-0.042844905041572845,-0.04284490504157278,0.06426735756235918,0.06426734006081958,1.750153960644596e-08
0,57,-0.4749755302098611,0.6323399436221692,-0.6120003606222576,-0.040800057968136884,-0.040800057968136745,0.06120008695220512,0.061200071399536426,1.5552668694573946e-08
0,58,-0.4432778889117685,0.6898541497343045,0.5723687319344811,-0.11063111997397916,-0.11063111997397905,0.1659466799609686,0.16594666613078957,1.3830179029783451e-08
0,59,0.48497631359626026,-0.8733453751814971,-0.04545141251569144,-0.08505182760903324,-0.08505182760903318,0.12757774141354977,0.12757772477334228,1.6640207489704295e-08
0,60,-0.38828141306018743,0.026132514632590337,-0.9211702535096113,-0.049550207180593664,-0.049550207180593574,0.07432531077089037,0.07432529453010872,1.6240781650078695e-08
0,61,0.13417307272722698,-0.972444008378908,0.19065738150645103,-0.06257042916226888,-0.06257042916226885,0.09385564374340327,0.09385563021213628,1.3531266995769897e-08
0,62,-0.6537700870727915,0.7353988539434401,0.17825038251714836,-0.09198546475007782,-0.09198546475007773,0.1379781971251166,0.1379781816579495,1.5467167102656276e-08
0,63,0.436739985358723,0.7400207282688949,-0.5114953635383579,-0.03704074063196549,-0.03704074063196542,0.055561110947948134,0.05556109600179937,1.4946148763073097e-08
0,64,-0.9698173824718531,-0.08596049916804739,0.2281776440368851,-0.05286442234656837,-0.05286442234656815,0.07929663351985224,0.07929661927086329,1.4248988947085373e-08
0,65,-0.1521390646034922,-0.10839049885685388,0.982397681582737,-0.06405922384817497,-0.06405922384817486,0.0960888357722623,0.09608882162170929,1.415055300713064e-08
0,66,-0.7126909880169129,-0.5465524155604627,-0.4397181058866005,-0.047062992609368116,-0.04706299260936795,0.07059448891405193,0.07059447471036151,1.4203690418268522e-08
0,67,-0.6074042854205234,0.6560836167483233,0.4478999016378802,-0.10522691293537262,-0.10522691293537248,0.15784036940305873,0.15784035606314362,1.3339915116983292e-08
0,68,-0.9971296247864868,-0.03332280146157436,-0.06798604471443025,-0.04471836648759455,-0.04471836648759435,0.06707754973139153,0.06707753380519321,1.5926198318472196e-08
0,69,-0.7064499345917828,0.3231951601788735,0.6296613203558069,-0.09545447649467537,-0.09545447649467519,0.1431817147420128,0.14318170121763174,1.3524381059504265e-08
0,70,0.9705401939647473,0.19647225852259725,0.13946463182434551,-0.03885960985838794,-0.038859609858387725,0.05828941478758159,0.058289399695876654,1.5091704934355743e-08
0,71,-0.9457716764848841,0.030727217144077525,-0.3233755929032871,-0.039560731404217404,-0.03956073140421724,0.05934109710632586,0.05934108343597089,1.3670354973016607e-08
0,72,-0.739138721604972,-0.6640500922012934,0.11274495674584088,-0.037627428926590975,-0.03762742892659081,0.05644114338988621,0.05644112816005631,1.5229829904150893e-08
0,73,-0.8809208683631745,-0.44180647173626525,-0.1696627985570889,-0.037323310083160505,-0.03732331008316031,0.055984965124740466,0.05598494862146808,1.6503272387558e-08
0,74,-0.10802442320645042,0.03444779879912268,0.9935512433431951,-0.07231081900953602,-0.07231081900953594,0.10846622851430392,0.10846621378846066,1.4725843253127202e-08
0,75,0.36324713371696166,0.2402744459836456,-0.9001775993956215,-0.05907377351602303,-0.05907377351602293,0.0886106602740344,0.08861064521026307,1.506377132753922e-08
0,76,-0.18654832547227815,-0.5938913469506985,-0.7826191859905903,-0.08681781650706391,-0.08681781650706381,0.13022672476059574,0.13022670858342522,1.617717051982659e-08
0,77,0.42616414753785525,0.8822691824100859,-0.1999630193880151,-0.04383439762261358,-0.04383439762261353,0.0657515964339203,0.06575158056909558,1.586482471782613e-08
0,78,0.24616580774461475,0.5800269457365129,0.7765121617315556,-0.08250328403029171,-0.08250328403029163,0.12375492604543745,0.12375491048599585,1.5559441596257884e-08
0,79,-0.7200134411861321,-0.3531309129429544,0.5973936749208011,-0.049950334449674866,-0.049950334449674755,0.07492550167451213,0.0749254866483362,1.5026175928523067e-08
0,80,-0.7093527575612204,0.3003375413790626,-0.6376645094237818,-0.03747244000080558,-0.03747244000080551,0.05620866000120827,0.05620864468314224,1.5318066030889366e-08
0,81,-0.42941109221742807,0.60751086682441,-0.6682339863931566,-0.03883056814306745,-0.03883056814306729,0.058245852214600935,0.058245837319947924,1.4894653010966152e-08
0,82,0.3175766673186822,0.8905260107624553,-0.32574297310957673,-0.04249895692102334,-0.0424989569210233,0.06374843538153495,0.06374841904355222,1.63379827305965e-08
0,83,0.7403289321724411,-0.12551650181701432,0.6604231067732507,-0.03717628293714873,-0.03717628293714868,0.055764424405723025,0.055764411144298975,1.32614240491713e-08
0,84,-0.15842431677044427,-0.8775986603495907,0.4524625146997501,-0.041481119732870705,-0.041481119732870615,0.062221679599305926,0.062221662544548195,1.705475773106091e-08
0,85,-0.5123547516862779,0.7362840877092972,-0.4420162334242721,-0.049907004928797856,-0.04990700492879776,0.07486050739319665,0.07486049141691709,1.597627956317904e-08
0,86,-0.3872310465032475,-0.10598763198814631,-0.9158704812851788,-0.05533868686415861,-0.05533868686415856,0.08300803029623785,0.08300801573879468,1.4557443167584339e-08
0,87,0.7998613040555882,-0.3003174733572095,-0.5196453689496672,-0.0892690861565384,-0.08926908615653822,0.13390362923480734,0.13390361319753907,1.6037268263380255e-08
0,88,-0.16717749148709943,0.03688693158840029,0.985236540439946,-0.07432037900391934,-0.07432037900391927,0.11148056850587891,0.11148055395482359,1.4551055319000916e-08
0,89,0.9171178659407456,0.04081513624457621,0.396521051932466,-0.03750242185933387,-0.03750242185933371,0.056253632789000564,0.056253618430091024,1.4358909540546083e-08
0,90,-0.9920813343990597,-0.12220304150626683,-0.029000734190685613,-0.043041993360285975,-0.04304199336028577,0.06456299004042866,0.06456297302337433,1.7017054335100035e-08
0,91,-0.22950090039121873,0.19831932889878057,0.9528897000727614,-0.08709180581368531,-0.08709180581368525,0.13063770872052788,0.13063769371823852,1.5002289355248166e-08
0,92,-0.9314721108344322,0.22440759712696012,-0.286358057489834,-0.04523876134412456,-0.04523876134412443,0.06785814201618666,0.06785812606269204,1.5953494622578113e-08
0,93,-0.1994823063853408,0.761098214280938,-0.6172003869551218,-0.0400551047785626,-0.04005510477856243,0.060082657167843646,0.06008264025192389,1.6915919755222664e-08
0,94,0.7737698016148506,-0.4472063200822365,-0.4486499764709886,-0.09490465320026657,-0.0949046532002664,0.14235697980039963,0.14235696371711626,1.6083283371770563e-08
0,95,-0.7751237776555799,-0.4865244817922035,0.40308443027456525,-0.04084980249402646,-0.04084980249402631,0.061274703741039466,0.0612746881012427,1.563979676322269e-08
0,96,0.24442982575510608,-0.221074393107549,0.9441293200581461,-0.046112248508638466,-0.04611224850863831,0.06916837276295747,0.06916835576520342,1.6997754051506497e-08
0,97,-0.350879934193182,0.8539574392133263,0.38423946152471955,-0.10432100168413558,-0.10432100168413545,0.1564815025262032,0.1564814874899234,1.5036279776836636e-08
0,98,0.48986248724976644,0.6667839581162379,-0.5616350209738666,-0.037697405001342894,-0.03769740500134283,0.05654610750201425,0.05654609142036193,1.608165231536951e-08
0,99,0.5810598825187369,0.41365837945030826,-0.7008966814287657,-0.04818287600142815,-0.04818287600142805,0.07227431400214208,0.0722742976577706,1.634437148123613e-08
0,100,0.931272206407929,0.06401451575299529,0.35865612966324373,-0.03767704020323983,-0.03767704020323967,0.056515560304859505,0.05651554363383937,1.667102013380717e-08
0,101,-0.9525637379470827,-0.0578692451590513,-0.2987866724152923,-0.03855210303643041,-0.03855210303643023,0.05782815455464535,0.05782813949917198,1.5055473367997507e-08
0,102,0.29076490996202214,0.13939717186522083,0.9465855458492672,-0.06164250079132934,-0.0616425007913293,0.09246375118699394,0.09246373527949103,1.590750291213805e-08
0,103,0.2751777246574163,-0.6399813506158947,0.7174267145264542,-0.037593028883359386,-0.037593028883359206,0.05638954332503881,0.05638952776942929,1.5555609515771618e-08
0,104,-0.3359752917031884,-0.3437960165248192,-0.8768836310404156,-0.06858486999385692,-0.06858486999385689,0.10287730499078535,0.10287728863245249,1.635833285495991e-08
0,105,0.9288594647241565,0.2765197904600758,-0.24648914839454764,-0.045080122017116475,-0.04508012201711625,0.06762018302567438,0.06762016779848778,1.5227186594968245e-08
0,106,0.10386497794200716,-0.6761537486044487,-0.7294026148878673,-0.10452238238979886,-0.10452238238979873,0.1567835735846981,0.15678355697046342,1.6614234682466034e-08
0,107,-0.7836964861869768,0.5785395077999449,-0.22607931230606482,-0.05958972832852013,-0.05958972832852007,0.08938459249278011,0.08938457751739293,1.497538718031599e-08
0,108,-0.03614890143827643,-0.9958360262099042,-0.08368910220137876,-0.07430215897774106,-0.074302158977741,0.11145323846661151,0.11145322303951488,1.5427096627940173e-08
0,109,0.9345718322467752,-0.135450465823242,0.32898124821815045,-0.0415648112441867,-0.04156481124418657,0.06234721686627985,0.062347201013057685,1.5853222165573833e-08
0,110,0.19142369413408578,-0.4303109321563,-0.8821504809219547,-0.09959661513570806,-0.09959661513570797,0.14939492270356197,0.14939490894372298,1.3759838990434758e-08
0,111,-0.20368766332295138,0.7830066954043016,0.5877174923056749,-0.10761312640484672,-0.1076131264048466,0.1614196896072699,0.1614196734611717,1.6146098208436044e-08
0,112,-0.9425758865592627,-0.33354701704825,0.017236168229467923,-0.03875390903000056,-0.03875390903000034,0.05813086354500051,0.058130848745729935,1.4799270572907197e-08
0,113,-0.7436982730784737,-0.17695575299161012,0.6446701017600153,-0.06153737359443422,-0.0615373735944341,0.09230606039165115,0.0923060447521884,1.5639462752625732e-08
0,114,-0.10120904726743755,0.7420543346498417,0.6626553351317698,-0.10471613997000447,-0.10471613997000435,0.15707420995500654,0.15707419254162858,1.741337796179465e-08
0,115,-0.6940700396340787,-0.6673070993948194,-0.270125924671478,-0.04610014165015618,-0.046100141650155996,0.069150212475234,0.06915019529207811,1.7183155884281653e-08
0,116,0.19044950976306982,0.6371687617847522,-0.7468232409591254,-0.03800934092166454,-0.0380093409216644,0.0570140113824966,0.057013994914090205,1.6468406395520052e-08
0,117,0.00240942330372339,-0.9886524582942104,-0.15020156919339392,-0.07996320928800629,-0.07996320928800624,0.11994481393200936,0.11994479853782991,1.539417944507182e-08
0,118,-0.9871529764192726,-0.006916951158745882,0.1596281833926535,-0.054039409731781736,-0.05403940973178149,0.08105911459767225,0.08105909832245572,1.6275216521699498e-08
0,119,-0.5171523974805459,0.49666797194612167,-0.6970468588431125,-0.03773262258653684,-0.037732622586536695,0.056598933879805045,0.05659891860743116,1.5272373886376922e-08
0,120,-0.2786885339460329,-0.05050115049040597,0.9590528321454226,-0.07103096377078942,-0.07103096377078935,0.10654644565618403,0.10654643001206665,1.564411737653426e-08
0,121,-0.36095699733089803,0.7650500749876925,-0.5332995676345407,-0.044621815333292944,-0.04462181533329282,0.06693272299993923,0.06693270521163086,1.778830836796086e-08
0,122,0.8083032796922865,-0.2712964880704485,-0.5225361457347559,-0.08748709691205019,-0.08748709691204999,0.131230645368075,0.13123063052900008,1.483907491328651e-08
0,123,-0.8494915519336462,0.4509339178143672,-0.27390272900785584,-0.05280057019800073,-0.052800570198000656,0.079200855297001,0.07920084033052888,1.4966472117183827e-08
0,124,0.13282234180344418,-0.9831299992718436,0.12575225663817552,-0.06686871679777413,-0.06686871679777412,0.10030307519666118,0.1003030603019539,1.4894707273116481e-08
0,125,0.07665189893011291,0.49295376052645407,0.8666724158372846,-0.0902218037759695,-0.09022180377596944,0.13533270566395417,0.135332689499279,1.6164675153973462e-08
0,126,-0.9165676092063734,-0.3099432368364394,0.25266382347511446,-0.04397836054183285,-0.043978360541832656,0.06596754081274898,0.0659675244985003,1.6314248688087396e-08
0,127,-0.852561586867224,-0.43676561801383734,0.28700964360005676,-0.04053962571995118,-0.040539625719951,0.060809438579926496,0.060809422774976696,1.5804949800302115e-08
0,128,0.39420550693219847,-0.4438740823711566,0.8047221988385136,-0.03725401535565866,-0.037254015355658504,0.055881023033487756,0.05588100815412389,1.4879363866016071e-08
0,129,-0.7867698852364186,0.5659721130189486,0.24631020070216175,-0.08950688345684853,-0.08950688345684837,0.13426032518527256,0.13426030981422699,1.537104557525204e-08
0,130,-0.021611159267391752,-0.3186186392168228,0.9476365972981096,-0.048294911262607564,-0.04829491126260742,0.07244236689391113,0.07244235072922933,1.6164681801433822e-08
0,131,0.8482662974071319,-0.46539563271814305,-0.2526879374447356,-0.08465651582660219,-0.08465651582660201,0.12698477373990302,0.1269847602070051,1.3532897913393072e-08
0,132,0.2100094678717395,-0.26071748401612854,-0.9422963530294111,-0.09053360001488057,-0.0905336000148805,0.13580040002232077,0.13580038621396895,1.3808351823074716e-08
0,133,-0.5449977899196368,0.4003660639004405,-0.7366711775681059,-0.03706086932446886,-0.03706086932446874,0.05559130398670311,0.05559128574139649,1.8245306619701918e-08
0,134,0.12216919060783528,-0.5610117133703993,0.8187432725387337,-0.037632954827793254,-0.03763295482779308,0.05644943224168962,0.056449417362713916,1.4878975704291086e-08
0,135,0.2369412589692055,0.755197801064033,0.6111751967039705,-0.08456476489011931,-0.0845647648901192,0.12684714733517882,0.12684713140975745,1.5925421370521775e-08
0,136,-0.3239538703223933,-0.017732956862472806,-0.9459066720052541,-0.05418134357722973,-0.054181343577229646,0.08127201536584447,0.08127199885299419,1.651285028159144e-08
0,137,0.8534482164095155,0.357487166700435,-0.37924802906793365,-0.045064827446572295,-0.04506482744657212,0.06759724116985819,0.0675972250396839,1.6130174279593845e-08
0,138,0.8686224323917175,-0.3472278329152127,0.3534514139098915,-0.04605217389087002,-0.04605217389086993,0.0690782608363049,0.06907824451340971,1.6322895188269904e-08
0,139,0.8076162428345023,-0.49525413792681344,-0.32012394970737656,-0.09037011977808335,-0.09037011977808315,0.13555517966712474,0.13555516570340487,1.3963719874832137e-08
0,140,-0.9816486332814404,0.019573383938826253,0.18969144265850138,-0.05658483217366478,-0.05658483217366457,0.08487724826049686,0.08487723301975336,1.5240743500566367e-08
0,141,0.12832561719808597,-0.28664254685212587,0.9494043323604845,-0.04633379435850539,-0.046333794358505216,0.06950069153775783,0.0695006760476069,1.549015092583428e-08
0,142,0.3054911390994233,-0.7137106506813501,0.6303112493330105,-0.04008527169694975,-0.04008527169694959,0.06012790754542438,0.06012789155462883,1.5990795548814773e-08
0,143,0.9613123876829408,0.0260487215082336,-0.27422610633400607,-0.05770760747000295,-0.057707607470002725,0.08656141120500409,0.08656139555140996,1.565359412925016e-08
0,144,0.6661093313337497,-0.2379997777363588,0.7068624084696743,-0.03708570651701299,-0.037085706517012915,0.05562855977551937,0.05562854482610291,1.4949416461684795e-08
0,145,-0.44709658101800365,-0.4870998969637884,0.7502255245057171,-0.044501563464312804,-0.04450156346431271,0.06675234519646907,0.06675233005237757,1.5144091494723178e-08
0,146,-0.5007247726425912,-0.1666508912452499,-0.8494128457406265,-0.05217368200980976,-0.052173682009809756,0.07826052301471464,0.0782605077964682,1.5218246440795724e-08
0,147,-0.4619691654542914,-0.663384182410463,0.588647531802408,-0.037820859304328346,-0.03782085930432828,0.056731288956492425,0.05673127523309063,1.3723401796894574e-08
0,148,-0.3113316375364569,-0.09398438390017805,-0.9456423991402735,-0.05841204585406407,-0.058412045854063996,0.087618068781096,0.08761805170287573,1.7078220268529343e-08
0,149,0.49717682853409956,-0.8453393900303294,0.19549045202240686,-0.0673245459531477,-0.06732454595314769,0.10098681892972153,0.10098680502945712,1.3900264411725871e-08
0,150,0.7640625636974275,-0.36001958900141495,-0.5353450235982088,-0.09386709613268977,-0.09386709613268959,0.1408006441990344,0.14080062948895744,1.4710076962076712e-08
0,151,-0.11834780614288178,0.3623390227665151,0.9245021521671941,-0.09329438375899704,-0.09329438375899697,0.13994157563849546,0.1399415597291842,1.5909311257278347e-08
0,152,-0.7318993388768603,-0.6263185543225684,0.2684183791451374,-0.037109321970576224,-0.037109321970576085,0.05566398295586413,0.055663966491703576,1.646416055572919e-08
0,153,-0.0286473173035759,0.983295819116106,-0.1797461079414368,-0.060291877603457084,-0.06029187760345705,0.09043781640518558,0.09043779752859749,1.8876588098182268e-08
0,154,-0.7374981580532174,0.14976445860885473,-0.6585340339008364,-0.03709078684870888,-0.03709078684870884,0.05563618027306326,0.0556361637316094,1.6541453859431066e-08
0,155,-0.4716807669759693,-0.11207850195004267,0.8746174383498169,-0.069089179129858,-0.0690891791298579,0.10363376869478685,0.10363375296806865,1.5726718205488766e-08
0,156,0.5586054199722782,-0.3539464502530768,-0.7501212536189339,-0.10070674357519821,-0.10070674357519807,0.15106011536279712,0.15106009915166752,1.621112960537019e-08
0,157,0.532504907502174,-0.05675980832975903,0.844521667954393,-0.04310292459469606,-0.043102924594696,0.064654386892044,0.06465437213387659,1.4758167410366951e-08
0,158,-0.7592959183238307,-0.6490805752669124,-0.0465200518910331,-0.03921675550626546,-0.03921675550626528,0.05882513325939792,0.05882511838750659,1.487189132953759e-08
0,159,0.7282702651523126,-0.034062274706145645,0.6844429723043575,-0.038189647360068156,-0.03818964736006811,0.05728447104010216,0.05728445495734036,1.608276180287138e-08
0,160,0.44083908155029056,-0.7911755483685425,0.4239129106805219,-0.05120941100945632,-0.0512094110094562,0.07681411651418431,0.07681410091331387,1.5600870442722403e-08
0,161,0.12563461197900339,-0.23873441490322528,0.9629235812948502,-0.04865786431909375,-0.048657864319093594,0.0729867964786404,0.07298677912048745,1.7358152942792415e-08
0,162,0.8928849178112704,-0.44779429865815135,-0.047294710427439615,-0.07109504097823516,-0.07109504097823498,0.10664256146735247,0.10664254618264479,1.5284707680085496e-08
0,163,-0.8596209130547631,0.34910643425681537,-0.3730637792648696,-0.045315065916525774,-0.0453150659165257,0.06797259887478856,0.06797258450541577,1.4369372788869406e-08
0,164,-0.8260486185384183,-0.24683975400054434,0.5066693356181341,-0.05362551476542515,-0.053625514765424986,0.08043827214813748,0.08043825605597021,1.609216726539131e-08
0,165,-0.9966137182077699,0.07519595697115229,0.03326657083734789,-0.05261533577624816,-0.05261533577624796,0.07892300366437195,0.0789229875897135,1.6074658451548096e-08
0,166,-0.37415846953970827,-0.8559018348010332,0.356983877585428,-0.04019884267167139,-0.04019884267167135,0.06029826400750703,0.06029824833886366,1.5668643368882407e-08
0,167,0.0859537198075602,0.7495251237246805,-0.6563718816012352,-0.03729116751704379,-0.03729116751704365,0.05593675127556548,0.05593673579884495,1.5476720530149812e-08
0,168,-0.7071798158862398,0.054919507844222344,-0.704897549762554,-0.03832280688754999,-0.03832280688754997,0.05748421033132496,0.05748419518170067,1.5149624291166397e-08
0,169,0.7598300468050074,0.644254552510631,-0.08714569146909538,-0.03755983465017902,-0.03755983465017886,0.0563397519752683,0.056339737042332416,1.4932935880895837e-08
0,170,0.9390629261329609,0.33093336819663144,0.09297271952908469,-0.037551273583848445,-0.03755127358384823,0.056326910375772345,0.056326894537495065,1.5838277279967006e-08
0,171,0.3819998608888716,0.6620632240699235,-0.644785540792457,-0.03790120787480942,-0.03790120787480932,0.056851811812213986,0.05685179549352881,1.6318685173988268e-08
0,172,0.48470529224323233,0.5006670216326372,0.7172121813807315,-0.06370991317146385,-0.06370991317146377,0.09556486975719565,0.09556485186523744,1.7891958206672776e-08
0,173,0.6182847660691337,0.13408693627787105,0.7744318185395346,-0.04546449979990069,-0.04546449979990067,0.06819674969985101,0.06819673437075124,1.5329099767313892e-08
0,174,0.6149247493538502,0.39728497753495956,0.6811990892955972,-0.05252242192034809,-0.05252242192034799,0.078783632880522,0.07878361574231718,1.7138204813638147e-08
0,175,0.3946034739645124,-0.6438846505892034,-0.655515564323806,-0.1109911763384228,-0.11099117633842266,0.166486764507634,0.16648675077446384,1.3733170156626784e-08
0,176,-0.6548944208817922,0.10003485278038214,-0.7490703075994332,-0.03869156947215963,-0.03869156947215959,0.05803735420823939,0.0580373388237021,1.5384537289941935e-08
0,177,-0.1617131253522534,0.4992097930833048,0.8512569809279278,-0.101715461595736,-0.1017154615957359,0.15257319239360387,0.15257317631522938,1.6078374492911607e-08
0,178,-0.9300021145032558,0.10284848773280719,-0.35287144343308374,-0.04025648470652844,-0.040256484706528296,0.06038472705979245,0.060384711120242685,1.5939549763421823e-08
0,179,0.1672994878624666,-0.19219022603452374,0.9669921397704094,-0.04972126076268335,-0.049721260762683205,0.07458189114402482,0.07458187539777228,1.5746252537973682e-08
0,180,0.6799687913520872,0.6943028191414087,-0.2357669148109507,-0.037263165189912455,-0.03726316518991233,0.0558947477848685,0.05589473051070826,1.7274160241109726e-08
0,181,-0.12562915475419767,0.24714634349713865,-0.960799667137609,-0.0482507951961924,-0.04825079519619225,0.07237619279428838,0.07237617866140411,1.4132884265660728e-08
0,182,-0.2123960283365774,-0.9059373562584468,0.36628599984479826,-0.04358284336271849,-0.04358284336271844,0.06537426504407767,0.06537425045749501,1.4586582663955738e-08
0,183,0.7876591234225888,0.45446838091064395,0.41599470674711314,-0.042115887720726206,-0.04211588772072604,0.06317383158108907,0.06317381479048478,1.6790604281946564e-08
0,184,0.6357062715973424,-0.7719288979481936,-0.0018201000778676898,-0.0807160449495025,-0.08071604494950244,0.12107406742425365,0.12107405217287592,1.5251377730174376e-08
0,185,-0.4304402727967485,-0.9006250396546546,0.05996423518825912,-0.04898888749729245,-0.04898888749729237,0.07348333124593856,0.07348331526602081,1.597991775015295e-08
0,186,-0.8438151668989896,-0.4568259944694829,-0.28157765338925317,-0.038864828064939835,-0.03886482806493964,0.05829724209740946,0.05829722676820026,1.532920920060965e-08
0,187,-0.38943961561518775,-0.12126452145145176,-0.9130343375945098,-0.055906152174476635,-0.0559061521744766,0.08385922826171491,0.08385921262954454,1.5632170363710784e-08
0,188,-0.7967839799406239,0.5295365253077424,0.29107792371628316,-0.09044718448702328,-0.0904471844870231,0.13567077673053465,0.13567076212472884,1.460580581480464e-08
0,189,0.6163668100206894,-0.7746776488949211,0.1413028513780132,-0.07050937614669398,-0.07050937614669393,0.10576406422004091,0.1057640489077194,1.5312321507976456e-08
0,190,-0.4260838115891028,-0.44107881167638363,-0.7898747162631877,-0.06628846401122535,-0.06628846401122528,0.09943269601683792,0.0994326801451173,1.587172061834341e-08
0,191,-0.5927292485481563,0.2696158545425914,0.7589330200319433,-0.09559422070234053,-0.0955942207023404,0.14339133105351062,0.1433913168757961,1.4177714530161367e-08
0,192,-0.3671112993058538,0.33367701697640006,0.8682677825784503,-0.0988383014859763,-0.09883830148597622,0.14825745222896433,0.1482574354949584,1.6734005930940654e-08
0,193,-0.12053010821286517,0.35025969582014455,0.928865242378126,-0.09270931246833478,-0.0927093124683347,0.13906396870250207,0.13906395340823607,1.529426599256034e-08
0,194,0.8630715054439556,0.4764177029480323,0.16773118019147387,-0.03765305485329919,-0.03765305485329899,0.05647958227994849,0.05647956685672639,1.5423222095301004e-08
0,195,-0.07653331012718048,0.37744293716997246,-0.9228648230491185,-0.04355064732225432,-0.04355064732225415,0.06532597098338123,0.06532595436814503,1.661523620077876e-08
0,196,0.49049346926307125,-0.7042354024043301,0.5132919779333082,-0.04569709426402047,-0.04569709426402036,0.06854564139603055,0.06854562611957604,1.5276454504165038e-08
0,197,0.3691884932720716,0.8927128175668763,0.25838669042213963,-0.06554571374863495,-0.0655457137486348,0.0983185706229522,0.09831855468656059,1.5936391609128187e-08
0,198,-0.614711004698502,0.7877061107227716,0.040613591722015924,-0.08382662822470614,-0.08382662822470609,0.12573994233705915,0.12573992541620171,1.6920857437430215e-08
0,199,-0.498588282230864,-0.7459657885957802,0.4415254999054438,-0.0371085257005141,-0.03710852570051404,0.05566278855077106,0.055662773001952104,1.5548818954602694e-08
0,200,0.7699375891908686,-0.39045837610816464,-0.5047161234574622,-0.09432435686528291,-0.09432435686528275,0.14148653529792413,0.14148652111023452,1.4187689606481868e-08
0,201,-0.8781615531639306,-0.36768107570120856,0.3060112957325518,-0.043090555823110006,-0.04309055582310981,0.06463583373466472,0.06463581753157754,1.620308717753538e-08
0,202,-0.5074563545813916,-0.3543946310558541,0.7854250401367084,-0.05219742286302348,-0.052197422863023396,0.0782961342945351,0.07829611958776184,1.4706773257544548e-08
0,203,0.9605964712909129,0.12323390187160198,-0.2491341501539821,-0.05182058408058412,-0.0518205840805839,0.07773087612087586,0.07773086063700418,1.5483871670940452e-08
0,204,-0.6704755354186335,-0.23349543381712812,-0.7042318075688203,-0.045591310653114656,-0.04559131065311459,0.0683869659796719,0.06838695165711783,1.4322554059420511e-08
0,205,0.6496412201521338,0.47989308464708397,-0.5896345583385981,-0.04370133970246945,-0.04370133970246935,0.06555200955370404,0.06555199438817993,1.5165524100413386e-08
0,206,0.33717364808018535,-0.89297503243508,-0.298176998589541,-0.099718233876576,-0.09971823387657588,0.14957735081486384,0.14957733524001426,1.5574849576704963e-08
0,207,0.9511184651484533,-0.2728261540418483,-0.14470506184782833,-0.06776946310238947,-0.0677694631023893,0.10165419465358394,0.10165418090624101,1.3747342930692241e-08
0,208,-0.5619130573088008,0.8260365888880153,0.043786640018711014,-0.08469095947380502,-0.08469095947380496,0.12703643921070745,0.12703642443545604,1.477525141124758e-08
0,209,0.6786456896842947,-0.2308344536547663,0.6972485086960268,-0.03706532866880597,-0.03706532866880591,0.05559799300320886,0.05559797622289864,1.67803102246733e-08
0,210,0.7696309348963523,0.6148518167190853,-0.1721205029268948,-0.03704062023264451,-0.03704062023264434,0.05556093034896651,0.05556091559055787,1.475840864101352e-08
0,211,-0.7531423531356817,-0.5792693559052343,-0.31180700637154257,-0.04342979940689719,-0.04342979940689699,0.0651446991103455,0.06514468270379936,1.6406546135550037e-08
0,212,0.8837529653878379,0.13832565747883357,0.44704217770949933,-0.037108875308162356,-0.03710887530816221,0.05566331296224332,0.05566329758233124,1.5379912080004665e-08
0,213,0.5775311773234846,0.4461852715013972,0.6836493565524466,-0.056019087119774165,-0.05601908711977406,0.0840286306796611,0.08402861462197819,1.6057682905579185e-08
0,214,-0.5016388637722436,-0.12653233607582023,-0.855773345156583,-0.050648828017291134,-0.05064882801729112,0.07597324202593668,0.07597322632113546,1.57048012233707e-08
0,215,-0.5111502899829169,0.8588273816188617,0.033777353834631,-0.08422574034931965,-0.08422574034931958,0.12633861052397938,0.12633859514110668,1.5382872697866645e-08
0,216,0.16210697723223894,-0.9720021787774207,-0.17009730269634965,-0.08740096264837581,-0.08740096264837575,0.13110144397256365,0.13110142832450933,1.5648054324524097e-08
0,217,0.8751122921473807,-0.43244506699550417,-0.21718595756588646,-0.0806925716455485,-0.08069257164554834,0.12103885746832252,0.12103884283742872,1.463089380204785e-08
0,218,0.49443595429536663,-0.49197074355638576,-0.7165876600839612,-0.10731802426852172,-0.10731802426852156,0.16097703640278235,0.16097702199013852,1.4412643828398686e-08
0,219,-0.18451643999372938,0.6437061326618896,0.742695158288725,-0.10706690053322555,-0.10706690053322544,0.16060035079983817,0.16060033442011346,1.6379724715465116e-08
0,220,-0.3232004151206582,0.709402111465498,0.6263306921380488,-0.11070129048407755,-0.11070129048407742,0.16605193572611615,0.16605192082463915,1.490147699678701e-08
0,221,-0.07706293249394129,0.9761794868762959,0.2028174396775729,-0.086231144324199,-0.08623114432419893,0.1293467164862984,0.12934670140518634,1.5081112053616508e-08
0,222,-0.22955072943748006,0.7741513178533403,0.5899120270690006,-0.10840489606228616,-0.10840489606228602,0.16260734409342906,0.16260733037842812,1.3715000940495159e-08
0,223,0.23936144617282853,-0.6132222995211735,0.75277121986432,-0.037115157438370634,-0.037115157438370454,0.055672736157555684,0.055672720600252745,1.555730293895108e-08
0,224,0.21611333832737062,-0.43942069134670003,-0.8718970587250466,-0.10086563509222256,-0.10086563509222247,0.15129845263833372,0.15129843905503648,1.3583297236996472e-08
0,225,0.3498156434259026,0.10385505394737585,-0.9310441146283615,-0.06847857773537262,-0.06847857773537254,0.10271786660305882,0.10271784950388607,1.7099172744394764e-08
0,226,-0.6632093529360551,-0.4109327230805735,-0.6255298963916304,-0.049650307632023646,-0.04965030763202354,0.07447546144803532,0.07447544525529537,1.6192739954457025e-08
0,227,-0.03239436492628493,-0.3392811344011034,0.940127074900262,-0.047475724529160206,-0.04747572452916006,0.0712135867937401,0.07121356976336202,1.7030378079985198e-08
0,228,0.6940075550552068,-0.6758345130880632,-0.24819593962294048,-0.09450232100989302,-0.09450232100989286,0.1417534815148393,0.14175346590983295,1.560500634267825e-08
0,229,-0.09205627307104584,0.3281143527877744,0.9401418053054171,-0.09031094247510194,-0.0903109424751019,0.13546641371265286,0.13546639782147096,1.5891181898153306e-08
0,230,0.9542066173140896,0.2518888609212625,0.16137451229296298,-0.037769106397911104,-0.037769106397910895,0.05665365959686634,0.05665364150031493,1.8096551410162753e-08
0,231,0.314988227290544,0.41858643974220694,-0.8518026820410373,-0.047519025808569225,-0.0475190258085691,0.07127853871285365,0.07127852336141771,1.535143594189048e-08
0,232,0.20097238148472052,-0.4260719578098924,0.8820843432735928,-0.03970578548722974,-0.03970578548722957,0.059558678230844354,0.059558662168779364,1.606206499055185e-08
0,233,-0.061637082237980874,-0.9808299384052176,-0.18486076387704772,-0.07902774822638912,-0.07902774822638904,0.11854162233958357,0.1185416070859091,1.5253674462423206e-08
0,234,0.7889748970504012,-0.10529648917074004,-0.6053356599380422,-0.07960267508220283,-0.07960267508220266,0.119404012623304,0.11940399780030475,1.482299924471242e-08
0,235,-0.6521491679221293,-0.6414081809655195,-0.40410024519786886,-0.0509181821139635,-0.05091818211396333,0.076377273170945,0.07637725868425704,1.4486687960335587e-08
0,236,-0.12040508730447434,-0.7551428334138023,0.6444081905865072,-0.037273518063054345,-0.03727351806305421,0.05591027709458132,0.05591026114304398,1.5951537341019062e-08
0,237,0.99267972233594,-0.10984070916010012,0.05021939340779683,-0.05059904631203821,-0.05059904631203801,0.07589856946805702,0.07589855549605673,1.3972000292850062e-08
0,238,-0.17591509514663142,0.771763128062132,-0.6110937354148748,-0.04011132913744478,-0.04011132913744461,0.06016699370616692,0.06016697834398954,1.5362177377409303e-08
0,239,-0.7305819077686035,-0.46388388378168,-0.5010606933384543,-0.04579549267048924,-0.04579549267048911,0.06869323900573367,0.06869322333180605,1.5673927614145988e-08
0,240,-0.3271463312498255,0.49965093131742305,0.8020749496047183,-0.10645150254219975,-0.10645150254219964,0.15967725381329947,0.15967723948628887,1.432701060566366e-08
0,241,0.3178396793204007,-0.9351213820610339,0.15660759579843747,-0.06878927413417937,-0.06878927413417932,0.10318391120126898,0.10318389614960566,1.5051663318499386e-08
0,242,0.7010555876119079,-0.051554966930885036,0.7112405700344139,-0.03849684787008259,-0.03849684787008256,0.05774527180512384,0.05774525718704737,1.4618076471517583e-08
0,243,-0.3086866967524333,-0.9309142620306102,-0.19522079806228554,-0.06642492284853274,-0.06642492284853263,0.09963738427279895,0.0996373678008311,1.6471967845266278e-08
0,244,0.5365349486172641,0.8362864193595125,0.1129392478597033,-0.0504736489878648,-0.05047364898786466,0.07571047348179699,0.07571045873566717,1.4746129817222453e-08
0,245,-0.5545591543319319,-0.2706948900856337,0.7868852653520582,-0.057686159104993695,-0.05768615910499361,0.08652923865749042,0.0865292226759351,1.5981555315236484e-08
0,246,0.4933159906926569,-0.498573064371766,-0.7127862462266434,-0.10755208560252977,-0.10755208560252964,0.16132812840379449,0.16132811475610964,1.3647684843354213e-08
0,247,0.23124918009898726,0.1662409687153967,-0.9585863325877918,-0.06202174867105455,-0.06202174867105443,0.09303262300658165,0.09303260800619384,1.5000387806884952e-08
0,248,-0.673989767070721,-0.23716234822867738,0.6996369161691046,-0.05880267840592031,-0.0588026784059202,0.0882040176088803,0.08820400104747605,1.656140424799446e-08
0,249,0.5086011932733322,0.08155874696687468,-0.8571306767314631,-0.07145994577465503,-0.07145994577465495,0.10718991866198242,0.10718990278713036,1.5874852057895517e-08
0,250,-0.7507266693631176,0.6518029514460443,-0.10752850967620582,-0.06958631038148241,-0.06958631038148233,0.1043794655722235,0.10437944952812472,1.6044098771761384e-08
0,251,0.8022312836046415,-0.5826154081863366,-0.13032365000228363,-0.08278709512287778,-0.08278709512287766,0.12418064268431649,0.12418062550478837,1.7179528119526388e-08
0,252,-0.20592581576984362,-0.9665045110463233,-0.15317828999774122,-0.07002164336987059,-0.0700216433698705,0.10503246505480576,0.1050324494045185,1.5650287260582374e-08
0,253,-0.7059871433002105,0.24020178627813452,0.6662471428558636,-0.09118558904495752,-0.09118558904495738,0.13677838356743607,0.13677836779857344,1.576886263232602e-08
0,254,0.9177585314216183,-0.33069310318812706,0.2199121404257647,-0.05142997718368329,-0.051429977183683175,0.07714496577552477,0.07714495015020972,1.5625315041845056e-08
0,255,0.9041392996242715,0.07959566704712945,-0.4197578547951832,-0.0603933253811788,-0.060393325381178614,0.09058998807176792,0.0905899730230253,1.504874262703293e-08
0,256,-0.8210466049723347,0.4189286297276732,0.3877902469865597,-0.0899150175619891,-0.0899150175619889,0.13487252634298336,0.13487251177002335,1.4572960005398983e-08
0,257,0.38373037310593267,0.775910938402695,-0.5007127084696682,-0.03729149358908083,-0.037291493589080765,0.05593724038362115,0.055937222909197004,1.7474424143792966e-08
0,258,-0.168465225771387,0.5337734678448538,-0.8286768687073836,-0.0377240801562675,-0.03772408015626731,0.05658612023440097,0.05658610385816942,1.6376231544434905e-08
0,259,-0.15391692990786662,0.950404469681856,0.27026084195918376,-0.09308340792703797,-0.0930834079270379,0.13962511189055685,0.13962509620712993,1.5683426918267074e-08
0,260,-0.6986496501055454,-0.6592165202603834,0.2780687789436109,-0.0370374086893469,-0.03703740868934677,0.05555611303402015,0.055556097222630996,1.5811389156294986e-08
0,261,-0.06213835434327576,0.6349313584240797,-0.7700655783822975,-0.03711578354755302,-0.03711578354755285,0.055673675321329275,0.055673661514266115,1.3807063159454458e-08
0,262,0.9929094917966107,0.040021770474238764,-0.11193301116428214,-0.05067198018113411,-0.050671980181133884,0.07600797027170084,0.07600795548512451,1.4786576324476997e-08
0,263,-0.3169103178476881,-0.8993865706603742,0.3011173308819159,-0.04340745801278089,-0.043407458012780856,0.06511118701917129,0.06511117062180105,1.6397370239396025e-08
0,264,-0.6545323210537868,0.7444003271317187,-0.1321196187631982,-0.07052988616201603,-0.07052988616201598,0.10579482924302398,0.10579481457551054,1.466751343992545e-08
0,265,0.5697663607144181,0.6135514645327902,-0.5467365860886904,-0.038746857805584504,-0.03874685780558444,0.05812028670837666,0.05812027109586282,1.5612513844243114e-08
0,266,-0.356355810260224,0.6083470305765869,-0.7091716483915783,-0.03780843315069047,-0.03780843315069031,0.056712649726035465,0.05671263597628595,1.3749749512570464e-08
0,267,0.45036891238849736,0.8663895646783284,0.21572427997445837,-0.058981524756358095,-0.05898152475635795,0.08847228713453693,0.08847227256358892,1.4570948017600394e-08
0,268,0.8922605824681933,-0.43440874413895453,0.12312634157294174,-0.06040167471777884,-0.0604016747177787,0.09060251207666806,0.09060249633874307,1.573792499098836e-08
0,269,0.0003059763990703101,-0.9658524373773731,0.2590926004165898,-0.054651523620291666,-0.05465152362029162,0.08197728543043743,0.0819772694171661,1.6013271333936707e-08
0,270,0.9062937266040156,0.14829793349715514,-0.3957769624910968,-0.0556302932240728,-0.05563029322407261,0.08344543983610893,0.08344542418159406,1.5654514864960056e-08
0,271,0.8403906906102077,-0.5374405952734035,-0.0700078116203351,-0.0767655402729576,-0.07676554027295746,0.11514831040943618,0.11514829367786916,1.6731567020755733e-08
0,272,0.3530858889311618,0.3752776632613697,-0.8570280220009012,-0.05031757269449082,-0.0503175726944907,0.07547635904173605,0.0754763432309069,1.5810829145923577e-08
0,273,-0.16636890003175153,-0.2204020487954524,-0.9611161875595436,-0.07213504758434959,-0.07213504758434953,0.10820257137652431,0.1082025566367939,1.4739730408441787e-08
0,274,0.9560975302008922,0.2791631150066183,-0.08913735447922866,-0.041280421237250786,-0.041280421237250564,0.061920631855875846,0.0619206172447484,1.4611127446828576e-08
0,275,0.5252485770859165,-0.0016943229341109193,0.8509471555502227,-0.0451090114257566,-0.04510901142575655,0.06766351713863483,0.06766350257869647,1.4559938366076608e-08
0,276,-0.6480903710409849,0.19968187674512808,0.7349190561303346,-0.09035530959316959,-0.09035530959316945,0.13553296438975418,0.13553295014068212,1.4249072061156554e-08
0,277,-0.21127321482844505,-0.5842042316478482,-0.7836255766760049,-0.0849540110887783,-0.08495401108877822,0.12743101663316733,0.12743100186174416,1.4771423167969644e-08
0,278,0.4439844136106414,-0.052278780307217464,0.8945081160058889,-0.04637209644285949,-0.046372096442859397,0.0695581446642891,0.06955812731357369,1.7350715406094785e-08
0,279,0.030244906506288832,0.988507741116232,0.1481137785073028,-0.07838869381759428,-0.0783886938175942,0.1175830407263913,0.11758302526088116,1.5465510136425387e-08
0,280,-0.5109954982808949,0.7040598787015906,0.49313617585750225,-0.10858258868924754,-0.1085825886892474,0.16287388303387113,0.16287386994662256,1.3087248562637654e-08
0,281,-0.20049535832687623,0.5583788471582103,0.804993586518331,-0.10533801953427313,-0.10533801953427302,0.15800702930140953,0.15800701441692766,1.4884481869259503e-08
0,282,0.8225362525542855,0.007973134798190477,-0.5686567878390641,-0.07046036301938671,-0.07046036301938653,0.1056905445290798,0.10569052993902872,1.4590051083951394e-08
0,283,0.6477030692232989,-0.6114282302028582,-0.45457260523454235,-0.10378081519974387,-0.1037808151997437,0.15567122279961557,0.1556712078687461,1.493086945747457e-08
0,284,0.23508635080887127,-0.5834843832229581,0.7773547338238137,-0.037038656425798226,-0.03703865642579805,0.05555798463869708,0.05555797072398505,1.3914712028439968e-08
0,285,0.6123005737916785,-0.6011976204592892,-0.5134680403768768,-0.10610779308887415,-0.10610779308887401,0.15916168963331104,0.15916167411811344,1.5515197598903185e-08
0,286,0.38388148939824596,0.8623706795351347,0.33007849547568885,-0.06731410888859816,-0.06731410888859803,0.10097116333289705,0.10097114810925234,1.5223644705963935e-08
0,287,0.5040237715461976,0.5640783946346309,-0.6540455660141457,-0.04086116975537972,-0.04086116975537964,0.061291754633069455,0.061291739739122164,1.4893947290761655e-08
0,288,0.8602790830304454,-0.44582121613935255,-0.24731223694011684,-0.08325357689769797,-0.08325357689769781,0.12488036534654673,0.1248803491171735,1.622937323420004e-08
0,289,-0.6699675572370533,0.5973104414664082,0.44086699668383017,-0.10245399356575881,-0.10245399356575864,0.15368099034863797,0.1536809748903245,1.545831346261295e-08
0,290,0.7228909117939715,0.18275623649158013,0.6663549261985793,-0.04210148783371326,-0.04210148783371319,0.06315223175056979,0.0631522154015407,1.6349029088869038e-08
0,291,0.38542809712747567,-0.8668560327614963,-0.3162369371368451,-0.10143436389412433,-0.10143436389412427,0.15215154584118643,0.1521515302638221,1.5577364315122466e-08
0,292,0.2550798387669406,-0.8428511119809796,-0.4738525919387355,-0.10598047402294143,-0.10598047402294132,0.158970711034412,0.15897069632897498,1.4705437006989897e-08
0,293,0.3176292357052187,0.8198992956441962,-0.47631587589274155,-0.038274495672589746,-0.03827449567258967,0.057411743508884505,0.057411726761547044,1.6747337461264777e-08
0,294,0.8150843176467196,-0.029079152821704014,0.5786120963111239,-0.03709435997240634,-0.037094359972406274,0.05564153995860941,0.05564152472103956,1.5237569851722643e-08
0,295,-0.8639962416632525,0.04668544774373285,-0.5013291965971479,-0.03723459066413177,-0.03723459066413168,0.05585188599619752,0.055851871738621384,1.425757613360279e-08
0,296,-0.24700773352696936,0.9539638016247376,0.17011832578399091,-0.08997829004553054,-0.0899782900455305,0.13496743506829575,0.134967421960841,1.310745476046371e-08
0,297,0.7922352192151743,-0.08786023342771747,0.6038575467915525,-0.03704952122473959,-0.03704952122473953,0.055574281837109295,0.055574266022428986,1.581468030836808e-08
0,298,-0.38057260952237076,-0.746764183357108,-0.5454427039903683,-0.07314821883583698,-0.07314821883583683,0.10972232825375525,0.10972231317962766,1.507412758505744e-08
0,299,-0.6652937247443304,-0.7211866894379315,0.19306480464696774,-0.037867997339899505,-0.03786799733989938,0.05680199600984907,0.05680198117419266,1.4835656411693598e-08
0,300,-0.17791294968391952,0.5371763868506063,0.8244928815610811,-0.10381243736213967,-0.10381243736213958,0.15571865604320936,0.15571864075969444,1.5283514925856778e-08
0,301,0.35379541479058824,0.8905448616349629,0.28593470214145145,-0.06758875513553249,-0.06758875513553234,0.1013831327032985,0.10138311717922122,1.5524077287554228e-08
0,302,-0.8909621029755552,-0.12564378359815973,0.43634868019109996,-0.05830471664081042,-0.058304716640810224,0.08745707496121534,0.08745705964985362,1.5311361720171668e-08
0,303,0.04068225066948614,-0.5333063385557484,0.8449433730947455,-0.03885072927951312,-0.03885072927951294,0.05827609391926941,0.05827607701958115,1.6899688259908174e-08
0,304,-0.33398592848301656,0.9393193923413728,0.07831014459679775,-0.08582594021222628,-0.08582594021222624,0.12873891031833937,0.1287388959325675,1.4385771879288356e-08
0,305,0.25833641148823516,0.9635673321232684,0.06928416099100966,-0.06301518711533306,-0.06301518711533298,0.09452278067299948,0.0945227660031911,1.4669808381939653e-08
0,306,-0.15336190010137044,-0.9881386100989001,0.007887637739599154,-0.0637907599477353,-0.06379075994773525,0.09568613992160288,0.09568612568955359,1.4232049289075732e-08
0,307,-0.24171820613080494,0.3058429187075499,0.9208867562851324,-0.0942781155511269,-0.09427811555112682,0.14141717332669024,0.1414171571512135,1.6175476735824645e-08
0,308,-0.1658101670692556,-0.835027053986815,-0.5246301626923167,-0.08781695457844578,-0.08781695457844567,0.13172543186766852,0.13172541668549087,1.518217765394958e-08
0,309,-0.3215767260765274,0.7489645985420676,-0.5793448363251557,-0.04223511306249234,-0.042235113062492204,0.06335266959373831,0.06335265506640653,1.4527331781977182e-08
0,310,0.2180957859490481,-0.9573947633695054,0.1892868067877836,-0.06463882237009341,-0.06463882237009339,0.09695823355514008,0.09695821784339032,1.5711749762337135e-08
0,311,0.03310828458838661,-0.9700396665008058,-0.24068005091120426,-0.08654678350191486,-0.08654678350191478,0.12982017525287218,0.12982016156515286,1.3687719319088743e-08
0,312,0.9613416830072256,-0.09823210900974251,0.2572403958796772,-0.04274892102717733,-0.04274892102717718,0.06412338154076577,0.06412336633898619,1.5201779585138908e-08
0,313,0.2943999870993382,0.8540951600572083,-0.4287774541213208,-0.039745059150218476,-0.03974505915021841,0.059617588725327623,0.059617573378023536,1.5347304087309777e-08
0,314,0.3964349258648296,0.7935052807127579,0.4617236392426907,-0.07037578692396826,-0.07037578692396812,0.10556368038595218,0.1055636647540048,1.563194737541629e-08
0,315,-0.7967524744795168,0.3952451412822631,-0.4571288360008925,-0.04318444569875664,-0.04318444569875658,0.06477666854813488,0.0647766520978088,1.645032607355823e-08
0,316,-0.46413273951293593,-0.5559066397752312,-0.6896003248012781,-0.06624088623445154,-0.06624088623445142,0.09936132935167713,0.09936131223353684,1.711814029414782e-08
0,317,0.32700710899836843,-0.9268151823317414,0.18460760673360668,-0.06691235886626645,-0.06691235886626644,0.10036853829939966,0.10036852321482215,1.508457751764336e-08
0,318,0.5823827751737196,0.8071659603162648,0.09650603964353181,-0.04762950725375611,-0.04762950725375597,0.07144426088063396,0.07144424357674595,1.73038880169063e-08
0,319,-0.26650153944075067,-0.7520241283337543,-0.6028570642196763,-0.0823543203978792,-0.08235432039787907,0.12353148059681861,0.12353146422450223,1.6372316377633034e-08
0,320,0.21553969926873529,0.29170772287420227,0.9319062412360435,-0.07321977052361982,-0.07321977052361978,0.10982965578542966,0.10982964121497574,1.4570453926721072e-08
0,321,0.365784896540099,0.2156267846503076,-0.9053764406060714,-0.06079119694786437,-0.060791196947864265,0.0911867954217964,0.09118677896102767,1.646076873418334e-08
0,322,-0.6325487359016345,0.6089763757020771,0.478570653661512,-0.10484788470771932,-0.10484788470771918,0.15727182706157877,0.15727181362779064,1.343378813745133e-08
0,323,0.29454360639319954,-0.08742845914752626,-0.9516303528492442,-0.08116306993142587,-0.08116306993142577,0.12174460489713866,0.12174458802194366,1.6875195005261467e-08
0,324,0.3377860161262279,-0.1616102920108349,0.9272446930696042,-0.045761746278908756,-0.04576174627890863,0.06864261941836296,0.06864260410077705,1.5317585908003473e-08
0,325,0.24266454675669527,0.4763339930369091,0.8451152849315184,-0.0796112600867291,-0.07961126008672903,0.11941689013009354,0.1194168763873904,1.3742703142138879e-08
0,326,-0.7085225197328149,0.10097028385086702,-0.698427405540861,-0.037721751417646936,-0.0377217514176469,0.05658262712647035,0.05658261220675698,1.4919713374472732e-08
0,327,0.42981738272028963,-0.15247418399519988,0.8899486730854078,-0.043273172092670044,-0.04327317209266995,0.06490975813900493,0.06490974285844331,1.5280561621588973e-08
0,328,-0.047431663536382805,0.06452709073671953,0.996788087737422,-0.0721844943018697,-0.0721844943018696,0.1082767414528044,0.10827672647373277,1.497907163583445e-08
0,329,0.83002407335359,0.46603200634335257,0.306388979431545,-0.039551566673011754,-0.039551566673011566,0.05932735000951735,0.059327334711589685,1.5297927667690114e-08
0,330,-0.8403528142634279,0.1864560114849169,-0.508961003752422,-0.038323682052158164,-0.038323682052158095,0.05748552307823714,0.05748550802042729,1.5057809853169513e-08
0,331,-0.8132916452989366,0.5413238108092091,0.21336642551710056,-0.08619175066234909,-0.08619175066234894,0.12928762599352342,0.12928760978470066,1.6208822756214047e-08
0,332,-0.3002000576519942,0.8768048488519411,0.37562372451093157,-0.10295660037490052,-0.10295660037490041,0.15443490056235062,0.15443488571298403,1.4849366597458058e-08
0,333,0.36702558202851226,0.8702606723184098,-0.32854008028327586,-0.04119534703554805,-0.041195347035548,0.061793020553322,0.06179300543474042,1.5118581581097246e-08
0,334,0.10681707555514583,0.4400447063216612,0.8916001170974178,-0.08632061451718351,-0.08632061451718347,0.12948092177577522,0.12948090516440303,1.6611372194441643e-08
0,335,-0.5215894220921864,-0.266667548572352,0.8104522770033725,-0.05805794741800599,-0.0580579474180059,0.08708692112700886,0.08708690435454969,1.677245917153236e-08
0,336,0.7841458561236729,-0.6204346333135643,-0.01327185402025972,-0.076588624749202,-0.0765886247492019,0.11488293712380286,0.11488292123162935,1.5892173507725538e-08
0,337,0.08471257095604852,0.38261088978352076,-0.920017764687769,-0.0463135813145161,-0.04631358131451595,0.06947037197177393,0.06947035585680439,1.611496953934921e-08
0,338,0.849500401409529,0.5025873372572506,-0.16048375753862354,-0.03766878825101139,-0.03766878825101119,0.05650318237651679,0.05650316881045114,1.3566065645842507e-08
0,339,-0.4892124061426487,0.2593241808954021,-0.8327197553072996,-0.03891273111301811,-0.03891273111301799,0.058369096669526985,0.05836908179013278,1.4879394202860219e-08
0,340,-0.5872320278297326,-0.6461869420491831,-0.4874433109768823,-0.05658739931340239,-0.05658739931340225,0.08488109897010339,0.08488108410587003,1.486423335805842e-08
0,341,-0.2028070837602138,0.6646474380676198,-0.7191057431607866,-0.03744363494968819,-0.037443634949688026,0.05616545242453204,0.05616543757858139,1.4845950649378103e-08
0,342,-0.3398907387909512,-0.07326612576029637,-0.9376067195259523,-0.05608385745588809,-0.05608385745588804,0.08412578618383207,0.08412577023886314,1.5944968928538472e-08
0,343,0.5229672938465545,0.12514207507653638,0.8431160481288149,-0.049579634689003116,-0.0495796346890031,0.07436945203350466,0.07436943422201026,1.781149440438501e-08
0,344,-0.15982743857682064,-0.9867548079586687,0.027751375613181677,-0.06239067572200094,-0.062390675722000896,0.09358601358300135,0.09358600144837581,1.2134625540505262e-08
0,345,-0.2917684687609458,-0.9199604880366861,0.26180882545895046,-0.04568091518242669,-0.045680915182426646,0.06852137277363997,0.06852135525647896,1.7517161013391735e-08
0,346,-0.14461290285954814,-0.6162608684595833,0.774150922192808,-0.03825139855839707,-0.03825139855839692,0.05737709783759538,0.057377080864284835,1.6973310541790188e-08
0,347,-0.18790865200581677,-0.8670314991158895,-0.4614615022319959,-0.08458771807199032,-0.08458771807199017,0.12688157710798526,0.12688156220130864,1.490667661530054e-08
0,348,0.38505542802602516,-0.8641849049630091,-0.32390857874062173,-0.10183302092649216,-0.10183302092649206,0.1527495313897381,0.15274951720156693,1.41881711657188e-08
0,349,0.23537582988033567,0.5503039830995374,-0.801101582131085,-0.04077563746270003,-0.04077563746269989,0.06116345619404984,0.0611634409786177,1.5215432136450602e-08
0,350,-0.5550843266634253,-0.6792958099849961,-0.4800401991806933,-0.058947526049074044,-0.058947526049073884,0.08842128907361083,0.08842127308117398,1.5992436847023228e-08
0,351,-0.8757608346913539,0.305199022509716,-0.37402742824533225,-0.04417329674874138,-0.04417329674874128,0.06625994512311192,0.06625993087538973,1.4247722196492063e-08
0,352,0.385206659159404,0.8977293763554239,-0.21377042959154194,-0.04464876831356222,-0.044648768313562175,0.06697315247034327,0.06697313675863015,1.5711713124977322e-08
0,353,0.6213550977385868,-0.6429887292605291,-0.4477536561081343,-0.10473123894170014,-0.1047312389417,0.15709685841255,0.1570968424791097,1.5933440289384038e-08
0,354,0.22201353673894395,0.8480870731134448,-0.4811011389744741,-0.03950027902969876,-0.03950027902969868,0.059250418544548024,0.05925040458265585,1.3961892177116741e-08
0,355,0.7893351397568164,0.1481074358386546,-0.595830701285513,-0.06208852155959318,-0.062088521559593025,0.09313278233938954,0.0931327667763604,1.5563029143184082e-08
0,356,0.2660309019692082,0.83675851690689,0.4786049974469882,-0.079964701148715,-0.07996470114871485,0.11994705172307227,0.11994703702500331,1.469806895637582e-08
0,357,0.6191011812425472,0.16666992370049188,-0.7674209170447174,-0.06467787814252235,-0.06467787814252224,0.09701681721378336,0.097016802924621,1.4289162353353646e-08
0,358,0.5124907636382742,-0.3264785956116435,-0.7942071164330545,-0.09952033668540383,-0.09952033668540373,0.1492805050281056,0.1492804907465839,1.4281521715231449e-08
0,359,0.5904207601533831,-0.7668232995993816,-0.25176447956655557,-0.09758249247731249,-0.09758249247731236,0.14637373871596857,0.14637372286463446,1.5851334106420367e-08
0,360,0.6871350551780877,0.20162747023003458,-0.6979912457861078,-0.061109490289360587,-0.061109490289360476,0.09166423543404072,0.09166421649497991,1.8939060805744923e-08
0,361,0.011262460582383239,-0.9765341825299696,-0.2150677738113134,-0.08412816449788017,-0.08412816449788009,0.12619224674682014,0.12619223305199156,1.3694828576715778e-08
0,362,0.7302146974714144,0.604913615412227,-0.3175941017803056,-0.03746410729402545,-0.037464107294025314,0.05619616094103797,0.05619614495966374,1.5981374230922274e-08
0,363,-0.4983946760775704,0.1768995028005024,-0.8487103821483915,-0.04065921531492682,-0.04065921531492672,0.06098882297239008,0.06098880983573807,1.3136652016187966e-08
0,364,0.42924850712735024,0.7822896945289967,-0.45140730273520213,-0.03746761373223538,-0.037467613732235325,0.05620142059835299,0.0562014046412429,1.5957110084674486e-08
0,365,-0.9268606169523311,-0.14184588206607854,-0.3475760959612156,-0.03719234627018422,-0.03719234627018407,0.055788519405276106,0.05578850437171212,1.5033563983968268e-08
0,366,-0.07640805352745819,-0.9258195279295902,0.3701621415817342,-0.04669205731296063,-0.046692057312960555,0.07003808596944083,0.07003806840044646,1.756899437044268e-08
0,367,0.13097112467545832,-0.7225249462879639,0.6788256525005669,-0.037941602824833706,-0.03794160282483353,0.0569124042372503,0.05691238869065529,1.5546595011350917e-08
0,368,-0.35477359956286136,-0.7569886368841917,-0.5487293473848688,-0.07513732678352268,-0.07513732678352253,0.1127059901752838,0.11270597372048385,1.6454799939280562e-08
0,369,0.19264073541354437,0.7262845561169765,-0.659848687658993,-0.03703707303922522,-0.03703707303922508,0.05555560955883762,0.05555559345893357,1.609990404882744e-08
0,370,-0.8134492454009866,-0.03253918739934144,0.5807250007016711,-0.06922965140513404,-0.06922965140513387,0.10384447710770081,0.10384446080813348,1.6299567334732146e-08
0,371,-0.23260554035316364,0.9595961734383962,-0.15833460303862854,-0.06709541123372306,-0.06709541123372302,0.10064311685058454,0.10064310079771488,1.6052869658556013e-08
0,372,0.9517061633904056,-0.3070102041218767,0.0003363476745303356,-0.06162506998172567,-0.061625069981725504,0.09243760497258827,0.09243758952726111,1.5445327156138333e-08
0,373,-0.768090203643548,0.624708469659622,0.14062989370097032,-0.08533328508210075,-0.08533328508210061,0.12799992762315093,0.12799991067069527,1.6952455661467525e-08
0,374,-0.24047260492261888,-0.8732579571555257,0.4237846936196354,-0.040894144308977094,-0.04089414430897703,0.06134121646346555,0.061341200174869215,1.6288596332847405e-08
0,375,-0.18501449330661054,-0.9821604999106954,0.033621268293610035,-0.060975066232392135,-0.06097506623239209,0.09146259934858815,0.09146258334036261,1.600822553682324e-08
0,376,-0.47310427686559164,0.8607548237890442,-0.1878123439377108,-0.067882509319771,-0.06788250931977094,0.10182376397965641,0.10182374804434957,1.59353068379664e-08
0,377,-0.33202419699611246,-0.8918576237485719,-0.3071643071234636,-0.06978587022852924,-0.06978587022852913,0.1046788053427937,0.10467878924780294,1.6094990756831962e-08
0,378,0.05510808729168635,-0.992401130403833,0.11001406768339275,-0.06556363871240778,-0.06556363871240778,0.09834545806861167,0.09834544151265945,1.6555952220276282e-08
0,379,0.7092605959856603,-0.13212072649114223,0.6924547065429757,-0.03741172056006005,-0.03741172056006001,0.05611758084009001,0.056117566149538334,1.4690551677909447e-08
0,380,0.893832642659361,-0.2665737757541943,0.3605573865513442,-0.04369761086866065,-0.04369761086866054,0.06554641630299081,0.0655464002519146,1.6051076204282033e-08
0,381,-0.40171133890074645,-0.105582568292525,-0.9096594535711284,-0.05462394549930628,-0.05462394549930623,0.08193591824895935,0.08193590389504735,1.4353912003439717e-08
0,382,0.5705544274510609,-0.5068884740750351,-0.6461669445010897,-0.10664341303894581,-0.10664341303894567,0.15996511955841852,0.15996510643878636,1.3119632158442585e-08
0,383,0.01796229529870165,-0.9867236066562012,-0.1614121433318467,-0.08130337894572322,-0.08130337894572316,0.12195506841858475,0.12195505300072185,1.5417862903044366e-08
0,384,-0.4256576534496378,-0.20575131901973281,0.8811821359863058,-0.06203910481772482,-0.062039104817724726,0.0930586572265871,0.09305864134834252,1.587824458026965e-08
0,385,-0.004518416994502926,0.991406844178733,0.13073657951556375,-0.07889082468239506,-0.078890824682395,0.1183362370235925,0.11833622276524736,1.4258345143458584e-08
0,386,0.44710594403152315,-0.8587783914316549,0.25019182484993374,-0.06322929285544053,-0.06322929285544047,0.09484393928316072,0.09484392299308197,1.6290078744263248e-08
0,387,-0.3412678825062779,-0.7936708629674414,-0.5036097632554382,-0.07530438791955515,-0.07530438791955502,0.11295658187933252,0.11295656493492956,1.6944402964069738e-08
0,388,0.40584516667346354,0.3780267302724419,0.8320970447533839,-0.06554398518253238,-0.06554398518253234,0.09831597777379851,0.09831596092801931,1.6845779202134814e-08
0,389,0.7252002187179936,0.04078557188158429,-0.6873290186640358,-0.07194368573197393,-0.0719436857319738,0.10791552859796069,0.10791551263711341,1.596084728272551e-08
0,390,-0.6815530536418338,0.7214665949515084,0.12235762109720727,-0.08776354956307202,-0.0877635495630719,0.13164532434460788,0.13164530854314904,1.5801458835840165e-08
0,391,0.8446864869213884,-0.43043612285842314,-0.3181658104683969,-0.08660619445887827,-0.08660619445887807,0.1299092916883171,0.12990927639178196,1.5296535149644797e-08
0,392,0.2516965962192259,0.8911278415990995,0.3775446905713101,-0.07758722254759719,-0.07758722254759703,0.11638083382139555,0.11638081748310825,1.633828730640552e-08
0,393,-0.6549358133890459,-0.10448638483538823,-0.7484261324435832,-0.043128824561598174,-0.043128824561598146,0.06469323684239722,0.06469321883750823,1.800488899639241e-08
0,394,-0.622525452280451,0.254342611451174,-0.740116137685983,-0.03724094911019332,-0.03724094911019324,0.05586142366528986,0.055861408554402914,1.5110886944502688e-08
0,395,-0.9683898210537776,-0.1435046652933435,0.2040283448898168,-0.04935231850938212,-0.04935231850938192,0.07402847776407288,0.07402846252668738,1.5237385506128298e-08
0,396,-0.3527851256260713,0.9031777833879263,-0.2445660375675028,-0.06294921946336764,-0.06294921946336758,0.09442382919505138,0.09442381460056382,1.4594487562913372e-08
0,397,0.38558660887489915,0.6312831718676666,0.6729075151705869,-0.07319482165717972,-0.07319482165717961,0.10979223248576941,0.10979221837237318,1.4113396229475939e-08
0,398,0.9529607963841477,-0.05470610624332898,0.29811568642824626,-0.04060299777350918,-0.040602997773509036,0.060904496660263555,0.06090448145812388,1.5202139672099158e-08
0,399,-0.9754647133748455,0.04299645274457496,-0.21591641441056328,-0.04251586628117333,-0.04251586628117314,0.06377379942175972,0.06377378208854978,1.7333209936798433e-08
0,400,0.37344229016645736,0.27177000771669174,0.8869509111675238,-0.06333879087885534,-0.0633387908788553,0.09500818631828295,0.0950081707751238,1.5543159148645458e-08
0,401,0.4121790226582293,-0.8656981001549565,-0.2840338935208362,-0.09997215435276502,-0.09997215435276492,0.1499582315291474,0.14995821667751486,1.4851632534895742e-08
0,402,-0.28049003496049396,0.8391953682982092,-0.465914663983324,-0.04779320511471161,-0.04779320511471148,0.07168980767206723,0.07168979160310229,1.6068964936444274e-08
0,403,0.9614617322419118,-0.2612796449983444,0.0855820340020101,-0.05522469107514756,-0.0552246910751474,0.08283703661272111,0.08283701918854192,1.742417919670114e-08
0,404,0.006798993990160699,0.1998507532889368,-0.9798027608098308,-0.05441197921416693,-0.05441197921416679,0.08161796882125019,0.08161795406191885,1.4759331340430393e-08
0,405,0.3904881483507555,0.7293172938450745,-0.5617964853005898,-0.037051173063025716,-0.037051173063025626,0.05557675959453844,0.0555767418197739,1.7774764542177746e-08
0,406,0.7149541999779442,-0.22359424684332715,-0.6624546057749643,-0.0899153225984412,-0.08991532259844105,0.13487298389766159,0.13487296696146345,1.6936198138362002e-08
0,407,0.09601070508276366,0.7077412451117118,-0.6999173340311228,-0.037037092161046496,-0.03703709216104635,0.055555638241569526,0.05555562399006675,1.4251502776507774e-08
0,408,0.1286589202911835,-0.9913732688615042,-0.02501847350184739,-0.07687687445260853,-0.07687687445260852,0.11531531167891278,0.11531529481301206,1.6865900717699667e-08
0,409,-0.2844453118295573,-0.901526467414805,0.3260995141498505,-0.0433353468939619,-0.04333534689396186,0.0650030203409428,0.06500300436806938,1.597287341281728e-08
0,410,-0.23008317499926687,0.9669921091015894,-0.10948969594220623,-0.07046169623267926,-0.07046169623267924,0.10569254434901887,0.10569252834047305,1.6008545822288056e-08
0,411,-0.37981705996311205,-0.5586823342892212,-0.7373011937560692,-0.0725607588308857,-0.07256075883088561,0.10884113824632842,0.10884112361386755,1.4632460867969321e-08
0,412,-0.10156983303034801,-0.25630758014792654,0.9612439822318272,-0.05349924892737612,-0.05349924892737599,0.08024887339106399,0.08024885755908429,1.583197969945438e-08
0,413,0.14983836842099085,-0.4874187141980947,-0.8602159382378425,-0.100761375800641,-0.10076137580064091,0.1511420637009614,0.15114205026423022,1.3436731172156158e-08
0,414,-0.04143625380370094,0.879094865791845,0.4748423462678253,-0.09794881381362756,-0.09794881381362741,0.14692322072044112,0.1469232055462122,1.517422892893805e-08
0,415,0.2708699218133119,0.9331647227830352,-0.23629025712058324,-0.04743492207613091,-0.04743492207613087,0.0711523831141963,0.071152365943572,1.7170624311280136e-08
0,416,-0.7694097805253132,0.08205120808663151,-0.6334636444844436,-0.03718293215916581,-0.03718293215916576,0.05577439823874864,0.05577438372261767,1.4516130970865238e-08
0,417,-0.24214691284244025,0.9376572871314979,-0.24932646167239322,-0.06099515531556275,-0.0609951553155627,0.09149273297334407,0.0914927175688085,1.540453556381216e-08
0,418,-0.6490366622195752,-0.5539389497273006,-0.5214432385887154,-0.05197026771012395,-0.05197026771012381,0.07795540156518571,0.07795538520261047,1.636257523918161e-08
0,419,-0.310863794809571,-0.8646961628193085,-0.3945430864711189,-0.07435639376834759,-0.07435639376834746,0.11153459065252119,0.11153457463164429,1.6020876902889114e-08
0,420,-0.3265015845377876,0.8800145446538097,0.34492189911929627,-0.10199094585933251,-0.1019909458593324,0.1529864187889986,0.1529864054883312,1.3300667400795163e-08
0,421,0.12524661633285653,-0.06765901347749048,-0.9898159136892188,-0.07509385964493796,-0.07509385964493788,0.11264078946740683,0.11264077309780518,1.6369601646415433e-08
0,422,0.22847888787439666,-0.8598922083502689,-0.45648963604245885,-0.1045905723919101,-0.10459057239191001,0.15688585858786502,0.15688584320550092,1.5382364104699064e-08
0,423,0.8808861648297384,-0.06584124195735615,0.46872646124266104,-0.03765868547315641,-0.0376586854731563,0.056488028209734455,0.05648801287838623,1.5331348225677832e-08
0,424,0.68924111537942,0.7192099067306056,0.08765725829095226,-0.04251133466184452,-0.042511334661844355,0.06376700199276654,0.06376698613586029,1.5856906246392022e-08
0,425,0.1280746080715033,-0.6545999161058939,-0.7450475451952632,-0.10519227513639039,-0.10519227513639029,0.15778841270458543,0.15778839762559116,1.507899427544146e-08
0,426,0.28315252677012387,-0.8839248389029674,-0.3721579311986479,-0.1023980747750737,-0.10239807477507358,0.15359711216261038,0.15359709754081408,1.4621796301517165e-08
0,427,0.981735023397068,-0.1743778470671513,0.07608357436256288,-0.05209264799750056,-0.05209264799750038,0.07813897199625057,0.07813895502861712,1.6967633451048236e-08
0,428,-0.6573494279094494,-0.49120710209076396,-0.5714956801960218,-0.05105383073621304,-0.051053830736212905,0.07658074610431936,0.0765807292579801,1.6846339268017374e-08
0,429,0.6216354213098895,0.40606807282840274,0.6698343998349915,-0.05226348222451801,-0.05226348222451792,0.07839522333677688,0.07839520560493085,1.7731846033153253e-08
0,430,0.9358059105357827,0.1791735791921347,-0.30358545143958127,-0.05096929563153023,-0.05096929563153002,0.07645394344729503,0.0764539279107801,1.5536514935687862e-08
0,431,0.42020998684619487,0.5171045596693045,0.7456718053701208,-0.06872811551463853,-0.06872811551463841,0.10309217327195762,0.10309215842108088,1.4850876736693941e-08
0,432,-0.4271993622086146,-0.7802635505487295,-0.4568254553039302,-0.06803829478078442,-0.06803829478078428,0.10205744217117643,0.10205742501101511,1.7160161319695888e-08
0,433,-0.9041071994690146,-0.22114357966460563,0.3656305362540436,-0.0508698084052799,-0.05086980840527969,0.07630471260791953,0.0763046972829251,1.5324994426246796e-08
0,434,-0.19498672118701815,-0.30688896557874784,-0.9315574815150927,-0.07510608348613788,-0.07510608348613784,0.11265912522920676,0.11265910843105686,1.679814989885564e-08
0,435,-0.1709188230078171,-0.8032278951636627,-0.5706239605664789,-0.08849739367230218,-0.08849739367230204,0.13274609050845307,0.13274607524316195,1.5265291114507917e-08
0,436,-0.924183481804706,0.2304503526889484,-0.3045940362266967,-0.04474217499960715,-0.04474217499960701,0.06711326249941052,0.06711324551655906,1.6982851458458015e-08
0,437,-0.47243424115276134,-0.24595065400065808,0.8463534507421017,-0.05945721714058865,-0.05945721714058857,0.08918582571088286,0.08918581012595794,1.5584924920042376e-08
0,438,-0.836401854242149,0.061932065787989994,0.5446066079726972,-0.0742792848748474,-0.0742792848748472,0.1114189273122708,0.1114189143724964,1.2939774390874348e-08
0,439,-0.48386942113164094,-0.8238569099770126,-0.2951782091836377,-0.059657528731642734,-0.059657528731642595,0.08948629309746389,0.08948627810978493,1.4987678959021977e-08
0,440,0.07376315535410859,0.37094756472655915,-0.9257196666030385,-0.046694325937703146,-0.046694325937702987,0.07004148890655448,0.0700414740095745,1.4896979982914615e-08
0,441,0.7590875779344859,-0.554831754747406,0.3405110467363284,-0.052323859216987866,-0.0523238592169878,0.07848578882548171,0.07848577482372221,1.400175950183602e-08
0,442,-0.41163875657148546,0.18146657120561152,0.8930976529042948,-0.0897785809224211,-0.08977858092242101,0.13466787138363154,0.1346678560332215,1.5350410026426786e-08
0,443,-0.18256775863242142,-0.9013068775277716,-0.3928293853940571,-0.0824740167026028,-0.08247401670260265,0.12371102505390398,0.12371100810426583,1.694963815135342e-08
0,444,-0.10907500594037361,-0.9510665520532174,0.28909350847902493,-0.04987683469443824,-0.049876834694438175,0.07481525204165727,0.07481523733865458,1.470300269035274e-08
0,445,-0.5788829764167006,0.8086306359887316,-0.10493328430674888,-0.0736871529324746,-0.07368715293247453,0.11053072939871181,0.11053071513611457,1.4262597242131747e-08
0,446,0.8848343460441748,-0.46587706923581573,0.005170727301327887,-0.06873188221254388,-0.06873188221254374,0.10309782331881562,0.10309780668071866,1.6638096955734483e-08
0,447,0.5716101882748522,-0.7287788647428404,0.37701877799988237,-0.05379684338493173,-0.05379684338493165,0.08069526507739748,0.08069524909393166,1.5983465814772835e-08
0,448,0.4848153855928151,0.864440316381832,-0.13303000152660216,-0.04416664888072019,-0.0441666488807201,0.06624997332108015,0.06624995690929225,1.641178790090514e-08
0,449,-0.9854935181625061,0.053091804167181456,0.16119486961426577,-0.05705518741970181,-0.0570551874197016,0.08558278112955241,0.08558276448633606,1.6643216346756695e-08
0,450,-0.05530627677843622,-0.1884468849232649,-0.9805248529800887,-0.0756682612641626,-0.07566826126416253,0.1135023918962438,0.1135023783294109,1.356683289321925e-08
0,451,-0.2600838889747782,-0.38536746633539615,-0.8853520692843002,-0.0749482294009293,-0.07494822940092925,0.11242234410139389,0.11242233116659506,1.2934798829244976e-08
0,452,0.1261166563529842,0.44373269424559847,0.8872406015551169,-0.08538818346616647,-0.08538818346616642,0.12808227519924964,0.12808226146354684,1.3735702797390559e-08
0,453,0.7842387913232605,-0.6204215132929841,-0.006831107309575683,-0.07615422868772767,-0.07615422868772757,0.11423134303159137,0.11423132578736173,1.7244229641444342e-08
0,454,0.37807916165154953,0.5367748274853451,-0.7542737779499825,-0.04203417870397661,-0.04203417870397651,0.06305126805596477,0.06305125171968129,1.633628347874616e-08
0,455,0.6445595344102333,-0.5548755288550438,0.5259811347174903,-0.043404014660024956,-0.04340401466002487,0.06510602199003732,0.06510600669695776,1.5293079552725075e-08
0,456,-0.6877846237312786,-0.6762236996205746,0.26395798800242115,-0.03707390244503747,-0.037073902445037346,0.05561085366755602,0.0556108395444177,1.4123138318555828e-08
0,457,-0.1501558365047815,-0.6938403274400139,-0.7043002376696204,-0.09080352231886123,-0.09080352231886112,0.1362052834782917,0.13620526789770437,1.558058732031853e-08
0,458,0.6973653619592509,0.5970725513404321,0.39646679605645396,-0.047771202255787557,-0.047771202255787376,0.07165680338368106,0.07165678744813775,1.5935543315470646e-08
0,459,-0.5763499829930481,0.7455224962188931,-0.33468926594001147,-0.05671437221863739,-0.056714372218637316,0.08507155832795597,0.08507154286574448,1.546221149728577e-08
0,460,0.15308718853856693,0.5373004546842879,-0.8293808136805522,-0.0405977017788767,-0.040597701778876547,0.06089655266831482,0.06089653642460391,1.6243710911079123e-08
0,461,-0.6169026493302954,0.7856126556356164,-0.047369574142238996,-0.07747643495424297,-0.0774764349542429,0.11621465243136436,0.11621463791300357,1.4518360791360152e-08
0,462,-0.1296508762566578,-0.8849701473748705,0.4472342658397061,-0.042214025002591096,-0.04221402500259102,0.06332103750388654,0.0633210220368774,1.5467009145675448e-08
0,463,-0.8210019619633917,0.49866709818123883,0.27800522233181896,-0.08800904910252011,-0.08800904910251996,0.13201357365377994,0.13201355841818696,1.5235592981666102e-08
0,464,-0.25815956208688956,-0.8969205452963308,-0.35900860146859725,-0.07646961079606245,-0.07646961079606233,0.11470441619409351,0.11470440014482719,1.604926631870729e-08
0,465,0.7654035847967869,0.47918765608269387,0.42957716726823547,-0.043513174591691337,-0.04351317459169117,0.06526976188753676,0.06526974655196582,1.5335570938135312e-08
0,466,0.30391211315900246,0.8145780725387499,0.49406476419016665,-0.07774694960048541,-0.07774694960048525,0.11662042440072788,0.11662040916293748,1.523779040446538e-08
0,467,-0.5053310915544392,0.22889198232614819,-0.8320149928548195,-0.0392519828869069,-0.039251982886906796,0.0588779743303602,0.058877959452363626,1.4877996570850094e-08
0,468,0.8593801099840226,-0.5112494974464257,0.009475121351531213,-0.07049676986752564,-0.07049676986752552,0.1057451548012883,0.10574513903405247,1.5767235822528036e-08
0,469,0.6439861003076934,0.7336336213281242,-0.2169414950337351,-0.03789392322850747,-0.03789392322850735,0.05684088484276102,0.05684086812340894,1.671935208336084e-08
0,470,0.90170491026058,-0.20473296240270566,0.38080529003385977,-0.04161259283505733,-0.04161259283505723,0.062418889252585846,0.06241887284819114,1.6404394703739555e-08
0,471,-0.4662081165762706,0.6163720547282364,0.6346144358494364,-0.1104196168529906,-0.11041961685299047,0.1656294252794857,0.16562941157483024,1.3704655466018068e-08
0,472,-0.2751787111484658,0.6892294740495054,0.6702532424629599,-0.11002201087625064,-0.11002201087625053,0.1650330163143758,0.1650330011537804,1.5160595417951228e-08
0,473,0.14834041056134517,0.9806500367621009,0.12775221326060027,-0.07161194913750905,-0.07161194913750898,0.10741792370626348,0.10741790790191885,1.5804344624670286e-08
0,474,-0.6058454269035741,-0.5018605513690778,0.6173226916933728,-0.04307735168896551,-0.043077351688965426,0.06461602753344814,0.06461601115281823,1.638062990805267e-08
0,475,0.2064697256111926,0.9767835126649358,-0.05713336846351781,-0.05877588645869372,-0.05877588645869368,0.08816382968804053,0.08816381374954219,1.593849834058414e-08
0,476,-0.36928495819448875,-0.30786135118562175,-0.8768409251953618,-0.06509408840318119,-0.06509408840318116,0.09764113260477175,0.09764111602583725,1.6578934503019838e-08
0,477,-0.39483716710226036,-0.9114616674781004,-0.11550428646895636,-0.058094388030824715,-0.058094388030824604,0.08714158204623691,0.08714156479738833,1.7248848585560417e-08
0,478,-0.620987711266827,0.7829290790449498,0.037367360642876886,-0.08349499702887563,-0.08349499702887556,0.12524249554331335,0.12524247888778817,1.6655525181263897e-08
0,479,0.03304538431290813,0.4545650053401057,0.8901003642824565,-0.09095434762658057,-0.09095434762658051,0.13643152143987078,0.13643150637010493,1.5069765851860595e-08
0,480,0.34278276760980025,0.2210543874831941,0.9130361066267838,-0.06282551454064186,-0.06282551454064184,0.09423827181096275,0.09423825469978553,1.7111177225137553e-08
0,481,0.5750762865641688,0.1471492942571137,-0.804757323564812,-0.06647391961123865,-0.06647391961123855,0.09971087941685783,0.0997108631772825,1.62395753233735e-08
0,482,-0.5736984904927945,-0.6447648733894116,0.5051220645046353,-0.03787342543033833,-0.037873425430338246,0.05681013814550737,0.056810121884520726,1.6260986647476106e-08
0,483,-0.808244888116003,-0.27339043427360715,0.5215341515970341,-0.0525603169308949,-0.05256031693089474,0.07884047539634212,0.07884045916117799,1.623516412974091e-08
0,484,0.7862275137489887,-0.42840099746716864,-0.4453300820663463,-0.09361358782672884,-0.09361358782672866,0.140420381740093,0.14042036700079308,1.4739299919463988e-08
0,485,0.23313750463048336,0.30963422422856746,-0.9218316284013283,-0.05283485050342755,-0.05283485050342742,0.07925227575514114,0.07925225753435683,1.8220784311906435e-08
0,486,-0.07641522186431152,0.8883393397319305,0.4527846412501927,-0.0987488817117107,-0.09874888171171056,0.14812332256756586,0.14812330945135344,1.3116212421726559e-08
0,487,0.4520888235916039,0.008500226591006384,-0.8919324199351996,-0.07660234227457335,-0.07660234227457327,0.1149035134118599,0.114903497827612,1.558424790604196e-08
0,488,-0.0984742411295404,-0.04096914872095698,0.99429590801081,-0.06700319863362716,-0.06700319863362704,0.10050479795044057,0.10050478088663439,1.7063806173611695e-08
0,489,0.2557904255796604,-0.938237324749431,0.23298493648475854,-0.062359354209720275,-0.06235935420972023,0.09353903131458036,0.0935390154221949,1.5892385463178726e-08
0,490,0.881472859621199,-0.3069672941382736,0.35885467543373667,-0.04478131561229583,-0.04478131561229573,0.0671719734184436,0.06717195827343758,1.5145006013184137e-08
0,491,-0.863625186118649,0.10251429571183873,-0.4936014151886465,-0.03769098640978574,-0.03769098640978566,0.05653647961467849,0.05653646301118087,1.660349761845037e-08
0,492,-0.04648373310883207,-0.3897142691852123,0.9197619534149599,-0.04530502337106577,-0.0453050233710656,0.0679575350565984,0.0679575187789716,1.627762680200817e-08
0,493,0.8309865544429267,0.4566106296200105,0.31775474701897133,-0.039563313731864634,-0.039563313731864454,0.059344970597796684,0.05934495533876927,1.5259027416614224e-08
0,494,-0.2881377821659219,-0.32147504410458966,0.9020146420687726,-0.05289784377848816,-0.05289784377848804,0.07934676566773206,0.07934675000376146,1.5663970606705213e-08
0,495,-0.125960213153248,0.20478874796087917,-0.9706676019168476,-0.050334219365363496,-0.05033421936536336,0.07550132904804505,0.07550131214673073,1.6901314320305616e-08
0,496,0.5028183125632502,0.6900900781429437,-0.5205280286398721,-0.03728535315419778,-0.0372853531541977,0.055928029731296555,0.05592801360920774,1.6122088816739044e-08
0,497,-0.6374901961140119,-0.41972813901390094,0.6460917420757258,-0.04724687562207275,-0.04724687562207265,0.07087031343310898,0.07087029851859938,1.4914509599561754e-08
0,498,-0.7211060381229367,0.6794554167309188,-0.1354489514823026,-0.06856906143186356,-0.06856906143186349,0.10285359214779524,0.10285357704420406,1.5103591183285303e-08
0,499,0.6193850041532787,-0.27567640417551376,-0.7350950529087389,-0.09552044055706278,-0.09552044055706264,0.143280660835594,0.14328064568136512,1.515422887177209e-08
0,500,0.16042657237383906,0.8677162961054962,0.47045907829410666,-0.08660187623323413,-0.08660187623323402,0.12990281434985104,0.12990279962821205,1.4721638991188613e-08
0,501,-0.6071655141574838,-0.7578846149317587,0.23866493011671897,-0.038185619734514044,-0.038185619734513926,0.05727842960177089,0.05727841395630762,1.564546327215144e-08
0,502,0.4491738377801134,-0.8232282953809359,0.3471858826883416,-0.0563409439443095,-0.05634094394430942,0.08451141591646413,0.08451139926757278,1.664889134889158e-08
0,503,0.8077354664531056,-0.03234198596961545,-0.5886572960367731,-0.07392779447044412,-0.07392779447044395,0.11089169170566593,0.1108916777847746,1.3920891328567109e-08
0,504,-0.05859275460059389,0.5947917169226973,-0.801741668237634,-0.037522301642020535,-0.03752230164202035,0.05628345246303052,0.056283437632753675,1.4830276846844459e-08
0,505,-0.8022050296617987,-0.4733028103005372,-0.3639389236491834,-0.04116764483617654,-0.041167644836176374,0.061751467254264565,0.0617514497869287,1.74673358624422e-08
0,506,-0.36691631251809625,0.920418088489305,-0.134918353050342,-0.07103906975208507,-0.071039069752085,0.10655860462812751,0.10655858972974386,1.4898383651762437e-08
0,507,-0.5307946204179463,0.843080663944325,-0.08644110722662172,-0.07539028920774787,-0.07539028920774782,0.11308543381162173,0.11308542019472512,1.3616896610280094e-08
0,508,0.768173392012267,-0.45058620507888275,0.4548425129613316,-0.04441931325955355,-0.0444193132595535,0.06662896988933026,0.06662895374320854,1.614612171740859e-08
0,509,-0.3137953306956312,-0.933927486643999,-0.17120730160960546,-0.06503655608025283,-0.06503655608025272,0.09755483412037907,0.0975548211656907,1.295468837758662e-08
0,510,-0.3400309693065059,-0.75081753319393,-0.5662613987912826,-0.07648742528453718,-0.07648742528453703,0.11473113792680555,0.11473112321302992,1.4713775628449888e-08
0,511,0.6271792922295473,-0.6350795814907831,-0.4509102577807872,-0.1045784419495603,-0.10457844194956015,0.15686766292434023,0.1568676480379061,1.4886434140937155e-08
1,0,-0.8347697805713298,0.4240676397438802,-0.35117808924667926,-0.04207747304560554,-0.04207747304560547,0.0631162095684082,0.06311621086885211,1.3004439053387884e-09
1,1,0.7421667353491607,-0.19100218970218555,-0.6424225248776225,-0.03737870941186509,-0.03737870941186497,0.05606806411779745,0.05606806269264908,1.4251483743121796e-09
1,2,-0.4151385359031631,0.49954278265626295,-0.7603400583319386,-0.03774188936199805,-0.03774188936199795,0.05661283404299693,0.056612832477487274,1.5655096594069384e-09
1,3,-0.6057287486629729,0.12390399021451873,0.7859646838453427,-0.03703820776469638,-0.037038207764696233,0.055557311647044354,0.05555731152906418,1.1798017424125007e-10
1,4,0.8623287890147745,-0.5037666054478014,-0.05107119415004645,-0.037597923324295394,-0.037597923324295304,0.056396884986442956,0.056396884384746215,6.016967410427121e-10
1,5,0.664929424871323,-0.35535326444626836,-0.6569573177822681,-0.03785975197497962,-0.037859751974979476,0.05678962796246922,0.056789627167486145,7.949830724274243e-10
1,6,0.9782955924197586,-0.14666234719636628,-0.14638268260599013,-0.048518079950917614,-0.048518079950917524,0.0727771199263763,0.07277711905340212,8.729741790558521e-10
1,7,0.20568399207391594,-0.9746395785350233,-0.08815774133681968,-0.06869659001913718,-0.06869659001913697,0.10304488502870546,0.10304488373691356,1.2917918956745211e-09
1,8,0.38023954089561657,-0.9097897553832615,-0.166434649454841,-0.057919187142889815,-0.057919187142889635,0.08687878071433446,0.08687878055857468,1.5575978007387192e-10
1,9,0.13522696728350345,-0.39766636583971826,-0.9075104014826153,-0.05681641847591732,-0.05681641847591716,0.08522462771387575,0.08522462596749492,1.746380831613159e-09
1,10,0.38484435471623096,-0.7852527369254801,0.4850494426283681,-0.040789296088725904,-0.04078929608872576,0.06118394413308864,0.061183944022324965,1.1076367600892922e-10
1,11,0.9720988351153146,-0.23385325390869546,-0.01834421990065471,-0.046896398023202474,-0.04689639802320238,0.07034459703480359,0.07034459542643035,1.6083732401472872e-09
1,12,-0.1965585704389241,0.01972999937170711,-0.9802935557840818,-0.04946982961340653,-0.04946982961340642,0.07420474442010964,0.07420474373853736,6.815722847219874e-10
1,13,0.885826978756433,0.3672140237072398,0.2836625186731382,-0.09312589735197369,-0.09312589735197357,0.13968884602796036,0.13968884660098269,5.730223240352217e-10
1,14,-0.7574991322303464,0.1835162668470039,-0.62651164751568,-0.05470723880332893,-0.05470723880332887,0.0820608582049933,0.08206085810869013,9.630317376885245e-11
1,15,-0.30574233972826753,0.5858680609105985,0.7505199776836989,-0.05656628591572387,-0.05656628591572369,0.08484942887358554,0.0848494288718804,1.7051360323705467e-12
1,16,0.8408886398728342,-0.5409345560959435,-0.017207595825663544,-0.03728171332166518,-0.037281713321665085,0.05592256998249763,0.05592256935305073,6.294468973822021e-10
1,17,-0.32496079539643413,-0.854181813027928,-0.40592352943336385,-0.10577415342689983,-0.1057741534268996,0.1586612301403494,0.15866122859975462,1.5405947906277362e-09
1,18,0.28595391044464225,0.9344301528247126,-0.2122984940912247,-0.08497640270054686,-0.08497640270054665,0.12746460405082,0.12746460414936323,9.85432291322752e-11
1,19,-0.3344825396403876,-0.05022650238610889,0.9410625532523196,-0.03744493636130181,-0.03744493636130168,0.05616740454195252,0.056167402673334976,1.8686175454196707e-09
1,20,0.08357321418983388,-0.7358914178461646,-0.6719221227272857,-0.07627948612692374,-0.07627948612692356,0.11441922919038534,0.11441922825872197,9.31663371450675e-10
1,21,-0.2961815129678225,-0.5095250383688349,-0.8078742146221335,-0.08605218384080954,-0.08605218384080938,0.12907827576121408,0.12907827445785003,1.303364055571521e-09
1,22,0.6205199806676615,-0.10379204309175262,-0.7772915575143248,-0.0370743783643831,-0.03707437836438298,0.055611567546574474,0.05561156674049883,8.060756437333616e-10
1,23,0.3187006184555375,-0.8529114286679518,0.4134876184889353,-0.0454389363566923,-0.04543893635669214,0.06815840453503821,0.06815840253304728,2.001990934141773e-09
1,24,-0.18724455821336608,0.4319697126333568,0.88223672718094,-0.055957414431876996,-0.05595741443187685,0.08393612164781528,0.08393612055401789,1.0937973859981298e-09
1,25,0.8610563170642165,0.4058865909103668,0.3063300412348879,-0.09609066739665681,-0.09609066739665663,0.14413600109498495,0.14413600174512098,6.501360283461821e-10
1,26,0.05302676912096001,-0.7047024013643716,0.7075186833348508,-0.0428380228551709,-0.042838022855170736,0.06425703428275611,0.06425703302781471,1.2549414007967385e-09
1,27,0.9480298142466322,-0.012934080122723486,0.31791851294140605,-0.06615562715025135,-0.06615562715025128,0.09923344072537692,0.09923343952111807,1.2042588454219683e-09
1,28,0.03104388237397574,0.9851804552225867,-0.168688316176811,-0.07471318506924778,-0.07471318506924757,0.11206977760387135,0.11206977706956778,5.343035736071755e-10
1,29,-0.7129790095968231,0.2771120775675501,-0.6441038956104281,-0.04875283682243274,-0.04875283682243267,0.07312925523364901,0.0731292540412376,1.1924114057260127e-09
1,30,-0.5711918459428725,0.7026827288064731,-0.4242367944502955,-0.037470860260979136,-0.03747086026097903,0.05620629039146855,0.056206291010330034,6.188614828928074e-10
1,31,-0.8366712869686845,-0.4822918778587354,0.2595682995160612,-0.07938683380006557,-0.07938683380006546,0.1190802507000982,0.11908024982743015,8.726680489345995e-10
1,32,0.29908268543043864,-0.5799324867761062,0.7577782380468568,-0.03710345832515165,-0.03710345832515153,0.0556551874877273,0.05565518740313635,8.45909453595084e-11
1,33,0.22806683284560503,-0.6832492474443723,-0.6936540821061126,-0.064890161550688,-0.06489016155068783,0.09733524232603175,0.09733524125588033,1.0701514119304534e-09
1,34,0.11169134202920841,-0.7427056809175129,-0.6602373176734013,-0.07473949723437505,-0.07473949723437484,0.11210924585156226,0.11210924411031442,1.741247840358895e-09
1,35,-0.5375630920241234,0.8422886514442067,0.039695714400468166,-0.046123016085833766,-0.04612301608583361,0.06918452412875041,0.06918452061244196,3.516308452744532e-09
1,36,0.30494472632795194,0.5769906552876715,-0.7576875989452869,-0.04710365842499112,-0.047103658424990945,0.07065548763748643,0.070655485628901,2.0085854229856537e-09
1,37,0.822779562405705,0.4605079152977915,0.3331159732518972,-0.0999252681348892,-0.09992526813488906,0.14988790220233358,0.14988790070225022,1.5000833630818278e-09
1,38,-0.9326277295515477,0.12485941894384335,-0.33854932221543566,-0.05861470828351778,-0.05861470828351769,0.08792206242527655,0.08792206129815128,1.127125268118867e-09
1,39,0.27698428282958826,0.9589937203792946,0.06008952769375014,-0.09774415206878198,-0.09774415206878177,0.14661622810317268,0.14661622887990333,7.767306520189976e-10
1,40,-0.385898509603189,0.8581114142281759,0.33871395167214075,-0.05892398646966842,-0.058923986469668226,0.08838597970450235,0.08838597909122115,6.132812035986035e-10
1,41,0.8567438992645425,-0.5016871484653658,0.11958217316003782,-0.03849030567383257,-0.038490305673832506,0.05773545851074876,0.057735458081076274,4.296724850916256e-10
1,42,-0.9303862447319462,0.04582316417466169,0.36370547595356506,-0.04738858677704063,-0.0473885867770405,0.07108288016556075,0.07108287986001827,3.05542480205645e-10
1,43,-0.2801538998355594,-0.3678417194854623,-0.8866827289470037,-0.07563136733877669,-0.07563136733877654,0.11344705100816481,0.11344705036497871,6.431861016009677e-10
1,44,-0.5558371057921175,0.4901622187866249,0.6714060701980695,-0.042604879939574104,-0.04260487993957396,0.06390731990936094,0.06390731832617291,1.5831880251226949e-09
1,45,-0.19186101868423208,0.01568750347933018,0.9812967195216923,-0.04054878901879898,-0.04054878901879886,0.060823183528198294,0.060823182601588144,9.266101497207302e-10
1,46,-0.8767754515354891,0.29938044396066743,0.37634579492622544,-0.038628644884538696,-0.03862864488453857,0.05794296732680786,0.05794296570327262,1.6235352368054734e-09
1,47,0.6665037679340372,-0.3439380495849242,0.6614222141548085,-0.04491707860259383,-0.044917078602593766,0.06737561790389066,0.06737561758507482,3.188158348432779e-10
1,48,0.16731196298400974,0.40498737599245754,-0.8988837145755736,-0.038014812467974904,-0.038014812467974765,0.05702221870196215,0.057022218891145116,1.8918296790237932e-10
1,49,0.6803279544742902,-0.41544777721414233,0.6037855735016006,-0.04208694428526073,-0.04208694428526064,0.06313041642789097,0.06313041617245219,2.5543878123812647e-10
1,50,0.3232006773886966,0.5933545756140557,0.7372053104348556,-0.09308708330884423,-0.09308708330884405,0.1396306249632661,0.13963062511779256,1.5452647494917926e-10
1,51,0.40170135770780196,0.5726605949250202,0.7146298777939742,-0.09586997674613945,-0.09586997674613926,0.1438049651192089,0.14380496515808971,3.8880815234065835e-11
1,52,-0.21052921188232182,-0.08211070076820043,-0.9741330934546693,-0.05504744895858735,-0.055047448958587236,0.08257117343788085,0.08257117350973786,7.185700645617743e-11
1,53,-0.44469455246120226,0.8525988154771443,-0.27444856505054144,-0.04415285644686551,-0.04415285644686537,0.06622928467029805,0.06622928455657373,1.1372432162648494e-10
1,54,-0.5642963441139309,-0.778444256974019,0.2749439484764479,-0.08718832092744234,-0.08718832092744215,0.13078248139116325,0.13078248067843745,7.127257950489962e-10
1,55,0.6148301048630074,-0.05779516302947816,0.7865390398985542,-0.059835339565808915,-0.059835339565808825,0.08975300934871325,0.08975300780367235,1.5450409007744526e-09
1,56,-0.7599355599825923,0.46796103518612636,-0.4511212854892495,-0.040531834679952486,-0.0405318346799524,0.060797752019928604,0.06079775016765154,1.8522770608986328e-09
1,57,-0.9354618093273424,-0.08500050457574791,0.3430541028932362,-0.05430683798605647,-0.05430683798605636,0.08146025697908454,0.08146025659572231,3.833622308491158e-10
1,58,-0.3328634315289764,0.932839870711566,-0.13788296327531985,-0.053949492147434795,-0.053949492147434615,0.08092423822115193,0.08092423536831816,2.8528337608912935e-09
1,59,-0.9364613283851768,0.05529130574739789,-0.3463856982437606,-0.06346681753059454,-0.06346681753059445,0.09520022629589169,0.09520022686837493,5.724832413678271e-10
1,60,0.6237817634241194,-0.2099517342050455,-0.7528722208474621,-0.03721250744678668,-0.03721250744678655,0.05581876117017983,0.05581875933691194,1.8332678916599399e-09
1,61,-0.5866871860274995,-0.639045384343373,-0.4974124470704016,-0.1076847894832732,-0.10768478948327305,0.16152718422490958,0.16152718468331884,4.584092549997365e-10
1,62,-0.42919159277718705,-0.18791979993691446,-0.8834482019230393,-0.07008993052815811,-0.07008993052815798,0.10513489579223698,0.10513489384633701,1.9458999689359047e-09
1,63,0.7119942992978234,0.4246946360881877,0.559194584957082,-0.09757022752522482,-0.09757022752522468,0.14635534128783703,0.14635534034690423,9.40932803894512e-10
1,64,0.5222616658601825,-0.6127828775103512,0.5930766370403416,-0.03706185326069138,-0.03706185326069128,0.05559277989103692,0.05559278037914339,4.881064719075567e-10
1,65,0.07652633899816459,-0.6670815239223985,-0.7410438312818673,-0.07349910108267389,-0.07349910108267368,0.11024865162401053,0.11024865048669952,1.1373110092582905e-09
1,66,-0.26400167106755074,-0.8500839792218916,0.4556976475074403,-0.0683333242384059,-0.0683333242384057,0.10249998635760856,0.10249998488864875,1.4689598010209082e-09
1,67,0.8073921016252593,-0.11225121844027294,0.5792388610856674,-0.05990881650140904,-0.059908816501408974,0.08986322475211346,0.08986322241888445,2.3332290127742183e-09
1,68,0.4599172018275591,-0.808462893864993,-0.3672382288195893,-0.053620068170303806,-0.05362006817030363,0.08043010225545545,0.08043010146785434,7.876011093310709e-10
1,69,0.3549531803083488,-0.7170395601067,-0.5998854132507133,-0.058420611196085034,-0.05842061119608484,0.08763091679412727,0.0876309150243948,1.7697324716792195e-09
1,70,-0.7499013509171405,-0.3569167832199683,0.5570084144324552,-0.056801572830378254,-0.05680157283037812,0.08520235924556718,0.0852023576691785,1.576388686252983e-09
1,71,0.030548431752574132,-0.9505303070208745,-0.3091260725857018,-0.08503733022346086,-0.08503733022346066,0.127555995335191,0.12755599354541403,1.7897769655217388e-09
1,72,0.48787077256012074,-0.18901937606610963,-0.8522052480201995,-0.03851480109336611,-0.03851480109336596,0.05777220164004895,0.057772200912076244,7.279727029518845e-10
1,73,-0.1489631636510143,0.18314032466215638,0.9717353535596619,-0.046976306273749616,-0.04697630627374949,0.07046445941062424,0.07046445787972644,1.5308977974193283e-09
1,74,0.3215714620733643,0.7824356586267371,0.5332787590832236,-0.10354565340761585,-0.10354565340761565,0.1553184801114235,0.15531848029937123,1.8794774070407527e-10
1,75,-0.7946857672285591,-0.5029395536894434,0.33989165435329505,-0.0756965759602663,-0.07569657596026612,0.11354486394039918,0.11354486378900575,1.5139343945147488e-10
1,76,0.9570899893878573,0.283275078155897,0.061106319716718746,-0.08156079441609276,-0.08156079441609265,0.12234119162413898,0.12234119134424404,2.798949405580231e-10
1,77,0.3204237574671404,-0.9246478458248218,0.2058032479387916,-0.05249884273325978,-0.05249884273325962,0.07874826409988943,0.07874826207787677,2.0220126545344996e-09
1,78,-0.7825387361892817,-0.5685610714197415,-0.25371526250763315,-0.10466554937367441,-0.10466554937367424,0.15699832406051137,0.15699832406346204,2.950667488121894e-12
1,79,-0.5796066226880796,-0.6060641591150677,0.544740670385702,-0.06495757056697515,-0.06495757056697499,0.09743635585046248,0.09743635204229051,3.808171972208285e-09
1,80,-0.8481550883971919,-0.5134546267505247,0.13037366411369647,-0.08778038717191308,-0.0877803871719129,0.13167058075786936,0.13167058138252585,6.246564931977616e-10
1,81,0.7979069763117328,-0.06850878776192848,-0.5988747808619584,-0.040196414167188575,-0.04019641416718846,0.060294621250782686,0.060294619297351915,1.953430771306497e-09
1,82,0.7290450571562853,-0.5099508725389391,-0.456556034055803,-0.03815218849145666,-0.03815218849145653,0.0572282827371848,0.05722828183563067,9.015541299617347e-10
1,83,0.13914929064445983,0.27761749637352795,-0.9505608873819908,-0.03705253289176934,-0.03705253289176921,0.05557879933765382,0.05557879850792702,8.297268011547843e-10
1,84,-0.7056768649643067,0.6432484061567951,0.29707179305832876,-0.03960714178023089,-0.03960714178023078,0.05941071267034617,0.059410712460739035,2.0960713720263868e-10
1,85,-0.23947390376668665,-0.2242896167946288,-0.9446408932567244,-0.06443555747789977,-0.06443555747789961,0.09665333621684942,0.09665333672304044,5.061910196557662e-10
1,86,-0.7747076740113394,0.26388120749877114,0.574625728763454,-0.037241404755843435,-0.03724140475584331,0.055862107133764966,0.055862105219350866,1.9144140994686865e-09
1,87,-0.2149531921498649,0.9670111276176082,0.13669163927726255,-0.06913373988800796,-0.06913373988800778,0.10370060983201167,0.10370061059861158,7.665999085526565e-10
1,88,0.9685412891427404,0.1094299982252425,-0.22350133492697993,-0.06013183167662245,-0.060131831676622345,0.09019774751493352,0.0901977478817706,3.6683707460571924e-10
1,89,0.49082263493476347,-0.8422486833744817,0.2229580597100005,-0.04337503995649643,-0.043375039956496296,0.06506255993474445,0.06506255950666784,4.2807661582155987e-10
1,90,-0.011637446885035941,0.2785646268826605,0.9603469781697249,-0.0565141761799034,-0.05651417617990326,0.08477126426985489,0.08477126361983167,6.500232158090924e-10
1,91,-0.29540004556395855,0.5666964045709575,0.7691514793115599,-0.0563548011201895,-0.05635480112018932,0.08453220168028398,0.08453220068371792,9.965660657806907e-10
1,92,-0.5294666860874949,-0.7626872932382495,-0.3714473328164285,-0.11082526014938224,-0.11082526014938203,0.16623789022407306,0.16623789150793655,1.2838634877443411e-09
1,93,0.6190756176965523,-0.6985125378841566,-0.35892285242412053,-0.04357085304586323,-0.04357085304586307,0.06535627956879461,0.06535628011006267,5.412680581518003e-10
1,94,0.6388088657128475,-0.4097653497280544,-0.6511647957690206,-0.03892575934091512,-0.038925759340914974,0.058388639011372465,0.058388638368711554,6.426609105991687e-10
1,95,-0.7741442646596224,0.324591597730634,0.5434528058417649,-0.03705597407947881,-0.03705597407947869,0.05558396111921804,0.055583961044991526,7.422651382427148e-11
1,96,0.5867815242655909,0.2119450031727818,-0.7815156802077864,-0.04138630682018465,-0.04138630682018452,0.06207946023027679,0.06207945962843908,6.0183770467237e-10
1,97,0.10054716476995598,0.7706533106440526,-0.6292723912981443,-0.05149206531432937,-0.0514920653143292,0.07723809797149381,0.07723809786197577,1.0951803353087541e-10
1,98,-0.1097475705412818,-0.002096654248582036,0.9939572801691471,-0.0418385850908845,-0.04183858509088438,0.06275787763632658,0.06275787528542409,2.3509024865697725e-09
1,99,-0.4981701483828839,0.011549886565385642,0.8670023664215123,-0.03703898285041043,-0.0370389828504103,0.05555847427561546,0.055558473099903694,1.1757117640565085e-09
1,100,-0.9462106429785669,-0.060463559400153404,-0.31785150164621073,-0.07146842973718846,-0.07146842973718835,0.10720264460578253,0.10720264259633794,2.0094445968288355e-09
1,101,-0.4396524138786517,-0.6056205890023364,0.6632717822636042,-0.055310352384492015,-0.05531035238449184,0.08296552857673777,0.08296552889142106,3.146832933120791e-10
1,102,0.7505784935627743,-0.5263854522802961,-0.3994374552150871,-0.037850086493356985,-0.03785008649335686,0.05677512974003529,0.05677512765478454,2.0852507498503314e-09
1,103,0.7283406622652602,-0.6814397671073537,0.07183121532925503,-0.037565500695055,-0.03756550069505488,0.05634825104258233,0.05634825106515251,2.2570181834602465e-11
1,104,0.8008580187394241,-0.5684484711682944,0.18839524794217274,-0.037508163754368475,-0.0375081637543684,0.0562622456315526,0.05626224486299236,7.68560236286131e-10
1,105,0.5270564934621818,0.6408205301167179,0.5581760482860919,-0.1058370232570678,-0.10583702325706765,0.15875553488560148,0.15875553510680263,2.2120114073764796e-10
1,106,-0.10359660317704146,-0.2709907009446753,-0.9569910050840039,-0.06118638363550976,-0.06118638363550962,0.09177957545326444,0.09177957560613237,1.5286792665047955e-10
1,107,-0.7664073994604965,-0.5916134350927225,-0.2502263804437652,-0.10570571980120691,-0.10570571980120676,0.15855857970181014,0.15855857876667656,9.35133581680958e-10
1,108,0.7690186861615671,0.4741179863762948,0.4287451402976185,-0.10138357252149956,-0.10138357252149943,0.15207535878224915,0.15207535924988136,4.676322107322051e-10
1,109,0.014208573533885724,0.7210489442794302,-0.692738432881886,-0.045348100648584674,-0.0453481006485845,0.06802215097287675,0.06802215041235016,5.605265973596119e-10
1,110,0.09971766529596925,0.9502611008691529,-0.2950597014213673,-0.07178651964821416,-0.07178651964821398,0.10767977947232096,0.10767977759451597,1.877804994832033e-09
1,111,-0.12026191345042564,-0.30350970643635317,0.9452084057350321,-0.03703805559754413,-0.03703805559754401,0.055557083396316015,0.05555708254556535,8.507506643606888e-10
1,112,-0.01883764366695287,0.11716157639889191,-0.9929341912719107,-0.04127844785733356,-0.04127844785733344,0.06191767178600017,0.06191767237817558,5.921754128723755e-10
1,113,0.8198308123886522,0.5624524819195451,-0.10735289768192804,-0.0913562214471545,-0.09135622144715433,0.1370343321707315,0.13703432971690077,2.4538307219490463e-09
1,114,0.5484713446991836,0.6797810667689973,-0.4869054172077709,-0.07038584209386792,-0.07038584209386774,0.10557876314080161,0.10557876101158215,2.129219467406074e-09
1,115,0.8116797031337902,0.1398008893773708,0.5671258862456717,-0.07826117572335574,-0.07826117572335567,0.1173917635850335,0.11739176297709264,6.079408643167028e-10
1,116,0.2853003234081623,-0.4956849484190854,0.8203049173167053,-0.03719648733698512,-0.03719648733698502,0.05579473100547753,0.05579473133510149,3.2962396007141237e-10
1,117,0.017510908192281713,-0.980406234848693,0.19620647992380552,-0.07062093532171636,-0.07062093532171618,0.10593140298257427,0.10593140253867261,4.4390165154784e-10
1,118,-0.2579726869413819,-0.8870264589494211,0.382928392674002,-0.07312612342911047,-0.07312612342911028,0.10968918514366542,0.10968918412457285,1.019092574217062e-09
1,119,-0.7223002944618073,0.1498890917158451,-0.6751411295462493,-0.056281056063736776,-0.056281056063736686,0.08442158409560503,0.08442158222488061,1.870724422592396e-09
1,120,-0.5870337765433769,-0.3266173561372787,0.7407512726058016,-0.045739559046874254,-0.045739559046874115,0.06860933857031118,0.06860933904340172,4.730905389660478e-10
1,121,0.06117853337211728,-0.6140655613897154,0.7868803424724564,-0.0394604224040615,-0.03946042240406135,0.05919063360609202,0.05919063156278881,2.043303214127601e-09
1,122,0.7528858366860882,0.2693102680633766,-0.6005288472947168,-0.05122434675871591,-0.051224346758715775,0.07683652013807367,0.07683651909173861,1.0463350602618604e-09
1,123,0.8647679209671418,-0.0005978673723999492,0.5021713705706176,-0.06817424580169117,-0.0681742458016911,0.10226136870253665,0.10226136742952363,1.2730130144467111e-09
1,124,0.44411643140618395,0.5640059864767828,0.6961737158018734,-0.0973909062389532,-0.09739090623895302,0.14608635935842954,0.1460863582880556,1.0703739283801639e-09
1,125,-0.30290566694686094,-0.7671034900228867,-0.5655089676797216,-0.10188762136560753,-0.10188762136560732,0.152831432048411,0.15283143084410256,1.2043084307578056e-09
1,126,0.4890279204643883,0.7395606097917468,0.4624951864081783,-0.1091668706670684,-0.10916687066706816,0.16375030600060225,0.16375030498227972,1.0183225374049698e-09
1,127,-0.22771268494767816,-0.84400294500765,-0.4855985604718502,-0.10057737566092936,-0.10057737566092917,0.15086606349139375,0.15086606269809621,7.932975387703323e-10
1,128,0.3281448463158069,-0.039874800081687596,-0.9437854418006356,-0.03864240987801789,-0.03864240987801777,0.05796361481702666,0.05796361446375187,3.5327479136482154e-10
1,129,-0.8513996448591395,0.25354126201258115,0.4591682406164421,-0.038502044533892825,-0.03850204453389271,0.05775306680083906,0.05775306621824683,5.825922314017795e-10
1,130,-0.28528620338125954,-0.45872715504395367,0.8415350137609173,-0.041329447963223825,-0.04132944796322368,0.06199417194483552,0.061994169520129816,2.424705707049224e-09
1,131,-0.5753718889806281,0.79817212027059,-0.17851738232904596,-0.040802967225170725,-0.0408029672251706,0.0612044508377559,0.06120445122936857,3.9161267284537615e-10
1,132,-0.3502001112045589,-0.048689792670941014,-0.9354085664574466,-0.05816737177897006,-0.05816737177896996,0.08725105766845495,0.08725105499207686,2.676378091370779e-09
1,133,-0.6752491994111938,-0.7036905376833411,0.2210387881559986,-0.09003025394627455,-0.09003025394627438,0.1350453809194116,0.13504538182163017,9.022185776252911e-10
1,134,0.33419402147218097,0.8278963606640629,-0.45044641413985226,-0.07072843036047978,-0.07072843036047959,0.10609264554071939,0.10609264439187527,1.1488441170603991e-09
1,135,0.6927000007281388,0.7021519317388313,-0.1647706701651246,-0.09342720483184665,-0.09342720483184651,0.14014080724776978,0.14014080590429856,1.3434712231585877e-09
1,136,0.9045984063787398,0.18513821896244836,-0.38396036651776555,-0.05772948172117872,-0.0577294817211786,0.08659422258176791,0.08659422207069056,5.110773471095342e-10
1,137,0.3818512871554301,-0.5380533196870078,-0.7514573971101303,-0.051016638975089346,-0.051016638975089186,0.07652495846263378,0.07652495859211683,1.2948304928261933e-10
1,138,0.038563385247091214,-0.9475692351613597,-0.3172150845940344,-0.08453921334526439,-0.08453921334526418,0.12680882001789628,0.1268088203887352,3.7083891513134404e-10
1,139,0.5017059301595802,0.7973533655716962,0.3354381762027084,-0.11070479360286663,-0.11070479360286645,0.16605719040429967,0.16605719022066978,1.8362988907227873e-10
1,140,-0.23046083313490845,-0.3972371260443681,0.8883076438277308,-0.038659987948745644,-0.0386599879487455,0.05798998192311825,0.057989980872807934,1.0503103178849393e-09
1,141,-0.30530745574248686,0.5060872257424043,-0.8066368931609849,-0.03718970009217466,-0.03718970009217456,0.05578455013826184,0.055784549202186895,9.360749467224316e-10
1,142,-0.25075051558003697,-0.8822770488335381,0.3983859787165311,-0.07183113074202195,-0.07183113074202174,0.10774669611303261,0.10774669351176769,2.6012649256834663e-09
1,143,-0.9023681843790052,-0.3220022881788751,0.28643705456540763,-0.06956169159655426,-0.06956169159655413,0.10434253739483121,0.10434253600033472,1.394496490503272e-09
1,144,-0.04833881868712143,-0.5351023103317848,-0.8434031515743345,-0.07379161012027294,-0.07379161012027276,0.11068741518040914,0.11068741478936772,3.910414214658431e-10
1,145,0.9236151177813744,0.11700292226056884,0.36502798576024986,-0.07620341583794529,-0.07620341583794517,0.11430512375691776,0.11430512369958734,5.733041819055984e-11
1,146,-0.3198053574503263,0.10291851145276042,0.9418770160410632,-0.03997881383015163,-0.039978813830151505,0.05996822074522726,0.05996822066700602,7.822123504475087e-11
1,147,-0.25620086225279803,-0.35591905905898275,-0.8987117121633005,-0.07365327523088605,-0.07365327523088588,0.11047991284632883,0.11047990994272894,2.9035998883042424e-09
1,148,-0.5086406867222933,-0.711270444616925,0.4851587435315535,-0.07058893609989458,-0.07058893609989443,0.10588340414984165,0.10588340343398173,7.158599268919374e-10
1,149,-0.28131668935514004,-0.2280144240573727,-0.9321321487386047,-0.06649531820722675,-0.06649531820722662,0.09974297731083993,0.09974297637826979,9.325701461060376e-10
1,150,-0.39314282090724667,-0.7728264316389835,0.4981746971989327,-0.06838182582695235,-0.06838182582695215,0.10257273874042823,0.10257273780345244,9.369757886235064e-10
1,151,0.642427077061401,-0.11158905317583437,0.758178958999566,-0.057092994796846895,-0.05709299479684681,0.08563949219527023,0.08563949133177928,8.634909454130479e-10
1,152,0.2991890157078564,-0.9461062755069202,0.12397115925160862,-0.05640808880594425,-0.05640808880594407,0.08461213320891611,0.08461213257815459,6.307615263434485e-10
1,153,0.32941759653652863,0.3214885218846743,-0.8877663979834471,-0.03862475780717162,-0.038624757807171485,0.05793713671075723,0.05793713564461456,1.066142674144288e-09
1,154,0.5580354902239528,-0.5838465468425029,-0.5896775401781875,-0.0445301304031477,-0.044530130403147544,0.06679519560472132,0.06679519576335835,1.5863703406449048e-10
1,155,0.842575672316952,0.5341668534373891,0.06878960029274021,-0.09757507452423211,-0.09757507452423198,0.14636261178634796,0.14636261230771552,5.21367560235575e-10
1,156,-0.9974228909444456,-0.05212016226093399,0.04930583440039055,-0.0625449326509339,-0.06254493265093379,0.09381739897640069,0.09381739551894697,3.4574537260967375e-09
1,157,-0.08731446329021436,0.9679220571037351,0.23559090787298093,-0.08012065551643326,-0.08012065551643306,0.1201809832746496,0.12018098322075232,5.389727553151147e-11
1,158,-0.21655564411646916,0.7679995552164548,0.6027274144989828,-0.06882494938533687,-0.0688249493853367,0.10323742407800506,0.10323742416495918,8.695412445636208e-11
1,159,-0.19764086156390875,-0.8067787475277481,0.5568178718197127,-0.059219181202964086,-0.05921918120296389,0.08882877180444584,0.08882877072791118,1.0765346669661113e-09
1,160,-0.1260225035439635,-0.022500593278308164,0.9917721774191066,-0.040927958449040555,-0.040927958449040444,0.061391937673560666,0.061391937367094584,3.064660816787246e-10
1,161,-0.6279432747174604,0.21362015669905185,-0.7483673378689002,-0.050821909598954905,-0.050821909598954836,0.07623286439843226,0.0762328630776743,1.3207579613316867e-09
1,162,-0.7507217204561147,-0.5487261645642556,-0.3678539040951076,-0.10515934844232515,-0.10515934844232498,0.1577390226634875,0.15773902323212852,5.686410231575678e-10
1,163,0.5350764314337496,0.2984746284423018,-0.7903202570479599,-0.04268603584506601,-0.042686035845065876,0.06402905376759882,0.06402905289304428,8.745545398980425e-10
1,164,0.08888143368233004,-0.7242834811635165,0.68374961035472,-0.04293257337418265,-0.04293257337418249,0.06439886006127374,0.06439885985587424,2.053995029616118e-10
1,165,-0.05206718812378339,-0.9299856890188943,0.3638895795992717,-0.06556346094457714,-0.06556346094457696,0.09834519141686544,0.09834519171247891,2.9561346426287827e-10
1,166,-0.6867118190956477,-0.7084129007866565,-0.16302772621054698,-0.10800499516332542,-0.10800499516332526,0.1620074927449879,0.16200749214378973,6.011981745768225e-10
1,167,0.2709153856618916,-0.9387737029157041,0.212858611584324,-0.055063127135911064,-0.055063127135910904,0.08259469070386637,0.08259468803339942,2.670466944798555e-09
1,168,0.6059332632134953,0.5303884180165833,-0.5929021897120225,-0.05991983003236409,-0.059919830032363924,0.08987974504854589,0.08987974531304843,2.645025448666516e-10
1,169,0.8835034894535899,0.15535038730118603,-0.4419138392138244,-0.05377903024907071,-0.0537790302490706,0.0806685453736059,0.08066854545463187,8.102596371628579e-11
1,170,0.49864151736761503,-0.7507226291981407,0.43332686411893917,-0.03872870954721549,-0.03872870954721537,0.058093064320823055,0.05809306230508682,2.01573623764828e-09
1,171,-0.6960843802689354,-0.020607047023101795,-0.7176641868998341,-0.06721206808656717,-0.0672120680865671,0.10081810212985065,0.1008181010897502,1.040100450211412e-09
1,172,-0.6695806891875042,-0.10632301278886738,-0.7350898704367278,-0.0727232949666421,-0.07272329496664197,0.10908494244996296,0.10908494108008426,1.3698786965887777e-09
1,173,0.8642787044031798,0.4968859713428801,-0.07827293656049673,-0.08940790845644205,-0.08940790845644192,0.13411186268466288,0.13411186189360436,7.910585242409951e-10
1,174,0.8631024361576034,-0.1316139579224707,0.4875776356425634,-0.05888098959685898,-0.058880989596858876,0.08832148439528832,0.08832148207238433,2.3229039941563556e-09
1,175,0.46817067843221305,0.5850381768653988,-0.662228470745808,-0.05536688804828335,-0.05536688804828318,0.08305033207242478,0.08305033050159949,1.5708252892876473e-09
1,176,-0.9443519561979407,0.2835146155709922,0.1667898245779861,-0.042194567374002796,-0.04219456737400271,0.06329185106100407,0.06329185092690537,1.3409870436298377e-10
1,177,0.8273608470769361,0.5303266276177853,0.18500728840692077,-0.10106440927161378,-0.1010644092716136,0.1515966139074204,0.15159661442831762,5.208972142511925e-10
1,178,-0.9056551801133058,0.048473326568230696,-0.42123512596333335,-0.06451758074908043,-0.06451758074908034,0.09677637112362052,0.09677637025085062,8.72769898019321e-10
1,179,0.25884213696081376,-0.9559388075255403,-0.13849817471796255,-0.06603166919518164,-0.06603166919518146,0.09904750379277219,0.09904750214451141,1.6482607778645075e-09
1,180,0.8083543234619527,-0.4848462237470141,-0.3338973301160539,-0.037065414898626865,-0.03706541489862673,0.0555981223479401,0.05559811916411306,3.183827042285703e-09
1,181,0.9208575436725521,0.32606045956268065,-0.2137895249331152,-0.07327205354325468,-0.07327205354325456,0.10990808031488183,0.10990807985944429,4.5543754878529796e-10
1,182,-0.7514722991001465,0.18313518852052152,0.6338382178527048,-0.0375339186473112,-0.03753391864731108,0.05630087797096662,0.056300877848691755,1.2227486384519537e-10
1,183,0.47819514667487034,0.18348664825885783,-0.8588725467770695,-0.03837928916552275,-0.038379289165522634,0.05756893374828395,0.057568934341833966,5.935500146936334e-10
1,184,-0.4637255988438143,0.00618410577708772,-0.8859572934474231,-0.05868403262052337,-0.05868403262052327,0.0880260489307849,0.08802604617441645,2.7563684529274823e-09
1,185,-0.4578538985222041,0.237885961732748,0.8566096408624553,-0.03990532913310879,-0.03990532913310866,0.05985799369966299,0.059857993561784895,1.378780978278371e-10
1,186,0.006311235284641479,0.5043016662111836,-0.8635044862453269,-0.03794835692966413,-0.037948356929663994,0.056922535394495995,0.056922536129100365,7.346043703893024e-10
1,187,-0.41365267086988666,-0.8335311229587986,0.3662203366025071,-0.07875990556590227,-0.07875990556590207,0.1181398583488531,0.1181398576188819,7.299711946018306e-10
1,188,0.9138563270803941,0.21476862614979692,-0.3445882335148145,-0.06101153077917785,-0.061011530779177744,0.09151729616876662,0.09151729513101614,1.0377504827685513e-09
1,189,0.7248618687868486,-0.5843072366933514,0.36491139243193976,-0.037526513547736014,-0.03752651354773593,0.0562897703216039,0.0562897686795516,1.6420522996885012e-09
1,190,-0.8425031767673711,-0.00991740751897187,-0.5386000762764434,-0.06885945839615785,-0.06885945839615777,0.10328918759423666,0.10328918692570355,6.685331177536114e-10
1,191,0.853179848706186,0.49154016876347995,-0.17456347915202408,-0.08440715556814048,-0.08440715556814034,0.1266107333522105,0.12661073162112402,1.7310864963704375e-09
1,192,0.1637534370693473,-0.08435475950831864,0.9828881352403585,-0.04574296958220415,-0.04574296958220404,0.06861445437330607,0.0686144530082089,1.3650971741885343e-09
1,193,0.7747178005743817,0.3514763106120418,0.5256203311818711,-0.09348209309569679,-0.09348209309569662,0.14022313964354494,0.14022314004380476,4.002598252839107e-10
1,194,0.06409728062500122,0.46851408776145337,0.8811277365884772,-0.07075752488363068,-0.07075752488363053,0.1061362873254458,0.10613628725897328,6.647252193126008e-11
1,195,0.8694059096264407,0.47902059005144976,-0.12113066751810786,-0.08641036280708228,-0.08641036280708214,0.1296155442106232,0.12961554191059932,2.300023893564429e-09
1,196,0.0057685196363437725,-0.9822547480614312,-0.18746288723899324,-0.08494018282907732,-0.08494018282907713,0.1274102742436157,0.1274102739978744,2.457412884293575e-10
1,197,0.9622232435298683,0.08255388091719515,0.2594441873628491,-0.07219462054148604,-0.07219462054148595,0.10829193081222893,0.10829192959027623,1.2219527056878121e-09
1,198,0.2185534149174117,0.9737940695649716,-0.06292467646344352,-0.08982750168593642,-0.08982750168593623,0.13474125252890434,0.13474125287737948,3.484751376348072e-10
1,199,0.21894446489335176,-0.8520045219882353,0.4755540093450613,-0.047317123198043404,-0.047317123198043244,0.07097568479706487,0.07097568366365437,1.1334105043392384e-09
1,200,-0.41204214834258646,0.8913228292504558,0.1891160544379793,-0.05601836972695967,-0.05601836972695949,0.08402755459043924,0.0840275529712109,1.619228348626045e-09
1,201,0.7846053231115444,-0.17991692343866206,-0.5933164312619327,-0.03803413143411813,-0.03803413143411802,0.05705119715117703,0.05705119571208783,1.4390891950322171e-09
1,202,-0.4106485991218281,-0.9033217088354757,0.12400652557763302,-0.09432717636635812,-0.09432717636635796,0.14149076454953693,0.14149076493774615,3.882092147744487e-10
1,203,-0.35532984684449376,-0.5112894760788544,0.7825111958256438,-0.0455568980245712,-0.04555689802457103,0.06833534703685655,0.06833534710315448,6.629792548284996e-11
1,204,-0.03832894294821573,-0.11055061467137262,0.9931311362193082,-0.04036991655318176,-0.04036991655318165,0.06055487482977248,0.06055487083989064,3.989881841581777e-09
1,205,0.001382925733417982,0.6245389866646911,0.7809924081911787,-0.07607784731081417,-0.07607784731081398,0.11411677096622097,0.11411676881234456,2.153876410559974e-09
1,206,0.9292845885755009,-0.18794107340981372,0.3179753235105346,-0.05433546612633357,-0.054335466126333484,0.08150319918950023,0.08150319724675725,1.942742980376444e-09
1,207,-0.0637739588832271,-0.7802021869525387,0.6222679725350136,-0.05076540150952795,-0.05076540150952777,0.07614810226429165,0.07614810171308051,5.512111461714042e-10
1,208,0.03745541942733977,-0.9342164566389801,0.3547346948078668,-0.06162951532680851,-0.061629515326808326,0.09244427299021249,0.09244427306986935,7.965686443789366e-11
1,209,-0.29504549276291053,-0.8831749328550969,0.3646233607116892,-0.07563472090783947,-0.07563472090783928,0.11345208136175892,0.11345207967528026,1.6864786650527819e-09
1,210,-0.9568011812206219,0.0656329783410766,0.28323808318957144,-0.04885429774320774,-0.04885429774320764,0.07328144661481147,0.073281444801232,1.8135794671580996e-09
1,211,0.7759591656765723,-0.6138907236426292,-0.14500190560143278,-0.03746029200906324,-0.03746029200906313,0.0561904380135947,0.05619043702553839,9.880563103803475e-10
1,212,-0.0676835291639999,0.5198230713787756,0.851588465364722,-0.06642922023797937,-0.06642922023797919,0.09964383035696879,0.0996438306866132,3.296444089917472e-10
1,213,0.12810426487974147,-0.9256787743028967,-0.35596081824367687,-0.07826122162936888,-0.07826122162936869,0.11739183244405303,0.11739183236603168,7.802135326695492e-11
1,214,0.6872050931477475,-0.6020382186912427,0.4065699732971817,-0.03730261619781837,-0.0373026161978183,0.05595392429672745,0.05595392343904493,8.576825222261775e-10
1,215,-0.4470466595323797,0.5843137454584056,0.6772936815512973,-0.04943378894562268,-0.04943378894562251,0.07415068341843377,0.07415068142835324,1.9900805309225333e-09
1,216,0.3458751402226289,-0.33727465387229666,-0.875566214075954,-0.045684546782688094,-0.045684546782687956,0.06852682017403194,0.06852681894153889,1.2324930520613009e-09
1,217,0.6614272250514571,0.03195514052903459,-0.7493282958453514,-0.03888117911125089,-0.038881179111250774,0.05832176866687616,0.0583217682481596,4.187165614233379e-10
1,218,0.3416751029393221,0.40175558077316875,-0.8496179007936553,-0.04084090105843445,-0.04084090105843432,0.06126135158765148,0.06126135015938061,1.428270869630044e-09
1,219,-0.5593176946183533,-0.8278620882215059,-0.04252151658088116,-0.10519431256252017,-0.10519431256251997,0.15779146884377998,0.15779146878003303,6.374695216138093e-11
1,220,-0.3524841356199894,-0.931161087319792,-0.09324142640292417,-0.102117850068696,-0.10211785006869581,0.15317677510304373,0.15317677543036368,3.273199489228773e-10
1,221,-0.08380723742868912,-0.8175894028690804,-0.5696700055916161,-0.09077771441973881,-0.0907777144197386,0.1361665716296079,0.13616657107418106,5.554268434071474e-10
1,222,-0.3953104950542662,0.16986189881530142,0.9027051278412078,-0.03985573760144867,-0.039855737601448525,0.05978360640217279,0.05978360445579867,1.9463741243730404e-09
1,223,0.269862431259903,0.8611872134582446,0.4307329237131961,-0.10325373296458916,-0.10325373296458897,0.15488059944688345,0.15488060001178638,5.649029299892305e-10
1,224,-0.17919318921254573,0.24269555288038064,0.953408972871518,-0.0482284863367828,-0.04822848633678265,0.07234272950517398,0.07234272764167216,1.8635018250723334e-09
1,225,0.2568998565643198,-0.038919412064199826,-0.9656540493685143,-0.03981623795752794,-0.03981623795752782,0.05972435693629173,0.059724356016310765,9.1998096640733e-10
1,226,0.11723606505079862,-0.9695032765418196,0.2152187301934501,-0.0639416465598252,-0.06394164655982505,0.09591246983973759,0.0959124682453627,1.5943748821189985e-09
1,227,0.7652771584328465,0.13483595771203447,0.6294204757464015,-0.07716025844368378,-0.07716025844368371,0.11574038766552557,0.11574038533135322,2.3341723415226667e-09
1,228,0.0626390521503643,-0.45493381516041687,-0.8883195218891069,-0.06327377906479358,-0.06327377906479341,0.09491066859719012,0.09491066821354366,3.8364646182120765e-10
1,229,0.5780544402340273,0.378553954073077,-0.7228761774891769,-0.0478990833569539,-0.04789908335695375,0.07184862503543063,0.07184862427234151,7.630891196708234e-10
1,230,-0.38569849234140274,0.37365008676783,0.8435770774884545,-0.04543152418625981,-0.04543152418625966,0.0681472862793895,0.06814728642501322,1.456237214148004e-10
1,231,0.3634359820926737,-0.08491144704723766,-0.9277415227748932,-0.03884970901726404,-0.038849709017263916,0.05827456352589588,0.05827456156515254,1.9607433385249173e-09
1,232,0.36600585046794093,0.785225187194453,-0.49946083211666903,-0.06777829258228257,-0.06777829258228238,0.10166743887342357,0.10166743696915503,1.9042685345249666e-09
1,233,0.685906468862091,-0.04003417674422427,-0.72658762765791,-0.038177841363218404,-0.03817784136321828,0.05726676204482742,0.057266759390106614,2.6547208042959625e-09
1,234,-0.7309247676191811,0.5998644319284865,-0.3254406971906867,-0.037305839104147656,-0.03730583910414757,0.05595875865622136,0.05595875846031717,1.9590418870452098e-10
1,235,0.2953833043721824,0.6392247509531717,0.710028465110397,-0.09444909714605795,-0.09444909714605776,0.14167364571908664,0.14167364503769875,6.81387890555385e-10
1,236,0.6973543732701104,0.6242800111693535,0.35209564856078973,-0.108368327844255,-0.10836832784425479,0.1625524917663822,0.16255249229990554,5.335233366210446e-10
1,237,0.44975728811525173,-0.8708250026857133,0.19844948093820247,-0.04586790322343327,-0.04586790322343312,0.06880185483514968,0.06880185449142928,3.4372039936503285e-10
1,238,-0.6129496651481038,-0.6551904719416782,0.44160859759708976,-0.07366112603308632,-0.07366112603308614,0.11049168904962921,0.11049168802124143,1.028387777712858e-09
1,239,-0.0578207497769431,-0.9860146184605199,0.15630717538676017,-0.07682448493118325,-0.07682448493118306,0.1152367273967746,0.1152367271051169,2.916576979927754e-10
1,240,-0.376186580114385,-0.7588280557015853,-0.5316612068056078,-0.10528964471735013,-0.10528964471734995,0.15793446707602493,0.15793446689338353,1.8264140200230372e-10
1,241,0.6084931640909308,0.780847978938435,-0.14146555426098892,-0.09601764138343474,-0.09601764138343451,0.14402646207515177,0.14402646159039634,4.847554302411794e-10
1,242,0.13040413269946075,-0.8401650348727256,0.5264194870559155,-0.04872446434194717,-0.048724464341946994,0.07308669651292049,0.07308669641714616,9.577433290886006e-11
1,243,-0.5619564726233739,0.8258985448928431,0.04578773220612348,-0.0449064443190801,-0.04490644431907996,0.06735966647861995,0.06735966645576852,2.2851429082315633e-11
1,244,-0.845203366791308,-0.28510040220096583,-0.4520498085714506,-0.08913676612583135,-0.08913676612583121,0.13370514918874682,0.1337051483418783,8.468685197549064e-10
1,245,0.019835528484987472,0.9632193353663097,-0.2679833274407311,-0.06914388400963818,-0.06914388400963799,0.10371582601445699,0.10371582481738528,1.1970717056497548e-09
1,246,-0.21570283612819294,-0.966839596278591,-0.13672410743575947,-0.0971970722414776,-0.0971970722414774,0.1457956083622161,0.14579560753125165,8.309644639048486e-10
1,247,-0.07697120316014934,-0.33785888094677113,0.9380441409920296,-0.037037043228817075,-0.03703704322881696,0.055555564843225436,0.055555564315579176,5.276462600178888e-10
1,248,-0.023384139094372917,0.9549703806247138,0.2957782178732982,-0.08541370498236933,-0.08541370498236914,0.12812055747355372,0.12812055583122373,1.6423299942225356e-09
1,249,0.7621222771373978,0.3353458298661501,0.5538165843330176,-0.09215048207293441,-0.09215048207293425,0.13822572310940137,0.13822572392241383,8.130124629079916e-10
1,250,0.6518490039476161,-0.4076619051433687,0.6394565248297805,-0.04213612406185638,-0.04213612406185629,0.06320418609278444,0.0632041849413234,1.1514610376295309e-09
1,251,-0.38598062634701297,-0.4718450006414367,-0.7927050217164328,-0.08814137352724875,-0.08814137352724859,0.1322120602908729,0.13221205935609603,9.34776867023146e-10
1,252,-0.4982453652917905,0.8160205092838589,-0.2930223274656076,-0.0415174808188195,-0.041517480818819376,0.06227622122822907,0.06227622167953584,4.5130676973315076e-10
1,253,0.3824303301083069,-0.7998504884422146,0.46258646624388206,-0.04147345918457123,-0.04147345918457108,0.06221018877685662,0.062210188389588694,3.8726792606080807e-10
1,254,0.5124940924659109,0.023084928406464887,0.858380388445595,-0.06208951754969175,-0.06208951754969165,0.09313427632453748,0.09313427667967389,3.551364063936191e-10
1,255,0.9178352942031963,-0.15361065381504446,-0.3660357082983118,-0.043010624431229216,-0.04301062443122912,0.06451593664684369,0.06451593564937852,9.974651660193956e-10
1,256,-0.9077349928567476,0.41753959019696324,0.04096185251563358,-0.039477000283028786,-0.03947700028302868,0.05921550042454302,0.05921550055854041,1.3399738957309282e-10
1,257,0.003515204932741885,-0.9023863796879505,-0.43091352390932774,-0.08715966787625479,-0.08715966787625459,0.1307395018143819,0.13073949978181787,2.0325640337492956e-09
1,258,0.6907980935797254,0.7223310372818514,0.0321848797720507,-0.10386458743774644,-0.10386458743774628,0.15579688115661944,0.15579687956401855,1.5926008845035255e-09
1,259,0.6513427604801509,0.5204521805285918,-0.5521613316351761,-0.06255298903149234,-0.06255298903149216,0.09382948354723825,0.09382948168434879,1.862889453807526e-09
1,260,-0.1765214809692258,0.9417302700025947,-0.2863289459996517,-0.057478364704942574,-0.057478364704942386,0.08621754705741358,0.08621754699067452,6.673905872389696e-11
1,261,-0.21304030932664633,0.5443329557686788,0.8113664152934482,-0.059743167184095544,-0.05974316718409537,0.08961475077614306,0.08961474756707943,3.209063625941866e-09
1,262,0.15757433689259726,-0.9020616286882471,-0.40181481605481534,-0.07608828474720634,-0.07608828474720616,0.11413242712080925,0.11413242712032812,4.811290255091194e-13
1,263,0.899550772641435,0.22379661745166032,-0.3751312856286349,-0.060095018907983286,-0.06009501890798317,0.09014252836197476,0.0901425281640833,1.9789145322413049e-10
1,264,-0.8809079057694784,0.3698745208011665,0.29528647177772804,-0.03812549259630236,-0.038125492596302255,0.05718823889445338,0.05718823747891122,1.4155421626527165e-09
1,265,0.19496178015202162,-0.723326856380965,0.6624108718295507,-0.04089944277846535,-0.040899442778465196,0.0613491641676978,0.06134916324951334,9.181844590200328e-10
1,266,-0.35960527568828016,-0.7334233272614306,0.5768659018575535,-0.06164763364875644,-0.06164763364875626,0.09247145047313439,0.09247144855395462,1.9191797734352534e-09
1,267,-0.6887316180863102,-0.44033796403028275,0.5759785027949207,-0.05859141164948166,-0.058591411649481506,0.08788711747422226,0.08788711564067242,1.8335498397359373e-09
1,268,0.45286810851195164,0.7835977365794158,-0.42530584703296037,-0.07498306663936319,-0.07498306663936301,0.11247459995904452,0.11247460046659441,5.07549891004544e-10
1,269,-0.9872209194494798,-0.09671438557162988,-0.12665379514576655,-0.07041939834120611,-0.07041939834120602,0.10562909751180903,0.10562909713573987,3.7606916192256534e-10
1,270,-0.06674881347973805,-0.5936476096553238,0.8019520630621055,-0.041048639301379454,-0.041048639301379294,0.06157295895206894,0.061572957843480935,1.108588006115685e-09
1,271,-0.8703743415080374,-0.4572575812965676,-0.18265817800269238,-0.09672266382396866,-0.09672266382396852,0.1450839957359528,0.14508399620583035,4.698775535327826e-10
1,272,-0.9524878336655281,-0.18904483188677865,-0.23880740829389882,-0.07958209687249608,-0.07958209687249596,0.11937314530874393,0.11937314331467164,1.9940722961742097e-09
1,273,-0.34861868249970956,-0.9165166607518614,0.1961178848968753,-0.08823792470134571,-0.08823792470134555,0.13235688705201834,0.1323568865618796,4.901387351541331e-10
1,274,0.6445820072367254,0.3153110913748921,0.6964861460234858,-0.08765590035299893,-0.08765590035299879,0.1314838505294982,0.1314838501964566,3.330416220581611e-10
1,275,0.7832898223925194,0.36240007060678253,0.5050972608918943,-0.09433642822864602,-0.09433642822864592,0.1415046423429689,0.14150464272555396,3.825850747318782e-10
1,276,-0.5723243004874438,-0.6230023376062577,-0.533210073431379,-0.10640927010041006,-0.10640927010040985,0.15961390515061477,0.15961390542607035,2.7545557501618134e-10
1,277,0.725922905713425,-0.4190959762957047,0.5453388832765624,-0.042252699448419355,-0.04225269944841929,0.06337904917262895,0.06337904784325943,1.3293695172444941e-09
1,278,-0.7995573533335679,0.44903039770927333,-0.3988480169980437,-0.041206316048246594,-0.04120631604824653,0.0618094740723698,0.061809472817753175,1.2546166258675662e-09
1,279,-0.5706965606775729,0.04329959905089067,-0.8200186463445946,-0.05957612945654456,-0.05957612945654448,0.08936419418481673,0.08936419243488203,1.7499346971483476e-09
1,280,0.15663004341282138,-0.9329110139188764,-0.3242592629507316,-0.07600055381515852,-0.07600055381515829,0.11400083072273744,0.11400082960966174,1.1130757010535675e-09
1,281,-0.5929236541747088,-0.4864785597791708,-0.6417009826977782,-0.0984058509287303,-0.09840585092873015,0.14760877639309525,0.1476087765905909,1.9749565871585162e-10
1,282,-0.6502790631718418,-0.5719666360111371,0.4999913072148907,-0.06758751642557072,-0.06758751642557055,0.10138127463835583,0.10138127420900034,4.293554956014134e-10
1,283,0.8955047538190191,-0.1542552176174571,-0.4174644460613729,-0.04183194409116762,-0.04183194409116751,0.06274791613675126,0.0627479165848932,4.4814194022357867e-10
1,284,-0.4108939975593609,-0.18435407691184788,-0.8928492017668317,-0.06910466255686687,-0.06910466255686674,0.10365699383530012,0.10365699271153161,1.1237685088039129e-09
1,285,-0.06386913620465165,-0.8934234201252167,-0.4446519153362912,-0.09159302659861698,-0.09159302659861679,0.13738953989792518,0.13738954002251447,1.245892833345863e-10
1,286,0.7525537310947846,-0.30760934981933385,0.5822708731501564,-0.047567128147875816,-0.04756712814787573,0.0713506922218136,0.07135068924579713,2.9760164749204066e-09
1,287,-0.2641360825802171,-0.7030521151453233,-0.6602649871595977,-0.09642275771918775,-0.09642275771918754,0.14463413657878132,0.144634135224031,1.354750311932662e-09
1,288,0.229429012410633,-0.11921634841560663,-0.9659967859857145,-0.042453576359195146,-0.04245357635919502,0.06368036453879254,0.06368036514770026,6.089077159154854e-10
1,289,0.6223361317089524,0.08513033626835612,0.778107039562279,-0.06980137452120058,-0.06980137452120046,0.10470206178180069,0.10470205952239908,2.259401610249512e-09
1,290,0.5805053498734136,-0.8092648185136432,-0.09002217662568568,-0.04447936625121444,-0.04447936625121429,0.06671904937682144,0.06671904972943565,3.526142156040635e-10
1,291,-0.2574487947030454,0.9624186801855859,-0.08643148810349287,-0.06021406361725416,-0.06021406361725398,0.09032109542588097,0.09032109365980645,1.7660745227354724e-09
1,292,-0.23891002809599146,-0.9516115426981022,-0.19328080680427268,-0.09984407115797347,-0.09984407115797325,0.1497661067369599,0.14976610646089128,2.7606861241480374e-10
1,293,0.3332980640232404,0.8575651383461852,0.3917836571523219,-0.10616777635354686,-0.10616777635354667,0.15925166453032003,0.15925166324537443,1.2849455943708676e-09
1,294,0.9604475229585384,0.21594372745405158,-0.17580916419816764,-0.06834475093888924,-0.0683447509388891,0.10251712640833366,0.1025171239565914,2.4517422536618483e-09
1,295,0.05571403682633877,0.9043581637972019,0.4231220363841461,-0.0911903299083509,-0.09119032990835069,0.13678549486252603,0.13678549543039153,5.678655046192915e-10
1,296,0.08360617158014111,0.30746183460852444,-0.9478803871443233,-0.03707368996934885,-0.037073689969348726,0.05561053495402309,0.05561053284530715,2.1087159449151294e-09
1,297,0.9971180490573873,0.07431534012107736,0.015258652190748382,-0.06589829797425859,-0.06589829797425849,0.09884744696138774,0.09884744689436786,6.701987576018809e-11
1,298,-0.2913906390860017,0.8199659649818903,-0.49269393311098186,-0.043783054935026926,-0.04378305493502676,0.06567458240254015,0.0656745810512227,1.3513174468293698e-09
1,299,-0.4046604710915589,-0.5921784078284584,-0.6968318566467162,-0.09730790706186884,-0.09730790706186868,0.14596186059280303,0.1459618606536317,6.082867543000248e-11
1,300,-0.8028609652023768,0.039374926014907816,-0.5948645944714045,-0.06492334522297412,-0.06492334522297405,0.09738501783446107,0.09738501671741062,1.1170504521373914e-09
1,301,-0.31620662800068755,-0.9485630898456917,0.015538114133609756,-0.09640956866952416,-0.09640956866952397,0.14461435300428596,0.14461435243751097,5.667749880533535e-10
1,302,0.4485837377746128,0.3687559481715945,-0.8141201882352666,-0.042565805093834126,-0.04256580509383399,0.06384870764075098,0.06384870548936661,2.1513843762033247e-09
1,303,-0.5888346687023718,-0.4357835656447732,0.6807102297219395,-0.05177558467247656,-0.05177558467247642,0.07766337700871463,0.07766337711823112,1.0951649309642875e-10
1,304,0.9799527592434945,-0.10664553643077394,0.16828344900926712,-0.05751545267926763,-0.05751545267926755,0.08627317901890133,0.0862731788786597,1.40241623869386e-10
1,305,-0.8228100219871894,0.12187057347025025,-0.5550956953890684,-0.05938944027050109,-0.059389440270501005,0.08908416040575151,0.08908416088138083,4.756293137120338e-10
1,306,-0.40884919625366145,0.7396445345572755,0.5345730045768178,-0.05579077659824846,-0.05579077659824829,0.08368616489737245,0.08368616216669622,2.7306762268031193e-09
1,307,-0.25290520167371316,-0.7928715226830229,-0.5544309763033476,-0.10021323775593305,-0.10021323775593281,0.15031985663389924,0.15031985517444113,1.4594581099203197e-09
1,308,0.11179623278685898,-0.9937126728696136,-0.006060207339237734,-0.07281538069360317,-0.07281538069360297,0.10922307104040445,0.10922307086547178,1.749326655753336e-10
1,309,-0.9926581317976347,-0.12023660995503387,0.013152604401815338,-0.06809624042412953,-0.06809624042412941,0.10214436063619413,0.10214436102495839,3.8876425689782224e-10
1,310,-0.47604756713531793,0.8192165548208694,0.3197857878830302,-0.05251009387743588,-0.052510093877435715,0.07876514081615357,0.07876514024340864,5.727449348125191e-10
1,311,0.7696923056568998,0.3315856751619203,0.5455499011456045,-0.09199282191798756,-0.0919928219179874,0.13798923287698112,0.13798923254038087,3.3660024767456775e-10
1,312,-0.5791018396566431,-0.7539273408366978,0.3102170595650686,-0.08459110200241494,-0.08459110200241476,0.12688665300362215,0.1268866553494341,2.3458119613462003e-09
1,313,0.9325042820712832,-0.13924515826060388,0.33323647732458733,-0.05760987822700412,-0.05760987822700406,0.08641481734050609,0.08641481696880504,3.717010449433289e-10
1,314,0.6982424934481364,0.4783752560361352,-0.5325547246581253,-0.0626163193170281,-0.06261631931702796,0.09392447897554194,0.09392447930522962,3.2968767993413195e-10
1,315,0.4287335548769411,0.8966643599362464,0.11036559492297587,-0.1052465424308478,-0.1052465424308476,0.15786981364627142,0.15786981583110204,2.1848306219762748e-09
1,316,0.19091844569516686,0.8601872726297243,-0.4728932258969014,-0.0646846690988637,-0.06468466909886349,0.09702700364829524,0.09702700171088097,1.9374142706807262e-09
1,317,-0.9030803828821282,0.21541914054292113,-0.37153790646610746,-0.053032599812187685,-0.05303259981218761,0.07954889971828141,0.0795488994120852,3.061962072781199e-10
1,318,0.3511134788846658,-0.347675017115298,-0.8693914005897372,-0.0458361024288392,-0.04583610242883904,0.06875415364325856,0.06875415237139748,1.2718610747919357e-09
1,319,0.6761603520852746,-0.05725111478151408,0.7345267102864207,-0.061371075219240956,-0.061371075219240866,0.09205661282886131,0.09205661094524586,1.8836154441759234e-09
1,320,0.2751388886664601,0.10704520693353556,-0.9554265621260181,-0.03739034270638055,-0.03739034270638043,0.05608551405957065,0.056085515398596186,1.3390255362843995e-09
1,321,-0.8623739664573935,0.06658217647099735,-0.5018744422192938,-0.06341031651998146,-0.06341031651998136,0.09511547477997204,0.09511547244267504,2.337296994836535e-09
1,322,-0.8375461517645323,-0.5096882615777879,0.19681036475306757,-0.08415458795014359,-0.08415458795014344,0.12623188192521517,0.1262318805039797,1.4212354626508272e-09
1,323,0.6463219880825468,0.6938710612969086,0.3175072251394068,-0.11028267118520682,-0.11028267118520665,0.16542400677781,0.16542400643748678,3.403232140541945e-10
1,324,0.21121334598364747,0.6516812677322542,-0.7284918995879598,-0.04784185091698591,-0.047841850916985736,0.0717627763754786,0.07176277627696237,9.8516236834989e-11
1,325,0.2584466417277892,0.9660107038429863,0.005352890845701494,-0.09474536730568658,-0.09474536730568639,0.14211805095852958,0.14211805066111083,2.974187562898578e-10
1,326,0.41059389799454954,0.30869428799430776,-0.8579746426843445,-0.03976826652809609,-0.03976826652809595,0.05965239979214393,0.059652398298748466,1.4933954628482127e-09
1,327,-0.521523131996827,0.09303381073396576,0.8481499471511724,-0.03720709538613587,-0.03720709538613574,0.05581064307920361,0.05581064083104437,2.248159242101977e-09
1,328,-0.5815831999832389,0.733383143270331,-0.3520087309488005,-0.03805350965091331,-0.038053509650913205,0.05708026447636981,0.0570802627386513,1.7377185107525506e-09
1,329,-0.5323118511779412,0.8340201121696545,0.14510184558450817,-0.04776932900789429,-0.04776932900789415,0.07165399351184124,0.07165399384945204,3.376108004271572e-10
1,330,0.5430919974060517,-0.2091621010900767,-0.8132049543756418,-0.03798157670086176,-0.037981576700861636,0.05697236505129245,0.05697236155066676,3.5006256920988577e-09
1,331,0.09221100521465762,-0.8128887933110209,-0.5750729868691928,-0.07876717681403168,-0.07876717681403148,0.11815076522104721,0.11815076278454129,2.4365059275721634e-09
1,332,0.4114298761849117,-0.9114403953214024,-0.001364829232474293,-0.052831932026274626,-0.052831932026274474,0.07924789803941172,0.07924789574564883,2.29376288796157e-09
1,333,-0.5413667832930478,-0.7901152623838534,0.2874715257117349,-0.08620938401122923,-0.08620938401122903,0.12931407601684355,0.12931407611382895,9.69853919396968e-11
1,334,-0.15068753109595875,0.6991673881108998,-0.6988978690584102,-0.04072970467890535,-0.04072970467890519,0.06109455701835778,0.06109455580327605,1.2150817296774363e-09
1,335,0.7146922215688845,0.6887784586258018,-0.12165222300474887,-0.09551919543217767,-0.0955191954321775,0.14327879314826628,0.14327879299669277,1.5157350374828127e-10
1,336,0.7150243335783671,0.6986149881205198,0.026025002673926743,-0.10297477992809397,-0.10297477992809381,0.15446216989214073,0.1544621694438142,4.483265425569982e-10
1,337,0.8707207195431026,0.47731806716214165,0.11837605889257792,-0.0960444343309911,-0.09604443433099097,0.14406665149648645,0.1440666488883302,2.6081562465307684e-09
1,338,-0.08546884645968988,-0.8395010963964707,0.536593873831945,-0.05670558558925787,-0.05670558558925768,0.08505837838388652,0.08505837839622998,1.234345958778249e-11
1,339,0.2920034537700002,0.8706594880841712,-0.39583587355796884,-0.07339770363078173,-0.07339770363078153,0.1100965554461723,0.110096555483441,3.726868813558326e-11
1,340,-0.1942674811027279,-0.3617388267504614,-0.9118142173750093,-0.07096182653066202,-0.07096182653066185,0.10644273979599278,0.10644273795712422,1.8388685574244334e-09
1,341,0.5881261947275261,-0.4439615956954024,0.6760219527670032,-0.04031885693034347,-0.0403188569303434,0.0604782853955151,0.060478286267873216,8.723581162994876e-10
1,342,-0.030706669910420255,-0.29225931877218075,-0.9558460080022478,-0.05909196573159869,-0.059091965731598535,0.0886379485973978,0.08863794698221739,1.6151804199671105e-09
1,343,0.687864457672796,0.3523377372795436,-0.6345869576025349,-0.05225241829935246,-0.05225241829935231,0.07837862744902847,0.07837862719961564,2.494128376051563e-10
1,344,-0.34417825641688876,-0.5391161756324555,0.7686969994615992,-0.04655428155862996,-0.0465542815586298,0.0698314223379447,0.06983141981331542,2.5246292834069095e-09
1,345,-0.9591982288547106,-0.12535561337531068,0.2534259812199328,-0.05990631510361568,-0.05990631510361556,0.08985947265542335,0.08985947125284,1.4025833550146416e-09
1,346,0.5448331253202969,0.2282032630469979,-0.8068953688604368,-0.04071685894438877,-0.04071685894438863,0.06107528841658295,0.06107528510712612,3.309456826638968e-09
1,347,0.19750279410262625,0.8781133746684145,-0.43578612592658816,-0.06739387305500334,-0.06739387305500315,0.10109080958250473,0.10109080933462522,2.478795085858465e-10
1,348,-0.4229683029225927,0.8765892986885883,-0.22954088121167213,-0.04636339270063282,-0.04636339270063269,0.06954508905094904,0.06954508774414947,1.3067995713322844e-09
1,349,0.12918073768795177,0.9386015145292068,-0.3199055078204747,-0.07176666448986146,-0.07176666448986127,0.1076499967347919,0.1076499958618804,8.72911506966112e-10
1,350,0.4092183401767087,0.3281135122892263,0.8513999489759483,-0.07905327518486994,-0.07905327518486982,0.11857991277730473,0.11857991116803746,1.6092672749934422e-09
1,351,-0.20588028877762463,-0.8303964646956227,-0.5177402998742259,-0.09888896924872159,-0.09888896924872136,0.14833345387308206,0.14833345246545449,1.4076275700602991e-09
1,352,0.17213559243259513,-0.6616788898750866,0.729760498048197,-0.039247953655515186,-0.03924795365551505,0.05887193048327257,0.05887193094133991,4.580673410026215e-10
1,353,-0.18083514007242646,0.3748398314383792,-0.9092819985473338,-0.0378989540700213,-0.03789895407002121,0.056848431105031814,0.05684843012998542,9.750463977886703e-10
1,354,-0.8604383227086623,0.019284456659601885,0.5091895546313259,-0.04406294080309988,-0.04406294080309976,0.06609441120464965,0.06609440911242714,2.0922225063557676e-09
1,355,-0.2098649571297278,-0.7677799152347694,-0.605368236308305,-0.09656240222307198,-0.09656240222307179,0.1448436033346077,0.14484360238986582,9.447418680696984e-10
1,356,-0.13241318023308166,-0.09191898105953014,0.986923325604142,-0.03920829262089464,-0.03920829262089453,0.0588124389313418,0.05881243825278659,6.785552050803112e-10
1,357,-0.18575619602763616,0.030423500820564723,0.9821247610335275,-0.041046678596102386,-0.04104667859610227,0.0615700178941534,0.06157001575246568,2.141687723000718e-09
1,358,-0.48436876372257265,0.5144223349256102,-0.7076415491331399,-0.03790794939347948,-0.037907949393479405,0.05686192409021911,0.056861923503070955,5.871481564834191e-10
1,359,-0.6362690996287587,-0.6566394534063222,0.40495217135836575,-0.07641927354856574,-0.07641927354856556,0.11462891032284835,0.1146289105302678,2.0741945661040262e-10
1,360,-0.8122000684814265,-0.21313528827384742,0.5430510083327258,-0.051822364346726206,-0.051822364346726095,0.07773354652008915,0.077733545988945,5.311441564348485e-10
1,361,-0.4090158811131009,0.9096506614703284,-0.07239946880929297,-0.05125811125752669,-0.05125811125752654,0.07688716688628981,0.07688716469056445,2.1957253654170117e-09
1,362,-0.6452241737976013,-0.4740026784878331,0.5991721174533764,-0.05808594799541457,-0.05808594799541441,0.08712892199312162,0.08712891935713785,2.635983778476181e-09
1,363,-0.7682185392617794,0.1876591382040922,-0.6120656204877015,-0.05458255658847635,-0.05458255658847629,0.08187383488271445,0.08187383410129812,7.814163344166403e-10
1,364,0.8415976322348636,-0.5395704667684896,0.024023671823960143,-0.03742218861970222,-0.03742218861970213,0.0561332829295532,0.056133282744230684,1.8532251427894053e-10
1,365,-0.20981222084983614,-0.9282681841573922,-0.3070781826558142,-0.10014971771529128,-0.10014971771529105,0.15022457657293659,0.15022457722224658,6.493099946602854e-10
1,366,0.09991525312359742,-0.8836068461602626,-0.45744495145532144,-0.08009118085306455,-0.08009118085306431,0.12013677127959647,0.12013677136435419,8.47577147355949e-11
1,367,-0.3072614731612357,-0.2546571173256562,0.9169188293988592,-0.03743954540452383,-0.0374395454045237,0.056159318106785545,0.056159317474158144,6.326274018531031e-10
1,368,-0.9089872976946434,0.03942353312522913,-0.4149552718856741,-0.06513067174699681,-0.06513067174699672,0.09769600762049507,0.0976960068399535,7.805415758177503e-10
1,369,0.3738788010712995,0.18013807698488637,0.9098158689150649,-0.06731072863248011,-0.06731072863248,0.10096609294872,0.10096609243115395,5.17566045576956e-10
1,370,-0.20089373925447657,0.8906609791863903,0.40787832215391717,-0.07280597757902678,-0.0728059775790266,0.1092089663685399,0.10920896548194392,8.865959771897636e-10
1,371,-0.7681529448995257,0.23594476567173378,-0.5952067882629507,-0.05167342180571384,-0.05167342180571375,0.07751013270857063,0.07751013025858455,2.4499860751259206e-09
1,372,-0.9218795133170197,0.3038456533577802,0.24044954119723067,-0.04037057539178521,-0.04037057539178509,0.06055586308767764,0.06055586171394012,1.373737519572149e-09
1,373,-0.09151503958708024,0.3197318912935196,0.9430782126733943,-0.055076745969400355,-0.0550767459694002,0.08261511895410031,0.08261511891261009,4.149022791999357e-11
1,374,-0.028872967928120375,-0.6367566945010408,0.7705240189190277,-0.041823565350657295,-0.041823565350657135,0.06273534802598571,0.06273534886025445,8.342687374263136e-10
1,375,-0.9883164719688851,0.13385956573577307,0.07288462043535852,-0.050900434296927546,-0.050900434296927435,0.07635065144539116,0.0763506521894719,7.440807414660355e-10
1,376,0.2737178169777666,0.4491429303435405,-0.8504993737748097,-0.040754829422239396,-0.04075482942223924,0.06113224413335887,0.06113224232384695,1.8095119153072048e-09
1,377,-0.201432100262069,0.22072020785245347,-0.9543100643027829,-0.04171050423465555,-0.04171050423465545,0.06256575635198318,0.06256575535434905,9.976341280859558e-10
1,378,0.5707335551089138,0.6649491944136955,0.48177357536639315,-0.10851206603088344,-0.10851206603088323,0.16276809904632486,0.16276809899906652,4.725833613328234e-11
1,379,0.11193643358606568,-0.3151808431057003,0.9424071683594158,-0.038194116433598574,-0.03819411643359846,0.057291174650397694,0.05729117319441812,1.455979573017352e-09
1,380,-0.6207485643646108,0.12679626263060897,0.7736885210614051,-0.037039912065640675,-0.03703991206564055,0.05555986809846083,0.0555598664297996,1.6686612300254033e-09
1,381,0.46730256649703567,-0.8660824909909532,0.17756528417511389,-0.04552215021717751,-0.04552215021717736,0.06828322532576604,0.0682832235199271,1.8058389367192618e-09
1,382,0.9271702668343671,0.08020314778609795,-0.3659545755739228,-0.05320480222634684,-0.05320480222634672,0.07980720333952009,0.07980720112543693,2.214083152929369e-09
1,383,-0.15245993749749975,-0.8604396002773971,0.48620948338420095,-0.06240092891657364,-0.06240092891657346,0.09360139337486019,0.09360139330283346,7.2026731801067e-11
1,384,0.07730697576867279,0.5179353040491529,0.8519193930865839,-0.0744217200151072,-0.07442172001510701,0.11163258002266052,0.11163257679358551,3.2290750073826757e-09
1,385,0.6864120804931805,-0.5436441775864639,0.4830004802578988,-0.038256871757212374,-0.038256871757212305,0.05738530763581846,0.05738530761689731,1.8921149369521828e-11
1,386,0.987568399767225,-0.12368623410518848,0.09700706816556813,-0.05513657122930832,-0.05513657122930827,0.08270485684396241,0.0827048540763542,2.7676082120509093e-09
1,387,0.3393020374589119,-0.6890773040576396,-0.6403488083918688,-0.058461006220455775,-0.05846100622045558,0.08769150933068337,0.08769150822152127,1.1091620955028247e-09
1,388,0.16658522292580633,0.5943839679566713,0.7867382424535129,-0.08422134060385833,-0.08422134060385814,0.12633201090578722,0.12633201013079187,7.749953456759329e-10
1,389,0.30674319532412714,0.5829805677417473,-0.7523578070026616,-0.047505111196557356,-0.0475051111965572,0.0712576667948358,0.07125766504634257,1.7484932390843255e-09
1,390,-0.5089628674001198,-0.04391600755104899,0.8596674844895695,-0.03719051953581921,-0.037190519535819075,0.05578577930372861,0.05578577877418667,5.295419450157546e-10
1,391,0.4465466970656903,0.7990395960377683,0.4026558968940138,-0.10947864438269336,-0.10947864438269315,0.16421796657403975,0.16421796700250013,4.2846037828780936e-10
1,392,-0.4760570327663227,0.8491965081525523,0.2285497584668086,-0.052080143965908425,-0.052080143965908265,0.0781202159488624,0.07812021446396145,1.4849009521977763e-09
1,393,0.17887251066811818,0.9027846940008695,-0.3911322298213745,-0.0695702457982348,-0.06957024579823459,0.10435536869735189,0.10435536740294182,1.2944100652445556e-09
1,394,-0.05402942702011622,0.4989003717730034,-0.8649735487635658,-0.03742404975618598,-0.037424049756185865,0.0561360746342788,0.056136073567358835,1.0669199621005099e-09
1,395,0.5004987114770638,-0.2886693003493303,-0.8161930377341055,-0.039953275562450374,-0.03995327556245024,0.05992991334367537,0.05992991242154133,9.221340357967733e-10
1,396,-0.2208716189196526,0.9083252269730356,-0.3551915117231759,-0.052226045925444,-0.05222604592544382,0.07833906888816573,0.07833906717769068,1.7104750532626056e-09
1,397,0.9116835984575986,-0.2414063808082655,0.332499587380885,-0.05120100390706924,-0.05120100390706915,0.07680150586060373,0.07680150543309949,4.2750424034121437e-10
1,398,0.7855139635982863,-0.6067246248945812,-0.12187305911742653,-0.037280602040748505,-0.037280602040748394,0.055920903061122594,0.055920902630735014,4.3038757974178665e-10
1,399,-0.022572582922318347,0.9948575702038056,0.09873648519364514,-0.0816287551864601,-0.0816287551864599,0.12244313277968985,0.12244313202236512,7.573247307046671e-10
1,400,0.13824192974715985,-0.8769622036409395,-0.4602460887883879,-0.07722747203531355,-0.07722747203531335,0.11584120805297003,0.115841207459777,5.93193036357853e-10
1,401,-0.8882747397776065,0.4036097384444304,-0.21924225346826717,-0.0422150590753567,-0.04221505907535661,0.06332258861303491,0.06332258745134212,1.1616927975133251e-09
1,402,-0.7038392293773695,0.6764947487085672,0.21671454533372475,-0.03962415005066525,-0.039624150050665115,0.059436225075997676,0.05943622399806614,1.0779315356979069e-09
1,403,0.9944569451386343,-0.10506719724801122,-0.004033401540006889,-0.05410562102409725,-0.05410562102409717,0.08115843153614576,0.08115842997646894,1.5596768182524201e-09
1,404,-0.7303466505222316,-0.3558259006736974,-0.5830794958500164,-0.09305069996731097,-0.09305069996731082,0.13957604995096623,0.13957604932945955,6.215066794545976e-10
1,405,-0.9444569236065438,0.325375692583642,0.046171182867439806,-0.04246431021403427,-0.042464310214034184,0.06369646532105128,0.06369646615711488,8.360636072346495e-10
1,406,0.6508908565443307,-0.061991736803409137,-0.7566360534861423,-0.03748784013032081,-0.0374878401303207,0.056231760195481054,0.056231759526514935,6.68966118611003e-10
1,407,-0.5492315974641945,0.21058240247557714,0.8087024818278618,-0.03791866318355826,-0.03791866318355813,0.0568779947753372,0.056877995369131185,5.937939862032948e-10
1,408,0.8719142411711436,-0.4824128102636826,0.08392518416092351,-0.0387458341032864,-0.03874583410328631,0.05811875115492947,0.05811875009031908,1.0646103859590639e-09
1,409,-0.12836902837438396,-0.9915448652979383,-0.01897821528779846,-0.08843878023692686,-0.08843878023692663,0.13265817035538996,0.1326581705596297,2.0423973623451275e-10
1,410,-0.7340782089301083,0.5246253849412228,-0.43115819445910814,-0.03877348887611905,-0.03877348887611897,0.05816023331417846,0.0581602335736342,2.594557416135679e-10
1,411,0.0529354817575084,0.9655705981519644,0.2546983603315066,-0.09006917671929897,-0.09006917671929875,0.13510376507894814,0.1351037628993801,2.179568053817249e-09
1,412,-0.6203047534949769,-0.4763888845659885,-0.6231176802607267,-0.09865263309134768,-0.09865263309134756,0.14797894963702135,0.147978949927019,2.8999763701520465e-10
1,413,0.39205130284889783,0.32982709030751767,0.8587839463064959,-0.07838408429967271,-0.07838408429967256,0.11757612644950884,0.1175761266125619,1.630530571672395e-10
1,414,-0.8929225136596596,0.4280865342268088,0.13939621161779978,-0.038359201660342096,-0.038359201660342,0.057538802490513,0.05753880288894564,3.984326410466643e-10
1,415,-0.08005128599263965,0.39915561505588293,0.9133819499969792,-0.0595174117763869,-0.05951741177638675,0.08927611766458013,0.08927611566678095,1.9977991760899982e-09
1,416,-0.49477031045306413,0.39990473388710673,-0.7715429629702165,-0.04068423354748399,-0.0406842335474839,0.06102635032122585,0.061026349251758205,1.0694676463862685e-09
1,417,0.1657460143018295,0.7642747369548596,0.6232273944521678,-0.09369578148445987,-0.09369578148445967,0.1405436722266895,0.1405436725332443,3.065547815594982e-10
1,418,0.7604027393228059,0.16562433038328758,-0.627977909814876,-0.046330149146440784,-0.046330149146440645,0.06949522371966098,0.06949522207699843,1.6426625476517742e-09
1,419,0.6906914013299982,-0.5302662588160852,-0.49169409482929116,-0.03920427320261319,-0.039204273202613056,0.05880640980391959,0.05880641112954166,1.3256220704471744e-09
1,420,-0.7888230285076623,0.4549932115416727,-0.4132062525507021,-0.04099809675828199,-0.04099809675828192,0.06149714513742288,0.061497144876465626,2.6095725580432827e-10
1,421,-0.6651562957128505,-0.46598001650167004,-0.5834635605542666,-0.09928951876332691,-0.09928951876332678,0.1489342781449902,0.148934277410806,7.341841856689513e-10
1,422,0.9167000730683879,-0.3554421281626722,0.18254278830894105,-0.043943202886379776,-0.0439432028863797,0.06591480432956956,0.06591480278261841,1.5469511505106226e-09
1,423,-0.6254253098580309,0.3825974950575352,-0.6800458356351322,-0.042824534152219255,-0.042824534152219186,0.06423680122832878,0.0642368006009697,6.27359081351031e-10
1,424,0.7297794446674547,0.09654129338840267,0.6768321363615619,-0.07353882136439203,-0.07353882136439192,0.11030823204658789,0.11030823199309481,5.349308496160887e-11
1,425,-0.05044943755472558,-0.8012012891242519,-0.5962644954682852,-0.08794098976435868,-0.08794098976435849,0.13191148464653774,0.13191148451330292,1.3323481207194732e-10
1,426,0.6462883345815681,-0.6684758184377403,-0.3680373197758297,-0.04211008347571774,-0.042110083475717604,0.06316512521357641,0.06316512451975953,6.93816878949427e-10
1,427,0.6259108969088508,-0.7773096416829082,0.06344501617579425,-0.04055441981164871,-0.0405544198116486,0.0608316297174729,0.0608316272354692,2.482003699788571e-09
1,428,0.40851616749366765,-0.9126888601809315,-0.010657645045585655,-0.053215194366993845,-0.05321519436699369,0.07982279155049055,0.07982278865670267,2.8937878759904834e-09
1,429,-0.5018339438573908,-0.7826437729022386,-0.3682817094696481,-0.11061492335187992,-0.1106149233518797,0.16592238502781956,0.16592238555324101,5.254214563432669e-10
1,430,0.11832189972176436,-0.3513541516706788,0.9287358010489368,-0.03772948194689376,-0.03772948194689365,0.05659422292034048,0.056594222364036995,5.563034824462854e-10
1,431,-0.8368408812707236,0.546051772334272,-0.039048705031525896,-0.037392781553805494,-0.037392781553805404,0.056089172330708106,0.056089173583462326,1.2527542198048636e-09
1,432,0.6496151428077013,-0.7563850366152269,0.07669317192235284,-0.03955495018486631,-0.039554950184866204,0.05933242527729931,0.05933242369637881,1.5809204986783065e-09
1,433,-0.9479018182316361,0.25783256300740515,0.1870949289697372,-0.042799538159681724,-0.04279953815968161,0.06419930723952243,0.06419930559387055,1.6456518786567287e-09
1,434,0.42392410966437655,-0.02121613851430394,-0.905449183947839,-0.03736648945151739,-0.037366489451517264,0.0560497341772759,0.05604973291051252,1.2667633816909607e-09
1,435,-0.3722185010073164,-0.891373125803822,0.2586645281104273,-0.08510563311199902,-0.08510563311199881,0.12765844966799822,0.12765844908946278,5.785354417753297e-10
1,436,0.3997466603923513,-0.13278547610358224,-0.9069567932603554,-0.039071217785957846,-0.039071217785957714,0.058606826678936574,0.058606826336404794,3.4253178071708135e-10
1,437,-0.3786174529692834,0.5039673031394476,0.7763155168315293,-0.04999621446652253,-0.049996214466522367,0.07499432169978355,0.07499432047586296,1.223920589876748e-09
1,438,0.9538922838326745,0.2992282408908097,-0.023494056650047793,-0.07965843652318531,-0.07965843652318519,0.11948765478477778,0.11948765310521026,1.6795675267244903e-09
1,439,0.47176689041955483,0.5933319256600645,0.652221762206984,-0.10062282346741099,-0.10062282346741078,0.15093423520111618,0.15093423455514454,6.459716372919644e-10
1,440,0.1843295510257295,-0.44066827953808635,0.8785408835265415,-0.03722156993054582,-0.0372215699305457,0.05583235489581855,0.05583235401784847,8.779700785832567e-10
1,441,-0.7178652271616401,0.6900868856194767,-0.09192173806112436,-0.03764407491473594,-0.03764407491473583,0.05646611237210374,0.056466110953667936,1.418435806310736e-09
1,442,0.5887735314296472,0.45074078134628226,0.6709534087544421,-0.09571570010825797,-0.0957157001082578,0.1435735501623867,0.14357354888305807,1.2793286430223816e-09
1,443,0.6876057986676168,-0.7094247639188801,0.15464401047990792,-0.03781139245186524,-0.037811392451865135,0.056717088677797706,0.05671708658283592,2.094961787380001e-09
1,444,0.5711890231779128,-0.7939525731425419,0.20828444829463083,-0.04046429280158869,-0.04046429280158858,0.06069643920238287,0.060696438153318155,1.049064717040249e-09
1,445,-0.26948291473200015,-0.013952100088993977,0.9629040957284647,-0.03860488667016075,-0.03860488667016063,0.05790733000524095,0.05790732893196093,1.073280020413847e-09
1,446,0.5305830723759156,-0.4594738351924443,-0.7122958641475329,-0.042768085911089916,-0.04276808591108977,0.06415212886663466,0.06415212805421788,8.124167727441289e-10
1,447,0.23704372752634653,-0.6317129428857703,-0.7380711544499046,-0.062225831614498066,-0.06222583161449788,0.09333874742174682,0.0933387464541191,9.676277140657774e-10
1,448,-0.9916519409465229,-0.052246326112500165,-0.11788447490971903,-0.06711009690435808,-0.06711009690435799,0.10066514535653698,0.10066514566364759,3.071106147167768e-10
1,449,-0.469829409320832,0.24261003061195746,0.8487642188403698,-0.039742265578232724,-0.03974226557823259,0.05961339836734889,0.059613397551672165,8.156767275502297e-10
1,450,0.7380697456899695,-0.4718773103366552,-0.48227052002645543,-0.03773202718600629,-0.03773202718600615,0.05659804077900923,0.056598038755684144,2.0233250838663785e-09
1,451,0.5262715153609582,-0.2670780978884739,-0.80728407747704,-0.03904369077424892,-0.03904369077424878,0.05856553616137317,0.0585655357543402,4.070329698291353e-10
1,452,0.4633808322096105,-0.8657173967606046,-0.1892395130166291,-0.052560846779062594,-0.05256084677906243,0.07884127016859364,0.07884126823620718,1.9323864591802575e-09
1,453,-0.2572140453115001,-0.23992068256052218,0.9360977518262645,-0.037095594271322134,-0.037095594271322016,0.055643391406983024,0.05564339128349971,1.2348331385192424e-10
1,454,-0.8485840497285805,-0.472537607624391,-0.23793553733492392,-0.0990076793087573,-0.09900767930875719,0.1485115189631358,0.14851151836081655,6.023192500315133e-10
1,455,0.2496919969564807,0.7621962998658732,-0.5972526325824413,-0.05782401784462171,-0.057824017844621524,0.08673602676693229,0.08673602530651081,1.4604214781943625e-09
1,456,-0.6262945938113463,-0.1527585280830118,0.7644736188127046,-0.040788070092609006,-0.04078807009260888,0.061182105138913326,0.06118210521544043,7.652710409811192e-11
1,457,0.9901195440722675,0.0018903748751258535,0.1402131054108594,-0.06416210835092546,-0.06416210835092538,0.09624316252638808,0.09624316205103511,4.753529653234168e-10
1,458,0.5413970373244652,-0.7949108468107317,0.2738722212984313,-0.04035526440602114,-0.04035526440602102,0.06053289660903153,0.060532895362896966,1.2461345635927934e-09
1,459,0.3551572755021059,-0.918676234912304,-0.17290831404323645,-0.05976674417943271,-0.05976674417943255,0.08965011626914883,0.08965011649708643,2.279375993508026e-10
1,460,-0.5609315583930101,0.5881234950624357,0.5826375728995977,-0.044500317284440385,-0.04450031728444023,0.06675047592666035,0.06675047459214767,1.3345126809172214e-09
1,461,-0.43944605751110954,-0.8961471611754237,0.06170436009855136,-0.09840152181949077,-0.09840152181949054,0.1476022827292358,0.14760228178589685,9.433389625002064e-10
1,462,0.5134340355994397,0.19099859687293372,0.8366032674336408,-0.07363341349644631,-0.07363341349644617,0.11045012024466926,0.11045011988342068,3.612485727222392e-10
1,463,0.2704495580280387,-0.5006892598460307,-0.8222939265477232,-0.05493421289236848,-0.05493421289236831,0.08240131933855246,0.08240131910142168,2.371307872284234e-10
1,464,-0.48119349104120224,-0.8707427305535397,0.10129126994833398,-0.09726880673921805,-0.09726880673921785,0.1459032101088268,0.1459032117345771,1.625750312150842e-09
1,465,0.10533279236183583,0.6679031472010337,0.7367566686581214,-0.08485898389353462,-0.08485898389353444,0.12728847584030167,0.12728847559317913,2.4712254464986927e-10
1,466,-0.8658278718448652,-0.030959232822351315,-0.4993832418490265,-0.07049411425596429,-0.0704941142559642,0.10574117138394631,0.10574116998673944,1.3972068779732894e-09
1,467,-0.09115384803622732,-0.9894372818501876,-0.11271575432520771,-0.08935542467633009,-0.0893554246763299,0.13403313701449485,0.13403313736670697,3.5221212058011986e-10
1,468,-0.9714646967732733,-0.025866165292961322,-0.23576955786583123,-0.06770434125578692,-0.06770434125578681,0.10155651188368021,0.10155651181120717,7.247304145696631e-11
1,469,0.6428503768885201,-0.7369578577292661,-0.20889353476203693,-0.04223150094078579,-0.04223150094078566,0.0633472514111785,0.06334725105583416,3.553443372883436e-10
1,470,-0.5211136679980843,-0.7166269065704207,0.46355843407804787,-0.0724106338513585,-0.07241063385135828,0.10861595077703742,0.10861594818001308,2.5970243455741837e-09
1,471,-0.10235813604022888,0.84417367223241,-0.5262068253985475,-0.04986604911125754,-0.049866049111257374,0.07479907366688607,0.07479907387919482,2.1230875391076154e-10
1,472,0.5132653451763263,-0.5060416952050115,-0.6931669987492659,-0.04449191554232293,-0.04449191554232276,0.06673787331348414,0.06673787356081817,2.4733402825827255e-10
1,473,0.4526829887101902,0.8815674835438736,-0.1338539640448949,-0.0948519603979748,-0.09485196039797461,0.14227794059696192,0.14227793943000222,1.1669596955421468e-09
1,474,-0.5404694767101929,0.8350740188630977,0.10268460334658266,-0.04681170161659453,-0.046811701616594384,0.07021755242489158,0.07021755121794371,1.2069478749765494e-09
1,475,0.2703181935223511,-0.7610631831627025,0.5896701666907251,-0.04122630766421808,-0.04122630766421793,0.061839461496326895,0.06183946271720586,1.2208789673673337e-09
1,476,0.9034893472964867,0.23289191373699172,0.3598171144313317,-0.08471813053091373,-0.08471813053091361,0.12707719579637042,0.12707719321269906,2.5836713601901096e-09
1,477,0.5812388383729559,0.3834116041776732,-0.7177443518055439,-0.04830769393716517,-0.04830769393716501,0.07246154090574752,0.07246154093420998,2.846245461540775e-11
1,478,-0.25063233218534686,0.09246338771842406,-0.9636565550002585,-0.047707177009979174,-0.04770717700997908,0.07156076551496864,0.07156076425873792,1.2562307166730236e-09
1,479,0.5261441529289109,-0.7265215601097449,-0.4419714391614251,-0.04873179086668984,-0.04873179086668967,0.0730976863000345,0.0730976834617536,2.8382809019733557e-09
1,480,-0.9379063683675335,-0.21862188137217203,-0.26932529989014514,-0.08232451163973596,-0.08232451163973588,0.12348676745960382,0.12348676664553082,8.140730034522647e-10
1,481,0.5394048021930146,-0.35411065508904316,-0.7639686533644713,-0.040289382241968846,-0.04028938224196871,0.06043407336295306,0.0604340730236963,3.392567615723152e-10
1,482,-0.9691443113916011,0.11325710356070086,0.2189340818382101,-0.04834565695519943,-0.048345656955199344,0.07251848543279903,0.072518484273143,1.1596560239857112e-09
1,483,0.6457983527969757,-0.46827563784861104,-0.6030442890221158,-0.03956826564239405,-0.039568265642393914,0.059352398463590875,0.05935239660859182,1.8549990571381514e-09
1,484,-0.6840782622541585,-0.7124631699616046,-0.1563111082412009,-0.10792465608712391,-0.10792465608712373,0.1618869841306856,0.16188698576113936,1.630453744239091e-09
1,485,-0.04330674912986013,-0.9271596199601311,-0.3721552963417139,-0.09043734568726824,-0.09043734568726801,0.13565601853090203,0.13565601836296182,1.6794021728827602e-10
1,486,-0.23879258664365385,0.9208412052213627,-0.3082686739363913,-0.053209363723212076,-0.05320936372321191,0.07981404558481787,0.07981404426260497,1.322212908605458e-09
1,487,0.8473516426696994,0.26913863497678203,-0.4577767893065316,-0.05835921502454744,-0.05835921502454731,0.08753882253682096,0.08753882063672336,1.9000976070326914e-09
1,488,0.45526266305911217,0.3844046415082125,0.803099607278741,-0.08521804503039197,-0.0852180450303918,0.12782706754558773,0.1278270655991065,1.946481226200447e-09
1,489,-0.1760584169245962,0.7740784454630492,0.6081167602521037,-0.07172266929545391,-0.07172266929545373,0.1075840039431806,0.1075840028175179,1.1256627019395893e-09
1,490,-0.3108833218935132,-0.8177754283995623,0.4843499859341039,-0.06763473715515228,-0.06763473715515209,0.10145210573272813,0.10145210366241386,2.0703142672440222e-09
1,491,-0.01914918507214818,0.9165097722597549,0.3995536835813739,-0.0861757076793182,-0.08617570767931801,0.12926356151897703,0.12926356235398728,8.350102553844607e-10
1,492,-0.04944864346718718,0.679014730477241,0.7324573895143489,-0.0757803328194916,-0.07578033281949141,0.11367049922923712,0.11367049940202989,1.7279276620651984e-10
1,493,-0.9374291312554112,-0.13742912010684227,-0.31990601873110236,-0.07716774501815757,-0.07716774501815747,0.11575161752723621,0.11575161801280487,4.855686547289295e-10
1,494,-0.36766863932322597,0.8814027325476042,0.29656195763419163,-0.06010891928964564,-0.060108919289645436,0.09016337893446816,0.09016337815248576,7.819823955035332e-10
1,495,0.4951138339713732,-0.5106982894095845,-0.7028865830304998,-0.04530729144213883,-0.045307291442138686,0.06796093716320803,0.06796093549032989,1.6728781415675797e-09
1,496,0.9521552312551894,-0.2989731450753437,0.06336776875616172,-0.045112332902308504,-0.04511233290230845,0.06766849935346268,0.06766849858230728,7.71155403422874e-10
1,497,0.5604269511830271,0.09099763086426202,0.8231895672108511,-0.0682393475733491,-0.06823934757334897,0.10235902136002346,0.1023590198712121,1.4888113658573232e-09
1,498,-0.4741556837962665,-0.8312724011638354,0.2901078809460481,-0.08531307896758844,-0.08531307896758825,0.12796961845138238,0.1279696168476896,1.603692789675648e-09
1,499,0.33710955348773314,0.5660041486877349,-0.7523273573488962,-0.047742044810789766,-0.047742044810789606,0.07161306721618442,0.07161306686542801,3.5075641002801916e-10
1,500,0.6936808176977654,0.717294506517579,-0.06554017148179048,-0.09923589015201113,-0.09923589015201097,0.14885383522801646,0.1488538362015568,9.73540331683509e-10
1,501,0.554467650314605,-0.8126298961979913,0.1794387822067536,-0.04159223058711454,-0.04159223058711441,0.06238834588067161,0.06238834587835029,2.3213167499314125e-12
1,502,0.8686235168832385,0.49114614239536536,0.06533492731721614,-0.09503877052448045,-0.09503877052448031,0.1425581557867205,0.14255815555808127,2.2863921866900228e-10
1,503,0.3109616750860306,0.7599189495247649,-0.5708117262117762,-0.06119246308979707,-0.06119246308979689,0.09178869463469534,0.09178869470050088,6.58055415714287e-11
1,504,0.20386608300953032,0.9789973549030055,0.001673108266036704,-0.09189158989043666,-0.09189158989043646,0.1378373848356547,0.13783738456174532,2.739093674097859e-10
1,505,0.15335883376675635,0.9051652251280868,0.3964303007144131,-0.0973316826055324,-0.0973316826055322,0.14599752390829832,0.14599752379274022,1.1555809087404612e-10
1,506,0.9592795546233838,0.27923186543985845,-0.04257113346552221,-0.07762879952462405,-0.0776287995246239,0.11644319928693585,0.11644319813930437,1.1476314759617523e-09
1,507,0.05592350913494411,0.21450484098002998,-0.9751206255239224,-0.0380566063782325,-0.03805660637823239,0.05708490956734859,0.057084907634230575,1.9331180128867587e-09
1,508,-0.37651734568731343,-0.5325523862041104,-0.7580386826177727,-0.09186869461681227,-0.09186869461681212,0.1378030419252182,0.1378030425880361,6.62817911667446e-10
1,509,-0.8978876568675108,0.30044382270797765,-0.321762746509891,-0.04779724027964486,-0.0477972402796448,0.0716958604194672,0.07169586035971065,5.975654693290977e-11
1,510,-0.9105549234540953,0.41236568653696326,0.029056358003121254,-0.03973456908813011,-0.03973456908813003,0.05960185363219504,0.059601852619994844,1.0122001986578866e-09
1,511,-0.8247327971257435,0.01333301635248892,-0.5653654075198549,-0.06702667338482171,-0.06702667338482161,0.10054001007723243,0.10054001103876331,9.61530882692685e-10
2,0,0.07994097314151603,0.9670112894425793,0.24186485255982865,-0.06008318673248199,-0.0600831867324819,0.09012478009872285,0.09012478680014979,6.7014269411469485e-09
2,1,-0.3850381832539184,-0.3081996989292232,-0.8699186990842639,-0.04318045347048673,-0.04318045347048668,0.06477068020573003,0.06477068742460901,7.218878980697063e-09
2,2,-0.9610481829407767,-0.2763695598897477,-0.002501286184876053,-0.058977155483801176,-0.05897715548380113,0.0884657332257017,0.08846574167664656,8.450944860571852e-09
2,3,0.5638153266571189,-0.7630558110106519,0.3160033333833719,-0.06875510713940197,-0.06875510713940192,0.10313266070910287,0.10313266768369189,6.974589017438859e-09
2,4,-0.294935410042372,0.3425590834299921,-0.8920013331059218,-0.03708134988888712,-0.03708134988888702,0.05562202483333053,0.0556220319802847,7.146954174308551e-09
2,5,-0.5906968489106179,-0.7095215024341379,0.3842609403395958,-0.041057788535479416,-0.041057788535479235,0.061586682803218856,0.06158669269007433,9.88685547320678e-09
2,6,-0.5261488182312462,-0.844040491665486,-0.10374521436166487,-0.03792975710287962,-0.03792975710287951,0.05689463565431927,0.05689464177560666,6.121287386695595e-09
2,7,-0.9634838104799899,-0.08979222816850452,0.2522623687819774,-0.07996408899369359,-0.07996408899369356,0.11994613349054034,0.11994614329546849,9.804928147172376e-09
2,8,-0.18376379278112157,0.5933921855635218,0.7836559082753372,-0.08493039636830808,-0.08493039636830803,0.12739559455246205,0.12739560378838277,9.235920722661106e-09
2,9,0.7517632831424873,0.6592778879845428,0.014304982819602581,-0.03969942877019398,-0.03969942877019387,0.05954914315529081,0.05954915310857345,9.953282642527483e-09
2,10,-0.6960227402290328,0.11285803011443069,0.7090947821855402,-0.09530506193818858,-0.09530506193818851,0.14295759290728277,0.14295760547566871,1.256838594310139e-08
2,11,0.17482660603308317,0.6487625886723665,-0.7406367269870453,-0.038323985802621204,-0.038323985802621016,0.057485978703931524,0.05748598957966422,1.0875732696369322e-08
2,12,-0.2876458264934003,0.3481108187749796,-0.892232445247729,-0.037090661475579705,-0.037090661475579614,0.05563599221336942,0.05563599997371327,7.76034384669666e-09
2,13,0.15748253469544668,-0.5795450113724473,-0.7995791587198903,-0.0827340974096838,-0.08273409740968375,0.12410114611452563,0.1241011557406857,9.626160063502809e-09
2,14,0.6476727623575406,0.07658851540035302,0.7580594912069386,-0.03742843843782223,-0.03742843843782214,0.056142657656733215,0.05614266690434633,9.247613112772779e-09
2,15,0.06760076758330746,0.5770305019327133,-0.8139201042248733,-0.03821757073664764,-0.038217570736647465,0.0573263561049712,0.057326363100962396,6.995991196079299e-09
2,16,-0.24016564809976182,0.3554798719489103,-0.9033020104660499,-0.03732414773693396,-0.037324147736933856,0.05598622160540079,0.0559862323168403,1.0711439513144683e-08
2,17,0.7812996793715871,-0.505545304086001,0.3660529422507736,-0.06863976492974237,-0.06863976492974228,0.10295964739461341,0.10295965607864943,8.68403601805845e-09
2,18,0.0734974188796212,0.38516070575567696,-0.9199181268785946,-0.042821406091498926,-0.042821406091498794,0.0642321091372482,0.06423211823536334,9.098115150152353e-09
2,19,0.9059163485592168,-0.3078317837544122,0.29078370367631096,-0.07075307393530007,-0.07075307393529998,0.10612961090294996,0.10612962036971041,9.466760444998279e-09
2,20,-0.44402366504023766,-0.3754435937333457,0.8135632076297608,-0.05561539739779088,-0.055615397397790714,0.08342309609668608,0.08342310314768397,7.050997896662636e-09
2,21,0.6881730480478395,-0.2657743455859198,0.6751161775345943,-0.0445397821824245,-0.044539782182424395,0.0668096732736366,0.06680968001049337,6.736856766886845e-09
2,22,-0.6339606618300572,0.4797508987611108,0.6065747722992627,-0.10899373437086227,-0.10899373437086225,0.16349060155629339,0.16349061271458964,1.1158296259194955e-08
2,23,-0.36216822220328265,0.09341434716934006,0.9274200442997982,-0.07746474700556946,-0.0774647470055694,0.11619712050835411,0.11619712969590523,9.187551122669113e-09
2,24,-0.22813767778043914,-0.3142892026831023,-0.9215071877385268,-0.050581054967063666,-0.05058105496706361,0.07587158245059542,0.07587159372990371,1.1279308292921897e-08
2,25,0.14054715117595495,0.980155853597046,-0.13978913032052614,-0.04580267934312249,-0.045802679343122335,0.06870401901468351,0.06870402718961444,8.174930926641011e-09
2,26,-0.175705895986383,0.916720103992507,-0.35881985598847427,-0.05112504706294958,-0.05112504706294947,0.07668757059442421,0.0766875785096488,7.915224586874103e-09
2,27,-0.8915648756278788,-0.3842475391639559,0.23972046469396235,-0.059506108216439355,-0.05950610821643924,0.08925916232465886,0.08925917088786761,8.563208753198381e-09
2,28,-0.1456277321017555,-0.8947897784797012,-0.42207086605349414,-0.06000038351350669,-0.060000383513506624,0.09000057527025994,0.09000058337482741,8.104567475464286e-09
2,29,0.397847594801407,-0.7600310862050432,-0.5138774555404406,-0.09959914800961017,-0.09959914800961012,0.14939872201441518,0.14939873088648525,8.87207007860269e-09
2,30,-0.8626400621577763,-0.242094319253877,0.44411987542264925,-0.07321055843260417,-0.07321055843260407,0.10981583764890611,0.10981584669389477,9.044988660833475e-09
2,31,0.7172661015674868,0.5691760959283619,-0.4019551111329819,-0.04918263163031039,-0.04918263163031022,0.07377394744546534,0.0737739550005223,7.555056968922003e-09
2,32,0.892284617710076,-0.4421433066960186,-0.09130967824877079,-0.09866012863817866,-0.09866012863817863,0.14799019295726795,0.14799020342515234,1.046788439262869e-08
2,33,0.06397016958886692,-0.8664319010663751,0.49518034918328363,-0.042299534723711237,-0.042299534723711084,0.06344930208556664,0.06344931247070917,1.0385142537594483e-08
2,34,0.738851021480009,-0.4096657714479618,-0.5350449735881028,-0.10980829300027801,-0.10980829300027799,0.164712439500417,0.16471244784765915,8.347242147488387e-09
2,35,-0.7733879565907793,0.19191115310855247,0.6041863768017982,-0.10176632978584638,-0.10176632978584635,0.15264949467876954,0.15264950414817235,9.46940281743025e-09
2,36,0.06861439667714021,0.555163005673888,-0.8289065699460746,-0.03860082840866605,-0.038600828408665876,0.05790124261299882,0.05790124907312233,6.460123512519456e-09
2,37,-0.07756392641418698,0.315798689491773,0.9456505829504327,-0.06918584077059804,-0.06918584077059803,0.10377876115589704,0.10377876752398763,6.368090582631325e-09
2,38,0.9450620760931698,-0.056295135402306185,-0.32200703417860893,-0.09136304644419839,-0.09136304644419836,0.13704456966629755,0.13704457985097562,1.0184678073121844e-08
2,39,0.07692706492434531,-0.9112610827260792,-0.404580604813206,-0.07509713715045516,-0.0750971371504551,0.11264570572568265,0.11264571359026476,7.864582110550522e-09
2,40,-0.7057044270406917,0.6941622650505995,-0.1418450261200246,-0.08457780749416562,-0.08457780749416557,0.12686671124124838,0.1268667185194694,7.278221025863729e-09
2,41,0.009883210961323127,-0.4767766639927938,-0.878968904349293,-0.06959937205532125,-0.06959937205532123,0.10439905808298185,0.10439906855674863,1.0473766784424576e-08
2,42,0.31753720457729606,0.4523041544785651,-0.8334213073534098,-0.047697547622092176,-0.04769754762209202,0.07154632143313804,0.07154633135941779,9.926279756489187e-09
2,43,0.8079637352404877,-0.5436685953950511,0.2271982854631859,-0.0794372065279152,-0.07943720652791512,0.1191558097918727,0.11915581715760126,7.365728568742291e-09
2,44,-0.6462157710113796,0.36599679826043485,-0.6696652305139329,-0.0457424311322006,-0.0457424311322005,0.06861364669830075,0.06861365503540995,8.337109197453785e-09
2,45,0.1975020848430492,0.56368581034514,-0.8020294469021645,-0.04064853166075507,-0.04064853166075488,0.060972797491132324,0.060972805970838095,8.479705770891854e-09
2,46,0.566807909054758,-0.5145889197129838,-0.6433716172956322,-0.10711459377094747,-0.10711459377094741,0.16067189065642112,0.16067189662072323,5.9643021077526726e-09
2,47,0.1942763023234253,0.851981052690253,0.4861944098941754,-0.05779770191438779,-0.05779770191438773,0.08669655287158161,0.08669656381687929,1.094529768208563e-08
2,48,-0.4365667439533871,-0.4735205180492678,-0.7649756839666806,-0.04319337147550181,-0.04319337147550176,0.06479005721325264,0.06479006636750384,9.154251204290809e-09
2,49,0.9447081838930158,0.2912740887552803,-0.15061823430561383,-0.06333571997233886,-0.06333571997233879,0.0950035799585082,0.09500358832958966,8.371081466895802e-09
2,50,0.2561952665152447,0.2719978930299735,0.9275673191755075,-0.04820609130111558,-0.04820609130111553,0.07230913695167329,0.07230914339517724,6.443503952624496e-09
2,51,0.47341037429263383,-0.0005358114575427842,0.880841830533831,-0.03739126895735852,-0.037391268957358434,0.05608690343603765,0.05608691289182843,9.455790782320062e-09
2,52,-0.014435207610074004,0.09923576738779676,0.9949592389903262,-0.05736104612375201,-0.057361046123751966,0.08604156918562796,0.08604157802905021,8.843422258375533e-09
2,53,-0.22399865711894104,0.9565804287065268,-0.18648990595887086,-0.06122670838413558,-0.061226708384135485,0.09184006257620324,0.09184006888318663,6.3069833938778075e-09
2,54,0.6519829849001912,-0.7476528766662702,-0.12622742734163486,-0.09903428616660488,-0.09903428616660484,0.14855142924990727,0.14855144198078207,1.2730874798805303e-08
2,55,0.47140928138790067,0.18018886901322584,-0.863310639865557,-0.06785999024483866,-0.06785999024483855,0.10178998536725782,0.10178999310106462,7.733806803300602e-09
2,56,-0.11602059133174855,0.26024500699158115,-0.9585466909457169,-0.040835149691197885,-0.04083514969119778,0.06125272453679667,0.06125273205315196,7.51635528817296e-09
2,57,-0.40160351106345227,0.9065025983220193,-0.13025996751471783,-0.07321576849771218,-0.07321576849771214,0.1098236527465682,0.10982365988843057,7.141862365389606e-09
2,58,-0.8825098246295762,-0.4694532415988796,0.028108066183546408,-0.048991523431119115,-0.04899152343111902,0.07348728514667853,0.07348729402778531,8.88110678054499e-09
2,59,0.8418297373824555,0.38669642840521146,-0.37654822469006444,-0.06172716879088129,-0.061727168790881165,0.09259075318632175,0.09259076422241108,1.1036089334059973e-08
2,60,-0.4337290910728442,-0.8921522484989841,0.12626733962245093,-0.03769567042496553,-0.03769567042496536,0.05654350563744805,0.05654351431516602,8.6777179747477e-09
2,61,0.741923447871729,0.2923945762753315,-0.6033697119203906,-0.06930613386265805,-0.06930613386265788,0.10395920079398682,0.10395920929662239,8.50263556784192e-09
2,62,0.6141263232405738,-0.3508233942369519,0.7069454046523527,-0.04346636794805107,-0.04346636794805097,0.06519955192207647,0.06519956102790658,9.105830117706049e-09
2,63,-0.33753884871279977,-0.6343534998807082,-0.6954589583855644,-0.04952881302023621,-0.049528813020236165,0.07429321953035425,0.07429322851359998,8.983245730620482e-09
2,64,-0.6969933607673214,0.39521985521251307,0.5983322831772282,-0.10861685807147177,-0.10861685807147176,0.16292528710720763,0.16292529686490198,9.757694346967938e-09
2,65,-0.07467144239402813,-0.3226452202409721,-0.9435699431130954,-0.05962650299127376,-0.059626502991273735,0.0894397544869106,0.08943976115283192,6.6659213149300456e-09
2,66,-0.9557600827717773,0.22429622875728397,-0.1902994113110858,-0.07475814608000482,-0.07475814608000474,0.11213721912000711,0.1121372272816501,8.161642986448392e-09
2,67,0.4270337812960266,-0.11154805832059739,0.8973289142320792,-0.03723992251502907,-0.03723992251502899,0.055859883772543494,0.0558598930999743,9.327430806893577e-09
2,68,-0.19571703152560374,-0.9804549409121667,0.020073674594492743,-0.04664602455618192,-0.046646024556181796,0.0699690368342727,0.06996904305944796,6.225175250285098e-09
2,69,-0.8019976366825302,-0.5685255625941098,-0.18324430532130387,-0.03983562698625671,-0.03983562698625665,0.05975344047938498,0.05975344941067107,8.931286085700485e-09
2,70,-0.44272314900066745,-0.8946366383158124,-0.06017888933766789,-0.03932335816439849,-0.03932335816439837,0.05898503724659756,0.058985046014203846,8.767606286819163e-09
2,71,0.46823738387926334,0.8805946301270756,0.07284812783635765,-0.03883901327153201,-0.038839013271531886,0.05825851990729783,0.05825852716911939,7.261821560744508e-09
2,72,0.1993112772861673,-0.8368675384628287,-0.5098310875316671,-0.08620668364759149,-0.08620668364759142,0.12931002547138715,0.12931003073868297,5.267295821731466e-09
2,73,-0.551907741436979,0.1813668147704342,-0.8139434399526542,-0.03796980552095272,-0.037969805520952624,0.056954708281428935,0.056954717331247906,9.049818970596757e-09
2,74,-0.674100026235363,-0.46587043188730975,-0.5731962101432759,-0.03708321644172159,-0.037083216441721564,0.055624824662582346,0.05562483251786432,7.85528197350116e-09
2,75,-0.8460614569741749,-0.2826679440976802,-0.45197217215479896,-0.041661780762423606,-0.041661780762423564,0.062492671143635346,0.06249268047486822,9.331232876663709e-09
2,76,-0.8043851460372269,-0.47094250324669495,-0.36218461517630174,-0.0390235954110985,-0.03902359541109849,0.05853539311664774,0.058535402913673096,9.797025357638489e-09
2,77,-0.920485041856859,0.2937476311899031,0.25772003586857,-0.10143423977967432,-0.10143423977967429,0.15215135966951146,0.15215136928148354,9.611972079381914e-09
2,78,-0.49351590021217095,-0.4945265175510882,-0.7154617947008518,-0.04114147689470377,-0.04114147689470373,0.0617122153420556,0.061712222831911134,7.489855534392742e-09
2,79,-0.2192163965501751,-0.8582333711113712,-0.46409013369642754,-0.05589127644562488,-0.05589127644562481,0.08383691466843722,0.08383692212676763,7.45833041160271e-09
2,80,-0.9478150335640434,-0.2742200062212281,0.16263471443090208,-0.06482814839415904,-0.06482814839415899,0.09724222259123848,0.09724223093421358,8.342975102437755e-09
2,81,0.4069683916884357,0.47042322658044305,-0.7829934329610774,-0.04952894576821692,-0.049528945768216745,0.07429341865232512,0.07429342835374442,9.701419292906799e-09
2,82,0.8504792295289176,-0.1141073411609005,-0.5134828087025781,-0.0980429544989574,-0.09804295449895738,0.1470644317484361,0.14706443979273232,8.04429622913716e-09
2,83,-0.6262769385172778,-0.47745246908532946,-0.616292411153787,-0.037575839232861126,-0.03757583923286109,0.05636375884929164,0.056363765044142866,6.19485122921315e-09
2,84,0.5607031293951878,0.7876442993241923,0.2553986265204755,-0.038214444077439985,-0.03821444407743991,0.05732166611615987,0.0573216765720197,1.0455859830726943e-08
2,85,-0.4388314474697757,-0.03352860515767985,0.8979436470891489,-0.07480436547446871,-0.07480436547446864,0.11220654821170296,0.1122065565462016,8.334498632911469e-09
2,86,-0.18613870075578723,0.3360024539007908,0.9232847529628085,-0.07724654023604502,-0.07724654023604502,0.11586981035406753,0.11586981929490037,8.940832837978085e-09
2,87,0.25619696990486485,0.3715231375579025,0.8923752970979741,-0.0503362808177034,-0.05033628081770335,0.07550442122655503,0.07550442771009358,6.483538553259116e-09
2,88,-0.8648734908883013,-0.5019887646063841,-0.0010606449168774853,-0.04656381135687802,-0.04656381135687792,0.06984571703531689,0.06984572503698772,8.001670825930063e-09
2,89,-0.8910554378254004,-0.1053680597073638,0.4414949362283663,-0.08315754355628222,-0.08315754355628213,0.1247363153344232,0.12473632404752522,8.71310201766562e-09
2,90,-0.23892806312342282,0.5700222045875293,-0.7861221704857729,-0.03781996764898388,-0.03781996764898375,0.05672995147347563,0.05672996100658523,9.533109600334821e-09
2,91,-0.007617821587677629,0.6439440499505958,0.7650346589060413,-0.07286089970364219,-0.07286089970364214,0.10929134955546321,0.10929135790815891,8.352695701763224e-09
2,92,-0.04426012071586801,0.1216838785057032,0.9915816030090646,-0.05987818085517733,-0.05987818085517729,0.08981727128276594,0.08981728277790424,1.1495138299566499e-08
2,93,0.521135380668115,0.1666960294447087,-0.8370366472163975,-0.07084114819959689,-0.07084114819959678,0.10626172229939516,0.10626173135852568,9.059130515187697e-09
2,94,0.8403931777898597,-0.09440687491706051,-0.533691529530548,-0.0969594385640758,-0.09695943856407573,0.1454391578461136,0.14543916765363818,9.807524570248916e-09
2,95,-0.1291047702026728,0.9839599035507693,0.1231051035305846,-0.06943703376971386,-0.06943703376971379,0.10415555065457069,0.10415555778964247,7.135071783404001e-09
2,96,0.8597400261685808,-0.46421140969592534,0.21296679203990873,-0.07970831990463985,-0.0797083199046398,0.1195624798569597,0.11956248630040633,6.44344663736085e-09
2,97,0.26403821022221957,-0.04268472143139709,-0.9635672462775865,-0.06918680888902333,-0.06918680888902326,0.10378021333353489,0.10378022191614988,8.582614993701831e-09
2,98,-0.427947478861084,0.11617941854161401,-0.8963053598209566,-0.03721341466057271,-0.037213414660572625,0.05582012199085894,0.05582013046234735,8.471488413541728e-09
2,99,-0.9179688051691024,-0.2504375200183205,-0.307594410390507,-0.04802847178346616,-0.04802847178346615,0.07204270767519923,0.07204271623706404,8.561864814349285e-09
2,100,0.4320877434138267,0.736385154720047,0.5206122221956373,-0.04437555700200881,-0.04437555700200878,0.06656333550301317,0.06656334511356832,9.610555143368948e-09
2,101,0.35973916371916476,-0.9276626507024244,-0.10014859249329408,-0.08289346732379997,-0.08289346732379993,0.1243402009856999,0.12434021173790555,1.0752205653608016e-08
2,102,-0.047338265941461885,-0.9950055733041757,0.08788058756792617,-0.05155113911349154,-0.05155113911349142,0.07732670867023714,0.07732671863935892,9.969121778086176e-09
2,103,-0.9759009045361134,0.12137725641794594,-0.18134217973226155,-0.07115706603301686,-0.0711570660330168,0.1067355990495252,0.10673560923990522,1.0190380012042866e-08
2,104,-0.4374527153514763,0.8788113380342849,0.19059316350281297,-0.09170889513199922,-0.09170889513199916,0.13756334269799875,0.13756335237591344,9.67791469186352e-09
2,105,-0.1446724919590621,0.06952428895374178,-0.9870340639085521,-0.044541377387741256,-0.04454137738774118,0.06681206608161178,0.06681207392889021,7.847278438166683e-09
2,106,0.9516632858638873,-0.19764761309331513,-0.2351008536293832,-0.09627699082875735,-0.09627699082875735,0.14441548624313602,0.14441549622823402,9.985097998432835e-09
2,107,0.5150331400977551,0.3482570170515748,-0.7832355422702579,-0.05958988551842414,-0.05958988551842397,0.08938482827763597,0.08938483564424615,7.366610182968358e-09
2,108,0.772473908671503,-0.6327734098919452,0.05368307140515239,-0.09156815047365188,-0.09156815047365183,0.13735222571047775,0.13735223514110828,9.430630526496842e-09
2,109,-0.14862560639216627,0.9864060583518712,0.07009648472844764,-0.06852862731001418,-0.0685286273100141,0.10279294096502116,0.10279295054038684,9.575365680913883e-09
2,110,0.12074336747331058,-0.9912616546807738,-0.05311658093985015,-0.06612754422399944,-0.0661275442239994,0.0991913163359991,0.09919132598623648,9.65023737309334e-09
2,111,0.9528112888339678,0.03424049733912283,0.30162598729639106,-0.057483268908496934,-0.05748326890849687,0.08622490336274531,0.08622491054488535,7.18214003547768e-09
2,112,0.737501112650221,0.29893134343521127,0.6055841483656137,-0.03766760165818048,-0.03766760165818043,0.05650140248727065,0.05650141049473589,8.007465246429035e-09
2,113,-0.07659881068536165,0.996015532839798,-0.04566925161902145,-0.05957811751651509,-0.05957811751651498,0.08936717627477248,0.08936718587371217,9.598939698651776e-09
2,114,-0.9292408375808373,0.2494010364124057,-0.27259968600217055,-0.07023357809186401,-0.07023357809186392,0.10535036713779589,0.10535037564540772,8.507611837238471e-09
2,115,-0.747817966555594,-0.6281489451431961,0.2149353196013783,-0.044125941875302103,-0.04412594187530196,0.06618891281295294,0.06618892239851348,9.585560539759896e-09
2,116,-0.9250038795605413,-0.37753622756189315,0.04282779093395045,-0.054592577256608245,-0.05459257725660816,0.08188886588491225,0.08188887207216666,6.1872544171448496e-09
2,117,-0.890653891034192,0.20843226798728476,-0.40409359812712997,-0.06021959508707352,-0.06021959508707344,0.09032939263061017,0.09032940090358821,8.272978038736944e-09
2,118,-0.6756588865815295,-0.37395147284672553,0.635330909793607,-0.06238172992052035,-0.0623817299205202,0.0935725948807803,0.09357260383202615,8.95124584177065e-09
2,119,-0.8204875144195635,0.351670252236078,0.45069753979117744,-0.10823478428703925,-0.10823478428703923,0.16235217643055885,0.16235218586180267,9.431243813695644e-09
2,120,0.4356299887526035,0.7268649865840512,0.5309367233273413,-0.044250303076530266,-0.044250303076530224,0.06637545461479534,0.066375462071111,7.456315662124346e-09
2,121,-0.39403202168226054,0.8111941610661532,0.4320911928530484,-0.09769460260301728,-0.09769460260301718,0.1465419039045258,0.14654191332619249,9.42166669681832e-09
2,122,-0.7846887573554888,0.3583390446067752,0.5058227784414246,-0.1087276669795572,-0.10872766697955716,0.16309150046933574,0.16309151112947617,1.066014043704655e-08
2,123,0.6017558321689376,-0.48189555020229075,-0.6369196159217432,-0.10784616438402493,-0.1078461643840249,0.16176924657603736,0.1617692577116081,1.113557074328142e-08
2,124,-0.7004640188924656,-0.6343641436737318,-0.32700503277183446,-0.03706847727744559,-0.037068477277445555,0.05560271591616833,0.05560272520188647,9.285718138851706e-09
2,125,-0.487175019803299,0.8446814611723064,-0.2217515033353165,-0.0718560745465287,-0.07185607454652869,0.10778411181979304,0.10778412051770658,8.697913542188296e-09
2,126,-0.5974009710949006,0.70792265661073,-0.3767725998424995,-0.06565550879622462,-0.06565550879622456,0.09848326319433684,0.09848327015005154,6.955714698664295e-09
2,127,-0.7154924381559693,-0.6145304301298601,0.3322994453592053,-0.04599416766842786,-0.04599416766842769,0.06899125150264154,0.06899125853943033,7.036788790548698e-09
2,128,0.013975675230706667,-0.9876188987518858,-0.15624849224859186,-0.06335801991915786,-0.06335801991915777,0.09503702987873665,0.0950370407371004,1.0858363749810529e-08
2,129,0.7953575517379707,-0.1668420576823102,0.5827264303956993,-0.048105524453317255,-0.04810552445331716,0.07215828667997574,0.07215829600504264,9.325066899212864e-09
2,130,-0.25714955770124415,0.6140795462310854,-0.7461772013903125,-0.0388704621456804,-0.03887046214568027,0.0583056932185204,0.05830570193321449,8.71469409136072e-09
2,131,0.2784808727543858,0.028377951491582537,0.9600224452475561,-0.04207198587191848,-0.04207198587191841,0.06310797880787762,0.0631079868917972,8.083919575407883e-09
2,132,0.00852425004123322,-0.9845120706221772,-0.17510945137389822,-0.0636441088445834,-0.0636441088445833,0.09546616326687495,0.0954661724672512,9.20037625251613e-09
2,133,0.18549501132295076,0.8583738015056562,0.4783158137287818,-0.05826804809241472,-0.05826804809241467,0.08740207213862201,0.08740208140567418,9.2670521673055e-09
2,134,0.20079293864254152,-0.22713325039246093,-0.9529389709511561,-0.07379433589469683,-0.07379433589469683,0.11069150384204525,0.11069151428788615,1.044584090059697e-08
2,135,-0.5609249139403445,-0.795695897285875,0.22854163726429275,-0.03769909534971958,-0.0376990953497194,0.056548643024579105,0.05654865048443369,7.45985458822096e-09
2,136,-0.9826839794548294,0.18294547758663254,-0.029379393346690305,-0.0828123884422504,-0.08281238844225035,0.12421858266337553,0.12421858958111542,6.917739894807262e-09
2,137,0.09102221475822787,-0.5671229115333297,0.8185881501918203,-0.037066145359509126,-0.03706614535950899,0.05559921803926348,0.05559922938713768,1.1347874202816133e-08
2,138,-0.031457787835126275,0.2225780488695858,-0.9744072145391414,-0.044341460029348016,-0.04434146002934791,0.06651219004402187,0.06651219852660262,8.482580748925272e-09
2,139,0.3297212818306762,-0.5044967030496592,-0.7979767872062192,-0.09299672029976953,-0.09299672029976949,0.13949508044965425,0.13949508909094632,8.641292070787898e-09
2,140,-0.6221961885763683,-0.5744555308618362,-0.5318578249713792,-0.037769781852113854,-0.03776978185211383,0.05665467277817075,0.05665467955884296,6.78067220427625e-09
2,141,0.2908782011673689,-0.9481348117133764,-0.12818054026596934,-0.07994466379105568,-0.07994466379105562,0.11991699568658344,0.1199170054921872,9.805603759516224e-09
2,142,0.12223516120228957,0.2206773325859562,0.9676570054769393,-0.053840500430520986,-0.053840500430520945,0.08076075064578142,0.08076076057905723,9.933275813001075e-09
2,143,0.2825313676803802,0.08000660810457887,-0.9559157750221795,-0.0641243838319388,-0.06412438383193872,0.09618657574790808,0.09618658231014265,6.562234575180348e-09
2,144,-0.750962492716215,-0.46260584598653537,0.47122305312084506,-0.05680995023275587,-0.0568099502327557,0.08521492534913355,0.08521493372048994,8.371356385872275e-09
2,145,-0.5703942009119644,-0.43738579737423394,-0.6952295446982295,-0.03851314703964292,-0.03851314703964287,0.057769720559464305,0.05776972927806767,8.718603367041666e-09
2,146,0.5044994922508776,-0.6502333571035215,0.5680465153739533,-0.051129235982951216,-0.05112923598295113,0.0766938539744267,0.07669386237196818,8.397541481630633e-09
2,147,0.9592988648589843,0.270677897274284,0.08049325317960637,-0.05628380849888377,-0.05628380849888376,0.08442571274832564,0.0844257205812049,7.832879261870929e-09
2,148,0.3781558477329815,0.6092600460597924,0.6969937955968973,-0.04713382180526472,-0.047133821805264674,0.07070073270789702,0.07070074109494229,8.387045266622373e-09
2,149,-0.27031887846844904,-0.4559059021232149,-0.8479843821396579,-0.05117429395150233,-0.05117429395150228,0.07676144092725343,0.07676144858637102,7.65911759015303e-09
2,150,-0.9512979621994089,-0.29923921616826504,-0.07408156735824552,-0.054976779491530875,-0.054976779491530854,0.08246516923729628,0.08246517635424055,7.116944270024739e-09
2,151,-0.14364068902576355,0.8706086509476133,0.47054004011495204,-0.08142699154942198,-0.08142699154942191,0.12214048732413288,0.12214049355252499,6.228392107621161e-09
2,152,0.22421391518334197,0.8339724594047,-0.5042004137172372,-0.03714876394140662,-0.03714876394140644,0.05572314591210966,0.055723156644482685,1.0732373025013064e-08
2,153,-0.2715997839187919,0.8873580813958309,0.3725978968764789,-0.08795825240357331,-0.08795825240357322,0.13193737860535984,0.1319373874042462,8.798886369509873e-09
2,154,0.9233821661319641,0.333705832591411,0.1897519237423298,-0.04891806973340246,-0.04891806973340245,0.07337710460010369,0.07337711271926395,8.119160260777747e-09
2,155,-0.158659817296741,-0.9872808511212949,-0.010177592277941563,-0.04914696807561404,-0.04914696807561394,0.07372045211342092,0.0737204616796383,9.56621738767982e-09
2,156,-0.9525486700305092,0.043768428821696966,0.30122309981405493,-0.09000229508030747,-0.09000229508030744,0.13500344262046116,0.13500344869799008,6.077528924564035e-09
2,157,0.7771399388114099,0.605327898493276,-0.17213846406283587,-0.044735464998552764,-0.044735464998552604,0.0671031974978289,0.06710320771263767,1.0214808762731842e-08
2,158,-0.22755672978191885,-0.8205021185418667,-0.524398901790676,-0.05607071384680992,-0.05607071384680986,0.0841060707702148,0.08410607904574263,8.27552783244645e-09
2,159,0.4885305579089963,-0.6765615373416956,-0.5510012524295805,-0.10500074690267905,-0.10500074690267898,0.15750112035401848,0.15750113158130574,1.1227287266546426e-08
2,160,-0.08550701759406101,0.6931688800742893,0.715685303494996,-0.07914565927402824,-0.07914565927402818,0.11871848891104228,0.11871849475708629,5.846044009993889e-09
2,161,0.11113409723528146,0.9489036635987297,0.2953490302008935,-0.05951203650106219,-0.05951203650106211,0.08926805475159318,0.0892680609987373,6.247144121451775e-09
2,162,0.4071468276176485,0.1317586237426586,0.9038092308835561,-0.039886114751760314,-0.03988611475176024,0.059829172127640357,0.05982918188651709,9.758876734489164e-09
2,163,0.931590584007248,0.3051001597237656,0.19761800607628682,-0.04995485717013536,-0.049954857170135356,0.07493228575520304,0.07493229231547716,6.560274115607889e-09
2,164,0.6520244631207888,-0.5619594486743462,-0.5089849482427473,-0.11052013671044904,-0.11052013671044901,0.16578020506567354,0.16578021316826508,8.102591542158422e-09
2,165,0.6253479157570124,-0.17152722181603175,0.7612610566910896,-0.039550707365452,-0.0395507073654519,0.05932606104817786,0.059326073220677955,1.2172500098162065e-08
2,166,0.49376524777653036,0.30292400437886413,-0.8151275529996858,-0.0615200188256586,-0.06152001882565844,0.09228002823848766,0.09228003500227899,6.763791332575764e-09
2,167,-0.7552066708044921,0.6183492206867593,-0.21750201297568017,-0.08005650145506049,-0.08005650145506042,0.12008475218259064,0.12008476019120806,8.008617422006203e-09
2,168,0.17074560695636753,0.6968971552090488,0.6965488444945097,-0.06053965566789823,-0.06053965566789817,0.09080948350184727,0.0908094918705693,8.368722034801657e-09
2,169,0.07087711843776787,-0.9726759711973075,0.22108344383361941,-0.05230305461330622,-0.05230305461330611,0.07845458191995917,0.07845458727118171,5.351222534533129e-09
2,170,-0.20239796565178375,0.6661789835539396,0.7178026367819077,-0.08742075577229545,-0.0874207557722954,0.13113113365844312,0.1311311448315422,1.1173099084826887e-08
2,171,0.5035380176747556,-0.29025980876089624,-0.813755926659994,-0.09567506607518812,-0.0956750660751881,0.14351259911278216,0.14351260596567883,6.852896666798003e-09
2,172,0.6640862280894642,-0.6534533090192316,0.36330187804871694,-0.06807535514979304,-0.068075355149793,0.10211303272468951,0.10211304163343371,8.908744200675223e-09
2,173,-0.5953513335347127,-0.6788532697632726,-0.42978486221614703,-0.03820578645651134,-0.038205786456511306,0.05730867968476696,0.057308689738189145,1.0053422185019034e-08
2,174,0.09550911842948294,-0.40804844666261325,0.9079506999133,-0.03850561493315804,-0.038505614933157906,0.05775842239973686,0.05775843275879211,1.0359055252484595e-08
2,175,-0.4811013209349359,-0.6359283433142837,0.6034373713685708,-0.043457372677759204,-0.043457372677758996,0.0651860590166385,0.06518606626704226,7.2504037634812946e-09
2,176,-0.040116542375830684,0.9668935473880678,0.2520070059484983,-0.06819059784097155,-0.06819059784097149,0.10228589676145725,0.10228590752170419,1.0760246943464225e-08
2,177,0.9897700119012883,-0.12918953959428944,-0.06054243470772474,-0.08503636732845737,-0.08503636732845735,0.12755455099268603,0.1275545585821547,7.589468664637167e-09
2,178,0.1080240390627572,0.9844534542052958,0.13849983208592506,-0.05546201529686453,-0.05546201529686444,0.08319302294529667,0.08319303024251212,7.29721545689177e-09
2,179,-0.10827548023171851,-0.6863691625717262,0.7191479632531667,-0.03725754406235173,-0.037257544062351544,0.055886316093527316,0.055886324734633064,8.64110574760879e-09
2,180,-0.4429849082517415,0.7614214381164345,-0.4732882468833312,-0.05510389836372671,-0.05510389836372663,0.08265584754558995,0.08265585577094114,8.225351191826213e-09
2,181,0.4884862781264242,0.13513309088751008,0.862044200623948,-0.03810660526940457,-0.0381066052694045,0.05715990790410675,0.05715991707733181,9.173225061498425e-09
2,182,-0.7839589808453882,-0.1771877644440596,0.5949897583010793,-0.07828052669975273,-0.07828052669975262,0.11742079004962894,0.11742080086030171,1.0810672773642338e-08
2,183,-0.8609603440935072,0.5050280066757187,0.06077827219936471,-0.09812969734934324,-0.0981296973493432,0.1471945460240148,0.14719455515566082,9.131646022675355e-09
2,184,0.32793938038709697,0.9252626626442209,-0.19064303792127707,-0.03887416022421132,-0.03887416022421115,0.058311240336316725,0.05831125166055884,1.1324242113475158e-08
2,185,0.36078068376124517,-0.8518972690830678,-0.37961604438376884,-0.09412424191350267,-0.09412424191350262,0.14118636287025393,0.1411863737033059,1.0833051955483342e-08
2,186,0.9856624723531929,0.10060326018637887,-0.1354565414974965,-0.07515164783506628,-0.07515164783506623,0.11272747175259934,0.1127274815160284,9.763429065223761e-09
2,187,0.9109948735827691,0.3977538704960136,0.10899632476076919,-0.048640858377919836,-0.04864085837791979,0.07296128756687968,0.07296129395095718,6.384077502752383e-09
2,188,-0.44640998370495993,-0.4922582703059536,0.7472616153422629,-0.049549669948644175,-0.049549669948643994,0.074324504922966,0.07432451459843392,9.6754679268507e-09
2,189,0.644694885483236,0.3279398633295134,-0.690524402661613,-0.06480665308119948,-0.0648066530811993,0.09720997962179896,0.09720999144535725,1.182355828521775e-08
2,190,-0.6242349926707088,-0.5453408092719655,-0.5594051087253298,-0.03771466433150802,-0.03771466433150799,0.05657199649726199,0.056572004025756684,7.52849469570771e-09
2,191,0.08536724899025262,0.7741607392236958,-0.6272061723583859,-0.037223668167008256,-0.037223668167008075,0.05583550225051211,0.05583551260235353,1.0351841418787533e-08
2,192,0.22402786987010767,-0.4117724354500706,0.8833204259638625,-0.03712924662770624,-0.03712924662770613,0.05569386994155919,0.05569387867554454,8.733985347453288e-09
2,193,0.5018914846982854,-0.7885530258240074,0.35537172517119753,-0.06414528179148232,-0.06414528179148227,0.0962179226872234,0.09621792806946416,5.382240764184587e-09
2,194,-0.6719880100403677,0.7292779335361694,0.1287859076886949,-0.09984705013666932,-0.09984705013666928,0.14977057520500392,0.14977058621079564,1.1005791722418223e-08
2,195,-0.00955053005566521,-0.25429595436054636,0.9670792909433615,-0.04479057704465464,-0.04479057704465452,0.06718586556698179,0.0671858721434937,6.576511904499149e-09
2,196,-0.15626545776012069,0.04040932698898027,-0.9868881360130527,-0.04486347921261111,-0.04486347921261104,0.06729521881891656,0.06729522911141927,1.0292502711228835e-08
2,197,0.07076226312452243,0.17230342422039663,0.9824989730882276,-0.05518175596714996,-0.05518175596714993,0.0827726339507249,0.08277264290645903,8.955734126514514e-09
2,198,0.4614110169664119,0.7073192032346038,-0.5355365703269822,-0.040355091676290145,-0.040355091676289936,0.060532637514434905,0.06053264833827399,1.0823839081963715e-08
2,199,0.5698323444237798,0.14699750588125768,-0.8085065445085702,-0.07411084089716334,-0.07411084089716322,0.11116626134574482,0.11116626924545514,7.899710316450204e-09
2,200,-0.3683262506510596,0.8742376418581503,0.31629783217662616,-0.09252742540329728,-0.09252742540329724,0.13879113810494587,0.13879114940662518,1.130167931462367e-08
2,201,0.8028462340229671,-0.5734562285156187,0.16305176629457876,-0.08422768158799576,-0.08422768158799569,0.12634152238199356,0.12634153029322803,7.911234473079176e-09
2,202,0.8650483722494833,-0.38409556667193484,0.32274124206782856,-0.0703065665545166,-0.07030656655451653,0.1054598498317748,0.10545985890120235,9.069427556185339e-09
2,203,-0.7093291469528709,-0.6306151832530159,-0.31492324768723845,-0.03712528720549389,-0.03712528720549385,0.055687930808240776,0.055687938982362795,8.174122018145269e-09
2,204,-0.6614619181087928,0.6070431339620346,-0.4404165805250617,-0.06243080652649976,-0.062430806526499696,0.09364620978974955,0.09364621994523148,1.0155481927620613e-08
2,205,0.6253087233730604,-0.6201142315641317,0.4737587363681856,-0.05951793977266165,-0.05951793977266159,0.08927690965899239,0.08927691780291624,8.14392385473095e-09
2,206,0.8258253465224336,-0.09697944093136118,-0.5555245134804973,-0.09709634037476456,-0.09709634037476453,0.1456445105621468,0.14564452144316675,1.0881019946173964e-08
2,207,0.6343669592984145,-0.6040349864320214,0.4824109203952076,-0.059040425625536054,-0.05904042562553598,0.08856063843830397,0.08856064631634908,7.878045105158549e-09
2,208,-0.32892040698936287,0.8429517283092068,-0.4257273183699552,-0.05385918244215716,-0.053859182442157066,0.0807887736632356,0.08078878260819877,8.944963172941023e-09
2,209,0.012117283152186402,0.5107795104505993,0.8596263508948849,-0.06890834969795934,-0.0689083496979593,0.10336252454693895,0.10336253380982541,9.262886457861441e-09
2,210,-0.9085470381574366,0.3876941139904429,-0.15567772298089003,-0.08219497207110765,-0.08219497207110761,0.12329245810666142,0.12329246928954873,1.1182887310612344e-08
2,211,-0.7972436998410515,0.002931058378404987,-0.6036504716808674,-0.04339461637952437,-0.04339461637952429,0.06509192456928645,0.06509193184456308,7.2752766311356964e-09
2,212,0.9303110867308954,-0.15682722893433496,-0.33155165837371137,-0.09737314135921293,-0.0973731413592129,0.14605971203881937,0.14605971848657973,6.44776035341188e-09
2,213,0.01849363430898992,0.5578642018613548,-0.8297261703547979,-0.03790639680183994,-0.037906396801839784,0.056859595202759676,0.05685960452472827,9.321968592879148e-09
2,214,-0.343062790041968,0.8676608848711919,-0.3598228883119597,-0.05785469452228441,-0.057854694522284325,0.0867820417834265,0.08678205098977543,9.206348933199493e-09
2,215,0.9554684683456095,-0.2950921551940787,-0.0007911638317541203,-0.08916866482788585,-0.0891686648278858,0.1337529972418287,0.13375300728091233,1.003908361996153e-08
2,216,-0.8341113029698126,-0.4484370859525185,-0.3211892186864544,-0.040486982016627766,-0.04048698201662776,0.06073047302494164,0.060730480366810724,7.341869084909192e-09
2,217,-0.670066532169225,-0.6851133959239147,-0.28571047791831233,-0.0370422813071651,-0.03704228130716505,0.055563421960747574,0.055563431633487426,9.672739852140122e-09
2,218,-0.049322142200472346,-0.9947192852686905,-0.09000483211084824,-0.057349131769243965,-0.057349131769243875,0.08602369765386582,0.08602370621391131,8.560045491878832e-09
2,219,-0.9816812433508426,-0.02333184109812234,-0.18909669918884256,-0.06405942964618384,-0.06405942964618382,0.09608914446927573,0.09608915191305911,7.443783381355651e-09
2,220,0.1784369729444633,0.04985170931413644,-0.9826876684709521,-0.06011612007939317,-0.06011612007939309,0.09017418011908965,0.09017418894918805,8.830098402468067e-09
2,221,-0.8910760657736868,0.32589952670950345,0.31586855414208315,-0.10459720830106409,-0.10459720830106407,0.15689581245159612,0.15689582272271352,1.0271117401039476e-08
2,222,-0.5656918582574231,0.6289182880813217,-0.5333427682252038,-0.05446637656354807,-0.05446637656354801,0.08169956484532202,0.08169957349535295,8.650030927648267e-09
2,223,-0.03554916834036742,-0.7470559088189024,0.6638100072528825,-0.03725973310348232,-0.03725973310348215,0.05588959965522323,0.05588960821922839,8.564005164746202e-09
2,224,0.4236588317434323,0.8316143795488251,0.35906923846719674,-0.043497676105211554,-0.043497676105211484,0.06524651415781724,0.06524652346184823,9.304030990087142e-09
2,225,0.14506469514018763,-0.9875366780402735,-0.06105361372650994,-0.06793611329866901,-0.06793611329866896,0.10190416994800344,0.10190417953914732,9.591143879106312e-09
2,226,0.03631382298960491,0.4959120745881267,-0.8676131168542692,-0.039200841315583226,-0.03920084131558308,0.058801261973374624,0.05880126802138008,6.048005457559569e-09
2,227,0.05503790844584605,-0.9378367958852959,-0.3426849470249728,-0.07191616472698095,-0.0719161647269809,0.10787424709047135,0.10787425536173956,8.271268212012295e-09
2,228,0.48295409160372044,-0.42606964343843695,0.764996734858044,-0.040389390987998264,-0.04038939098799819,0.060584086481997285,0.060584094685456336,8.203459050948325e-09
2,229,0.2686325966270539,0.22270349940904363,0.9371444282395177,-0.04654139243778789,-0.04654139243778783,0.06981208865668175,0.06981209915712938,1.0500447636396792e-08
2,230,0.9163075458456376,0.2290907406225855,-0.32847817886024033,-0.07234233517454716,-0.07234233517454708,0.10851350276182062,0.10851351345264604,1.069082541937938e-08
2,231,0.6952099776752376,0.5639624613115786,-0.44567861646278484,-0.049617922090795984,-0.04961792209079581,0.07442688313619372,0.07442688826353461,5.127340885202614e-09
2,232,-0.6209783588172528,-0.7722476071161758,0.13423677284548988,-0.03786960187498193,-0.03786960187498178,0.05680440281247267,0.05680441256261659,9.750143921405385e-09
2,233,-0.17718526350732913,0.9602907865929107,0.21551563187065384,-0.0761255894654107,-0.07612558946541066,0.114188384198116,0.11418839068744191,6.489325909964094e-09
2,234,0.9277977757485032,0.2309932857212846,-0.2929733593141448,-0.07140445752701188,-0.0714044575270118,0.1071066862905177,0.10710669434699227,8.056474570805605e-09
2,235,0.6123824733819948,0.7710314847869512,0.1746372118472465,-0.03717331288043422,-0.03717331288043413,0.05575996932065119,0.05575997857887316,9.258221966845781e-09
2,236,-0.1593994754423877,0.5334848866711311,0.830653768378969,-0.08179051590882892,-0.08179051590882887,0.12268577386324331,0.12268578514218476,1.1278941447478985e-08
2,237,-0.9314279029913833,0.3344604898294234,-0.14345118428279524,-0.08154966092281056,-0.0815496609228105,0.12232449138421576,0.12232450191662636,1.0532410596453268e-08
2,238,0.7927962914592885,-0.0848991218848239,0.6035446788362768,-0.04522369816248886,-0.045223698162488786,0.06783554724373318,0.06783555522860141,7.984868224952812e-09
2,239,-0.34800408639903935,-0.5927375134568842,-0.7263300874881337,-0.048643849499917804,-0.04864384949991776,0.07296577424987664,0.07296578341531301,9.165436368197e-09
2,240,-0.24064536925329155,-0.16440203577837598,0.9565886142375272,-0.05793156410810884,-0.057931564108108735,0.0868973461621631,0.08689735458977665,8.42761355146493e-09
2,241,0.8208314116760347,-0.5623004004133753,0.1002699022682585,-0.08861002071730689,-0.08861002071730682,0.13291503107596025,0.13291504147305844,1.0397098182401976e-08
2,242,0.30599598911777,0.811714495236158,0.4974796808587731,-0.050963504938993126,-0.050963504938993064,0.0764452574084896,0.07644526539563046,7.98714085148422e-09
2,243,-0.2542573980142935,-0.3147164461488057,-0.9144980776789348,-0.04923765407013021,-0.04923765407013016,0.07385648110519524,0.07385648898017294,7.874977697719387e-09
2,244,-0.7179844766172927,-0.09579401636758994,0.6894358547136623,-0.08268807318864002,-0.08268807318863992,0.12403210978295989,0.12403211929745694,9.514497051332782e-09
2,245,-0.7763111189863833,0.4796429747987418,0.40900325581139674,-0.11050587134127454,-0.1105058713412745,0.16575880701191176,0.165758816395023,9.383111232441621e-09
2,246,-0.9804446375848406,0.09525714586319652,0.17220449701772694,-0.08837218463210995,-0.08837218463210995,0.13255827694816494,0.1325582879574405,1.1009275574513921e-08
2,247,-0.4940553197680308,0.8413354860113403,-0.21923489910817248,-0.07230051251864152,-0.07230051251864152,0.10845076877796228,0.10845077752508203,8.747119750740495e-09
2,248,0.02028528322798846,0.04885677981956497,0.9985997808682029,-0.05370816613103502,-0.053708166131034955,0.08056224919655244,0.0805622568655906,7.669038154523022e-09
2,249,-0.140560275450734,0.012970812719528794,-0.9899871549583906,-0.04621597197531141,-0.04621597197531136,0.06932395796296704,0.06932396462433488,6.66136783233906e-09
2,250,0.11064718395278982,-0.476036524501059,-0.8724370625003673,-0.07671157480591188,-0.07671157480591184,0.11506736220886776,0.11506736952160423,7.3127364719205445e-09
2,251,0.31978877844416637,0.18825776684628323,0.9285979487395168,-0.043687843818613084,-0.04368784381861303,0.06553176572791955,0.06553177306356517,7.335645618722353e-09
2,252,-0.6051399130785708,0.2587554785964009,-0.7528952702040352,-0.040588545230010674,-0.040588545230010584,0.060882817845015876,0.06088282517024979,7.325233912502949e-09
2,253,0.2791034823315492,-0.6050577743778184,0.7456583237752823,-0.03914307943450889,-0.03914307943450878,0.058714619151763174,0.058714626216538335,7.064775160714465e-09
2,254,0.5206681986769356,-0.052581557340151325,0.8521383729853971,-0.03703897850896562,-0.037038978508965544,0.05555846776344832,0.055558475875461255,8.112012936378754e-09
2,255,0.02177559312347585,-0.9975005777352872,-0.06721920084238743,-0.06072541371679182,-0.060725413716791736,0.09108812057518761,0.0910881300941746,9.518986987533395e-09
2,256,-0.6874722521081412,0.20273404762010075,0.6973383744760725,-0.10001455863564225,-0.10001455863564222,0.15002183795346336,0.15002184633461368,8.381150329306308e-09
2,257,0.4782181732048619,-0.1265953646111841,-0.8690690378074495,-0.0858947010167461,-0.08589470101674605,0.1288420515251191,0.12884205785601566,6.330896556994148e-09
2,258,-0.38616088096643725,0.8382192044209336,0.3850562807579721,-0.09590821847084088,-0.09590821847084081,0.14386232770626123,0.14386233454510844,6.838847210755006e-09
2,259,-0.4850722332157736,0.3427374521385167,-0.8045097684084763,-0.03876157263938416,-0.038761572639384054,0.05814235895907608,0.05814236592183164,6.96275555961412e-09
2,260,-0.21461640128756038,0.3889035204325656,0.8959318345128351,-0.08118388327440895,-0.08118388327440894,0.12177582491161341,0.12177583247341417,7.56180075500712e-09
2,261,0.13849826575588747,0.7265542612461359,-0.6730060444362246,-0.03712224754706681,-0.03712224754706662,0.05568337132059993,0.05568338151684671,1.019624677744968e-08
2,262,-0.34672703927381826,-0.6115352879380987,0.7111996568073405,-0.04207381069813751,-0.04207381069813731,0.06311071604720597,0.0631107235915529,7.5443469249592e-09
2,263,-0.586668713897359,0.06163467803017447,0.807478164781027,-0.08776441177738369,-0.08776441177738363,0.13164661766607547,0.13164662970854835,1.2042472880002819e-08
2,264,0.6160867595522012,0.7532988312298599,-0.23016944969347142,-0.038860430418823484,-0.038860430418823304,0.05829064562823496,0.05829065424789448,8.619659520869849e-09
2,265,0.013173806664225775,0.6561656845364283,0.7545018523866022,-0.07148934888473077,-0.07148934888473071,0.10723402332709607,0.10723403137680165,8.049705582657829e-09
2,266,-0.7950525625199227,0.4168698682738142,0.44058022624248255,-0.10983682979039511,-0.1098368297903951,0.16475524468559266,0.16475525388415235,9.19855969172545e-09
2,267,-0.38295014987131015,-0.7745133168204998,0.5034662896175364,-0.03786242812065707,-0.03786242812065686,0.056793642180985295,0.05679365033817163,8.157186336121836e-09
2,268,0.44965346242673987,0.721840836529604,-0.5260775327324729,-0.03974705989786231,-0.03974705989786209,0.05962058984679314,0.05962059734798686,7.501193721726196e-09
2,269,-0.01837297148599627,0.6565391868483448,0.7540681202990144,-0.07381193210893301,-0.07381193210893296,0.11071789816339944,0.11071790706473905,8.901339609845849e-09
2,270,-0.569968730821432,0.11807959576106501,0.8131376605167845,-0.09024640794179764,-0.09024640794179757,0.13536961191269636,0.13536962245597195,1.0543275585916945e-08
2,271,0.4816564102933509,-0.7420684391446918,-0.4661990283652295,-0.10355663286944425,-0.10355663286944419,0.1553349493041663,0.15533495878461423,9.480447926701885e-09
2,272,0.6776376000269352,-0.32693759595461047,0.6587253535284301,-0.04611705200674592,-0.046117052006745825,0.06917557801011874,0.06917558609265129,8.082532546027643e-09
2,273,0.09101840553495093,-0.9131668493770715,-0.3972932859395286,-0.07592052858124412,-0.07592052858124407,0.1138807928718661,0.11388080062291195,7.75104584682662e-09
2,274,-0.8632089636649418,-0.3820799832921673,-0.32997753168352895,-0.042321657649999234,-0.04232165764999923,0.06348248647499885,0.06348249287357888,6.398580026933942e-09
2,275,-0.664173732604351,0.702449103157118,0.2558095197449943,-0.10533841711461113,-0.10533841711461109,0.15800762567191665,0.15800763614182145,1.0469904804244479e-08
2,276,0.5607641049156584,0.7186768431982546,-0.41115351596299343,-0.040597526308607024,-0.04059752630860682,0.06089628946291024,0.060896297726653614,8.26374337709046e-09
2,277,0.55414083278667,-0.8197025278705422,0.14496793866623986,-0.07940414494953066,-0.07940414494953064,0.11910621742429597,0.11910622488287004,7.458574063923251e-09
2,278,0.0015483958318910863,0.9287395243340673,0.3707296837455539,-0.06871116641529,-0.06871116641528995,0.10306674962293493,0.10306675929383502,9.670900094627122e-09
2,279,-0.4483124955651169,-0.37042889021161796,0.8135098915297627,-0.056037561022296206,-0.05603756102229603,0.08405634153344406,0.08405634799313333,6.459689269600055e-09
2,280,0.13293489768719965,0.27695914407867595,-0.9516417106706184,-0.048480727553868265,-0.04848072755386815,0.07272109133080222,0.0727210999751371,8.644334872909276e-09
2,281,0.35006712953667507,0.7075662721703442,0.6138427936409413,-0.048999205337409944,-0.0489992053374099,0.07349880800611486,0.07349881397944458,5.973329719743958e-09
2,282,0.02019725091679245,0.6208371116142902,0.7836793680439914,-0.0705001132125421,-0.07050011321254204,0.10575016981881306,0.10575017805880549,8.239992424496911e-09
2,283,-0.9394623398362175,0.1999414966275887,-0.2782694916008206,-0.06818151948465317,-0.06818151948465312,0.10227227922697968,0.1022722878607496,8.633769921218004e-09
2,284,0.699845446892399,-0.6692771703487765,-0.24956846698634236,-0.10611332681982268,-0.10611332681982262,0.15916999022973394,0.15916999940301935,9.173285409058707e-09
2,285,0.42268346931654444,0.8392697281750191,-0.3420014738792207,-0.03708492403024826,-0.037084924030248066,0.0556273860453721,0.05562739435749364,8.31212153967753e-09
2,286,-0.27004713460823454,0.8322840605676194,-0.4841257973037146,-0.04898862594570691,-0.0489886259457068,0.0734829389185602,0.07348294889242268,9.973862485912477e-09
2,287,-0.15619672642106627,0.9694095465206034,0.18933492485556047,-0.07374575203154152,-0.07374575203154146,0.11061862804731219,0.11061863508521341,7.037901220141585e-09
2,288,-0.2471020770531351,0.6251245518999158,0.7403781858806726,-0.0900425729560995,-0.09004257295609945,0.1350638594341492,0.13506386981054774,1.0376398545952625e-08
2,289,0.6776943751226185,-0.23038576230474234,-0.698321369037513,-0.1010878260471454,-0.10108782604714538,0.15163173907071809,0.15163175021148945,1.1140771360995672e-08
2,290,-0.9512040984514085,-0.28749169922364837,0.11206822014622378,-0.062350272139478594,-0.062350272139478524,0.09352540820921779,0.09352541935347958,1.114426179116279e-08
2,291,-0.03450712900328158,-0.7352335358477183,-0.6769349346966904,-0.07046761236146773,-0.07046761236146769,0.10570141854220154,0.10570142955357298,1.1011371439662021e-08
2,292,0.8439067893669012,0.14820651918779423,-0.5156124111488072,-0.08065827154538247,-0.08065827154538237,0.12098740731807356,0.12098741869470686,1.1376633302084826e-08
2,293,-0.3003406883937366,0.6318967188940968,0.7144942319893499,-0.09382736431715397,-0.0938273643171539,0.14074104647573085,0.14074105630923484,9.833503983314174e-09
2,294,-0.8526661887058761,0.5170368312537936,0.07505521810528235,-0.09906488715865171,-0.09906488715865164,0.14859733073797746,0.14859734137617764,1.0638200181878332e-08
2,295,-0.6931405527717378,-0.4658526431631033,0.5500340798180055,-0.05631065739132437,-0.05631065739132419,0.08446598608698629,0.08446599530920196,9.222215671678136e-09
2,296,0.02523068128529932,-0.30117760702043866,0.9532342113831846,-0.042348912931902336,-0.04234891293190222,0.06352336939785333,0.06352337961201826,1.0214164930522074e-08
2,297,-0.47360558480628473,-0.7280083244235278,-0.49568299306143687,-0.04239935646454392,-0.042399356464543875,0.06359903469681581,0.06359904269892525,8.002109433413729e-09
2,298,-0.6221208628806678,-0.46227457084320067,-0.6318764540005806,-0.03760557470976391,-0.03760557470976386,0.05640836206464579,0.05640837102971474,8.965068951094501e-09
2,299,0.9332644645958038,-0.33555863983271705,-0.12813211290041399,-0.09745726711748195,-0.0974572671174819,0.14618590067622286,0.14618590921111618,8.53489331986701e-09
2,300,0.364439795721915,-0.9101787165454754,-0.19687137740616292,-0.08757382378594057,-0.08757382378594053,0.1313607356789108,0.1313607458919286,1.021301779258188e-08
2,301,-0.5601377889973185,0.6595522547390688,0.501234955490742,-0.10778145378502002,-0.10778145378501995,0.16167218067752995,0.16167219091256513,1.0235035180494734e-08
2,302,0.3069000744014705,0.11577114039325688,-0.9446742228855494,-0.06355918936414336,-0.06355918936414326,0.09533878404621489,0.09533879380407839,9.757863503323527e-09
2,303,0.6164943557499826,-0.6728185091925175,0.4089620557171194,-0.06388756073677204,-0.06388756073677199,0.09583134110515798,0.09583134980006847,8.6949104860512e-09
2,304,0.40097408160170517,0.10024448631685345,-0.9105881774143234,-0.06911598028759755,-0.06911598028759745,0.10367397043139619,0.10367397634825082,5.9168546312493575e-09
2,305,0.16125759471886722,0.9864304995903227,0.030835979366184513,-0.049587257584923126,-0.049587257584923015,0.07438088637738453,0.07438089449918195,8.121797415161502e-09
2,306,0.371351328972002,0.8812406543028061,0.2924262294574311,-0.04499183591451143,-0.04499183591451135,0.06748775387176703,0.06748776260057099,8.728803957414044e-09
2,307,-0.07107272477206195,0.48190908295511536,-0.8733340160321447,-0.03783592014358046,-0.03783592014358034,0.056753880215370506,0.05675388770054468,7.485174174926001e-09
2,308,-0.34538492833330514,-0.7839278854983839,0.515913095024957,-0.03750527603397075,-0.03750527603397056,0.05625791405095584,0.05625792193209023,7.881134383991295e-09
2,309,0.6486620611200596,0.526365707553412,0.5497059872106832,-0.037338181756627654,-0.03733818175662762,0.05600727263494143,0.05600728075760841,8.122666983467752e-09
2,310,-0.27265568201441914,0.14412717877881387,0.9512550842978511,-0.07459010827242128,-0.07459010827242125,0.11188516240863189,0.11188517196059067,9.551958779496772e-09
2,311,-0.05313526762669004,0.8474765995991609,-0.5281666938250494,-0.041079275266446266,-0.04107927526644613,0.06161891289966919,0.0616189224644792,9.56481000652376e-09
2,312,0.5641390823204964,-0.7689398703988275,0.30079656166522706,-0.0697664697080496,-0.06976646970804959,0.10464970456207438,0.10464971528234557,1.072027118464991e-08
2,313,-0.3822028504859885,-0.5941627799417917,0.7077369370127768,-0.04342336818850634,-0.04342336818850615,0.06513505228275923,0.06513506262129098,1.0338531752918101e-08
2,314,0.8904302167105125,0.43954723583125277,0.11803498058615784,-0.04637848978802959,-0.04637848978802954,0.06956773468204432,0.06956774184496695,7.162922630032931e-09
2,315,-0.06094090869424923,0.9318278089466928,-0.35774731322698256,-0.046753061139857374,-0.04675306113985723,0.07012959170978585,0.07012960212549046,1.0415704618238486e-08
2,316,0.5202032810576823,-0.766482541269,-0.3766869526631335,-0.10338592721145466,-0.10338592721145462,0.15507889081718193,0.15507889972177225,8.904590315106375e-09
2,317,-0.11637690156641693,0.8518248073929209,-0.5107356598983605,-0.04323669303136149,-0.04323669303136136,0.06485503954704204,0.06485504772113515,8.174093110713265e-09
2,318,0.6283699115634549,0.1795143673247011,-0.7569186522776064,-0.0742281361261234,-0.07422813612612329,0.11134220418918495,0.11134221322706139,9.037876447237636e-09
2,319,0.7376911578245432,-0.5601051337809698,0.3769535711194241,-0.06787434053391622,-0.06787434053391615,0.10181151080087424,0.1018115203255121,9.524637870073072e-09
2,320,-0.8161921485126337,0.5391968075191955,-0.20759860179548073,-0.08086953990543955,-0.08086953990543948,0.12130430985815922,0.1213043179792983,8.121139080663475e-09
2,321,0.1596766766423118,0.8944249993877534,0.41774068440443274,-0.05899916507296598,-0.05899916507296592,0.08849874760944888,0.08849875554606257,7.936613685699534e-09
2,322,-0.31503406089660213,-0.5275751867685861,0.7889347012149279,-0.04451727850638682,-0.04451727850638665,0.06677591775957997,0.06677592506720842,7.307628446806547e-09
2,323,0.2408113030392018,-0.8449681464640436,0.477534027886684,-0.048325199488468834,-0.04832519948846874,0.07248779923270311,0.07248780881097261,9.578269496990366e-09
2,324,-0.11096129472373364,-0.10697600287842154,-0.9880504672745156,-0.051035122831897234,-0.05103512283189719,0.0765526842478458,0.07655269335105075,9.103204953730959e-09
2,325,-0.5229936182034727,-0.6755141504686483,-0.5197675517335233,-0.0405420795396196,-0.04054207953961956,0.06081311930942934,0.06081312814432138,8.834892040177067e-09
2,326,0.0163475242974996,0.16154243614676794,-0.9867303581896677,-0.04805993419718141,-0.048059934197181325,0.07208990129577199,0.07208991043006208,9.134290088197439e-09
2,327,0.6507881580189869,0.1504983559259285,0.7441942073449959,-0.037173545361755225,-0.037173545361755135,0.055760318042632706,0.055760325523568355,7.480935648729314e-09
2,328,0.35566106322225566,0.9341333410217517,0.03000182159727102,-0.04147032874139749,-0.041470328741397375,0.06220549311209606,0.062205500472867215,7.360771152320478e-09
2,329,-0.8140419019059815,0.5283547700855636,-0.24119912700738308,-0.07831228081182898,-0.07831228081182891,0.11746842121774337,0.11746842804027935,6.822535980610667e-09
2,330,0.14891721761798957,0.35138499103232085,-0.924311771197431,-0.04627387164800293,-0.0462738716480028,0.0694108074720042,0.0694108173715513,9.899547098735084e-09
2,331,0.8697609608549784,-0.24582133812709633,-0.42788753276302444,-0.10390227364992657,-0.10390227364992657,0.15585341047488988,0.15585342044710515,9.972215275766416e-09
2,332,-0.8765204191352672,-0.2080806703151497,-0.43406726377386895,-0.0445656209763205,-0.044565620976320434,0.06684843146448066,0.06684844067184059,9.207359930041292e-09
2,333,0.5606025924675934,0.21603826274160068,-0.7994074069898304,-0.06937371660649537,-0.06937371660649522,0.10406057490974283,0.10406058376100091,8.851258087583247e-09
2,334,0.951784850315736,0.2892587850832317,0.10215162241308053,-0.0544347729793397,-0.0544347729793397,0.08165215946900956,0.08165216974775902,1.0278749462688808e-08
2,335,-0.053987662465870986,-0.920433272240616,-0.38715361764279455,-0.06547584494112707,-0.06547584494112701,0.09821376741169052,0.09821377600083281,8.589142286297147e-09
2,336,0.40209476314185827,0.3040934615935262,0.8636243211431459,-0.042465040068135375,-0.04246504006813531,0.06369756010220297,0.06369756666568804,6.5634850748841345e-09
2,337,-0.6409428111014175,-0.30879586650983853,0.702735672727556,-0.06599214395395085,-0.06599214395395069,0.09898821593092604,0.09898822733722668,1.1406300640115496e-08
2,338,-0.07883922775128337,0.6499458277292949,0.7558801473678635,-0.07819073505450069,-0.07819073505450064,0.11728610258175096,0.11728610999073297,7.408982011236631e-09
2,339,0.012116695302468289,0.890976954602516,0.4538868273723892,-0.06982393159682505,-0.069823931596825,0.1047358973952375,0.10473590605908356,8.663846057244129e-09
2,340,0.49955929280168127,0.8643824766915962,-0.05730136965192225,-0.03734679533581204,-0.037346795335811894,0.05602019300371784,0.05602020097805749,7.974339646943385e-09
2,341,-0.23665952265201345,-0.8222987778730263,-0.5175103769458621,-0.05541630236463767,-0.05541630236463762,0.08312445354695644,0.08312446425629005,1.0709333614355998e-08
2,342,0.6485514373278062,-0.14614092975789747,-0.7470099475840558,-0.09541918715293668,-0.09541918715293662,0.14312878072940494,0.14312879076383567,1.0034430730776478e-08
2,343,0.9556858730671011,0.09618447231878027,-0.2782320242257006,-0.08031891613568226,-0.08031891613568222,0.12047837420352334,0.12047838421347379,1.0009950451861371e-08
2,344,-0.7440168838112025,-0.5717432208648578,0.345757958692126,-0.04869334379909479,-0.04869334379909461,0.07304001569864192,0.07304002541674848,9.718106555589578e-09
2,345,0.5043636985443382,0.7275435596589142,0.4650780884856993,-0.041043043091453034,-0.041043043091452985,0.06156456463717948,0.06156457149630867,6.85912919518028e-09
2,346,0.6178962202722966,-0.27384055967052695,-0.7370316199814916,-0.10076967607523488,-0.10076967607523488,0.15115451411285233,0.15115452084435432,6.731501994705624e-09
2,347,0.6735770683993065,0.1802277893564715,-0.7168067221157145,-0.07565069209092302,-0.0756506920909229,0.11347603813638435,0.11347604661482436,8.47844000562148e-09
2,348,-0.6849524663676352,0.299024354622498,-0.6643978884369608,-0.04551017043898351,-0.04551017043898341,0.06826525565847512,0.0682652656625038,1.0004028674903687e-08
2,349,0.8709707728007463,-0.48859879912436094,-0.05177959464019822,-0.09738630383936371,-0.09738630383936367,0.14607945575904552,0.14607946380307268,8.044027166587142e-09
2,350,-0.45828582690369074,-0.13233188362017695,-0.87889838629772,-0.03866361219247517,-0.0386636121924751,0.05799541828871265,0.05799542512896494,6.84025228819829e-09
2,351,0.896080750907901,0.13807182162884665,0.4218713784134027,-0.047447821918344985,-0.04744782191834492,0.0711717328775174,0.07117174349868804,1.0621170651314848e-08
2,352,0.6943864026818897,0.6413500289165297,-0.3263397986444052,-0.04442869280206699,-0.04442869280206683,0.06664303920310025,0.06664304802450616,8.821405911296765e-09
2,353,-0.15573022446254076,0.620556562632265,-0.7685425490907282,-0.037482980969508986,-0.03748298096950886,0.05622447145426329,0.056224479239030956,7.78476766383207e-09
2,354,-0.7858390702459634,-0.5572398853415637,-0.268217571869333,-0.03868622084533455,-0.038686220845334504,0.058029331268001756,0.05802934105458846,9.786586700755162e-09
2,355,0.4272694429906205,0.1068427652441573,0.8977891994234877,-0.03907674099155333,-0.039076740991553255,0.05861511148732988,0.058615119702398744,8.215068861283648e-09
2,356,0.00010501236228628678,0.9532291421531288,0.3022485591734291,-0.06698957074075526,-0.0669895707407552,0.10048435611113281,0.10048436527299032,9.16185750876597e-09
2,357,0.6495316297611154,0.39216021361651027,0.6513977500698955,-0.037158881412447844,-0.03715888141244779,0.05573832211867168,0.05573833200545053,9.886778847001398e-09
2,358,-0.38378629393579594,-0.5751280028998552,-0.7224512861553026,-0.046595966162729534,-0.04659596616272949,0.06989394924409424,0.06989395867629256,9.432198314063278e-09
2,359,-0.05248098094314273,0.9214195276055669,-0.3850088320887968,-0.04550135995748074,-0.045501359957480614,0.06825203993622092,0.06825204984517441,9.908953491066796e-09
2,360,-0.6472658118415743,0.7575842498762752,-0.08433903699040556,-0.08671024055226405,-0.08671024055226403,0.13006536082839606,0.1300653709734867,1.014509062868818e-08
2,361,-0.6166910258862375,0.7850503096549885,-0.058208160097933594,-0.08725628340910777,-0.08725628340910775,0.13088442511366163,0.13088443523434634,1.0120684706960148e-08
2,362,-0.6128354103796664,-0.38943127200857514,-0.6875871175106244,-0.037538149381494586,-0.03753814938149453,0.0563072240722418,0.05630723248772895,8.41548715435625e-09
2,363,0.782212278357301,-0.5608076466898638,-0.2713645794890277,-0.10795303094746657,-0.10795303094746654,0.16192954642119983,0.1619295572630186,1.0841818776086143e-08
2,364,0.3660428418889845,0.8318228260949624,-0.4172330570427349,-0.0370783180135901,-0.0370783180135899,0.05561747702038485,0.055617487004777644,9.984392791706487e-09
2,365,0.15247496659357654,-0.9339702303025592,0.32318878920976224,-0.05170277894032929,-0.051702778940329173,0.07755416841049377,0.077554175581529,7.171035223962896e-09
2,366,-0.7600143114441569,0.57865359890739,0.29586865138366636,-0.10864143876345722,-0.10864143876345715,0.16296215814518575,0.16296216737154978,9.226364033887435e-09
2,367,0.9036258531305766,0.3776520653972774,0.20208719666324168,-0.046517348248551596,-0.046517348248551575,0.06977602237282737,0.06977603078661687,8.413789498451507e-09
2,368,-0.7404760636827782,-0.2598850043657224,0.6198023746475054,-0.07164436387622773,-0.07164436387622757,0.10746654581434135,0.10746655509930036,9.284959009980831e-09
2,369,-0.8015172803982596,0.4702842173352102,0.36932750256159724,-0.1097391820454154,-0.10973918204541536,0.16460877306812305,0.1646087863238499,1.3255726849514815e-08
2,370,-0.13202012444496564,-0.9760328097073567,-0.1730047430456705,-0.0550529400240821,-0.055052940024082016,0.08257941003612303,0.08257941969125326,9.655130236985165e-09
2,371,-0.9287232044829379,0.3570316741217179,-0.1000079653266998,-0.08505726227410326,-0.08505726227410322,0.12758589341115484,0.12758590295369743,9.542542589446867e-09
2,372,-0.973733029400296,0.22634860438536705,0.024704184821985418,-0.08774319112720436,-0.08774319112720433,0.1316147866908065,0.131614795451096,8.760289493814355e-09
2,373,-0.13597818350724544,-0.9745006061437669,-0.1784895017515066,-0.05497347906328262,-0.054973479063282545,0.08246021859492382,0.08246022614732951,7.552405686950259e-09
2,374,0.1052972426072246,0.9939057538231868,-0.03261660951843557,-0.050490711436272526,-0.0504907114362724,0.0757360671544086,0.0757360771319604,9.97755179865667e-09
2,375,-0.11400489956801384,0.9823068482609213,-0.14858041167725453,-0.05734188124578247,-0.05734188124578236,0.08601282186867354,0.08601282880382755,6.935154006626476e-09
2,376,-0.20623801640129527,-0.4867780499972308,-0.8488303780095011,-0.055500866103687804,-0.055500866103687756,0.08325129915553164,0.08325130862463226,9.469100614722947e-09
2,377,-0.2695419900493187,0.04974756553710718,-0.9617028102919238,-0.040863401995680525,-0.040863401995680455,0.061295102993520686,0.06129511204155946,9.048038776549028e-09
2,378,0.8871659488831859,0.33347996506477373,0.31894778889748354,-0.04437160650924436,-0.044371606509244356,0.06655740976386654,0.06655741929817438,9.534307843228618e-09
2,379,0.39974927406231314,0.8642541024008558,0.3053937857421867,-0.04390647765487807,-0.04390647765487799,0.06585971648231699,0.06585972461836676,8.13604976446225e-09
2,380,0.8019073688379651,-0.5943262076052449,-0.06099943243128823,-0.09869519404974142,-0.09869519404974136,0.14804279107461205,0.14804280024094396,9.166331915722026e-09
2,381,0.05022987314578644,-0.4436421177177713,0.8947953013011687,-0.03867397103639816,-0.03867397103639803,0.05801095655459705,0.05801096547575213,8.921155078556176e-09
2,382,0.03606875311065163,-0.16024752335054895,-0.9864176480117629,-0.06085772201848539,-0.06085772201848536,0.09128658302772805,0.0912865935620566,1.0534328548361671e-08
2,383,0.9334985830145139,-0.16823652659718052,-0.3166652280065034,-0.09754815552680157,-0.09754815552680154,0.14632223329020233,0.1463222418229826,8.532780260139816e-09
2,384,0.16474507419374584,0.9193632521174985,-0.3572537910013473,-0.03982753717185355,-0.03982753717185338,0.059741305757780076,0.05974131328523313,7.527453056710431e-09
2,385,-0.34981339086912516,0.6748216654704872,0.6498048256055681,-0.09748614448721292,-0.09748614448721288,0.14622921673081932,0.1462292273379795,1.0607160177977804e-08
2,386,-0.47921092396810666,-0.09692770502224284,0.8723313076743001,-0.07314088462113666,-0.07314088462113653,0.10971132693170481,0.10971133584947168,8.917766872174049e-09
2,387,-0.43776467891532095,-0.7649528726612044,0.47245019684781303,-0.03839579119612622,-0.03839579119612602,0.057593686794189025,0.05759369509084067,8.296651643480146e-09
2,388,-0.16621004574642004,-0.035214308221585236,0.9854614011667064,-0.06012700957347835,-0.06012700957347828,0.09019051436021742,0.09019052310543785,8.74522042282333e-09
2,389,0.6519819275423717,0.7524489511118478,0.09348872728202881,-0.037116892051552886,-0.037116892051552774,0.05567533807732916,0.055675349053263545,1.0975934383594677e-08
2,390,0.13027977554496512,0.1682299133909662,-0.9771007503448257,-0.0526773083910482,-0.0526773083910481,0.07901596258657216,0.07901597015580464,7.569232476911658e-09
2,391,0.20383113114928259,0.2647297242831452,0.942534372346905,-0.05067110426727634,-0.0506711042672763,0.07600665640091446,0.07600666623863717,9.837722705907659e-09
2,392,0.3439236938923013,0.8060977964841164,-0.4815836742279858,-0.03722966434546264,-0.03722966434546243,0.05584449651819365,0.055844505408852996,8.890659347615681e-09
2,393,-0.7434857838771696,0.6563935878297119,-0.12797010208868767,-0.08624087967886343,-0.08624087967886339,0.1293613195182951,0.12936132859353577,9.075240670064488e-09
2,394,0.36181677025893716,0.8798047041076508,0.3082731051996599,-0.04565801297865134,-0.04565801297865126,0.0684870194679769,0.06848702854833633,9.080359422708462e-09
2,395,-0.9694893338460148,0.01739935711116929,0.24451522228877404,-0.08656627674124577,-0.08656627674124574,0.12984941511186862,0.1298494256563032,1.0544434575487927e-08
2,396,-0.22199602925930034,-0.8296224121571739,-0.512293291230342,-0.05630500265869422,-0.05630500265869417,0.08445750398804126,0.08445751320529382,9.217252558424427e-09
2,397,-0.6358307544671787,0.6472746334763902,-0.4204221694103475,-0.06346667842208287,-0.0634666784220828,0.0952000176331242,0.0952000270282305,9.395106290166488e-09
2,398,0.17491288762903817,-0.8737935094946678,-0.4537514567538747,-0.08331440758839297,-0.08331440758839291,0.12497161138258937,0.12497162193980671,1.0557217336448765e-08
2,399,-0.35770974277652473,-0.42814902294991913,0.8298988818342763,-0.05004739707134782,-0.05004739707134765,0.07507109560702148,0.07507110350024604,7.893224560073797e-09
2,400,-0.49091175212754184,-0.7603476232145701,-0.42529653595464567,-0.04133184290001721,-0.04133184290001715,0.06199776435002573,0.061997772193844725,7.843818997099739e-09
2,401,0.09963455918296281,-0.35775928061124596,-0.9284833072020954,-0.07214735447866863,-0.07214735447866862,0.10822103171800293,0.10822104185015391,1.0132150979336174e-08
2,402,0.7157175908504698,0.15973978625355284,-0.6798761143288302,-0.07823026306682329,-0.0782302630668232,0.1173453946002348,0.11734540422692064,9.626685837371696e-09
2,403,0.5242276371882787,-0.152590186318548,0.8377956907547718,-0.03736296437679159,-0.037362964376791506,0.05604444656518726,0.056044452412251644,5.847064381281353e-09
2,404,0.7215120744098805,0.5833824350841981,-0.3729413639112485,-0.04813768492505726,-0.048137684925057087,0.07220652738758564,0.07220653658324139,9.195655750748877e-09
2,405,0.31365827704017213,0.19151803289666255,-0.9300211440174807,-0.06002081174396382,-0.0600208117439637,0.09003121761594556,0.09003122830586463,1.0689919074935439e-08
2,406,0.11338005347501726,-0.8234638712365242,-0.5559246497882239,-0.08067587507381374,-0.08067587507381369,0.12101381261072053,0.12101381979823245,7.187511918971268e-09
2,407,-0.6545956484619612,-0.15694681295314825,-0.7395081033487828,-0.037183595917567515,-0.03718359591756743,0.05577539387635115,0.055775402352242764,8.475891613568542e-09
2,408,-0.043536407984838786,0.9447490521835732,-0.3248904578131186,-0.04726898363241958,-0.047268983632419444,0.07090347544862917,0.07090348447258421,9.023955041542742e-09
2,409,0.49779458241226276,0.5436609357543521,-0.6757465062105042,-0.04818374927811772,-0.04818374927811752,0.07227562391717629,0.0722756340887365,1.017156020521881e-08
2,410,0.8848799034806684,0.15672809366262352,-0.4386614424278967,-0.07944219543077273,-0.07944219543077263,0.11916329314615895,0.11916330422412358,1.107796462895827e-08
2,411,0.7286073880656114,0.2841972785598219,0.623187917818854,-0.037576976112861274,-0.037576976112861205,0.05636546416929181,0.05636547201204323,7.842751420517047e-09
2,412,-0.6075946467494466,0.274693534429719,0.7452329886578586,-0.10033946071234208,-0.10033946071234208,0.15050919106851313,0.1505092009357334,9.867220263082288e-09
2,413,-0.7220854984211088,-0.5643691921853016,-0.4000999223719604,-0.03714724090129387,-0.037147240901293836,0.05572086135194076,0.05572086958505196,8.23311119974024e-09
2,414,0.30365218304671177,-0.9267595118074415,0.22116093462770278,-0.06343491555857847,-0.06343491555857841,0.09515237333786762,0.09515237903157114,5.6937035225468335e-09
2,415,0.4752712876691509,0.20394775292672712,-0.8558752930149612,-0.06662673835053219,-0.06662673835053208,0.09994010752579813,0.09994011590519492,8.379396787550064e-09
2,416,0.07245757440533217,0.456053106963343,-0.8869980065030459,-0.04083901804212399,-0.040839018042123844,0.06125852706318577,0.06125853851957075,1.1456384979569023e-08
2,417,-0.29251248928464574,-0.6265113260269651,0.7224403103180455,-0.040600033328834176,-0.04060003332883398,0.06090004999325097,0.06090005860714953,8.613898559717281e-09
2,418,0.9158446379984518,0.29879033971614527,-0.2682404368133096,-0.06605014701000107,-0.06605014701000096,0.09907522051500145,0.09907522996455143,9.449549975837357e-09
2,419,0.8423161377890201,-0.09934359061730072,-0.5297493511307498,-0.09724170854867185,-0.09724170854867184,0.14586256282300777,0.1458625706329819,7.809974139627585e-09
2,420,0.5505051935847646,-0.8211741756954491,0.15038951096103945,-0.07891724187429965,-0.07891724187429963,0.11837586281144945,0.11837587299279306,1.0181343615411897e-08
2,421,0.5392076215075596,-0.7145325722857673,0.4457559243025774,-0.059547129741613025,-0.05954712974161297,0.08932069461241945,0.0893207022234499,7.61103044477629e-09
2,422,-0.23354243090066806,-0.4001105153786908,-0.8862107584837847,-0.052168584350851734,-0.052168584350851685,0.07825287652627753,0.07825288611540415,9.589126617748356e-09
2,423,0.2685430379395885,0.8958668827228056,0.3539875212697472,-0.051221937577946956,-0.051221937577946894,0.07683290636692035,0.07683291364246614,7.275545790830229e-09
2,424,-0.02191831118312414,-0.02140765182392488,-0.9995305398427131,-0.052669780375951256,-0.0526697803759512,0.07900467056392681,0.07900467779986542,7.235938612182302e-09
2,425,-0.6270489931260885,0.6691372144412742,-0.39882947291960635,-0.06481932529017087,-0.06481932529017083,0.09722898793525625,0.09722899568798127,7.752725017518003e-09
2,426,-0.9162355676017009,-0.041688697102097244,-0.39846510160303716,-0.05205895930882006,-0.05205895930882,0.07808843896323,0.07808844959544814,1.0632218133688198e-08
2,427,0.3617051707979221,-0.8372403024608198,0.41011955007456147,-0.055877834457621144,-0.055877834457621074,0.08381675168643161,0.08381676047664044,8.79020882471604e-09
2,428,0.1813566675270434,0.030780591510806397,0.9829355596018137,-0.045713246308510286,-0.04571324630851023,0.06856986946276535,0.06856987616599142,6.703226071436141e-09
2,429,-0.8432406598369026,0.12700870908879738,-0.5223159746871835,-0.050620052975725714,-0.05062005297572563,0.07593007946358846,0.07593008999329243,1.0529703969863746e-08
2,430,-0.6649978898188482,-0.7463550958088232,-0.027053234495736312,-0.03746685275239966,-0.03746685275239954,0.05620027912859931,0.05620028747932437,8.350725062833408e-09
2,431,-0.6165629890669666,0.47950671595825595,0.6244384596289182,-0.1083658640916885,-0.10836586409168845,0.1625487961375327,0.16254880635946378,1.0221931079357205e-08
2,432,-0.03473624351028358,0.9173923215651448,-0.39646528438201045,-0.044523008962900554,-0.0445230089629004,0.0667845134443506,0.06678452374453414,1.0300183539424523e-08
2,433,-0.5682918527049585,-0.8199684741922646,-0.06852788833734143,-0.03722742508339719,-0.03722742508339707,0.055841137625095606,0.055841145596424724,7.971329117617554e-09
2,434,-0.38531636981959877,0.762198973775612,0.5201769117564237,-0.09892920388511602,-0.09892920388511596,0.14839380582767395,0.1483938125157458,6.6880718463391275e-09
2,435,-0.7778386709623982,0.3577350635724461,-0.5167132921130132,-0.05584540099105734,-0.05584540099105725,0.08376810148658588,0.08376811050370137,9.017115484843963e-09
2,436,0.7339645239334189,0.2780833509711674,0.6196496812876099,-0.03769210595937514,-0.037692105959375076,0.05653815893906262,0.05653816859130245,9.652239833790599e-09
2,437,-0.08204947223335111,0.45689781799566925,-0.8857269714855842,-0.03801220852451731,-0.038012208524517165,0.05701831278677575,0.05701832200832868,9.22155293098248e-09
2,438,0.16076411076488145,0.6055727440438576,0.7793821606639258,-0.06038307984886276,-0.0603830798488627,0.09057461977329406,0.09057462696526741,7.191973350195724e-09
2,439,0.668377010704781,0.43399155400865363,0.6040889856722229,-0.03709038203742423,-0.03709038203742418,0.05563557305613627,0.055635583640079034,1.058394276387542e-08
2,440,0.542611521770717,0.6421559468611191,-0.5414872818013055,-0.04399640633089167,-0.04399640633089146,0.0659946094963372,0.06599461671585871,7.219521508394777e-09
2,441,-0.3928150166684374,0.9072268799541409,-0.15045182274884528,-0.07164921592527008,-0.07164921592527004,0.10747382388790507,0.107473831223448,7.335542936970363e-09
2,442,-0.33833554975583086,0.8973525382343921,-0.2833504506714496,-0.06175646309895168,-0.06175646309895163,0.09263469464842745,0.09263470407416818,9.425740729596122e-09
2,443,-0.21750184108765938,-0.8456442992234899,-0.48742042254535367,-0.05630558892637604,-0.056305588926375987,0.08445838338956399,0.08445839444481962,1.1055255627612226e-08
2,444,-0.5036020062824017,0.05311899218698609,-0.8623012187961807,-0.037046928236964996,-0.03704692823696492,0.05557039235544738,0.05557040105852451,8.703077127025782e-09
2,445,-0.9160789502287242,0.2403906861366191,-0.32095431912751105,-0.06670586607157562,-0.06670586607157553,0.10005879910736329,0.10005880846097881,9.35361552101277e-09
2,446,0.8977475095988693,-0.267905772134329,-0.3496797195522455,-0.10323496326932358,-0.10323496326932356,0.15485244490398536,0.1548524516947758,6.790790429977989e-09
2,447,-0.7177894853450104,-0.5710976446252497,-0.39827846418258317,-0.037116912766018854,-0.03711691276601883,0.05567536914902824,0.05567537680883916,7.659810917493015e-09
2,448,-0.24435736102209987,0.9542898904937093,-0.17210544737404287,-0.06295690132578786,-0.06295690132578777,0.09443535198868165,0.09443536092001992,8.931338266182642e-09
2,449,0.5276124873153913,-0.7425970533486023,-0.41252233828829105,-0.10472845832134886,-0.10472845832134883,0.15709268748202326,0.15709269579611274,8.314089472438724e-09
2,450,0.8881404265588099,0.33778206419256473,0.3116245494529358,-0.04445862411356663,-0.04445862411356662,0.06668793617034993,0.06668794405584322,7.885493286119427e-09
2,451,-0.7084744142418256,0.2996985707480004,-0.6389403501550893,-0.0470273692218492,-0.0470273692218491,0.07054105383277366,0.0705410618806468,8.04787313180011e-09
2,452,-0.4284392833432901,0.3666444735824768,0.8258399424099784,-0.09455740068448341,-0.09455740068448341,0.14183610102672514,0.14183610952400727,8.49728212792833e-09
2,453,-0.762085136510438,0.044397134008739236,-0.6459528924013557,-0.04242417604787905,-0.04242417604787896,0.06363626407181844,0.06363627125249849,7.180680050566934e-09
2,454,-0.8136082588031973,0.2518482348207068,0.5240363230014917,-0.10496243463932463,-0.1049624346393246,0.1574436519589869,0.1574436622742148,1.0315227894075463e-08
2,455,-0.49022231287157564,0.5642681170167761,0.6642917853482647,-0.1043511070422834,-0.10435110704228337,0.15652666056342507,0.15652666801591053,7.452485462078329e-09
2,456,-0.030654235630986036,-0.7258675761250067,-0.6871510603704891,-0.070730353996594,-0.07073035399659393,0.1060955309948909,0.10609553929841198,8.303521079056075e-09
2,457,-0.7070036652695332,-0.6594560346750636,-0.25546732790336835,-0.0371900603406811,-0.03719006034068104,0.05578509051102157,0.055785098762584084,8.251562516603528e-09
2,458,-0.9476831663922872,-0.28067252305205953,0.15205114580390264,-0.0640744748594071,-0.06407447485940704,0.09611171228911056,0.09611172135937096,9.070260403865049e-09
2,459,0.5438550555012891,0.7818385091312737,0.30487739215146314,-0.03888867825003186,-0.0388886782500318,0.058333017375047695,0.05833302729740808,9.92236038471761e-09
2,460,0.17719568544045292,-0.7129122475767763,-0.6784967327233915,-0.08596332118466557,-0.08596332118466551,0.12894498177699829,0.12894499218374378,1.0406745493130032e-08
2,461,0.6847480835376516,-0.315711630352191,0.6568456657022828,-0.046123986183151264,-0.04612398618315117,0.06918597927472675,0.06918598471905568,5.4443289321248756e-09
2,462,0.9489570022479443,-0.3154049423420466,0.0005746571196115609,-0.08982437143171446,-0.08982437143171441,0.13473655714757163,0.13473656773621556,1.0588643933884256e-08
2,463,0.6978829376826813,0.5122983996923051,-0.5005094953785534,-0.05314699527991899,-0.05314699527991882,0.07972049291987823,0.07972050242166517,9.501786940591117e-09
2,464,-0.9936788396160235,-0.061284770104103874,0.09405605059027262,-0.07589649541387761,-0.07589649541387761,0.11384474312081641,0.11384475445685993,1.1336043520548955e-08
2,465,0.27375193702251915,0.04013960262191097,0.9609623766192794,-0.042463350786643185,-0.042463350786643116,0.06369502617996468,0.06369503674497068,1.056500599505572e-08
2,466,0.6791833089077415,0.385730730412092,0.6244372158326931,-0.03703791252945019,-0.03703791252945016,0.055556868794175235,0.055556877154305795,8.360130560047807e-09
2,467,-0.6108917959698978,-0.6514203261271367,0.4499586340154922,-0.044071750206014663,-0.04407175020601448,0.06610762530902173,0.06610763464420799,9.335186262893203e-09
2,468,0.2826961401830266,-0.8502529928410791,0.44401885150340903,-0.05129383501595393,-0.05129383501595384,0.07694075252393076,0.07694076070707823,8.183147465201657e-09
2,469,-0.5124720003142629,-0.7816748602392901,0.3554671036309612,-0.038213157646707935,-0.03821315764670775,0.057319736470061625,0.05731974200839929,5.5383376634798864e-09
2,470,0.7609348228186955,0.5984155002815283,0.2507530347666576,-0.03806932301138042,-0.03806932301138037,0.057103984517070557,0.05710399236802388,7.85095332495045e-09
2,471,-0.692582913301522,-0.7093533100954644,-0.13094575082599813,-0.03736923371117504,-0.03736923371117494,0.05605385056676241,0.05605386016460656,9.597844151387758e-09
2,472,-0.012664937973775764,0.8147105471221456,0.57972952637765,-0.07352301654997664,-0.07352301654997657,0.11028452482496487,0.1102845328948554,8.069890533590751e-09
2,473,0.09467945138833167,-0.4905909149131584,-0.8662311214043714,-0.07598179832664544,-0.07598179832664541,0.11397269748996812,0.11397270766044798,1.0170479861071335e-08
2,474,0.4474379475458766,-0.45036370097031053,0.7726395148736946,-0.03989298239012196,-0.03989298239012187,0.05983947358518281,0.05983947920507049,5.619887680219371e-09
2,475,0.9559296814724493,0.2692133063528492,0.11714367145752627,-0.054899937430266776,-0.05489993743026675,0.08234990614540012,0.08234991438760275,8.24220262873876e-09
2,476,0.8104987696317425,-0.5396428898092247,0.227765879586431,-0.07937680563091212,-0.07937680563091207,0.1190652084463681,0.11906521740767673,8.961308625710096e-09
2,477,0.9985592468077286,0.04902973987010549,-0.021806311541654685,-0.07339853648393502,-0.07339853648393502,0.11009780472590253,0.11009781281101638,8.08511385619326e-09
2,478,0.03085607108074539,-0.9978852359208105,-0.05720977896066892,-0.060898706079151266,-0.06089870607915119,0.09134805911872679,0.09134806661093009,7.492203302206235e-09
2,479,0.994091833682555,-0.105145389199293,0.02694203659311112,-0.07925722304453565,-0.07925722304453563,0.11888583456680345,0.11888584422470316,9.657899716075669e-09
2,480,-0.20256928888375006,0.9299077897002331,-0.306980758120047,-0.05455381472048609,-0.05455381472048598,0.08183072208072897,0.08183073108014582,8.999416850619113e-09
2,481,-0.32301891475454025,-0.7047361489929763,0.6316690122313653,-0.038895148496297306,-0.03889514849629709,0.05834272274444564,0.05834272925886452,6.514418886272022e-09
2,482,0.6170765412740239,-0.6195267462386332,-0.48518362802578174,-0.10961207390191906,-0.10961207390191902,0.16441811085287852,0.16441811939715834,8.544279811451005e-09
2,483,-0.3985587140991157,0.10901137976200827,-0.9106412413777681,-0.03751409253856794,-0.03751409253856785,0.05627113880785178,0.056271147463871074,8.656019297170747e-09
2,484,0.051406023095687266,0.998675862542918,-0.001985538628272441,-0.054211636105122266,-0.05421163610512215,0.08131745415768322,0.08131746248585259,8.328169362470383e-09
2,485,-0.5379185151109501,-0.6078685847644233,-0.5840714466204694,-0.0400446228115008,-0.040044622811500764,0.06006693421725115,0.06006694447391325,1.0256662102969827e-08
2,486,-0.8061383483398478,0.1347165868003458,0.5761878205730897,-0.09912733263623896,-0.0991273326362389,0.14869099895435836,0.1486910081172077,9.162849340382806e-09
2,487,-0.3549171397606638,0.052248052803015185,0.9334366421361456,-0.07490057444300191,-0.07490057444300184,0.11235086166450277,0.11235087166161506,9.997112290771604e-09
2,488,-0.3413960093275541,-0.9160431507996791,-0.21050822000153993,-0.04506725450228973,-0.04506725450228964,0.06760088175343447,0.06760089016344395,8.410009480486202e-09
2,489,0.9667482345238795,0.252835479408981,0.038367582631603364,-0.05895100254671672,-0.058951002546716674,0.08842650382007501,0.08842651472162899,1.0901553978981404e-08
2,490,0.6126053182935893,-0.6312984003227893,-0.4755807541819763,-0.10938604978844002,-0.10938604978843997,0.16407907468265995,0.16407908226545587,7.582795918947838e-09
2,491,0.44974286977534367,0.5080870989381503,0.734560311328384,-0.04295684432746284,-0.042956844327462794,0.0644352664911942,0.06443527655886072,1.0067666519897323e-08
2,492,-0.5050008799236367,0.23191146290453896,0.8313790860069966,-0.09292543814431735,-0.09292543814431732,0.139388157216476,0.1393881621236659,4.907189904423959e-09
2,493,-0.886706256004762,0.2307271096400234,-0.40064574930876035,-0.06108641372603456,-0.06108641372603448,0.09162962058905173,0.09162963304776284,1.2458711104446074e-08
2,494,0.8626084484305976,0.5058212931087572,0.0071752445213797604,-0.046223928822961884,-0.046223928822961786,0.06933589323444268,0.06933590229740716,9.06296447611421e-09
2,495,0.4954028201163078,0.567247255942938,-0.6578803815634087,-0.046940486685203404,-0.04694048668520321,0.07041073002780482,0.07041073973867995,9.71087513179647e-09
2,496,0.06591086252954523,-0.9100946798728905,0.40912520316850753,-0.04513219411178293,-0.0451321941117828,0.0676982911676742,0.06769830113162456,9.963950359237472e-09
2,497,-0.9555331300292758,-0.16424830136446578,-0.2449059674963906,-0.05453726002286865,-0.05453726002286862,0.08180589003430294,0.0818058995544213,9.52011836030664e-09
2,498,-0.7784885459138627,-0.017200275517061322,-0.6274230904286651,-0.04196815385986556,-0.041968153859865485,0.06295223078979824,0.06295223925478766,8.464989417755753e-09
2,499,-0.9973920834792693,-0.016252432229609145,-0.07031991367674116,-0.0706941717964781,-0.07069417179647808,0.10604125769471712,0.10604126604585318,8.35113606045823e-09
2,500,-0.6795556521310567,-0.6009140942464337,-0.4208400729406867,-0.03706833165752767,-0.037068331657527646,0.05560249748629147,0.05560250732061789,9.834326415714134e-09
2,501,0.07128151969285823,0.6544186912242254,-0.7527649842591303,-0.03730595910580624,-0.03730595910580607,0.05595893865870911,0.05595894858601014,9.927301029832858e-09
2,502,-0.5443512898596019,-0.4873570726267954,-0.6827625919665108,-0.039437987204856834,-0.03943798720485679,0.05915698080728519,0.059156989029585105,8.222299917315379e-09
2,503,0.17185208973266963,-0.8946262391883322,-0.4124448465070881,-0.08208885424377702,-0.08208885424377697,0.12313328136566547,0.1231332910633931,9.697727634816466e-09
2,504,0.8722591919349433,-0.006494901122410174,-0.4890007345029351,-0.09128951038584493,-0.09128951038584486,0.1369342655787673,0.136934273642364,8.063596679264151e-09
2,505,-0.8296560688635162,0.44419518043758616,0.3381736966027321,-0.10859147072705091,-0.10859147072705086,0.1628872060905763,0.16288721621515734,1.012458103466507e-08
2,506,-0.7606925278799591,-0.6477889228991812,-0.04142933015046371,-0.03969341223336396,-0.03969341223336386,0.059540118350045794,0.05954012699538325,8.64533745287277e-09
2,507,0.09453154857273145,0.6026045228112094,-0.7924213370498777,-0.03814453468843926,-0.03814453468843909,0.05721680203265864,0.05721681045622873,8.42357009145367e-09
2,508,0.013619278086386624,0.9318894690190099,-0.3624865967120348,-0.043997486207602264,-0.043997486207602125,0.0659962293114032,0.06599624041703223,1.1105629027508002e-08
2,509,0.03269925840721898,0.9915211732272234,0.1257637528929858,-0.059485946559309194,-0.05948594655930912,0.08922891983896368,0.0892289298004556,9.961491923005106e-09
2,510,0.6958510256842699,0.19642152374730495,-0.6908038325479501,-0.07516875929145901,-0.07516875929145889,0.11275313893718833,0.11275314709680018,8.159611847302628e-09
2,511,-0.7420285988527807,-0.6646159221573902,-0.0876312415720599,-0.03861148251348245,-0.03861148251348235,0.05791722377022353,0.05791723073356181,6.963338280985276e-09
3,0,-0.870466383662239,-0.20434626914992696,-0.4478067409033604,-0.058800447035268176,-0.058800447035268065,0.08820067055290211,0.08820065511283559,1.5440066516991813e-08
3,1,0.09561984846283104,0.951359966290753,-0.2928669648820131,-0.06391729617558979,-0.0639172961755896,0.0958759442633844,0.09587592803006473,1.6233319674596736e-08
3,2,-0.4652638125341181,0.5937133883114507,-0.6565317945735404,-0.03709694748854656,-0.03709694748854637,0.055645421232819556,0.055645404950510624,1.6282308931692135e-08
3,3,0.72887871223626,-0.6810560228335868,-0.06998940356159851,-0.05468147969420482,-0.054681479694204685,0.08202221954130703,0.08202220430630902,1.5234998013147205e-08
3,4,0.05812255555648809,-0.5684580401272827,0.820656581738203,-0.03711893797156043,-0.03711893797156024,0.05567840695734036,0.05567838967657224,1.728076812201884e-08
3,5,0.11156977101555976,0.383072823768578,-0.9169555048558808,-0.04046566874283792,-0.04046566874283781,0.060698503114256716,0.06069848651479859,1.6599458127486422e-08
3,6,-0.5779771788463918,-0.7288899450710039,-0.3669629800227198,-0.09376485279153704,-0.09376485279153693,0.1406472791873054,0.14064726189255694,1.7294748466678556e-08
3,7,-0.7982802992582838,0.34561918606385533,-0.4932503847344297,-0.0380872619442983,-0.03808726194429814,0.057130892916447205,0.05713087641856518,1.6497882025789945e-08
3,8,0.7821406297774405,-0.06198326740731179,-0.6200113787769241,-0.04404415613569962,-0.044044156135699584,0.06606623420354939,0.06606622054983191,1.3653717476080907e-08
3,9,0.11973932686774139,0.2016408547547712,-0.9721128840289205,-0.048386880309098476,-0.0483868803090984,0.07258032046364761,0.07258030287893291,1.758471469825995e-08
3,10,0.6913025700817436,0.5826577487616189,0.427329737329873,-0.08547517503051383,-0.08547517503051372,0.12821276254577058,0.12821274736340982,1.5182360757481916e-08
3,11,0.7663201060383478,-0.05490415987936744,-0.6401086066514934,-0.04442348388075064,-0.04442348388075061,0.06663522582112592,0.06663521123773108,1.4583394838951769e-08
3,12,-0.8742768895018591,-0.07315836916016305,-0.4798830831617001,-0.05246581938165847,-0.052465819381658355,0.07869872907248754,0.07869871004873019,1.902375734719186e-08
3,13,-0.6932717809134322,-0.7048671553057594,0.150121721147489,-0.06100342166734463,-0.06100342166734454,0.09150513250101681,0.09150511459665722,1.7904359592146868e-08
3,14,0.8205799724936116,-0.5699937701351891,0.04190000894340008,-0.04469248322224854,-0.044692483222248426,0.06703872483337264,0.06703871208157963,1.2751793010412626e-08
3,15,0.8643315871593028,0.4671584521484689,-0.18626295397885026,-0.047758617784832,-0.047758617784831967,0.07163792667724796,0.07163791088116156,1.5796086397235065e-08
3,16,-0.7448747408008971,-0.1693329089572096,0.6453588044343128,-0.03853845629145663,-0.03853845629145662,0.05780768443718493,0.057807668374376675,1.606280825711126e-08
3,17,0.06920035661589426,-0.9831039681269007,0.1694635609721888,-0.07107881177193008,-0.07107881177192991,0.10661821765789488,0.10661820176727232,1.5890622553915712e-08
3,18,0.4542883798473558,0.1511754948784862,-0.8779339597509083,-0.045196305602978416,-0.04519630560297837,0.06779445840446756,0.06779444089444198,1.7510025582256894e-08
3,19,-0.5782852636976142,-0.5370254522002733,0.6141578115429883,-0.03865227564684405,-0.038652275646843974,0.057978413470265965,0.05797839847110353,1.499916243291599e-08
3,20,-0.8387819267007676,-0.1879479396551947,-0.5109994632282066,-0.0604038435606355,-0.06040384356063539,0.09060576534095309,0.09060574790442644,1.743652665309181e-08
3,21,-0.11101973817935326,0.7767844848992284,0.6199036068248259,-0.10660746773822899,-0.10660746773822893,0.1599112016073434,0.15991118568203788,1.5925305518749155e-08
3,22,0.3859568055600907,-0.9116120742564593,-0.14142407967417017,-0.07984396486618321,-0.07984396486618306,0.11976594729927459,0.11976593189411133,1.5405163256154708e-08
3,23,-0.5193995360409568,-0.30802130895842644,-0.7970865669348447,-0.08236905875960429,-0.08236905875960421,0.12355358813940631,0.1235535701527013,1.7986705014294557e-08
3,24,0.3344331050579517,0.5697694005811623,-0.7506779125581622,-0.0373155729349854,-0.03731557293498526,0.05597335940247789,0.055973344015303184,1.538717470800366e-08
3,25,-0.18313486345883553,-0.4033587964935253,0.8965284730989911,-0.03936768884612253,-0.03936768884612241,0.05905153326918362,0.059051517842245715,1.5426937907681015e-08
3,26,-0.9180073511030379,0.38008750625716087,-0.11311936575138884,-0.03801436901865331,-0.03801436901865319,0.05702155352797979,0.05702153749176375,1.603621603563088e-08
3,27,-0.6970224898401203,0.6572712370299165,-0.28662548670738064,-0.042225340781381904,-0.04222534078138174,0.0633380111720726,0.06333799179580879,1.9376263815651384e-08
3,28,0.8282147239245884,0.4672350448046933,-0.3094378515645335,-0.043864943697495044,-0.043864943697495,0.06579741554624251,0.06579739947332186,1.6072920647203226e-08
3,29,-0.182248594620387,-0.3996072496858885,-0.8983871636201031,-0.0930593661543922,-0.09305936615439216,0.13958904923158824,0.13958903199995376,1.723163448041909e-08
3,30,-5.147503238238925e-05,-0.053303121105619536,0.998578376809112,-0.058765199322654525,-0.05876519932265446,0.0881477989839817,0.08814778490462416,1.4079357540941473e-08
3,31,-0.9803512195164632,0.1934253534465624,-0.03870554271232837,-0.03703707886601858,-0.0370370788660185,0.055555618299027755,0.05555560178560626,1.6513421498276504e-08
3,32,-0.26084533570932367,-0.949681840179664,-0.17339006105211882,-0.09650238202164658,-0.09650238202164643,0.14475357303246966,0.14475355497589604,1.805657362519142e-08
3,33,-0.37851881266940757,0.45570622175186715,0.8056397134650078,-0.08270083337550034,-0.0827008333755003,0.12405125006325045,0.12405123456238343,1.5500867020512565e-08
3,34,0.9630268580784872,0.01269314457748692,-0.2691062145328722,-0.03706184825630887,-0.03706184825630883,0.055592772384463245,0.05559275678690412,1.5597559126223626e-08
3,35,-0.3210503883997902,-0.4435315477379396,-0.8367833735618385,-0.09536059097254,-0.09536059097253995,0.14304088645880994,0.1430408722025156,1.4256294339487496e-08
3,36,0.47231745474839393,-0.5550656089068549,0.6847031413312351,-0.037066371067911906,-0.037066371067911726,0.05559955660186759,0.05559954024958458,1.6352283013776336e-08
3,37,0.12348775302083922,-0.9375769108417905,-0.3251158426011098,-0.10022362317829092,-0.10022362317829084,0.15033543476743627,0.1503354177256888,1.704174745764675e-08
3,38,-0.10398112348401951,-0.9790630263587113,0.1749957610238674,-0.07277954449247373,-0.07277954449247358,0.10916931673871037,0.10916930276438919,1.3974321186327465e-08
3,39,0.9452147507175355,-0.32636531900625415,0.00739956592870726,-0.03829091556307794,-0.03829091556307785,0.05743637334461678,0.05743635705934835,1.6285268425453303e-08
3,40,0.3368574562291519,0.8761376131115964,0.3448332018149346,-0.10355790493410565,-0.10355790493410555,0.15533685740115832,0.15533684200041975,1.5400738573312367e-08
3,41,0.6524146932688025,-0.38007534024757833,0.6556659238840019,-0.039102863155052646,-0.03910286315505249,0.05865429473257874,0.058654278656256054,1.6076322689739797e-08
3,42,-0.23239712084673939,0.9712545588464722,0.05153794856308177,-0.08162845112441955,-0.08162845112441938,0.12244267668662907,0.12244266017757965,1.6509049419188848e-08
3,43,0.8731626807800574,0.4540280578737905,-0.17732866535430067,-0.047529212043559026,-0.04752921204355899,0.0712938180653385,0.07129380280579412,1.5259544378087853e-08
3,44,-0.16367855816063043,-0.8250347881315527,-0.5408575856648227,-0.1108540256469063,-0.11085402564690622,0.16628103847035933,0.16628102506022202,1.3410137306157921e-08
3,45,0.811392091620375,-0.5822704841552064,-0.05102898134956854,-0.048125244665157475,-0.048125244665157385,0.07218786699773608,0.07218784875417938,1.8243556693109397e-08
3,46,-0.13955333191327604,-0.45686354534438506,0.8785218087715648,-0.038286719131765005,-0.03828671913176488,0.057430078697647324,0.05743006209479873,1.660284859594796e-08
3,47,0.3363632530517629,0.46548330135212335,-0.8186483116447282,-0.03731812324079108,-0.03731812324079097,0.05597718486118646,0.055977167345844236,1.7515342225216113e-08
3,48,-0.2164199537496941,0.6535573588482378,-0.7252759352924211,-0.03739396975431522,-0.03739396975431503,0.05609095463147255,0.05609093883807148,1.579340107304983e-08
3,49,-0.8663185167258044,0.4901911441066445,0.09594201278596014,-0.045210151156187976,-0.045210151156187886,0.06781522673428184,0.06781521039167515,1.6342606684593974e-08
3,50,-0.05705095722206477,-0.9948653646813221,0.08359482303077173,-0.07920172502422335,-0.07920172502422317,0.11880258753633476,0.11880257333451993,1.4201814821368508e-08
3,51,-0.13593630042327065,-0.9762590552773357,-0.16864038429818176,-0.0967346055427856,-0.0967346055427855,0.14510190831417827,0.1451018930009873,1.5313190965260404e-08
3,52,-0.2649744938248429,0.512317433589185,-0.8168961775298372,-0.03783302011897761,-0.03783302011897742,0.05674953017846613,0.05674951480960644,1.5368859691833325e-08
3,53,0.6962410053670114,0.6980670050428796,-0.16718528319202505,-0.05975403190475243,-0.059754031904752335,0.08963104785712851,0.08963103176329312,1.6093835389363598e-08
3,54,0.9239703369751713,-0.2527711657756338,0.28702883852047945,-0.03763060625594764,-0.037630606255947524,0.056445909383921286,0.05644589379238951,1.5591531773995193e-08
3,55,0.7898302984861689,0.48529413714873154,0.37504359752209804,-0.07473420334359998,-0.07473420334359988,0.11210130501539983,0.11210128936234298,1.565305685069518e-08
3,56,-0.9757758939525557,-0.20924689129100413,0.06385251182327384,-0.042071692305656536,-0.04207169230565649,0.06310753845848474,0.06310752337368442,1.5084800325526615e-08
3,57,0.727478805828898,-0.565674961515554,-0.3883122776633996,-0.0621449555230425,-0.06214495552304245,0.09321743328456368,0.0932174185064305,1.4778133175519237e-08
3,58,-0.5242260084671903,0.16371361184317126,-0.8356942894048162,-0.05061978409839188,-0.05061978409839173,0.07592967614758761,0.0759296583940916,1.7753496006633895e-08
3,59,-0.25119005225085517,-0.27369788316297816,-0.9284357955197102,-0.08394363098071077,-0.08394363098071067,0.125915446471066,0.12591543085971324,1.5611352766065067e-08
3,60,-0.827528274823454,0.24361955393287155,-0.5058126800597892,-0.040363795844919136,-0.040363795844919004,0.060545693767378506,0.060545680968804305,1.27985742004455e-08
3,61,-0.4057786622489614,0.166468434288596,0.8986834468537555,-0.06411340905236336,-0.06411340905236336,0.09617011357854505,0.09617009688600575,1.6692539295259934e-08
3,62,0.5390780256296904,-0.7904803123438497,-0.2907503363368043,-0.07652880239681692,-0.07652880239681682,0.11479320359522524,0.11479318468010646,1.8915118776829942e-08
3,63,-0.46100424032734505,0.09822335794210309,0.8819451583600791,-0.05806613770396199,-0.05806613770396199,0.08709920655594298,0.08709918897231717,1.7583625819272974e-08
3,64,0.7776006731981914,0.10347528748634431,0.6201855028306756,-0.05942595196784984,-0.05942595196784973,0.0891389279517746,0.089138912917619,1.503415560100141e-08
3,65,0.6697925857251361,0.6007705639851744,-0.4364087780471099,-0.044382682902722924,-0.04438268290272285,0.06657402435408427,0.06657400880571984,1.5548364429296413e-08
3,66,0.25995364762584694,0.29794700233065363,0.9185051360162307,-0.08569973819748787,-0.08569973819748777,0.12854960729623166,0.12854959319241743,1.4103814227617306e-08
3,67,0.9092840191326007,-0.3881296473567364,0.15019304042731005,-0.03778930628286468,-0.03778930628286458,0.056683959424296874,0.056683943649993296,1.5774303578630633e-08
3,68,-0.9570656316083396,0.04256718311915725,-0.2867288121473496,-0.04211805256675621,-0.042118052566756096,0.06317707885013416,0.06317706219283181,1.665730234301499e-08
3,69,-0.9792851093958983,0.05629890978035206,0.19450220377416638,-0.03709370127690167,-0.03709370127690159,0.05564055191535239,0.05564053384699008,1.8068362306333796e-08
3,70,-0.8402423884421288,0.09273981996592555,-0.5342209790505745,-0.046159228522602104,-0.04615922852260198,0.06923884278390298,0.0692388271716915,1.561221148194125e-08
3,71,0.612784778886211,-0.4491629669324374,-0.6501903136019697,-0.0690683941705444,-0.06906839417054439,0.10360259125581658,0.1036025765177584,1.4738058190522096e-08
3,72,-0.6994092352691744,0.5354732079296045,-0.4733869085745475,-0.03728319580505751,-0.03728319580505734,0.05592479370758601,0.055924777309090956,1.639849505491453e-08
3,73,0.4059282037828219,-0.8605830646164012,0.3076021493245698,-0.052304212592327655,-0.05230421259232746,0.0784563188884912,0.07845630395353353,1.4934957659473724e-08
3,74,0.0645073426633453,-0.05544051120398571,0.996376009576683,-0.059220837731357064,-0.059220837731356994,0.0888312565970355,0.08883124097414097,1.5622894533606768e-08
3,75,0.5575195153592816,-0.4343122472263616,-0.7074919518289516,-0.07196095924441591,-0.07196095924441588,0.10794143886662383,0.10794142663028694,1.223633688818282e-08
3,76,0.6940868640888908,0.5303931226525278,-0.4867510252091412,-0.04103831092076995,-0.04103831092076988,0.06155746638115482,0.061557452191163264,1.4189991556778914e-08
3,77,0.5662344754280336,-0.21857223167135073,-0.7947356153960543,-0.06059613178093488,-0.06059613178093485,0.09089419767140228,0.09089418245844527,1.5212957005239502e-08
3,78,0.3282490124228477,0.8931751629406363,-0.3073934191706016,-0.061828533989320464,-0.06182853398932029,0.09274280098398044,0.09274278567339422,1.531058621551118e-08
3,79,-0.11650871075856051,0.2532567581828178,-0.9603576077441714,-0.04744919456863251,-0.0474491945686324,0.0711737918529486,0.07117377520682311,1.6646125491903696e-08
3,80,0.7995582183656413,0.5596395461504945,0.21796842392518698,-0.071515710068967,-0.07151571006896693,0.10727356510345039,0.1072735483775844,1.672586598389092e-08
3,81,0.808905469123139,-0.5717646033455367,-0.13695685592110912,-0.05067625083832767,-0.05067625083832757,0.07601437625749137,0.07601436008419782,1.617329355163566e-08
3,82,0.43295281106165245,-0.8961510166405215,0.09728935588219696,-0.06386993005247674,-0.06386993005247658,0.09580489507871488,0.09580487791982506,1.7158889822899148e-08
3,83,-0.389042599145191,0.07077484392282354,-0.9184970209630808,-0.05807188294049251,-0.0580718829404924,0.0871078244107386,0.0871078084663246,1.59444139974374e-08
3,84,0.7910965850348574,0.058245182885587166,0.6089118916697317,-0.05621373462665225,-0.056213734626652134,0.0843206019399782,0.08432058801188802,1.3928090181192232e-08
3,85,-0.34564283891171016,0.025115699176496333,-0.9380299726362317,-0.06152981572247644,-0.06152981572247634,0.09229472358371452,0.0922947079873282,1.559638632131488e-08
3,86,-0.0529771243065409,-0.6835527782260826,-0.7279759774055826,-0.10814144049237727,-0.1081414404923772,0.1622121607385658,0.16221214788059157,1.2857974240887415e-08
3,87,-0.3315910907970016,0.8126131399594793,0.4792778247209551,-0.09517968938501642,-0.09517968938501635,0.14276953407752455,0.14276951842973062,1.564779392171367e-08
3,88,0.1526034791150792,-0.8471450154995404,0.5089769158579368,-0.046602631290714826,-0.046602631290714604,0.06990394693607191,0.06990393125461125,1.568146065777931e-08
3,89,-0.9236484988902849,-0.16180740859743364,-0.34740727255011034,-0.052466525863206395,-0.0524665258632063,0.07869978879480945,0.07869977169949749,1.7095311957704418e-08
3,90,-0.6121478868156763,0.3847070147556324,-0.6908512701478602,-0.03939685450461011,-0.03939685450460995,0.05909528175691493,0.05909526618053107,1.5576383863291632e-08
3,91,-0.11100541975856651,0.4047592300811539,-0.9076605987087553,-0.040693359841850775,-0.040693359841850636,0.06104003976277596,0.061040024423864025,1.5338911932283317e-08
3,92,0.5049182872831252,-0.31006025226726275,0.8055558100659674,-0.04330712222301483,-0.04330712222301468,0.06496068333452203,0.0649606660130253,1.7321496723066154e-08
3,93,-0.7111042942977757,0.6606791738691831,0.24048640678174715,-0.06143356471777084,-0.06143356471777075,0.09215034707665613,0.09215033319742716,1.3879228974444935e-08
3,94,0.963930769934101,-0.2025137755008217,0.17270101767694987,-0.03738133952045563,-0.03738133952045553,0.0560720092806833,0.05607199149437747,1.7786305830935767e-08
3,95,0.7847152683050381,0.4220989157471644,0.45393221191497307,-0.07419966645992634,-0.07419966645992625,0.11129949968988938,0.11129948213062235,1.7559267026512337e-08
3,96,-0.14253763276617012,0.5387570100986202,-0.8303155468344621,-0.03744229208327393,-0.03744229208327377,0.05616343812491066,0.056163422523791695,1.5601118966146466e-08
3,97,-0.8615484625820883,-0.49009125962641825,-0.13245679997731563,-0.062377753700479356,-0.06237775370047928,0.09356663055071893,0.0935666141788083,1.6371910632750897e-08
3,98,-0.9163224964608454,0.07437405098790192,-0.39347373866550844,-0.043416191739903284,-0.04341619173990318,0.06512428760985478,0.06512427125349163,1.6356363152780773e-08
3,99,0.8997130681084662,-0.04338414729583726,-0.4343204011306211,-0.03913511558723363,-0.03913511558723359,0.05870267338085039,0.058702658012332876,1.5368517514158242e-08
3,100,-0.22841114378915844,-0.9723606388398386,0.04840596479680156,-0.08210479713678415,-0.082104797136784,0.123157195705176,0.12315718028732547,1.541785052405764e-08
3,101,0.9181424586835601,-0.13594878284939288,-0.37219934713037256,-0.04010524080845112,-0.04010524080845108,0.06015786121267662,0.06015784398405444,1.7228622181675313e-08
3,102,0.5563850742806852,0.8155566156203996,0.15906934285234292,-0.0868334296517837,-0.08683342965178358,0.13025014447767538,0.1302501287381297,1.573954569455971e-08
3,103,-0.37631693222540724,-0.7681610455471263,0.5179905159599005,-0.04673070707440517,-0.04673070707440502,0.07009606061160753,0.07009604424679239,1.6364815141889366e-08
3,104,-0.21469883759780134,-0.2265932548239034,0.950031528951783,-0.045896710743248546,-0.04589671074324847,0.0688450661148727,0.0688450491059811,1.700889160072272e-08
3,105,0.12367216291945593,-0.9626162274677946,0.24098795557972327,-0.06481562110269135,-0.06481562110269115,0.09722343165403673,0.09722341681728253,1.4836754200220348e-08
3,106,0.34555848732120986,-0.6829682120159335,-0.6435400167946326,-0.09394450769615784,-0.09394450769615778,0.14091676154423668,0.1409167463273242,1.521691248007606e-08
3,107,-0.7262760163203142,0.2841403641935077,0.6259292304676907,-0.055275200738931676,-0.055275200738931655,0.0829128011083975,0.08291278497107868,1.613731881455749e-08
3,108,-0.4762164072201677,0.15030841581948584,0.8663863535560518,-0.06054419107792761,-0.060544191077927606,0.09081628661689141,0.09081626978213464,1.6834756769168457e-08
3,109,-0.33236424380013657,0.6404869662463747,0.6923225083092985,-0.09346898301736617,-0.0934689830173661,0.14020347452604917,0.14020345856513572,1.5960913452017778e-08
3,110,-0.8357733562360057,-0.54868845240727,0.020588326812002913,-0.05853847051666613,-0.05853847051666607,0.08780770577499912,0.08780769028549074,1.5489508384258777e-08
3,111,0.47168241933567506,-0.5984817513215075,-0.6475610308108306,-0.08378097237909508,-0.08378097237909506,0.1256714585686426,0.1256714413089277,1.7259714879536148e-08
3,112,0.4691863856107904,0.21132300755796535,-0.8574419642367284,-0.04242885365787553,-0.04242885365787549,0.06364328048681324,0.06364326288199607,1.760481717349993e-08
3,113,0.9018220202014077,0.4236766206843147,-0.08494212715355796,-0.04948718176914716,-0.04948718176914712,0.07423077265372069,0.07423075765178311,1.5001937581082814e-08
3,114,0.7279598081772073,-0.5620148964148871,0.3927006161013341,-0.038144242156197466,-0.03814424215619729,0.05721636323429594,0.05721634693811595,1.6296179995711757e-08
3,115,0.9436482764074787,-0.004983852552165409,-0.330912513584683,-0.03741252290746474,-0.03741252290746468,0.05611878436119703,0.05611876935374127,1.5007455757276578e-08
3,116,0.7105403650984686,-0.011022624553328085,0.7035701040505425,-0.05540742964591749,-0.05540742964591736,0.08311114446887605,0.0831111304777643,1.3991111741384898e-08
3,117,0.4498147033520348,0.7726613303209482,0.4479522310190936,-0.10253662124015811,-0.10253662124015801,0.15380493186023703,0.1538049174132361,1.4447000928896614e-08
3,118,0.6164862646085233,-0.6879041666317824,-0.3830568405337027,-0.07248346527136483,-0.07248346527136476,0.10872519790704714,0.10872518163562717,1.6271419975288914e-08
3,119,-0.8094787186226817,-0.451956095818544,-0.3748064721285375,-0.07222282791972504,-0.07222282791972494,0.10833424187958741,0.10833422353639932,1.834318809346147e-08
3,120,0.45844159228357056,-0.8707118598336857,-0.1780229300103459,-0.0775105201955748,-0.0775105201955747,0.11626578029336204,0.11626576368328756,1.6610074482503734e-08
3,121,-0.9130003438019815,-0.38759491540991226,-0.12728139599268468,-0.05606085272539816,-0.056060852725398076,0.08409127908809712,0.08409126034392145,1.8744175669938024e-08
3,122,0.7783033662006645,-0.3614444111915438,-0.5134216666436201,-0.05447821744472271,-0.05447821744472267,0.081717326167084,0.08171730930817134,1.6858912668671344e-08
3,123,0.37252111063047244,0.7255808939209742,0.5785848153136057,-0.10655556810994012,-0.10655556810994002,0.15983335216491004,0.15983333545577239,1.6709137656834017e-08
3,124,-0.23750167342502518,-0.6515767070721271,-0.7204448278122039,-0.10737914361183148,-0.10737914361183143,0.16106871541774714,0.16106870004417573,1.537357141589979e-08
3,125,0.56087786941846,-0.722971655750506,-0.4033955881984592,-0.07750718452148048,-0.0775071845214804,0.11626077678222059,0.11626076074078284,1.60414377475826e-08
3,126,-0.22378951115882034,-0.9738201068270635,0.03990807229900431,-0.08274495008666624,-0.08274495008666609,0.12411742512999914,0.12411741218132377,1.2948675368051887e-08
3,127,-0.7983903773517347,0.42485249800601294,-0.4267003167214729,-0.0370578827026636,-0.03705788270266345,0.055586824053995176,0.05558680599149213,1.8062503048810186e-08
3,128,0.39384596044353043,0.8868772144148858,-0.24152466953503043,-0.06558526830691784,-0.0655852683069177,0.09837790246037656,0.09837788500499656,1.7455380002528997e-08
3,129,0.6784360031078801,0.6051673697149071,-0.4165297640257481,-0.04516305810079848,-0.045163058100798396,0.0677445871511976,0.06774456967617581,1.747502179072491e-08
3,130,0.631392693708593,-0.42484991310182973,0.6487263041289251,-0.038181708523903124,-0.03818170852390295,0.05727256278585443,0.057272549203180034,1.3582674394940764e-08
3,131,-0.5268301097331858,-0.4845109201151315,0.6983546403996382,-0.037218616409505134,-0.03721861640950506,0.05582792461425759,0.05582790757463485,1.7039622740577798e-08
3,132,0.8021890679938971,-0.42716323928924765,0.4171621581483628,-0.03704423198025914,-0.03704423198025898,0.05556634797038847,0.05556633209113926,1.587924921414574e-08
3,133,0.44386112573773867,-0.23052363954383198,-0.8659365754316495,-0.06658333120485437,-0.06658333120485434,0.09987499680728151,0.09987498189589772,1.4911383794391497e-08
3,134,0.6504735427644769,0.26081933239413146,0.7133424465240451,-0.0747044683697996,-0.07470446836979948,0.11205670255469923,0.11205669031566501,1.223903421665451e-08
3,135,-0.49855096008854183,0.7164661647748319,0.4879786623692028,-0.08347582616578372,-0.08347582616578365,0.1252137392486755,0.12521372411145038,1.5137225112260566e-08
3,136,0.8664512756378805,0.24506023486061496,0.43498007797547433,-0.060814194805713866,-0.06081419480571377,0.09122129220857066,0.09122127497818155,1.7230389101619004e-08
3,137,0.6398108065228832,-0.4570436436936206,-0.6178618289033533,-0.06750665634694879,-0.06750665634694877,0.10125998452042316,0.1012599712413298,1.3279093366569406e-08
3,138,-0.2751205692558178,0.31857684470402414,0.9070928653620768,-0.07855667501813467,-0.07855667501813463,0.11783501252720194,0.11783499592743496,1.6599766977654085e-08
3,139,-0.7705975965098473,0.29261017764719394,-0.5661789718724322,-0.04001278423176332,-0.040012784231763174,0.06001917634764476,0.060019160474933386,1.5872711374431692e-08
3,140,0.358255964582351,-0.8616400848088043,0.3594843920003282,-0.05078855454572747,-0.050788554545727276,0.07618283181859092,0.0761828142237242,1.759486673025279e-08
3,141,-0.21634013411702324,0.7860212350333031,0.5791092854090228,-0.10228530215303064,-0.10228530215303057,0.15342795322954586,0.15342793840966706,1.4819878796368258e-08
3,142,-0.5427131937104338,0.6976167020124007,-0.46775348897251684,-0.040354318412052385,-0.04035431841205219,0.06053147761807829,0.06053146178741642,1.5830661871663043e-08
3,143,0.6347038054876496,0.7522763238869058,-0.1767241121598829,-0.06224181089204858,-0.06224181089204848,0.09336271633807272,0.09336269951587539,1.6822197329569022e-08
3,144,0.24945319269047464,0.6119310342466638,0.7505421467061908,-0.10558606647945573,-0.10558606647945568,0.1583790997191835,0.15837908623472785,1.3484455663181905e-08
3,145,0.2253475197959111,0.955509950467375,0.1903135041968023,-0.0978114372640487,-0.09781143726404856,0.14671715589607284,0.14671713982616907,1.6069903768789473e-08
3,146,-0.0008067074149995608,0.997495483416921,0.07072559498505199,-0.08919318728089383,-0.08919318728089366,0.1337897809213405,0.1337897639897001,1.693164039529016e-08
3,147,0.9159199990582498,-0.39540552392392836,0.0688841562014045,-0.038777331879677315,-0.03877733187967722,0.05816599781951583,0.0581659817533442,1.6066171629192105e-08
3,148,-0.11896357916899036,0.04704106925786918,0.9917836480979003,-0.06387787211031988,-0.06387787211031984,0.09581680816547976,0.09581679200065807,1.6164821689534925e-08
3,149,0.6651208038145029,-0.6932110353211581,0.2776198423061967,-0.043835140848861476,-0.0438351408488613,0.06575271127329196,0.06575269634323533,1.4930056635442668e-08
3,150,0.43168873330824314,0.8867423031662991,-0.1653267229157217,-0.07032354778936724,-0.07032354778936711,0.10548532168405067,0.10548530521292676,1.647112390923411e-08
3,151,0.21855448029321636,0.5911367929028334,-0.776396310668923,-0.037206588024386866,-0.037206588024386714,0.05580988203658007,0.05580986506270591,1.6973874160386426e-08
3,152,0.8436591119665714,-0.478741270882537,-0.24299402945247345,-0.04961575079667639,-0.04961575079667633,0.0744236261950145,0.07442361171783318,1.4477181314864751e-08
3,153,0.741982939287114,-0.07719249801317483,0.6659599357749241,-0.05056045932676195,-0.050560459326761814,0.07584068899014272,0.07584067124311034,1.7747032385329042e-08
3,154,-0.30670735757262413,-0.9464670294620089,-0.10065167138293904,-0.09144009806997862,-0.09144009806997849,0.13716014710496774,0.13716012908782105,1.801714669125154e-08
3,155,0.2079740102801996,-0.21108747153158888,0.9550858026430776,-0.049968074130888995,-0.04996807413088888,0.07495211119633333,0.07495209591867891,1.5277654419332265e-08
3,156,0.7906663881833557,0.6119753701713482,0.01824305075168308,-0.0642453996641826,-0.06424539966418254,0.09636809949627381,0.09636808295798716,1.653828665681978e-08
3,157,-0.21030321378773004,-0.2579709931582361,-0.9429864924586702,-0.08282541303226466,-0.08282541303226461,0.12423811954839692,0.12423810175077321,1.7797623708126764e-08
3,158,-0.908556424914207,0.21926540442226916,0.3555951422202694,-0.04211132061030613,-0.04211132061030607,0.06316698091545911,0.06316696610220163,1.4813257481760544e-08
3,159,-0.9211214647272301,0.20071579660421093,0.33353922739656783,-0.041034536098047664,-0.041034536098047615,0.061551804147071426,0.061551787278180115,1.6868891311583312e-08
3,160,0.7027934731502892,0.25772410736650164,0.6630683362817846,-0.07212171658662989,-0.07212171658662977,0.10818257487994466,0.10818255874456284,1.6135381822324213e-08
3,161,0.14199123253482324,-0.7981748740067676,-0.5854531239881827,-0.10557821097745929,-0.10557821097745922,0.15836731646618885,0.1583672984417639,1.80244249525785e-08
3,162,0.9320516354699624,-0.3544478947265123,0.07514278902004948,-0.03801148204542332,-0.038011482045423206,0.05701722306813481,0.05701720623418893,1.683394587614906e-08
3,163,-0.7061526641324307,0.7067614861956621,-0.04285576471339066,-0.051747720702821236,-0.05174772070282111,0.07762158105423167,0.07762156611912374,1.4935107928160107e-08
3,164,0.30018412605832834,0.8925917088976908,-0.33640679492200737,-0.06004478361289671,-0.06004478361289655,0.09006717541934484,0.09006715928627784,1.6133066993440082e-08
3,165,0.07636112226812033,-0.3224211439634594,0.9435113062021289,-0.043899083538155435,-0.043899083538155304,0.06584862530723296,0.06584860989811148,1.5409121478793253e-08
3,166,-0.6043096859110934,-0.7423172953158814,-0.28943883047882535,-0.08980569305306131,-0.0898056930530612,0.1347085395795918,0.13470852350261353,1.6076978276435838e-08
3,167,0.7434283909986353,-0.6209728304405505,-0.24840887929345723,-0.058832652733017785,-0.058832652733017694,0.08824897909952654,0.08824896230441581,1.679511073271467e-08
3,168,-0.35482106400856434,-0.17862727070578674,0.9177114528521653,-0.04593194638996489,-0.04593194638996483,0.06889791958494726,0.06889790266084717,1.6924100093573813e-08
3,169,-0.5385891271161117,0.40859763203940885,0.7368647957692732,-0.0718748732615716,-0.07187487326157158,0.10781230989235736,0.10781229103917767,1.8853179697964073e-08
3,170,0.44436358099955864,-0.8901547641869028,-0.10082412249361962,-0.07453081074787891,-0.07453081074787878,0.11179621612181817,0.11179620146295477,1.4658863400907052e-08
3,171,-0.8934703623301308,-0.3680962611766513,0.2573244142040071,-0.04218178834168541,-0.04218178834168536,0.06327268251252804,0.06327266766081863,1.4851709417840198e-08
3,172,0.9021678599021007,0.22511341753987438,-0.36799062733061794,-0.03757974010618534,-0.03757974010618531,0.056369610159277966,0.05636959371502215,1.644425581814879e-08
3,173,-0.5102098395897857,0.01992639422834266,-0.8598190846909726,-0.05989141072650081,-0.05989141072650069,0.08983711608975105,0.08983709887111502,1.721863603088014e-08
3,174,0.09839298536664767,0.04403268097921823,-0.9941729947229612,-0.05810157784403354,-0.058101577844033477,0.08715236676605022,0.08715234922629378,1.753975643892236e-08
3,175,-0.9452645421892651,0.22859997293360665,-0.2328454372635916,-0.03751111807431646,-0.03751111807431635,0.056266677111474525,0.05626666077507281,1.6336401717498283e-08
3,176,0.9174722314908313,0.1778971056117777,0.3558051773909231,-0.0536342450670116,-0.05363424506701151,0.08045136760051727,0.08045135252432445,1.5076192821927847e-08
3,177,0.45412657430874787,0.0007571864410985554,-0.8909368558855867,-0.05269946570530622,-0.05269946570530621,0.07904919855795932,0.0790491824775863,1.6080373019256022e-08
3,178,0.8720024872428506,-0.10571330572948837,0.47795016396484896,-0.044242231785711295,-0.04424223178571117,0.06636334767856676,0.06636333010900941,1.756955735066068e-08
3,179,0.18711548258910954,-0.9662830107144033,-0.17687549117996262,-0.09071896317724813,-0.090718963177248,0.136078444765872,0.1360784290804773,1.5685394705311495e-08
3,180,0.3453299647020374,-0.7425986913900401,-0.5738417891934062,-0.09485017911630601,-0.09485017911630597,0.14227526867445897,0.14227525269028263,1.5984176343630807e-08
3,181,0.09043528072792675,-0.3196211048038588,-0.9432199156949675,-0.08389910504648954,-0.08389910504648951,0.12584865756973426,0.12584864123033057,1.633940369116793e-08
3,182,-0.7108491714417826,-0.5119481329596827,0.48228888087911187,-0.04070478652416663,-0.04070478652416658,0.06105717978624987,0.061057163491806676,1.629444319056761e-08
3,183,0.8071014275108391,0.44924972660643414,-0.38309524775701626,-0.04142176668725501,-0.04142176668725496,0.06213265003088244,0.06213263237242472,1.7658457716895892e-08
3,184,0.31648602846547996,0.31158067291398545,0.8959654446755274,-0.08633697974266112,-0.08633697974266105,0.1295054696139916,0.12950545497103505,1.4642956541743857e-08
3,185,0.888452329862404,-0.4392545490784527,0.13307102868750753,-0.03880463117148316,-0.03880463117148305,0.05820694675722458,0.0582069323296075,1.4427617080203792e-08
3,186,-0.9881023676252236,-0.05907142455208776,0.14200097849949644,-0.0377270931788702,-0.037727093178870144,0.056590639768305216,0.05659062385365843,1.5914646787906772e-08
3,187,0.8332333349628662,0.09598585972564913,-0.5445263301617177,-0.0382928682828405,-0.03829286828284049,0.057439302424260735,0.05743928804813336,1.4376127371873437e-08
3,188,-0.9459111157379508,0.1277317758082314,0.29822265938768006,-0.03870253459563716,-0.038702534595637106,0.05805380189345566,0.0580537881655907,1.3727864955903613e-08
3,189,0.4302144669344869,-0.7801191148993485,-0.45423526834552663,-0.08832625936243343,-0.08832625936243337,0.13248938904365007,0.13248937363874447,1.5404905601146268e-08
3,190,0.35299612057022445,-0.11310347535438846,0.9287633405368296,-0.05557117274256333,-0.05557117274256322,0.08335675911384484,0.08335674234194457,1.6771900271383977e-08
3,191,0.9959415243481097,0.07559396783798694,-0.048847027603253705,-0.03906068717165576,-0.039060687171655686,0.05859103075748353,0.05859101398497657,1.6772506959694677e-08
3,192,-0.7100920638712425,-0.16671389455185998,0.6840875223174522,-0.03922290990957614,-0.03922290990957612,0.058834364864364184,0.05883434711639879,1.7747965395942256e-08
3,193,0.20713593476221326,-0.891133262630279,-0.40370312454091595,-0.0998993991833692,-0.0998993991833691,0.14984909877505365,0.1498490817541942,1.7020859444105696e-08
3,194,-0.7879531368968886,-0.5074504264131079,0.34874620971059767,-0.04403579070191106,-0.044035790701911014,0.06605368605286653,0.06605366947853852,1.6574328007279426e-08
3,195,0.28957682037285054,0.09593949992416327,-0.9523344357194332,-0.051486240247724246,-0.051486240247724205,0.07722936037158631,0.0772293437534266,1.6618159709436142e-08
3,196,-0.07435735870166184,0.9626805117677908,0.260225316734204,-0.09868611832552406,-0.09868611832552393,0.1480291774882859,0.14802916253886522,1.4949420673593394e-08
3,197,0.09139549797151583,-0.5686994570532282,-0.8174520111284223,-0.09985565717614517,-0.09985565717614513,0.1497834857642177,0.14978346757343886,1.8190778855453615e-08
3,198,0.6776568438212834,-0.7026237393020058,-0.21702783920834573,-0.06354369357522084,-0.06354369357522076,0.09531554036283114,0.09531552352948225,1.683334889535093e-08
3,199,0.19948932970443517,-0.9669833759849379,-0.15857855435981,-0.08924080306669611,-0.08924080306669598,0.13386120460004397,0.13386118880021058,1.5799833386065387e-08
3,200,-0.9939695694709252,-0.04384282440244787,-0.10051020701500747,-0.04085434220165003,-0.04085434220164994,0.061281513302474916,0.061281495156162435,1.8146312480427085e-08
3,201,-0.7734627812185731,0.13365920777703538,-0.6195890107531322,-0.04659438388226429,-0.046594383882264154,0.06989157582339624,0.06989156059455937,1.522883687210541e-08
3,202,0.23641695464886506,0.6990471934204315,-0.6748629823346173,-0.03988124926847031,-0.039881249268470136,0.05982187390270521,0.059821854414554565,1.9488150641844282e-08
3,203,0.9605186746474481,0.23537251890522362,-0.14833628348357628,-0.04095998946747402,-0.04095998946747395,0.061439984201210926,0.06143996839069743,1.581051349563989e-08
3,204,-0.6573632701497027,-0.39142146964172264,0.6439431373666491,-0.037081039408870704,-0.03708103940887067,0.055621559113306004,0.055621540706596306,1.840670969810443e-08
3,205,0.8209422685673028,0.306870285126072,-0.48154378802577635,-0.037439068151811264,-0.03743906815181125,0.056158602227716875,0.05615858750251945,1.472519742251599e-08
3,206,0.3958212869372329,0.5627945903202113,-0.7256636672134401,-0.03749466103001243,-0.037494661030012304,0.05624199154501846,0.05624197635389905,1.5191119411006593e-08
3,207,0.112111108255275,0.9933717308292508,-0.025371318355038735,-0.08382004808726301,-0.08382004808726284,0.12573007213089427,0.1257300555335128,1.6597381469196648e-08
3,208,-0.740746827613722,0.6648159072587199,-0.09650879149575878,-0.04751293357146083,-0.0475129335714607,0.07126940035719105,0.07126938345036749,1.6906823566142926e-08
3,209,0.11483431686120837,0.3105071607467442,0.9436092320425946,-0.08633773274941474,-0.08633773274941468,0.12950659912412205,0.12950658184740504,1.727671700146871e-08
3,210,0.3847612847681389,-0.8903139987931971,-0.24351537384000677,-0.08480648433310842,-0.08480648433310832,0.1272097264996625,0.1272097108206971,1.567896540377589e-08
3,211,-0.6717580268125609,0.7347123102681016,0.09454615038912716,-0.059688937481203914,-0.059688937481203796,0.0895334062218057,0.08953338764827734,1.857352835421544e-08
3,212,0.3097483914785271,0.35741017989625123,0.881086770575404,-0.0896603264957158,-0.08966032649571573,0.1344904897435736,0.1344904729250196,1.6818554021691412e-08
3,213,-0.154855380673161,-0.17202112416148396,-0.9728455909951947,-0.07624305001814602,-0.07624305001814596,0.11436457502721895,0.11436455810143187,1.692578707745973e-08
3,214,0.4295414784232676,0.7449408702627236,0.5104480562468325,-0.10417345488494285,-0.10417345488494274,0.15626018232741412,0.15626016452996438,1.7797449736178805e-08
3,215,0.19789028983513302,-0.6025418991224222,0.7731640789579608,-0.037037737740868416,-0.03703773774086822,0.05555660661130234,0.055556592659655735,1.3951646601895185e-08
3,216,-0.13812515331824401,-0.688444485413596,-0.712015191217449,-0.10901200448897876,-0.10901200448897866,0.163518006733468,0.16351799220215568,1.4531312320098522e-08
3,217,0.09407034827805831,0.25210508236564577,-0.9631167099683484,-0.0460721756430158,-0.0460721756430157,0.06910826346452356,0.06910824551509265,1.794943091382173e-08
3,218,0.39968905323103976,-0.049199778978504256,0.9153294720895538,-0.05942148955871893,-0.05942148955871883,0.08913223433807825,0.08913221688500172,1.7453076525675293e-08
3,219,-0.8791988378327379,0.3453560445375351,0.3282355953502776,-0.04613747930864822,-0.046137479308648165,0.06920621896297226,0.0692062018803341,1.7082638151255658e-08
3,220,-0.06597007095367077,-0.7798741694051681,-0.622450182450746,-0.11063658339596905,-0.11063658339596896,0.16595487509395346,0.16595486096449008,1.4129463377088314e-08
3,221,0.631555834395847,-0.6907814849305335,-0.3520769349414025,-0.07067849702609053,-0.07067849702609047,0.1060177455391357,0.10601772654217356,1.8996962142248108e-08
3,222,-0.20803346397043618,-0.18582499447947218,-0.9603078409005965,-0.07741882014249314,-0.07741882014249307,0.11612823021373961,0.11612821260165163,1.7612087982454838e-08
3,223,0.24183931204974654,-0.43647137802399283,0.8666063023733107,-0.03971989905671202,-0.03971989905671186,0.05957984858506779,0.059579832734080185,1.5850987605814382e-08
3,224,0.005292106468628612,0.8494951934820525,-0.5275698151524734,-0.04726045200004336,-0.047260452000043154,0.07089067800006474,0.07089066139664979,1.6603414948468398e-08
3,225,-0.09626881941105829,0.7390998705436518,-0.6666811050056528,-0.0396610331204156,-0.03966103312041539,0.05949154968062309,0.059491532533595404,1.7147027686625904e-08
3,226,0.8081562593324153,-0.4734242698377641,0.35036112973675887,-0.03735415628663052,-0.03735415628663036,0.05603123442994554,0.05603121716601933,1.726392620526873e-08
3,227,-0.7290234512932534,-0.6755995813233034,0.10995459599421306,-0.06141641172277255,-0.06141641172277248,0.09212461758415873,0.09212460377883147,1.3805327256366517e-08
3,228,0.15559725386405876,-0.15038154223970696,0.9763067583211594,-0.053523474867780245,-0.05352347486778014,0.08028521230167021,0.08028519654645905,1.5755211163481775e-08
3,229,0.9410913269983855,-0.02664958306196832,-0.3371007475088731,-0.03767069037095128,-0.037670690370951235,0.05650603555642685,0.05650602069584565,1.4860581203091083e-08
3,230,-0.020810207809410747,0.30868762469942274,0.9509357946824577,-0.08450141970277941,-0.08450141970277937,0.12675212955416906,0.1267521129721949,1.6581974154883383e-08
3,231,0.0889065118810061,-0.9908376197973885,-0.10166830056314653,-0.08931483212209414,-0.08931483212209397,0.13397224818314096,0.1339722319193548,1.626378615116053e-08
3,232,0.14854321639935095,0.5815576159948559,0.7998285142079615,-0.10431305901673568,-0.10431305901673563,0.15646958852510345,0.1564695734090904,1.51160130523742e-08
3,233,0.01998622638892164,-0.13950441910203,-0.9900197310183954,-0.07211360865602985,-0.07211360865602981,0.10817041298404471,0.10817039625132807,1.6732716642819945e-08
3,234,-0.4640447833180672,-0.5970243249670566,0.6543885653592354,-0.03885864579729708,-0.03885864579729697,0.05828796869594546,0.05828795085482952,1.784111593877702e-08
3,235,-0.9514045588269513,-0.16580449687751433,0.25949611607592227,-0.03790470879283585,-0.03790470879283583,0.056857063189253744,0.05685704823621407,1.495303967452566e-08
3,236,-0.8558026534524975,0.41198797252322417,-0.312838183155234,-0.037112238184508144,-0.03711223818450801,0.05566835727676202,0.05566834215819938,1.5118562637916888e-08
3,237,0.16956677039587884,0.48231383997648425,-0.8594303172128905,-0.03769631288435568,-0.03769631288435555,0.05654446932653333,0.05654445106584305,1.8260690279325864e-08
3,238,0.22487388579512307,0.9657877409495282,0.12917342961696476,-0.09416234521452725,-0.0941623452145271,0.14124351782179065,0.14124350161681676,1.6204973890543428e-08
3,239,-0.3116400199208773,0.9498724084500185,-0.024958077832165946,-0.07368720746392328,-0.07368720746392311,0.11053081119588468,0.11053079701506263,1.4180822044407293e-08
3,240,0.7728881889352187,0.1735624490533739,-0.6103441026855527,-0.038012385499980865,-0.03801238549998085,0.05701857824997128,0.05701856486961532,1.338035596210041e-08
3,241,0.361052143724029,0.09113498065556921,0.928081766232476,-0.0697205780735431,-0.069720578073543,0.1045808671103145,0.10458085092368563,1.6186628870595854e-08
3,242,-0.19251041785695575,0.9105522494818751,0.36583376003321194,-0.09926432484926263,-0.09926432484926252,0.1488964872738938,0.1488964687657024,1.8508191396149343e-08
3,243,0.06768244740486412,-0.9553047074289651,-0.2877707460416142,-0.10019690334877276,-0.10019690334877265,0.150295355023159,0.15029533867449985,1.6348659148679445e-08
3,244,0.02422975761996292,-0.48622943791865214,0.8734951932019944,-0.038201791992329336,-0.03820179199232918,0.05730268798849378,0.057302669553838115,1.8434655663090993e-08
3,245,0.7777524679199371,0.3634426996658967,0.5128454959381157,-0.07280892435282582,-0.07280892435282571,0.10921338652923857,0.10921337029179412,1.6237444444566762e-08
3,246,-0.03110438202202904,-0.42060278315538846,0.9067115396976974,-0.03970856201117273,-0.03970856201117259,0.05956284301675889,0.05956282550512171,1.751163718199944e-08
3,247,0.7180885260792121,-0.35195280570745385,0.6003982772027546,-0.03907708291748871,-0.03907708291748855,0.05861562437623283,0.0586156068127508,1.756348202985869e-08
3,248,-0.7974080232074667,0.22092730018564286,-0.561543918635972,-0.04199240070626265,-0.04199240070626251,0.06298860105939377,0.06298858240549876,1.8653895011988553e-08
3,249,-0.5724666735108925,0.16739456101518704,-0.8026586875265888,-0.04963527752132513,-0.04963527752132498,0.07445291628198748,0.0744528994012228,1.688076468886468e-08
3,250,-0.6048120462443594,-0.6231251245528986,-0.49590066330732574,-0.09304592248587253,-0.09304592248587246,0.13956888372880868,0.139568867574269,1.615453967818148e-08
3,251,-0.21422185096954427,-0.8891192359283229,0.4044452779665227,-0.0557948440420067,-0.055794844042006506,0.08369226606300977,0.08369224896442873,1.7098581037156002e-08
3,252,0.4168183179161225,0.5249358488150897,0.7420949026090635,-0.09836109548577958,-0.09836109548577948,0.14754164322866922,0.14754162752650402,1.5702165206965546e-08
3,253,-0.3723794107401358,0.9266088601430488,0.052245523839169236,-0.07563257776182049,-0.07563257776182032,0.11344886664273049,0.11344885031405738,1.6328673108079172e-08
3,254,-0.3608031541880512,0.8059133354027839,0.4693876646737889,-0.09322006436834418,-0.09322006436834411,0.1398300965525162,0.13983007945972403,1.7092792153894365e-08
3,255,0.6980784656375675,0.20928324549979713,-0.6847532248673028,-0.03848334613521199,-0.03848334613521198,0.05772501920281797,0.05772500394352065,1.5259297325709298e-08
3,256,-0.4516779786129074,-0.8864488568015704,0.10097241163479696,-0.0744244696282185,-0.07442446962821837,0.11163670444232757,0.11163668739433419,1.704799337809426e-08
3,257,-0.4948196153109636,-0.8386846706786969,-0.2275116952424113,-0.0931301938065293,-0.0931301938065292,0.1396952907097938,0.13969527340451648,1.730527732224374e-08
3,258,0.6094624107649567,-0.6941195287670427,-0.38308438972214187,-0.07309360904787084,-0.07309360904787077,0.10964041357180615,0.10964039676153448,1.681027167466098e-08
3,259,0.7409775921389075,0.12707282224964392,-0.6593972291369881,-0.03956966680007523,-0.03956966680007523,0.05935450020011285,0.05935448244009933,1.7760013515388806e-08
3,260,0.9617205181382591,0.2653150878959184,-0.06856784324054162,-0.04374424264517859,-0.04374424264517855,0.06561636396776784,0.06561634707802355,1.688974428371015e-08
3,261,0.24865247919815378,-0.8918896718169729,0.3777628328658396,-0.052646267226897796,-0.052646267226897595,0.0789694008403464,0.0789693824221338,1.841821259396248e-08
3,262,-0.3019724712441468,0.8090697105157302,0.5042011802214426,-0.09726063524202051,-0.09726063524202044,0.14589095286303067,0.14589093821903987,1.4643990797758022e-08
3,263,-0.7799706021850785,0.5765352574561154,-0.24341930210453025,-0.040437163712434075,-0.040437163712433916,0.06065574556865087,0.060655731826120274,1.3742530599603064e-08
3,264,-0.8390297207183096,-0.39693446082086403,0.37211847785914287,-0.040371019588078635,-0.040371019588078594,0.06055652938211789,0.060556512582188304,1.6799929586364115e-08
3,265,-0.043387220596520705,0.5812876061320549,0.8125406254743045,-0.10172832344564259,-0.10172832344564253,0.1525924851684638,0.15259246782806102,1.7340402780341435e-08
3,266,-0.7414763202988145,-0.3262501375104417,-0.5863221931758575,-0.07367706816359831,-0.07367706816359823,0.11051560224539735,0.11051558557184649,1.6673550859436226e-08
3,267,0.7265082010719214,-0.05091201409304646,0.6852691446404326,-0.05254272552416253,-0.052542725524162386,0.07881408828624359,0.07881407054766143,1.77385821586995e-08
3,268,-0.34663340759904576,0.4507744362867256,0.8225859762521232,-0.08389982317580204,-0.083899823175802,0.125849734763703,0.12584971953444324,1.522925976993328e-08
3,269,-0.28942414057197013,-0.5951250349281005,-0.7497065156819726,-0.104369131912377,-0.1043691319123769,0.15655369786856535,0.15655368251765722,1.5350908127986784e-08
3,270,-0.8235104379174003,0.4931131498013962,0.2804816930461548,-0.05191796393464067,-0.051917963934640605,0.07787694590196091,0.07787692851701777,1.738494313785477e-08
3,271,-0.18345716479325191,-0.6702111812735476,0.7191386800763379,-0.038486581692616095,-0.03848658169261592,0.057729872538923886,0.05772985423035948,1.830856440759865e-08
3,272,-0.7043901287661585,-0.7098033069374189,-0.0037164442009616,-0.06972109640891519,-0.0697210964089151,0.10458164461337266,0.10458162946758165,1.5145791010251486e-08
3,273,0.3486501677181478,-0.30671489104219984,0.8856461122610312,-0.04460058231437048,-0.04460058231437034,0.06690087347155552,0.06690085707639071,1.6395164809113183e-08
3,274,-0.6687018452552894,-0.7390136192568624,0.0818334449051493,-0.06669760098910348,-0.06669760098910338,0.10004640148365507,0.10004638367755447,1.7806100593986685e-08
3,275,-0.6301610888267967,0.591958116410292,-0.5024764577018562,-0.037706706074879304,-0.03770670607487912,0.056560059112318685,0.05656004414822391,1.4964094775804515e-08
3,276,-0.08015481360642042,0.16703064439470555,0.9826881345008748,-0.07310613713430057,-0.07310613713430054,0.10965920570145082,0.10965918867400504,1.7027445786688133e-08
3,277,0.1092966543674514,0.27833736885578275,0.9542444919634181,-0.08392063765770183,-0.08392063765770177,0.12588095648655268,0.12588094039367448,1.609287819670513e-08
3,278,-0.4264859368816731,-0.8122058920140869,0.39803433849325515,-0.053671555261718094,-0.05367155526171796,0.08050733289257694,0.08050731609143824,1.680113870250466e-08
3,279,-0.2627809744426844,0.951832249210071,0.15799217966295223,-0.08666908434121477,-0.08666908434121465,0.13000362651182198,0.13000361065440558,1.5857416407749625e-08
3,280,0.6567644865971587,-0.07314818899762367,0.7505396402530239,-0.05330149480341114,-0.05330149480341102,0.07995224220511654,0.07995222678358616,1.5421530386028337e-08
3,281,-0.5620356287797325,0.6286562956285585,-0.537500896695763,-0.03798402282656661,-0.03798402282656641,0.05697603423984962,0.0569760197355329,1.4504316719898824e-08
3,282,0.6426765552636291,-0.30500912586382967,0.7028060034278721,-0.04179030140617473,-0.04179030140617458,0.06268545210926188,0.06268543600862486,1.6100637018068298e-08
3,283,0.5868298584728885,-0.785615955736647,0.19605684710482463,-0.05105752337637887,-0.051057523376378706,0.07658628506456806,0.07658626927087298,1.5793695087862325e-08
3,284,0.5919235260462423,0.530443247135352,-0.6068414132880908,-0.0386707629736866,-0.038670762973686525,0.05800614446052979,0.058006129066701106,1.5393828683984978e-08
3,285,-0.6590855689797234,-0.16841792692303986,0.7329676764043691,-0.04017587415618538,-0.04017587415618537,0.060263811234278056,0.06026379811840954,1.3115868516266893e-08
3,286,0.39324131272916857,0.22749149083887873,-0.8908472885736053,-0.043120602658307264,-0.043120602658307215,0.06468090398746083,0.0646808870352622,1.6952198630959536e-08
3,287,0.4965712466703269,-0.7658921330146677,-0.40844367734917847,-0.08268909843793776,-0.08268909843793769,0.12403364765690654,0.124033631976328,1.5680578543952883e-08
3,288,-0.7511451097098347,-0.6600965923586334,-0.007315252252681421,-0.06670510579065726,-0.06670510579065718,0.10005765868598578,0.10005764411458173,1.4571404041707758e-08
3,289,0.46948718988360505,-0.4697734605560819,-0.7475925857660435,-0.07873210114101126,-0.07873210114101123,0.11809815171151684,0.11809813543761649,1.6273900352303805e-08
3,290,-0.6439765381277764,-0.12843805247704956,0.7541869032387577,-0.041750987131585225,-0.04175098713158521,0.06262648069737782,0.06262646096155677,1.9735821046862334e-08
3,291,-0.7185856424066961,-0.6889564865932082,0.09472926743144598,-0.06298719829637761,-0.06298719829637753,0.09448079744456629,0.0944807829195149,1.452505139776239e-08
3,292,0.6242107993398969,0.27455844114073136,-0.7314222722790293,-0.03818929370704917,-0.03818929370704913,0.05728394056057369,0.0572839248258461,1.5734727590310804e-08
3,293,-0.16172754266138706,-0.38810854753222784,0.9073124915249065,-0.039963226471214044,-0.039963226471213927,0.05994483970682089,0.05994482549231961,1.4214501284359748e-08
3,294,0.8118299814681565,0.09116931291222091,0.5767323795076242,-0.05699675989949074,-0.05699675989949063,0.08549513984923594,0.08549512486855093,1.4980685011933836e-08
3,295,-0.18824958602438677,-0.45451410973527545,0.8706199040989111,-0.03811476645505476,-0.03811476645505463,0.05717214968258194,0.05717213508171781,1.4600864128855306e-08
3,296,0.617467835710772,0.7811577130052483,-0.09233687927943661,-0.06866996727255237,-0.06866996727255228,0.10300495090882843,0.10300493652470877,1.4384119659260897e-08
3,297,0.9746306185847134,-0.21836102226859289,-0.049128619673197,-0.03743017530359015,-0.03743017530359007,0.05614526295538511,0.05614524539732102,1.7558064092926262e-08
3,298,-0.9109081625875335,-0.4029707777246473,0.08866155667140409,-0.04844578374342245,-0.04844578374342239,0.0726686756151336,0.07266865859056892,1.7024564674672504e-08
3,299,0.947331044905047,-0.08081040503887392,0.3098928359878053,-0.04143137055397429,-0.041431370553974174,0.062147055830961265,0.062147038903948015,1.692701324940149e-08
3,300,-0.5623662749123917,0.5163823239211188,-0.645827738938941,-0.03715648887271947,-0.03715648887271929,0.05573473330907893,0.055734715453947814,1.785513111668413e-08
3,301,-0.4813940312442547,-0.5808086753998303,-0.6564457854710471,-0.0987970091115243,-0.09879700911152423,0.14819551366728634,0.14819549892797212,1.473931421358543e-08
3,302,-0.03771773257282008,0.9801424868567953,-0.19467428722803173,-0.06979538826577392,-0.06979538826577374,0.10469308239866061,0.10469306671589962,1.5682760992619116e-08
3,303,0.3120576871544034,-0.6683953916591631,-0.675179680008691,-0.09542691791672361,-0.09542691791672357,0.14314037687508538,0.14314036206330982,1.4811775556067275e-08
3,304,0.2744829979867316,-0.7764999304623633,-0.5671921559825743,-0.0992111927601897,-0.09921119276018964,0.14881678914028446,0.14881677418143724,1.4958847216473004e-08
3,305,-0.6878819813733698,-0.7257963810078678,-0.006163847640000725,-0.07091393119731945,-0.07091393119731937,0.10637089679597905,0.10637087738407658,1.9411902474342213e-08
3,306,0.08990554595037453,-0.01238381780079498,0.995873302114301,-0.06236929878948342,-0.06236929878948335,0.09355394818422504,0.09355393265630951,1.5527915522839386e-08
3,307,0.18593076660163027,0.799339735156571,0.5713893049670715,-0.11089718994355031,-0.11089718994355022,0.16634578491532534,0.16634576910368182,1.5811643522267715e-08
3,308,0.561893426918408,0.42713796197411785,-0.7083988553255042,-0.03703747855467781,-0.03703747855467775,0.05555621783201662,0.055556199918260774,1.7913755846754587e-08
3,309,-0.9232114199350517,-0.06696072443113521,0.37841370943078034,-0.037181633278491354,-0.03718163327849132,0.05577244991773698,0.05577243250565189,1.7412085086265794e-08
3,310,0.18363270347764343,-0.8393181586918671,0.5116874619370555,-0.045974326135574284,-0.045974326135574055,0.06896148920336109,0.06896147264345842,1.6559902671353655e-08
3,311,0.39329156429184464,0.4936087208166977,0.7756753033264481,-0.0972125174583041,-0.097212517458304,0.145818776187456,0.14581875845687264,1.773058336262956e-08
3,312,-0.31513471056734055,0.922548649347879,-0.22269733671968953,-0.06071594490986096,-0.06071594490986076,0.09107391736479115,0.09107390119833525,1.616645589619381e-08
3,313,0.3457453285629081,-0.8076314295515093,-0.4776940880705057,-0.09428967017569535,-0.09428967017569528,0.14143450526354293,0.14143448912040668,1.6143136244428646e-08
3,314,0.18954813517951796,-0.6029264191349157,-0.7749524098672868,-0.09841295174202387,-0.09841295174202386,0.1476194276130358,0.14761941252716682,1.5085868970698968e-08
3,315,-0.523122177234206,-0.8357466394247258,0.16694532750580773,-0.06745942888263304,-0.06745942888263294,0.10118914332394942,0.10118912791012846,1.5413820955711977e-08
3,316,0.8499526783625603,-0.02486641243838003,0.5262718936792604,-0.048999646140109994,-0.04899964614010986,0.0734994692101648,0.07349945096990496,1.824025984420441e-08
3,317,0.35209468494665064,-0.9221821932141969,-0.16002917031270392,-0.08257506781798457,-0.08257506781798446,0.12386260172697669,0.1238625868538179,1.4873158787898078e-08
3,318,0.9500182356389396,0.05362073333547466,0.3075551477540931,-0.04611527040111311,-0.046115270401113004,0.06917290560166951,0.06917288825070145,1.7350968065099615e-08
3,319,-0.5791880697547608,-0.5226612849520571,-0.6255928077160245,-0.09203179998132392,-0.09203179998132385,0.1380476999719858,0.13804768300706982,1.696491597202865e-08
3,320,-0.6116180917856027,0.4506051801431374,0.6502909206106978,-0.06920187039435292,-0.06920187039435291,0.10380280559152937,0.10380278997468295,1.561684641326888e-08
3,321,-0.10597609375554391,-0.9420336086556912,0.318342186515473,-0.062077789905852866,-0.06207778990585268,0.09311668485877903,0.09311666854250333,1.6316275691652393e-08
3,322,0.745137950420229,0.11777347521555732,0.6564288562968502,-0.06178965891031521,-0.061789658910315085,0.09268448836547263,0.092684469821247,1.8544225627303845e-08
3,323,-0.28405057785348364,0.42353760013779984,-0.860192519434234,-0.04007628904812678,-0.040076289048126615,0.06011443357218992,0.060114417610446225,1.5961743697612274e-08
3,324,-0.8465523881870476,0.42674426407192867,-0.3181798031561937,-0.03716633193169399,-0.03716633193169385,0.05574949789754078,0.05574947864461777,1.925292301280246e-08
3,325,0.09124100626482454,0.7623671086980172,-0.6406804744575941,-0.04156174432835409,-0.04156174432835389,0.06234261649253084,0.062342601914178175,1.4578352663940919e-08
3,326,-0.4572667627816853,-0.8887076971329226,-0.03325261962395301,-0.08344595785113487,-0.08344595785113476,0.12516893677670216,0.12516891967351285,1.7103189309253253e-08
3,327,-0.010463367070691499,0.9951851814704554,-0.09745241162311348,-0.0773344522236001,-0.07733445222359993,0.1160016783353999,0.11600165966685339,1.866854651422223e-08
3,328,0.1818614167589668,0.6493494135168799,0.7384251920538095,-0.10756486661944942,-0.10756486661944936,0.16134729992917404,0.16134728691996614,1.3009207905367859e-08
3,329,-0.3443941039038638,-0.9385020835088214,-0.024628041859957234,-0.08578035376114442,-0.08578035376114428,0.12867053064171644,0.12867051729648082,1.3345235611028627e-08
3,330,0.12163418853554836,0.45006301129492465,-0.8846741829868459,-0.03851652997032339,-0.038516529970323274,0.05777479495548491,0.057774780792829716,1.416265519443849e-08
3,331,-0.7380457205314839,-0.652034142980628,0.17360872902213403,-0.05697499931337223,-0.05697499931337217,0.08546249897005825,0.08546248014829061,1.8821767644450205e-08
3,332,-0.7115541633106609,0.35511969182808717,0.606284320390351,-0.05891402525030101,-0.05891402525030097,0.08837103787545146,0.08837102299930066,1.4876150797316079e-08
3,333,-0.7874189335740915,0.6083467967008285,-0.09942634456159632,-0.044762227402603695,-0.04476222740260357,0.06714334110390537,0.06714332423385372,1.687005164729971e-08
3,334,-0.1834548969993923,0.7052654750242064,0.6847955245953516,-0.10251450223286199,-0.10251450223286195,0.15377175334929294,0.1537717370103664,1.6338926545067523e-08
3,335,-0.922894047285751,0.06235167625916829,-0.37997216470709794,-0.04352959020387822,-0.04352959020387812,0.06529438530581719,0.06529436852309445,1.678272273930581e-08
3,336,0.46837928741278007,0.8331796849691957,-0.2939939721785605,-0.06003018330185664,-0.06003018330185651,0.09004527495278478,0.09004526152489589,1.3427888884143258e-08
3,337,-0.325243337662435,0.9429556734023317,-0.07107298575798279,-0.07019655485928558,-0.07019655485928541,0.10529483228892812,0.10529481592191914,1.636700898421939e-08
3,338,0.5832336430828279,0.47805087514754624,-0.6567388204963963,-0.03746767476501247,-0.03746767476501241,0.05620151214751861,0.05620149484686365,1.730065495725297e-08
3,339,0.9150137225896835,0.11931044341282812,-0.38537631681929296,-0.037041183846293305,-0.037041183846293284,0.05556177576943993,0.055561759360056584,1.6409383345183937e-08
3,340,0.47811058564114356,0.753596461225951,0.4511126705442956,-0.1012047296279118,-0.10120472962791172,0.15180709444186757,0.1518070794070958,1.5034771760902288e-08
3,341,-0.6734265340955062,-0.6791312492276288,0.2920230290553033,-0.05288508344623016,-0.052885083446230066,0.0793276251693451,0.07932760975881692,1.5410528186876604e-08
3,342,0.3291365566984217,0.9024405662991,0.27797509122665376,-0.10090168506244687,-0.10090168506244677,0.15135252759367018,0.15135251246745085,1.512621933263958e-08
3,343,-0.875835642755098,0.35496620784320887,-0.32697235077170733,-0.03708222466892761,-0.03708222466892749,0.055623337003391234,0.05562332261455083,1.4388840403889436e-08
3,344,-0.8889904974488924,0.24447721418527973,-0.3872038057532179,-0.038705359622976505,-0.03870535962297638,0.058058039434464574,0.05805802366642965,1.5768034926366692e-08
3,345,0.1757164349748589,-0.9468953120552913,-0.2692823842872731,-0.09589335454726776,-0.09589335454726762,0.14384003182090144,0.1438400176745347,1.4146366744682837e-08
3,346,-0.7400244649993226,0.24642892955474624,-0.6258087358618194,-0.042363742546267076,-0.04236374254626694,0.06354561381940041,0.06354559795029857,1.5869101838150712e-08
3,347,-0.4381575138505062,-0.8845980460652014,-0.15970062602873947,-0.09177955151899832,-0.09177955151899823,0.13766932727849737,0.13766931206138366,1.5217113707999275e-08
3,348,-0.06668265850310622,0.9965963519300686,0.04846786950792441,-0.08642575114578997,-0.08642575114578983,0.12963862671868476,0.1296386067939359,1.9924748850819185e-08
3,349,-0.38528515010273556,-0.37363949655223394,-0.8437706321782631,-0.089818530726888,-0.08981853072688792,0.1347277960903319,0.13472778032097565,1.5769356237482768e-08
3,350,-0.7326533663656378,-0.16042129349801043,-0.6614257731185893,-0.06491074732643198,-0.06491074732643187,0.09736612098964781,0.09736610545596491,1.553368289552992e-08
3,351,-0.9401076850910365,-0.2301512974193764,0.2514516270159138,-0.0390024566594671,-0.03900245665946705,0.058503684989200576,0.058503668576292966,1.641290760939773e-08
3,352,-0.371336678447128,-0.8876894764529631,0.27224339226970856,-0.06374539418279944,-0.0637453941827993,0.09561809127419896,0.09561807595703797,1.5317160984018585e-08
3,353,-0.11346251909300935,-0.7471845110150215,-0.6548599569834084,-0.1105150741724227,-0.11051507417242264,0.16577261125863396,0.16577259565053737,1.5608096592956144e-08
3,354,0.40108227187487583,0.35255501820296725,0.8454809106819583,-0.08811330107441893,-0.08811330107441885,0.13216995161162828,0.1321699333312054,1.8280422869887403e-08
3,355,0.8982411693626434,0.10282065459603859,0.42730634754292257,-0.05220820816298829,-0.05220820816298818,0.07831231224448228,0.07831229414945184,1.8095030432374593e-08
3,356,0.8310111360200377,0.17064798370415077,-0.5294334306297576,-0.03732137087166187,-0.03732137087166186,0.05598205630749279,0.05598203983714356,1.6470349230301995e-08
3,357,0.9677783026937213,0.10435326942402058,0.22916271947194533,-0.04596506109142073,-0.04596506109142063,0.06894759163713095,0.0689475740389689,1.759816205260112e-08
3,358,0.8899497277902142,0.13916040791590234,0.434308488145009,-0.054433283206558575,-0.0544332832065585,0.08164992480983775,0.08164990905612513,1.57537126260765e-08
3,359,-0.196618645258863,-0.22170495716677122,-0.9550853471309511,-0.08009957431721204,-0.08009957431721197,0.12014936147581796,0.12014934325232929,1.8223488676416544e-08
3,360,-0.6395393323186972,-0.6946165907768124,-0.32938918354274077,-0.08855523119205026,-0.08855523119205018,0.13283284678807528,0.1328328336214213,1.3166653989316046e-08
3,361,-0.48828002847240926,-0.19561981498791095,0.8504795716412467,-0.0426684416063785,-0.042668441606378456,0.06400266240956769,0.06400264623840357,1.6171164116118852e-08
3,362,0.212320786232036,0.2968974811489298,0.9310057837743173,-0.0857110451937683,-0.08571104519376825,0.1285665677906524,0.12856655184911858,1.5941533815233555e-08
3,363,-0.7826036125246935,-0.5649650586957456,0.26143080942423796,-0.04911234012372973,-0.049112340123729684,0.07366851018559453,0.07366849075207682,1.9433517711719972e-08
3,364,-0.730590787578559,0.09427427223453054,-0.6762761733936737,-0.049987281955413486,-0.049987281955413354,0.07498092293312003,0.07498090620616793,1.6726952101198123e-08
3,365,0.8730099264488175,-0.47248351845327047,-0.1208842136585601,-0.045187205327547754,-0.04518720532754765,0.06778080799132148,0.06778079209013299,1.590118849092992e-08
3,366,-0.6536272929229416,-0.7437262688105555,0.1401520568074422,-0.06374062387532115,-0.06374062387532106,0.09561093581298159,0.0956109177940867,1.8018894890059478e-08
3,367,0.07888606412563363,-0.8052929792487515,-0.587605485389165,-0.1077911617994991,-0.10779116179949903,0.16168674269924857,0.1616867292830726,1.3416175975722311e-08
3,368,-0.3534627729740413,-0.9321177990223223,-0.07886999979258993,-0.08918395433501129,-0.08918395433501114,0.1337759315025167,0.13377591673302547,1.4769491241128918e-08
3,369,0.22127639461964752,0.573186217699053,0.7889830904550388,-0.10384810012216933,-0.10384810012216927,0.1557721501832539,0.15577213546835722,1.471489669002679e-08
3,370,0.5154435057987139,0.1528091034616017,0.8431888105455342,-0.07175293244071163,-0.0717529324407115,0.10762939866106726,0.10762937902031311,1.9640754148064765e-08
3,371,0.9211169509472267,0.37396403397062006,-0.10814094494734797,-0.046595540082877036,-0.04659554008287698,0.06989331012431547,0.06989329254247778,1.7581837694069513e-08
3,372,0.5311627167902092,0.41344198655144115,-0.7395484379325278,-0.037107554203704936,-0.03710755420370487,0.05566133130555731,0.05566131583423228,1.5471325026661376e-08
3,373,0.39179596453669074,-0.9117758019415125,0.12312923765976941,-0.06412840899917664,-0.06412840899917648,0.09619261349876472,0.09619259694337856,1.655538615918939e-08
3,374,-0.6423110066895636,-0.18472144775744706,0.7438511661776381,-0.04004235553715204,-0.04004235553715201,0.06006353330572802,0.06006351666032472,1.664540329876507e-08
3,375,-0.4461840073917288,-0.8941090928506243,-0.03858447394602361,-0.08414692738581332,-0.08414692738581321,0.12622039107871982,0.1262203772056658,1.3873054011126484e-08
3,376,-0.78379922839902,0.05399473574090593,-0.6186625397366244,-0.05033876325585436,-0.05033876325585423,0.07550814488378135,0.0755081303038807,1.4579900647904154e-08
3,377,0.8257973351875629,0.42204577726015113,-0.37408036983246634,-0.04093233611069772,-0.04093233611069769,0.06139850416604653,0.06139848629516109,1.7870885438142636e-08
3,378,0.7473680251190935,0.1196014541812263,-0.6535568278178432,-0.03961653013384813,-0.03961653013384813,0.0594247952007722,0.059424776210903474,1.8989868726115855e-08
3,379,-0.5169017180242701,0.1890126185275682,0.8349172677223236,-0.0611401332072412,-0.06114013320724119,0.09171019981086179,0.09171018527931452,1.4531547271046108e-08
3,380,-0.9222233730446804,-0.004796955775439899,-0.38662777891064803,-0.046297118261442186,-0.046297118261442075,0.06944567739216312,0.06944566172117916,1.567098395494071e-08
3,381,0.31412718791815303,0.9489833074762646,-0.02747347706503234,-0.08268792754297809,-0.08268792754297796,0.12403189131446694,0.12403187504839153,1.626607541715952e-08
3,382,-0.1043632218752763,-0.039949613501522194,-0.9937365577963261,-0.06618931378963698,-0.06618931378963692,0.0992839706844554,0.09928395466873852,1.60157168777042e-08
3,383,0.5110538246967298,-0.8493100958406691,-0.13227376673383706,-0.07212520334832083,-0.07212520334832072,0.10818780502248108,0.10818779067056639,1.4351914698340629e-08
3,384,-0.004605801164641721,-0.1699872203177336,0.9854355034827404,-0.05137589547898312,-0.05137589547898304,0.07706384321847456,0.07706382615380036,1.70646742014835e-08
3,385,-0.2701798270941917,0.9621588300407786,-0.035401226050982136,-0.0746596432508852,-0.07465964325088505,0.11198946487632758,0.11198945104595737,1.3830370210188292e-08
3,386,0.023352303409212995,0.8009171718823207,0.598319608327781,-0.11019489980173058,-0.11019489980173051,0.1652923497025958,0.16529233537454502,1.432805077361543e-08
3,387,-0.8332611206490848,0.5413815617399261,0.11216911082232016,-0.048133123828844486,-0.04813312382884442,0.07219968574326663,0.07219966985383408,1.588943254748898e-08
3,388,-0.04865324554072304,0.917899339038775,0.39381933051912793,-0.10502969922119434,-0.10502969922119423,0.15754454883179136,0.1575445329748959,1.5856895463350895e-08
3,389,-0.5647558189813704,0.36950895984001736,-0.7379119144753188,-0.04036084807338505,-0.040360848073384886,0.06054127211007733,0.06054125395449361,1.8155583716983337e-08
3,390,0.9000534844163781,-0.27090235905183163,0.3413438692141533,-0.03783190185559287,-0.037831901855592744,0.05674785278338912,0.05674783559728169,1.7186107426070407e-08
3,391,-0.9759747658476491,-0.1854359417874775,-0.11439741221731219,-0.04590371860001458,-0.045903718600014486,0.06885557790002174,0.0688555629180243,1.498199743432682e-08
3,392,-0.922935444446178,0.34014730667024723,-0.18024975769723767,-0.03717389127872528,-0.03717389127872516,0.055760836918087746,0.055760822348371875,1.4569715871270983e-08
3,393,-0.029701199310769262,-0.3515617680191864,-0.9356934124096021,-0.08838946332606987,-0.08838946332606983,0.13258419498910476,0.1325841755828172,1.9406287549150747e-08
3,394,-0.9482635637300704,0.1943254654319752,0.2510653842858327,-0.03931350532524502,-0.03931350532524494,0.05897025798786741,0.05897024119017047,1.6797696941739382e-08
3,395,-0.674163524900045,-0.362915778033654,-0.6432695234103463,-0.07947789486040782,-0.07947789486040772,0.1192168422906116,0.11921682668836198,1.5602249617274744e-08
3,396,-0.11203649427055776,-0.21955580290907675,0.9691455377602034,-0.04753181857160152,-0.04753181857160144,0.07129772785740217,0.07129771217861958,1.56787825916771e-08
3,397,-0.9041364153258741,-0.41284944163701015,0.1099667268844882,-0.048129927477389825,-0.04812992747738974,0.07219489121608462,0.0721948736903677,1.7525716919375434e-08
3,398,0.9027177559107773,0.24465492919144136,0.3538991647146701,-0.057349346788530826,-0.05734934678853072,0.08602402018279609,0.08602400042301284,1.9759783254080787e-08
3,399,0.65024812542375,0.7588034533307314,-0.03734561013366504,-0.070504748554958,-0.07050474855495792,0.10575712283243688,0.10575710585047915,1.698195772892319e-08
3,400,-0.09823752263158217,-0.47856308896802535,-0.8725404053822328,-0.09789785573244858,-0.09789785573244852,0.1468467835986728,0.14684676391540918,1.9683263602354728e-08
3,401,0.1161747792869499,-0.9921136684651464,-0.04705198722964024,-0.08509890896951734,-0.08509890896951718,0.12764836345427577,0.1276483460599387,1.7394337081810818e-08
3,402,-0.5809002250881242,-0.03395328743483792,-0.8132663172448088,-0.06202310210259146,-0.06202310210259135,0.09303465315388702,0.09303463693877134,1.6215115680728864e-08
3,403,-0.027006262068725376,0.08001308938898134,0.9964279037318787,-0.06769748524661455,-0.0676974852466145,0.10154622786992175,0.10154621032931743,1.7540604316246267e-08
3,404,-0.8796381464957974,-0.2589210489134358,0.39899451331942437,-0.03765691190337387,-0.03765691190337385,0.056485367855060774,0.05648535389424225,1.396081852206299e-08
3,405,-0.9958557773771316,-0.0015275057596792173,0.09093369777339438,-0.037527953247404856,-0.037527953247404794,0.05629192987110719,0.056291911409989126,1.8461118064805326e-08
3,406,0.02532256724674669,-0.636104837001326,0.7711870097009872,-0.037254575695264754,-0.03725457569526457,0.05588186354289686,0.05588184776028626,1.5782610600367786e-08
3,407,0.8814819021917012,-0.3256519823155276,0.3419655575090385,-0.037283429146217004,-0.03728342914621688,0.05592514371932532,0.05592512425378615,1.9465539166652057e-08
3,408,0.6243635836683439,0.6935547256634589,-0.3593771805481079,-0.050612788501637564,-0.05061278850163747,0.07591918275245621,0.0759191667865089,1.596594731423373e-08
3,409,-0.8183177489883298,0.03555973477353054,-0.5736650302689793,-0.04990552315527323,-0.0499055231552731,0.07485828473290966,0.07485826819531027,1.6537599387134172e-08
3,410,0.6438725766442386,0.7651325377080387,0.0005520742394295957,-0.07318336516425604,-0.07318336516425596,0.10977504774638394,0.10977503211995199,1.5626431953963404e-08
3,411,-0.4846138306509893,-0.07903505664183377,0.8711503285675766,-0.047821274038287336,-0.047821274038287315,0.07173191105743097,0.07173189403575364,1.702167733153015e-08
3,412,-0.13721260273812078,-0.48660615763734927,-0.8627787369883694,-0.09869845744618601,-0.09869845744618594,0.1480476861692789,0.14804767273224329,1.3437035623065086e-08
3,413,0.9145834260024974,0.4025114761291122,0.0390085691341958,-0.053210640315870236,-0.05321064031587016,0.07981596047380525,0.07981594413175586,1.6342049394268976e-08
3,414,-0.5435773604592868,0.09636211415750415,-0.8338093284146026,-0.05435877506334782,-0.0543587750633477,0.08153816259502156,0.08153814706757245,1.5527449104268953e-08
3,415,0.2525328520116737,-0.24957178865732188,0.9348481593078285,-0.04779879733219015,-0.04779879733219002,0.07169819599828504,0.0716981821136109,1.3884674146535936e-08
3,416,-0.6808030851823802,0.2593995883578619,0.6849956297422083,-0.05684089623738218,-0.05684089623738215,0.08526134435607323,0.08526132994068902,1.4415384205768156e-08
3,417,0.941462793743732,0.2380417787850717,-0.23871304855220182,-0.039353397066141445,-0.039353397066141396,0.059030095599212094,0.059030079435640204,1.6163571890659423e-08
3,418,0.9721307963945156,0.1850363112571077,0.14395582036766583,-0.046767421143271086,-0.04676742114327099,0.07015113171490649,0.07015111685992892,1.4854977567479999e-08
3,419,-0.7281820334715402,0.21578267084552946,0.6505296035477729,-0.05241694884874307,-0.05241694884874303,0.07862542327311456,0.07862540479797175,1.8475142804508238e-08
3,420,0.7723897480540896,0.10704421488901812,-0.6260635855563983,-0.039363381434783226,-0.039363381434783226,0.05904507215217484,0.059045054956463616,1.7195711222994792e-08
3,421,-0.19067854274539134,-0.9761044665038572,-0.10421978606634333,-0.0927494304990163,-0.09274943049901613,0.1391241457485242,0.13912413027172832,1.547679587265982e-08
3,422,-0.5314976360314428,-0.7305117375838401,-0.4287923321903351,-0.09788812842564165,-0.09788812842564157,0.14683219263846237,0.1468321769726444,1.5665817976184826e-08
3,423,-0.23164003202272748,-0.7764817102855963,-0.5860196661857561,-0.110365514288015,-0.11036551428801493,0.16554827143202241,0.16554825982284527,1.160917714737586e-08
3,424,0.47669122648913725,-0.7855926057098697,-0.39447399463368865,-0.08388862041643039,-0.08388862041643032,0.12583293062464548,0.1258329121456292,1.8479016289374428e-08
3,425,-0.5762185185339913,0.013710386333723505,0.8171806680319063,-0.04960423302654383,-0.04960423302654382,0.07440634953981573,0.07440633248423367,1.7055582057778906e-08
3,426,0.8720555050000999,0.16072808048500625,0.46226148481419715,-0.05674602210614424,-0.05674602210614415,0.08511903315921623,0.08511901600227745,1.715693878634461e-08
3,427,0.631171129718302,-0.1370306649717227,0.7634432538620863,-0.050203989456832555,-0.05020398945683242,0.07530598418524863,0.07530596840554793,1.577970069888135e-08
3,428,0.5081292711119678,-0.1411096976168573,0.8496426878857366,-0.05219063935305923,-0.0521906393530591,0.07828595902958865,0.07828594300596237,1.602362628694287e-08
3,429,0.9068378612017198,-0.3654188931117419,-0.21003363075488515,-0.04342649041949904,-0.043426490419498975,0.06513973562924846,0.06513972000687929,1.5622369176071516e-08
3,430,0.6753067783558939,0.6883788797294458,-0.2647551190232524,-0.05454369577825263,-0.054543695778252535,0.08181554366737881,0.08181552796360236,1.570377644588561e-08
3,431,-0.9740957493622092,-0.07204027650270009,0.2143540753890407,-0.037328088642568466,-0.037328088642568424,0.05599213296385264,0.055992117886649595,1.507720304161353e-08
3,432,-0.39642308779876634,0.6707649677257469,-0.6268357787586547,-0.03804521458612201,-0.03804521458612182,0.05706782187918273,0.057067807424093786,1.4455088945264372e-08
3,433,-0.3902899224361028,0.5691801378241105,-0.7236765487089847,-0.0370679413714595,-0.037067941371459315,0.05560191205718897,0.055601896697954345,1.5359234627199125e-08
3,434,-0.8231152749980001,-0.5230433846596387,-0.22114895846183844,-0.06910774435908554,-0.06910774435908545,0.10366161653862818,0.10366160013708381,1.6401544372657284e-08
3,435,-0.01644130341583587,0.9952072111115569,-0.09639652739360287,-0.07731638922114474,-0.07731638922114457,0.11597458383171687,0.11597456744949497,1.6382221898481042e-08
3,436,-0.2141756682220624,-0.5911119126190927,-0.777634547780274,-0.10480074870365223,-0.10480074870365214,0.1572011230554782,0.1572011076866886,1.5368789602066002e-08
3,437,-0.3732053187079709,0.15324373933522945,0.915004998042436,-0.06441291335508317,-0.06441291335508316,0.09661937003262475,0.09661935557181422,1.446081052125514e-08
3,438,-0.7117689532010191,0.07918195947862398,0.6979363685553657,-0.0475282109920189,-0.04752821099201887,0.0712923164880283,0.07129229984137453,1.6646653777652176e-08
3,439,-0.7876632485672768,-0.2330678566861806,0.5703209456403951,-0.037166202010908284,-0.03716620201090828,0.05574930301636242,0.05574928435558846,1.8660773960788024e-08
3,440,-0.5987406168367866,-0.5613804731170274,0.571280699965268,-0.03985294987805694,-0.039852949878056834,0.05977942481708525,0.059779409200544364,1.5616540886831398e-08
3,441,0.058702357911089645,0.2786952854908607,0.9585838361984026,-0.08345603533472731,-0.08345603533472724,0.12518405300209087,0.12518403952332946,1.3478761412555329e-08
3,442,-0.24749693696916192,-0.9686595747115749,0.021068804201326095,-0.08392437975921561,-0.08392437975921549,0.12588656963882325,0.12588655534662152,1.4292201727661435e-08
3,443,-0.34507823232445606,0.2760936387270173,-0.8970469977823369,-0.046122901240767164,-0.046122901240767025,0.06918435186115054,0.06918433326230655,1.859884399268985e-08
3,444,0.03735844118194276,0.14993429008811668,-0.9879899065922829,-0.05224560953846332,-0.05224560953846324,0.07836841430769487,0.07836839649444372,1.7813251151910237e-08
3,445,-0.7659079640717574,-0.46237438266702524,-0.44676047365981575,-0.07692353429019844,-0.07692353429019831,0.11538530143529747,0.11538528188470565,1.955059182601193e-08
3,446,-0.9900004037001334,-0.1406981317682269,0.01016053101484215,-0.04127520671898862,-0.04127520671898854,0.06191281007848281,0.06191279156020357,1.8518279236434676e-08
3,447,0.20160182821365055,0.5951036918667081,-0.7779513473139101,-0.03720653393751226,-0.03720653393751211,0.055809800906268164,0.055809787347094186,1.355917397805051e-08
3,448,0.05990583252404018,-0.40735749449321357,0.9113019054681128,-0.04047321311909857,-0.04047321311909844,0.060709819678647664,0.06070980246297708,1.7215670583548004e-08
3,449,0.6284340358976693,-0.497840967453042,-0.597683054511993,-0.06966719359442915,-0.06966719359442912,0.10450079039164369,0.10450077608803454,1.4303609144339369e-08
3,450,0.8273963085038707,-0.25277797844388245,-0.5015163429919226,-0.04800416196919333,-0.0480041619691933,0.07200624295378995,0.0720062245940234,1.8359766554287837e-08
3,451,-0.4282864586577359,0.7831977815058802,0.45074598653197456,-0.08841002390843462,-0.08841002390843455,0.13261503586265183,0.13261501896622008,1.6896431753732344e-08
3,452,-0.9051943724599577,0.3059935082869408,0.29494257229683385,-0.04352989643332821,-0.04352989643332816,0.06529484464999225,0.0652948264900921,1.815990013920299e-08
3,453,-0.7626079868002051,-0.5672184779593644,0.3109537855212574,-0.0473928304337401,-0.04739283043374005,0.07108924565061008,0.07108923033571912,1.5314890952633498e-08
3,454,-0.22438038752375278,-0.7595482548184836,0.6105242749448104,-0.042859931828389375,-0.04285993182838921,0.06428989774258381,0.06428988036377703,1.7378806782542e-08
3,455,0.9556646041317651,0.1791583743127155,0.23368235133039422,-0.049369274679540553,-0.049369274679540456,0.07405391201931069,0.07405389496062398,1.7058686713200544e-08
3,456,0.4459357967908288,-0.7068062748745817,0.5491503937342174,-0.039553362935228036,-0.03955336293522782,0.05933004440284173,0.05933002839020318,1.6012638548446034e-08
3,457,-0.9226635733984996,0.23225782612320026,-0.3078120084207843,-0.03806684501448044,-0.03806684501448031,0.05710026752172046,0.057100250916430895,1.660528956698437e-08
3,458,0.6738323699448548,0.6537698342516214,0.3442890370562324,-0.08619104740834954,-0.08619104740834942,0.12928657111252415,0.12928655090949093,2.020303321859096e-08
3,459,0.6728922246062029,-0.739358672656268,0.02376567340676633,-0.054629354692736304,-0.05462935469273617,0.08194403203910426,0.0819440168497998,1.5189304466978193e-08
3,460,0.48634976235145516,-0.45047768350016115,-0.7486880293747268,-0.07685839979886813,-0.0768583997988681,0.11528759969830216,0.1152875850340962,1.4664205960635002e-08
3,461,-0.7519957624055313,0.3852802527235795,-0.5348471746072686,-0.03786128886834352,-0.03786128886834337,0.05679193330251506,0.056791917002474435,1.6300040622807543e-08
3,462,0.4243986400247616,-0.8998186042715036,-0.10105579524211383,-0.07564988632289442,-0.07564988632289428,0.11347482948434143,0.11347481426726702,1.5217074406104203e-08
3,463,-0.3393924103487907,0.7017300448992277,0.6264086013804135,-0.09470135756878624,-0.0947013575687862,0.1420520363531793,0.14205201875894247,1.759423684521977e-08
3,464,0.47599691222469653,0.8133264853443911,-0.33455488008680184,-0.05695527737711755,-0.05695527737711743,0.08543291606567616,0.08543290103135703,1.5034319122975148e-08
3,465,0.22630467637876386,0.1530969722870949,0.9619498482382682,-0.07496661885345338,-0.0749666188534533,0.11244992828017997,0.11244990910652675,1.9173653220683207e-08
3,466,-0.42713295471915763,0.32391312695736446,-0.8441787282190806,-0.0433545437848176,-0.04335454378481744,0.06503181567722617,0.06503179800221304,1.7675013133655604e-08
3,467,0.5477089699478739,-0.6064459237003893,0.5764010980782571,-0.03744775229697786,-0.03744775229697768,0.05617162844546652,0.05617161319415587,1.5251310651887007e-08
3,468,0.8935910742875776,-0.4381166417766992,-0.09771796227859218,-0.04317697616384327,-0.04317697616384321,0.06476546424576482,0.06476544994749034,1.4298274481072681e-08
3,469,0.7145568615377227,-0.591085133518659,0.37420162554776387,-0.03888924672286995,-0.03888924672286978,0.05833387008430467,0.058333853025782645,1.705852202549263e-08
3,470,0.6393176546053315,0.2615154459958222,-0.7231062218066887,-0.03825569560288195,-0.038255695602881924,0.05738354340432289,0.057383529872279126,1.3532043763309076e-08
3,471,0.3758802358962566,0.8622170889813311,0.3395522636224564,-0.10230078536022358,-0.10230078536022345,0.1534511780403352,0.15345116149978466,1.6540550540344867e-08
3,472,-0.4301639397599464,0.007319660758420697,-0.9027211128009485,-0.0619487577480404,-0.061948757748040297,0.09292313662206045,0.09292312058706287,1.603499757973914e-08
3,473,-0.08707392397109386,-0.08157006093809878,0.9928567152025669,-0.05585204784820241,-0.055852047848202364,0.08377807177230355,0.08377805255088688,1.922141666665933e-08
3,474,0.44220012323834473,-0.7523920366283101,-0.48822666275644594,-0.08784718879272752,-0.08784718879272746,0.1317707831890912,0.13177076790826803,1.5280823162378e-08
3,475,0.44313377839389106,0.06846513281065632,0.8938372223372515,-0.06710120574518573,-0.06710120574518563,0.10065180861777845,0.10065179245621891,1.6161559535099457e-08
3,476,-0.818539316459987,0.5102867622884342,0.2638196498413348,-0.052228570863180536,-0.052228570863180473,0.07834285629477071,0.0783428419359744,1.4358796304736465e-08
3,477,-0.5006444371506479,0.757308673159082,0.4193312784757912,-0.08256811026300626,-0.08256811026300617,0.12385216539450926,0.12385214659405008,1.8800459175571937e-08
3,478,0.49276445227701465,0.42591886707757937,-0.7587992575375156,-0.03713999073154883,-0.03713999073154876,0.05570998609732314,0.0557099699705077,1.612681543861072e-08
3,479,-0.36516680474061375,-0.016540859160281654,-0.9307951464708926,-0.06430481995134706,-0.06430481995134696,0.09645722992702044,0.09645721305018284,1.6876837594104188e-08
3,480,0.2887839490340343,-0.4975710875252958,0.8179406113155177,-0.03809053215666905,-0.03809053215666889,0.05713579823500334,0.05713578221655524,1.6018448095733717e-08
3,481,-0.007000796432983297,0.43666734398948026,-0.8995958089845,-0.039384027997298246,-0.0393840279972981,0.059076041995947154,0.059076026015514316,1.5980432838125225e-08
3,482,-0.15785472869514872,-0.7658530478385225,-0.6233385867608604,-0.11087490646173452,-0.11087490646173445,0.1663123596926017,0.16631234583952548,1.385307621393217e-08
3,483,-0.15497727162949798,-0.9661787254671351,-0.20610850475654585,-0.09893693955252089,-0.09893693955252075,0.14840540932878113,0.14840539214189263,1.7186888495723807e-08
3,484,-0.29803454689263037,-0.38073850228961936,-0.8753362792280245,-0.0913881653176729,-0.0913881653176728,0.1370822479765092,0.13708223028929822,1.768721097361592e-08
3,485,-0.6501065073853459,0.6956687312753884,-0.3056248441814221,-0.0432896646361745,-0.043289664636174334,0.06493449695426151,0.06493447862743196,1.8326829553938495e-08
3,486,-0.3112256633406066,-0.8494340024351774,0.4261460571038461,-0.0535238044233781,-0.053523804423377924,0.08028570663506689,0.08028568920792623,1.7427140661108176e-08
3,487,0.962068965944141,0.16082547233395816,-0.2203598697942309,-0.03826155264643411,-0.03826155264643407,0.05739232896965111,0.05739231451196147,1.4457689635760662e-08
3,488,-0.45894347563109245,0.5668508003253252,0.6841425701900089,-0.08352352043287763,-0.0835235204328776,0.1252852806493164,0.12528526410759966,1.654171674636551e-08
3,489,-0.8124172899696074,-0.5738942439760948,-0.10307057625503806,-0.06626445470599106,-0.06626445470599096,0.09939668205898644,0.09939666451019846,1.7548787978327596e-08
3,490,0.0271633834077515,-0.8232813879466085,-0.5669831627681278,-0.1091368576619473,-0.10913685766194722,0.16370528649292085,0.16370527017306458,1.6319856271929112e-08
3,491,-0.27987386126165015,0.5376434237568104,0.7953679467224897,-0.09155380130324114,-0.09155380130324112,0.1373307019548617,0.1373306870999791,1.485488260177803e-08
3,492,-0.4539414944175623,-0.7659352121242126,-0.45528054040798605,-0.10246148707013263,-0.10246148707013254,0.15369223060519882,0.15369221589844884,1.4706749984494394e-08
3,493,-0.6377094860979031,0.3102409541796534,-0.7050369931361378,-0.04165820683068543,-0.041658206830685274,0.06248731024602791,0.06248729311764123,1.7128386681219965e-08
3,494,-0.31364911859911393,-0.9451078106468526,0.09162672457483136,-0.07807734019501607,-0.07807734019501593,0.1171160102925239,0.11711599329222722,1.7000296684277494e-08
3,495,-0.23030178600274562,-0.5725127992343805,0.7868863844779369,-0.03709670909552394,-0.03709670909552381,0.05564506364328572,0.0556450455158064,1.8127479316232264e-08
3,496,0.3494285201450458,0.4391804415397793,-0.827659500687431,-0.0375869443379183,-0.037586944337918204,0.05638041650687731,0.056380401736166874,1.477071043254341e-08
3,497,-0.6886182297623618,0.16235951309686977,-0.7067137483775864,-0.04750116980403595,-0.04750116980403582,0.07125175470605373,0.07125173645539107,1.8250662661700723e-08
3,498,0.6654489891282773,0.7462062116307725,-0.018813096284361803,-0.07078446808365425,-0.07078446808365417,0.10617670212548126,0.10617668549928183,1.662619943110233e-08
3,499,0.4491141600883662,-0.8066206803398686,-0.38426494669195194,-0.0856173998297767,-0.08561739982977663,0.12842609974466496,0.1284260878198218,1.1924843168475974e-08
3,500,-0.14471606884934046,0.9692502934687368,-0.1990254456785877,-0.06732280270275061,-0.06732280270275043,0.10098420405412564,0.10098418906645534,1.4987670299282385e-08
3,501,-0.0062539987920214955,-0.19498859191058546,-0.9807855711233912,-0.0765791206945621,-0.07657912069456206,0.1148686810418431,0.11486866458021439,1.6461628712938214e-08
3,502,0.8914712370631154,0.31855505256058114,0.32218273072479287,-0.06049139267010369,-0.06049139267010361,0.09073708900515542,0.090737072022673,1.698248242032463e-08
3,503,0.4643773233050764,-0.519982989889433,0.7169179812402937,-0.03735721570307662,-0.03735721570307643,0.056035823554614644,0.056035807938226156,1.5616388487904587e-08
3,504,-0.5026184127997929,-0.7490794907778623,-0.4315722970842724,-0.09959306181876713,-0.09959306181876705,0.14938959272815058,0.149389578485426,1.4242724583057864e-08
3,505,0.8216638441044307,0.5456851298466888,0.16460943580406356,-0.06764655737952005,-0.06764655737951997,0.10146983606927995,0.10146981727077176,1.879850819452855e-08
3,506,0.7428925008403598,-0.18044628336772295,-0.6446315777356328,-0.05022708871830693,-0.0502270887183069,0.07534063307746036,0.07534061569058892,1.7386871442592877e-08
3,507,0.5540204257343023,0.45691284462308335,-0.6959109284151417,-0.037115318424205415,-0.037115318424205325,0.05567297763630799,0.05567295929820304,1.8338104951221013e-08
3,508,0.7921423035959309,-0.3700290478371284,0.4853751895291724,-0.03769319687513335,-0.03769319687513319,0.056539795312699793,0.05653977980246694,1.551023285500941e-08
3,509,-0.8599872234300945,-0.3187904841279477,0.39849040486122805,-0.03842789009481499,-0.03842789009481496,0.057641835142222445,0.05764182048340061,1.4658821836932567e-08
3,510,-0.15486192926593054,-0.7603589951682894,0.6307709420468759,-0.04203921388368426,-0.042039213883684076,0.06305882082552612,0.0630588040118063,1.681371981920865e-08
3,511,0.82410005143131,0.5592897229494435,0.08974469919748361,-0.0646212499633698,-0.06462124996336974,0.0969318749450546,0.09693185837322815,1.657182645276034e-08
4,0,-0.8369802952788932,0.25788204795944764,-0.48266016476926915,-0.06193608757251616,-0.06193608757251611,0.09290413135877418,0.09290413022222666,1.1365475227620436e-09
4,1,-0.8774608376825767,0.32224910315759486,-0.35527171833332954,-0.07247170831209432,-0.07247170831209428,0.10870756246814142,0.10870756100844758,1.4596938380240232e-09
4,2,-0.7691260275892904,-0.5303938456905737,0.3565494666077654,-0.04381348805529391,-0.04381348805529379,0.06572023208294069,0.06572022787088017,4.21206051981482e-09
4,3,-0.2478905999601747,0.7890642991353469,-0.5620745344537754,-0.055080830980979795,-0.055080830980979656,0.08262124647146948,0.0826212417925909,4.678878590125279e-09
4,4,0.9356035277752024,0.2034336555857015,0.28854945258938536,-0.04969155718821449,-0.049691557188214386,0.07453733578232158,0.07453733325002432,2.532297260771088e-09
4,5,-0.8692031451107646,0.08643451436834831,-0.4868418298127874,-0.054781980355840296,-0.0547819803558402,0.0821729705337603,0.08217296981749556,7.162647419622914e-10
4,6,0.5988428830639864,0.2753019196952428,0.7520612039027986,-0.037062247577778734,-0.03706224757777862,0.055593371366667935,0.05559336740956766,3.957100272455882e-09
4,7,0.9923151808803741,-0.07214295758749392,0.10052848086427892,-0.07264010030270981,-0.07264010030270975,0.10896015045406462,0.10896014507322249,5.38084213297374e-09
4,8,-0.2643483373737407,-0.4395189552948707,-0.8584538685708419,-0.04827332224237166,-0.048273322242371595,0.0724099833635574,0.0724099807891676,2.5743897985597286e-09
4,9,0.3692892080450349,0.7608605057691512,0.5335885789465349,-0.049941748570510376,-0.04994174857051029,0.07491262285576544,0.07491262193903836,9.167270831333951e-10
4,10,-0.5497511200199416,-0.8223249005863402,-0.14681779153932759,-0.04013911528318242,-0.040139115283182356,0.06020867292477353,0.06020866999412178,2.9306517559946066e-09
4,11,0.4742934629447009,0.026013797831867976,0.879982382397674,-0.037053688632044536,-0.03705368863204449,0.05558053294806673,0.055580530455845434,2.492221297389907e-09
4,12,0.051235332089019946,0.6838664733134389,0.7278060094720072,-0.06835433916947037,-0.0683543391694703,0.10253150875420546,0.10253150689587542,1.8583300315233586e-09
4,13,0.3595575023400836,-0.7117012043088554,0.60348968367014,-0.05601643646903248,-0.05601643646903236,0.08402465470354854,0.08402465112578028,3.5777682622084583e-09
4,14,-0.7119092327838302,-0.024327277533223782,0.701850003807765,-0.07395788379792932,-0.07395788379792916,0.11093682569689374,0.1109368236162922,2.0806015382790477e-09
4,15,-0.16214183088061948,-0.707290586512792,0.6880770690184866,-0.03806157781347674,-0.03806157781347655,0.057092366720214824,0.057092365557398495,1.162816329336458e-09
4,16,0.02996720814651736,-0.48815601777191614,-0.8722417490288848,-0.06618237572933514,-0.0661823757293351,0.09927356359400265,0.09927356020567046,3.388332184273146e-09
4,17,0.36303331027404606,0.9125988440688563,0.18806957605007657,-0.04917535387217401,-0.04917535387217398,0.07376303080826097,0.07376303040596,4.0230097031468404e-10
4,18,0.24405710314572565,-0.7460851611306889,0.6195103411120033,-0.051636702345268876,-0.05163670234526873,0.0774550535179031,0.07745504931877534,4.199127767723354e-09
4,19,0.36161064549523947,-0.6714004432726461,0.646884213625445,-0.05319424062014109,-0.05319424062014096,0.07979136093021146,0.07979135824287553,2.6873359232348903e-09
4,20,0.9784604013793756,0.1710692237693036,-0.11554463904257656,-0.06355239579751489,-0.06355239579751479,0.09532859369627218,0.09532859085448209,2.841790094909591e-09
4,21,0.15113950648272226,0.9802379631998377,-0.12763379286847568,-0.05472283006496109,-0.054722830064961016,0.08208424509744153,0.08208424356892507,1.5285164522982342e-09
4,22,0.45776328019628304,-0.8441673681118681,0.27898787414334164,-0.08065801852024831,-0.08065801852024819,0.12098702778037229,0.1209870259533119,1.827060391867974e-09
4,23,0.7077284015992731,-0.6926316715709957,0.1392188101748695,-0.09533496617988291,-0.09533496617988287,0.1430024492698243,0.14300244599585454,3.273969761963258e-09
4,24,0.6751325527816069,-0.6789410470094526,0.28850492345937345,-0.08518168433121176,-0.08518168433121172,0.12777252649681758,0.127772524505243,1.9915745719245592e-09
4,25,-0.6834121604395644,0.04663533957119376,-0.7285416694097918,-0.041884407039532265,-0.041884407039532195,0.0628266105592983,0.06282660780509985,2.7541984387591256e-09
4,26,-0.688775546519369,0.6293001522369805,-0.35995772656168634,-0.07977654751030083,-0.07977654751030075,0.11966482126545112,0.11966481971992238,1.5455287466492607e-09
4,27,0.47277077399378203,-0.11775975232716937,0.8732814185525557,-0.0379216486186587,-0.037921648618658654,0.05688247292798798,0.056882472343477986,5.845099959600475e-10
4,28,0.37557360324531597,0.5840798932211904,0.7195798405180989,-0.046668155276769034,-0.04666815527676895,0.07000223291515344,0.07000223178899034,1.1261630933345756e-09
4,29,-0.6145102664236086,-0.7854522353160094,-0.07376936015087548,-0.03796694992969827,-0.0379669499296982,0.056950424894547304,0.05695042354370017,1.350847135539457e-09
4,30,-0.025705824688541472,-0.0401365284584028,0.9988634890015701,-0.044834568294982974,-0.04483456829498286,0.0672518524424743,0.06725184992228961,2.520184685939064e-09
4,31,-0.6886192477349994,0.4774187641726742,0.5457791268129628,-0.10572105954309977,-0.10572105954309965,0.1585815893146495,0.15858158536330436,3.951345139974194e-09
4,32,0.015010060591015537,0.9332686558284959,0.3588653147479235,-0.07475843537376425,-0.07475843537376423,0.11213765306064634,0.11213765055417824,2.5064681025144253e-09
4,33,0.7534989976111873,0.22069271550906677,0.6193012077496457,-0.03910633189510498,-0.039106331895104866,0.0586594978426573,0.05865949531669301,2.5259642918995517e-09
4,34,-0.6212103048616449,-0.7085370922405722,0.3347729768857954,-0.03749325831984,-0.03749325831983989,0.05623988747975984,0.05623988358349763,3.896262208702428e-09
4,35,0.6317005326038246,0.7618016597580436,0.14357112626825203,-0.03790433965436357,-0.03790433965436349,0.056856509481545234,0.056856507002489565,2.4790556690801324e-09
4,36,-0.5576956842900213,-0.022178542785164044,0.829749140381725,-0.06778845575733046,-0.06778845575733028,0.10168268363599542,0.10168268171906192,1.9169335008228927e-09
4,37,0.7688878254189764,-0.3627852322777346,-0.5264963315766482,-0.1021115547057537,-0.10211155470575359,0.1531673320586304,0.15316733020798168,1.8506487176050967e-09
4,38,0.3993693882803154,0.7906866485690321,-0.4640244772415336,-0.037555768971064184,-0.037555768971064045,0.05633365345659607,0.05633365163237869,1.8242173813187712e-09
4,39,0.8660831370727703,0.08577680369390504,0.4924858775906641,-0.04739345166230368,-0.047393451662303576,0.07109017749345536,0.07109017541306883,2.0803865297125412e-09
4,40,0.9546245654829146,0.2582556427065417,-0.14831035697748013,-0.05835169186405043,-0.05835169186405034,0.08752753779607551,0.08752753383189926,3.964176251147755e-09
4,41,-0.11365758156369167,0.5885062159947329,0.8004638579527834,-0.07604581905604543,-0.07604581905604538,0.11406872858406807,0.11406872529873269,3.285335378744314e-09
4,42,0.10126270429613131,0.8789357443223705,-0.46606632797394276,-0.045825553873118846,-0.04582555387311869,0.06873833080967805,0.06873832752996023,3.2797178167731644e-09
4,43,-0.6891705929692089,0.32250851121119883,-0.6488699052836437,-0.053049682569047435,-0.05304968256904736,0.07957452385357104,0.07957452058393599,3.269635048819275e-09
4,44,0.7488613811506867,0.10081203207923113,-0.6550141723727373,-0.06991169516113026,-0.06991169516113005,0.10486754274169507,0.10486753965199824,3.0896968317151163e-09
4,45,0.6788772989815284,0.7340481589430139,-0.017289108707976838,-0.037038409613001436,-0.037038409613001366,0.05555761441950205,0.05555761267705961,1.7424424403333916e-09
4,46,-0.981223105214227,-0.0275611233937714,-0.19089683672346025,-0.06291047735722306,-0.062910477357223,0.09436571603583449,0.09436571385412762,2.181706870718614e-09
4,47,0.23727551763700444,-0.8928156259821547,0.3828584421586976,-0.06488739873091968,-0.06488739873091953,0.0973310980963793,0.09733109596066214,2.135717158679995e-09
4,48,0.18919902165916505,0.8292587525703771,-0.5258646703179791,-0.041027129368734566,-0.041027129368734414,0.06154069405310162,0.06154069198682777,2.0662738534071856e-09
4,49,0.06579829653639391,0.09079103261217891,-0.993693902854457,-0.044499551370029915,-0.04449955137002979,0.06674932705504469,0.06674932689909596,1.5594872615487532e-10
4,50,-0.5017674546812194,-0.4557678585721197,-0.735190506273928,-0.03988887199329485,-0.03988887199329475,0.05983330798994213,0.059833306365053573,1.624888557039128e-09
4,51,-0.29919355831468,0.9361066229409735,0.18489890521321703,-0.09346714832672885,-0.09346714832672882,0.14020072249009324,0.14020071908982246,3.4002707871572113e-09
4,52,0.3888682482506901,0.20926285048152182,-0.89721265311563,-0.050730124771612414,-0.05073012477161222,0.07609518715741834,0.07609518709594809,6.147024556035774e-11
4,53,0.4505623532593925,0.4751773067680141,0.7557778066059196,-0.04169389062037405,-0.041693890620373944,0.06254083593056092,0.062540832235225,3.695335926146015e-09
4,54,-0.8648506999174782,-0.4299085986088212,0.2592525095239144,-0.04893108202572137,-0.04893108202572125,0.07339662303858188,0.07339661933780661,3.7007752695661367e-09
4,55,0.3562936144012084,-0.6736376196578987,-0.6475084692253554,-0.09652235529952578,-0.0965223552995257,0.14478353294928856,0.14478353099756092,1.9517276406144646e-09
4,56,-0.9545817645479381,0.2940931180915688,-0.047779626240934445,-0.08790930212279037,-0.08790930212279033,0.1318639531841855,0.13186394892672482,4.257460689549575e-09
4,57,0.10083227208612762,-0.9493355325840152,0.2976489534323506,-0.06235702005907324,-0.06235702005907313,0.0935355300886097,0.09353552515856123,4.9300484666892075e-09
4,58,0.0033461414737672936,0.9942662272680305,0.10688064675812321,-0.07100139167398108,-0.07100139167398103,0.10650208751097155,0.10650208631668434,1.1942872107928437e-09
4,59,0.28113101553385467,-0.17673996270271936,-0.9432541214798613,-0.06564028882342939,-0.06564028882342925,0.09846043323514388,0.098460432862435,3.72708877649508e-10
4,60,-0.09166940339118569,0.2170491453705359,-0.9718468958513086,-0.038111694170617494,-0.03811169417061739,0.05716754125592609,0.057167538758395864,2.497530224299105e-09
4,61,0.4275283013258136,0.8347386541663889,0.34703159914617276,-0.0468059788959159,-0.04680597889591583,0.07020896834387376,0.07020896503062701,3.3132467464058735e-09
4,62,0.9343731602698709,-0.012677856456382516,0.35607031513868936,-0.05783827849530484,-0.05783827849530476,0.08675741774295714,0.086757415140859,2.6020981480634475e-09
4,63,-0.39988501745013316,-0.7674282430994024,-0.501144554507251,-0.04829580550719162,-0.04829580550719154,0.07244370826078732,0.07244370520131937,3.059467942878591e-09
4,64,0.21079478862673307,-0.6869968855401757,0.6954141473581837,-0.04650977702663069,-0.04650977702663054,0.06976466553994581,0.06976466210284471,3.4371011037315213e-09
4,65,-0.8433679196310971,-0.3953121031763344,0.3639490255783331,-0.05159210675857814,-0.051592106758578,0.07738816013786701,0.07738815560598411,4.531882896730011e-09
4,66,-0.5970583849459921,-0.7149457032112048,-0.3638322778774851,-0.03930549566902746,-0.03930549566902737,0.058958243503541057,0.05895824245483183,1.048709223627764e-09
4,67,-0.6510707698705165,-0.7295004949521368,-0.20960887501439532,-0.03771997206010845,-0.03771997206010837,0.05657995809016255,0.05657995461039178,3.4797707701428315e-09
4,68,0.5808730425600038,-0.1655913740338601,-0.7969730266907797,-0.08105454792027013,-0.08105454792026996,0.12158182188040495,0.12158182099986092,8.805440265824416e-10
4,69,-0.19523353932641027,0.6491970485781938,-0.735137441054015,-0.04412018421301615,-0.044120184213016,0.066180276319524,0.06618027376115165,2.558372347305493e-09
4,70,0.008523188455989636,0.1922471716458509,-0.9813095231641822,-0.0402518542344411,-0.04025185423444098,0.06037778135166147,0.06037777638967512,4.961986349583114e-09
4,71,0.7636372879715421,0.6262030310112187,0.15725093440686144,-0.03735445165471612,-0.037354451654716014,0.05603167748207402,0.05603167513301699,2.349057032224877e-09
4,72,0.2311587913710188,0.8061758176220042,0.5446523333773414,-0.05904564583391023,-0.059045645833910164,0.08856846875086526,0.088568465062,3.6888652549249557e-09
4,73,0.5439946345727997,0.7998933767994167,0.25345694567013227,-0.040941711677324834,-0.04094171167732475,0.06141256751598713,0.06141256531089212,2.205095009366609e-09
4,74,0.706450116134566,0.12093694562985151,-0.6973539191796232,-0.06720729114695369,-0.06720729114695351,0.10081093672043026,0.10081093598790503,7.325252349144051e-10
4,75,0.6149007010372943,-0.07152201572035714,-0.7853545244863246,-0.07644658954950949,-0.07644658954950932,0.11466988432426399,0.1146698833109916,1.0132723965439183e-09
4,76,-0.262072474680992,0.3355769674610618,0.9048238043532113,-0.07316663467087561,-0.07316663467087549,0.10974995200631324,0.10974994940626814,2.600045095890735e-09
4,77,0.459371968974921,-0.7170769514963133,0.5241927505725907,-0.06410451129449507,-0.06410451129449496,0.09615676694174244,0.09615676449525878,2.4464836545501356e-09
4,78,-0.8548975343596064,-0.48721597868529676,-0.17824364184899907,-0.04033514292616074,-0.04033514292616065,0.06050271438924098,0.06050271117441497,3.214826009567684e-09
4,79,-0.6116080010710885,0.6663252805493505,0.42655160710828033,-0.1100407284124982,-0.11004072841249812,0.16506109261874718,0.1650610911840822,1.4346649979124493e-09
4,80,-0.19241402745088476,-0.9051742310976993,0.37899400179530385,-0.04500538511761939,-0.045005385117619257,0.06750807767642888,0.06750807551858529,2.1578435982494426e-09
4,81,0.5977576956608768,-0.14778053221609208,0.7879382282743536,-0.04140433638087592,-0.04140433638087587,0.06210650457131381,0.06210650466131895,9.000514222812228e-11
4,82,-0.05016932752718839,0.09330374921339142,0.9943728923086119,-0.05048757123157775,-0.050487571231577655,0.07573135684736648,0.07573135590854818,9.388183008773865e-10
4,83,-0.8118124531893129,0.47410035557229085,0.34086565343691794,-0.10773308499819334,-0.10773308499819324,0.16159962749728987,0.16159962673567563,7.616142438937601e-10
4,84,-0.6344098466521559,-0.6773482575056362,0.37245601689980307,-0.03810863495442156,-0.03810863495442141,0.05716295243163212,0.0571629507617466,1.6698855215269148e-09
4,85,-0.4245035688186945,0.08021066354209035,-0.9018663811864425,-0.03716997109474223,-0.037169971094742196,0.055754956642113294,0.05575495481968673,1.8224265638244752e-09
4,86,-0.9764401732188628,-0.2125683083189737,-0.037138960980715945,-0.05700236620128802,-0.057002366201287936,0.08550354930193191,0.0855035472979715,2.0039604142763068e-09
4,87,-0.5367191693705596,0.8051759280625627,-0.2522384944824389,-0.08505830683306471,-0.08505830683306463,0.12758746024959697,0.12758745865371068,1.595886284233572e-09
4,88,-0.39192171846052487,0.8467315540945528,0.3597819365943386,-0.10203879238111481,-0.10203879238111471,0.15305818857167208,0.15305818418243078,4.3892413037482925e-09
4,89,-0.1432264449964459,-0.19486829051708454,0.9703156882193698,-0.0434956908513715,-0.04349569085137134,0.06524353627705701,0.06524353418635442,2.09070258327948e-09
4,90,0.45009910832839556,-0.6906561676545764,-0.5660431527389737,-0.10308840520270139,-0.1030884052027013,0.15463260780405194,0.15463260394366074,3.860391201149227e-09
4,91,-0.2556177917301642,-0.8898400717503783,-0.37794733926603585,-0.057605693827661064,-0.05760569382766101,0.08640854074149151,0.08640853588204322,4.859448288208057e-09
4,92,0.6672628079289242,-0.4425281203668084,-0.5991070086715954,-0.10297298358639989,-0.10297298358639977,0.15445947537959967,0.15445947160186435,3.777735319010489e-09
4,93,0.6630777424715282,-0.4272651511683141,0.6146319207753363,-0.05755501177583732,-0.05755501177583725,0.08633251766375588,0.0863325147482108,2.9155450831375163e-09
4,94,0.03475708457781053,0.4819937549470134,-0.8754849885998786,-0.03703790561410661,-0.03703790561410645,0.05555685842115968,0.05555685633762408,2.0835355940551636e-09
4,95,0.38377590849343785,-0.37984715757469917,-0.84168413846434,-0.08319952584913716,-0.08319952584913705,0.12479928877370558,0.12479928340747293,5.366232652681546e-09
4,96,-0.8796276475393202,0.46992684383727,0.07364756021473776,-0.10133380914140709,-0.10133380914140705,0.15200071371211057,0.15200071062926312,3.0828474495425695e-09
4,97,-0.6138081383918204,0.7313768755360054,0.297199318934547,-0.11011881168855721,-0.11011881168855711,0.16517821753283568,0.16517821693762258,5.952131010289463e-10
4,98,-0.34793605961646196,0.11892776450974024,0.9299444527751567,-0.0660016937955869,-0.06600169379558674,0.0990025406933801,0.0990025381120141,2.581366009835051e-09
4,99,0.5646780103576003,0.5913623112550825,-0.5756990198407749,-0.03987938605560629,-0.03987938605560611,0.05981907908340917,0.05981907608143544,3.0019737320974293e-09
4,100,-0.9401485319284427,0.025315124061158274,0.3398233105697162,-0.08140548178679177,-0.08140548178679163,0.12210822268018745,0.1221082221447567,5.354307552885018e-10
4,101,0.36615780970138995,0.6356433362247139,0.6796219592595548,-0.04813740392034688,-0.04813740392034678,0.07220610588052018,0.07220610359626178,2.2842583935478444e-09
4,102,0.19697226874628634,0.9793273088966019,0.04604288646773256,-0.0566450239339238,-0.05664502393392376,0.08496753590088564,0.08496753439724003,1.5036456108008522e-09
4,103,0.8100486766861694,-0.5488009448999192,-0.20649131767689854,-0.10807925217467931,-0.10807925217467919,0.1621188782620188,0.1621188780442928,2.1772597613711753e-10
4,104,0.03796340808244424,0.9919784811545117,-0.1205714417810203,-0.06162562670728555,-0.06162562670728547,0.0924384400609282,0.09243843607231739,3.988610816629823e-09
4,105,0.5835689351786488,-0.10158980375622662,-0.8056840631830999,-0.07696383690605679,-0.07696383690605663,0.11544575535908494,0.11544575156952064,3.78956430124866e-09
4,106,-0.8000164637471935,0.10521584770906253,-0.5906803561354472,-0.05007833883376431,-0.05007833883376426,0.07511750825064639,0.07511750527156025,2.9790861444389805e-09
4,107,-0.9855888874132586,-0.10675821881608945,-0.1312144341248752,-0.060483222921149944,-0.06048322292114988,0.09072483438172482,0.09072483181382651,2.5678983106569575e-09
4,108,0.872534540251086,0.17579356178215216,-0.45582902464056707,-0.06700202196167848,-0.0670020219616783,0.10050303294251746,0.10050302950981305,3.4327044123871886e-09
4,109,0.5777792180824696,-0.08432627828953325,0.8118252607192302,-0.039439011371610294,-0.03943901137161023,0.05915851705741535,0.0591585128106864,4.2467289476655345e-09
4,110,0.9096387706415751,-0.2695936085597851,0.316032582449021,-0.07257740777288628,-0.07257740777288624,0.10886611165932936,0.1088661119585943,2.99264946157507e-10
4,111,-0.13072892892917698,-0.9610287185462862,0.24358519920207197,-0.052140099827836316,-0.05214009982783621,0.07821014974175432,0.0782101480800712,1.6616831105542573e-09
4,112,-0.0329296695313081,0.529994425372306,0.8473615202136795,-0.06815039836784517,-0.06815039836784512,0.10222559755176767,0.10222559465589143,2.8958762471331667e-09
4,113,0.8422314060274185,-0.32049939725372945,0.43350478089759725,-0.06740599475272505,-0.06740599475272499,0.10110899212908749,0.10110899201221102,1.1687646683800068e-10
4,114,0.8590585686794885,-0.5108625134160851,0.0322159582280131,-0.09821685108069315,-0.09821685108069314,0.14732527662103972,0.14732527559013775,1.0309019748966364e-09
4,115,-0.373120357784365,-0.8097402438276737,0.4528818125435895,-0.03806360883172836,-0.03806360883172822,0.05709541324759233,0.05709541034404353,2.903548804167322e-09
4,116,0.37623122689084604,-0.35504582788663985,0.855799347985554,-0.04007738272437075,-0.040077382724370676,0.06011607408655602,0.060116071842752916,2.2438031016536186e-09
4,117,0.9014484078141107,0.36057632026591424,-0.23953180438701163,-0.0529929295512299,-0.052992929551229806,0.07948939432684471,0.07948938868240774,5.644436973373246e-09
4,118,-0.545723150012051,-0.8103835533767787,-0.21322462324354133,-0.040681000469257676,-0.040681000469257614,0.06102150070388642,0.061021498964919374,1.7389670467493623e-09
4,119,0.12348952607608853,-0.9004360251159041,0.4170914787225626,-0.05774398170652346,-0.05774398170652332,0.08661597255978498,0.08661597133974297,1.2200420118624322e-09
4,120,-0.12940518111451496,0.9463474134149541,-0.2961095611822517,-0.06395437520702807,-0.06395437520702797,0.09593156281054196,0.09593155991804991,2.8924920514317165e-09
4,121,0.2042099674198734,-0.534492130091952,0.8201319723533171,-0.040390930306908435,-0.04039093030690829,0.06058639546036244,0.06058639284711731,2.6132451272364854e-09
4,122,-0.6722701629154072,-0.7327046927023403,-0.10581427760780142,-0.03721474930644639,-0.0372147493064463,0.05582212395966945,0.05582212192489777,2.0347716775392932e-09
4,123,0.5627440860849687,-0.19301469512418679,0.8037813266321324,-0.04140490550913173,-0.041404905509131666,0.0621073582636975,0.06210735398193279,4.281764713620628e-09
4,124,-0.820979078910653,-0.5142627959633216,-0.24804662601818045,-0.03863750140772978,-0.03863750140772967,0.057956252111594504,0.05795624952176226,2.589832244492829e-09
4,125,0.12899243822148468,0.07676187934016711,0.9886700990531888,-0.04329798263520092,-0.04329798263520086,0.0649469739528013,0.06494696863645899,5.316342310823785e-09
4,126,-0.9227872304274238,-0.3422336475235057,-0.17703066927185657,-0.046205732686929644,-0.04620573268692955,0.06930859903039432,0.0693085963621165,2.668277820916387e-09
4,127,-0.48852910720889564,-0.709123710204877,0.508412111416466,-0.037187206185940555,-0.03718720618594039,0.05578080927891058,0.05578080636281513,2.9160954553852925e-09
4,128,0.6268276409920388,0.5001425235159931,0.5974483782381619,-0.03768245820656455,-0.037682458206564434,0.05652368730984665,0.056523684344167435,2.9656792160936973e-09
4,129,-0.5952829673210811,0.0647962703897571,-0.8008992646775163,-0.039519441355175544,-0.03951944135517549,0.05927916203276323,0.05927915935899364,2.6737695946188467e-09
4,130,0.23063312474790373,-0.840360658854074,-0.4905123085299336,-0.09254575566173419,-0.09254575566173415,0.13881863349260123,0.138818631589821,1.902780238927093e-09
4,131,-0.46028460420640294,-0.4111491731394283,-0.7868255464569762,-0.04039630729616509,-0.04039630729616499,0.06059446094424748,0.06059445861739121,2.326856270162825e-09
4,132,-0.9675378267233782,-0.2364422937335185,0.08925018539720175,-0.05861442107170752,-0.05861442107170742,0.08792163160756113,0.08792162969895045,1.908610672285427e-09
4,133,-0.42709343707925823,-0.7248163370514581,-0.5405853064476807,-0.04646530622331376,-0.046465306223313664,0.0696979593349705,0.06969795712796767,2.2070028304899125e-09
4,134,-0.021644575636295262,-0.7143208924183058,-0.6994835058814752,-0.07136758891171996,-0.07136758891171992,0.10705138336757988,0.10705138026034788,3.107231999477378e-09
4,135,0.20503194324868282,-0.5686344166632885,-0.7966283967030491,-0.08143149060421008,-0.08143149060421,0.122147235906315,0.12214723399406324,1.9122517597169875e-09
4,136,0.9677952740619734,0.16867868250138326,0.18686842850761984,-0.05495096044752344,-0.05495096044752335,0.08242644067128503,0.08242643650957504,4.1617099905133514e-09
4,137,0.8626286803449232,-0.4385787079502304,0.25203268990169264,-0.08340759003667875,-0.08340759003667873,0.12511138505501812,0.12511138236526165,2.6897564731065415e-09
4,138,-0.5421209072756097,0.2896996629251955,0.7887832574260802,-0.0870809730128336,-0.08708097301283342,0.13062145951925014,0.13062145670650338,2.8127467577299115e-09
4,139,-0.9119169277303768,0.40094487806017476,0.0874684038730704,-0.09888226613029719,-0.09888226613029716,0.14832339919544574,0.1483233993959665,2.0052076665777463e-10
4,140,-0.9587483316446044,-0.21142983219522773,0.1899975332118435,-0.06225365183475513,-0.06225365183475505,0.09338047775213258,0.0933804769620572,7.900753801193261e-10
4,141,0.8835387531196769,0.44248847406141467,0.15350316628176555,-0.04235109828387323,-0.04235109828387312,0.06352664742580968,0.06352664366771066,3.758099026418549e-09
4,142,0.8556626520449084,-0.49130948998272944,-0.1626542681529883,-0.10512570999421252,-0.10512570999421245,0.15768856499131867,0.15768856498343808,7.880585073394286e-12
4,143,-0.41864083761097703,0.5975950680466766,-0.6838274517235086,-0.051772824582559815,-0.0517728245825597,0.07765923687383955,0.07765923321079171,3.6630478372767783e-09
4,144,0.07102208625242129,0.5089198613330631,-0.8578790345993366,-0.037038871122820054,-0.03703887112281987,0.05555830668422981,0.05555830379089244,2.893337375242666e-09
4,145,0.4015854838281541,-0.3299242009746618,-0.8543296323959145,-0.08135781396966538,-0.08135781396966527,0.1220367209544979,0.12203671823085571,2.7236421867860017e-09
4,146,0.5350923282446334,0.841173798667247,-0.07812068029306483,-0.0387471672175064,-0.038747167217506324,0.05812075082625949,0.05812074849176341,2.3344960825566474e-09
4,147,0.9357104308380546,-0.3441379304656259,-0.07755691094736969,-0.09570503658381248,-0.09570503658381241,0.1435575548757186,0.14355755334483078,1.5308878331676823e-09
4,148,0.38570630741086254,0.9187423339277127,-0.08451726612081285,-0.04381164797300053,-0.04381164797300047,0.0657174719595007,0.06571746896666397,2.9928367284437485e-09
4,149,-0.37424217513748065,-0.006570609461557025,0.9273077274776,-0.06036663105762932,-0.060366631057629155,0.09054994658644373,0.09054994531965121,1.2667925181064632e-09
4,150,0.05920466423309755,0.4818392211192483,-0.874257269185817,-0.03706628262186809,-0.03706628262186792,0.05559942393280188,0.05559942367616699,2.566348869526003e-10
4,151,-0.9960846715076898,-0.08778671484932592,-0.010431676920849455,-0.06572523016644415,-0.06572523016644408,0.09858784524966611,0.09858784205674098,3.1929251326223707e-09
4,152,-0.4630010914998937,0.5566845104130242,-0.6897335319789218,-0.05190146392669354,-0.05190146392669345,0.07785219589004018,0.07785219552358669,3.6645349255071125e-10
4,153,0.5540932329003747,-0.817111972952976,0.15908712364898073,-0.09129308146803494,-0.09129308146803486,0.1369396222020523,0.13693961936622756,2.8358247416981897e-09
4,154,-0.26361910752474993,-0.7378465964507811,0.6213592891828789,-0.03763807000146787,-0.037638070001467704,0.05645710500220156,0.0564571014938231,3.508378455807648e-09
4,155,0.6768169097707829,-0.4316353084482931,-0.5963303037319793,-0.10277312818125085,-0.1027731281812507,0.15415969227187606,0.15415969195631263,3.155634364926385e-10
4,156,-0.9695590193969108,-0.07451024888472833,-0.23324564458363703,-0.05851746969746216,-0.05851746969746207,0.08777620454619312,0.0877762015849548,2.961238310117409e-09
4,157,0.3796647492001445,-0.728801055216749,0.569827781114386,-0.05881762352653849,-0.05881762352653837,0.08822643528980756,0.08822643032813104,4.961676514092517e-09
4,158,0.5858086112692472,-0.566752118841679,-0.5793274607260245,-0.1055165504111927,-0.10551655041119262,0.15827482561678893,0.1582748251904853,4.263036312845969e-10
4,159,-0.19342687897111238,0.6014152339959975,0.7751682132344143,-0.08213649988234643,-0.08213649988234635,0.12320474982351953,0.12320474779281554,2.0307039938494142e-09
4,160,-0.7983600783477391,0.2620508507066125,-0.5421720547432636,-0.0583321893076065,-0.05833218930760644,0.08749828396140967,0.08749828223075795,1.7306517191562065e-09
4,161,-0.03253624548212174,-0.9734127682213505,-0.22673547449301923,-0.07164922987501458,-0.07164922987501454,0.10747384481252181,0.10747384232567825,2.4868435644087583e-09
4,162,0.4523937643183108,0.8532106352144135,0.259560193332733,-0.04505140725216102,-0.045051407252160953,0.06757711087824143,0.06757710918625648,1.6919849549212884e-09
4,163,0.2595761146771304,0.3896916299611309,0.8836066286687546,-0.04711540640465244,-0.0471154064046524,0.0706731096069786,0.07067310625608059,3.3508980173957426e-09
4,164,-0.6199361202512496,0.4578044325688391,0.6372552928992834,-0.10160596056855026,-0.10160596056855009,0.15240894085282514,0.15240893685986023,3.992964903165586e-09
4,165,-0.04124349962447073,-0.9900416663370782,0.1345974466891093,-0.060932751274281695,-0.06093275127428161,0.09139912691142242,0.09139912438005382,2.5313686008443526e-09
4,166,0.4203519342433844,-0.8697294173518726,-0.25860199529512023,-0.10213081684415161,-0.10213081684415154,0.1531962252662273,0.15319622376219755,1.5040297618451604e-09
4,167,-0.3807880879006875,-0.6175727601708305,-0.6881891585951643,-0.04708140977909571,-0.04708140977909561,0.07062211466864342,0.07062210954922321,5.119420207200243e-09
4,168,0.5642982639602765,-0.726728727625386,0.3917050238832862,-0.07616538681187184,-0.07616538681187177,0.11424808021780765,0.11424807627724576,3.940561890680705e-09
4,169,-0.06142090938097262,-0.50083300892722,-0.8633618992402443,-0.06109394963093172,-0.0610939496309317,0.09164092444639756,0.09164092401592328,4.3047428122111597e-10
4,170,-0.12825284894303213,-0.9245013629776164,0.3589546441969029,-0.04837004186672385,-0.0483700418667237,0.07255506280008556,0.07255506195846806,8.416174979153368e-10
4,171,-0.40687312571197054,0.9134765834667219,-0.0038459109890928694,-0.09298363908431632,-0.09298363908431626,0.1394754586264744,0.13947545479675583,3.829718570047547e-09
4,172,0.0810178343222548,0.969456288067123,0.23149647092093453,-0.06827231523941374,-0.06827231523941373,0.1024084728591206,0.10240847198028646,8.788341304688529e-10
4,173,-0.3351544159555337,0.8746056898661624,-0.35033755824809787,-0.07121798463230977,-0.07121798463230966,0.10682697694846449,0.10682697365593796,3.292526529197204e-09
4,174,-0.12205558399052234,-0.8757976369939339,-0.4669913633597247,-0.06728884192516996,-0.0672888419251699,0.10093326288775485,0.10093326036075823,2.5269966258401055e-09
4,175,0.3999259796400941,0.052801984510257916,-0.9150252243740004,-0.059020858423092855,-0.05902085842309268,0.08853128763463902,0.08853128646846287,1.1661761556425176e-09
4,176,0.9178157523823863,-0.27380387274111156,0.28748162367484176,-0.07443204780300686,-0.07443204780300682,0.11164807170451023,0.11164806995589416,1.7486160713842125e-09
4,177,0.6516792023582192,-0.4320456432140382,-0.6234186229120231,-0.10167021842076028,-0.10167021842076017,0.15250532763114028,0.1525053250350794,2.5960608662778384e-09
4,178,0.21149477092090552,0.6114869538158693,0.7624655186866502,-0.05593284680886593,-0.055932846808865865,0.08389927021329881,0.08389926947627302,7.370257876226916e-10
4,179,0.884424465299953,0.4090264261327245,-0.22470146395603036,-0.04986434536618172,-0.04986434536618161,0.07479651804927243,0.07479651481512306,3.234149364983452e-09
4,180,-0.5371185198137741,0.7576533327912995,0.37076289321249034,-0.1085045126681791,-0.10850451266817905,0.1627567690022686,0.16275676639754266,2.604725934940433e-09
4,181,-0.7909601008542653,-0.5396824422215425,0.288314030901033,-0.04320978175152242,-0.04320978175152232,0.06481467262728348,0.0648146716852871,9.41996383674315e-10
4,182,0.5952282591898024,-0.3454171976633889,0.7255275866707266,-0.04829514745754068,-0.04829514745754061,0.07244272118631093,0.07244271987838502,1.3079259064685544e-09
4,183,0.9591020315016752,0.27398303470052354,0.07110970303447643,-0.05245289062803429,-0.05245289062803421,0.07867933594205131,0.07867933388139292,2.060658393920889e-09
4,184,0.8386709518234984,-0.45677608902905426,0.29662541876715287,-0.08115076329544411,-0.08115076329544409,0.12172614494316614,0.12172614305416829,1.8889978470326696e-09
4,185,0.8938089419071333,0.3669102386439739,0.2578419130883749,-0.0432261412329052,-0.04322614123290509,0.06483921184935763,0.06483920761413131,4.235226322424346e-09
4,186,-0.1749185591943911,-0.9436249115184441,0.28102584224794497,-0.04874202951148865,-0.048742029511488545,0.07311304426723282,0.07311304200952051,2.25771230877303e-09
4,187,-0.10871027588618745,0.9879460209638182,0.11020315593714892,-0.0788093677634617,-0.07880936776346166,0.1182140516451925,0.11821405104806004,5.971324545939183e-10
4,188,-0.8226741391952891,-0.47631490877036553,0.3103729504682529,-0.046572620371549786,-0.04657262037154967,0.0698589305573245,0.06985892836430807,2.193016435114714e-09
4,189,-0.3776405020639522,-0.7954532627419738,-0.4739638783642003,-0.04974522534708305,-0.04974522534708297,0.07461783802062447,0.07461783552153989,2.4990845781669435e-09
4,190,-0.6946921175440244,-0.5222827589293093,0.4945943606101757,-0.043824106171139694,-0.043824106171139535,0.06573615925670931,0.06573615818350476,1.0732045530037482e-09
4,191,-0.4570692209597059,0.38722135726520207,-0.8007167712299913,-0.04357912806828729,-0.043579128068287204,0.0653686921024308,0.06536868685236286,5.250067949824633e-09
4,192,-0.9406371812190898,0.1941926386482559,-0.27837189585702266,-0.07105159327435859,-0.07105159327435852,0.10657738991153778,0.10657738719332954,2.7182082418253373e-09
4,193,-0.5538127263273679,0.8152043582125472,-0.16950905140763772,-0.09067357735665336,-0.09067357735665328,0.13601036603497993,0.13601036547017387,5.64806063030332e-10
4,194,-0.5106962620883454,0.5432278650009464,0.6664028920821888,-0.10025224337802592,-0.1002522433780258,0.1503783650670387,0.1503783625400601,2.526978598593743e-09
4,195,-0.9326744310587273,-0.3228021731982609,0.1609880822538093,-0.054375453816601596,-0.0543754538166015,0.08156318072490225,0.08156317427010507,6.454797182864347e-09
4,196,0.7414479693599462,-0.2960720747089002,0.6021596427107846,-0.05549740005026645,-0.0554974000502664,0.0832461000753996,0.0832460989030892,1.17231040153154e-09
4,197,-0.6850122462906616,0.711378703586165,-0.15715776314229352,-0.09410530282140042,-0.09410530282140038,0.1411579542321006,0.1411579506060967,3.6260038860369548e-09
4,198,-0.8669094444202775,0.06797807314550611,-0.49380866410620017,-0.05365168824917934,-0.053651688249179263,0.0804775323737689,0.08047753019546633,2.17830256610263e-09
4,199,-0.1853358689353289,-0.07590120130778157,0.9797395691335643,-0.0491460750206256,-0.04914607502062545,0.07371911253093819,0.07371910998310582,2.5478323617544874e-09
4,200,0.6121439307231982,0.06843251643469415,-0.7877796638484442,-0.06715977905187519,-0.067159779051875,0.1007396685778125,0.10073966522083921,3.3569732826865817e-09
4,201,0.990704760764301,0.09121100357554883,0.10091892699434646,-0.06249740418850184,-0.06249740418850176,0.09374610628275265,0.09374610393519944,2.3475532073824468e-09
4,202,-0.017860915290660116,-0.8693490369322228,0.4938757330442513,-0.048081373940365976,-0.048081373940365824,0.07212206091054874,0.07212205832551888,2.5850298568386165e-09
4,203,-0.5164218710760435,-0.8414439812207872,0.15899835704066084,-0.03844699321123309,-0.03844699321123301,0.05767048981684952,0.05767048644189643,3.3749530878313116e-09
4,204,0.9317548406404363,0.36197894332494973,0.028357742019915453,-0.0485779436628543,-0.04857794366285422,0.07286691549428134,0.0728669138916338,1.6026475424535391e-09
4,205,-0.6186085679216553,0.050937761453069934,0.7840464170902567,-0.07524308638583697,-0.07524308638583678,0.11286462957875518,0.11286462736626035,2.212494826236977e-09
4,206,0.9298882235126719,-0.015197476166628865,0.36752813292401415,-0.05742739198880955,-0.05742739198880948,0.08614108798321422,0.08614108731874737,6.644668565369827e-10
4,207,0.01608788453248271,0.2220716403055182,-0.974897618492981,-0.03976947530908938,-0.039769475309089246,0.05965421296363387,0.059654209350057386,3.6135764866496167e-09
4,208,0.8738879577143377,-0.4838048517545867,-0.04746264616080978,-0.10082799184047696,-0.10082799184047692,0.15124198776071537,0.1512419842142343,3.5464810810292846e-09
4,209,-0.9799131300341177,0.17063786570849399,-0.10321325677057361,-0.07844496363540288,-0.0784449636354028,0.11766744545310422,0.11766744384411609,1.608988123291688e-09
4,210,0.8886622528518456,-0.4028194824338104,0.21912522658981834,-0.08407234678068232,-0.0840723467806823,0.12610852017102347,0.1261085166848197,3.4862037701088866e-09
4,211,-0.4856798899994226,0.7367477767424202,-0.4704442133933095,-0.06863918326362686,-0.06863918326362677,0.10295877489544016,0.10295877067578729,4.219652863235446e-09
4,212,0.9962953688640694,0.035125062653946465,0.07849692958048834,-0.06680141547013321,-0.06680141547013314,0.10020212320519972,0.10020211882455499,4.3806447358463174e-09
4,213,0.9847944241966927,0.15771981470472843,-0.0728313265059099,-0.06344198394933494,-0.06344198394933485,0.09516297592400229,0.09516297333478363,2.589218658921588e-09
4,214,-0.35506321579789507,-0.12044405534285456,-0.9270508844285867,-0.038563428872048416,-0.03856342887204839,0.05784514330807258,0.057845141177015336,2.1310572473343115e-09
4,215,-0.94124293597109,-0.20455635619813387,-0.2687348742226527,-0.050294999737445174,-0.05029499973744507,0.07544249960616761,0.07544249946977999,1.3638762341727784e-10
4,216,-0.1298195923596437,-0.603831992817415,-0.7864691970380819,-0.06060667564722688,-0.06060667564722684,0.09091001347084027,0.09091001007544008,3.3954001832370295e-09
4,217,0.781909967478702,-0.08955754334345055,-0.6169248326885062,-0.08437544718671555,-0.08437544718671537,0.12656317078007306,0.12656316689119151,3.8888815501181284e-09
4,218,0.4581850951738718,0.7070398804041855,0.5386659689255904,-0.04477981208377602,-0.044779812083775926,0.0671697181256639,0.06716971284737028,5.2782936216244636e-09
4,219,0.7626676475481852,0.3355185599416017,0.5529605368541514,-0.03812467268977489,-0.03812467268977476,0.057187009034662145,0.057187006519132666,2.5155294791634475e-09
4,220,0.8793128481498187,0.2460794478561333,0.40774234563198664,-0.04403736812612234,-0.04403736812612223,0.06605605218918335,0.06605604951914756,2.670035789686942e-09
4,221,-0.6698363903713956,-0.29089220992795717,-0.6831551305065698,-0.03717444572170459,-0.03717444572170448,0.055761668582556725,0.05576166611787059,2.464686135739136e-09
4,222,-0.9323061937669078,0.15825331528955114,0.3252092392041269,-0.09052685476314745,-0.09052685476314734,0.13579028214472103,0.1357902804088873,1.7358337267570079e-09
4,223,0.24817996781222385,-0.13400556224542162,0.9594004444777018,-0.037329298748669075,-0.03732929874866901,0.05599394812300352,0.055993946979082665,1.1439208538743806e-09
4,224,-0.8589982304517095,0.4375642315890277,0.2658187038466919,-0.10538993734781195,-0.10538993734781187,0.15808490602171782,0.1580849048887778,1.1329400195769779e-09
4,225,-0.3720362030827178,-0.007351649343494992,0.9281891061888872,-0.06022352436570902,-0.060223524365708846,0.09033528654856328,0.09033528508561872,1.4629445571623378e-09
4,226,0.5536573812138188,-0.4841598936688165,-0.6775342807489937,-0.0995566042491778,-0.09955660424917769,0.14933490637376653,0.14933490416479955,2.208966981553928e-09
4,227,-0.8534149210816872,0.5113007102403415,-0.10126478253993383,-0.09468906365962278,-0.09468906365962278,0.14203359548943417,0.1420335946078488,8.815853602683887e-10
4,228,0.6524775578770338,-0.6976307588810542,0.295946550461171,-0.08447917288867322,-0.08447917288867315,0.12671875933300975,0.12671875493364126,4.399368480623167e-09
4,229,-0.7029465087755578,0.6668400653611404,-0.2473672028167939,-0.08820564873168515,-0.08820564873168509,0.13230847309752763,0.1323084697357757,3.361751932384749e-09
4,230,-0.0401778269842111,0.8325359399455536,-0.5525121273943226,-0.04787641847371659,-0.047876418473716445,0.07181462771057467,0.07181462507999115,2.6305835287843138e-09
4,231,0.16965040323835093,0.11405400658970809,0.9788822320697724,-0.04300105971580985,-0.043001059715809815,0.06450158957371473,0.06450158601678524,3.5569294870585466e-09
4,232,0.31846194941683,-0.7586480473072591,-0.568361792426721,-0.09688777366183961,-0.09688777366183957,0.14533166049275936,0.14533165643149104,4.061268321642331e-09
4,233,-0.6633313918300232,0.687613304390805,0.2952615928928147,-0.11084988583313972,-0.11084988583313966,0.1662748287497095,0.16627482862796583,1.2174367070016956e-10
4,234,-0.8489455437257516,-0.326521388812303,-0.4155421115076938,-0.04102112743342697,-0.04102112743342684,0.06153169115014026,0.06153168807809806,3.072042203955405e-09
4,235,0.6681009095041631,-0.0407655417958812,-0.7429531245790667,-0.07670806765140897,-0.0767080676514088,0.11506210147711321,0.11506210012557361,1.3515396024565973e-09
4,236,0.9815330012631384,0.19009084642325233,-0.02141115451038058,-0.05999523978124856,-0.05999523978124847,0.0899928596718727,0.08999285899813358,6.737391200495324e-10
4,237,0.6099017457956671,0.6426784181842656,-0.4636640068795157,-0.03884713621349672,-0.038847136213496565,0.05827070432024485,0.058270700764584404,3.555660446630249e-09
4,238,-0.9146708639437959,-0.3767848391215969,-0.1463229157050327,-0.04530620876630487,-0.04530620876630477,0.06795931314945716,0.06795931178915637,1.3603007886775487e-09
4,239,-0.5835992481971832,-0.6580541593622614,-0.4757905430435855,-0.03956364892930203,-0.03956364892930192,0.05934547339395288,0.05934546881691816,4.577034723451945e-09
4,240,0.7606039962864257,0.2351721322149796,0.6051244740237985,-0.03911170980922485,-0.03911170980922474,0.058667564713837106,0.05866756108696691,3.6268701930630698e-09
4,241,0.20248270862588333,-0.16637948258882157,-0.9650485068021202,-0.06093997514327002,-0.0609399751432699,0.09140996271490485,0.09140995876899538,3.945909474167841e-09
4,242,-0.04767725859660326,0.966282296550008,0.253032413707721,-0.07789491690491558,-0.07789491690491557,0.11684237535737335,0.116842374664472,6.929013474099577e-10
4,243,0.3450879476638382,-0.9362358036485872,-0.06615760231178337,-0.09243384351825445,-0.09243384351825439,0.1386507652773816,0.1386507630929401,2.1844414888061436e-09
4,244,-0.9967174913186214,0.06738997669555752,0.04486461345521944,-0.07778298980110238,-0.0777829898011023,0.11667448470165347,0.11667448118757306,3.514080401667563e-09
4,245,-0.9658010596406245,-0.11725081806863262,-0.23125864061540147,-0.05622173805462792,-0.05622173805462783,0.08433260708194175,0.08433260340057203,3.681369722952077e-09
4,246,0.2523232710168553,0.5031201094992657,-0.8265610215348904,-0.038149475399169366,-0.03814947539916918,0.05722421309875377,0.057224210092687855,3.006065917021683e-09
4,247,-0.2957723843186701,0.5487208230392522,-0.7819361579039396,-0.04359200536826593,-0.043592005368265796,0.0653880080523987,0.06538800473299133,3.3194073600917307e-09
4,248,0.9687864234928838,-0.21085965716266583,-0.13034980106279406,-0.08979145650654445,-0.0897914565065444,0.1346871847598166,0.13468718501608024,2.5626362143427173e-10
4,249,0.7491690901660253,-0.6447227986788086,0.15191506575575192,-0.09443784153637036,-0.0944378415363703,0.14165676230455546,0.1416567585454942,3.759061256713991e-09
4,250,0.46624091062315764,-0.22411701909526283,0.8557984429835932,-0.03942374186920669,-0.039423741869206635,0.05913561280380995,0.05913561168524595,1.118564005309075e-09
4,251,0.8728200717580147,0.1734111510414613,-0.4561947994341997,-0.06717756201608244,-0.06717756201608228,0.10076634302412343,0.10076633832900583,4.695117600261867e-09
4,252,-0.9419160305105007,0.2832715264729783,0.18042015895406516,-0.09558826045682835,-0.09558826045682828,0.14338239068524242,0.1433823906826781,2.5643098755523397e-12
4,253,-0.44814588095409125,-0.07698472269863801,0.890639445485599,-0.059774736250895,-0.05977473625089481,0.08966210437634221,0.08966210135463726,3.021704955696869e-09
4,254,0.8156809647022453,0.3904074763197027,-0.42690346245503247,-0.0519341072855903,-0.05193410728559016,0.07790116092838525,0.07790115913453022,1.793855036735792e-09
4,255,0.5744023254465653,-0.2397067905498477,0.7826893528634905,-0.04318453231112894,-0.04318453231112889,0.06477679846669335,0.06477679642680201,2.039891339178368e-09
4,256,0.23821704640772437,-0.24478900600474385,0.9398568940748318,-0.037042523878239426,-0.037042523878239336,0.055563785817359004,0.055563784129297744,1.6880612602188094e-09
4,257,-0.14910999395598082,-0.3229411860895304,-0.9345989514382812,-0.05000022787601936,-0.05000022787601935,0.07500034181402902,0.075000340660214,1.1538150296308558e-09
4,258,-0.7838185078461317,0.5970833869333569,-0.17064576117224448,-0.0927109405604431,-0.09271094056044303,0.13906641084066457,0.1390664070011205,3.839544071571055e-09
4,259,-0.8495183151646095,-0.5081810394795573,-0.1416709684916433,-0.04017836969078462,-0.04017836969078453,0.0602675545361768,0.06026755067223277,3.86394402585033e-09
4,260,0.4501037386017126,-0.8891350518114581,0.0827374409623404,-0.09139581223259498,-0.09139581223259488,0.13709371834889233,0.13709371693426675,1.4146255833402677e-09
4,261,-0.7256511250713157,0.43070794930983924,-0.536582805430855,-0.06347483268160475,-0.06347483268160471,0.09521224902240707,0.0952122450326165,3.989790581249153e-09
4,262,-0.9710055631647594,-0.23669397311155496,-0.03352848633259258,-0.055631261306988776,-0.05563126130698869,0.08344689196048305,0.08344688828820779,3.672275261656921e-09
4,263,-0.9048107238075142,-0.405088268271191,-0.13122899447900216,-0.04434327706247688,-0.04434327706247678,0.06651491559371518,0.06651491163411904,3.9595961370819666e-09
4,264,-0.3952446553132494,-0.9060543137735696,0.15115304475470068,-0.04225708691277531,-0.042257086912775244,0.06338563036916287,0.06338562591468033,4.454482532834092e-09
4,265,-0.9308316463502976,0.29957709719507825,0.20929885090216113,-0.09725751736711122,-0.09725751736711112,0.1458862760506667,0.14588627389455766,2.1561090413069195e-09
4,266,-0.392091390230585,-0.901563432460416,-0.18288717548598105,-0.047510350752868635,-0.04751035075286857,0.07126552612930287,0.07126552264979935,3.4795035186441226e-09
4,267,0.6386000637119323,0.6999035131885153,0.31988283926070454,-0.038142153201425104,-0.038142153201425,0.0572132298021375,0.05721322721141675,2.5907207490405426e-09
4,268,-0.7939713118028638,-0.2307276711781417,0.5624715973155896,-0.062140155824431706,-0.062140155824431505,0.09321023373664726,0.09321023258790362,1.1487436418766706e-09
4,269,0.11187014647670313,0.9882844827675634,0.10382124757548822,-0.06351493190133949,-0.06351493190133944,0.09527239785200917,0.09527239414053312,3.7114760431666838e-09
4,270,-0.4739845449683831,-0.7828263321235513,-0.4031396592560723,-0.04445233604155467,-0.044452336041554574,0.06667850406233186,0.06667850160901878,2.453313080463815e-09
4,271,0.49849076164208916,-0.3510492144937151,-0.7926357357328999,-0.08844278611254451,-0.08844278611254437,0.13266417916881657,0.13266417547841414,3.6904024280914882e-09
4,272,0.43727502690762193,0.5445808224675985,0.7156970578697752,-0.0433280995724609,-0.04332809957246081,0.06499214935869121,0.06499214916244611,1.9624510350091384e-10
4,273,0.364174325996845,-0.290156164888031,-0.8849782258689834,-0.07676460513315296,-0.07676460513315281,0.11514690769972921,0.1151469045113096,3.188419611666049e-09
4,274,0.23776341100962714,-0.9643760113208095,0.11596322336858737,-0.07856753874289614,-0.07856753874289604,0.11785130811434406,0.11785130787922427,2.3511979863055643e-10
4,275,-0.04598638460077572,-0.9136572822009423,-0.4038757520730071,-0.07278364025241638,-0.0727836402524163,0.10917546037862447,0.10917545617550317,4.203121295454082e-09
4,276,-0.6934529874600183,-0.6324694826792886,0.3451163682907098,-0.03945552834064073,-0.03945552834064062,0.059183292510960925,0.059183291600817256,9.101436687641851e-10
4,277,-0.09160346111108904,-0.66395236417707,0.7421428865226349,-0.038101411502076334,-0.03810141150207615,0.05715211725311423,0.05715211498502626,2.2680879743774973e-09
4,278,-0.5168168785902008,0.07421277246542891,-0.8528732487346968,-0.03806964481124863,-0.03806964481124859,0.05710446721687289,0.057104461437251786,5.779621101154042e-09
4,279,-0.4118580651452485,-0.9000451242643438,0.14244896792463665,-0.041781686892433584,-0.04178168689243351,0.06267253033865026,0.0626725296659636,6.726866702555512e-10
4,280,-0.2004033617426669,0.5085470267250206,-0.8373878517218762,-0.03964471817993194,-0.03964471817993181,0.059467077269897715,0.05946707709592047,1.739772423348107e-10
4,281,-0.4922210842973287,-0.660001624919442,-0.5675528691468825,-0.04280913198580709,-0.04280913198580698,0.06421369797871047,0.06421369547204847,2.506662002965676e-09
4,282,0.9199907933666611,0.14176297994549245,-0.36540415656852543,-0.06934813339080427,-0.06934813339080413,0.1040222000862062,0.1040221977999245,2.2862817056212847e-09
4,283,-0.8504585344184803,0.44050301167443345,-0.2875367418966221,-0.08121588220667512,-0.08121588220667511,0.12182382331001267,0.12182382047587481,2.8341378549567864e-09
4,284,-0.9746299753435324,0.03806807205696892,0.22056117757150967,-0.08051010867349893,-0.08051010867349886,0.1207651630102483,0.12076516037184959,2.63839870784377e-09
4,285,0.9009858127327579,-0.06887031009355922,0.428347342284166,-0.05701615506782715,-0.05701615506782709,0.08552423260174064,0.08552423075292026,1.8488203745725684e-09
4,286,0.7675331768356407,0.4418928204838326,0.46435283746460776,-0.037574130629606205,-0.03757413062960609,0.05636119594440913,0.05636119487784086,1.0665682712018842e-09
4,287,0.4176518919997671,0.6501998438829099,-0.634670828165006,-0.03747252922062945,-0.03747252922062927,0.056208793830943904,0.05620878901213544,4.818808463369351e-09
4,288,0.11784984408896707,-0.9487406497165908,0.29326198837140044,-0.06347245095179688,-0.06347245095179678,0.09520867642769518,0.09520867427781354,2.1498816338283433e-09
4,289,-0.9929843680228363,-0.11763985875721192,0.011954434067381586,-0.06444930320521193,-0.06444930320521186,0.09667395480781779,0.09667395356460773,1.2432100626735831e-09
4,290,-0.4082375324521906,-0.09084004995734106,0.90834475967063,-0.05734619729012128,-0.057346197290121095,0.08601929593518165,0.08601929168960964,4.245572005068254e-09
4,291,0.2941922081368131,0.575834769449557,0.7628009327239719,-0.050443025055159636,-0.05044302505515956,0.07566453758273935,0.07566453436025355,3.222485792098162e-09
4,292,0.7852358850069053,0.5305509109949236,-0.3192496448547418,-0.04374691337833902,-0.04374691337833891,0.06562037006750837,0.0656203660853727,3.982135676761089e-09
4,293,0.408987081143053,-0.6870268995956412,0.600602702866118,-0.05745710778538044,-0.05745710778538031,0.08618566167807047,0.08618565722207094,4.455999527697152e-09
4,294,-0.9493471372125505,0.2748192117225693,0.15236277082844246,-0.09431381510765761,-0.09431381510765756,0.14147072266148636,0.1414707226365941,2.4892254923969404e-11
4,295,-0.19604704946919727,0.6123706415934128,-0.7658771126681446,-0.04266734557344296,-0.042667345573442816,0.06400101836016422,0.06400101698611493,1.3740492910141455e-09
4,296,0.011647184787955935,-0.20234419398795858,0.9792452043517388,-0.03963502336105759,-0.03963502336105747,0.0594525350415862,0.059452533174297884,1.8672883170256505e-09
4,297,0.7692748281263022,-0.1126412390636134,0.6289103195793992,-0.048338046495453334,-0.04833804649545326,0.07250706974317989,0.07250706562933473,4.113845153419504e-09
4,298,0.030789786744496454,0.2887511574374059,-0.9569089601998649,-0.03877028677373383,-0.03877028677373368,0.05815543016060053,0.058155429083495136,1.0771053909897077e-09
4,299,-0.9696532297275513,-0.2059917256104754,-0.1316815213268247,-0.05462462277542832,-0.05462462277542824,0.08193693416314236,0.0819369322391239,1.924018458443477e-09
4,300,0.11737218931906067,0.6801987879997521,0.723569884653942,-0.06380211029125098,-0.06380211029125092,0.09570316543687639,0.09570316067408768,4.762788705092724e-09
4,301,-0.592658993937416,0.6333891094804851,-0.4975676365044337,-0.06838330756687873,-0.06838330756687866,0.10257496135031799,0.10257495824950169,3.100816298173825e-09
4,302,0.9268067422433489,0.09326957012538133,-0.3637719750350448,-0.07291791848929197,-0.07291791848929183,0.10937687773393774,0.10937687561218823,2.121749512196125e-09
4,303,0.5015246836619724,-0.8560174011507808,-0.12532837110894537,-0.10245681716502886,-0.10245681716502877,0.15368522574754317,0.15368522288117248,2.86637069635276e-09
4,304,-0.15117257722055,-0.5552575126267729,0.8178239092665522,-0.03705733595024668,-0.037057335950246496,0.05558600392536975,0.055586002467578055,1.457791692915933e-09
4,305,-0.13628984399671837,-0.9449279936167637,0.2975502735719587,-0.0500617575039313,-0.05006175750393118,0.07509263625589678,0.0750926321124723,4.143424478519897e-09
4,306,-0.4482412294637034,0.4723767594591646,-0.758907107182247,-0.04664801009389713,-0.04664801009389703,0.06997201514084556,0.06997201290603883,2.2348067285626882e-09
4,307,0.045289096167572845,0.979674900355432,0.19541235217329225,-0.07013479125415935,-0.07013479125415932,0.10520218688123899,0.10520218307608076,3.805158230174577e-09
4,308,-0.8770845987848374,-0.18579477603146985,0.4429479741164383,-0.06628554869741887,-0.06628554869741876,0.09942832304612814,0.09942831974418809,3.3019400547118494e-09
4,309,-0.5385475884440961,0.24991950478681493,-0.8046780325746202,-0.04215272166490661,-0.04215272166490654,0.06322908249735981,0.06322907891709306,3.5802667497364382e-09
4,310,0.06844731208330455,-0.12832573244913814,-0.9893672077949436,-0.05268802594996399,-0.052688025949963906,0.07903203892494587,0.07903203785852853,1.0664173433205804e-09
4,311,-0.25565141646823514,0.9420747289767516,0.21711185661120608,-0.09151336458999383,-0.09151336458999378,0.13727004688499067,0.13727004671837406,1.666166093983179e-10
4,312,-0.7905344039766783,-0.2484801061943436,-0.5597436850513684,-0.039835587476151256,-0.03983558747615113,0.0597533812142267,0.05975337863395325,2.5802734532343052e-09
4,313,0.6297733351455158,0.19727869029062559,-0.7513099657910237,-0.059787538691920904,-0.059787538691920716,0.08968130803788107,0.08968130543740571,2.6004753628239285e-09
4,314,0.5906254246460219,-0.36636292265101644,-0.7189852687422126,-0.0946050900915339,-0.09460509009153371,0.1419076351373006,0.1419076314790324,3.658268188377889e-09
4,315,-0.2678229287825217,0.3816435025939751,0.8846576262860989,-0.07601970276221218,-0.0760197027622121,0.11402955414331814,0.11402955246708757,1.6762305710127379e-09
4,316,-0.566229385089378,-0.3818208241073279,-0.7304773382790912,-0.03781652697101135,-0.03781652697101124,0.05672479045651686,0.056724790142848036,3.136688270233279e-10
4,317,-0.6230168444319448,-0.7035003189739981,-0.34196098133784897,-0.03854138905920938,-0.038541389059209286,0.05781208358881393,0.05781208151089956,2.0779143683480328e-09
4,318,0.4611309791362747,-0.33082798865069857,-0.8233535461793761,-0.08499007920861712,-0.08499007920861698,0.12748511881292549,0.12748511551974318,3.2931823101822744e-09
4,319,-0.29979400906473086,-0.1211164751269324,0.9462844982254139,-0.051530243423100815,-0.051530243423100634,0.07729536513465096,0.07729536039002838,4.7446225837077804e-09
4,320,-0.07351029412246454,-0.33743100397434583,-0.9384756545669652,-0.05416198259206143,-0.054161982592061404,0.08124297388809211,0.08124297207201536,1.8160767473185402e-09
4,321,0.7032244509519284,-0.5799986170787955,-0.4111897077627839,-0.11030121875109605,-0.11030121875109596,0.16545182812664394,0.16545182585092633,2.275717614352857e-09
4,322,-0.1095426551872857,0.23137987134624619,0.9666766583663402,-0.05920030674073932,-0.059200306740739235,0.08880046011110886,0.08880045726522567,2.845883181890052e-09
4,323,-0.7019476647246639,-0.3159196782185909,0.6383292511720365,-0.05476338597170544,-0.05476338597170527,0.0821450789575579,0.08214507407622307,4.881334836337459e-09
4,324,-0.2935702119353751,0.8535075177597807,-0.4305130053688931,-0.0646380285904722,-0.06463802859047206,0.0969570428857081,0.09695704100698421,1.878723884796152e-09
4,325,-0.2091995918323818,0.09128232214682815,0.9736031370330765,-0.05760046514917106,-0.05760046514917093,0.0864006977237564,0.08640069631971059,1.4040458101716169e-09
4,326,0.27715845821630214,-0.4222221658177567,-0.8630826331999301,-0.07880678032508237,-0.07880678032508227,0.11821017048762342,0.1182101694308102,1.0568132202681824e-09
4,327,0.6000243929455883,0.7993995405649722,-0.03051397081321274,-0.03772334427035072,-0.03772334427035066,0.05658501640552599,0.05658501306404773,3.3414782607543714e-09
4,328,0.9432714432479724,0.2853545455559009,0.16974029481378988,-0.04919416919423706,-0.04919416919423697,0.07379125379135545,0.07379125227524597,1.5161094879534431e-09
4,329,0.7525482247921759,0.2763560200052277,-0.5977445270088342,-0.05831527851219677,-0.05831527851219658,0.08747291776829488,0.08747291641020283,1.3580920554812081e-09
4,330,-0.4813650119102246,-0.7295852922080643,0.48579113485359376,-0.037064711086282794,-0.03706471108628264,0.055597066629423965,0.055597064452239664,2.1771843008999703e-09
4,331,0.39961213060983175,0.7170499702702553,0.5710949879003463,-0.04777481511642028,-0.047774815116420184,0.07166222267463028,0.07166222198984329,6.847869910009408e-10
4,332,0.9300330484028881,-0.36747276541104723,0.001515110421204215,-0.09372749315496126,-0.09372749315496122,0.14059123973244184,0.14059123865095557,1.0814862616559395e-09
4,333,-0.8134799166002239,-0.562369982922011,0.14829169766507408,-0.04140240476180133,-0.04140240476180123,0.06210360714270185,0.06210360420366712,2.9390347308644316e-09
4,334,0.2749374442425898,-0.9016259287500202,-0.33388633748480334,-0.09485811651216847,-0.09485811651216841,0.14228717476825262,0.14228717232223076,2.4460218572830428e-09
4,335,0.9186588676713744,0.1455309759934172,0.3672691382013355,-0.049670248313341755,-0.04967024831334166,0.07450537247001249,0.07450536992914536,2.540867127809321e-09
4,336,0.4031717938260384,0.04207209009611927,-0.9141566845448533,-0.059743631625489714,-0.059743631625489534,0.08961544743823431,0.08961544423202739,3.2062069249549907e-09
4,337,-0.23613067847468108,0.1722990718651787,0.9563238638230696,-0.06300118127969499,-0.06300118127969485,0.09450177191954229,0.09450177168579543,2.3374685520494154e-10
4,338,0.8045719734328837,0.5390226179811205,0.2492359461857257,-0.03809160168537182,-0.038091601685371713,0.057137402528057574,0.05713739897883485,3.549222721277445e-09
4,339,0.9056273952933429,0.21742244657169713,0.36409682863350057,-0.04655980657813198,-0.046559806578131864,0.0698397098671978,0.06983970901597303,8.512247712255672e-10
4,340,-0.15713769338908698,-0.13374239409461688,-0.9784787771526767,-0.04392507755090688,-0.04392507755090685,0.06588761632636028,0.06588761342074534,2.905614943093937e-09
4,341,-0.9031945684865307,0.41680568302380977,-0.10253094194185998,-0.09115150007793381,-0.09115150007793381,0.13672725011690073,0.1367272461916258,3.925274938421097e-09
4,342,-0.3477446326730045,-0.16089390875413911,-0.9236811249413577,-0.03927028915104916,-0.039270289151049124,0.05890543372657369,0.058905431921107976,1.8054657144328523e-09
4,343,-0.9035060242966766,-0.40514486758851775,0.13976587683084818,-0.049092750418891204,-0.04909275041889109,0.07363912562833665,0.0736391239652967,1.6630399418682273e-09
4,344,0.4222064201044712,-0.7105980734316868,-0.5628428882536776,-0.10207541947298646,-0.10207541947298635,0.15311312920947953,0.15311312634436192,2.8651176153804414e-09
4,345,0.6412167343053139,0.7071063276939645,-0.2980633170686797,-0.03752165870406072,-0.03752165870406061,0.056282488056090915,0.0562824828409525,5.215138418335208e-09
4,346,-0.06413385142864875,-0.9967855597633917,0.04801454933777912,-0.06243045712348257,-0.062430457123482504,0.09364568568522376,0.09364568287484332,2.810380442253013e-09
4,347,-0.9275456099188875,0.26327381664285443,-0.26522827713217856,-0.07520062061486313,-0.0752006206148631,0.11280093092229465,0.1128009269324437,3.989850949626117e-09
4,348,-0.9497401376354337,-0.3083135900046318,0.05418857059088298,-0.05335117915156839,-0.053351179151568305,0.08002676872735247,0.08002676715745949,1.5698929795027183e-09
4,349,0.7463198327833792,-0.0862020604065605,0.6599817512445724,-0.045976227338094075,-0.04597622733809399,0.068964341007141,0.0689643411821983,1.7505730198763558e-10
4,350,-0.8288216610840362,-0.5188996058124415,-0.2092793664114831,-0.03898776819348825,-0.03898776819348814,0.058481652290232215,0.05848165146593587,8.242963464577535e-10
4,351,0.9470302153320352,0.3072640552860856,0.09339470850807446,-0.05003820608039217,-0.050038206080392084,0.07505730912058813,0.07505730620360751,2.9169806153861444e-09
4,352,0.08031113882886394,0.9604788503381829,-0.2665154761604909,-0.05396884139728268,-0.053968841397282565,0.08095326209592385,0.08095325937373943,2.7221844223213054e-09
4,353,0.17719066018809607,0.854296323021739,0.4886524965797713,-0.06322323995486617,-0.06322323995486613,0.0948348599322992,0.09483485524652835,4.685770854662152e-09
4,354,0.9621288067481709,-0.17798863496866987,-0.2064659900500095,-0.08973072887329239,-0.08973072887329232,0.1345960933099385,0.13459609121690974,2.0930287503162504e-09
4,355,-0.5090111310365595,-0.7525501092336712,0.4178229308849287,-0.03703707959580084,-0.03703707959580071,0.055555619393701065,0.055555617051172845,2.342528220011797e-09
4,356,0.21044970080721861,0.9092572320562917,-0.3591130871793493,-0.0448558429626501,-0.04485584296264998,0.06728376444397498,0.0672837605075749,3.9364000808950195e-09
4,357,0.5211019502317826,0.4615393305546041,-0.7179374651150617,-0.04359224110262026,-0.04359224110262006,0.0653883616539301,0.06538836000435921,1.6495708826669286e-09
4,358,0.5179913773621305,-0.4996739199645859,-0.6942700531390559,-0.09836182076040309,-0.09836182076040298,0.14754273114060448,0.14754272942285596,1.7177485267527715e-09
4,359,0.7375195863891678,0.276329946258907,0.6162033921465382,-0.03812502053007106,-0.03812502053007094,0.05718753079510641,0.05718752554839668,5.246709733341959e-09
4,360,0.5866990588021286,0.403223942646193,-0.7022781973531258,-0.0474526339378965,-0.047452633937896324,0.0711789509068445,0.07117894884611786,2.06072663100354e-09
4,361,-0.7285293541991523,-0.5701434950282991,0.379712226754791,-0.04191496524162297,-0.04191496524162284,0.06287244786243426,0.06287244752600785,3.3642641450448707e-10
4,362,-0.23050319379306836,-0.7947682450117679,-0.5614371864884886,-0.05893718482092226,-0.058937184820922195,0.08840577723138329,0.08840577575552899,1.4758542998816182e-09
4,363,0.5995248235939407,-0.10388134356556633,-0.7935859451588513,-0.07788136274465465,-0.0778813627446545,0.11682204411698176,0.116822040929776,3.187205763199863e-09
4,364,0.5132715246917416,0.5833891177545621,0.629451729067582,-0.04115345614596862,-0.041153456145968506,0.06173018421895276,0.061730180689334446,3.5296183129029934e-09
4,365,0.9876776967336683,0.15217333643027278,-0.03655192272035725,-0.06286836183409049,-0.06286836183409042,0.09430254275113563,0.09430253938846889,3.3626667422792522e-09
4,366,0.5617501510439475,0.8206033623476416,-0.10510418405490494,-0.03795568117074271,-0.03795568117074263,0.05693352175611395,0.05693352039815025,1.3579636998217737e-09
4,367,-0.30671604890714926,0.7056684584845995,0.6387153450816382,-0.09439553110434196,-0.09439553110434189,0.14159329665651285,0.14159329403407028,2.6224425686560693e-09
4,368,-0.5680753383803677,0.7917304987424982,-0.22461795850952318,-0.0877166938390777,-0.08771669383907763,0.13157504075861645,0.13157503836458417,2.3940322779747447e-09
4,369,-0.6686501437558451,-0.6223431793373321,0.4069348257246965,-0.03973506101081194,-0.0397350610108118,0.0596025915162177,0.05960259091830622,5.97911477273616e-10
4,370,-0.7853330798657552,-0.4645622671943735,-0.4091868198852339,-0.03779344955930916,-0.037793449559309036,0.056690174338963555,0.05669017061338266,3.725580892399716e-09
4,371,0.17841707077047844,0.28282219157379623,-0.9424324680374064,-0.04178429538902035,-0.041784295389020176,0.06267644308353026,0.06267644042656784,2.6569624278494075e-09
4,372,0.9662844477416906,-0.22521914646168453,-0.12478261946123059,-0.09051009686995566,-0.09051009686995558,0.1357651453049334,0.13576514495960978,3.45323603045955e-10
4,373,-0.01658996486567804,-0.05481766870539267,0.9983585509542459,-0.04408802635746417,-0.04408802635746406,0.06613203953619609,0.06613203734628925,2.189906839200617e-09
4,374,0.7327960607224057,-0.5198462880989135,0.43905554334219027,-0.07256304820492626,-0.0725630482049262,0.10884457230738931,0.10884456808080145,4.226587857480979e-09
4,375,0.8420115286184243,0.3597553814679431,-0.40198588430256993,-0.05396491303042402,-0.053964913030423896,0.08094736954563585,0.08094736547725745,4.068378398058847e-09
4,376,-0.4877617508577946,-0.4172945632167317,-0.766781404254104,-0.039751385514358674,-0.03975138551435858,0.05962707827153787,0.05962707688711433,1.3844235410842565e-09
4,377,0.6887345391676802,-0.19648444735344864,-0.6978815060636677,-0.08828517636349197,-0.08828517636349176,0.13242776454523764,0.1324277618119929,2.7332447416483774e-09
4,378,-0.3856582501986038,-0.7008550955803231,-0.6000582047208813,-0.04827269653262415,-0.04827269653262406,0.07240904479893609,0.07240904126293302,3.5360030736786285e-09
4,379,0.03195651101704458,0.6681350204017351,0.7433534663377783,-0.06914981270114487,-0.06914981270114481,0.10372471905171722,0.10372471631603375,2.735683471422057e-09
4,380,0.3881094955691461,-0.5916861114618266,-0.7065964654258085,-0.09499573089324183,-0.09499573089324173,0.1424935963398626,0.14249359331364175,3.0262208572384708e-09
4,381,0.47868279068275943,-0.3342706357629274,-0.8118657080889756,-0.08624141283627126,-0.08624141283627113,0.1293621192544067,0.12936211823966204,1.014744649419086e-09
4,382,0.08202829548439192,0.08298860142894134,0.9931687926897388,-0.0450278575858882,-0.04502785758588814,0.06754178637883222,0.06754178466517047,1.7136617541657628e-09
4,383,0.7984596552614065,0.24267767911397792,-0.5509716172178829,-0.0614129620212185,-0.061412962021218334,0.09211944303182751,0.09211943985398818,3.1778393250192494e-09
4,384,-0.7291133337972878,0.07859182177079249,0.6798654808340786,-0.08176986023862158,-0.08176986023862137,0.12265479035793206,0.122654789103116,1.2548160566172584e-09
4,385,-0.2545323985400246,0.4633263389483482,0.8488474313621868,-0.07951808341738417,-0.07951808341738408,0.11927712512607612,0.11927712290082937,2.225246750753307e-09
4,386,0.6916954811547781,0.4068108484874925,0.5967095565708216,-0.0370473389590972,-0.03704733895909708,0.05557100843864562,0.05557100474229415,3.6963514679633214e-09
4,387,-0.41931436351852946,0.869840770975012,-0.25990863336304804,-0.08027588885835031,-0.0802758888583502,0.12041383328752531,0.12041383029570696,2.9918183486188354e-09
4,388,-0.9374693236331585,-0.11090790887656411,0.32992529911392976,-0.07134844872722065,-0.07134844872722056,0.10702267309083084,0.10702266989293108,3.19789976443996e-09
4,389,0.41255388566929974,0.5842001448267569,0.6989345335605894,-0.04502752618869274,-0.04502752618869264,0.06754128928303897,0.06754128506480939,4.218229585073452e-09
4,390,-0.9722864778800029,-0.0862434765047408,0.21730409037124698,-0.07158144990867035,-0.07158144990867026,0.10737217486300539,0.10737217087664064,3.986364752184279e-09
4,391,0.7336838003024115,0.4854662010955848,-0.47542680695100936,-0.04594966724613389,-0.04594966724613372,0.06892450086920059,0.06892449944118084,1.4280197441207676e-09
4,392,-0.9112118017259657,-0.41192959242550076,0.0026576831037469196,-0.04656404328763337,-0.04656404328763327,0.06984606493144992,0.06984606365501023,1.276439690056641e-09
4,393,0.37440032148229996,-0.9272632381717649,-0.002699334948331926,-0.09155773226315027,-0.0915577322631502,0.1373365983947253,0.13733659626202765,2.1326976573643464e-09
4,394,0.17687245138644686,-0.280424209829643,0.9434396634030018,-0.037046924853600526,-0.037046924853600414,0.055570387280400625,0.05557038579295792,1.487442703729247e-09
4,395,-0.08587385780357072,0.9824135268095671,0.1657991040009575,-0.07873059166242863,-0.07873059166242859,0.11809588749364289,0.11809588446043406,3.0332088230000664e-09
4,396,0.4490802167016717,-0.2630844448056886,0.8538814518822049,-0.039813732719141154,-0.039813732719141084,0.05972059907871163,0.05972059513581485,3.942896779907112e-09
4,397,-0.43377373350919096,0.5008747393412698,0.7489758631673736,-0.09325463349047723,-0.09325463349047708,0.13988195023571562,0.13988194907943452,1.1562810986465166e-09
4,398,0.7493352244838957,0.5602450953093848,0.35301863198625666,-0.03711838592245931,-0.03711838592245919,0.05567757888368879,0.05567757782598548,1.057703306883706e-09
4,399,-0.41649547653419694,0.8595783454754911,-0.29606854952218353,-0.07797283085147144,-0.07797283085147133,0.116959246277207,0.11695924367893795,2.5982690443626666e-09
4,400,-0.4162484000615735,-0.7628377713193766,0.49478864588293314,-0.03717935024366587,-0.03717935024366572,0.05576902536549858,0.05576902134540873,4.020089851286546e-09
4,401,0.42265713755994166,-0.8643589980876071,-0.27247837803140373,-0.10250993517530678,-0.1025099351753067,0.15376490276296007,0.15376490219987105,5.630890198560223e-10
4,402,0.3250774125518452,-0.7427164541689165,-0.5854032324435432,-0.09687389063028914,-0.09687389063028908,0.14531083594543362,0.14531083697422176,1.0287881380133257e-09
4,403,0.14206721843000247,0.8887457869750193,-0.43583004896601124,-0.04524666004471296,-0.0452466600447128,0.0678699900670692,0.06786998740793138,2.6591378265994337e-09
4,404,0.811864984065163,-0.0933980166027192,-0.5763263469108025,-0.0855058636012142,-0.08550586360121407,0.1282587954018211,0.12825879386335615,1.538464966532871e-09
4,405,0.4392263865541793,-0.13253592321689112,-0.8885462342566114,-0.0715816746762886,-0.07158167467628844,0.10737251201443267,0.10737250671910559,5.295327079601897e-09
4,406,-0.6212572005624168,-0.5816570545846069,-0.525085289835193,-0.038209941858837713,-0.03820994185883759,0.057314912788256386,0.05731490976268461,3.0255717792249115e-09
4,407,0.29561665781891105,0.8855511849164812,0.3583432579427064,-0.05483883604851478,-0.054838836048514715,0.08225825407277208,0.08225825159913214,2.4736399456548597e-09
4,408,0.7685595418936786,-0.27450210010244425,0.5778969004965562,-0.056448416475644865,-0.05644841647564481,0.08467262471346722,0.08467262169187251,3.0215947105505236e-09
4,409,0.046158066330564934,0.5723927456855409,-0.8186794107580763,-0.03736191967892102,-0.03736191967892085,0.05604287951838128,0.05604287728333546,2.235045822029935e-09
4,410,-0.2711036608787709,0.7125400749421155,0.6471394337077696,-0.09218158412261968,-0.0921815841226196,0.13827237618392943,0.1382723741061298,2.0777996267984378e-09
4,411,0.8392914396184803,-0.5436045337089072,-0.009164622974260496,-0.10113788578275601,-0.10113788578275598,0.151706828674134,0.15170682765575094,1.0183830445598119e-09
4,412,0.7757228418844265,-0.009837395770543598,-0.6309970667310607,-0.07850890836073811,-0.07850890836073794,0.11776336254110692,0.11776336156232858,9.787783361581148e-10
4,413,-0.3582283936625742,-0.8589786970909432,0.3658251165760455,-0.039677993821876874,-0.03967799382187675,0.05951699073281513,0.059516984396434935,6.336380191374058e-09
4,414,-0.7605990348691039,-0.5356089439447101,-0.3668953083954877,-0.037238782061816994,-0.03723878206181687,0.055858173092725304,0.05585817225428613,8.384391722571216e-10
4,415,0.7874772732754387,0.22813911469005493,0.5725662305996734,-0.040034939413308754,-0.04003493941330863,0.06005240911996294,0.060052403327848225,5.792114718405905e-09
4,416,0.46763385060621654,0.8657756333606478,-0.17818848011634225,-0.03945741590114887,-0.03945741590114878,0.05918612385172318,0.05918612128175127,2.5699719088945194e-09
4,417,0.2241693230498276,-0.4572054421922286,0.86064586110269,-0.03900315706111219,-0.039003157061112056,0.058504735591668085,0.058504730227060264,5.364607820468326e-09
4,418,-0.4837586557045103,-0.4705497050931011,0.7379434518089855,-0.042546404510565156,-0.04254640451056497,0.06381960676584746,0.06381960376833362,2.997513834368526e-09
4,419,0.2303844046135659,-0.8088216100720169,0.5410458660699321,-0.055655864739885125,-0.05565586473988498,0.08348379710982748,0.08348379626488267,8.449448085645628e-10
4,420,-0.7817496262315276,-0.2578912594211061,-0.5677672236058215,-0.03942595470297298,-0.03942595470297286,0.05913893205445929,0.059138927088753235,4.965706054682606e-09
4,421,0.10235201672468515,-0.592969607986884,-0.7986933758810516,-0.07546233286705549,-0.07546233286705543,0.11319349930058316,0.11319349485505725,4.445525905727443e-09
4,422,0.5729090972746758,0.6771814294245676,-0.46173637273060425,-0.03790079582990901,-0.03790079582990887,0.05685119374486331,0.05685119180975917,1.935104139427768e-09
4,423,-0.820936145782774,0.4913375143445997,0.2909489500668362,-0.1078463322270961,-0.10784633222709598,0.161769498340644,0.16176949363400084,4.706643158547408e-09
4,424,0.6556873108496909,-0.1578770388544666,-0.7383420555496254,-0.08416145546742788,-0.08416145546742772,0.12624218320114158,0.12624218198586945,1.2152721329261595e-09
4,425,-0.4927379554111881,-0.409999429938034,-0.7675348687503971,-0.03953242834530013,-0.03953242834530003,0.05929864251795005,0.05929864099751825,1.5204318012940199e-09
4,426,0.10331452640515779,-0.6615426587891108,-0.7427566352688558,-0.07833363956202072,-0.07833363956202068,0.11750045934303102,0.11750045797453978,1.3684912369971158e-09
4,427,-0.6242814909377115,0.7648116278404915,-0.15917221488867253,-0.09310942294767235,-0.09310942294767227,0.1396641344215084,0.13966413164867575,2.772832657926827e-09
4,428,-0.15335271197136463,-0.250197449533343,0.9559728981399201,-0.042106882329643686,-0.04210688232964352,0.06316032349446528,0.06316032002962046,3.4648448138385746e-09
4,429,0.8406424317796442,-0.5221375187200357,0.14384962091187709,-0.09262642045913816,-0.09262642045913813,0.1389396306887072,0.13893962924615977,1.4425474426094098e-09
4,430,0.5131867745284734,0.46576861070612546,0.7209014743568969,-0.03971399139096441,-0.0397139913909643,0.05957098708644645,0.0595709856443527,1.4420937499703967e-09
4,431,-0.8793046018543179,-0.45332633237177133,-0.1460090871698667,-0.04206064563606586,-0.04206064563606576,0.06309096845409864,0.06309096717282969,1.2812689520469434e-09
4,432,0.3361742554061273,-0.6727117932931569,-0.6591249602059088,-0.09513426870992371,-0.09513426870992364,0.14270140306488546,0.14270140069605475,2.3688307149161147e-09
4,433,0.5329041698220913,0.6557121948541813,0.5348407831361964,-0.041218404322225344,-0.041218404322225226,0.06182760648333784,0.061827604147524085,2.3358137576923177e-09
4,434,-0.7534377892103261,-0.38797821041524083,-0.5308525275750726,-0.037613868536434364,-0.03761386853643424,0.05642080280465136,0.05642079997647542,2.8281759364978676e-09
4,435,-0.864394247646105,0.4819561814527334,-0.14332070260720914,-0.0914056744066557,-0.09140567440665567,0.13710851160998352,0.13710851065606988,9.539136425207317e-10
4,436,-0.3104966977158754,0.8827495345548341,-0.3526259490604174,-0.06998269097894433,-0.06998269097894423,0.10497403646841635,0.10497403363229907,2.8361172854651784e-09
4,437,-0.5752895515600129,-0.7947891131003489,0.1932671662829459,-0.037269270795972066,-0.03726927079597197,0.05590390619395796,0.055903905116228,1.0777299538911045e-09
4,438,-0.32718101138393924,0.8767888511286637,-0.3524115439741735,-0.0707424523606543,-0.07074245236065417,0.10611367854098126,0.10611367340374045,5.137240813302135e-09
4,439,-0.14929570411509246,-0.8057884057533041,0.573075769760271,-0.04090493064199168,-0.040904930641991515,0.061357395962987275,0.06135739138990459,4.573082683367868e-09
4,440,-0.0026647289505372152,0.8901850975097739,-0.45559125473513484,-0.05050799817085566,-0.05050799817085553,0.0757619972562833,0.07576199528847027,1.9678130236400193e-09
4,441,-0.3098211865280265,-0.8152900027226921,-0.4891963244330423,-0.054004132966505136,-0.05400413296650507,0.08100619944975761,0.08100619619533234,3.2544252709376664e-09
4,442,0.18837962094345753,-0.33640157489937306,-0.9226847234122936,-0.06875575027611795,-0.06875575027611787,0.10313362541417681,0.10313362247549307,2.9386837407940902e-09
4,443,0.3783469464595999,-0.8814697046258188,0.2826035171960329,-0.07715292126134579,-0.07715292126134567,0.1157293818920185,0.11572938024562163,1.6463968799396156e-09
4,444,-0.729827696301129,-0.33846056671290825,-0.5939663109067415,-0.037548556033958104,-0.03754855603395797,0.05632283405093696,0.05632283250900372,1.5419332408117548e-09
4,445,-0.12411731490393761,-0.0017519379676678418,0.9922660040807576,-0.04976677487691362,-0.0497667748769135,0.07465016231537025,0.07465016105268063,1.262689619530022e-09
4,446,0.24900366165753218,0.9489944870420187,-0.19340796272386804,-0.047700282377677136,-0.047700282377677046,0.07155042356651557,0.07155041975570597,3.810809598436826e-09
4,447,-0.6075416147101856,-0.443023838731581,0.6592594820788507,-0.046067566224426315,-0.04606756622442612,0.06910134933663918,0.06910134825455216,1.082087017212352e-09
4,448,0.8829939602826028,0.19635555934377974,-0.42634042784990134,-0.06551594183007824,-0.0655159418300781,0.09827391274511715,0.09827390706762529,5.6774918655300155e-09
4,449,-0.8634625257980537,-0.050702714597672775,-0.501858248188542,-0.04840252788910843,-0.048402527889108336,0.07260379183366251,0.07260378825924008,3.5744224385902967e-09
4,450,-0.3580434312701915,0.7531857405258363,0.5518298121638728,-0.09931977984684526,-0.09931977984684516,0.14897966977026775,0.1489796688791678,8.910999438338507e-10
4,451,0.5310063873731433,0.7191866820612745,-0.4481101794365071,-0.03720436131995341,-0.03720436131995327,0.05580654197992991,0.05580653855696838,3.422961532273394e-09
4,452,-0.6307925084345847,-0.3318403853007932,-0.7014148344497895,-0.03705668762307711,-0.037056687623077,0.055585031434615496,0.055585028246873947,3.187741549892653e-09
4,453,-0.34388435090364455,0.937131105180466,-0.05940408156698694,-0.08717358805925371,-0.08717358805925363,0.13076038208888044,0.13076037891357473,3.175305712810328e-09
4,454,0.9462504724623987,0.2855523477935108,0.15188778764041824,-0.04967060541157301,-0.049670605411572914,0.07450590811735938,0.07450590699953352,1.1178258596533652e-09
4,455,-0.24340869031582185,-0.6618222962016334,0.7090440449853123,-0.03708514115515631,-0.03708514115515614,0.05562771173273421,0.05562770938327688,2.3494573300752997e-09
4,456,0.2374958796486921,-0.6762679862852048,-0.697321531200384,-0.08843829322982935,-0.08843829322982928,0.13265743984474393,0.13265743920021222,6.445317057846012e-10
4,457,-0.10366003212730793,0.4633081631560344,0.8801137106603595,-0.06972577606016779,-0.06972577606016774,0.10458866409025161,0.10458865856710631,5.523145302221977e-09
4,458,0.9016270517224066,-0.43251434589863474,-1.3936889413213922e-05,-0.09676866330846554,-0.09676866330846551,0.14515299496269826,0.14515299101569568,3.9470025858800994e-09
4,459,0.6639238724464683,0.6324208043939072,0.39906016810181494,-0.03760381666176454,-0.037603816661764426,0.05640572499264664,0.056405725923358574,9.30711931135253e-10
4,460,-0.052637193182617024,0.42938444362773454,0.9015865601617832,-0.06501027002059365,-0.0650102700205936,0.09751540503089041,0.09751540408498016,9.459102529030261e-10
4,461,-0.37036678568173664,-0.4259306837844908,-0.8254765270282702,-0.04357232224767041,-0.04357232224767034,0.06535848337150552,0.06535847973943021,3.632075307180571e-09
4,462,-0.7989275147788788,-0.02166894718431326,-0.6010368398502441,-0.04526253175420516,-0.04526253175420507,0.06789379763130761,0.06789379752847324,1.028343660225417e-10
4,463,-0.1206329648691025,0.7673766627538556,0.6297465722396949,-0.08319729032112307,-0.08319729032112304,0.12479593548168456,0.1247959346972749,7.844096622244834e-10
4,464,0.10848665235134283,0.9911348811356393,0.07669611240369996,-0.06308502323899029,-0.06308502323899022,0.09462753485848534,0.09462753219890985,2.6595754903935287e-09
4,465,0.041880553120885955,-0.8009130054181729,-0.5973143033799863,-0.07829858677642887,-0.0782985867764288,0.1174478801646432,0.11744787503653598,5.128107230523149e-09
4,466,-0.28961203537677593,-0.22928504623038998,0.9292756515372869,-0.04661809351691496,-0.04661809351691478,0.06992714027537218,0.06992713769138348,2.583988703563911e-09
4,467,0.7178648405678771,0.6853131695927224,0.12253950489223005,-0.03704107299845716,-0.03704107299845708,0.05556160949768563,0.0555616067043907,2.7932949286935127e-09
4,468,0.27552175921978767,-0.4668665401856867,0.8403114862070372,-0.040339384150026907,-0.040339384150026775,0.06050907622504016,0.06050907552790363,6.971365290597831e-10
4,469,0.09627216309458338,0.20883794995677715,-0.9732000725806286,-0.04185440870144363,-0.041854408701443475,0.06278161305216522,0.06278160907813302,3.974032200537714e-09
4,470,0.043867790880039406,0.9088152464572726,-0.4148860864503799,-0.0501151876424393,-0.05011518764243917,0.07517278146365876,0.07517277772484121,3.738817547227491e-09
4,471,-0.9519149911784432,0.12567519307063543,0.2793986317368122,-0.08768019747949127,-0.08768019747949113,0.1315202962192367,0.1315202946550187,1.5642180051234078e-09
4,472,0.698108525657599,-0.5288574581104224,0.48265336982679036,-0.06931037609821873,-0.06931037609821865,0.10396556414732798,0.10396556254788081,1.5994471719293912e-09
4,473,-0.32429020103258593,0.07372246121536961,-0.943080518421727,-0.03718208089192872,-0.037182080891928676,0.055773121337893014,0.05577312084392716,4.939658543312575e-10
4,474,-0.6409493539907907,0.4066296287208284,-0.6510270890409625,-0.05450760169046034,-0.05450760169046027,0.0817614025356904,0.08176139904003676,3.4956536415498007e-09
4,475,-0.9266370554506757,-0.24682885996198525,0.2835829355859909,-0.06107944338859615,-0.06107944338859604,0.09161916508289407,0.09161916364464062,1.438253446894855e-09
4,476,0.15273594324749207,0.8169744553345742,-0.5560795545343084,-0.041270283673213955,-0.04127028367321379,0.061905425509820686,0.06190542106709884,4.442721843189723e-09
4,477,-0.5519468219741869,0.21336454797319562,0.8061205092173187,-0.08268635083809583,-0.08268635083809568,0.12402952625714353,0.1240295227633581,3.4937854276329006e-09
4,478,-0.5591263435519125,0.6370983225924713,0.530550147767511,-0.10709423384323605,-0.10709423384323594,0.16064135076485392,0.16064135160975823,8.449043131797396e-10
4,479,-0.6283725158938627,-0.6403671850924108,-0.4416761817508833,-0.03831176895718262,-0.0383117689571825,0.05746765343577376,0.057467650083076194,3.3526975640185697e-09
4,480,-0.13234212404038853,0.6137519117660666,-0.7783277927762678,-0.04091424828493286,-0.04091424828493272,0.061371372427399075,0.061371373261120965,8.337218901366406e-10
4,481,0.9748677534670326,0.1564575832021013,-0.15859977272587295,-0.06547811812700227,-0.06547811812700217,0.09821717719050327,0.09821717467106694,2.519436326231528e-09
4,482,-0.8221176804999135,-0.4062314277598037,-0.39887159150492685,-0.03911453673152871,-0.03911453673152859,0.05867180509729289,0.0586718007511422,4.346150689338302e-09
4,483,-0.5702908812259574,-0.017339650055805893,-0.8212597928344375,-0.03786880497586368,-0.037868804975863625,0.05680320746379544,0.05680320519507731,2.2687181300273807e-09
4,484,0.30070902019938656,0.0027066072783517225,0.9537120946322143,-0.03799033752551653,-0.03799033752551651,0.05698550628827477,0.05698550520349954,1.0847752279774525e-09
4,485,0.842656753317251,0.274994901264886,0.4629334729387638,-0.041489899945277284,-0.04148989994527716,0.06223484991791574,0.06223484644296562,3.474950119319864e-09
4,486,-0.828127049979341,0.4769401503724911,0.2945058268611668,-0.10738221324206254,-0.10738221324206247,0.16107331986309373,0.16107331995973695,9.664322120350732e-11
4,487,0.40778402218753207,-0.39100922146762296,-0.8251205851121651,-0.08534808283875124,-0.08534808283875113,0.1280221242581267,0.12802212484563924,5.87512538618995e-10
4,488,-0.18999172195090364,0.9817796018325939,0.0034581809617009805,-0.08062476035401256,-0.0806247603540125,0.12093714053101876,0.12093713669392159,3.837097167780357e-09
4,489,0.8419247951651401,-0.43036913607056027,0.32549200605240103,-0.07839556122702633,-0.07839556122702629,0.11759334184053943,0.11759333923277993,2.6077595083329186e-09
4,490,0.2609150106766669,0.9424610627734631,-0.20902273168129137,-0.0467341236592488,-0.046734123659248714,0.07010118548887308,0.07010118319161762,2.2972554553080116e-09
4,491,0.09930959244906692,-0.9674790837331924,0.23264098389231108,-0.06523797755538754,-0.06523797755538745,0.09785696633308118,0.09785696558628487,7.467963053509052e-10
4,492,0.7018660674732674,-0.5959569050159675,-0.39015303496628084,-0.11065424349124542,-0.11065424349124531,0.16598136523686796,0.16598136337586666,1.8610012975095458e-09
4,493,-0.001735202889601672,0.9713274008144717,0.23773949923799934,-0.07431164825376091,-0.07431164825376088,0.11146747238064132,0.11146746997647838,2.404162938174359e-09
4,494,-0.9942905776509822,-0.0002205072551399811,-0.106706131834242,-0.06792260536801022,-0.06792260536801016,0.10188390805201525,0.10188390686671767,1.185297582306788e-09
4,495,-0.6067201906684154,-0.06555864400433944,0.7922074693106559,-0.06712381581862291,-0.0671238158186227,0.10068572372793405,0.10068572225963024,1.4683038118690206e-09
4,496,-0.020770367438778685,-0.8383886461519341,-0.5446770325982041,-0.07439213197842984,-0.07439213197842978,0.11158819796764467,0.11158819562817612,2.3394685494393386e-09
4,497,-0.21522599866672731,0.30072751104593937,-0.9291074930265197,-0.03711602012398376,-0.03711602012398365,0.05567403018597548,0.05567402788786424,2.2981112360320743e-09
4,498,0.34080024306165196,-0.2131544733062654,-0.9156529718395762,-0.07095533214322268,-0.07095533214322253,0.10643299821483379,0.10643299436230436,3.8525294343561e-09
4,499,-0.21975446062726237,0.15271595097634713,-0.963527796875529,-0.03741629422866686,-0.0374162942286668,0.056124441343000195,0.056124439817839544,1.5251606505506388e-09
4,500,-0.7493879436352482,0.5129752588019125,0.41865748983058343,-0.10894114398505629,-0.10894114398505622,0.16341171597758433,0.16341171332756588,2.6500184546751626e-09
4,501,0.7040590644570363,-0.7046107154179319,0.08845661916506455,-0.09828326844661255,-0.09828326844661249,0.14742490266991876,0.14742490284103127,1.711125130476887e-10
4,502,-0.07088657934251245,0.6144540994886908,-0.7857615748372146,-0.03956249896826057,-0.03956249896826041,0.05934374845239062,0.059343745195672426,3.256718193733743e-09
4,503,-0.7610995621227259,-0.06776324848246543,0.6450857297225683,-0.07257699274456231,-0.07257699274456213,0.1088654891168432,0.10886548607036417,3.046479027379867e-09
4,504,-0.20094297592814353,-0.5890108390858526,-0.7827439887118401,-0.05589053541606738,-0.05589053541606732,0.08383580312410098,0.08383580357707032,4.5296934259031474e-10
4,505,-0.8283703076147924,-0.21540711014596386,-0.5171096695680123,-0.04188865513982966,-0.041888655139829534,0.0628329827097443,0.06283297909748242,3.612261878505052e-09
4,506,0.5490742166252316,-0.5605101495314382,-0.6199563508099849,-0.10330130577481768,-0.10330130577481757,0.15495195866222636,0.15495195543335782,3.228868533655671e-09
4,507,0.3613552561601292,-0.9199516789062733,0.15202396956722425,-0.0835823994737837,-0.0835823994737836,0.1253735992106754,0.1253735962269964,2.9836789983139766e-09
4,508,0.2600182800852925,-0.9371185956083079,-0.23280728465105913,-0.09215214144351991,-0.09215214144351987,0.1382282121652798,0.13822820804643143,4.1188483734799775e-09
4,509,-0.6651787560879265,-0.46253680654471724,-0.5861714126778392,-0.03714943117417855,-0.03714943117417842,0.05572414676126763,0.05572414335519582,3.4060718065442863e-09
4,510,0.3214903419759418,-0.6410823603393929,-0.6968912162438732,-0.09280167554809673,-0.09280167554809665,0.13920251332214498,0.13920251201726686,1.3048781222213535e-09
4,511,-0.999100073436092,-0.03685713792082489,0.02099034645451796,-0.07007500629430695,-0.07007500629430685,0.10511250944146028,0.105112508974603,4.668572750610167e-10
5,0,-0.6622273218481486,-0.18186852740209422,0.7268967003215949,-0.042124452964328186,-0.04212445296432801,0.06318667944649202,0.06318668227534019,2.8288481696003842e-09
5,1,0.4930047951788795,0.26791939650039176,-0.8277472252502553,-0.043698601417891135,-0.04369860141789099,0.06554790212683649,0.06554790460411297,2.4772764811720194e-09
5,2,0.9302886398254941,-0.36100685295319923,0.06509300064107848,-0.037232045544278516,-0.03723204554427847,0.055848068316417705,0.055848073388098385,5.071680679591406e-09
5,3,0.0010869738208139663,-0.16158928806373068,0.9868574975501628,-0.06095229382752859,-0.060952293827528536,0.0914284407412928,0.09142844398235539,3.2410625849799146e-09
5,4,-0.6491317447403079,0.5688086921644078,0.5050590556446046,-0.06726555824248598,-0.06726555824248585,0.10089833736372879,0.1008983410710762,3.7073474151716468e-09
5,5,0.6236086529843845,0.6515244863780298,-0.432004735590764,-0.04224902622325243,-0.042249026223252335,0.0633735393348785,0.06337354113705729,1.8021787812072532e-09
5,6,-0.4047253111979022,0.7574736197687573,0.5122803312934994,-0.08658093276940858,-0.08658093276940851,0.12987139915411278,0.12987140113329687,1.979184094391684e-09
5,7,-0.742255842181907,0.4198771345555961,-0.5222637806934439,-0.0397458582285941,-0.03974585822859392,0.059618787342890875,0.05961879046001428,3.1171234066151854e-09
5,8,0.4746642732235271,-0.4848393446087869,-0.7345914767028697,-0.08071220825969705,-0.08071220825969691,0.12106831238954537,0.12106831509539617,2.7058508073052323e-09
5,9,0.8202211252407953,0.14014839337096566,-0.5546131386329219,-0.03860842124673814,-0.03860842124673795,0.05791263187010693,0.05791263579801864,3.927911711165688e-09
5,10,0.9474474694135452,-0.08868895314159894,0.30737202587827733,-0.044173377895029786,-0.044173377895029675,0.06626006684254451,0.0662600696532678,2.8107232930008053e-09
5,11,-0.8034733039413124,-0.44947050782742404,0.3903932792031504,-0.039501619519837446,-0.03950161951983732,0.059252429279755985,0.05925243212745457,2.8476985838854496e-09
5,12,-0.43116206550692177,-0.3830934450946702,-0.8169080031394611,-0.09791733757517915,-0.09791733757517901,0.1468760063627685,0.14687600996543537,3.602666859281456e-09
5,13,0.6535172650659512,-0.40066913592246034,0.6421677567270628,-0.04253852645146304,-0.04253852645146283,0.06380778967719425,0.06380779099535161,1.3181573610410169e-09
5,14,0.7674114414730121,0.6398727204180912,-0.04052876954787756,-0.05959218315639269,-0.05959218315639262,0.08938827473458894,0.08938827872340127,3.98881233598658e-09
5,15,-0.12802062410471343,-0.062234666637435584,0.9898169356362656,-0.06534926055374132,-0.06534926055374128,0.09802389083061193,0.09802389316915239,2.338540458501903e-09
5,16,0.3840125397408276,-0.7926991587454236,0.4734579316540142,-0.03905982524878417,-0.03905982524878401,0.058589737873176014,0.058589742779613374,4.906437360563398e-09
5,17,-0.7025222427176655,0.5058317152104347,0.5005964186589944,-0.06216367423163029,-0.062163674231630175,0.09324551134744527,0.0932455154756262,4.128180935980552e-09
5,18,-0.9295872946953063,0.29889872106311993,0.21570121948633703,-0.04005083281856159,-0.04005083281856151,0.06007624922784227,0.06007625091841717,1.6905749022910754e-09
5,19,-0.19975231046081404,0.19519474376591214,0.9602072830757568,-0.0805707262783348,-0.08057072627833471,0.12085608941750207,0.12085609318868151,3.77117943817229e-09
5,20,0.92249750441067,0.2934600439386454,-0.2507579649136074,-0.03969218057946547,-0.03969218057946535,0.05953827086919803,0.05953827292293212,2.0537340925108616e-09
5,21,-0.5886305095832063,-0.7976245722184734,0.13156429979714113,-0.061066802228235365,-0.061066802228235295,0.09160020334235294,0.09160020381093759,4.685846433094554e-10
5,22,-0.4025974001582927,-0.8492768347887582,-0.3415321233456259,-0.09718939733080866,-0.09718939733080854,0.14578409599621284,0.1457841000696014,4.073388570891012e-09
5,23,0.6151318936737876,0.4940999737215539,0.6143923578249162,-0.09386604858709337,-0.09386604858709324,0.14079907288063986,0.14079907656450175,3.6838618822088165e-09
5,24,-0.29075209910549105,-0.7007517244530432,-0.6514677563332179,-0.10990963596722846,-0.10990963596722836,0.16486445395084254,0.16486445958419083,5.633348287847895e-09
5,25,0.6280093097270083,-0.7411214971121141,0.2373672964300373,-0.04169410591747816,-0.04169410591747802,0.06254115887621703,0.06254116113879604,2.2625790130348378e-09
5,26,0.689089548008217,0.7056874495445481,0.16480539548553075,-0.07614877467760038,-0.07614877467760028,0.11422316201640043,0.11422316564813073,3.631730305375669e-09
5,27,0.42448870183374615,0.9025377215851305,0.07235332149543942,-0.07941463148808633,-0.07941463148808622,0.11912194723212934,0.11912195257979263,5.347663298294059e-09
5,28,-0.5441580504975873,-0.05822383749805463,-0.8369599756414074,-0.07450071244217887,-0.07450071244217871,0.11175106866326806,0.11175107089700376,2.2337356964108324e-09
5,29,0.29088337914269097,-0.23053889755519763,0.9285680785233593,-0.05773017617000621,-0.057730176170006066,0.0865952642550091,0.08659526706811249,2.8131033891209967e-09
5,30,0.7084787008425184,-0.5561781422642844,0.43442353126867633,-0.03709939818918708,-0.0370993981891869,0.055649097283780355,0.055649100605403845,3.3216234901489727e-09
5,31,-0.9318840190186571,-0.2810604648554278,0.2293407730711787,-0.039911523300867585,-0.03991152330086747,0.059867284951301204,0.05986728751627979,2.564978583696753e-09
5,32,-0.14873297081126544,-0.5085037419277445,-0.8481170012675946,-0.1065145874130919,-0.10651458741309183,0.15977188111963775,0.15977188599913816,4.8795004148338705e-09
5,33,0.25785767332433485,-0.5991264289275833,0.7579953446217477,-0.0386161229595266,-0.03861612295952645,0.05792418443928967,0.057924186280811085,1.8415214145250935e-09
5,34,-0.8587723667988314,0.45227104887535485,0.24075074324271542,-0.04554105056776523,-0.04554105056776515,0.06831157585164772,0.06831158000375481,4.1521070887062805e-09
5,35,0.9913861983667154,0.12981185470793882,0.017386433368478154,-0.04248308382319918,-0.04248308382319914,0.06372462573479871,0.06372462973969206,4.004893347508975e-09
5,36,0.6617533809592059,0.741522058229096,0.11057802651858725,-0.07435159195030289,-0.07435159195030279,0.11152738792545419,0.1115273887131174,7.876632124315108e-10
5,37,0.25526471059395384,-0.9142792187067588,0.3145368623330876,-0.04786285560749329,-0.04786285560749314,0.07179428341123972,0.07179428579418001,2.3829402895358953e-09
5,38,0.7855558092193994,-0.5203129931640668,0.33492754402453173,-0.037037190730664436,-0.03703719073066428,0.055555786095996415,0.05555578913574166,3.0397452471797592e-09
5,39,-0.8440241138879194,0.4833892643475035,0.2322888595892878,-0.04649662814765276,-0.04649662814765268,0.06974494222147902,0.06974494454192737,2.3204483473593385e-09
5,40,0.18559126059024664,-0.9095936063037309,0.37174635891141744,-0.046177772804884186,-0.04617777280488403,0.06926665920732605,0.06926666185069763,2.6433715771823074e-09
5,41,0.4107653702211347,0.8954381071129838,0.17164616790657108,-0.08655789121334845,-0.08655789121334834,0.1298368368200225,0.1298368398905403,3.070517784475868e-09
5,42,-0.8120402807935203,0.1559812469727072,0.5623703699179216,-0.04666809605477632,-0.04666809605477615,0.07000214408216422,0.07000214574670593,1.6645417127980622e-09
5,43,-0.20179702722090892,0.11506522163957385,-0.9726448244728594,-0.06597990718713492,-0.0659799071871348,0.0989698607807022,0.09896986424839938,3.467697171077866e-09
5,44,-0.659821539681482,-0.6112746151097858,0.43701130499649743,-0.041290740852552514,-0.0412907408525524,0.06193611127882861,0.061936114570393386,3.2915647776854406e-09
5,45,0.5321191239707402,0.45298778701495696,0.7152980516679072,-0.09738821835235172,-0.09738821835235155,0.14608232752852734,0.146082329566255,2.0377276532812516e-09
5,46,-0.6269798546678763,0.25873135048781043,-0.7348158613662354,-0.050848942613531435,-0.05084894261353123,0.07627341392029685,0.07627341397364873,5.335187847066436e-11
5,47,-0.5412455720318006,0.7762673755115372,0.32320611453436165,-0.07102035318949328,-0.07102035318949321,0.10653052978423981,0.1065305330061328,3.2218929885141634e-09
5,48,0.7469987560753651,0.6210737867300631,-0.2371923478079279,-0.04884753992767003,-0.04884753992766996,0.07327130989150495,0.07327131262835351,2.736848567219674e-09
5,49,0.15373119646384406,0.9114118964240818,0.3817002414073822,-0.10116256971916814,-0.10116256971916802,0.15174385457875206,0.15174385775695853,3.178206475773493e-09
5,50,-0.9620386284349719,-0.2624576754795587,-0.07481741763001988,-0.04883569620038021,-0.04883569620038015,0.07325354430057023,0.07325354628440195,1.9838317238951575e-09
5,51,-0.05410833609548499,-0.9919428803615266,-0.1145495965294348,-0.082759235078812,-0.08275923507881187,0.12413885261821782,0.1241388561390444,3.520826588609971e-09
5,52,0.42657880715307367,0.6774283086873782,-0.5992673926360578,-0.038378583764903565,-0.03837858376490349,0.057567875647355236,0.05756787685440301,1.207047774232084e-09
5,53,0.12779666092204267,0.400273327916723,-0.9074410594719902,-0.044799761579269466,-0.04479976157926941,0.06719964236890412,0.06719964723567173,4.86676761390914e-09
5,54,-0.3675894219442447,-0.7617850461644483,-0.5334431181624948,-0.1061965033395162,-0.10619650333951608,0.15929475500927412,0.15929475932763282,4.318358698407465e-09
5,55,0.10900426438413398,0.2531395754505513,0.9612691744182731,-0.09186981265246368,-0.09186981265246362,0.13780471897869545,0.13780472041258207,1.4338866205498846e-09
5,56,-0.004184801232100464,-0.9997027511864461,0.024018674170286476,-0.07199208613032947,-0.07199208613032934,0.10798812919549401,0.10798813371293292,4.517438909057425e-09
5,57,-0.6940529836118882,-0.20224839141552303,0.6909312875454908,-0.04054154492188428,-0.040541544921884096,0.06081231738282614,0.06081232045707097,3.0742448239862163e-09
5,58,0.45815162186943686,-0.6147711163387661,0.6419918736977843,-0.037621147612952134,-0.03762114761295196,0.05643172141942794,0.05643172318325895,1.7638310118028855e-09
5,59,0.8012653393972965,0.5929637860478141,-0.07979852327190955,-0.05536645675262316,-0.05536645675262308,0.08304968512893462,0.08304968796002399,2.831089362942407e-09
5,60,-0.4815702586421384,0.1654125539732785,-0.8606560131547221,-0.06024278687837818,-0.060242786878378,0.090364180317567,0.09036418419094971,3.873382711794271e-09
5,61,0.5872514364229703,-0.3719408070516888,-0.7188850996292081,-0.06916488146261847,-0.0691648814626183,0.10374732219392746,0.10374732600793024,3.81400278026689e-09
5,62,-0.621235311237139,0.7710351798960013,0.13989796079584532,-0.0581197338269213,-0.05811973382692123,0.08717960074038185,0.08717960381376955,3.073387697116736e-09
5,63,-0.35962613439903074,0.31427849692412946,-0.8785772987212452,-0.05182332508027256,-0.05182332508027242,0.07773498762040863,0.07773499066665579,3.046247157301174e-09
5,64,-0.4024982152241782,-0.8923170990233854,-0.20436580323488762,-0.08888679557057061,-0.08888679557057048,0.13333019335585575,0.13333019827088677,4.9150310210688275e-09
5,65,0.3652591468047278,0.9028393887499053,-0.22686294055481976,-0.05862782419866809,-0.05862782419866797,0.08794173629800196,0.08794173861348398,2.3154820144588584e-09
5,66,0.1310241155827752,0.7683393436247467,-0.6264880957959577,-0.03828198077078509,-0.038281980770784985,0.05742297115617748,0.0574229733207865,2.164609019805752e-09
5,67,0.6793093409035543,-0.17556409849958096,-0.7125419753805442,-0.05559625079777576,-0.05559625079777556,0.08339437619666334,0.08339437751470058,1.3180372349097524e-09
5,68,0.7509130309383848,0.46591550327721815,-0.46803030219512987,-0.03831683184817412,-0.03831683184817398,0.05747524777226097,0.057475252335237315,4.562976343991387e-09
5,69,0.7543579674944175,-0.58893620581484,-0.28999690060087135,-0.05457651748375511,-0.05457651748375503,0.08186477622563254,0.0818647802325323,4.006899756436866e-09
5,70,0.9792071765647201,-0.05072287460455468,0.1964191827597291,-0.04227121729514996,-0.04227121729514988,0.06340682594272481,0.06340682839889311,2.4561682965273945e-09
5,71,-0.9449825311384177,-0.05394799822973297,0.3226416422755037,-0.03708296962607297,-0.03708296962607283,0.05562445443910925,0.05562445781759351,3.3784842562445405e-09
5,72,-0.946419844750255,0.1627941903284991,-0.2789041574774241,-0.041248857956027105,-0.041248857956027,0.061873286934040504,0.06187328843720863,1.5031681246946427e-09
5,73,-0.6952209205412132,-0.11882019956783745,0.7089073506576777,-0.04319733873692047,-0.04319733873692027,0.06479600810538041,0.06479601161180071,3.5064202930090715e-09
5,74,-0.3903721628060198,-0.21273722303573275,0.8957412843233225,-0.04906871422233903,-0.04906871422233891,0.07360307133350837,0.07360307502368713,3.6901787597853897e-09
5,75,0.7502291223566482,-0.5054318279096988,0.42625688417177987,-0.037360884695641014,-0.037360884695640854,0.056041327043461285,0.056041329909994886,2.8665336007649422e-09
5,76,0.41892246043168957,0.6961955106072136,0.5829372034415204,-0.1057343916422408,-0.10573439164224067,0.15860158746336103,0.1586015915822081,4.1188470689679235e-09
5,77,-0.6380411477985496,-0.3120964955187376,0.703917091141302,-0.0389035297291401,-0.03890352972913993,0.058355294593709896,0.05835529698350328,2.3897933840166807e-09
5,78,-0.6452895809197094,0.32611637185644154,0.6908324462296607,-0.0634517307089949,-0.06345173070899472,0.09517759606349209,0.0951775977475755,1.6840834143883043e-09
5,79,-0.9782446405040365,-0.19651997793475787,-0.06646293401325767,-0.04609653021932945,-0.046096530219329405,0.06914479532899412,0.06914479960817843,4.279184312450113e-09
5,80,0.5232515544120704,-0.28182567096871913,0.8042276431386721,-0.05176842785594961,-0.05176842785594941,0.07765264178392411,0.07765264403714056,2.2532164467570226e-09
5,81,-0.006995687476710192,0.7193625824817816,0.6945995503035328,-0.10880528404205898,-0.10880528404205893,0.1632079260630884,0.16320792911583837,3.0527499694787963e-09
5,82,0.0068766672474108006,-0.291300721242895,0.9566068164355394,-0.05251401944265273,-0.05251401944265267,0.078771029163979,0.07877103136433306,2.2003540517401277e-09
5,83,-0.5512240055480595,0.8343565579781175,0.0011089934450140089,-0.05511418028966333,-0.05511418028966322,0.08267127043449483,0.08267127399319563,3.558700792383185e-09
5,84,-0.48475824029292924,0.7385631467491542,-0.46854447679178735,-0.037991690757372736,-0.03799169075737255,0.05698753613605882,0.05698753829941339,2.1633545649324404e-09
5,85,0.6550919736541205,0.7283861014515192,-0.20076900474477222,-0.054413749410159536,-0.054413749410159466,0.08162062411523921,0.08162062692385064,2.8086114267633633e-09
5,86,0.43144369084902345,0.0645734988539279,-0.8998258747515178,-0.0557824477424819,-0.05578244774248174,0.08367367161372262,0.08367367493322675,3.3195041299061145e-09
5,87,0.8565383365655175,-0.4556095456350368,-0.24240878680405062,-0.04573645129143085,-0.04573645129143076,0.06860467693714614,0.06860468027003463,3.332888492968422e-09
5,88,0.4945891045382353,-0.79774738925542,-0.34493582099896225,-0.07494154647158595,-0.0749415464715859,0.11241231970737885,0.11241232111824928,1.4108704343707146e-09
5,89,0.528195614764362,0.16401861151448824,-0.8331310146792982,-0.047215665656017994,-0.04721566565601783,0.07082349848402675,0.07082350123033265,2.746305904910429e-09
5,90,0.879451629824574,0.4688394667217236,-0.08218506703161117,-0.05021396173438914,-0.050213961734389065,0.0753209426015836,0.07532094531415012,2.7125665186256143e-09
5,91,0.949387975063863,0.23977796636769172,0.2029014530473159,-0.05336396804318201,-0.053363968043181935,0.08004595206477291,0.08004595458688257,2.5221096600080983e-09
5,92,-0.47416844264890473,0.49071347982562374,-0.7310024409763209,-0.04131113855097316,-0.041311138550972966,0.06196670782645945,0.061966710929173274,3.1027138219785755e-09
5,93,-0.5317473757358712,0.6927147526525249,-0.4872278726176956,-0.0373075391042066,-0.03730753910420642,0.05596130865630963,0.05596130919771625,5.414066139852736e-10
5,94,0.006253710807543809,-0.9356168378294093,0.35296178811768325,-0.04966696729450052,-0.04966696729450041,0.07450045094175062,0.07450045441670383,3.474953214066545e-09
5,95,-0.3428085132247095,0.537340954554748,-0.7705498178695889,-0.04038193395730841,-0.040381933957308234,0.060572900935962355,0.060572903637368114,2.7014057588092832e-09
5,96,-0.9123237181551189,0.1611750890686726,-0.3764146967844434,-0.043755699301902734,-0.0437556993019026,0.0656335489528539,0.06563355275934768,3.80649377296205e-09
5,97,0.13878668565412722,0.1638714587355348,0.9766700573361663,-0.08603330073569322,-0.08603330073569315,0.12904995110353973,0.12904995405627062,2.9527308931243113e-09
5,98,0.5438598256798505,0.1107186294736147,0.8318400537957806,-0.07809335757886222,-0.07809335757886206,0.1171400363682931,0.11714003933516182,2.9668687229200685e-09
5,99,-0.7711433443654413,0.4473865409318999,0.4529715503581564,-0.05532026891106724,-0.0553202689110671,0.08298040336660066,0.08298040726772982,3.901129155825522e-09
5,100,0.7945204984154128,0.40703336980098526,-0.45062291715599456,-0.03792446252670822,-0.03792446252670808,0.05688669379006212,0.056886696742086684,2.952024562297151e-09
5,101,0.7277241337277957,-0.5557522463049319,-0.4019415702775115,-0.059047315577246594,-0.059047315577246504,0.08857097336586976,0.08857097694159322,3.5757234534417037e-09
5,102,-0.737322236363929,-0.6662109905382021,0.11188760364491755,-0.05675543232366993,-0.05675543232366986,0.0851331484855048,0.08513315191693849,3.431433692746566e-09
5,103,0.38779454873651503,0.18004844654155028,-0.9039900136993866,-0.050869893676560245,-0.05086989367656013,0.0763048405148402,0.07630484438747587,3.872635670476576e-09
5,104,-0.8943112775906186,0.4404091948129747,-0.07903847100256167,-0.03783194458331054,-0.03783194458331047,0.056747916874965706,0.0567479216395661,4.764600394779883e-09
5,105,0.8395178985357674,0.06947630402367733,-0.5388717298367939,-0.03946897967802585,-0.03946897967802567,0.05920346951703851,0.0592034712920686,1.7750300881913539e-09
5,106,0.4989289378612481,0.8125400725188126,0.301410924678867,-0.09232221444721568,-0.0923222144472156,0.13848332167082342,0.13848332480748127,3.136657850122404e-09
5,107,0.5292166562964776,0.5910346266968508,0.6087756571543331,-0.10050099840258289,-0.10050099840258275,0.15075149760387413,0.1507515015597427,3.955868577154575e-09
5,108,0.10662895163318371,0.7913118791981654,-0.6020430022128619,-0.03889899090286659,-0.03889899090286649,0.05834848635429974,0.058348488540804766,2.186505025647545e-09
5,109,0.7053611208736138,-0.2926170668461959,-0.6456322028448147,-0.05801874797005508,-0.0580187479700549,0.08702812195508236,0.08702812637206847,4.4169861102005825e-09
5,110,0.9937274189939503,-0.09390472440658316,0.06072659609879067,-0.03857730027686399,-0.03857730027686395,0.05786595041529593,0.057865952307611934,1.8923160052808363e-09
5,111,-0.04482916120929727,-0.9248481908862968,0.37768527919368905,-0.04870732543593839,-0.04870732543593828,0.07306098815390742,0.07306099197856852,3.824661101714533e-09
5,112,0.25705668346348876,-0.32988292809520936,0.9083496657334568,-0.05131314937547325,-0.051313149375473106,0.07696972406320966,0.0769697264257907,2.362581033588107e-09
5,113,-0.8509938259781606,-0.5079649672460262,0.13334579182634795,-0.049435445536604346,-0.049435445536604276,0.07415316830490642,0.07415317110348596,2.7985795347795772e-09
5,114,-0.6779707791564816,-0.5680416916477902,0.4665664573883019,-0.039764872957817554,-0.03976487295781744,0.059647309436726165,0.05964731070173812,1.2650119562973572e-09
5,115,-0.7917290110540912,0.18979390872558954,-0.5806405473836402,-0.048988977558141515,-0.04898897755814132,0.07348346633721199,0.0734834679216867,1.5844747042192964e-09
5,116,-0.32121477200820253,0.24663087030941835,0.9143272302923814,-0.07876184460881311,-0.078761844608813,0.1181427669132195,0.11814276917876398,2.2655444881225506e-09
5,117,-0.6422205405237607,0.38375742946413977,0.6635382525977266,-0.06545142347281216,-0.06545142347281199,0.09817713520921799,0.0981771372532414,2.0440234088647813e-09
5,118,0.20250389658108192,0.931462624123973,0.30227396799850426,-0.09676038787121413,-0.09676038787121403,0.14514058180682107,0.1451405842733955,2.466574416937206e-09
5,119,-0.039106736216947297,0.9991575530303386,0.012443769721596358,-0.07379266155693352,-0.0737926615569334,0.1106889923354001,0.11068899685717781,4.5217777161488115e-09
5,120,0.29734309937594955,-0.9326027858026852,-0.2045461443454143,-0.07832472691960134,-0.07832472691960124,0.11748709037940186,0.11748709227710208,1.8977002191888914e-09
5,121,0.19519643935923353,-0.9807583257723723,-0.0033847436608981057,-0.06918562694023939,-0.06918562694023926,0.1037784404103589,0.10377844278375292,2.373394022980868e-09
5,122,0.08911157512346796,0.981616494112065,-0.16878443549733155,-0.06270182216492459,-0.06270182216492445,0.09405273324738668,0.09405273643237066,3.184983984882983e-09
5,123,-0.9083739963134257,0.38715406063354346,-0.15801397456090768,-0.037043336400598634,-0.03704333640059855,0.055565004600897826,0.05556500676240361,2.161505786857365e-09
5,124,-0.34577718147676456,0.7524753402003767,-0.5605524089327527,-0.03755090453193406,-0.03755090453193389,0.05632635679790084,0.056326360242664464,3.4447636271250914e-09
5,125,-0.8775217527068983,-0.4174364088037964,-0.23601359734388835,-0.06415746920040431,-0.06415746920040423,0.09623620380060635,0.09623620650378584,2.703179485807894e-09
5,126,0.5865025694697186,-0.6664418832858073,0.4602933327866965,-0.03723190757557965,-0.03723190757557949,0.055847861363369236,0.05584786660906005,5.245690812283321e-09
5,127,-0.006125271301367099,0.562020071732427,0.8271009128403634,-0.10606835830869712,-0.10606835830869706,0.1591025374630456,0.15910254086426434,3.4012187510867875e-09
5,128,0.9354564016453637,0.2023897841706044,0.28975799537559693,-0.055617071628673395,-0.0556170716286733,0.08342560744300995,0.08342561086394085,3.4209308996668852e-09
5,129,0.4766693751727655,0.873691269544199,-0.09721045362846137,-0.06623294751276648,-0.0662329475127664,0.0993494212691496,0.09934942452050066,3.2513510633824794e-09
5,130,-0.07123844169113948,0.9974276221158387,-0.007951293338931282,-0.07165972314598483,-0.0716597231459847,0.10748958471897706,0.107489588063725,3.3447479369508315e-09
5,131,-0.8147399412686822,-0.5609253180470657,-0.1468387403763136,-0.06678682747090801,-0.06678682747090794,0.10018024120636192,0.10018024604319109,4.836829173293644e-09
5,132,-0.40937161945350553,-0.6134933396872172,-0.6753079292777769,-0.10631208790399532,-0.10631208790399521,0.15946813185599282,0.15946813453071584,2.674723026396819e-09
5,133,0.46693098197406446,0.10729235132941921,-0.8777606788976938,-0.052155346000120756,-0.0521553460001206,0.07823301900018091,0.07823302144993605,2.4497551348590108e-09
5,134,-0.7888024137535794,-0.4183065313954321,-0.4503447544364751,-0.07745873342844216,-0.07745873342844205,0.11618810014266308,0.11618810497049381,4.82783073241233e-09
5,135,-0.41930561349776796,0.43975690245453863,-0.7942270892086531,-0.04417450315907111,-0.04417450315907093,0.06626175473860639,0.06626175858004402,3.841437626328492e-09
5,136,-0.9671113013618766,0.17021598717236097,-0.1890033028522944,-0.03929633372500888,-0.03929633372500881,0.05894450058751322,0.0589445034449021,2.8573888741223463e-09
5,137,-0.5828199043349277,0.5943252775990588,0.5541646177065327,-0.07353070277084836,-0.07353070277084824,0.11029605415627236,0.11029605700985101,2.853578651151878e-09
5,138,0.054063358005688726,0.7416156206459612,0.6686429723963713,-0.10998484303610327,-0.10998484303610319,0.1649772645541548,0.164977269345723,4.7915681977706015e-09
5,139,0.9752477543611626,-0.21008240534125577,0.06897246247265626,-0.037350856551751695,-0.03735085655175165,0.05602628482762748,0.056026287775789996,2.948162512728114e-09
5,140,-0.38003132229442677,-0.638294913747919,0.6694443943739363,-0.03722752680082582,-0.03722752680082574,0.05584129020123862,0.05584129408875427,3.887515649669826e-09
5,141,-0.9408079649896072,0.29332285374215583,-0.16982955127030108,-0.03740414009454709,-0.037404140094547,0.056106210141820496,0.05610621273133276,2.5895122643393442e-09
5,142,0.23212411875239938,0.24582983742896447,-0.9411089652761102,-0.05124059816975005,-0.05124059816974997,0.07686089725462496,0.07686090097713816,3.7225132004659045e-09
5,143,0.8228603686922359,0.11325322809458627,-0.5568433531630175,-0.03906964647140324,-0.039069646471403055,0.05860446970710458,0.05860447266359259,2.956488005800839e-09
5,144,0.2311798222607701,0.6278191873256741,-0.7432354659226166,-0.037116861261483065,-0.03711686126148299,0.055675291892224484,0.055675294929891095,3.037666611305223e-09
5,145,-0.1483376945399507,0.04951087711539913,-0.9876966140601253,-0.070538860516919,-0.0705388605169189,0.10580829077537836,0.10580829407080827,3.2954299150622646e-09
5,146,0.7832236535761183,0.2773482856681335,-0.5564518280281089,-0.03727541131110189,-0.037275411311101715,0.055913116966652576,0.05591311996733239,3.000679815734486e-09
5,147,0.01168656743700252,-0.989388351686692,-0.14482442365923964,-0.08369199801910122,-0.08369199801910111,0.12553799702865168,0.12553800082804045,3.799388775815871e-09
5,148,0.6293189334231187,-0.6270964986300206,-0.45902904204544276,-0.0684640251676043,-0.0684640251676042,0.10269603775140632,0.10269604194812487,4.196718556004342e-09
5,149,-0.8888689830372758,-0.2661441278177185,0.3729332838758499,-0.03751159889546987,-0.03751159889546973,0.0562673983432046,0.056267400461162964,2.1179583642449984e-09
5,150,-0.348698725303045,0.8803773877802763,-0.32147294451821123,-0.04549190140697234,-0.04549190140697218,0.06823785211045827,0.06823785286824702,7.577887484178092e-10
5,151,-0.28752488150898775,-0.2708383842960689,-0.9186816707136034,-0.09357269313544475,-0.09357269313544465,0.140359039703167,0.14035904244424913,2.7410821390461138e-09
5,152,0.25088060266707324,0.5030719164131807,0.827029364727623,-0.1063587566759945,-0.1063587566759944,0.1595381350139916,0.15953813964353358,4.62954197200105e-09
5,153,0.41504167717604384,0.9039484472534972,0.10304179207917555,-0.08175308741370489,-0.08175308741370478,0.12262963112055718,0.12262963422493556,3.104378379359396e-09
5,154,0.37274983860358074,0.46589742503587767,-0.8024943284322595,-0.039020137136750864,-0.03902013713675077,0.058530205705126154,0.05853020845769663,2.7525704771047543e-09
5,155,0.6069146483125099,0.6391113495623953,-0.4724312569297633,-0.04081313901082346,-0.04081313901082336,0.061219708516235045,0.061219712632620826,4.1163857808501625e-09
5,156,-0.3178654074465472,-0.5244019973100623,0.7899140003608355,-0.038159435354939,-0.038159435354938924,0.05723915303240839,0.05723915647015687,3.437748481716074e-09
5,157,0.03388633233259882,-0.3691039415258959,-0.9287701528532734,-0.09640627504293056,-0.09640627504293052,0.1446094125643958,0.14460941610838773,3.5439919332524994e-09
5,158,-0.5826646696974347,0.5643644817287105,0.5848030561218567,-0.07354368012400676,-0.07354368012400665,0.11031552018600999,0.11031552477058781,4.584577828481429e-09
5,159,-0.9916452919737674,-0.11866118970033408,-0.050587913231947015,-0.04310810589846379,-0.043108105898463735,0.0646621588476956,0.06466216034839434,1.5006987319488019e-09
5,160,0.12252555636556886,-0.9366707472851,0.32807834310981293,-0.04955946444786877,-0.04955946444786863,0.07433919667180294,0.07433920007349215,3.4016892080934724e-09
5,161,0.39735574703980536,0.4468625869626474,-0.8015124694398014,-0.039232481837555185,-0.039232481837555074,0.058848722756332614,0.058848725892346465,3.1360138513791824e-09
5,162,0.8896733957402594,0.2795936255055046,-0.3609828991637741,-0.03774680429223248,-0.037746804292232344,0.056620206438348517,0.05662020852170713,2.0833586106272506e-09
5,163,-0.6286462533824339,0.11303510513990515,0.7694328775885777,-0.05588760098886147,-0.05588760098886127,0.08383140148329192,0.08383140431833525,2.835043325100095e-09
5,164,-0.03263187046773662,0.9868780738378653,-0.15813547485571275,-0.061874821871619856,-0.06187482187161971,0.09281223280742958,0.09281223567469965,2.8672700741472212e-09
5,165,0.7851581249426903,0.5807740184936239,-0.21500757726007388,-0.04846340200426852,-0.048463402004268435,0.07269510300640265,0.07269510826635184,5.259949184543977e-09
5,166,0.719327337709317,0.15220223989624773,-0.677792489921946,-0.041280267121350744,-0.041280267121350564,0.061920400682025846,0.06192040630237372,5.620347874601972e-09
5,167,0.4099927740643673,0.05592825461942758,0.9103724268398231,-0.0773308555595101,-0.07733085555950994,0.11599628333926491,0.1159962861874142,2.84814928586119e-09
5,168,0.44246343710768143,0.8717862590802831,-0.21027321584467804,-0.05884436526779437,-0.05884436526779428,0.08826654790169143,0.08826655101268344,3.1109920056726637e-09
5,169,-0.6776534742202032,0.6938071947147815,-0.24375673414142582,-0.04013957395961266,-0.04013957395961254,0.06020936093941881,0.06020936388351217,2.9440933579927275e-09
5,170,-0.2561258596506757,0.08494670601685443,-0.9629037341059015,-0.06821106273772592,-0.06821106273772581,0.10231659410658872,0.10231659547388361,1.3672948884213554e-09
5,171,0.1983300654636584,-0.9723109810696928,-0.123598305912631,-0.07709219938231573,-0.07709219938231562,0.11563829907347344,0.11563830171201772,2.638544285837874e-09
5,172,0.6121422039279195,0.7036933063101145,0.36069052222730863,-0.09024220021635365,-0.09024220021635355,0.13536330032453034,0.13536330528696183,4.9624314935048375e-09
5,173,-0.2509969668097515,0.726322746831538,0.6398873260874872,-0.09839096710354697,-0.0983909671035469,0.14758645065532036,0.14758645555668082,4.901360456388559e-09
5,174,0.9433072200077676,0.10761627398345874,-0.3139908060041477,-0.037062445130251837,-0.0370624451302517,0.05559366769537755,0.05559366994534187,2.2499643259621394e-09
5,175,-0.8256145458537508,-0.3607043803040955,-0.43388128757085515,-0.07261886891330484,-0.07261886891330473,0.1089283033699571,0.1089283066524338,3.28247670711157e-09
5,176,-0.5591852732552423,-0.18405981514179706,0.8083525311548343,-0.04531226007342093,-0.04531226007342077,0.06796839011013116,0.06796839480127659,4.691145430446575e-09
5,177,-0.9863552099724799,0.10909986592561735,0.12329079047178348,-0.03703901519277626,-0.03703901519277619,0.05555852278916429,0.055558527223276144,4.434111855466938e-09
5,178,-0.7720864819015626,-0.44049529800465387,-0.4580899004569511,-0.07946590622315376,-0.07946590622315365,0.11919885933473048,0.11919886327982354,3.945093057788895e-09
5,179,0.7818133117871862,0.21308561838743031,0.5859713856058147,-0.0719902457469964,-0.07199024574699624,0.10798536862049436,0.10798537203315917,3.4126648035259777e-09
5,180,-0.01963238834007676,0.9755006270630685,0.2191189081928453,-0.08853894960398628,-0.08853894960398619,0.1328084244059793,0.13280842953156125,5.1255819588647e-09
5,181,0.8945853012615415,-0.12411368178977598,-0.4293168209602126,-0.04103431275417473,-0.04103431275417457,0.06155146913126186,0.06155147364017566,4.5089137978848726e-09
5,182,-0.11616770194763472,0.8538354190115783,0.5074151577017858,-0.10125211687878348,-0.10125211687878338,0.15187817531817507,0.1518781780895928,2.7714177341930935e-09
5,183,0.3031977691912622,0.6904574425871866,-0.6567645184793436,-0.03754893836024679,-0.03754893836024671,0.05632340754037007,0.0563234112127553,3.672385236186404e-09
5,184,0.1468564893839379,0.8926388545500993,-0.42617959462333715,-0.04653394911743393,-0.0465339491174338,0.0698009236761507,0.06980092753794409,3.861793385073753e-09
5,185,-0.5357609314836034,-0.48099615456887834,0.6939761693212335,-0.03722556222464802,-0.0372255622246479,0.05583834333697185,0.05583834644662389,3.10965203587088e-09
5,186,0.5033907665216719,0.5571248868138037,0.6604616542036561,-0.10153176798848892,-0.10153176798848881,0.15229765198273323,0.1522976550427657,3.060032477408825e-09
5,187,-0.3007479480748248,-0.929945517447675,-0.21154670006350518,-0.09065975517146728,-0.09065975517146718,0.13598963275720077,0.13598963621852533,3.4613245603054565e-09
5,188,-0.44069752936801754,-0.5442012994258021,0.71388418760482,-0.03713230046702063,-0.03713230046702053,0.055698450700530804,0.055698452794405995,2.0938751912891185e-09
5,189,0.5090508787427781,0.47487535690936855,0.7178862014632997,-0.09917563984581158,-0.09917563984581146,0.1487634597687172,0.1487634640473523,4.278635112875406e-09
5,190,0.19627283473068577,-0.4296248673906873,-0.8814189966561393,-0.09408776031423292,-0.09408776031423285,0.1411316404713493,0.14113164248374943,2.012400135420478e-09
5,191,-0.3386919417101766,-0.37647918723467205,-0.8622941436654381,-0.09940907469784657,-0.09940907469784646,0.1491136120467697,0.14911361451153127,2.4647615615158713e-09
5,192,0.9028011638331512,0.4072546255893291,-0.13818005832102806,-0.045789937941626876,-0.04578993794162679,0.0686849069124402,0.06868491192468795,5.0122477557312806e-09
5,193,-0.6582239105746428,-0.6016915763272989,0.45244726822536424,-0.04068657792745328,-0.04068657792745317,0.06102986689117976,0.06102987004652505,3.1553452906063484e-09
5,194,-0.7504480842615826,-0.11933033931408538,0.6500676449011332,-0.04123396766812729,-0.0412339676681271,0.06185095150219065,0.06185095352551073,2.023320080923874e-09
5,195,-0.17957389689852657,0.9558151944965555,-0.23274563265975398,-0.05416103080350133,-0.05416103080350117,0.08124154620525176,0.08124154821098628,2.005734522914082e-09
5,196,-0.35457266040285185,-0.24630556132620082,-0.9020043231352215,-0.09134146148396872,-0.09134146148396861,0.13701219222595293,0.1370121946453473,2.4193943792827355e-09
5,197,-0.9177338461160341,0.1953820747658882,0.3458184965458733,-0.04064872946894001,-0.04064872946893988,0.06097309420340982,0.06097309740438206,3.200972237271671e-09
5,198,0.9315070332367847,-0.23175477007300835,0.2803290451929852,-0.03966709199870658,-0.03966709199870646,0.05950063799805969,0.05950064191351245,3.915452760627769e-09
5,199,-0.8078301097821091,-0.4279693345291333,0.40528109064218176,-0.038880245015912196,-0.03888024501591207,0.05832036752386811,0.05832036936714857,1.8432804657630975e-09
5,200,-0.9099504296265344,-0.2723073840821372,0.3127921101895455,-0.038278961710743596,-0.03827896171074348,0.05741844256611522,0.05741844638640359,3.82028837037085e-09
5,201,-0.05839138286275598,-0.9926370077514451,0.10612359421746204,-0.0668535146792207,-0.06685351467922057,0.10028027201883086,0.10028027436215226,2.3433213980350587e-09
5,202,0.4959357222623352,0.836348061466764,0.23360153994552815,-0.08847454148866014,-0.08847454148866003,0.13271181223299006,0.1327118151484008,2.9154107461515366e-09
5,203,-0.4501008206358932,0.6190405392945145,0.6435822107336808,-0.0848615058359717,-0.08486150583597159,0.1272922587539574,0.1272922614536931,2.6997357127633848e-09
5,204,-0.2099180138447124,0.6092507359660623,0.7646881509401742,-0.09986264654449561,-0.09986264654449553,0.1497939698167433,0.14979397305880937,3.242066060060722e-09
5,205,0.9880554617156617,0.13653522543285315,-0.07144604110691306,-0.04042790168842363,-0.04042790168842356,0.06064185253263535,0.06064185542609124,2.893455891550545e-09
5,206,0.23209442447624953,0.012663533314254877,0.972610823017633,-0.07543572740558097,-0.07543572740558087,0.11315359110837131,0.11315359343955222,2.3311809149717533e-09
5,207,-0.7923570185881034,0.46787859198914,0.39148432695630614,-0.05306463134628371,-0.05306463134628361,0.07959694701942542,0.07959694986459098,2.84516556148251e-09
5,208,0.8158041525025373,0.37626708781273854,0.43918864214428144,-0.07396051735361955,-0.07396051735361943,0.11094077603042915,0.11094077878581743,2.7553882786524042e-09
5,209,0.43058832236355304,-0.8495821769735228,0.30463719604321265,-0.04433851792457491,-0.044338517924574744,0.06650777688686212,0.06650777845118583,1.56432371223314e-09
5,210,-0.46391377709784587,-0.6140584898682113,-0.6385265683114384,-0.1040709328635334,-0.10407093286353325,0.15610639929529987,0.15610640419216892,4.896869049142438e-09
5,211,-0.9481142168625346,-0.3176158690093797,-0.014127686879298032,-0.04851284791784748,-0.048512847917847435,0.07276927187677115,0.07276927532773314,3.450961988393786e-09
5,212,-0.631373153644752,0.09742260711520039,-0.769335282227169,-0.061087086129844426,-0.06108708612984423,0.09163062919476635,0.091630632248485,3.0537186529455695e-09
5,213,-0.31585545164694423,-0.26431381820534505,-0.911248341107196,-0.0929372159996941,-0.092937215999694,0.13940582399954102,0.13940582715976646,3.160225442444542e-09
5,214,0.7630039641291955,0.29152438874952696,-0.5769215557485678,-0.03734352390716879,-0.037343523907168615,0.056015285860752925,0.056015291016731084,5.1559781583110365e-09
5,215,0.05003724741374669,-0.6852803224326899,-0.7265584309316108,-0.10747351159427707,-0.107473511594277,0.1612102673914155,0.16121027152093959,4.129524083795744e-09
5,216,0.10871930427651694,0.7395158494731027,-0.6643014536004761,-0.037504993754120364,-0.03750499375412028,0.05625749063118042,0.056257494496225746,3.865045325457395e-09
5,217,0.5765919444500992,-0.11566557687210911,-0.8088035632476502,-0.05882303953949708,-0.0588230395394969,0.08823455930924536,0.08823456271178642,3.4025410683424795e-09
5,218,-0.3777517028979527,-0.38346364919862364,-0.8427688180639883,-0.0991426934590564,-0.09914269345905628,0.14871404018858445,0.1487140424694111,2.2808266664231525e-09
5,219,-0.19753965825911107,-0.945160067856693,0.26009715404826106,-0.05693452466882904,-0.05693452466882893,0.0854017870032434,0.08540178980664948,2.803406076723469e-09
5,220,-0.19112292575310616,-0.8900100376344189,0.4139494657099501,-0.047296358229511636,-0.047296358229511504,0.07094453734426726,0.07094453774447729,4.0021003178125625e-10
5,221,0.8119453711032045,0.10003881779551178,-0.5750973389593762,-0.03969417744825913,-0.039694177448258934,0.059541266172388405,0.05954127052509861,4.352710206156907e-09
5,222,-0.4991990029848104,0.7509640378221067,0.4322653922266837,-0.07781816227982061,-0.07781816227982052,0.11672724341973079,0.11672724592459716,2.5048663698790108e-09
5,223,0.7307977191371968,0.00429963797059308,-0.682580549691531,-0.0458376307648738,-0.045837630764873606,0.06875644614731041,0.06875644914527967,2.997969261731015e-09
5,224,0.7349670274168363,-0.23685900234157467,-0.6353906527639616,-0.05416977378337458,-0.0541697737833744,0.0812546606750616,0.08125466410824345,3.433181849921141e-09
5,225,-0.5968150528487324,0.16193052280956896,-0.7858691357190359,-0.05784600441658548,-0.05784600441658529,0.08676900662487794,0.08676900725701486,6.321369261375054e-10
5,226,-0.14626508869464594,0.8505968130928887,-0.5050659218214676,-0.04076646263265022,-0.040766462632650075,0.06114969394897511,0.06114969502979406,1.0808189482292008e-09
5,227,-0.21976304707703423,-0.5437560042678615,-0.8099590180756473,-0.10802286269583566,-0.10802286269583558,0.16203429404375339,0.16203429709094053,3.0471871415027607e-09
5,228,0.501890081661189,0.5758522145143301,-0.6453685559190709,-0.037180940092842965,-0.037180940092842854,0.05577141013926428,0.0557714138760268,3.736762517470016e-09
5,229,0.48950468791441687,0.865757315215659,-0.1041606051268116,-0.06547481206885529,-0.06547481206885519,0.09821221810328279,0.09821222307637711,4.973094325233518e-09
5,230,-0.5650034468074419,-0.7941717943759069,0.22374598569239737,-0.0555159145611492,-0.05551591456114912,0.08327387184172369,0.08327387529538655,3.453662855701367e-09
5,231,-0.7065530588725968,0.4034913560371852,0.5813583237565711,-0.06073089444378181,-0.06073089444378166,0.09109634166567249,0.09109634296899927,1.3033267798334691e-09
5,232,-0.8238458605669121,0.5400175774542104,-0.17221792609147907,-0.03812502112152847,-0.038125021121528366,0.05718753168229255,0.05718753387506936,2.1927768142915305e-09
5,233,0.8929226170845949,0.2998553976656556,-0.33582129234098534,-0.038290064814557,-0.038290064814556865,0.0574350972218353,0.057435099731772965,2.5099376674275753e-09
5,234,0.802400115203826,-0.5467158857724081,-0.23928183250087703,-0.049718135021322676,-0.04971813502132261,0.07457720253198391,0.07457720413439617,1.6024122584390454e-09
5,235,0.6111757012496213,0.7890868737280086,0.06169414811950469,-0.07342277814524506,-0.07342277814524498,0.11013416721786747,0.1101341698395153,2.621647829381679e-09
5,236,0.9107835972757412,0.3952334929523889,0.11943083765139716,-0.05665149770537317,-0.056651497705373116,0.08497724655805967,0.0849772488487055,2.2906458257976325e-09
5,237,0.5939423256431479,0.3583426740486565,-0.7202937190933065,-0.038594527829624074,-0.03859452782962392,0.057891791744435886,0.05789179691184643,5.167410541129236e-09
5,238,0.25389550662219074,0.8173821641633752,0.5171300314472739,-0.10742826292016751,-0.1074282629201674,0.1611423943802511,0.1611424008118867,6.431635585224527e-09
5,239,0.7849990304710931,-0.34603141419791517,0.5138470419761456,-0.04146777927638106,-0.04146777927638089,0.06220166891457133,0.06220167297898982,4.064418489269084e-09
5,240,0.6253489646010881,0.6722098824423361,-0.39632378987288625,-0.04391604320602246,-0.043916043206022354,0.06587406480903353,0.06587406731206613,2.5030326006314496e-09
5,241,0.7931813568001636,-0.5347847600283545,-0.2913221510048059,-0.051565752155568814,-0.05156575215556873,0.0773486282333531,0.07734863166630745,3.4329543513456073e-09
5,242,-0.5287969762906309,-0.4068100089334769,-0.7449022583516781,-0.09571777124747448,-0.09571777124747435,0.14357665687121154,0.14357666028308458,3.4118730340981784e-09
5,243,-0.009916506228815783,0.21701252472543606,0.9761184492757555,-0.08746515339826104,-0.08746515339826098,0.1311977300973915,0.13119773323300166,3.135610160409641e-09
5,244,-0.8762075165434812,-0.4205229720572302,0.2354162652087983,-0.042903242616337364,-0.04290324261633727,0.0643548639245059,0.06435486726852346,3.344017562856294e-09
5,245,-0.5403090578620219,-0.2947932067296645,-0.7881390024978433,-0.08969167345654505,-0.08969167345654488,0.13453751018481733,0.13453751307457296,2.8897556292317716e-09
5,246,-0.7625701750615109,0.5557407103022941,-0.3311177902489659,-0.037117074558851555,-0.037117074558851396,0.05567561183827709,0.055675615506789455,3.6685123619428772e-09
5,247,-0.06500885499442548,0.926823224455066,-0.36982774285203107,-0.04802467914054692,-0.048024679140546776,0.07203701871082017,0.0720370221807265,3.4699063206078407e-09
5,248,0.7469448664962369,0.4534571551224682,0.4862612208300767,-0.08223575671584207,-0.08223575671584193,0.1233536350737629,0.12335363841486924,3.341106336041122e-09
5,249,-0.8349243729549238,-0.46476743493842143,0.29477537696793343,-0.042220421332242186,-0.042220421332242075,0.06333063199836311,0.06333063379271309,1.7943499741601698e-09
5,250,0.5736165472320688,-0.6046724664768839,0.5525715021843973,-0.03725056179099136,-0.037250561790991156,0.05587584268648674,0.0558758442292806,1.5427938648837625e-09
5,251,0.5037258564625708,-0.8148215234663138,-0.28692533249450936,-0.07186839741078023,-0.07186839741078015,0.10780259611617023,0.10780260156773025,5.451560022851076e-09
5,252,0.10582261035510898,-0.697365694810189,-0.7088601151422849,-0.10558314828048729,-0.10558314828048725,0.1583747224207309,0.15837472722157742,4.800846525876423e-09
5,253,-0.6695817344676654,0.38378741738933925,-0.635898984997534,-0.04296051619436489,-0.0429605161943647,0.06444077429154706,0.06444077632616896,2.0346219015143774e-09
5,254,-0.16791107664487528,-0.9856817871348403,0.015404053058401848,-0.07445802438104551,-0.07445802438104539,0.11168703657156809,0.11168704017183728,3.6002691938819e-09
5,255,0.048843087597975,-0.9245321521770816,-0.3779611784095162,-0.09740632407000471,-0.09740632407000462,0.14610948610500693,0.14610948978477367,3.6797667413157598e-09
5,256,-0.8481572252223603,0.11172722770243827,-0.5178284927396656,-0.050274752924298186,-0.05027475292429802,0.07541212938644704,0.07541213209449893,2.7080518938404907e-09
5,257,0.6775937048763236,0.5708682392538136,0.4636552863100218,-0.08884779404686173,-0.08884779404686159,0.1332716910702924,0.13327169229304658,1.222754175689289e-09
5,258,-0.6661665331988885,-0.4681161399444679,0.5805940316342095,-0.03716089749546363,-0.03716089749546349,0.05574134624319523,0.05574135181207751,5.5688822789279335e-09
5,259,-0.17764445875787477,0.9813221452890257,0.07381932970412139,-0.07446292819918073,-0.07446292819918061,0.11169439229877093,0.1116943967871542,4.488383276157748e-09
5,260,0.539545412374866,0.7985302070986066,0.266908704122388,-0.08894506999096045,-0.08894506999096034,0.13341760498644054,0.13341760890517307,3.918732532914859e-09
5,261,0.25753866670748415,-0.11815316850320692,0.9590170300485723,-0.06578164952790201,-0.0657816495279019,0.09867247429185286,0.09867247713346572,2.8416128616814973e-09
5,262,0.9627123162886593,0.2694206902390074,-0.02444356228664916,-0.045377372112042125,-0.04537737211204206,0.0680660581680631,0.06806605973297408,1.5649109785798032e-09
5,263,-0.7936622701352114,0.5880836595986472,0.1557491902928717,-0.0481094639252381,-0.04810946392523805,0.07216419588785708,0.07216419822819731,2.3403402271693352e-09
5,264,-0.3908867811656526,-0.9006693295581828,0.18974267601983716,-0.06096355108944856,-0.06096355108944846,0.0914453266341727,0.09144533047455994,3.840387244324894e-09
5,265,0.5619761324978308,0.7980107535567752,0.2176273505571584,-0.08521885788920462,-0.08521885788920454,0.12782828683380681,0.12782829100776993,4.173963119580293e-09
5,266,0.7970508394057799,-0.3939795031843811,-0.45770089629924243,-0.05258501569739647,-0.05258501569739634,0.07887752354609452,0.07887752673241266,3.186318139891675e-09
5,267,-0.6185089858065814,0.7786040292285666,0.1059358303198455,-0.05674592262150427,-0.056745922621504186,0.08511888393225628,0.08511888555107205,1.6188157758723065e-09
5,268,0.3916135935891284,0.3049112321394654,0.8681405035081602,-0.09443947213320451,-0.09443947213320437,0.14165920819980657,0.14165921075059984,2.5507932710500114e-09
5,269,-0.7278672063474199,-0.5518117809201146,0.40707872501737785,-0.040956501047172356,-0.04095650104717224,0.06143475157075836,0.061434755893596815,4.3228384552507215e-09
5,270,-0.2619180098034326,-0.545645460488377,-0.7960339110798208,-0.1078559824760432,-0.1078559824760431,0.16178397371406467,0.16178397788113585,4.167071188110327e-09
5,271,0.10793470510307962,0.5691556333347191,0.8151146940631521,-0.10838316810887949,-0.10838316810887942,0.16257475216331915,0.16257475504710683,2.8837876808740504e-09
5,272,0.7434707093788533,0.6213977566716334,0.24721677188080504,-0.07689201471156983,-0.07689201471156974,0.11533802206735462,0.11533802662944126,4.562086639015028e-09
5,273,0.03261185660395241,-0.6154701857052974,0.7874851854585773,-0.03804656675798459,-0.03804656675798449,0.05706985013697674,0.05706985301001666,2.873039917083986e-09
5,274,-0.49546734004740267,-0.5730289690314856,-0.6528015897629725,-0.10216208533287587,-0.10216208533287575,0.15324312799931364,0.15324313068498796,2.685674321822873e-09
5,275,-0.28041752904199724,0.9589124028232072,-0.04304663886767229,-0.06343165816934652,-0.06343165816934637,0.09514748725401956,0.09514748849914767,1.2451281117265012e-09
5,276,0.7426112920089016,-0.6687660202962898,0.035783782331278456,-0.0446079550489174,-0.04460795504891732,0.06691193257337598,0.06691193571439769,3.1410217066207835e-09
5,277,-0.28088147019028614,0.3737001400907847,-0.8839987584832183,-0.048618895341664733,-0.048618895341664595,0.0729283430124969,0.07292834669492265,3.6824257532153126e-09
5,278,-0.49524726928835117,0.34414016390572755,-0.7976826999812457,-0.04847075673920509,-0.04847075673920491,0.07270613510880737,0.07270613971988027,4.611072898508262e-09
5,279,-0.530375921861767,-0.06031423537559395,0.8456143178307344,-0.052160715135688096,-0.05216071513568793,0.0782410727035319,0.0782410761179797,3.414447807825738e-09
5,280,-0.5274775055750583,0.7237024199452522,-0.44499695333530126,-0.03796800370053673,-0.03796800370053655,0.05695200555080483,0.05695201116262538,5.611820549922264e-09
5,281,0.097389352654286,-0.026037195685194737,0.994905713336912,-0.07183184005638969,-0.07183184005638962,0.10774776008458443,0.10774776210142889,2.016844455332567e-09
5,282,-0.48668289729129544,-0.7560951591927427,-0.4375612731143509,-0.099216222125521,-0.0992162221255209,0.14882433318828137,0.1488243375757925,4.387511132186717e-09
5,283,0.9261734943193437,0.34233118953686986,0.1581518734968648,-0.056058263344958226,-0.056058263344958156,0.08408739501743724,0.08408739815557453,3.138137291691656e-09
5,284,-0.8588840812133554,-0.17513376883635706,-0.48129647625082805,-0.06379240919078188,-0.06379240919078172,0.09568861378617258,0.09568861814024388,4.354071297951734e-09
5,285,0.6502588824791343,-0.6454442101251063,0.40070582398183935,-0.037368460939566465,-0.0373684609395663,0.05605269140934945,0.056052694430430705,3.0210812532183162e-09
5,286,0.7210107627421488,0.4663568273183618,0.512498575240494,-0.0849127263888285,-0.08491272638882835,0.12736908958324253,0.1273690930503335,3.4670909754286328e-09
5,287,0.6271650657449721,-0.6209950507958821,0.4701373492886144,-0.03703940606245955,-0.037039406062459354,0.05555910909368903,0.055559114253700415,5.160011383453789e-09
5,288,0.4222521554865792,-0.7570774962282659,0.49853463459591013,-0.038040855482061826,-0.03804085548206164,0.05706128322309246,0.05706128486382411,1.64073165470624e-09
5,289,0.5136189085729244,-0.5429184706042302,0.6644058631838837,-0.03903393259167239,-0.0390339325916722,0.0585508988875083,0.05855090162709686,2.7395885629499794e-09
5,290,0.6269704707848139,-0.5118342737372662,0.5873105694534317,-0.0387481570035621,-0.0387481570035619,0.05812223550534285,0.05812223896617397,3.460831114743268e-09
5,291,-0.1336786085750248,0.9900791413141603,-0.0432819078144678,-0.06771327008766943,-0.06771327008766931,0.10156990513150396,0.10156990942755684,4.296052874552814e-09
5,292,0.41194227151959145,0.5461408799862599,-0.7294064053345796,-0.03722287870533856,-0.03722287870533847,0.055834318058007704,0.05583432188815962,3.8301519178496335e-09
5,293,-0.31334540964170776,-0.128992293447975,0.9408377344088098,-0.05600943629261408,-0.05600943629261398,0.08401415443892098,0.08401415674264001,2.303719034979501e-09
5,294,-0.17367421809782135,0.959378396845649,-0.22232938994649976,-0.05493157456830972,-0.0549315745683096,0.0823973618524644,0.08239736531967523,3.467210824004141e-09
5,295,-0.0523392500336069,-0.9918112359278397,0.11649495780166094,-0.06603500346829826,-0.06603500346829813,0.0990525052024472,0.09905250786257369,2.66012649408065e-09
5,296,-0.8653891954165454,0.35730684499627063,0.3513308397723084,-0.04597277158027241,-0.04597277158027229,0.06895915737040845,0.06895915921623086,1.8458224115835975e-09
5,297,0.050783399497270156,0.5144762748825129,-0.855999537919568,-0.04065309199887414,-0.04065309199887405,0.060979637998311076,0.060979642169112225,4.170801148895009e-09
5,298,0.6622495414116738,-0.7382953956911641,0.12784933946350766,-0.044555945823811255,-0.04455594582381115,0.06683391873571673,0.06683392173023606,2.994519326948719e-09
5,299,0.9370951105045625,-0.22990142495388613,0.26267487255657795,-0.03939681122794986,-0.03939681122794974,0.05909521684192461,0.059095220383831304,3.5419066915509667e-09
5,300,-0.16203839885193788,0.22110989918187,0.9616932825913279,-0.08353049772537104,-0.08353049772537095,0.12529574658805645,0.12529575016406724,3.5760107930382645e-09
5,301,0.8562024646826201,0.4855754587462128,0.17644776375690246,-0.06444074268667253,-0.06444074268667248,0.09666111403000872,0.09666111799866428,3.968655556962908e-09
5,302,-0.629164846030019,0.7333769285588001,0.2575070429671448,-0.06255278476635906,-0.06255278476635899,0.09382917714953849,0.09382917914857458,1.999036089439521e-09
5,303,-0.22338095802291602,-0.9049748450770068,-0.3621069971301464,-0.10030199816142389,-0.1003019981614238,0.1504529972421357,0.15045300005844808,2.8163123777513732e-09
5,304,0.5645998202893214,-0.09596859187554818,0.8197664742490329,-0.06320394346447371,-0.06320394346447353,0.09480591519671029,0.0948059172833915,2.086681202828622e-09
5,305,0.6338076272148512,0.3431383455030989,-0.6932127866172667,-0.03829346903836458,-0.03829346903836443,0.05744020355754665,0.05744020675768624,3.2001395908198838e-09
5,306,0.27692136970056314,-0.7220620982959428,0.633988076550044,-0.037075699528639226,-0.03707569952863906,0.05561354929295859,0.05561355265193413,3.3589755352170236e-09
5,307,-0.42931522049271154,-0.8010314122403333,-0.4171775617858081,-0.10027921157148208,-0.10027921157148198,0.15041881735722298,0.15041882045485622,3.0976332332510736e-09
5,308,-0.15679053810725646,-0.9095549895463378,-0.3848719893047535,-0.10135615005156724,-0.1013561500515671,0.15203422507735068,0.15203422826237656,3.185025881924375e-09
5,309,-0.3094635572364764,-0.2264301654500497,-0.9235592492725138,-0.09049192744617332,-0.09049192744617322,0.13573789116925986,0.13573789453547036,3.3662105047849167e-09
5,310,-0.7225617633239378,-0.5918450520574541,0.35724491954023785,-0.04333967418528622,-0.04333967418528612,0.06500951127792919,0.06500951582610881,4.548179624586091e-09
5,311,-0.6623892443636425,0.3459094539485958,-0.6645202319119765,-0.04500450233111114,-0.04500450233111094,0.06750675349666642,0.06750675574096476,2.2442983443893283e-09
5,312,0.5902602851489823,-0.4291190093473701,0.6837029117917913,-0.04245708858381286,-0.042457088583812676,0.06368563287571902,0.06368563593150967,3.0557906482986397e-09
5,313,-0.854469647658603,0.460488787874766,-0.24048221861878163,-0.03704945131294105,-0.037049451312940934,0.0555741769694114,0.05557417998014458,3.010733176656011e-09
5,314,-0.18390911073361818,0.9001032601505169,-0.3949576686881527,-0.0450482618487022,-0.04504826184870206,0.06757239277305309,0.06757239628951694,3.516463856212404e-09
5,315,0.4048938726474322,0.07513925538269407,-0.9112711145389715,-0.05615489872785005,-0.05615489872784992,0.08423234809177489,0.08423235026144837,2.1696734825438213e-09
5,316,-0.40461935983517655,0.5601437861195651,-0.7228569101269012,-0.03927954346278088,-0.0392795434627807,0.058919315194171054,0.058919318035588475,2.8414174207958e-09
5,317,0.26148781320673525,0.26513022526394237,-0.9280787074358784,-0.04951011425302664,-0.04951011425302656,0.07426517137953985,0.07426517595332527,4.573785419847987e-09
5,318,0.03580226057563531,-0.006695735054115009,0.9993364624938688,-0.07246719382488588,-0.07246719382488583,0.10870079073732875,0.1087007941991125,3.4617837485484415e-09
5,319,-0.5317277157722675,0.839028667298544,-0.11531058811243643,-0.05011493835182201,-0.05011493835182189,0.07517240752773284,0.07517241135124308,3.823510244527206e-09
5,320,-0.20581386217265438,0.6484856713107469,-0.7328758341235067,-0.03757400495811297,-0.037574004958112826,0.05636100743716924,0.056361011691041796,4.253872552817395e-09
5,321,0.6159884285992264,-0.7874870447899379,-0.02055261832142496,-0.05295172871808896,-0.05295172871808887,0.0794275930771333,0.07942759644441466,3.367281356525531e-09
5,322,0.3334426092825481,-0.5399294180787723,-0.7728468475758729,-0.09143190594772496,-0.09143190594772485,0.1371478589215873,0.1371478638989565,4.9773692112342616e-09
5,323,0.16478247395927242,0.9601334366911151,0.225810805816662,-0.09167943593881675,-0.09167943593881665,0.137519153908225,0.1375191557850819,1.8768568921245787e-09
5,324,-0.18380837774148873,0.9822689515595192,-0.03690781860534783,-0.06680701256725392,-0.0668070125672538,0.1002105188508807,0.10021052182507262,2.9741919205239498e-09
5,325,0.9051641252981613,-0.4080724520893301,-0.1189738631759771,-0.04048623533034712,-0.040486235330347065,0.0607293529955206,0.06072935626599829,3.2704776942171776e-09
5,326,0.09505185146686936,0.015395782943032208,-0.9953532616113192,-0.06935961048082866,-0.0693596104808286,0.10403941572124291,0.10403941874681522,3.025572306580848e-09
5,327,0.4415808623768591,0.49139357550367924,-0.7506921445813985,-0.03775223871630544,-0.03775223871630532,0.056628358074457985,0.05662836172204422,3.647586233057609e-09
5,328,-0.6532334717796348,-0.386299806190529,0.6511977357791449,-0.03737538025415251,-0.03737538025415235,0.05606307038122853,0.05606307224015339,1.8589248612643772e-09
5,329,0.08488156101272434,0.5365693414195295,-0.8395763589148134,-0.039663343919190394,-0.039663343919190325,0.05949501587878549,0.05949501863389273,2.755107239571508e-09
5,330,-0.40152803173146795,-0.9122771917309647,-0.08078097041579788,-0.080404195356253,-0.08040419535625287,0.12060629303437931,0.12060629578369841,2.7493191057104127e-09
5,331,-0.005649351093318916,0.43325780637168515,0.9012523276254102,-0.10057218357780628,-0.10057218357780624,0.15085827536670937,0.1508582800346936,4.667984221384813e-09
5,332,-0.9316393242665416,0.35402345498951493,-0.08194853749438533,-0.037125349906542385,-0.03712534990654232,0.05568802485981349,0.055688027800204765,2.9403912776837515e-09
5,333,-0.41035188118399096,-0.6636714360276381,0.6254211050242646,-0.037839654540891915,-0.03783965454089184,0.05675948181133776,0.05675948461236757,2.8010298108727127e-09
5,334,0.27572619320006253,-0.21126989735627116,-0.9377313564419569,-0.07865163090832447,-0.07865163090832436,0.11797744636248654,0.1179774500315034,3.669016854224161e-09
5,335,-0.18215170411229742,0.6492833238052123,0.7384117564864753,-0.10188386200228232,-0.10188386200228224,0.15282579300342336,0.15282579785003136,4.846608003816755e-09
5,336,-0.4970991200770898,0.49570058244680715,-0.7121610754460533,-0.04087326583000141,-0.040873265830001206,0.06130989874500181,0.06130990437558381,5.630582000648587e-09
5,337,-0.3307520519144499,0.6397996519007636,-0.6937286829748665,-0.037576836441805456,-0.03757683644180529,0.056365254662707934,0.05636525829411099,3.631403053261373e-09
5,338,-0.9897083971594458,0.09427428918734627,-0.1076552227729855,-0.03932303582467308,-0.03932303582467301,0.05898455373700952,0.05898455751607301,3.779063492692636e-09
5,339,0.17791371029500058,0.22916579361097644,-0.9569899428560981,-0.05338292258571753,-0.05338292258571746,0.0800743838785762,0.08007438739854322,3.5199670261887306e-09
5,340,-0.9668689504463933,0.2016271851397095,-0.15655960805816876,-0.03829102479781533,-0.038291024797815265,0.0574365371967229,0.0574365416339262,4.437203299234582e-09
5,341,-0.22092716833850717,-0.8974993745018631,0.38168843191625984,-0.049172156923031854,-0.04917215692303176,0.07375823538454764,0.07375823701805118,1.633503540765524e-09
5,342,0.3217242135492977,0.5305847848884655,0.7842023440802423,-0.10661097325223809,-0.10661097325223799,0.159916459878357,0.1599164634047412,3.526384184660003e-09
5,343,0.8547675365804515,0.453267042057674,0.2528269111318515,-0.06719159792212888,-0.0671915979221288,0.1007873968831932,0.10078739925978297,2.376589772201676e-09
5,344,-0.1404746786293895,0.6011494653975422,0.7866931961802001,-0.10279714952317426,-0.10279714952317419,0.1541957242847613,0.15419572840791318,4.123151875479181e-09
5,345,-0.7891682586793208,0.3636177506457621,-0.49497029295541056,-0.04061815282452432,-0.040618152824524134,0.0609272292367862,0.06092723131567723,2.0788910315427955e-09
5,346,0.6965411343610832,-0.6212176820496681,0.3590529761077227,-0.037408237950191076,-0.03740823795019092,0.056112356925286384,0.05611235781577406,8.904876766524517e-10
5,347,-0.0020924239877512284,0.8804913014888196,-0.4740576861146541,-0.04331961685514232,-0.04331961685514218,0.06497942528271328,0.06497942878214147,3.499428191666709e-09
5,348,-0.9966425367242112,0.03463904871516306,-0.0741875346405159,-0.039872705503368376,-0.03987270550336832,0.059809058255052484,0.05980906186975332,3.6147008372622302e-09
5,349,0.07240670094915064,0.05682409486569427,-0.9957551365171835,-0.06695809078293401,-0.06695809078293395,0.10043713617440093,0.1004371405488591,4.37445817069726e-09
5,350,-0.2688085779576929,0.9366606380772619,-0.22451903592581973,-0.05256904654117039,-0.05256904654117024,0.07885356981175537,0.0788535722828776,2.471122223512978e-09
5,351,-0.5121279341891345,0.8578622549048339,0.04239493640475433,-0.05909281067335021,-0.05909281067335011,0.08863921601002517,0.0886392167998018,7.897766329811873e-10
5,352,0.3438018970957753,0.3884568769951924,0.8549277807326697,-0.09998108183655677,-0.09998108183655664,0.14997162275483497,0.14997162539609477,2.6412597942115923e-09
5,353,-0.8142944725072638,-0.47957197537601176,0.3270095296441172,-0.04163633697540545,-0.041636336975405336,0.062454505463108004,0.06245450684394527,1.3808372639756428e-09
5,354,0.5987711232726505,0.4071735127300261,-0.6896976674354494,-0.03762014037292482,-0.03762014037292466,0.05643021055938699,0.05643021189216668,1.3327796921647206e-09
5,355,-0.9752551675569644,0.19018825361209607,0.11271994651089277,-0.03719664355577463,-0.03719664355577456,0.05579496533366184,0.05579497003305178,4.6993899396885475e-09
5,356,-0.47448353144620903,0.7222182672964325,0.5032555541369347,-0.08152734321640656,-0.08152734321640648,0.12229101482460972,0.12229101759020367,2.7655939482951197e-09
5,357,0.011856101544907285,0.3525428441401984,0.935720565073621,-0.09652616440427504,-0.09652616440427501,0.14478924660641254,0.14478925003391652,3.4275039750841785e-09
5,358,0.1889102518887712,0.05703018049453353,0.9803369192497455,-0.07861517222744407,-0.07861517222744399,0.11792275834116599,0.11792276183308914,3.491923153409182e-09
5,359,0.7400476765108429,-0.05981495050215689,0.6698892506879978,-0.05911628909787465,-0.059116289097874454,0.08867443364681168,0.08867443584970047,2.2028887880498615e-09
5,360,0.6116636900464885,-0.5951769942419419,0.5211831499615472,-0.03718789265833453,-0.03718789265833435,0.05578183898750153,0.05578184164578559,2.658284058154603e-09
5,361,-0.04678133215294632,-0.974170401978802,-0.22091522100220887,-0.08997583239916657,-0.08997583239916644,0.13496374859874968,0.13496374989818705,1.2994373632668754e-09
5,362,0.585756487234815,0.8055805652843943,0.08904656365299025,-0.0761922389203453,-0.07619223892034518,0.11428835838051778,0.11428836210747306,3.726955286054157e-09
5,363,-0.03631215491745837,-0.9035389940325922,-0.4269645344379576,-0.10197089830133198,-0.1019708983013319,0.15295634745199785,0.1529563517510546,4.299056749479391e-09
5,364,-0.4474811967520776,-0.5199236598534777,-0.7276262546650537,-0.10302908449843527,-0.10302908449843512,0.15454362674765268,0.1545436292826885,2.5350358201503553e-09
5,365,-0.48089450533112943,0.2005931035597729,-0.8535238025659193,-0.05783959900365824,-0.057839599003658065,0.0867593985054871,0.0867594010522943,2.5468071956913363e-09
5,366,0.8151757532133421,-0.549881283571428,-0.18198644276675965,-0.04741180209030198,-0.04741180209030191,0.07111770313545286,0.0711177047807432,1.6452903345287595e-09
5,367,-0.6037697706361455,0.5782504429686866,0.5487153080355003,-0.07162092956448655,-0.07162092956448644,0.10743139434672967,0.10743139572388927,1.3771595946954207e-09
5,368,0.1908385208356403,-0.7157376682870145,0.6717888426881861,-0.03704053079489619,-0.03704053079489605,0.055560796192344074,0.0555607976293615,1.4370174286626458e-09
5,369,-0.020051882874705513,0.7597206763095211,0.6499403172453473,-0.10812388412478742,-0.10812388412478736,0.16218582618718105,0.16218582865601405,2.4688329991473523e-09
5,370,0.46455833812573216,0.20412056575699833,0.8616962023317156,-0.0865223697205292,-0.08652236972052907,0.1297835545807936,0.12978355889980975,4.3190161447270725e-09
5,371,-0.01681160499189534,0.33961903823286016,0.9404128236085381,-0.09511414082822242,-0.09511414082822235,0.14267121124233353,0.14267121511979397,3.877460436063629e-09
5,372,-0.24229388216816364,0.9491517448050436,-0.20100905451601236,-0.054635466230408165,-0.054635466230408006,0.08195319934561202,0.081953201169771,1.8241589905265698e-09
5,373,-0.4840630734977176,0.7539251314713072,0.44416194908154333,-0.0792442340558969,-0.07924423405589681,0.11886635108384522,0.11886635564728465,4.563439431892746e-09
5,374,-0.17907148625740263,-0.028994621999773165,0.9834087221011695,-0.0663003133779257,-0.06630031337792562,0.09945047006688844,0.0994504728568657,2.789977263106813e-09
5,375,0.4089430695011346,-0.540856349426565,-0.7350101871348175,-0.08668226426999256,-0.08668226426999244,0.13002339640498867,0.13002339760426196,1.1992732917853743e-09
5,376,0.4409702414543435,-0.6481566238059878,-0.6208367234371057,-0.08561504235918914,-0.08561504235918903,0.12842256353878356,0.12842256563727616,2.0984926019096406e-09
5,377,0.5941644556216856,0.5999944261512681,0.5357007450650004,-0.09603318847778429,-0.09603318847778414,0.1440497827166762,0.1440497873761437,4.659467506273884e-09
5,378,0.46384099335352225,0.8844247238112478,-0.051424126596526266,-0.06977551593589332,-0.06977551593589322,0.10466327390383984,0.10466327665659136,2.752751526724495e-09
5,379,-0.23985358409248034,-0.2319283105521534,-0.9426979988110802,-0.0911606436768364,-0.09116064367683631,0.13674096551525447,0.13674096993598894,4.4207344729318976e-09
5,380,0.4319325413985682,0.7393434916798914,-0.5165321683995687,-0.04116815938567582,-0.041168159385675744,0.06175223907851362,0.06175224082083375,1.7423201284505474e-09
5,381,0.0012809351225065298,0.7546229686762744,0.6561574005918233,-0.10875262199748291,-0.10875262199748284,0.16312893299622427,0.16312893813541507,5.139190795144799e-09
5,382,0.979350746592283,0.0629974411602057,-0.1921026745165304,-0.03748129698972917,-0.037481296989729074,0.05622194548459361,0.05622194793053481,2.4459411995803038e-09
5,383,0.6030750270496733,0.32437276983586555,0.7287542918831041,-0.08850026818730554,-0.08850026818730539,0.13275040228095808,0.132750405112958,2.8319999123560535e-09
5,384,0.7369279543133155,-0.16340927415224443,-0.6559227083068772,-0.051583185649067206,-0.05158318564906702,0.07737477847360054,0.07737478158187372,3.108273180507659e-09
5,385,0.5868152109319579,-0.2860677327519248,0.7575045613704613,-0.05019485088030576,-0.05019485088030556,0.07529227632045835,0.0752922793556543,3.0351959556806918e-09
5,386,0.5443758716085924,-0.3189538423682043,0.7758371973867612,-0.049116225318504125,-0.04911622531850393,0.0736743379777559,0.0736743416274166,3.649660698656909e-09
5,387,-0.19119199577273632,-0.5425244981772219,0.817993147666893,-0.03873045305263982,-0.038730453052639766,0.05809567957895965,0.058095683819203714,4.24024406558976e-09
5,388,-0.978555568974617,0.02680983167952017,0.20423082860841427,-0.03703952405413868,-0.03703952405413858,0.05555928608120787,0.05555928911382679,3.0326189198737197e-09
5,389,0.5360880175812455,0.13020467940572447,0.8340601770056301,-0.07964264385010597,-0.07964264385010579,0.11946396577515869,0.11946396788475866,2.109599966937381e-09
5,390,-0.9388993077354962,0.1835706429176885,-0.2911527245151462,-0.04099081586140981,-0.040990815861409687,0.06148622379211453,0.06148622583301844,2.0409039042101895e-09
5,391,-0.706234361564086,0.5970584634219518,-0.3804657905809478,-0.03714050425314593,-0.037140504253145766,0.05571075637971865,0.055710759616633965,3.236915312176958e-09
5,392,0.41635780474527034,-0.7051365690703523,0.5739587070403164,-0.03709846645285258,-0.037098466452852405,0.05564769967927861,0.0556477031121716,3.432892990706815e-09
5,393,-0.7054315949701258,-0.6970577341310016,-0.1283619106513238,-0.07314387410775366,-0.0731438741077536,0.1097158111616304,0.10971581282381848,1.6621880816192203e-09
5,394,-0.6241096622648511,-0.5421310337104361,-0.5626553756569891,-0.09380806099545502,-0.09380806099545488,0.14071209149318234,0.1407120961416375,4.648455148581476e-09
5,395,0.9722980965358095,0.117863761069807,-0.2018527812523803,-0.03790244320776818,-0.03790244320776808,0.056853664811652126,0.056853667607104086,2.7954519601913752e-09
5,396,0.8554231160941074,-0.35125726047099404,0.3806174318370872,-0.038952361156458455,-0.03895236115645831,0.058428541734687464,0.058428545335331705,3.600644241097406e-09
5,397,-0.24354906071063126,0.9608068031508697,-0.1324165474779302,-0.058859912815643865,-0.058859912815643706,0.08828986922346556,0.08828987124731569,2.0238501291514055e-09
5,398,-0.5914000096915756,-0.7130319799240402,-0.37660513026565,-0.092020286536909,-0.0920202865369089,0.13803042980536337,0.1380304343046035,4.499240119359982e-09
5,399,-0.2636362277338596,-0.6655667158156059,-0.698224094560399,-0.11034621112354319,-0.11034621112354309,0.16551931668531464,0.16551932047192963,3.7866149937837434e-09
5,400,0.07276801106507642,-0.9633207296149056,0.2582982548524842,-0.054570427929909855,-0.05457042792990973,0.0818556418948646,0.08185564448481841,2.5899538069751316e-09
5,401,-0.03760165953864876,-0.8840808672819896,-0.46581877946886646,-0.10383939452937743,-0.10383939452937734,0.15575909179406602,0.155759095898933,4.10486697410839e-09
5,402,-0.02899834028628018,-0.924542100937749,-0.37997499898579395,-0.09937195118793171,-0.09937195118793163,0.14905792678189744,0.14905793266350997,5.881612530345137e-09
5,403,-0.817333129236782,-0.39610624386204957,-0.41840936823344216,-0.07394527657861998,-0.07394527657861986,0.1109179148679298,0.11091791790596162,3.0380318122302796e-09
5,404,-0.9739537483421058,-0.08413485285408881,-0.2105597839702131,-0.047150892026616785,-0.047150892026616716,0.07072633803992508,0.07072634283789014,4.797965066916099e-09
5,405,-0.25878165126473296,-0.08404685940632908,0.9622724055030524,-0.06041066954287457,-0.06041066954287447,0.0906160043143117,0.09061600775295275,3.4386410524556155e-09
5,406,-0.5015126655081519,-0.04406313351832126,0.8640274802339651,-0.05416648357339082,-0.05416648357339066,0.081249725360086,0.0812497277791202,2.4190342090557593e-09
5,407,0.013370261203084446,-0.5099856952295497,0.8600789654308459,-0.04122525343610761,-0.04122525343610753,0.06183788015416129,0.06183788342495333,3.2707920399888124e-09
5,408,0.5198268557029835,0.5404848378894601,0.6615558782911338,-0.10040874873682695,-0.10040874873682681,0.15061312310524022,0.15061312891306855,5.807828329373876e-09
5,409,0.7320018349181241,-0.5553817506078914,0.3946193416043024,-0.037039762268892724,-0.03703976226889258,0.05555964340333887,0.055559647160752235,3.757413366556328e-09
5,410,-0.7379594810037341,0.5932586475152747,0.32165195716029227,-0.05662869520060937,-0.05662869520060928,0.08494304280091393,0.08494304565287436,2.8519604317045477e-09
5,411,-0.43657108682791507,0.45077450844463884,-0.7785936222975289,-0.04347425318757701,-0.043474253187576826,0.06521137978136525,0.06521138490311884,5.121753590686673e-09
5,412,0.842893323344778,-0.4961768402693239,0.20818114381745847,-0.037324598764931154,-0.03732459876493103,0.05598689814739655,0.05598689983843386,1.6910373101808318e-09
5,413,-0.41817537727381143,0.15477987707571753,-0.8950824227378902,-0.06197536694246506,-0.061975366942464895,0.09296305041369735,0.09296305253370107,2.1200037281232653e-09
5,414,-0.435790416400497,-0.23553377820248633,0.868683228973107,-0.046669939013976196,-0.04666993901397606,0.0700049085209641,0.07000491020203725,1.6810731556793357e-09
5,415,0.1081725570649286,-0.6732609894266113,0.7314494774175009,-0.03722373745616802,-0.0372237374561679,0.05583560618425185,0.05583560974686819,3.5626163338853267e-09
5,416,-0.11447225629299312,0.9920562138203518,0.05215909469708877,-0.07480944665775868,-0.07480944665775856,0.11221416998663784,0.11221417267615053,2.6895126820081217e-09
5,417,0.01693546935213909,-0.8827285301453776,0.4695780360549284,-0.04341287263269044,-0.04341287263269031,0.06511930894903546,0.0651193127199079,3.770872433750405e-09
5,418,0.8872050819900367,-0.43634395953063954,-0.1499036072687236,-0.04204704498292901,-0.042047044982928945,0.06307056747439342,0.06307056960030977,2.125916345740997e-09
5,419,0.6834261048481659,0.4389568587154363,0.5833057820720965,-0.08772545308235298,-0.08772545308235281,0.13158817962352923,0.1315881861807533,6.5572240692812755e-09
5,420,-0.9344330548324212,0.2824330797582255,-0.21694796955683399,-0.03792551511622206,-0.03792551511622197,0.056888272674332954,0.056888278809896775,6.135563820897083e-09
5,421,0.1350008296654183,-0.7998212453241605,0.5848595998338044,-0.03839663076477996,-0.03839663076477982,0.05759494614716973,0.057594949642858495,3.4956887662307423e-09
5,422,-0.7178231618011316,-0.5099673194463374,-0.4739865414529653,-0.085332841365379,-0.08533284136537889,0.12799926204806833,0.1279992653535622,3.3054938786136745e-09
5,423,-0.4680121510346383,0.0007752960008127517,-0.8837216900133447,-0.07221109147906976,-0.0722110914790696,0.10831663721860439,0.10831664037924682,3.1606424283348034e-09
5,424,0.3659444230495489,0.9304475653290469,0.018761860573559174,-0.07640990181370687,-0.07640990181370676,0.11461485272056014,0.11461485649455483,3.773994686206983e-09
5,425,0.3451909100335922,0.17798104877790796,0.9215020249061292,-0.08685199615535494,-0.0868519961553548,0.1302779942330322,0.13027799811160534,3.878573129334484e-09
5,426,0.17334209203677547,0.8455035603704187,-0.5050507385691659,-0.04263614991190903,-0.042636149911908935,0.06395422486786341,0.06395422941229967,4.544436257858386e-09
5,427,0.2923557800226951,0.7281901786424476,-0.6198928630142485,-0.03835303754736984,-0.038353037547369774,0.057529556321054665,0.057529560282265635,3.961210970349072e-09
5,428,-0.023478376502423588,0.08874044128083684,0.9957780374752662,-0.07828214210209039,-0.07828214210209035,0.11742321315313553,0.11742321698315905,3.830023520556836e-09
5,429,-0.38710994524098136,0.873913182637691,0.2939755763793754,-0.07891382949168788,-0.07891382949168779,0.11837074423753169,0.11837074792575564,3.6882239484725687e-09
5,430,0.04708217970131165,0.22105281718070213,-0.9741246944673194,-0.05626201107276678,-0.056262011072766724,0.08439301660915009,0.08439301896201457,2.35286447269889e-09
5,431,-0.0877895178366621,-0.9701715721162458,0.2259648672150131,-0.05870559729169377,-0.05870559729169363,0.08805839593754046,0.08805839807335403,2.135813567671896e-09
5,432,0.38674879908751497,0.8754394512605541,0.2898812404778634,-0.09455344066169115,-0.09455344066169105,0.1418301609925366,0.1418301642797104,3.2871738109285786e-09
5,433,0.917973644846663,-0.3838131981001624,0.10005906421238442,-0.03718888915647956,-0.03718888915647949,0.05578333373471924,0.05578333767131127,3.936592031517083e-09
5,434,0.8206405966104389,-0.08358042810109852,0.5652993218050948,-0.053445765508762434,-0.05344576550876226,0.08016864826314339,0.08016865088444902,2.621305630889914e-09
5,435,-0.14513122493913255,-0.9820566090283944,0.1204231880134308,-0.06660711578068967,-0.06660711578068956,0.09991067367103434,0.0999106769539182,3.282883853650276e-09
5,436,-0.34934834869507664,-0.7520320653165083,0.5589306790647748,-0.04005382400953855,-0.04005382400953847,0.060080736014307703,0.06008073899499422,2.98068651705119e-09
5,437,0.4798916480979238,-0.05803795545255335,0.8754059640034135,-0.0678636158500537,-0.06786361585005353,0.1017954237750803,0.10179542903054895,5.25546864360571e-09
5,438,-0.15889103628576393,0.210580955676821,0.9645772647612387,-0.08295981045816368,-0.0829598104581636,0.1244397156872454,0.12443971825204514,2.56479973370638e-09
5,439,-0.68250455712791,-0.5932215704288405,-0.4269375807744919,-0.08776146719340178,-0.08776146719340164,0.13164220079010247,0.13164220408201643,3.291913963643367e-09
5,440,-0.34560054035428983,0.741187163210324,-0.5755013949583924,-0.03735056435587599,-0.037350564355875804,0.056025846533813706,0.05602585062547405,4.091660343874537e-09
5,441,-0.38005883142844066,0.7522871224645584,0.5381629586168509,-0.08883631432944929,-0.08883631432944919,0.1332544714941738,0.1332544755094922,4.015318411099145e-09
5,442,0.543986728833575,0.7611222544139434,-0.35322988646033726,-0.04791628892662273,-0.04791628892662265,0.07187443338993398,0.07187443695766405,3.5677300697090075e-09
5,443,0.46117970196537234,0.1582631589212952,-0.8730784930482386,-0.04971322226213928,-0.04971322226213913,0.0745698333932087,0.07456983780462778,4.411419077254841e-09
5,444,-0.36049659247488774,0.2618287011294475,-0.8952585872689863,-0.05521095376003992,-0.055210953760039774,0.08281643064005967,0.08281643426588658,3.6258269164868295e-09
5,445,0.6016997281823913,0.7730243758307177,-0.20097450454414809,-0.05604312875098391,-0.05604312875098383,0.08406469312647574,0.08406469548249973,2.3560239870157318e-09
5,446,-0.7126277289463019,0.6971618057186791,-0.07827602815617804,-0.0444052494829379,-0.04440524948293779,0.06660787422440669,0.06660787615908603,1.9346793472818646e-09
5,447,-0.492283863297092,-0.8602616514829418,0.13268944541722832,-0.06339409824953827,-0.06339409824953819,0.0950911473743073,0.09509115023176307,2.857455771998474e-09
5,448,0.49115190320503044,-0.3887658131907731,0.779506863646622,-0.0460210988752011,-0.0460210988752009,0.06903164831280136,0.06903165122862376,2.91582240297128e-09
5,449,-0.9408069726286201,0.14584572737978033,0.3059595791251412,-0.038806309899348475,-0.03880630989934835,0.05820946484902253,0.058209467801439985,2.952417456347778e-09
5,450,0.38246467652874816,-0.8649203660702494,0.32501312521906833,-0.04456625609033228,-0.04456625609033212,0.0668493841354982,0.0668493857491903,1.6136921104914492e-09
5,451,-0.5231697145193288,0.0628600576672729,-0.8499070907810048,-0.06657066256451775,-0.06657066256451759,0.09985599384677639,0.09985599708217663,3.235400239387509e-09
5,452,-0.1584493656025459,-0.9253918007313654,0.34430192227071793,-0.051352001674117964,-0.05135200167411785,0.07702800251117678,0.0770280075834684,5.0722916145051755e-09
5,453,0.8513742954736336,0.3875994283342744,0.3534522487716238,-0.06938139739615395,-0.06938139739615384,0.10407209609423076,0.10407209816154506,2.067314291975819e-09
5,454,-0.6987013229133942,0.6593217412514487,0.2776892199424218,-0.05839856071254058,-0.05839856071254051,0.08759784106881077,0.08759784564382755,4.575016782082386e-09
5,455,-0.2133158124086825,-0.9684987854149479,-0.12847749540753953,-0.08512837262094254,-0.08512837262094243,0.12769255893141365,0.12769256346745195,4.536038294977729e-09
5,456,-0.3171906102372108,0.9453789542047054,0.07515816472056226,-0.0695814263641952,-0.06958142636419509,0.10437213954629264,0.10437214287284391,3.3265512705549227e-09
5,457,0.5737502083036216,-0.7612140266353434,0.302264625990468,-0.04092932603786427,-0.04092932603786413,0.061393989056796196,0.0613939940552477,4.998451506865731e-09
5,458,0.8208528171048547,0.5211589697865184,-0.23365354878982425,-0.045803097323481236,-0.04580309732348113,0.0687046459852217,0.06870464891450823,2.929286521680119e-09
5,459,-0.5089295649267748,0.7659728710469761,0.3927801659497284,-0.07582401823377118,-0.07582401823377109,0.11373602735065665,0.11373603170383717,4.3531805243857136e-09
5,460,-0.5940182509432397,-0.7777982965675055,-0.205358533796434,-0.08317886018754109,-0.08317886018754098,0.12476829028131146,0.1247682929195193,2.638207832750261e-09
5,461,-0.5387570186339211,-0.8341561291777643,0.11800180942620186,-0.06336417157588842,-0.06336417157588833,0.0950462573638325,0.09504626113931991,3.775487408819167e-09
5,462,0.6705545127258349,0.020443458393345614,0.7415785261669445,-0.06739013817355409,-0.06739013817355391,0.10108520726033086,0.10108520825946599,9.991351218596733e-10
5,463,-0.6080816964479002,-0.7032727623714929,0.36829888969614505,-0.04575235278063268,-0.0457523527806326,0.06862852917094892,0.06862853202393993,2.852991010104944e-09
5,464,-0.6931079199806479,-0.23275485551146072,0.6822218030054,-0.03971696546111878,-0.039716965461118595,0.05957544819167789,0.05957545151646926,3.3247913658329686e-09
5,465,-0.3366244380012145,0.025749602851770654,-0.9412868562204312,-0.07220637276012336,-0.07220637276012322,0.10830955914018484,0.10830956270746483,3.5672799991726123e-09
5,466,-0.0031666881126339538,0.8783906581478634,-0.4779328653325283,-0.04313396074461132,-0.0431339607446112,0.06470094111691681,0.06470094460198084,3.4850640290295942e-09
5,467,-0.7529679042095481,-0.38492529085965843,0.5337338809621216,-0.037101370715362465,-0.037101370715362306,0.05565205607304346,0.05565205934976447,3.2767210125794755e-09
5,468,-0.6596290123157827,0.5527835799824475,-0.509234601940102,-0.037451502276068145,-0.037451502276067965,0.05617725341410195,0.056177258678236086,5.264134135540832e-09
5,469,0.658722027308809,-0.7164634562235962,-0.22970721937786695,-0.05951066778508097,-0.059510667785080906,0.08926600167762136,0.08926600569836296,4.020741600774258e-09
5,470,0.7536386952545321,0.36182423263398106,0.5487366779192707,-0.07993558019811177,-0.07993558019811162,0.11990337029716742,0.1199033719534448,1.6562773791362062e-09
5,471,-0.26995636075627655,0.96247149447991,0.027788227738293765,-0.06834594390329894,-0.06834594390329882,0.10251891585494823,0.10251891974233374,3.887385510714658e-09
5,472,0.8117611431966136,0.5839798047237061,0.0033814303170542712,-0.05947332443373726,-0.059473324433737214,0.08920998665060582,0.08920998800787672,1.357270892898832e-09
5,473,-0.6423606100281806,0.5731763671486272,0.5087648757791029,-0.06791031544177603,-0.06791031544177592,0.10186547316266388,0.10186547716450889,4.001845008150262e-09
5,474,0.5405206221911835,-0.20637978468055665,0.8156254296313122,-0.056287876974977495,-0.0562878769749773,0.08443181546246596,0.08443181848116765,3.0187016913929554e-09
5,475,0.6189295767619749,0.2554750723404703,0.7427372795422849,-0.08413964919877813,-0.08413964919877796,0.12620947379816697,0.12620947897890034,5.180733370080404e-09
5,476,-0.5446650543213429,0.2691469689984523,0.7942920669880034,-0.06791164692233517,-0.06791164692233499,0.1018674703835025,0.10186747417817443,3.7946719377845994e-09
5,477,-0.17700837571758143,0.8945386485502571,-0.4104493162081077,-0.04440666629651295,-0.04440666629651281,0.06660999944476922,0.06661000084839941,1.4036301843045607e-09
5,478,-0.6461639711795029,0.001933670688873024,0.7631961630322847,-0.05004654865142341,-0.05004654865142322,0.07506982297713483,0.07506982535598894,2.3788541136937624e-09
5,479,-0.41280429485420633,-0.9082987493914089,0.06771998230894759,-0.06946957065029222,-0.06946957065029212,0.10420435597543819,0.10420435764268987,1.6672516839344453e-09
5,480,0.38565580474686223,-0.148377867557299,-0.9106336303279154,-0.07008912527611552,-0.07008912527611538,0.10513368791417307,0.10513369202991285,4.115739776766603e-09
5,481,0.8768887268319905,0.03158656611932152,-0.4796545106592457,-0.03894763205140815,-0.03894763205140798,0.05842144807711197,0.05842144962242557,1.5453135993048761e-09
5,482,0.06865517105198846,-0.9957771790585274,0.06094486979281988,-0.06798241705166821,-0.06798241705166809,0.10197362557750214,0.10197362676489519,1.187393044999041e-09
5,483,0.9097242373188882,0.3595859642424763,0.20760478403537738,-0.05946429088850742,-0.05946429088850734,0.08919643633276102,0.08919644051141873,4.178657711517708e-09
5,484,-0.8155935129932783,-0.03966532568731596,0.5772641366838946,-0.0410488184600659,-0.0410488184600657,0.061573227690098556,0.06157323123590075,3.545802193527514e-09
5,485,-0.7984276364326648,0.58320884638899,-0.14960197483379659,-0.03921529583515398,-0.03921529583515388,0.058822943752730825,0.05882294512593589,1.3732050635484327e-09
5,486,0.3915140808400969,-0.8643360721023207,0.3156578511088644,-0.04478118811799565,-0.04478118811799549,0.06717178217699324,0.06717178480108998,2.6240967454516095e-09
5,487,-0.16697901486969588,0.9660071835252568,-0.1973528058344919,-0.05664897114395214,-0.05664897114395198,0.08497345671592797,0.08497346021263397,3.4967059941992673e-09
5,488,0.6041605442607367,-0.2654300315589022,0.7513567295933475,-0.05103194452140547,-0.051031944521405276,0.07654791678210791,0.07654792216760242,5.385494508680644e-09
5,489,0.5246277864069376,-0.43789477632122775,0.7300779756987184,-0.043064199328793656,-0.043064199328793455,0.0645962989931902,0.06459630191857357,2.9253833799813833e-09
5,490,0.6843683280259915,0.45598569963813385,-0.5689613636446947,-0.03717707683586788,-0.03717707683586774,0.05576561525380161,0.055765618511838255,3.2580366460255306e-09
5,491,-0.1032951404490384,0.19888732288996616,0.9745634647129329,-0.08390843999762779,-0.08390843999762772,0.12586265999644158,0.1258626633471316,3.3506900032342912e-09
5,492,-0.16140703589475763,0.8384733963180627,-0.520490280822343,-0.040078769725238654,-0.04007876972523851,0.06011815458785776,0.06011815628648165,1.6986238873806236e-09
5,493,0.5004062592754271,0.8657736039900474,0.005444475370349307,-0.07304007876033627,-0.07304007876033615,0.10956011814050423,0.10956012069796017,2.557455941465392e-09
5,494,-0.648406388370715,-0.48655230617805584,-0.585521996916308,-0.09134958434626447,-0.0913495843462643,0.13702437651939647,0.13702438073082135,4.2114248754998584e-09
5,495,0.45571152861768865,-0.12636741858434208,-0.881111955545525,-0.06553469433384375,-0.06553469433384358,0.09830204150076538,0.09830204567018441,4.169419032251653e-09
5,496,0.1978757589849158,0.12149309388817342,-0.9726688090730693,-0.05968148148443719,-0.059681481484437124,0.08952222222665569,0.08952222435576473,2.129109041848487e-09
5,497,-0.41987233133144536,-0.6012655981644505,-0.6798432950660339,-0.10578503453696368,-0.10578503453696356,0.15867755180544535,0.15867755581711052,4.011665166725464e-09
5,498,-0.9828284644748416,0.06046304791468336,0.17433424578920734,-0.037037948664139,-0.03703794866413892,0.05555692299620838,0.05555692572656312,2.7303547409096574e-09
5,499,-0.006010584408906798,0.740958261745827,0.6715241821600069,-0.10871944264684368,-0.1087194426468436,0.16307916397026542,0.1630791682249999,4.2547344814014565e-09
5,500,0.09035615794218602,0.9947399830388565,-0.048250708448500934,-0.07142105322129581,-0.07142105322129567,0.10713157983194352,0.1071315827716468,2.939703286353179e-09
5,501,-0.19828654490000025,0.9706636155665282,0.13599482169161925,-0.07790368574920666,-0.07790368574920656,0.11685552862380984,0.11685553497065015,6.346840317195124e-09
5,502,-0.29750268688248016,-0.8833805748301201,-0.36212002334931925,-0.0999436539622671,-0.09994365396226701,0.14991548094340051,0.14991548419329703,3.2498965185645545e-09
5,503,0.36639947381903376,0.24661161035113802,0.8971812187206961,-0.09120031547520063,-0.09120031547520054,0.1368004732128008,0.1368004751145513,1.9017504793161777e-09
5,504,-0.35553730640075243,0.14408414775915318,-0.923489567955056,-0.06341682792693597,-0.06341682792693584,0.09512524189040376,0.09512524379307052,1.9026667602561886e-09
5,505,-0.19717353528116952,-0.6460237545021679,0.7374116256227915,-0.03707212625829035,-0.03707212625829029,0.05560818938743543,0.05560819166250397,2.2750685363392975e-09
5,506,0.31688550439670576,0.8753294108621282,-0.3652150045972985,-0.049904924897921,-0.049904924897920894,0.07485738734688134,0.07485738973134204,2.384460698334756e-09
5,507,-0.5418926609558159,0.7338922896490081,0.4095783822371018,-0.0740718737067322,-0.07407187370673211,0.11110781056009818,0.11110781322765106,2.6675528869146703e-09
5,508,0.5604386735927174,-0.14478173911318273,-0.8154426657717867,-0.06111305181603118,-0.061113051816030994,0.09166957772404649,0.09166958164774641,3.923699920527213e-09
5,509,-0.31491417939292804,-0.7645552211507622,-0.5623916548353006,-0.10807322129376865,-0.10807322129376855,0.16210983194065284,0.16210983666553602,4.724883179152428e-09
5,510,-0.6659157867210161,-0.5758894254915016,-0.4742441719228591,-0.08995215899469304,-0.0899521589946929,0.13492823849203936,0.13492824219030197,3.698262612816805e-09
5,511,-0.31259681495785563,0.30510188058812104,-0.899553263425683,-0.052694667290819654,-0.052694667290819515,0.07904200093622928,0.07904200349795332,2.5617240412278974e-09
6,0,0.3622730518644962,-0.3120396719371794,-0.8782878110449452,-0.0853060272729826,-0.08530602727298246,0.12795904090947371,0.12795904752449516,6.615021447275993e-09
6,1,0.8606524845715927,0.2689985825766123,-0.43233906066016975,-0.10394011277724587,-0.10394011277724577,0.15591016916586867,0.155910175048124,5.8822553217208196e-09
6,2,0.13328984926301143,-0.9495260201585527,-0.2839615345875275,-0.03827368718555355,-0.03827368718555349,0.057410530778330235,0.05741053604735313,5.2690228985463605e-09
6,3,0.7971161438885889,-0.5293880907456389,0.290437777379035,-0.042583214321755436,-0.04258321432175537,0.06387482148263306,0.06387482764935726,6.166724200729057e-09
6,4,0.8226609078176497,0.17698313225033557,0.5402832605656971,-0.04126794769051138,-0.04126794769051133,0.06190192153576699,0.061901928027907616,6.492140623703957e-09
6,5,-0.9837554965781157,0.17392204006636103,0.044454998948376394,-0.07289153828801044,-0.07289153828801039,0.10933730743201558,0.10933731281470571,5.382690126953804e-09
6,6,0.8313807000493192,-0.4414659062276359,0.33751145939673804,-0.042855845861834725,-0.042855845861834635,0.06428376879275195,0.06428377552492037,6.732168419953943e-09
6,7,-0.5611935954190619,-0.3199066331818462,-0.7633619682083214,-0.03745286469752815,-0.037452864697528065,0.0561792970462921,0.056179301488601396,4.44230929819156e-09
6,8,-0.2952532857452739,0.8353202577339776,0.46375161916252206,-0.04810171541194636,-0.048101715411946286,0.07215257311791944,0.07215257835646582,5.23854638834198e-09
6,9,0.9559075022273439,-0.29266888255931806,0.02420273470003957,-0.06449204119595774,-0.06449204119595765,0.09673806179393649,0.09673806616872227,4.374785783634039e-09
6,10,0.7717313351512828,0.5163896090130943,0.37117720572379165,-0.04754429008759657,-0.047544290087596516,0.07131643513139478,0.07131644302882378,7.897429002423628e-09
6,11,0.7923339822564492,-0.5536474838881971,0.25628367904707755,-0.043251803409208645,-0.04325180340920857,0.06487770511381286,0.06487771014862531,5.034812455839699e-09
6,12,0.1426254167932511,-0.5690070710526127,-0.8098697077781576,-0.06041239263955295,-0.06041239263955284,0.09061858895932925,0.09061859457260013,5.613270875892695e-09
6,13,-0.004252785401094079,0.43208151302847847,-0.9018245283398278,-0.07232717517928182,-0.07232717517928168,0.10849076276892253,0.10849077053398659,7.765064063969263e-09
6,14,0.8195590150132855,-0.43477280624696213,-0.3732232949034597,-0.08004119624922347,-0.08004119624922339,0.12006179437383509,0.12006179939128003,5.017444945631944e-09
6,15,-0.559593093873187,-0.4365586171149075,-0.7044658565978582,-0.037055668315906204,-0.03705566831590613,0.055583502473859195,0.05558350862910899,6.155249795969375e-09
6,16,-0.5767990462913398,0.7784308832863711,0.24768572858241375,-0.05178645274062015,-0.051786452740620076,0.07767967911093011,0.07767968629446287,7.183532754750921e-09
6,17,0.25429861934151293,-0.5031020886160955,0.8259664040571643,-0.05364534742608263,-0.05364534742608249,0.08046802113912374,0.08046802529859676,4.159473016018822e-09
6,18,-0.8397490230008422,0.0069429029468226515,-0.5429303587641806,-0.04056382779611383,-0.040563827796113755,0.06084574169417063,0.06084574649678487,4.802614236854019e-09
6,19,0.008043425143474286,0.7380942024602808,0.6746497251214761,-0.04529277882728883,-0.04529277882728875,0.06793916824093313,0.06793917511904723,6.878114106045885e-09
6,20,0.9652474024442441,-0.26084451767363326,0.016049600438925612,-0.06609974753608437,-0.06609974753608432,0.09914962130412648,0.09914962739721034,6.093083856906212e-09
6,21,-0.087215438194964,0.11382248990092826,-0.9896655536761969,-0.067224661815494,-0.06722466181549382,0.10083699272324073,0.1008369984734081,5.75016737003331e-09
6,22,-0.32498075348286243,0.9456753057560477,-0.009258830861210952,-0.03733563570697847,-0.03733563570697843,0.05600345356046765,0.05600345881484614,5.254378487862255e-09
6,23,0.16328098009075376,-0.9185697524488653,0.3599568466172482,-0.04315204503260554,-0.04315204503260548,0.06472806754890822,0.06472807290158755,5.3526793275526785e-09
6,24,0.725221505350636,-0.43979469163800866,-0.5297493722355757,-0.08470125064763648,-0.08470125064763637,0.12705187597145456,0.12705188151551638,5.544061820739188e-09
6,25,-0.7745321278317113,-0.059653783603435186,-0.629715339703803,-0.03817052460099549,-0.03817052460099541,0.05725578690149312,0.05725579316218088,6.260687759884753e-09
6,26,0.18584321872724616,-0.5453179814883887,-0.8173680915710659,-0.06382996822931762,-0.06382996822931751,0.09574495234397627,0.09574495918318604,6.839209767961485e-09
6,27,0.6483970127779619,0.6385732468849059,-0.4144942969251621,-0.0906315847025474,-0.09063158470254731,0.13594737705382098,0.13594738251798688,5.464165897528517e-09
6,28,0.718210506577279,-0.49483501485832665,-0.4891952333293608,-0.07982581691051457,-0.07982581691051445,0.11973872536577168,0.11973873143000802,6.064236335312501e-09
6,29,0.9614161968561742,-0.07372284627568003,0.2650355416913411,-0.054387720630013486,-0.054387720630013424,0.08158158094502015,0.08158158731896847,6.3739483274760644e-09
6,30,0.6483768248702633,0.6997133408932317,-0.30001455555887285,-0.0823536268068709,-0.08235362680687085,0.12353044021030628,0.12353044698265592,6.772349639416753e-09
6,31,-0.2942282928822576,0.9400402698781473,0.17249348589153315,-0.03912151494554951,-0.039121514945549454,0.05868227241832418,0.05868227986871588,7.450391699415082e-09
6,32,-0.8096026684909144,-0.06361656099439011,0.5835207385685942,-0.10871040667158588,-0.10871040667158578,0.16306561000737868,0.1630656151774268,5.170048111846626e-09
6,33,-0.7675789507234346,-0.5952441527057507,-0.2377119119352749,-0.05401889139926155,-0.05401889139926149,0.08102833709889225,0.08102834236911605,5.270223799036522e-09
6,34,-0.3521443889523467,-0.18778898306652278,-0.9169130968462713,-0.04613284086784022,-0.04613284086784009,0.06919926130176014,0.06919926714976654,5.848006398578853e-09
6,35,0.7539133663020151,0.12894462653678165,0.644195559902778,-0.037947677176113116,-0.037947677176113054,0.05692151576416958,0.056921521662811614,5.898642033153045e-09
6,36,-0.6472667081055871,-0.14510558973718182,-0.7483249136606246,-0.03711923165077067,-0.037119231650770565,0.05567884747615585,0.05567885319468502,5.718529171028219e-09
6,37,0.3258463872999597,-0.6680010279647844,-0.6690282195255712,-0.06174280241094492,-0.061742802410944826,0.09261420361641724,0.0926142093571336,5.740716360613796e-09
6,38,0.9946326844677498,-0.10279963863487636,-0.011749778083724561,-0.0726017661174277,-0.07260176611742764,0.10890264917614145,0.10890265494944984,5.773308386913811e-09
6,39,-0.4386958636571731,0.8829225806612498,0.16731304721558818,-0.04267209695543781,-0.04267209695543777,0.06400814543315667,0.06400815155682693,6.123670265312242e-09
6,40,0.68985698794495,0.5930581880483972,-0.41518588821427094,-0.093448189566868,-0.0934481895668679,0.14017228435030185,0.14017229182927693,7.478975078134553e-09
6,41,0.19683388589005907,0.9602089725226483,-0.1981291257044739,-0.05119963680063746,-0.05119963680063741,0.07679945520095612,0.07679946262273418,7.42177806711819e-09
6,42,-0.9280360670545471,-0.20727681513331758,0.30949213262071246,-0.0974401985079193,-0.09744019850791918,0.14616029776187878,0.14616030469261077,6.930731988319394e-09
6,43,-0.44399216422350296,-0.10283836973825751,0.8901096717920256,-0.10291598419790511,-0.10291598419790497,0.15437397629685748,0.15437398304118943,6.7443319540227975e-09
6,44,-0.5611513488839708,0.08260373804193091,0.8235810743983861,-0.10370884847552679,-0.10370884847552665,0.15556327271328999,0.15556328031296474,7.599674750613516e-09
6,45,-0.46295775755816804,0.1825003114612651,0.8673890424908847,-0.09606460181832648,-0.09606460181832634,0.1440969027274895,0.14409691079242393,8.064934414742098e-09
6,46,0.8234234637778174,0.4148815472296424,0.387100892621652,-0.04801888851187529,-0.04801888851187524,0.07202833276781287,0.07202834023667393,7.46886105740252e-09
6,47,-0.506096908184709,0.7400299091964151,-0.442969133259445,-0.03742403019423739,-0.0374240301942373,0.05613604529135595,0.05613605275067712,7.459321174629885e-09
6,48,-0.9495265848698686,-0.1261803401118396,0.2871894608000525,-0.0956011475961286,-0.0956011475961285,0.14340172139419277,0.14340173076776708,9.373574305637788e-09
6,49,-0.41551061624745295,-0.8383147134894551,-0.35295802715444063,-0.03976769131056921,-0.039767691310569134,0.0596515369658537,0.059651543427019504,6.4611658037727615e-09
6,50,-0.7116181237727139,-0.478648811264445,0.5142907362507477,-0.10205744876184475,-0.10205744876184468,0.15308617314276704,0.15308618123155426,8.088787223359262e-09
6,51,-0.8771468119544246,0.48022231275205746,2.4763973854489214e-05,-0.05849496402396362,-0.058494964023963564,0.08774244603594535,0.08774245219278498,6.1568396353406385e-09
6,52,-0.46024655463138964,0.8785498857511393,-0.12776230741731046,-0.03762109106025434,-0.0376210910602543,0.056431636590381445,0.05643164130431089,4.71392944123572e-09
6,53,0.6169599680130344,0.785442730479973,0.049397520236547504,-0.058167639179837916,-0.05816763917983787,0.0872514587697568,0.08725146438681719,5.6170603862648605e-09
6,54,0.11469840786401748,0.7881311594178005,0.6047260129911834,-0.04005986588958894,-0.040059865889588854,0.060089798834383285,0.060089805353769066,6.519385781222908e-09
6,55,-0.7870091114666076,-0.6121277371280482,0.07691743565041731,-0.07456646707008628,-0.0745664670700862,0.1118497006051293,0.11184970588606902,5.280939713303567e-09
6,56,-0.6631441424316726,-0.050598370593334434,0.7467795198395983,-0.1096912774320378,-0.10969127743203767,0.16453691614805652,0.1645369229752447,6.827188175906329e-09
6,57,0.16725496158034933,0.3183591065597806,-0.9330987392003133,-0.08607376522564154,-0.08607376522564138,0.12911064783846207,0.12911065411236322,6.2739011486012686e-09
6,58,0.20813588872246586,-0.6378800440591199,0.7414772425481745,-0.05345047542924639,-0.05345047542924626,0.0801757131438694,0.08017571745400076,4.310131362927905e-09
6,59,0.9992260581979889,0.033878701039546544,0.01998795222082281,-0.07306247505962175,-0.07306247505962168,0.10959371258943253,0.10959371882224289,6.232810365047747e-09
6,60,-0.8741031206148409,0.45114296806858745,-0.18003820953803767,-0.04992520517245279,-0.04992520517245272,0.07488780775867908,0.07488781400555311,6.24687403194546e-09
6,61,-0.5039770435303821,0.27350504176567764,0.8192692669221336,-0.09351434197243089,-0.09351434197243076,0.14027151295864615,0.14027151939988158,6.44123543391828e-09
6,62,0.07481382816075506,0.022900524533267946,-0.9969345299928347,-0.07786664681500108,-0.0778666468150009,0.11679997022250135,0.11679997802271913,7.800217777242935e-09
6,63,-0.44961124232129285,-0.5862649116699449,0.6739014646986126,-0.09438401319330761,-0.09438401319330751,0.1415760197899613,0.14157602590270102,6.112739731056749e-09
6,64,0.4327397577955245,0.8869183769419049,-0.16159237192951859,-0.06079233844959921,-0.06079233844959916,0.09118850767439875,0.09118851368450365,6.010104899867308e-09
6,65,-0.5917318276488496,-0.5045219150776169,0.6287376888287882,-0.10184298049821593,-0.10184298049821583,0.15276447074732374,0.15276447884460254,8.097278791918683e-09
6,66,0.11437457966113812,-0.9917683038256515,0.05756810796029418,-0.03821670536169316,-0.038216705361693123,0.057325058042539685,0.057325065527802366,7.485262680517746e-09
6,67,0.3365717702403699,0.35468780518949755,-0.8723049950144278,-0.09670082585853794,-0.09670082585853781,0.14505123878780674,0.1450512446266039,5.838797167978527e-09
6,68,-0.630074395205234,-0.6020525380387234,0.4904477525158926,-0.09489011778092336,-0.09489011778092331,0.14233517667138498,0.14233518391693067,7.245545691203503e-09
6,69,0.4186779312226879,0.7743950179451409,-0.47436393843633934,-0.07898525029393771,-0.07898525029393766,0.11847787544090649,0.1184778816720744,6.231167914982905e-09
6,70,0.7331495873005378,0.4026535397489469,0.5480527434186371,-0.04025825086142998,-0.040258250861429916,0.06038737629214488,0.06038738120661691,4.914472030714823e-09
6,71,-0.7290721551019488,0.560765555853458,-0.39242296571857527,-0.03870699353833039,-0.038706993538330306,0.05806049030749546,0.058060496688217,6.380721541410228e-09
6,72,-0.38365638279072795,-0.09859021003041721,0.9181980997748214,-0.09960680185570432,-0.09960680185570418,0.1494102027835563,0.1494102092047811,6.421224801878012e-09
6,73,-0.04303283328933925,0.6802253891830677,-0.731738747894244,-0.06262393895125279,-0.06262393895125268,0.09393590842687902,0.09393591599016204,7.563283027645085e-09
6,74,-0.26873348763235727,-0.9113982337837572,-0.3116658019109533,-0.038271903690292416,-0.03827190369029236,0.05740785553543854,0.05740786040986379,4.874425245382508e-09
6,75,-0.04977427014027394,0.8222855381627023,-0.5668941839183729,-0.055080738232224355,-0.05508073823222428,0.08262110734833643,0.08262111411694306,6.768606633511531e-09
6,76,-0.7969586751215503,-0.10749100840473953,-0.5943925918621762,-0.03922596055190519,-0.03922596055190511,0.058838940827857664,0.0588389462152783,5.387420634606066e-09
6,77,0.14995720594384893,0.5231266519263913,-0.8389584867142105,-0.08109429334748015,-0.08109429334748001,0.12164144002122003,0.1216414469151772,6.8939571690185275e-09
6,78,-0.2227717329192024,0.9696341974756552,0.10090727475220847,-0.03733170049255136,-0.037331700492551315,0.05599755073882697,0.0559975552039127,4.4650857247696685e-09
6,79,0.5210225946019683,0.07623645999930978,0.8501314357680267,-0.04012222212961696,-0.04012222212961684,0.06018333319442526,0.060183340255814954,7.06138969519543e-09
6,80,-0.3893060875732654,0.25288709766848194,-0.8857137720568697,-0.047569524893631414,-0.04756952489363126,0.0713542873404469,0.07135429330729082,5.9668439217341884e-09
6,81,-0.025467477457013638,-0.8196578928568705,-0.5722869439969878,-0.041210741895297005,-0.04121074189529694,0.061816112842945414,0.06181612027811312,7.4351677037398645e-09
6,82,0.5031937071308367,0.44162368617213515,0.7428085977663836,-0.03752537958908145,-0.03752537958908136,0.05628806938362204,0.056288075589439046,6.205817006110781e-09
6,83,-0.06657673018551721,-0.601418819899201,-0.7961550992544464,-0.048839307189766264,-0.048839307189766167,0.07325896078464926,0.07325896694831968,6.163670421277523e-09
6,84,-0.5224910651836674,0.16493770709799935,-0.8365396820118525,-0.041106601367938395,-0.041106601367938256,0.061659902051907384,0.061659907735212016,5.68330463246447e-09
6,85,0.32158892074821543,-0.47463892003847186,0.8193280549552243,-0.04989530322922423,-0.04989530322922409,0.07484295484383614,0.07484296099535825,6.151522111141894e-09
6,86,-0.08182612397908996,-0.8565762903703168,0.509491456464174,-0.059669427970029464,-0.059669427970029394,0.0895041419550441,0.08950414853714506,6.582100961494142e-09
6,87,-0.254432740468905,-0.16937912754269885,-0.9521421594123205,-0.05182038609155716,-0.05182038609155702,0.07773057913733554,0.07773058446902681,5.331691269039318e-09
6,88,0.5975520008665769,-0.7636733401094984,0.24440670176235504,-0.03819216730773993,-0.03819216730773987,0.057288250961609805,0.05728825608342092,5.121811114117136e-09
6,89,-0.8383382978744393,0.5314667513092253,0.12137541171837933,-0.06244333307676797,-0.062443333076767915,0.09366499961515187,0.09366500491880814,5.303656264166179e-09
6,90,-0.5475411756961015,0.733800123300225,0.4021641952758917,-0.05858587965699112,-0.058585879656991045,0.08787881948548658,0.08787882505023603,5.564749452902085e-09
6,91,-0.7048972119084357,-0.6136302224908601,0.3557778389522474,-0.09003967188380547,-0.09003967188380539,0.1350595078257081,0.13505951357295487,5.74724676183358e-09
6,92,0.0583575619940965,0.9954288870914313,-0.07560241862546226,-0.04208927952419062,-0.04208927952419059,0.06313391928628588,0.06313392447721,5.190924121101226e-09
6,93,-0.10054357722646785,-0.9934860815768375,0.053632031395490706,-0.042659393025093195,-0.042659393025093154,0.06398908953763974,0.06398909596638802,6.428748283715535e-09
6,94,0.6080952358604711,0.3958752576046563,0.6881155168576314,-0.03707542011958008,-0.03707542011958,0.05561313017937001,0.055613137706078675,7.526708666050208e-09
6,95,0.39646678034363336,-0.4442324289896341,-0.8034124974867661,-0.0795488175334378,-0.07954881753343769,0.11932322630015654,0.11932323323859961,6.938443070092504e-09
6,96,0.6428546529295606,0.6382864309294786,0.42347175501811485,-0.042446702954223356,-0.042446702954223293,0.06367005443133494,0.06367006089025296,6.458918011542636e-09
6,97,0.3477139963653352,0.5496829957013334,-0.759568022607887,-0.09191088607957867,-0.09191088607957856,0.13786632911936786,0.13786633640267,7.28330212806938e-09
6,98,0.5503175157063834,0.38970816152376625,-0.7384295367525059,-0.10561596702940791,-0.10561596702940781,0.15842395054411174,0.15842395728604686,6.74193512129051e-09
6,99,-0.82878817307349,-0.4690313356921611,-0.3051553216188999,-0.05232708007076945,-0.05232708007076939,0.07849062010615408,0.07849062649833982,6.392185739056977e-09
6,100,0.4879420328403074,0.5391132218959093,-0.6864907184840013,-0.09806017758429311,-0.09806017758429302,0.14709026637643954,0.14709027329473656,6.918297018598807e-09
6,101,-0.7140924830129004,-0.03840901564202317,-0.698996905015953,-0.03710278697110292,-0.03710278697110282,0.05565418045665423,0.05565418681463541,6.357981176263738e-09
6,102,0.7362933988411359,0.48402994363755303,-0.4728499175057507,-0.10065247693950741,-0.10065247693950732,0.150978715409261,0.15097872257952005,7.170259053168593e-09
6,103,-0.9587917483131062,0.1886023196374437,-0.2124795246466651,-0.05547357782438854,-0.05547357782438845,0.08321036673658268,0.08321037331393555,6.577352870684727e-09
6,104,-0.7200118617938467,0.1276938228403128,0.682112312221811,-0.1047290638385565,-0.10472906383855637,0.15709359575783458,0.15709360340343537,7.645600791361673e-09
6,105,-0.6185431707247606,0.6805246972928564,-0.3927982717938384,-0.0372346727621022,-0.03723467276210212,0.055852009143153185,0.055852014679835804,5.536682619322608e-09
6,106,0.8861476175547995,-0.26360950216382817,-0.38111996834447226,-0.0897106403385031,-0.08971064033850301,0.13456596050775452,0.1345659680906941,7.582939581807224e-09
6,107,-0.1326823985296709,-0.06763667908531744,-0.9888481484852584,-0.06153673190365371,-0.061536731903653566,0.09230509785548036,0.09230510383817503,5.9826946730012764e-09
6,108,0.8036321780961803,0.27532106635652476,-0.5276112515372422,-0.10770094435949323,-0.10770094435949314,0.1615514165392397,0.16155142362750397,7.088264253329868e-09
6,109,-0.23174561907895133,0.5830422964385227,-0.778688415607557,-0.053427859078974474,-0.05342785907897434,0.08014178861846152,0.08014179458948334,5.971021815875943e-09
6,110,0.3734985492290735,-0.8954796301106447,0.24210548482155525,-0.03725266235675144,-0.03725266235675139,0.05587899353512709,0.05587899726267054,3.7275434475181335e-09
6,111,0.09751298543677171,0.9884331416159631,0.11615137634313795,-0.038833331327448685,-0.03883333132744865,0.058249996991172975,0.05825000343184783,6.440674854557571e-09
6,112,0.6833296073039415,0.25237043915118046,0.6851056920099856,-0.03725090350493265,-0.03725090350493257,0.055876355257398855,0.05587636048298705,5.225588198265463e-09
6,113,0.21621702207963212,0.9762866993975183,-0.01069953001376451,-0.044848135788448484,-0.04484813578844844,0.06727220368267267,0.06727221141256123,7.729888562568732e-09
6,114,0.05003162547793425,0.9959736640247124,-0.07438613460333035,-0.04183629970612125,-0.04183629970612121,0.06275444955918182,0.06275445579850825,6.239326430512726e-09
6,115,-0.08853547697287686,0.30592572409670055,0.9479298078724472,-0.06959022658239451,-0.06959022658239439,0.10438533987359158,0.10438534620016426,6.326572682402443e-09
6,116,-0.5346644782789374,-0.7526253367377309,0.38430326327931275,-0.08081759661742602,-0.08081759661742596,0.12122639492613894,0.12122640113965133,6.213512385166986e-09
6,117,-0.0052613430978798005,-0.04109679368611561,-0.9991413172407231,-0.07094901757776642,-0.07094901757776625,0.10642352636664938,0.10642353248657699,6.119927606351716e-09
6,118,-0.7341133709357672,-0.011956400121195252,-0.6789216472535448,-0.03724725661764796,-0.03724725661764786,0.0558708849264718,0.05587089124681199,6.320340195653529e-09
6,119,0.4760730091270539,-0.7747007281463251,0.4161649574270591,-0.03752169864503085,-0.03752169864503077,0.056282547967546157,0.0562825550054491,7.037902940987273e-09
6,120,-0.5628450951653285,-0.7525830233428955,0.34179554096623177,-0.07975893900966931,-0.07975893900966924,0.11963840851450386,0.11963841445306045,5.9385565909231275e-09
6,121,0.9488713835436664,-0.1718655318539471,-0.2647741234571234,-0.08720894632950407,-0.08720894632950402,0.13081341949425604,0.13081342536969132,5.8754352771916984e-09
6,122,-0.08660682897560831,0.8857583958826848,-0.4559948698155744,-0.049006089439141955,-0.04900608943914189,0.07350913415871284,0.07350913905357359,4.894860752835406e-09
6,123,-0.524389574140361,0.20340700165523637,-0.8268259588392937,-0.041053612533207745,-0.0410536125332076,0.0615804187998114,0.06158042548110032,6.6812889179534984e-09
6,124,-0.6944788882311226,-0.16618150973559997,-0.7000591258052857,-0.03713721521164087,-0.03713721521164078,0.05570582281746118,0.05570582745084707,4.633385890240316e-09
6,125,0.8564319338195369,-0.44865315475478196,-0.25541082487379074,-0.07381121209287926,-0.07381121209287916,0.11071681813931875,0.11071682320951126,5.070192515832517e-09
6,126,0.7166740820651825,-0.19387229633018543,-0.6699192435000572,-0.10166170699268537,-0.10166170699268526,0.1524925604890279,0.15249256718474768,6.695719784177712e-09
6,127,-0.23766685007224764,-0.5283780866645411,0.8150650685126031,-0.08655159016543026,-0.08655159016543013,0.1298273852481452,0.12982739189260073,6.644455541326977e-09
6,128,-0.17448754286068993,0.8358102006728667,0.5205529808171508,-0.045611122963660704,-0.04561112296366064,0.06841668444549097,0.06841669175638998,7.3108990111814265e-09
6,129,0.8741340900937047,0.44883452740816776,0.18557251828419444,-0.060699271011281954,-0.0606992710112819,0.09104890651692285,0.09104891146582972,4.948906867641156e-09
6,130,-0.757749401439158,0.19221082511834808,-0.6235950956557641,-0.03743792437831368,-0.037437924378313565,0.05615688656747035,0.05615689302462812,6.4571577668148805e-09
6,131,-0.6068797758800566,0.7698120816027336,-0.19770254587697791,-0.03899430812070111,-0.038994308120701045,0.05849146218105157,0.05849146861303112,6.431979546195343e-09
6,132,0.9147988049445684,0.21515365090623315,-0.3418362955768565,-0.09935919702632322,-0.09935919702632312,0.14903879553948468,0.1490388021330169,6.593532220211529e-09
6,133,-0.0627582229841199,0.10311570834121923,0.9926875420499464,-0.0743497330119772,-0.07434973301197706,0.11152459951796559,0.11152460482888316,5.310917566836437e-09
6,134,-0.7860240427181404,0.44710672117609884,0.4269212856583625,-0.08131257341581288,-0.0813125734158128,0.1219688601237192,0.12196886695070575,6.826986545527269e-09
6,135,0.010932660343637364,-0.27395584861597505,-0.9616801287054401,-0.06578657479216839,-0.06578657479216826,0.09867986218825239,0.09867986705547338,4.867220987359033e-09
6,136,-0.5267373376832687,0.7699758944787657,-0.3601178959895867,-0.03703950463023114,-0.03703950463023108,0.055559256945346615,0.05555926274602996,5.800683343382129e-09
6,137,-0.8319033973590991,0.5320060769644982,-0.15781720924928688,-0.04824431613734032,-0.048244316137340246,0.07236647420601038,0.07236648086328401,6.657273635135574e-09
6,138,-0.761519568170336,0.6479402985957589,0.016165294593783318,-0.05133842610327017,-0.0513384261032701,0.07700763915490516,0.07700764609319677,6.938291607916369e-09
6,139,0.7187955402042432,0.20295716274012035,-0.6649371109172435,-0.11097328874063778,-0.11097328874063765,0.1664599331109565,0.16645994027619793,7.165241427964375e-09
6,140,0.1700059711715528,0.7098097272895718,-0.6835701286708781,-0.07437600143472911,-0.074376001434729,0.1115640021520935,0.11156400941958466,7.267491164419937e-09
6,141,0.950004536079423,-0.31223291067287207,-0.0014110000943934283,-0.06541515796945088,-0.0654151579694508,0.0981227369541762,0.09812274465170745,7.69753125129391e-09
6,142,0.8663288019232351,0.09086657312672416,0.4911391583313815,-0.04322779148342934,-0.04322779148342928,0.06484168722514393,0.06484169312592769,5.90078376438985e-09
6,143,-0.1270336463947235,0.32067196031503153,-0.9386330201688917,-0.06460647989500412,-0.06460647989500394,0.09690971984250592,0.09690972607723225,6.234726332432494e-09
6,144,0.8091813677984055,-0.5773962858342436,-0.10880736699655036,-0.0593362681637736,-0.05933626816377354,0.08900440224566032,0.08900440801040688,5.764746555114719e-09
6,145,-0.9764891572012413,0.2132140461795057,0.03175998079617336,-0.0708105311436359,-0.07081053114363585,0.10621579671545378,0.10621580281977572,6.104321936817314e-09
6,146,0.32903024096629063,0.2277484031109271,0.9164440874434662,-0.04661952715896949,-0.046619527158969366,0.06992929073845405,0.06992929707516637,6.3367123215307686e-09
6,147,-0.21897951778477612,0.9748745099925721,-0.040836999859065956,-0.03714394442288348,-0.037143944422883435,0.05571591663432515,0.05571592354147725,6.9071521002772585e-09
6,148,0.07356146967680582,0.7557878942659948,-0.6506714755235257,-0.06616005457458786,-0.06616005457458779,0.09924008186188168,0.09924008975703558,7.895153891768203e-09
6,149,-0.6786391478969733,-0.6908144041092219,0.2494481228971075,-0.08064125876456611,-0.08064125876456606,0.12096188814684909,0.12096189466737073,6.5205216365216145e-09
6,150,0.9393514849618051,-0.2999716826659664,0.16624011940142616,-0.055421181477283185,-0.055421181477283095,0.08313177221592465,0.08313178062602233,8.410097687705509e-09
6,151,-0.42607344458412794,0.19956241840264638,0.8824036836853659,-0.09363171515448357,-0.09363171515448343,0.14044757273172515,0.14044757995490542,7.223180276128005e-09
6,152,-0.8421513983286615,-0.4586687808058756,0.28355594123053024,-0.09271314378014407,-0.092713143780144,0.139069715670216,0.13906972240462778,6.734411778230864e-09
6,153,-0.7373048019507453,0.6314291714000724,-0.24016417410885826,-0.04162118899754641,-0.04162118899754636,0.062431783496319546,0.06243179168086144,8.184541891442798e-09
6,154,0.43337967093300866,0.30759277015669617,0.8470942973301894,-0.0407813673796345,-0.04078136737963439,0.06117205106945159,0.06117205630928879,5.2398372030193485e-09
6,155,0.4231780255325452,0.06667673941182253,-0.9035898246039431,-0.10131588688819604,-0.1013158868881959,0.15197383033229386,0.15197383768095207,7.348658209727077e-09
6,156,-0.48324366604337626,-0.7544587531579757,-0.4441481160742109,-0.039003703440766785,-0.03900370344076672,0.05850555516115009,0.05850556011877117,4.957621084489272e-09
6,157,0.2754246232427627,0.6109553918346151,-0.7422093950495333,-0.0854045580541149,-0.0854045580541148,0.1281068370811722,0.12810684318909082,6.10791861532789e-09
6,158,0.6056414878358803,-0.795043881826918,0.03322068905858075,-0.04245947917465888,-0.04245947917465883,0.06368921876198826,0.06368922611521555,7.353227290951558e-09
6,159,0.227924741247782,-0.7181772152483936,0.6574738016264939,-0.04964245132061922,-0.04964245132061911,0.07446367698092868,0.07446368383012825,6.84919956861485e-09
6,160,0.06851304796131598,-0.8365025022710171,0.5436630628922452,-0.053173699401169845,-0.05317369940116976,0.07976054910175465,0.07976055232949975,3.227745098977053e-09
6,161,-0.3645721510483585,-0.8002759767847228,0.47607300665048286,-0.07542376158531484,-0.07542376158531479,0.11313564237797219,0.11313564945991672,7.081944530806794e-09
6,162,-0.6472100133192871,0.07056248079552116,-0.7590389548390977,-0.037477485549170166,-0.037477485549170055,0.056216228323755085,0.05621623444529433,6.121539247727625e-09
6,163,-0.20561317572007523,-0.4312653186352084,0.8784836065133929,-0.0871113380107698,-0.08711133801076965,0.13066700701615447,0.13066701470831887,7.692164405437296e-09
6,164,0.15929771440486382,-0.8634840341642201,0.47855988228106894,-0.04676648472402544,-0.04676648472402537,0.07014972708603806,0.07014973324448448,6.158446419490815e-09
6,165,0.985461302654537,-0.03259705986957109,0.16674367351801614,-0.061570592645908535,-0.06157059264590847,0.09235588896886271,0.09235589515377285,6.18491013959499e-09
6,166,0.9340589895818776,0.12268811322828335,-0.33538251423377113,-0.09848659033636656,-0.09848659033636648,0.1477298855045497,0.14772989359590483,8.091355113704068e-09
6,167,0.5379379658355005,-0.6647354168641266,0.5184106195664204,-0.03762364524544657,-0.03762364524544647,0.05643546786816971,0.05643547157374584,3.7055761306636903e-09
6,168,-0.9803163620797154,0.19127902870063082,-0.048909747680145645,-0.06607867435043328,-0.06607867435043323,0.09911801152564985,0.09911801795992048,6.434270630184535e-09
6,169,0.2830969155946093,-0.8588442850004694,0.4268988527776238,-0.04125771968613499,-0.04125771968613491,0.06188657952920237,0.061886584745707296,5.216504929406174e-09
6,170,-0.087980057348145,-0.10826142907796248,-0.9902216784553923,-0.06377071546596763,-0.06377071546596746,0.0956560731989512,0.09565607889117089,5.692219695596634e-09
6,171,-0.6617175277784657,0.7000819765832889,-0.2683563665985788,-0.0390398255805259,-0.03903982558052583,0.05855973837078875,0.058559744553488,6.182699255341539e-09
6,172,0.5768092128055771,-0.4997174302694899,-0.6461993669971118,-0.08065725448903385,-0.08065725448903374,0.12098588173355061,0.12098588658693288,4.853382265523898e-09
6,173,-0.603389256356576,-0.5740165397120932,0.5535579621416471,-0.0975170605070584,-0.0975170605070583,0.14627559076058747,0.14627559719038175,6.429794280338186e-09
6,174,0.6724926415794368,0.43549899079716503,-0.5984097893886445,-0.10528334592839772,-0.10528334592839762,0.15792501889259644,0.15792502722211665,8.329520212457808e-09
6,175,-0.7700370470031911,-0.33821898519005594,-0.5409721474342407,-0.040907095961761564,-0.040907095961761494,0.06136064394264224,0.06136065128226065,7.339618406099202e-09
6,176,-0.41408749344415646,0.32275447964444354,0.8510940568718479,-0.08724645340234394,-0.0872464534023438,0.1308696801035157,0.1308696859214642,5.81794848408812e-09
6,177,-0.5451470526510153,0.8382177943194753,-0.014339465544608757,-0.04107767722445506,-0.04107767722445502,0.061616515836682526,0.061616521607188446,5.770505920321689e-09
6,178,-0.36188666601238784,0.6749462010741946,0.6430285115124768,-0.06229229577031658,-0.06229229577031648,0.09343844365547473,0.093438447257288,3.6018132781867607e-09
6,179,-0.5974015230392187,0.7990375655975509,0.06819376096360615,-0.045291943881335436,-0.04529194388133539,0.06793791582200309,0.06793792334258697,7.520583877873577e-09
6,180,-0.7772584934669685,-0.03937119734524894,0.6279483602598704,-0.10924112810869581,-0.10924112810869571,0.16386169216304358,0.16386169920945548,7.046411898414817e-09
6,181,-0.4181284877757449,0.8288705736538393,0.3716747769772975,-0.049548852709487286,-0.04954885270948722,0.07432327906423083,0.07432328641421293,7.349982095172791e-09
6,182,-0.6596396266306509,-0.5920438728553146,0.462989865540333,-0.09492888627697293,-0.09492888627697287,0.14239332941545932,0.14239333739896054,7.98350122122038e-09
6,183,-0.9795867033114991,-0.18880906974638173,-0.06900018751289697,-0.07088177639867328,-0.07088177639867323,0.10632266459800985,0.10632266872478979,4.126779945545778e-09
6,184,-0.7591414682767705,0.6409200181698755,-0.11369151882051495,-0.04608927648776442,-0.046089276487764376,0.06913391473164657,0.0691339194225371,4.690890537117909e-09
6,185,-0.9295561714581123,-0.18322373421559443,0.31992872225580155,-0.09800251295192983,-0.09800251295192976,0.14700376942789464,0.14700377581888802,6.390993373406317e-09
6,186,0.19166953460439487,0.666466887224699,0.7204753137599892,-0.041586247133629434,-0.04158624713362936,0.06237937070044404,0.0623793766640901,5.963646063089634e-09
6,187,0.48593554026682173,-0.49721844398213105,-0.7187770653475112,-0.07910153108438002,-0.07910153108437991,0.11865229662656987,0.11865230326035814,6.633788268706198e-09
6,188,-0.015058461316369186,-0.5874241456310194,0.8091391202212697,-0.06992455378520883,-0.06992455378520868,0.10488683067781301,0.10488683532816623,4.650353213619951e-09
6,189,-0.5060428259569334,-0.8619146925115895,-0.0319956423622512,-0.054151394161078455,-0.05415139416107838,0.08122709124161757,0.081227097270542,6.028924429135607e-09
6,190,-0.0012663484369010195,-0.9178031600026536,0.3970336961150524,-0.05066068684498102,-0.05066068684498098,0.07599103026747148,0.075991037074008,6.806536528847218e-09
6,191,0.16533455317583123,-0.04890305634544598,0.9850243533061618,-0.06102671295574504,-0.06102671295574489,0.09154006943361734,0.09154007413192389,4.698306549366649e-09
6,192,0.34614034739529154,-0.48620419912370816,-0.8023667095907832,-0.07482488359410999,-0.07482488359410987,0.11223732539116481,0.11223732915288664,3.7617218368035665e-09
6,193,-0.6091805660003113,0.7907189859505388,0.06051878439701047,-0.045512982444030244,-0.045512982444030195,0.0682694736660453,0.06826948034666103,6.680615727283623e-09
6,194,-0.1647485486719299,-0.9790892004416674,-0.11934091205026534,-0.03998281706571061,-0.039982817065710545,0.05997422559856582,0.05997423113690559,5.538339765964739e-09
6,195,-0.6488612505143265,-0.13937586284114115,-0.7480330517017759,-0.03711746629826993,-0.03711746629826984,0.05567619944740476,0.05567620531277129,5.865366525803495e-09
6,196,-0.7466531943339423,0.5616937875986426,0.35638335590205594,-0.0710349563027692,-0.07103495630276911,0.10655243445415367,0.10655244048196622,6.027812540776445e-09
6,197,-0.1694364725199407,0.8018802482157135,-0.5729566731451036,-0.04947665184799168,-0.049476651847991576,0.07421497777198736,0.07421498415816075,6.386173381778271e-09
6,198,0.3699917322202316,-0.5901276700131999,0.7175342857128603,-0.04519851382298303,-0.04519851382298291,0.06779777073447436,0.06779777711463097,6.3801566113630415e-09
6,199,0.7137611850764587,0.18798607761788172,0.674689710385517,-0.03741590518221617,-0.03741590518221608,0.056123857773324126,0.05612386388964552,6.1163213938009164e-09
6,200,0.391114413788208,0.9176080281633883,0.07088738940886978,-0.04785642772437736,-0.0478564277243773,0.07178464158656596,0.0717846462827687,4.696202746123923e-09
6,201,-0.5392654736651497,-0.5493728759002667,-0.6382649858309415,-0.0371244997628205,-0.037124499762820444,0.05568674964423067,0.05568675659484157,6.950610899336684e-09
6,202,0.5731184726137399,0.09422330876168038,-0.8140375817091584,-0.10824165139675891,-0.10824165139675879,0.16236247709513818,0.16236248595591363,8.86077544670627e-09
6,203,0.8367461632671657,0.5383437063616027,0.10020934127380532,-0.06483696462950597,-0.06483696462950589,0.09725544694425883,0.09725545507821565,8.13395681364959e-09
6,204,0.4405930485152199,-0.18715454690411915,0.8779811735869847,-0.04483524513856055,-0.0448352451385604,0.06725286770784061,0.06725287410302982,6.3951892115277076e-09
6,205,-0.518611568399321,0.6812462940322364,0.5166677152578243,-0.06429058280080291,-0.06429058280080281,0.09643587420120422,0.09643588011476467,5.913560446879629e-09
6,206,0.5288766751308627,0.15525892514747958,-0.8343764909587118,-0.10723657862520915,-0.10723657862520902,0.16085486793781353,0.16085487664074805,8.702934511939375e-09
6,207,-0.7178050555445,-0.6600811296561523,0.221469646919426,-0.08100789200970732,-0.08100789200970727,0.12151183801456092,0.12151184503039758,7.015836661627972e-09
6,208,0.16408250380048947,-0.5420618354915566,0.8241637570592917,-0.058840184542615234,-0.0588401845426151,0.08826027681392266,0.08826028241593065,5.602007982496993e-09
6,209,0.6381218026799222,-0.7176960169087697,-0.27877050105384743,-0.05715510024654434,-0.057155100246544265,0.08573265036981641,0.0857326556968907,5.327074295569112e-09
6,210,-0.7605933068080957,-0.2792857754801379,-0.5860864076680024,-0.03946191334948229,-0.0394619133494822,0.059192870024223306,0.059192876988856113,6.964632807970883e-09
6,211,0.78514767109588,-0.15412127982713644,-0.599824779145678,-0.10261055308523023,-0.10261055308523014,0.15391582962784522,0.15391583702006884,7.392223611013549e-09
6,212,0.7191571892375139,0.48658853861639156,-0.4960287605120926,-0.10124115713464664,-0.10124115713464658,0.1518617357019699,0.1518617440132708,8.311300897512197e-09
6,213,0.16534533885455935,-0.9616234065381724,-0.21895511621561106,-0.0378549782252859,-0.03785497822528585,0.05678246733792878,0.05678247455565,7.2177212193103024e-09
6,214,-0.8705172822018942,-0.42562208375010274,-0.2470738820920749,-0.05679153573046601,-0.05679153573046596,0.08518730359569895,0.08518731137163726,7.775938309917407e-09
6,215,0.7879136250351564,0.6150533417087181,0.030025095118882066,-0.0673173754809833,-0.06731737548098321,0.10097606322147482,0.10097607056058777,7.33911295625056e-09
6,216,-0.2127196951998409,0.9688032827706533,0.12716340105113683,-0.037444591311262584,-0.03744459131126253,0.05616688696689379,0.05616689335852243,6.391628636082114e-09
6,217,-0.09603074338043398,-0.9841084129107317,0.149361065757185,-0.04542872591177893,-0.04542872591177891,0.06814308886766837,0.06814309533309526,6.46542688831353e-09
6,218,-0.2062621326373069,-0.8444684719122221,0.4942964015508775,-0.06626056514321715,-0.0662605651432171,0.09939084771482565,0.09939085388044333,6.165617683073776e-09
6,219,-0.674586332534119,0.4993869446990382,-0.5436413886215127,-0.03706109797147191,-0.037061097971471814,0.055591646957207724,0.055591652114994616,5.157786892029392e-09
6,220,0.30604400394692666,0.6374062474139266,-0.7071423784541764,-0.08563925131628623,-0.08563925131628615,0.12845887697442923,0.12845888242019043,5.445761203093369e-09
6,221,-0.8287539884981322,-0.15432793628482602,0.5379123670548062,-0.10833984460388374,-0.10833984460388361,0.16250976690582544,0.1625097750812543,8.175428861667555e-09
6,222,0.2166008779104819,0.9667536236240766,-0.13590986313776413,-0.049459731241671766,-0.049459731241671724,0.07418959686250759,0.07418960307203903,6.2095314445898e-09
6,223,-0.13677123327422536,-0.6244806018379316,0.7689717860082919,-0.07660494570096513,-0.076604945700965,0.11490741855144751,0.11490742524156161,6.6901141015929255e-09
6,224,-0.05188088736789088,-0.9161303267403377,0.3975092426001722,-0.0530285621857329,-0.053028562185732854,0.07954284327859928,0.07954285008437978,6.805780494723024e-09
6,225,-0.9483857766140043,0.23781609038100215,-0.20978066133976017,-0.05446818242688282,-0.05446818242688272,0.08170227364032409,0.08170227966397547,6.023651383246786e-09
6,226,-0.022598161569473734,-0.8284903851115171,-0.5595471426711517,-0.04092641534405421,-0.04092641534405414,0.06138962301608121,0.061389628103203364,5.08712215407936e-09
6,227,0.8334163824874701,-0.17689134340101864,0.5235709942608374,-0.039951939742606773,-0.03995193974260669,0.059927909613910035,0.05992791679565457,7.181744532402945e-09
6,228,0.36343484618575195,0.8608067947481917,0.35626784122803357,-0.0388571825381212,-0.03885718253812113,0.058285773807181696,0.058285780368816376,6.5616346800467795e-09
6,229,0.3146476795983192,-0.3615664090172638,0.8776483177182954,-0.05154610056651834,-0.05154610056651819,0.0773191508497773,0.07731915802056122,7.170783924981272e-09
6,230,0.9588671370194245,0.05189952467109954,-0.27907033680254556,-0.09409292491089996,-0.09409292491089985,0.1411393873663498,0.1411393932282401,5.861890306491091e-09
6,231,-0.5117603958726206,-0.765923803049195,-0.38918122403188515,-0.040714633348337304,-0.040714633348337234,0.06107195002250585,0.06107195721360981,7.191103955361822e-09
6,232,-0.18511868562593253,0.7829124711902,-0.5939521316461298,-0.04948699787965586,-0.04948699787965576,0.07423049681948365,0.07423050368826623,6.868782570501608e-09
6,233,-0.27760307780068216,-0.1448124600636972,0.9497188439774629,-0.09357933447299963,-0.09357933447299949,0.14036900170949923,0.14036900669589514,4.986395907291552e-09
6,234,0.06651105969166526,0.9938746130400679,-0.08825832818010422,-0.04265359198960114,-0.04265359198960112,0.06398038798440168,0.06398039459343252,6.609030836490781e-09
6,235,0.05396659627027386,0.5814351849492851,-0.8118009190620518,-0.07277625834461028,-0.07277625834461016,0.10916438751691523,0.10916439280306278,5.286147547467479e-09
6,236,-0.3452325190784248,-0.023212776340337988,0.9382300756133,-0.09610813061245264,-0.0961081306124525,0.14416219591867876,0.14416220300850213,7.089823367278925e-09
6,237,0.1348180781079763,0.2898768247958035,0.9475207186450197,-0.05612815711014747,-0.056128157110147334,0.08419223566522101,0.08419224067912623,5.013905221562531e-09
6,238,-0.3465828419149304,0.2867159601839645,-0.8931261343539095,-0.04998244319437514,-0.04998244319437499,0.07497366479156249,0.07497367032760494,5.536042443909928e-09
6,239,-0.0586963041635076,-0.4598633185682391,-0.8860476692102696,-0.05485444833815267,-0.05485444833815256,0.08228167250722884,0.08228167869273051,6.1855016664225104e-09
6,240,0.11291578652840648,0.5143349310536273,0.8501232874417285,-0.04999596802810225,-0.04999596802810215,0.07499395204215323,0.07499395965337996,7.611226732207044e-09
6,241,-0.9215934285877941,-0.20169222038641427,-0.33164107197298776,-0.05247485645418469,-0.05247485645418465,0.07871228468127697,0.07871229085187892,6.170601946076104e-09
6,242,0.8803309344892947,0.4291275066889021,-0.20215595164172476,-0.08842903016676595,-0.08842903016676587,0.13264354525014882,0.13264355308573172,7.835582904736071e-09
6,243,-0.623510386773043,0.22921464040613956,-0.7474593274617787,-0.03797697329050664,-0.03797697329050652,0.05696545993575978,0.05696546706568384,7.129924060877979e-09
6,244,0.41622918841323936,0.8086515339275399,0.4157354439899166,-0.03857986838217327,-0.0385798683821732,0.0578698025732598,0.057869807557064945,4.983805146352438e-09
6,245,0.7337606431227477,0.5155896932159658,0.4424506603606305,-0.04373307962365368,-0.04373307962365362,0.06559961943548044,0.06559962434371513,4.90823469367907e-09
6,246,0.8122634701286501,0.1812735544711015,-0.5544077502560516,-0.1089591178245017,-0.10895911782450159,0.1634386767367524,0.16343868342039158,6.683639197646585e-09
6,247,-0.6211293543293359,-0.5905894192918111,-0.5151722653743925,-0.03953888178744546,-0.0395388817874454,0.0593083226811681,0.059308329081186884,6.4000187857682356e-09
6,248,0.8192895252764341,0.31977200274716133,0.47593123456165914,-0.04392642484241924,-0.04392642484241919,0.06588963726362879,0.06588964374110162,6.477472835886289e-09
6,249,-0.9043527671199126,-0.23372939478152038,-0.35709472499271255,-0.050876784509127915,-0.05087678450912786,0.07631517676369179,0.07631518333939269,6.5757009004574485e-09
6,250,0.5553586493443038,0.6190554686040853,0.5552901020096136,-0.03800911058645904,-0.03800911058645896,0.057013665879688445,0.05701367294941306,7.069724618224971e-09
6,251,0.05059878744856471,-0.9983290033091246,-0.027909924051223157,-0.03799178188931534,-0.0379917818893153,0.05698767283397295,0.05698767985284903,7.018876077569125e-09
6,252,-0.20542965363332724,0.7241469149310595,0.6583387448752503,-0.0537980737877632,-0.053798073787763113,0.08069711068164467,0.08069711843194938,7.750304703568744e-09
6,253,0.031834302700012404,-0.10342703453007941,0.9941274695429746,-0.07116762124963523,-0.07116762124963506,0.1067514318744526,0.10675143963245759,7.75800498842294e-09
6,254,0.8305612450852202,0.5428095548868044,-0.12460258940358296,-0.08023329339772861,-0.08023329339772853,0.12034994009659279,0.12034994528731247,5.190719673531241e-09
6,255,-0.5531405194822385,0.8237303803546431,0.12451436137134597,-0.045457328788771637,-0.04545732878877158,0.06818599318315738,0.06818599851410312,5.3309457404004945e-09
6,256,0.7522016140445439,0.1944783797209586,-0.6295799326931361,-0.11065276598727439,-0.11065276598727428,0.16597914898091143,0.16597915680760522,7.826693793067108e-09
6,257,0.5419248132389363,0.07961502798922002,0.8366474431409084,-0.039423243847582314,-0.03942324384758219,0.059134865771373286,0.05913487061137701,4.840003724193576e-09
6,258,0.9385110076432548,0.34471589266361846,-0.019184417571748234,-0.07693548718707131,-0.07693548718707124,0.11540323078060687,0.11540323557879262,4.798185751497819e-09
6,259,-0.5982794399378949,-0.11099293364287204,-0.793563028642935,-0.037850090090052343,-0.03785009009005224,0.05677513513507836,0.05677514153257235,6.397493985954572e-09
6,260,-0.8313357208409795,0.02808352979990707,-0.5550605684137424,-0.040010397224263694,-0.04001039722426361,0.060015595836395416,0.06001560221013946,6.373744046439533e-09
6,261,-0.03032150684996063,0.8150524911883735,-0.5785931582986219,-0.05661533911028911,-0.05661533911028902,0.08492300866543354,0.08492301445395256,5.788519025218264e-09
6,262,-0.916863354220673,0.32504936478757707,-0.23174231408702517,-0.050926352452245874,-0.05092635245224582,0.07638952867836873,0.07638953497535184,6.29698310161686e-09
6,263,0.6948408374391607,0.02980707126531075,-0.7185455790201694,-0.10961025346361289,-0.10961025346361276,0.16441538019541915,0.16441538686073898,6.665319823850879e-09
6,264,-0.8656711454146715,0.41713731140934823,-0.2767849913319557,-0.046129714324012146,-0.04612971432401208,0.06919457148601812,0.0691945764574875,4.971469375059101e-09
6,265,-0.6939007997519926,0.7100859897784682,-0.11949714316199493,-0.04317495175454654,-0.04317495175454648,0.06476242763181972,0.0647624343041997,6.672379981864651e-09
6,266,-0.8389269685367087,-0.12808556827192213,-0.528957114199504,-0.041667248709684114,-0.04166724870968405,0.06250087306452608,0.0625008780841263,5.0196002215896485e-09
6,267,0.407341394997574,-0.6227050527039282,0.668065419894211,-0.04272212283766368,-0.04272212283766355,0.06408318425649533,0.06408319014328256,5.886787238229552e-09
6,268,-0.1723466727912362,-0.6694413264857684,-0.7225959692461379,-0.04213798410554666,-0.04213798410554657,0.06320697615831986,0.06320698270334546,6.545025604820509e-09
6,269,-0.10136294256773923,-0.9694170667470539,0.22350862304069477,-0.04823856147180714,-0.048238561471807107,0.07235784220771066,0.07235784887926755,6.67155689026977e-09
6,270,0.21041710713252681,0.5115586277289101,0.8330860768384578,-0.04550867114777163,-0.04550867114777153,0.0682630067216573,0.06826301329754259,6.575885280746263e-09
6,271,0.08966902806759602,-0.4814443501595987,-0.8718777455038146,-0.062110097269578356,-0.06211009726957824,0.09316514590436736,0.09316515198198871,6.077621350630835e-09
6,272,-0.5003073813799362,-0.3767190682291135,0.7795994277636045,-0.10431392087548756,-0.10431392087548745,0.1564708813132312,0.1564708876355958,6.322364604072206e-09
6,273,-0.10584950362422203,0.9626656814116435,-0.2491398571380377,-0.042009002105323726,-0.042009002105323684,0.06301350315798553,0.06301350968795916,6.529973631264063e-09
6,274,-0.46413492006563023,-0.4856834762762708,-0.7407363477296549,-0.03777643537221454,-0.03777643537221446,0.05666465305832169,0.05666466046383434,7.405512647551404e-09
6,275,-0.023666400101568806,-0.5813658524681189,-0.8132980063237889,-0.05168123389452167,-0.05168123389452157,0.07752185084178236,0.07752185698928216,6.1474998008792525e-09
6,276,-0.22757609476433605,0.6078685976845516,0.7607265533953911,-0.06207299342451805,-0.06207299342451795,0.09310949013677693,0.09310949650176426,6.364987328866256e-09
6,277,-0.3507046077862708,-0.7575662366253727,0.550544889362119,-0.07916107849484605,-0.07916107849484598,0.11874161774226898,0.1187416234782468,5.735977817722393e-09
6,278,0.888504210054683,-0.016996762305724562,0.4585535724277221,-0.04410801413644195,-0.04410801413644188,0.06616202120466283,0.06616202585796316,4.653300328394394e-09
6,279,-0.6962071174782992,0.02791253595818211,0.7172980830233279,-0.1082046012067414,-0.10820460120674127,0.16230690181011193,0.16230691096685845,9.156746527683168e-09
6,280,0.23114501389439504,-0.5331194839765134,0.8138523197462646,-0.054575410494393184,-0.054575410494393045,0.08186311574158957,0.08186312044911048,4.707520914748464e-09
6,281,-0.10577078020339699,-0.5013063717111955,0.8587808007500641,-0.07870086745049092,-0.07870086745049076,0.11805130117573615,0.11805130761821658,6.4424804380180944e-09
6,282,-0.48088865748700227,-0.782491538506793,0.3955415164879925,-0.07799514601616366,-0.07799514601616359,0.11699271902424538,0.11699272522980309,6.205557706584486e-09
6,283,-0.9872545863127222,0.08373436521612397,-0.1353400823346444,-0.06279959967862883,-0.06279959967862875,0.09419939951794312,0.09419940522059633,5.7026532107595784e-09
6,284,0.9074213569915092,-0.1462845240871218,-0.3939382170953873,-0.09530250414300488,-0.09530250414300477,0.14295375621450718,0.1429537641040035,7.889496334012591e-09
6,285,0.6051556413493009,-0.1484310301129022,0.7821476069404925,-0.0384037631810596,-0.03840376318105947,0.057605644771589214,0.0576056508050371,6.03344788713267e-09
6,286,-0.5158676576743999,0.809997481183558,0.27889897856001544,-0.050063548531638496,-0.050063548531638434,0.07509532279745766,0.07509532856664336,5.769185698611956e-09
6,287,-0.10283091496809325,0.8072094382652474,0.5812389574885088,-0.045409811551431103,-0.04540981155143102,0.06811471732714654,0.06811472358370096,6.256554427319649e-09
6,288,-0.9728770168147141,-0.210749168324125,0.09536822429086196,-0.08302984177008431,-0.08302984177008424,0.12454476265512636,0.12454476894241395,6.287287593331747e-09
6,289,0.7882674831819951,-0.03430636244598774,-0.614375657439036,-0.10720852185603921,-0.10720852185603909,0.16081278278405864,0.1608127894736633,6.689604648002501e-09
6,290,-0.964665631205778,-0.1240739374792285,-0.2324346747126134,-0.058803005206581875,-0.05880300520658182,0.08820450780987274,0.08820451313784616,5.3279734235633924e-09
6,291,0.14765282710048655,0.9881382737194144,0.04220657128990312,-0.041372765423873005,-0.04137276542387296,0.06205914813580945,0.06205915503709747,6.901288020222385e-09
6,292,-0.07356573251986842,0.994611825910535,-0.07304381395934267,-0.03908143844163197,-0.03908143844163194,0.05862215766244792,0.05862216129193243,3.6294845115469876e-09
6,293,-0.8132737476217077,-0.33341050648047604,-0.4768891334448453,-0.043809250781319815,-0.04380925078131977,0.06571387617197966,0.06571388294629443,6.7743147758037026e-09
6,294,0.41888118760509735,-0.562676252009535,0.7126948758725893,-0.04324343713904554,-0.04324343713904542,0.06486515570856813,0.06486516185288949,6.144321357259841e-09
6,295,0.43199669180356687,-0.8947554768084931,0.11309949156375645,-0.03746719118169659,-0.03746719118169655,0.05620078677254483,0.0562007912430218,4.470476967777248e-09
6,296,0.7597565963860018,0.02902936025069736,-0.6495592432499079,-0.10935299736633775,-0.10935299736633763,0.16402949604950645,0.16402950248073367,6.431227217440494e-09
6,297,0.6789421616877639,-0.3461159593054006,-0.6474884429832307,-0.09262610370079848,-0.09262610370079837,0.13893915555119757,0.13893916156471064,6.01351307638609e-09
6,298,0.5910747921534398,-0.05194435296795371,0.8049424664381352,-0.03859817611458074,-0.03859817611458061,0.05789726417187091,0.05789727031135783,6.139486918854686e-09
6,299,-0.10439614295627796,0.6180801090021729,0.7791523754643339,-0.05595442761148993,-0.05595442761148983,0.08393164141723475,0.08393164635522865,4.937993902665028e-09
6,300,-0.45745142840572467,0.5359816182757237,-0.7095504883516738,-0.041874980288275916,-0.04187498028827579,0.0628124704324137,0.06281247605377516,5.621361459651197e-09
6,301,-0.5996290094441032,-0.6416920945306114,0.4782011154838519,-0.09188882792034474,-0.09188882792034467,0.13783324188051702,0.1378332489809786,7.100461579812034e-09
6,302,-0.6695881171239273,-0.38499918049939325,-0.6351593378210145,-0.0377891721236528,-0.03778917212365274,0.056683758185479105,0.056683763238751794,5.053272689181654e-09
6,303,-0.45996102759030283,0.5192385375625228,-0.7202966015524476,-0.04198138214747045,-0.041981382147470325,0.06297207322120549,0.06297208032801649,7.1068110008010166e-09
6,304,0.5378547785194119,0.8151008752883494,-0.21522732244768783,-0.06982236627823495,-0.06982236627823489,0.10473354941735234,0.1047335565496077,7.132255355757344e-09
6,305,-0.02272363026303051,0.891709022277676,-0.45203833489678746,-0.05172893790473611,-0.05172893790473604,0.07759340685710406,0.07759341363877681,6.78167275114383e-09
6,306,-0.9767976927152899,-0.20513790106828442,0.061519989039211326,-0.0805585894780043,-0.08055858947800425,0.12083788421700638,0.12083789108219278,6.865186405469181e-09
6,307,0.21019882858236313,-0.4963126290432986,0.8423124282086376,-0.05666360928662229,-0.056663609286622146,0.08499541392993322,0.08499542042406105,6.494127832712415e-09
6,308,0.2642569921315222,-0.9636208729647118,0.04003817298937779,-0.037037985144124735,-0.0370379851441247,0.055556977716187055,0.055556984013271915,6.297084860495961e-09
6,309,0.21824898983091265,-0.866275849543301,-0.449370149137455,-0.044481162820605505,-0.044481162820605435,0.06672174423090815,0.06672175034694305,6.116034900749412e-09
6,310,-0.9066609320580411,-0.4217345304818486,-0.010292719703692332,-0.0737647651213719,-0.07376476512137181,0.11064714768205772,0.11064715393915847,6.25710075419228e-09
6,311,0.8636889929126104,0.18117214988785554,0.470338150298924,-0.04447013089096665,-0.04447013089096659,0.06670519633644989,0.06670520108498224,4.7485323451113e-09
6,312,0.5061875706955152,-0.7121353585684377,-0.48645387689890557,-0.06125601537387178,-0.0612560153738717,0.09188402306080756,0.09188402955162545,6.490817883175737e-09
6,313,-0.020399387669354466,0.30922805777227913,0.950769095663663,-0.06516480451539496,-0.0651648045153948,0.0977472067730922,0.09774721310140677,6.328314566816928e-09
6,314,-0.9723983368067006,0.08938041963436598,0.21552868756048857,-0.08680170372426911,-0.08680170372426904,0.13020255558640356,0.13020256400819719,8.421793623591967e-09
6,315,-0.13418973216194324,-0.4503987136663306,0.8826857393829475,-0.08186028841108305,-0.0818602884110829,0.12279043261662434,0.12279044031560105,7.69897670616082e-09
6,316,-0.6029200964337692,-0.26697929973022894,0.7518041040270071,-0.10931768188521374,-0.10931768188521362,0.16397652282782044,0.16397653096467124,8.136850804252305e-09
6,317,0.46435351663847624,0.1771376464329695,-0.8677546115127643,-0.10453726302799975,-0.1045372630279996,0.1568058945419994,0.15680590159661278,7.054613393453479e-09
6,318,0.43818447662309956,0.3417192225342888,0.831397821381017,-0.04014643915434492,-0.04014643915434482,0.06021965873151723,0.06021966397762313,5.246105896916653e-09
6,319,-0.5646948843177977,0.4849249045461317,-0.6678079997845444,-0.03854173277238707,-0.038541732772386955,0.05781259915858043,0.057812606091278695,6.932698262684944e-09
6,320,0.9005967207750056,-0.195546553602665,-0.3881843529863441,-0.09307893504378592,-0.09307893504378581,0.13961840256567873,0.13961840988896412,7.3232853947668985e-09
6,321,-0.7082094563063462,0.30750970826824847,0.6355132927949235,-0.09508321134655141,-0.09508321134655129,0.14262481701982693,0.14262482306293123,6.043104294750634e-09
6,322,0.947900343846493,-0.012031552997139035,0.3183397239870907,-0.05191590840058233,-0.05191590840058225,0.07787386260087338,0.07787386707702737,4.47615398913026e-09
6,323,-0.049503890278241015,0.792482323676934,-0.6078824981087437,-0.056828916269790586,-0.05682891626979051,0.08524337440468577,0.0852433804099384,6.00525262850482e-09
6,324,0.5191329640429108,-0.8133603001110069,0.2625756802283005,-0.03721224713948394,-0.037212247139483894,0.055818370709225844,0.05581837630996844,5.600742598865782e-09
6,325,-0.7782107882577818,0.6221696105404558,-0.08539873979831014,-0.04805468779424777,-0.048054687794247694,0.07208203169137155,0.0720820375610387,5.869667155100622e-09
6,326,-0.6485160893570849,0.7496601994095389,0.13204721604882017,-0.05023886495909793,-0.05023886495909787,0.07535829743864682,0.0753583015433712,4.1047243798386646e-09
6,327,-0.6089916740621253,-0.7881472472857768,0.0891799165668081,-0.06590307810899627,-0.06590307810899619,0.0988546171634943,0.09885462309844328,5.934948990593547e-09
6,328,-0.9995260132259477,-0.021457087209023087,-0.02207583051998009,-0.07272025001828435,-0.07272025001828425,0.10908037502742637,0.10908038083901062,5.811584241621759e-09
6,329,-0.6896006271285969,-0.5498932424305334,0.471241336252541,-0.09753975833520852,-0.09753975833520845,0.14630963750281267,0.14630964634276822,8.839955545347777e-09
6,330,-0.21705457190730537,0.6047432370308155,0.7662720992438831,-0.06180791515962181,-0.061807915159621696,0.09271187273943254,0.09271187845216744,5.712734896246019e-09
6,331,-0.9323201079124194,0.352828464700204,0.07931765805589239,-0.06864309744497027,-0.06864309744497019,0.10296464616745528,0.10296465347003902,7.302583746038316e-09
6,332,-0.1817622557042786,0.2552471639306843,-0.9496374927869239,-0.06093222510128653,-0.06093222510128636,0.09139833765192955,0.09139834444837902,6.796449472656896e-09
6,333,0.45864340232350653,0.17993510681512404,0.8702123803075593,-0.04146289756866709,-0.04146289756866696,0.06219434635300044,0.0621943524459212,6.0929207582050005e-09
6,334,0.513530327787912,-0.8384807404140151,-0.18230921643406992,-0.045928387714035956,-0.04592838771403591,0.06889258157105387,0.06889258885589555,7.2848416882154154e-09
6,335,0.5833199949720627,0.7672164754028176,-0.26667707688564185,-0.07593899576014718,-0.07593899576014713,0.11390849364022071,0.11390849791181878,4.271598075256122e-09
6,336,0.7703734223727556,-0.6366912923291141,0.03389673102188881,-0.04967844253986847,-0.04967844253986842,0.07451766380980263,0.0745176712002582,7.390455580846833e-09
6,337,-0.8941331179826059,-0.4102058082277526,-0.17960279013122163,-0.061689674431026305,-0.061689674431026235,0.09253451164653936,0.09253452032398357,8.677444207627616e-09
6,338,-0.5799189884032145,-0.7554398152497649,-0.3049666414950878,-0.044962224934163214,-0.044962224934163145,0.06744333740124472,0.06744334396513452,6.563889792809974e-09
6,339,0.14944922375940303,0.9600001346422395,-0.23677979433345667,-0.050756132155276565,-0.05075613215527653,0.0761341982329148,0.07613420588414854,7.651233743799501e-09
6,340,-0.7462842491782942,-0.43189352033742096,-0.506485741673879,-0.04171614314798163,-0.041716143147981555,0.06257421472197233,0.06257421941713304,4.695160704670798e-09
6,341,0.625030545675366,-0.3934280980414772,0.6742040853066823,-0.0376223498022805,-0.037622349802280367,0.05643352470342055,0.05643353145901031,6.7555897612092686e-09
6,342,0.6092722674176224,0.5221666933221855,0.5967656563013357,-0.0378968697362625,-0.03789686973626245,0.05684530460439367,0.05684531040328622,5.798892546704515e-09
6,343,-0.7970667656877626,-0.4887812089726306,-0.3546512382486532,-0.04896141411019666,-0.048961414110196604,0.07344212116529492,0.073442127379586,6.21429108171867e-09
6,344,0.9303213924821939,0.22772042613609622,0.28748132845523466,-0.05536707627810468,-0.05536707627810463,0.08305061441715696,0.08305062054736467,6.130207716448233e-09
6,345,-0.4575847117002993,-0.25749538220961843,-0.8510654262504597,-0.040587320913344646,-0.040587320913344535,0.0608809813700168,0.06088098775114403,6.381127230781214e-09
6,346,-0.6334169043480736,-0.7654827742773895,0.11322167447399066,-0.06873997454533504,-0.068739974545335,0.1031099618180025,0.10310996639839587,4.580393370146041e-09
6,347,0.7511630819537563,0.5134656232499345,0.4148579010339453,-0.045180503033277565,-0.04518050303327751,0.06777075454991627,0.06777075983732672,5.287410453913566e-09
6,348,-0.29211257410858843,-0.704682878720573,-0.6466005602268998,-0.038097431893908344,-0.03809743189390827,0.0571461478408624,0.05714615308738402,5.246521619928224e-09
6,349,0.11224316156208011,0.37768240352648447,-0.9191068897299196,-0.081548480052192,-0.08154848005219184,0.12232272007828776,0.12232272417200818,4.09372041820788e-09
6,350,-0.3918669357412166,-0.6628288379640309,-0.6380425034713924,-0.03722519133321262,-0.037225191333212546,0.05583778699981882,0.05583779411066914,7.110850318292616e-09
6,351,0.7117729468738938,-0.6862288303275386,0.14989751340749896,-0.04299426410381701,-0.042994264103816945,0.06449139615572543,0.06449140110831308,4.952587659423635e-09
6,352,0.06538240529823257,-0.8888085353795578,-0.45359070593858386,-0.04024775031651024,-0.040247750316510164,0.060371625474765246,0.06037163130523382,5.830468573220227e-09
6,353,-0.07086102128992337,-0.8211956290673497,0.5662300367010116,-0.061790126968209416,-0.061790126968209326,0.09268519045231399,0.09268519701732814,6.565014143422587e-09
6,354,-0.7915539384176767,0.14293219061986007,-0.5941487620622236,-0.03821304767984621,-0.03821304767984611,0.057319571519769165,0.057319576862724375,5.342955210208e-09
6,355,0.960926539789246,-0.2767496165804788,0.005462128818015714,-0.06624363178947484,-0.06624363178947477,0.09936544768421217,0.09936545336541869,5.681206519114745e-09
6,356,0.08347262868229154,-0.9965074866986376,-0.0022691880558103252,-0.03789547971126081,-0.03789547971126077,0.05684321956689115,0.056843225959557486,6.3926663337876555e-09
6,357,0.5744501524380717,-0.7964660434695584,-0.18880906748306236,-0.04894972868783994,-0.04894972868783989,0.07342459303175984,0.07342459834580595,5.314046105930892e-09
6,358,-0.9562807678380091,0.14049823394840114,0.25649042734676925,-0.08779900573552746,-0.08779900573552737,0.13169850860329108,0.13169851459382542,5.990534346356213e-09
6,359,0.49330538137698,-0.8653405936291442,-0.08851812086840144,-0.04216585490161025,-0.042165854901610185,0.06324878235241528,0.06324878815133772,5.798922439459453e-09
6,360,-0.1484274963083058,-0.17608451351831877,-0.9731205076652454,-0.05822880853989777,-0.058228808539897634,0.08734321280984646,0.08734322015646612,7.346619659842624e-09
6,361,0.011682507641860684,-0.25891440418888384,-0.9658296176441852,-0.06633570435222588,-0.06633570435222574,0.09950355652833862,0.0995035623341245,5.805785879831049e-09
6,362,0.4252881307582211,-0.8978331131208754,-0.11413021869713355,-0.04086242880271432,-0.040862428802714276,0.061293643204071414,0.06129364932272452,6.118653105013916e-09
6,363,-0.7899760121881966,-0.13002473514540533,0.5991923467615399,-0.10989995929221591,-0.1098999592922158,0.1648499389383237,0.1648499461937014,7.255377715287281e-09
6,364,0.8237987866999921,0.5666309831530006,0.016878624431054243,-0.06985050004304116,-0.06985050004304108,0.10477575006456162,0.10477575335121614,3.286654517986598e-09
6,365,-0.7370748137456321,0.3289410785406369,0.590354542449166,-0.09322285747504594,-0.09322285747504583,0.13983428621256874,0.13983429275610249,6.543533742631169e-09
6,366,-0.1303334856320393,-0.9907634410184792,0.03742975372915597,-0.04305071157095492,-0.04305071157095488,0.06457606735643233,0.0645760736550649,6.298632573842333e-09
6,367,-0.5434324177150467,-0.8116798443761478,0.21414256375109453,-0.07008053031424821,-0.07008053031424816,0.10512079547137224,0.10512080234059695,6.869224716821165e-09
6,368,0.5895981202899176,0.19828555616006158,-0.7829794983068784,-0.10938335491031832,-0.10938335491031818,0.1640750323654773,0.16407503827808867,5.912611372727028e-09
6,369,0.13730533968717906,-0.4151845269853012,0.8993158801252094,-0.06297303445801133,-0.06297303445801118,0.09445955168701678,0.09445955684306284,5.15604606232678e-09
6,370,-0.7227937085269535,0.45848198507108895,-0.5170720687477977,-0.0374788869030978,-0.0374788869030977,0.056218330354646545,0.05621833693014722,6.575500671734957e-09
6,371,-0.8438172298729977,-0.5052027864543495,0.18094923909268448,-0.08508821298776187,-0.08508821298776179,0.1276323194816427,0.12763232415391457,4.67227187495034e-09
6,372,-0.228520634088755,-0.9287612559498629,0.2918575838351757,-0.05697385608071713,-0.05697385608071708,0.08546078412107563,0.08546078983373562,5.712659983947432e-09
6,373,-0.31560880769527844,-0.22978949085944517,0.920645355387036,-0.09635271762315957,-0.09635271762315943,0.14452907643473917,0.1445290845336622,8.098923032218153e-09
6,374,-0.526889213976585,-0.16839548128489107,-0.8330850605298157,-0.03924545224036731,-0.0392454522403672,0.0588681783605508,0.05886818532641058,6.965859784824335e-09
6,375,0.5562483235494041,0.397506141192638,-0.7297785076738119,-0.1055521226288977,-0.10555212262889757,0.15832818394334636,0.15832819083572147,6.8923751150862245e-09
6,376,0.25844801040458854,-0.9602789810228929,0.10520886143070037,-0.03723689288032255,-0.037236892880322524,0.05585533932048379,0.05585534534890968,6.028425890425293e-09
6,377,0.766552833490845,0.12968099610878328,-0.6289511846839869,-0.11047057358675148,-0.11047057358675137,0.16570586038012708,0.16570586708342105,6.703293975451885e-09
6,378,-0.6568124734263888,0.3890328315813838,-0.6459495573984706,-0.03719567871157237,-0.03719567871157225,0.055793518067358376,0.05579352535534099,7.2879826132354886e-09
6,379,0.4819043978123439,0.8706571560073456,0.0986117034754134,-0.050059075920190245,-0.050059075920190176,0.07508861388028527,0.07508862004401706,6.163731788855209e-09
6,380,-0.8609647192628921,-0.3462119618961321,0.372662085037639,-0.10008319617225676,-0.10008319617225668,0.15012479425838504,0.15012480009124474,5.832859695242831e-09
6,381,0.2935829427522045,-0.9398900818313939,0.17440094552476332,-0.03741353163133977,-0.03741353163133973,0.056120297447009596,0.056120304237072816,6.790063220019071e-09
6,382,0.39774961056115093,0.39026870667854696,-0.830352686444686,-0.09943526912860944,-0.09943526912860928,0.14915290369291392,0.14915291085548787,7.162573950614259e-09
6,383,-0.0699371542379688,0.13323909774545578,0.988613239487046,-0.074054101581755,-0.07405410158175486,0.1110811523726323,0.11108115954838738,7.1757550734741216e-09
6,384,0.3778841928163283,0.37977736381919985,0.8443771022180144,-0.04166513883500974,-0.04166513883500964,0.06249770825251447,0.06249771394850612,5.6959916505672226e-09
6,385,-0.7746168828398678,-0.3097383384307505,0.5513899224012027,-0.10794422871386143,-0.10794422871386133,0.161916343070792,0.1619163511601407,8.08934869089839e-09
6,386,0.6844111059893907,-0.5543996572993628,0.47352133846821326,-0.03733958215787008,-0.03733958215786998,0.056009373236804966,0.056009380466903735,7.230098769683835e-09
6,387,0.8529442697473061,-0.5101646710445615,-0.11053542926695048,-0.0630059667201142,-0.06300596672011413,0.0945089500801712,0.09450895482876476,4.748593560033321e-09
6,388,-0.23698137172835135,-0.9522448796481234,0.1925344609094171,-0.052739003023913926,-0.05273900302391388,0.07910850453587082,0.07910851140824349,6.872372670940763e-09
6,389,0.8777173007577488,0.4243704912972825,0.2225354490112407,-0.058490640614507115,-0.05849064061450704,0.08773596092176056,0.08773596710254239,6.180781830789073e-09
6,390,-0.17830097254758828,-0.9829573757239483,-0.04476115166606954,-0.04208070300180641,-0.04208070300180636,0.06312105450270954,0.06312105976791216,5.265202621118625e-09
6,391,-0.4844660617295989,-0.09825120433941321,-0.8692751784550549,-0.041280426554588814,-0.04128042655458869,0.061920639831883034,0.061920645000324015,5.168440980751754e-09
6,392,0.044634426441252414,0.9982266405577259,0.0393870798244428,-0.03925013422194776,-0.039250134221947716,0.058875201332921574,0.058875206099262556,4.766340981621209e-09
6,393,0.9809104271136853,-0.15798157052666972,0.11338676004531917,-0.06263336280595129,-0.06263336280595122,0.09395004420892683,0.09395005190482308,7.69589625360112e-09
6,394,0.16878105185364461,0.8849716393235513,-0.43397943975281095,-0.060850267668565564,-0.0608502676685655,0.09127540150284826,0.09127540528952593,3.786677679751271e-09
6,395,-0.2886636635306933,-0.2687446098462793,0.9189394017211417,-0.09456048211828008,-0.09456048211827994,0.14184072317741991,0.1418407294395685,6.262148577462767e-09
6,396,-0.3311749183324878,-0.33443560813624623,-0.8823128682491315,-0.04446558324903753,-0.04446558324903741,0.06669837487355612,0.06669838154005348,6.666497354146372e-09
6,397,0.3698301819146741,0.859915444835653,-0.35181112017396504,-0.0681579443218208,-0.06815794432182075,0.10223691648273113,0.10223692170630017,5.223569035650577e-09
6,398,-0.11376857861139474,0.47592039844297634,-0.8720988962649944,-0.0636917544410245,-0.06369175444102436,0.09553763166153655,0.09553763752334632,5.861809773688442e-09
6,399,0.9505275256077339,0.24819680483283021,0.18680409292307495,-0.0623368243467931,-0.062336824346793024,0.09350523652018954,0.0935052424377858,5.917596260229807e-09
6,400,-0.25653404539781915,0.3544370880625637,0.8992022209478577,-0.07758043527684051,-0.07758043527684039,0.11637065291526058,0.11637065894243293,6.027172344547083e-09
6,401,0.23369678985719466,-0.32620541648504797,0.9159562416765653,-0.057074898347498904,-0.05707489834749875,0.08561234752124813,0.0856123533177211,5.79647296827801e-09
6,402,-0.712020154666597,0.24537155316016807,-0.6578906445970503,-0.037042673064003495,-0.037042673064003384,0.055564009596005076,0.055564015888354135,6.29234905846765e-09
6,403,0.05707840017307984,0.9034502281714333,-0.42487614836639986,-0.054460331110398774,-0.054460331110398726,0.08169049666559809,0.08169050297324176,6.307643671266128e-09
6,404,0.8361742559534886,-0.270794567952626,-0.4769516911050639,-0.09345102548963324,-0.09345102548963315,0.14017653823444973,0.14017654398346124,5.749011516842373e-09
6,405,0.6663399321963365,0.46732718897417425,0.5810304580708985,-0.03869476667440766,-0.038694766674407605,0.05804215001161141,0.05804215580385019,5.792238785828907e-09
6,406,0.4499472033339034,-0.7819231731589075,0.4314436990953796,-0.03795069819817057,-0.037950698198170485,0.05692604729725573,0.056926054148309646,6.85105391862173e-09
6,407,-0.41166647814728996,-0.2268709303110516,0.8826439212670106,-0.10193774538572027,-0.10193774538572012,0.1529066180785802,0.15290662486178164,6.783201444982012e-09
6,408,0.13065327594519902,-0.8455549846213634,0.5176547975888505,-0.04927765165500139,-0.0492776516550013,0.07391647748250196,0.07391648265686612,5.174364159366007e-09
6,409,0.6644692868657789,-0.37297150341651736,-0.6475900126247361,-0.09075820627373489,-0.09075820627373478,0.13613730941060218,0.1361373153097034,5.899101235273818e-09
6,410,-0.04356828761926591,-0.30522635632771505,-0.9512826476483378,-0.06128033802511109,-0.061280338025110966,0.09192050703766645,0.09192051148021463,4.442548176553096e-09
6,411,0.4204320425350644,-0.8642554940501481,0.2762233491468962,-0.03714981708872542,-0.03714981708872536,0.05572472563308804,0.05572473177339887,6.1403108292390485e-09
6,412,-0.8778209060653266,0.4193490763623929,0.23146664776735626,-0.07418524105358933,-0.07418524105358924,0.11127786158038387,0.1112778660883329,4.507949027954261e-09
6,413,-0.5132225362053862,0.4089250700347889,-0.7545746586176573,-0.04081114694346423,-0.040811146943464105,0.06121672041519616,0.061216727520463365,7.1052672079297e-09
6,414,0.7139457137000363,-0.6291576415955007,0.30731446420780967,-0.039612724028787565,-0.039612724028787495,0.059419086043181246,0.059419093256796174,7.213614927614742e-09
6,415,0.15031472398496765,0.9405393807368497,-0.3046164096638037,-0.05370408117777225,-0.053704081177772214,0.08055612176665833,0.08055612704671589,5.280057557843776e-09
6,416,0.36242929294349996,-0.7497713238823729,0.5536135561022225,-0.04172071935272282,-0.04172071935272272,0.0625810790290841,0.06258108614654034,7.117456249372545e-09
6,417,-0.4714824850426265,0.7062877984548431,-0.5280736805142255,-0.038694006091491165,-0.03869400609149107,0.0580410091372366,0.05804101504969239,5.9124557888479146e-09
6,418,0.1487256927468871,0.1381654857203965,0.9791787205983418,-0.0590572677033794,-0.05905726770337926,0.0885859015550689,0.08858590944127442,7.8862055219453e-09
6,419,0.9655190934818014,-0.18902734713153893,-0.17900151440279244,-0.08128156935982285,-0.08128156935982275,0.12192235403973413,0.1219223597082042,5.668470068331821e-09
6,420,-0.17966525083662738,0.36147449377916885,-0.9149079669501765,-0.060556356484382866,-0.06055635648438272,0.09083453472657409,0.09083453988978363,5.163209540470781e-09
6,421,-0.9224643556639368,0.14380086763956265,-0.35830269744397253,-0.04776151054133987,-0.04776151054133981,0.07164226581200972,0.07164227128209077,5.470081054781417e-09
6,422,0.2714657662595054,-0.17793849675589946,0.9458563469794926,-0.0547492097741799,-0.05474920977417974,0.08212381466126961,0.0821238202441954,5.582925788338855e-09
6,423,-0.47804906788525653,0.18242625599176815,0.8591796958837326,-0.0967302933166748,-0.09673029331667467,0.145095439975012,0.1450954453807718,5.405759784249398e-09
6,424,-0.04837631232039142,-0.10081530113446949,-0.9937283368524047,-0.06665964839016127,-0.06665964839016114,0.09998947258524171,0.09998947919642731,6.611185598970337e-09
6,425,-0.7269296032100616,-0.30767286966405605,0.6139305801550751,-0.10925549715648414,-0.10925549715648404,0.16388324573472607,0.1638832528016998,7.066973728431236e-09
6,426,0.47335428606870533,-0.060985316451431446,0.8787585055279437,-0.0428685371723497,-0.04286853717234957,0.06430280575852436,0.06430281168645635,5.9279319924998575e-09
6,427,0.11966454238468117,-0.10707398243539167,-0.9870235861322111,-0.07818788312579301,-0.07818788312579288,0.11728182468868932,0.11728183146875182,6.780062497546702e-09
6,428,0.6134398806712168,-0.6864898318221535,0.3904141693213433,-0.03721260361038361,-0.037212603610383546,0.05581890541557532,0.055818911992577824,6.577002505114837e-09
6,429,-0.5891602064366634,0.5386606633038178,-0.6022748051849748,-0.03762698444705255,-0.037626984447052446,0.05644047667057867,0.056440481455144464,4.784565792170792e-09
6,430,0.880193552192515,-0.19059376849145218,0.4346646133410781,-0.04327685780332749,-0.043276857803327407,0.06491528670499111,0.06491529119800887,4.493017763396168e-09
6,431,0.449475911073878,-0.6705529115779201,-0.5901950509269638,-0.06461264495554407,-0.06461264495554399,0.09691896743331599,0.09691897423502738,6.8017113885598945e-09
6,432,0.8454847127050291,0.1906588867764352,0.4988033575220449,-0.04309365949184549,-0.04309365949184542,0.06464048923776813,0.06464049434606878,5.108300643597019e-09
6,433,0.8298550414108695,-0.5466271656287778,0.11197924826329501,-0.04989224275844453,-0.04989224275844448,0.07483836413766672,0.07483837022315143,6.08548471336956e-09
6,434,-0.1929246683079778,-0.014135276417922166,0.9811117501685758,-0.08605158924688572,-0.08605158924688558,0.12907738387032838,0.1290773890549879,5.184659507273537e-09
6,435,-0.527939793507918,-0.32624735293660184,0.7841187659613035,-0.10631938498280952,-0.10631938498280939,0.1594790774742141,0.1594790841052962,6.631082100083674e-09
6,436,0.5393454338004724,-0.7493310802399641,0.384199733504578,-0.03704437395859226,-0.03704437395859218,0.055566560937888275,0.05556656662575321,5.687864935988163e-09
6,437,-0.18979419130490677,0.6905054832670259,-0.6979830531790061,-0.052891171288504714,-0.05289117128850459,0.0793367569327569,0.07933676354765495,6.6148980598645934e-09
6,438,0.04240328362877883,0.9726236910661348,-0.22848439140209392,-0.04617402755805537,-0.04617402755805534,0.06926104133708301,0.06926104828552937,6.948446359955618e-09
6,439,0.16118183303172112,-0.06559057208006999,0.9847427550151072,-0.06149722274546796,-0.06149722274546782,0.09224583411820172,0.09224584013312054,6.014918813024295e-09
6,440,-0.4583867187945178,-0.17763065034914494,0.8708208587817218,-0.10425189249953537,-0.10425189249953519,0.1563778387493028,0.1563778453950171,6.645714284436721e-09
6,441,-0.8387753281921837,0.5411543492984531,0.06006595584407503,-0.05880945931463,-0.05880945931462994,0.08821418897194491,0.08821419289484211,3.922897201524833e-09
6,442,-0.012359580249980639,0.4024506435099102,0.9153582469801119,-0.06114216392115417,-0.06114216392115405,0.09171324588173108,0.09171325227042004,6.38868896674083e-09
6,443,-0.7376703761658115,0.6631037245188736,0.12702703120433806,-0.05527939046934704,-0.05527939046934697,0.08291908570402046,0.08291909242563733,6.721616874205694e-09
6,444,-0.05617998228468303,0.6219076516137317,-0.7810727766698733,-0.06393000427397756,-0.06393000427397744,0.09589500641096615,0.09589501276385803,6.352891879224387e-09
6,445,0.6568361066772094,-0.27091660111237137,0.703683539815197,-0.037360137028108864,-0.037360137028108746,0.05604020554216312,0.05604021274807636,7.2059132341650844e-09
6,446,0.43193064618492905,-0.34445136280624883,0.8335401463320093,-0.0449358899644802,-0.04493588996448006,0.06740383494672009,0.06740384222991835,7.283198266705426e-09
6,447,-0.7791564065292074,0.2790503080134175,-0.5612897823425163,-0.03804901607466713,-0.038049016074667034,0.057073524112000555,0.05707352923600695,5.124006392798197e-09
6,448,0.9476556880077106,0.20745563817523702,-0.24271558494653364,-0.09322838359704308,-0.09322838359704301,0.13984257539556452,0.1398425805709813,5.17541678957123e-09
6,449,0.5720327555708534,0.5963445262341007,-0.5631622613285111,-0.09595268862135124,-0.09595268862135116,0.14392903293202675,0.14392903674442792,3.812401172531565e-09
6,450,0.5231174653101252,-0.765755734858495,0.37412066505184677,-0.037059071102022875,-0.03705907110202279,0.05558860665303419,0.055588612879464705,6.226430517008996e-09
6,451,-0.442739157214503,-0.47724427564875516,-0.7590915228281018,-0.03827092014547393,-0.03827092014547385,0.057406380218210776,0.057406385201019816,4.9828090403769565e-09
6,452,-0.381641292279001,0.711031218618378,0.5905798254069288,-0.05991014054474517,-0.05991014054474507,0.08986521081711761,0.08986521665699243,5.839874819835167e-09
6,453,-0.9631731220972275,0.2522704551612116,0.09304383011374026,-0.0734785387300187,-0.07347853873001862,0.11021780809502794,0.11021781404219055,5.9471626095986e-09
6,454,0.4393902680156582,0.370584195344982,-0.8182930688534765,-0.10187627376382512,-0.10187627376382496,0.15281441064573745,0.15281441806402896,7.418291508853869e-09
6,455,0.4506094570704243,0.360234032309465,0.8168124381795131,-0.03951646963666835,-0.03951646963666826,0.05927470445500239,0.05927471014022245,5.685220065554386e-09
6,456,-0.31878739336262024,0.3831461663093378,0.8669334536603852,-0.07945479329442554,-0.07945479329442541,0.11918218994163812,0.11918219605666636,6.115028233777409e-09
6,457,-0.7128484432692183,0.6482531127707472,-0.26760978814626557,-0.04029706274407419,-0.040297062744074116,0.060445594116111175,0.06044560130202825,7.1859170766575e-09
6,458,-0.4758381577188938,0.0803103995212786,-0.875858600110441,-0.042848290513652326,-0.042848290513652194,0.0642724357704783,0.06427244153561773,5.7651394352875585e-09
6,459,-0.413534347759796,0.7542972592332008,-0.5099264534579094,-0.039602188026798914,-0.03960218802679881,0.059403282040198215,0.059403289232040635,7.191842420206651e-09
6,460,0.16407391125650128,-0.4199479424004081,0.8925936798558778,-0.061019763496067275,-0.06101976349606712,0.09152964524410069,0.09152965191328022,6.6691795280737765e-09
6,461,-0.1742611401546325,0.5778397927445743,0.7973294356493524,-0.06144021142548297,-0.06144021142548286,0.0921603171382243,0.09216032242909122,5.290866925133919e-09
6,462,0.21860807314484143,-0.39257325451530806,0.8933626084603938,-0.057563986434350047,-0.057563986434349894,0.08634597965152485,0.08634598452905706,4.877532211455815e-09
6,463,0.3886429506747271,-0.19762229168419407,0.8999456020895534,-0.047621695552642396,-0.047621695552642264,0.0714325433289634,0.0714325487649603,5.435996902614093e-09
6,464,-0.45688284385840516,-0.020073248317448514,-0.8893003607836005,-0.0430867936304122,-0.04308679363041208,0.06463019044561813,0.0646301956397366,5.194118468665465e-09
6,465,0.9979681424359613,-0.01927334825324734,-0.06072993273523312,-0.07793497194693093,-0.07793497194693083,0.11690245792039625,0.11690246409790106,6.177504813242862e-09
6,466,-0.94800360310208,-0.288185408750073,-0.13504939351595388,-0.06597089717105889,-0.06597089717105883,0.09895634575658825,0.0989563514464109,5.6898226546975295e-09
6,467,-0.15853055155410598,-0.6382676835606529,-0.7533142958593506,-0.04363988510434617,-0.04363988510434608,0.06545982765651912,0.06545983338712702,5.730607904874674e-09
6,468,-0.03170790941383469,0.9950774291730399,0.09389099227816032,-0.037522221763913274,-0.03752222176391323,0.05628333264586985,0.05628333910046024,6.454590389948223e-09
6,469,-0.007543313772641691,-0.9271092621682849,-0.374715244444506,-0.037719609496295846,-0.037719609496295776,0.05657941424444367,0.05657942031556118,6.071117511496915e-09
6,470,-0.23588677075954073,0.9708755691439244,-0.04192923347852487,-0.037087616211076826,-0.03708761621107679,0.05563142431661519,0.055631430018188155,5.701572963756618e-09
6,471,0.5425406704106612,0.7659100515540179,-0.3450092953514033,-0.07865514746676712,-0.07865514746676706,0.1179827212001506,0.1179827277542067,6.554056103391659e-09
6,472,0.1732361409763339,-0.8228150306172537,0.5412621036521544,-0.048237188555473376,-0.04823718855547329,0.07235578283320994,0.07235578802777809,5.194568150623802e-09
6,473,-0.22521846631681783,-0.37117049390765866,0.9008380025744058,-0.08946204583735834,-0.08946204583735817,0.13419306875603726,0.1341930747078557,5.95181842699688e-09
6,474,-0.9204387363035579,-0.01607403136656726,0.3905562164753446,-0.0998907085296473,-0.09989070852964722,0.14983606279447084,0.1498360699403456,7.145874753033965e-09
6,475,-0.21643172266596997,-0.3041011622611619,-0.9277282967201393,-0.05099194965590805,-0.05099194965590793,0.0764879244838619,0.0764879312664668,6.782604908273093e-09
6,476,0.3981433152242426,-0.7323587529770251,-0.5523880497260835,-0.05843484653716053,-0.05843484653716045,0.08765226980574067,0.08765227571538858,5.909647909918547e-09
6,477,-0.097836785192748,-0.9947173973159017,-0.031068681018457247,-0.0404782593872347,-0.040478259387234664,0.060717389080851995,0.060717395000686736,5.919834740464314e-09
6,478,0.7161139845378787,0.6674412628834235,-0.20421293237663327,-0.07966884578638289,-0.07966884578638282,0.11950326867957424,0.11950327533094551,6.651371273203033e-09
6,479,-0.8544841264968395,-0.24901601993758737,-0.4559033882078266,-0.045184753595863256,-0.04518475359586318,0.06777713039379478,0.06777713529304563,4.89925085223053e-09
6,480,-0.038625372502941666,0.9839096844914381,-0.17444143247224173,-0.041995974738910063,-0.04199597473891004,0.06299396210836507,0.06299396837494697,6.2665819061669126e-09
6,481,-0.21295494013530558,-0.9229715160755236,-0.32058348988246094,-0.037579249100555434,-0.03757924910055537,0.05636887365083306,0.05636888039672883,6.745895765603027e-09
6,482,-0.4400990312449763,-0.07804304359298272,0.8945513546152492,-0.10237544522953246,-0.10237544522953228,0.15356316784429844,0.15356317467629665,6.8319982171605176e-09
6,483,-0.8459739252278965,0.45912724725984944,0.2711646891800227,-0.07398742982840273,-0.0739874298284026,0.11098114474260391,0.11098115065832914,5.915725229121982e-09
6,484,-0.4922437104425215,0.7395969537279727,0.4590125004464277,-0.058513027233082424,-0.05851302723308234,0.08776954084962352,0.08776954857347974,7.723856221275582e-09
6,485,-0.984700094354636,-0.07747268732744546,0.156088778892766,-0.0863113313006112,-0.0863113313006111,0.12946699695091665,0.12946700378435594,6.833439286646481e-09
6,486,0.023728622119405976,-0.8429091713535459,-0.5375324002703398,-0.04145695850281864,-0.041456958502818574,0.062185437754227864,0.06218544290614858,5.15192071642856e-09
6,487,-0.42787033942846614,0.6708772586405375,0.6056819928612097,-0.06419351189253669,-0.06419351189253657,0.09629026783880486,0.0962902729773063,5.1385014437910215e-09
6,488,-0.9363604212111276,0.332331365095814,-0.11307088645125436,-0.05762391042863928,-0.057623910428639194,0.0864358656429588,0.08643587234846706,6.705508259763349e-09
6,489,0.7761983678319007,-0.5007454665842154,-0.38310582280937705,-0.076187066988006,-0.07618706698800591,0.11428060048200887,0.11428060581186728,5.3298584018479644e-09
6,490,-0.7604415105690724,-0.6468390124560283,-0.05768882880018815,-0.06426690243076755,-0.06426690243076749,0.09640035364615124,0.09640035991687057,6.27071933267942e-09
6,491,0.5088071813590128,0.8608704443444851,0.00416296188135961,-0.055673551811580915,-0.05567355181158087,0.08351032771737131,0.08351033337072877,5.653357462720443e-09
6,492,0.8072460059368421,0.34132853063050744,0.4815067186204516,-0.04353895220057152,-0.04353895220057146,0.0653084283008572,0.06530843366103767,5.3601804661518315e-09
6,493,0.2690739228799915,0.8950340801015151,-0.3556869683904754,-0.062442327318309954,-0.062442327318309905,0.09366349097746486,0.09366349779105221,6.813587347109795e-09
6,494,-0.09895310849813507,0.5766986668052851,-0.8109420016397985,-0.06240974079502726,-0.062409740795027126,0.09361461119254069,0.09361461744683552,6.254294832030993e-09
6,495,0.588799066461415,-0.7066760514170891,-0.39233227969123036,-0.060792304733472816,-0.06079230473347274,0.09118845710020912,0.09118846372446754,6.624258419574147e-09
6,496,0.39641853026436896,-0.5391838607711711,0.7430566015768462,-0.04472865435560185,-0.04472865435560173,0.0670929815334026,0.067092988109696,6.576293398730115e-09
6,497,-0.3589032425041447,-0.3928989409035368,0.8466515722284406,-0.09730955280159546,-0.09730955280159531,0.14596432920239297,0.14596433645097662,7.248583649976936e-09
6,498,-0.641109474600809,0.46050624278310903,-0.6139321150867243,-0.03720346484459591,-0.037203464844595795,0.055805197266893695,0.055805203513781265,6.246887569727466e-09
6,499,0.9610019429966006,-0.1793281687528847,-0.2105152570444604,-0.08361576524432798,-0.08361576524432786,0.1254236478664918,0.12542365340761918,5.541127390262801e-09
6,500,0.7698884784591515,0.14406289594314167,-0.6217054067227726,-0.11044069899565473,-0.1104406989956546,0.16566104849348193,0.16566105570658962,7.2131076944703665e-09
6,501,0.8577774725130688,0.3256422616582042,0.39771211330712697,-0.04812731996705433,-0.048127319967054265,0.07219097995058141,0.07219098513422395,5.18364254298298e-09
6,502,0.17872388201047731,0.9767291069272378,-0.11856654536683324,-0.04731712142244473,-0.047317121422444694,0.07097568213366705,0.07097568782699071,5.693323659738958e-09
6,503,0.21795396050112545,-0.853720221071521,0.47292478813810024,-0.04440975014524044,-0.04440975014524036,0.06661462521786055,0.06661462909063331,3.87277276914233e-09
6,504,-0.5602318844081924,0.059345400794439784,-0.826207213171728,-0.03951291895293763,-0.03951291895293751,0.059269378429406265,0.059269385233040595,6.803634329533015e-09
6,505,0.20170482233199985,0.8551806127385547,0.4774738571315988,-0.037166106572032676,-0.037166106572032606,0.05574915985804891,0.05574916500661331,5.148564401202815e-09
6,506,-0.33446120107179883,0.8314587820146482,-0.44363498372910987,-0.04028299317178018,-0.0402829931717801,0.060424489757670154,0.060424494574551346,4.816881192526434e-09
6,507,-0.722993460245136,-0.27935329469691256,-0.6318561491231567,-0.038156150612174096,-0.03815615061217403,0.05723422591826104,0.05723423124326388,5.3250028345108724e-09
6,508,-0.2816695913245919,0.0555045202423255,-0.957904739290764,-0.05335956036339649,-0.053359560363396334,0.08003934054509451,0.08003934598432849,5.439233979886993e-09
6,509,0.09864611956800858,-0.38528500470513566,0.9175098954472033,-0.06610986109345213,-0.06610986109345199,0.09916479164017798,0.09916479720706306,5.566885077912254e-09
6,510,-0.6624950364939931,0.7447865529502842,0.07995822137376636,-0.04871341296197987,-0.048713412961979806,0.07307011944296972,0.07307012356294607,4.119976346195209e-09
6,511,0.07403020027423216,0.8958469333198147,-0.43815271482536855,-0.05591326227301959,-0.055913262273019515,0.08386989340952927,0.08386989852615656,5.116627288526132e-09
7,0,0.8312869333051996,-0.0024590555788849607,-0.5558380947377541,-0.0668278328008088,-0.06682783280080871,0.10024174920121308,0.1002417468476402,2.353572878255328e-09
7,1,-0.8044174167027575,-0.5468990894516367,0.23197845947896387,-0.042376312657921536,-0.042376312657921425,0.06356446898688214,0.06356446619060208,2.7962800686065492e-09
7,2,0.14892398845075436,-0.012561348415323519,0.9887688598403109,-0.10605735637948992,-0.10605735637948989,0.15908603456923484,0.15908603184788817,2.721346675782499e-09
7,3,-0.21469857566219971,0.8138389272101872,0.5399728902139387,-0.06540435239096296,-0.0654043523909629,0.09810652858644435,0.09810652568109646,2.9053478928231513e-09
7,4,-0.3016499676337334,0.8883823790830959,-0.34609831776711364,-0.04151971450884163,-0.041519714508841586,0.06227957176326238,0.0622795676141763,4.149086081650655e-09
7,5,0.06469349589287374,-0.7983954737836217,0.5986479925891215,-0.05760333072814746,-0.05760333072814741,0.08640499609222112,0.08640499288281589,3.2094052276887552e-09
7,6,-0.5536193792657095,-0.5912039053187413,-0.5865010871578322,-0.06125950707399439,-0.06125950707399433,0.0918892606109915,0.09188925870207143,1.9089200636868142e-09
7,7,0.997082974905104,-0.04919469751272477,-0.05835600132822205,-0.03894743625279419,-0.03894743625279408,0.05842115437919112,0.05842115263776648,1.7414246364366726e-09
7,8,-0.4267116963349264,-0.8113484959238816,0.39953816635338424,-0.0475740244145626,-0.047574024414562543,0.07136103662184382,0.07136103513660785,1.485235961995457e-09
7,9,-0.18363787045007163,0.7819449288762614,-0.5956838597286829,-0.05656320485990323,-0.056563204859903175,0.08484480728985477,0.08484480479298284,2.496871931434441e-09
7,10,0.9189418315315985,-0.05086332967406915,-0.3910995166908523,-0.054324898262254666,-0.054324898262254576,0.08148734739338187,0.08148734603752317,1.3558587030892966e-09
7,11,0.0081734209417593,-0.012037994426787364,0.9998941353364813,-0.10968571811915596,-0.10968571811915592,0.1645285771787339,0.1645285754858783,1.6928556056949873e-09
7,12,-0.38772774918209224,-0.2402220036120694,0.8899216715502503,-0.09746320621486987,-0.09746320621486983,0.14619480932230475,0.14619480764865855,1.6736461938560154e-09
7,13,-0.1357693454671372,-0.9631545086641263,-0.2321639017405386,-0.04326634296228964,-0.043266342962289615,0.06489951444343443,0.06489951215327139,2.2901630453153743e-09
7,14,0.11343140084149292,-0.8639934542655253,0.4905595053502297,-0.04948047747259307,-0.04948047747259302,0.07422071620888954,0.07422071290896781,3.299921724764232e-09
7,15,-0.20326030102674209,-0.9777523908583049,0.051821927766021104,-0.03703755421064468,-0.03703755421064467,0.055556331315967,0.055556327593908605,3.722058397603867e-09
7,16,-0.4559553848197432,-0.08116353793314658,0.8862940635951787,-0.09952073485171974,-0.09952073485171968,0.14928110227757954,0.14928109998146866,2.296110884758562e-09
7,17,-0.2781458401540325,-0.902464901881539,0.328925512049387,-0.04307219421688853,-0.04307219421688851,0.06460829132533277,0.06460828955168196,1.7736508095556047e-09
7,18,-0.19738828686151527,-0.8331345716970306,-0.5166475100618231,-0.05995737417515462,-0.05995737417515458,0.08993606126273188,0.08993605860041498,2.6623168947192966e-09
7,19,-0.6595654146200881,-0.2749790529017267,-0.6995426965541853,-0.06828275204794311,-0.06828275204794301,0.10242412807191452,0.10242412612493368,1.9469808404393163e-09
7,20,-0.5627290538639348,0.6206088342722234,0.5460592337472857,-0.06782954017699051,-0.06782954017699049,0.10174431026548574,0.10174430603582252,4.229663216892554e-09
7,21,0.7555693262577148,0.3401857680298379,-0.5598112507340419,-0.0641129506715231,-0.064112950671523,0.09616942600728451,0.09616942242551829,3.581766216953497e-09
7,22,-0.7572263591806627,0.6525785808674274,-0.027375842545072065,-0.037741746336349184,-0.037741746336349136,0.056612619504523704,0.05661261598399747,3.5205262316484465e-09
7,23,-0.7753348815573209,-0.09364553578735002,-0.6245689193896822,-0.05943070189768696,-0.05943070189768687,0.08914605284653031,0.08914605026388855,2.58264175323486e-09
7,24,-0.29491044565543023,0.3391573744933123,0.8933085157828278,-0.10267363262285813,-0.10267363262285809,0.15401044893428714,0.15401044745066983,1.4836173123367047e-09
7,25,-0.0947417214628828,0.985427063219942,-0.1412710490085277,-0.03726888865641386,-0.03726888865641385,0.055903332984620774,0.05590333057581276,2.408808014164876e-09
7,26,0.08653083282922723,-0.9934838770132365,0.0741768230960911,-0.03704507775482834,-0.03704507775482832,0.05556761663224248,0.05556761162317514,5.009067341466e-09
7,27,-0.75771410134911,0.5384628086869575,-0.3686829861516038,-0.04165592367577258,-0.041655923675772505,0.06248388551365876,0.06248388334517685,2.1684819079270667e-09
7,28,-0.36852430681876575,0.9041237511683248,0.2162176631477308,-0.044609931594229414,-0.044609931594229386,0.06691489739134408,0.06691489584653709,1.5448069906609518e-09
7,29,-0.5955569465989103,0.4706752632506921,-0.6509813514392514,-0.059528942561970465,-0.05952894256197038,0.08929341384295558,0.08929341016594705,3.6770085309889566e-09
7,30,-0.6379813268381884,-0.7174376621126238,-0.2797552994818104,-0.04238561512415266,-0.042385615124152586,0.06357842268622889,0.06357842169402161,9.922072746748611e-10
7,31,0.9310790462109652,0.17704081984298756,-0.3189801840494208,-0.048620701934031715,-0.04862070193403161,0.07293105290104743,0.0729310514757664,1.4252810320858345e-09
7,32,0.8548623987894004,-0.08183010481737628,0.5123613110702344,-0.049935493186698876,-0.04993549318669877,0.07490323978004816,0.07490323777892272,2.0011254459051386e-09
7,33,0.18834156958018983,-0.6509679960004068,-0.7353693774908532,-0.08417465359398303,-0.08417465359398298,0.12626198039097447,0.12626197587461974,4.516354734640515e-09
7,34,-0.6622702877742016,-0.07001336477187639,-0.745986725541947,-0.07126118374582843,-0.07126118374582835,0.10689177561874252,0.10689177321054899,2.4081935334763216e-09
7,35,-0.059958988466451216,0.40639869044304905,0.911726397615126,-0.10268194819681642,-0.10268194819681638,0.15402292229522457,0.1540229194185727,2.8766518611611502e-09
7,36,0.5184456119620648,-0.8302924575930867,0.20452037136019563,-0.03761622495552224,-0.037616224955522214,0.056424337433283324,0.05642433326125129,4.172032032345729e-09
7,37,0.9919637949194342,0.028325869804832204,0.12331048077448402,-0.03708727384820149,-0.03708727384820137,0.055630910772302054,0.0556309068255878,3.94671425402171e-09
7,38,-0.6232595775094463,-0.2691266627148451,-0.7342467830768593,-0.07200438369934113,-0.07200438369934105,0.10800657554901158,0.10800657174181438,3.807197196392664e-09
7,39,-0.6551026930211294,0.7093792140776795,-0.260041520205904,-0.03847085747382373,-0.038470857473823665,0.0577062862107355,0.05770628419554669,2.015188814430413e-09
7,40,0.5127695335663395,-0.32958720552809545,0.792741874381781,-0.07444234706991566,-0.0744423470699156,0.11166352060487339,0.11166351593372426,4.671149134161112e-09
7,41,-0.9383638394449869,0.34528524467360444,-0.015855744471706294,-0.03783230621168213,-0.03783230621168205,0.05674845931752308,0.05674845732217548,1.9953475954848088e-09
7,42,0.9810875906204661,0.08822292147441353,0.17229003353951772,-0.03751425413545188,-0.03751425413545176,0.05627138120317764,0.056271377835148684,3.368028952954738e-09
7,43,0.851535488481076,-0.0016226156798005442,-0.5242944582728782,-0.06413414144816716,-0.06413414144816708,0.09620121217225062,0.09620120949849209,2.673758534021964e-09
7,44,-0.41313778634074155,0.9084937895609219,0.06289836108124844,-0.039238207224352305,-0.039238207224352284,0.058857310836528426,0.05885730791632682,2.9202016083029747e-09
7,45,0.9149526681569977,-0.3967129927455325,-0.07402983465653402,-0.03983574187619591,-0.039835741876195846,0.05975361281429377,0.05975361178078842,1.0335053507448677e-09
7,46,0.14589879745862172,0.8216648524670505,-0.5509813164894326,-0.05546395277174236,-0.055463952771742334,0.08319592915761351,0.08319592514904883,4.008564674640169e-09
7,47,-0.003613483945977235,0.7478570732758894,0.6638499383783907,-0.07498855841551016,-0.07498855841551011,0.11248283762326516,0.11248283554587957,2.0773855968769794e-09
7,48,-0.8496876377875767,0.5026120732864229,0.15941148634176677,-0.042871524680762996,-0.04287152468076295,0.06430728702114442,0.06430728310968803,3.911456394889434e-09
7,49,0.3790427067382357,-0.7671939940438468,0.5174359882841565,-0.04994950884963552,-0.04994950884963546,0.0749242632744532,0.07492425846411521,4.810337989047397e-09
7,50,-0.02160021863357965,0.047692164857090956,-0.998628503481763,-0.1089109041453681,-0.10891090414536808,0.16336635621805212,0.16336635516589482,1.0521573057253875e-09
7,51,0.6141425380600541,0.7222552782316879,0.31808215292848785,-0.04413121635117789,-0.0441312163511778,0.06619682452676671,0.06619682163533369,2.8914330235663144e-09
7,52,-0.8082428835267199,-0.58513267063854,0.06605451521147368,-0.03779762928142692,-0.037797629281426805,0.05669644392214021,0.056696443373471794,5.48668416255893e-10
7,53,-0.20468083789742642,-0.7096008825433704,-0.6742198025060353,-0.07359244450040078,-0.07359244450040071,0.11038866675060108,0.11038866487567134,1.8749297392428588e-09
7,54,-0.589281410764801,0.6255390579020845,0.5113201599448416,-0.06489811212794577,-0.06489811212794573,0.0973471681919186,0.09734716505116481,3.1407537959271536e-09
7,55,0.3631677269720912,-0.9314632897366452,0.022030477954670426,-0.03757101243581942,-0.037571012435819395,0.05635651865372909,0.056356515287792064,3.365937029098376e-09
7,56,-0.5191769175943989,0.7900523070291602,0.3259949085416529,-0.05105043825277691,-0.05105043825277688,0.07657565737916533,0.07657565415097878,3.2281865514072194e-09
7,57,-0.04490023580844641,-0.9185035110404329,-0.3928552774632704,-0.05237580595199779,-0.05237580595199775,0.07856370892799663,0.07856370692893577,1.999060861290758e-09
7,58,0.4950945175633162,-0.8120950120292572,-0.3088415615100207,-0.049930911992571235,-0.049930911992571214,0.07489636798885682,0.07489636549840029,2.4904565354422203e-09
7,59,0.09930208542608629,-0.4002333264366341,0.9110172228006981,-0.09228632686896,-0.09228632686895995,0.13842949030343993,0.1384294887052384,1.5982015155735496e-09
7,60,0.10851237484924849,-0.643720971840293,0.7575278047158168,-0.07250319136682228,-0.07250319136682222,0.10875478705023334,0.10875478295702123,4.0932121025960555e-09
7,61,0.3750485829263694,-0.9257200750846709,-0.04879449794960042,-0.03883778302626106,-0.03883778302626105,0.058256674539391574,0.058256671708889485,2.83050208965685e-09
7,62,0.27628398506272794,0.8132280046539849,-0.512179042957008,-0.05366881621640263,-0.0536688162164026,0.0805032243246039,0.08050322214403494,2.180568961507312e-09
7,63,0.6069591000058341,-0.2574519721775944,-0.7518770730258871,-0.08754791181833113,-0.08754791181833109,0.13132186772749666,0.13132186588160621,1.8458904404994314e-09
7,64,-0.13426607073493746,-0.9863357401478824,0.09546952370432046,-0.037118506724470667,-0.037118506724470667,0.055677760086706,0.05567775823722698,1.8494790213208212e-09
7,65,0.6175457088056843,-0.5166953090492319,-0.5930120193910102,-0.07218963517755408,-0.07218963517755406,0.10828445276633109,0.10828444946264781,3.3036832713939646e-09
7,66,0.7707698248102532,0.10068734500260834,-0.6291072529531806,-0.07261420870073385,-0.07261420870073376,0.10892131305110064,0.1089213094718211,3.5792795394229415e-09
7,67,0.08919929371966011,0.01948590140712348,-0.9958231698681577,-0.11042995582052247,-0.11042995582052245,0.16564493373078368,0.16564492971715694,4.013626736520948e-09
7,68,-0.42544619029234376,0.3739999810462555,0.8240871030074014,-0.09548030180944465,-0.09548030180944461,0.14322045271416692,0.14322044800119116,4.712975759657567e-09
7,69,0.7216971449960201,0.6813315409713191,0.12223159240655021,-0.03779824837840629,-0.037798248378406195,0.056697372567609296,0.056697370409697356,2.157911939415502e-09
7,70,0.46241074909631175,0.8843197513145266,0.06445833193002776,-0.037574706573951316,-0.03757470657395126,0.05636205986092689,0.056362058076242505,1.784684386385571e-09
7,71,-0.33922115289235705,0.39910491396263886,-0.8518475668106675,-0.08224280636197191,-0.08224280636197184,0.12336420954295776,0.12336420496250611,4.580451656854834e-09
7,72,0.8528545353792581,-0.4819726682409766,-0.20085190701535113,-0.044646658424071485,-0.04464665842407144,0.06696998763610718,0.06696998094968265,6.686424525170764e-09
7,73,0.5126816074456749,0.19167337422400874,-0.8369103219583935,-0.09267689980091229,-0.09267689980091223,0.13901534970136836,0.1390153464564392,3.2449291587077767e-09
7,74,-0.5139676910327262,-0.8532466763085351,-0.08835905127900585,-0.03779917959022538,-0.03779917959022531,0.056698769385337966,0.05669876651515082,2.8701871435110604e-09
7,75,-0.7666917039154416,-0.6262324919959911,0.14148037714018144,-0.03915070217483667,-0.03915070217483656,0.058726053262254836,0.05872605041146173,2.8507931085219873e-09
7,76,-0.8110254583983323,0.5850010749238699,0.003383514103950776,-0.03825569419008163,-0.038255694190081596,0.057383541285122394,0.05738353681117303,4.473949363759111e-09
7,77,0.26076005381731054,0.744090357923757,0.6150883949304264,-0.06746115824000343,-0.06746115824000336,0.10119173736000504,0.10119173415867877,3.201326273516436e-09
7,78,0.5445609086493322,0.741585109751503,-0.3917970670715451,-0.04810079330547506,-0.048100793305474995,0.0721511899582125,0.07215118780212748,2.156085018856224e-09
7,79,0.7620924780625452,-0.05462632683817896,-0.6451596851142031,-0.07542506997466505,-0.07542506997466497,0.11313760496199746,0.1131376006768825,4.285114957314207e-09
7,80,0.5297852374121083,0.09600605430681008,-0.8426805087081545,-0.09457847037318651,-0.09457847037318647,0.1418677055597797,0.14186770508350932,4.762703842420279e-10
7,81,0.702562601378445,0.6822822439440073,0.2022294012825101,-0.039509967275887285,-0.03950996727588719,0.059264950913830786,0.05926494989205722,1.0217735685325025e-09
7,82,0.6757305466871014,0.7371407778738494,-0.0034207995391845668,-0.03705260236989979,-0.037052602369899684,0.055578903554849526,0.055578901203556796,2.3512927299629283e-09
7,83,-0.16855611490164651,-0.04656818039583336,-0.9845914079982031,-0.1058281608645616,-0.10582816086456157,0.15874224129684236,0.15874224018608274,1.1107596231685335e-09
7,84,0.195054688851133,0.6423857337875889,-0.7411438709072407,-0.07395023240176687,-0.07395023240176683,0.11092534860265026,0.11092534668577514,1.9168751169695852e-09
7,85,0.7721619262171391,0.3019694528085422,0.5590889099876221,-0.055629373037388505,-0.0556293730373884,0.08344405955608261,0.08344405583171621,3.7243663986163966e-09
7,86,-0.12767806211263139,0.1512711874154779,0.9802118854171654,-0.11062091243756778,-0.11062091243756776,0.16593136865635166,0.16593136725751023,1.3988414315768694e-09
7,87,-0.38312341476889994,0.1471593618456138,0.911899430462049,-0.10444588415437624,-0.10444588415437621,0.15666882623156433,0.1566688237475411,2.4840232371037274e-09
7,88,-0.307498888794033,0.7116995445385927,0.6316076247908938,-0.07450506011942223,-0.07450506011942218,0.11175759017913327,0.1117575879061583,2.2729749610261862e-09
7,89,-0.30849558037654157,-0.4460819274261722,-0.8401436727797764,-0.08890715187411552,-0.08890715187411548,0.13336072781117322,0.1333607266285064,1.1826668255832118e-09
7,90,0.05281958151805712,0.3953328212825195,0.9170180217558762,-0.10173933559131083,-0.10173933559131082,0.15260900338696623,0.15260900043667647,2.950289762493341e-09
7,91,-0.4765485658252789,0.3142177588364025,-0.8210777456743656,-0.07798341701142748,-0.07798341701142741,0.11697512551714112,0.11697512264374765,2.873393467606178e-09
7,92,-0.09176911281891555,0.42754513737869954,-0.8993239602258233,-0.09064468570361721,-0.09064468570361715,0.13596702855542575,0.13596702513885006,3.41657568903031e-09
7,93,0.6954525779025317,0.1623441345439911,0.6999929241555842,-0.06717030935351019,-0.0671703093535101,0.10075546403026514,0.10075546091892207,3.111343072070838e-09
7,94,0.813196928962441,-0.15234038565270538,0.5616966811591819,-0.05305498819549192,-0.05305498819549183,0.07958248229323775,0.079582478107465,4.18577275618226e-09
7,95,0.8200330703870866,-0.2172672639566084,0.5294720950950454,-0.05057066482762918,-0.05057066482762907,0.07585599724144361,0.07585599232085016,4.920593446589017e-09
7,96,-0.3723247019902496,0.3585844528102855,0.8560324214015611,-0.09885054094497811,-0.09885054094497808,0.14827581141746712,0.14827580968601595,1.7314511768784513e-09
7,97,0.0452574436868339,-0.5820883339341777,-0.8118650967301564,-0.09108398808273198,-0.09108398808273194,0.1366259821240979,0.13662598136177095,7.623269515644182e-10
7,98,0.03450845312378353,0.8460165562838906,-0.5320386763728275,-0.05319616339405848,-0.053196163394058436,0.07979424509108766,0.079794242047182,3.043905669186664e-09
7,99,-0.790517657604179,0.5268687804700343,0.31223568210891733,-0.05062191414126915,-0.05062191414126911,0.07593287121190367,0.07593286693863277,4.273270903798476e-09
7,100,-0.32345380518014466,0.9255965493801993,0.19659263386493675,-0.043589812906087294,-0.043589812906087266,0.0653847193591309,0.06538471292172332,6.4374075792184016e-09
7,101,0.8145653862483532,0.47697712253111785,0.3301152164139152,-0.04296514163398077,-0.042965141633980665,0.064447712450971,0.06444770966895774,2.782013258650906e-09
7,102,0.7084254028120802,-0.038378952856608604,-0.7047414452323435,-0.08123463466327785,-0.08123463466327781,0.12185195199491672,0.12185194936398247,2.630934248237793e-09
7,103,0.786407625902399,-0.5075800222755691,0.35203063348135694,-0.04104756991305724,-0.04104756991305718,0.061571354869585766,0.06157135357121035,1.2983754141271397e-09
7,104,0.6666141794032252,-0.7431849015995518,-0.057460750543559425,-0.03942624527255396,-0.039426245272553936,0.059139367908830905,0.05913936423906918,3.6697617236680635e-09
7,105,0.5425590936183308,-0.8129362445981493,-0.21157573620506032,-0.044884480822778045,-0.04488448082277803,0.06732672123416705,0.06732671919973399,2.0344330664556765e-09
7,106,0.17323629330456183,0.7005678173280133,0.6922383404625602,-0.07573698140408616,-0.07573698140408609,0.11360547210612915,0.11360547086392003,1.2422091133501567e-09
7,107,0.5981570499148215,0.35071477116684785,-0.7205604019945749,-0.07844335459644174,-0.07844335459644167,0.1176650318946625,0.11766502910903753,2.7856249668056776e-09
7,108,-0.13126725955514165,0.3064878612362282,0.9427799836036643,-0.1069760496552554,-0.10697604965525537,0.16046407448288305,0.16046407397274365,5.101394029427553e-10
7,109,-0.010246533967886155,-0.8740092537930766,-0.4858012276906208,-0.05922757482543834,-0.0592275748254383,0.08884136223815746,0.08884136065701043,1.5811470327475874e-09
7,110,-0.564118113872613,0.4982283709698975,0.658436970378705,-0.07838107031411759,-0.07838107031411752,0.11757160547117629,0.11757160384151533,1.6296609617327817e-09
7,111,0.20658090033500534,-0.7230876140170024,0.6591423473514483,-0.06183331153487608,-0.06183331153487603,0.09274996730231405,0.0927499646530272,2.6492868454575103e-09
7,112,-0.05733186622570493,0.122410628857408,-0.9908222318144723,-0.10645662359031624,-0.10645662359031621,0.15968493538547432,0.15968493333184952,2.053624797992981e-09
7,113,-0.15686938216764032,0.0623620532683543,0.9856485028906085,-0.11084865732351869,-0.11084865732351866,0.166272985985278,0.16627298565774495,3.275330562324541e-10
7,114,-0.6158542153783308,-0.6964912950600276,-0.368270907493853,-0.04648505954034862,-0.04648505954034854,0.06972758931052281,0.06972758620493735,3.105585455465132e-09
7,115,0.7794955355324121,-0.4230845705102587,0.4619373943308638,-0.04605059981380814,-0.04605059981380803,0.06907589972071206,0.06907589639171263,3.3289994233465237e-09
7,116,-0.42728545936025125,0.8358484529663394,0.3446512728731407,-0.051891798424734466,-0.05189179842473442,0.07783769763710163,0.07783769601088508,1.6262165503100334e-09
7,117,0.10804425128850509,-0.495641306534339,-0.8617807929052723,-0.09748841515560427,-0.09748841515560423,0.14623262273340637,0.14623261906931972,3.6640866452053444e-09
7,118,-0.3853118937974575,-0.8919079007747882,-0.2367172174425159,-0.042212772521834245,-0.04221277252183419,0.0633191587827513,0.06331915408663846,4.696112831936716e-09
7,119,0.502099532065756,-0.5475645110366728,-0.6693796875858412,-0.07932129788954626,-0.07932129788954621,0.11898194683431933,0.11898194235415716,4.480162171804913e-09
7,120,-0.26612198629022354,-0.5436454522386098,-0.7960079840511799,-0.08499480453989568,-0.08499480453989562,0.12749220680984344,0.1274922042937554,2.5160880323671364e-09
7,121,-0.39379950078695447,0.701527416815357,-0.5939539011037117,-0.055330578133718174,-0.055330578133718104,0.08299586720057717,0.08299586434779016,2.852787006624169e-09
7,122,0.4821346991579938,-0.7333666968648687,-0.47929053798019294,-0.06187514102224543,-0.061875141022245395,0.09281271153336809,0.09281270751948512,4.013882975995031e-09
7,123,-0.5785979811110729,0.4424442055130005,-0.6851769853564554,-0.06271658103502085,-0.06271658103502079,0.09407487155253118,0.09407486872836657,2.824164610504276e-09
7,124,0.5685942712491326,-0.24202846248010465,0.7862078465979492,-0.07387853481761793,-0.07387853481761783,0.11081780222642675,0.11081779799360092,4.232825825956077e-09
7,125,0.03506712026606936,-0.3098192388889981,-0.9501485864276633,-0.10669072509909569,-0.10669072509909568,0.16003608764864352,0.16003608438452943,3.2641140901290555e-09
7,126,-0.6586965514474628,-0.632996080535787,0.40673678852244427,-0.05015769724862128,-0.050157697248621194,0.0752365458729318,0.07523654338426056,2.488671241307472e-09
7,127,0.8301727334543618,0.09048356968587215,0.5501144937609032,-0.053419345501591976,-0.053419345501591865,0.0801290182523878,0.08012901453469112,3.7176966782848098e-09
7,128,-0.8593034947155196,-0.5103753883398378,-0.033383632915767826,-0.03705036905150014,-0.03705036905150001,0.05557555357725002,0.05557555110557999,2.47167002837001e-09
7,129,-0.5804167205278724,-0.23469442454554065,0.7797659633626663,-0.0860509925867087,-0.08605099258670865,0.12907648888006298,0.1290764856110016,3.2690613827046633e-09
7,130,-0.12012087670596443,-0.9925485205567341,-0.020455056099381436,-0.037556320664291175,-0.03755632066429115,0.056334480996436724,0.056334477360753255,3.6356834695605578e-09
7,131,0.2737745899206937,0.6288956278571003,-0.7276934541247294,-0.07348029838460153,-0.07348029838460148,0.11022044757690222,0.11022044527075892,2.306143304098285e-09
7,132,-0.22974865457320312,0.5636073943146876,0.7934495956238248,-0.0909115780583627,-0.09091157805836265,0.136367367087544,0.1363673632348572,3.852686780714265e-09
7,133,0.6348545976052333,0.5664266768871905,-0.5254716544305996,-0.05874587531881412,-0.058745875318814034,0.08811881297822105,0.088118810859239,2.118982045384854e-09
7,134,0.5651277788601434,0.6108630295853784,0.5545060438321427,-0.05867290174049197,-0.05867290174049189,0.08800935261073783,0.08800934842012609,4.1906117465018156e-09
7,135,-0.5787886483991953,-0.7487638263571457,0.3230424628794778,-0.044674864856408654,-0.044674864856408585,0.06701229728461289,0.06701229432470868,2.959904210619868e-09
7,136,-0.3722950686849494,-0.6964852221413361,0.6134368078063156,-0.06305887824459203,-0.06305887824459197,0.09458831736688796,0.09458831495834374,2.4085442112964373e-09
7,137,0.8420004733180997,-0.17950250854169222,0.50873770487289,-0.04934075082861474,-0.04934075082861464,0.07401112624292196,0.0740111236186003,2.6243216627586108e-09
7,138,0.32581102198458795,-0.8836997315715838,-0.3360386322637162,-0.05091437240820351,-0.050914372408203484,0.07637155861230523,0.07637155352568925,5.086615975646858e-09
7,139,0.08727010341679702,0.08505714766113212,-0.9925468304726854,-0.10919349811052105,-0.10919349811052101,0.16379024716578153,0.16379024386781182,3.2979697028867605e-09
7,140,-0.19969453124230785,-0.7104612192679528,-0.6748088248594626,-0.0737116651195638,-0.07371166511956377,0.11056749767934566,0.11056749543714162,2.242204047431251e-09
7,141,0.23698369786159487,0.9399341923995567,0.24568768977308905,-0.04333567654631305,-0.043335676546313,0.0650035148194695,0.06500351229510315,2.5243663548391027e-09
7,142,-0.5170221395278382,-0.8435154006072747,0.1454987153771651,-0.038320525513760466,-0.0383205255137604,0.057480788270640605,0.05748078540923629,2.8614043148800228e-09
7,143,-0.06223085625573407,-0.5834644900720051,-0.8097508933954277,-0.08949361813084568,-0.08949361813084564,0.13424042719626847,0.13424042571985595,1.4764125200183997e-09
7,144,-0.6550310267309376,-0.033561618026852265,0.7548562590422321,-0.08580559719298586,-0.08580559719298579,0.1287083957894787,0.1287083939427447,1.8467340157091172e-09
7,145,0.8086444308315106,0.49258556120015773,-0.32164211381954927,-0.04674300912564138,-0.04674300912564127,0.07011451368846192,0.07011451003124947,3.6572124495481972e-09
7,146,0.377603226196999,-0.28804080142819205,-0.8800274429119941,-0.10144517806562112,-0.10144517806562109,0.15216776709843163,0.15216776588777847,1.210653161054509e-09
7,147,0.1167042046767125,0.9746826774714739,0.19071918321924186,-0.04172760768871956,-0.04172760768871953,0.0625914115330793,0.0625914084451118,3.0879675066985968e-09
7,148,-0.1889131181684585,0.06573653126555344,0.9797910707089766,-0.11049784829758845,-0.11049784829758841,0.1657467724463826,0.1657467704752058,1.9711768051156042e-09
7,149,0.3770946932606648,0.914091222382073,-0.1491201846789787,-0.03803342654490078,-0.038033426544900745,0.05705013981735112,0.057050135449099315,4.368251801945e-09
7,150,-0.9188777404789928,0.3343443728825677,0.20946965979344867,-0.04483272939464663,-0.04483272939464656,0.06724909409196984,0.06724909101807341,3.073896429062195e-09
7,151,0.1431214123769735,-0.9092182519295031,-0.3909455610151864,-0.053477700919155186,-0.05347770091915516,0.08021655137873274,0.08021654590573135,5.473001385425391e-09
7,152,-0.9073159342377851,0.3511271925131434,0.23127362615753086,-0.04591359079733911,-0.04591359079733903,0.06887038619600855,0.06887038300762427,3.1883842788182903e-09
7,153,0.9678854489871934,-0.24810751450973131,0.04050208491747256,-0.03745053607993789,-0.037450536079937785,0.05617580411990668,0.056175802898295046,1.2216116312968595e-09
7,154,0.12127728722076798,-0.9739832404525296,0.19143789311931228,-0.03783753187986461,-0.037837531879864585,0.05675629781979688,0.056756292721171775,5.098625105448562e-09
7,155,0.9058676760610618,-0.41552740200028526,-0.0821019588963915,-0.04008693437203486,-0.040086934372034796,0.060130401558052195,0.06013039649532814,5.062724052484757e-09
7,156,0.9308739577716694,-0.36405121194911894,0.030665776052242206,-0.037631751671702636,-0.037631751671702574,0.05644762750755386,0.05644762574030793,1.7672459329265422e-09
7,157,0.698510500561441,0.009935785854174276,0.7155308244687051,-0.06750589129417613,-0.06750589129417604,0.10125883694126407,0.10125883465050833,2.2907557378770704e-09
7,158,0.4132400970808718,-0.8028031193728811,0.42981364995747084,-0.04483616142464523,-0.04483616142464517,0.06725424213696776,0.06725423690179255,5.235175210005494e-09
7,159,0.47135683844601994,-0.30296596433883716,0.8282719090385785,-0.07892582751271644,-0.07892582751271637,0.11838874126907456,0.11838873908986969,2.1792048721103185e-09
7,160,-0.03577073000354516,0.23132222195959692,-0.9722193602797099,-0.10297535338512923,-0.1029753533851292,0.1544630300776938,0.1544630284788795,1.5988143031719915e-09
7,161,-0.05884898429849704,0.7692394131164944,-0.6362448603762757,-0.06085238645218381,-0.060852386452183764,0.09127857967827566,0.0912785777518188,1.9264568551502492e-09
7,162,-0.815150837174456,-0.5352351978597358,0.22147775424595786,-0.04204483035273799,-0.04204483035273788,0.06306724552910682,0.06306724309457223,2.4345345878140634e-09
7,163,-0.7103501261850822,0.703714952786813,-0.013709976407398376,-0.03793865643214876,-0.03793865643214873,0.056907984648223095,0.05690798249302631,2.155196784925373e-09
7,164,0.0821790504131034,0.1637024085308845,-0.9830809351800023,-0.10689199306847574,-0.10689199306847572,0.1603379896027136,0.16033798733161575,2.2710978375695134e-09
7,165,-0.562008287240013,-0.6077651762205233,0.561042044455835,-0.0607907569776907,-0.06079075697769064,0.09118613546653596,0.09118613503167339,4.34862576503825e-10
7,166,-0.9196839059235925,0.15831987382038012,-0.35932760920728524,-0.04178642942342661,-0.041786429423426495,0.06267964413513975,0.06267964064443632,3.4907034346387533e-09
7,167,-0.07490985806832762,-0.9965640915609731,-0.03533446724425554,-0.03782720626077859,-0.03782720626077856,0.056740809391167844,0.056740807885535816,1.5056320287754055e-09
7,168,0.12672342405393155,0.21246583791354123,-0.9689166329028233,-0.10498677966876141,-0.10498677966876138,0.1574801695031421,0.15748016918282204,3.203200482637669e-10
7,169,0.5294256851593094,0.5907729696747424,0.6088478809976113,-0.06338309171942323,-0.06338309171942313,0.0950746375791347,0.09507463566427177,1.914862934881967e-09
7,170,-0.5183493360845912,-0.6153359825001098,0.5938649631198057,-0.06316772679367208,-0.06316772679367204,0.09475159019050806,0.09475158713190268,3.058605382855184e-09
7,171,0.2715725462898157,-0.9121509350768875,0.30696746365050764,-0.040252782051638625,-0.0402527820516386,0.060379173077457896,0.060379172495128586,5.823293097728666e-10
7,172,-0.7730819708104265,0.5417192111324898,0.3299766093192964,-0.051721794028170474,-0.05172179402817043,0.07758269104225565,0.07758268888435893,2.157896722421171e-09
7,173,-0.5826366962262476,0.6843848485701701,0.4383512966310797,-0.05901476203127812,-0.05901476203127809,0.08852214304691713,0.08852214100629752,2.0406196177269464e-09
7,174,0.22329733289660436,-0.762061199366996,0.607783702924485,-0.05729855919852395,-0.0572985591985239,0.08594783879778585,0.08594783634796599,2.4498198608613464e-09
7,175,-0.05859121488624307,0.8056955092439286,0.5894249875279471,-0.06850586571059836,-0.0685058657105983,0.10275879856589745,0.10275879591681303,2.6490844240445455e-09
7,176,0.2774052314036992,0.794566536686455,0.5401021721562989,-0.06099072077533215,-0.0609907207753321,0.09148608116299815,0.09148607843512124,2.7278769104688294e-09
7,177,-0.3097961765347657,0.9163154050247558,-0.2537565910843655,-0.038736152031168085,-0.03873615203116805,0.058104228046752075,0.058104225597599424,2.449152651518016e-09
7,178,-0.8880989795980194,-0.4354209357680592,-0.14727121623665712,-0.0376508577391698,-0.03765085773916967,0.05647628660875451,0.056476284759909845,1.848844667640126e-09
7,179,0.5910497509532392,-0.7845281123821854,0.18755221347709786,-0.03737813321180981,-0.03737813321180977,0.05606719981771466,0.05606719671868987,3.099024786790139e-09
7,180,-0.9197198285411432,-0.3735514108417413,0.12072605537494648,-0.03950962061461172,-0.03950962061461159,0.05926443092191739,0.05926442808723564,2.8346817462776563e-09
7,181,-0.12470496151774649,0.7518109055792395,0.647478984079778,-0.07457357479602414,-0.07457357479602408,0.11186036219403613,0.1118603584759903,3.7180458295482666e-09
7,182,0.24297546480015486,0.17971055489752677,-0.9532402844842279,-0.10477004661154866,-0.10477004661154862,0.15715506991732295,0.15715506812563618,1.791686771168699e-09
7,183,0.9839573518125346,-0.17770219514993663,0.015806949514622397,-0.037712128186182504,-0.03771212818618241,0.056568192279273614,0.056568189021888315,3.2573852989936647e-09
7,184,-0.4573181116441437,-0.0029280132786668454,-0.8892983591014179,-0.08895107799543689,-0.08895107799543685,0.13342661699315528,0.13342661281390278,4.179252499625363e-09
7,185,-0.6161601435548154,0.5722434527512932,0.5411876830433116,-0.06752442494086743,-0.0675244249408674,0.1012866374113011,0.10128663463504495,2.776256155523349e-09
7,186,0.7683247443703675,-0.13773659262189478,-0.6250645712573379,-0.0740501671750286,-0.07405016717502852,0.11107525076254278,0.11107524899856003,1.7639827515347761e-09
7,187,-0.9492355990541753,0.2776300749053727,-0.1478963116385865,-0.0371102933008574,-0.0371102933008573,0.05566543995128595,0.05566543614943242,3.80185352644169e-09
7,188,-0.33070614891621564,-0.943416031192617,0.024487448984675877,-0.03705262556252078,-0.03705262556252074,0.05557893834378111,0.0555789372858051,1.0579760123530235e-09
7,189,-0.8374992389611762,-0.08007420466807447,0.5405396807693457,-0.06490315030305105,-0.06490315030305097,0.09735472545457645,0.09735472289440494,2.5601715053502616e-09
7,190,-0.07839213187032654,0.7392345552543192,0.6688699021325255,-0.0762445369119648,-0.07624453691196474,0.11436680536794712,0.11436680213972039,3.228226727602923e-09
7,191,-0.7248839312738938,-0.5697053717916846,0.38727132030735634,-0.04966738035473855,-0.04966738035473846,0.0745010705321077,0.07450106781492494,2.7171827565730666e-09
7,192,-0.8780475055993979,-0.44493472251958793,0.17625456194689695,-0.04089579583316493,-0.04089579583316481,0.06134369374974721,0.06134368985000194,3.899745276703115e-09
7,193,0.6467918103835909,-0.7603506617702638,0.05939044675904318,-0.037330994097717,-0.03733099409771697,0.05599649114657546,0.05599648938980906,1.7567664059581212e-09
7,194,-0.834041349611983,0.5092877466935971,0.21213443427501455,-0.045197632235241134,-0.04519763223524109,0.06779644835286164,0.06779644484700142,3.5058602132487238e-09
7,195,-0.784921857601341,0.13295678353531099,0.6051612769928397,-0.07214193004069079,-0.0721419300406907,0.10821289506103604,0.10821289281315316,2.247882879835572e-09
7,196,-0.9404037985650548,-0.199047889604476,-0.2757183949039672,-0.039863367130080256,-0.03986336713008013,0.0597950506951202,0.05979504807962499,2.6154952093015993e-09
7,197,0.5334936947992709,0.6485261867825888,-0.542953278530167,-0.05883028858202299,-0.058830288582022924,0.0882454328730344,0.08824543040741872,2.4656156699665033e-09
7,198,0.009508525491759704,-0.904706052153029,0.4259302139325799,-0.04626535510377524,-0.046265355103775205,0.06939803265566281,0.06939803037786518,2.27779763106728e-09
7,199,-0.9794775946160558,-0.08863489681947963,0.18101794582567154,-0.04244035520408294,-0.04244035520408281,0.06366053280612423,0.06366053101336533,1.7927588996657917e-09
7,200,-0.6437412246267828,-0.16638342378324777,0.7469362703779849,-0.08354106884017809,-0.08354106884017803,0.12531160326026705,0.12531160137330133,1.8869657225639713e-09
7,201,-0.774475912096095,0.3336269468458966,0.5374756942608728,-0.06694873264126841,-0.06694873264126834,0.10042309896190252,0.1004230962275976,2.7343049213701676e-09
7,202,0.12566930006492336,0.9758223142072383,0.1788240423333006,-0.0412694565567072,-0.04126945655670717,0.06190418483506076,0.061904180392868824,4.4421919337400695e-09
7,203,-0.930539690741015,0.22507932258794414,-0.2888514886563138,-0.03936146441214652,-0.03936146441214641,0.05904219661821962,0.059042194744396426,1.8738231938320027e-09
7,204,0.019271480305137378,-0.13515916925309937,0.9906364666282282,-0.10683365001666954,-0.10683365001666952,0.16025047502500428,0.1602504726139209,2.4110833884982696e-09
7,205,0.925762799437235,0.3189554585446212,0.2030533295534061,-0.03836305012334475,-0.03836305012334462,0.05754457518501693,0.05754457327311613,1.9119008043411156e-09
7,206,0.19663637937018313,-0.6118456523866644,0.7661455683900563,-0.0727315335673075,-0.07273153356730742,0.10909730035096114,0.10909729786234834,2.488612801943013e-09
7,207,-0.518979756420993,-0.1905794283742923,-0.8332703606307708,-0.08323149956052953,-0.08323149956052947,0.1248472493407942,0.12484724504213673,4.298657471646372e-09
7,208,0.4845578847181172,0.8531140157025309,0.19339113880787187,-0.040258811171611016,-0.04025881117161095,0.06038821675741643,0.060388212486106596,4.271309833603354e-09
7,209,-0.1240042115398563,0.42082370872536723,0.8986269313207823,-0.10191087358171995,-0.10191087358171991,0.15286631037257986,0.15286630850042116,1.8721587058401212e-09
7,210,0.9214473907808497,0.18226453740277232,0.3430952410461523,-0.042152494854054846,-0.04215249485405472,0.06322874228108209,0.06322873752351299,4.7575691025647515e-09
7,211,-0.3005097189681688,-0.6240812229008421,-0.7212603801875309,-0.07685384754521477,-0.07685384754521472,0.11528077131782209,0.11528076687694622,4.440875875366679e-09
7,212,0.7749495804000481,-0.4273231571447404,0.46566948279400994,-0.046249731996618526,-0.046249731996618436,0.06937459799492766,0.06937459218203657,5.812891099021833e-09
7,213,0.11352353503293722,-0.8961518878507477,-0.4289804201769193,-0.05592192370232135,-0.055921923702321304,0.08388288555348196,0.08388288258442955,2.969052406709416e-09
7,214,0.5937686418407739,0.7003796821506878,-0.39611500955791146,-0.048816019737939,-0.048816019737938914,0.07322402960690838,0.07322402545417717,4.152731214457361e-09
7,215,0.34605307495517157,0.9301220620812483,0.1229642994685733,-0.038892554319253175,-0.038892554319253134,0.0583388314788797,0.05833882960049053,1.878389173370909e-09
7,216,-0.18901659092658385,0.7427221462216277,-0.642367917837147,-0.06044831268351912,-0.060448312683519065,0.0906724690252786,0.09067246675709129,2.2681873185215196e-09
7,217,-0.10830616924380686,0.8796592504207209,-0.46310838564313134,-0.047843101804425955,-0.047843101804425914,0.07176465270663887,0.0717646511660952,1.5405436648574522e-09
7,218,-0.12544876850202202,0.9634555345945637,-0.236677078189734,-0.03868652681652839,-0.03868652681652838,0.05802979022479257,0.05802978791935587,2.305436702654262e-09
7,219,-0.001097370947591089,-0.8842159659997707,0.467076997130126,-0.04867620443663358,-0.04867620443663355,0.07301430665495033,0.0730143029370467,3.7179036377343877e-09
7,220,-0.5977354596206814,0.20211705752620587,-0.7757970194380751,-0.07282143595140451,-0.07282143595140445,0.10923215392710667,0.10923214971425566,4.212851012486141e-09
7,221,-0.3755825843983485,-0.19656825209404996,0.9057033976779304,-0.09986389939387377,-0.09986389939387372,0.1497958490908106,0.14979584656016343,2.5306471640451633e-09
7,222,-0.7806736045554493,0.4594842569897489,-0.4235834519064458,-0.044059314911096124,-0.04405931491109604,0.06608897236664407,0.06608897179516404,5.71480029964988e-10
7,223,0.795924405408324,0.5860295455732765,-0.15190033769081857,-0.03957807391578542,-0.03957807391578531,0.059367110873677964,0.05936710983922566,1.034452301595934e-09
7,224,-0.9907200717452606,-0.0018709903287594672,0.13590525683819416,-0.04105937073999352,-0.04105937073999341,0.06158905610999012,0.06158905468955922,1.4204308979026692e-09
7,225,-0.5903915629648749,-0.19953052872118165,-0.782064812204294,-0.07678055800165466,-0.07678055800165459,0.11517083700248189,0.11517083398082661,3.021655273216517e-09
7,226,-0.2945768685945218,-0.5390517100955878,-0.7890803015739705,-0.0838047182126071,-0.08380471821260703,0.12570707731891057,0.12570707391690306,3.4020075090346324e-09
7,227,-0.1597761003554438,0.9405181944607182,0.29982849038001375,-0.048001898235811045,-0.048001898235811,0.0720028473537165,0.07200284396491341,3.388803085369041e-09
7,228,-0.3104054297097088,-0.7573247327595856,0.5745500137998028,-0.058906496571042175,-0.05890649657104213,0.0883597448565632,0.08835974035781291,4.498750288961517e-09
7,229,-0.829024333828416,0.04921827256324094,-0.5570423821992736,-0.05316819837536929,-0.05316819837536919,0.07975229756305378,0.0797522950457541,2.517299688142849e-09
7,230,-0.05026302403510074,0.4682957319857484,-0.8821409954303103,-0.08864435913330264,-0.08864435913330258,0.1329665386999539,0.1329665377802769,9.196770012209754e-10
7,231,-0.38022940683302536,0.9247447501784813,-0.01651499914452407,-0.03765800938990562,-0.03765800938990561,0.056487014084858414,0.056487010902106505,3.18275190924755e-09
7,232,0.3817040232020881,0.7814334236727257,-0.49362317919488147,-0.053282627647195505,-0.05328262764719546,0.0799239414707932,0.0799239383009187,3.169874487896074e-09
7,233,0.8725050856470843,-0.4211471939747022,-0.24772952292209524,-0.046870850608295364,-0.0468708506082953,0.07030627591244296,0.07030627191539907,3.997043890313634e-09
7,234,-0.9873477613966423,-0.1576124657202844,-0.01739852621952046,-0.037387315137900924,-0.0373873151379008,0.0560809727068512,0.05608097181086791,8.95983294502134e-10
7,235,-0.7325474641449132,-0.5005989005094166,0.46127535549129445,-0.0549939046158038,-0.054993904615803696,0.08249085692370554,0.08249085442502135,2.4986841901109003e-09
7,236,-0.39776435670840843,-0.9020603686470927,0.16754285376767708,-0.0384318566899554,-0.03843185668995536,0.057647785034933036,0.057647782381042845,2.653890190940089e-09
7,237,0.20221269623089982,0.8261794325937234,-0.5258683966945943,-0.054039205897332944,-0.0540392058973329,0.08105880884599936,0.08105880550113298,3.344866383869771e-09
7,238,0.8075851619431639,0.5723682959722968,-0.14212930723465522,-0.03937644936739643,-0.03937644936739632,0.05906467405109449,0.05906467120952996,2.8415645253465627e-09
7,239,0.0734798748951917,-0.7410084215254457,-0.6674632778016738,-0.07605630946566785,-0.07605630946566781,0.11408446419850173,0.11408446271010675,1.4883949767119375e-09
7,240,0.5274441314644779,0.8312398445466761,0.17562177832404588,-0.03957235356871595,-0.039572353568715884,0.05935853035307383,0.05935852642746653,3.9256072975613066e-09
7,241,-0.2571969203458188,0.37629623793766703,-0.8900847630864068,-0.08794536028543866,-0.0879453602854386,0.1319180404281579,0.13191803899248455,1.435673357974565e-09
7,242,0.5952102816207525,-0.6579486522956803,0.46133316767304106,-0.04604335368529668,-0.04604335368529662,0.06906503052794494,0.06906502730830155,3.219643385232729e-09
7,243,-0.6989069392359016,0.6823857643813249,-0.21419327453871784,-0.03765504778263508,-0.03765504778263503,0.05648257167395255,0.05648256723445044,4.439502106212689e-09
7,244,0.9183468084442242,-0.38590131246137455,0.08785964068271644,-0.03711904239193408,-0.037119042391934004,0.055678563587901006,0.055678560373362274,3.2145387324211683e-09
7,245,-0.9906959050641454,0.11964511509372858,-0.06485884768743556,-0.037174379278041916,-0.037174379278041805,0.05576156891706271,0.05576156619779837,2.719264334538618e-09
7,246,-0.354713827128469,0.3085840722843692,-0.8825836907490812,-0.08648463904587776,-0.08648463904587769,0.12972695856881655,0.12972695834223558,2.265809762036497e-10
7,247,-0.6914029252998235,0.18206417051547252,0.6991527963910034,-0.08165611305706552,-0.08165611305706547,0.1224841695855982,0.12248416586535527,3.720242933158424e-09
7,248,-0.0015236397910843604,0.21285633638063092,0.977082319246645,-0.10901291035529322,-0.10901291035529317,0.16351936553293978,0.1635193633275911,2.205348681449948e-09
7,249,-0.7539487435073811,0.5434817553680209,0.36903776737040883,-0.05426308472260636,-0.05426308472260632,0.08139462708390949,0.0813946257616216,1.3222878902929835e-09
7,250,-0.19998834823196113,-0.9629499065392148,0.18092025333712525,-0.03821758141161761,-0.0382175814116176,0.0573263721174264,0.05732636865207752,3.46534888284733e-09
7,251,0.1196763736372234,0.9214630284799021,-0.36957198586701734,-0.04409117860497237,-0.044091178604972345,0.06613676790745852,0.0661367641208166,3.786641930569878e-09
7,252,-0.7596652153124192,0.27850343443876924,-0.5876602740105427,-0.05457001906077652,-0.05457001906077642,0.08185502859116464,0.08185502692326097,1.6679036762834443e-09
7,253,0.6499029621018819,-0.7554583272412597,-0.08311952630421682,-0.04012955605216055,-0.04012955605216054,0.060194334078240805,0.060194332851537524,1.2267032806212441e-09
7,254,0.9201508890981936,-0.1267785326307675,-0.3704720569162985,-0.05329699134280001,-0.05329699134279992,0.07994548701419989,0.07994548217871156,4.835488329191229e-09
7,255,0.8539303691674169,0.3966673026723303,0.3368352350990866,-0.0428261200836351,-0.04282612008363497,0.06423918012545246,0.06423917509046362,5.034988842522736e-09
7,256,-0.15305734247503627,-0.3910883015174122,-0.9075369911638341,-0.09904347238427809,-0.09904347238427808,0.1485652085764171,0.14856520597072986,2.60568724930188e-09
7,257,-0.44319613624669474,-0.5019424668258403,0.7427186175213271,-0.07790496493883149,-0.07790496493883144,0.11685744740824716,0.11685744455425251,2.853994651719205e-09
7,258,0.5874231188718545,-0.38016550576162206,0.7144286301960983,-0.06566423798707743,-0.06566423798707735,0.09849635698061603,0.09849635412839675,2.852219280202739e-09
7,259,-0.4965982224389197,-0.8407602616576183,-0.21566730834300848,-0.04090531174772891,-0.04090531174772885,0.061357967621593276,0.061357964542541055,3.0790522215218274e-09
7,260,0.5790130986977181,-0.5043879387702561,-0.6405752405139922,-0.07665344212825352,-0.0766534421282535,0.11498016319238025,0.11498016011524115,3.077139099083581e-09
7,261,0.7944691028937189,0.5798888603920543,-0.18040996131160286,-0.04042367079804253,-0.04042367079804241,0.06063550619706362,0.0606355035626116,2.6344520176468933e-09
7,262,-0.622929340307484,0.7806674720359696,-0.05017305142256551,-0.03741376161840755,-0.03741376161840754,0.056120642427611306,0.056120640079537765,2.348073541158513e-09
7,263,-0.3998621116903328,0.4738040565573342,-0.7846145599110191,-0.07362501233864095,-0.07362501233864086,0.11043751850796128,0.11043751330097606,5.206985217998117e-09
7,264,0.5687689743900326,0.4447958395924943,-0.6918515121415277,-0.07428420630753892,-0.07428420630753882,0.11142630946130823,0.11142630568228284,3.779025384287316e-09
7,265,-0.9588989417673938,-0.26570647525641927,0.09956348971476583,-0.039274064463659906,-0.03927406446365978,0.058911096695489676,0.058911094058533564,2.6369561118011475e-09
7,266,0.5348539684790317,0.04627019375488712,-0.8436766570032125,-0.09526830484818831,-0.09526830484818825,0.1429024572722824,0.14290245514692046,2.1253619419958625e-09
7,267,-0.39975384459155805,-0.509298500107872,-0.7621101636391817,-0.0792753783347,-0.07927537833469996,0.11891306750204994,0.11891306689326697,6.08782968480881e-10
7,268,-0.9276400430102476,-0.14396978254354031,0.3446108708649682,-0.050294026336224165,-0.050294026336224054,0.07544103950433609,0.07544103536316626,4.1411698237237005e-09
7,269,0.8886088914829311,0.1873330085639883,-0.41866523844217224,-0.054775476397339776,-0.05477547639733966,0.08216321459600949,0.0821632109571091,3.6389003893466665e-09
7,270,-0.8631923589989977,0.45662077759743347,0.21539827490502517,-0.045302853655853965,-0.04530285365585391,0.06795428048378087,0.0679542769277397,3.5560411698609684e-09
7,271,-0.1969025955535639,0.9179308391915827,-0.34443046079768647,-0.04175965999496829,-0.041759659994968265,0.0626394899924524,0.06263948665319319,3.3392592163616897e-09
7,272,0.21552202343511045,0.5588140763010232,-0.80079778068016,-0.08135413492607683,-0.08135413492607681,0.12203120238911522,0.12203120042242332,1.9666918926741772e-09
7,273,0.07278679611600553,-0.25316616615040166,0.9646807630651056,-0.101196738185171,-0.10119673818517093,0.1517951072777564,0.15179510565177523,1.6259811830288129e-09
7,274,-0.43747083688288585,0.49954827657449646,0.7477103625391573,-0.0872333106592041,-0.08723331065920406,0.1308499659888061,0.1308499655849893,4.03816813321356e-10
7,275,-0.37922946830452764,-0.22123171071477993,0.8984662155827994,-0.09868371447415147,-0.0986837144741514,0.14802557171122713,0.14802557096738056,7.438465676745665e-10
7,276,-0.502140298143565,0.6220967720545625,0.6007085209813372,-0.0726179738833213,-0.07261797388332125,0.10892696082498188,0.10892696050701645,3.1796543176199066e-10
7,277,0.23067822306197092,-0.7514964566060741,0.6180943561572835,-0.058104429364589594,-0.05810442936458954,0.08715664404688431,0.08715664162606274,2.420821570980891e-09
7,278,-0.39784196082130385,-0.6144829031816591,-0.6812727323967251,-0.07160180989488224,-0.0716018098948822,0.1074027148423233,0.10740271311204808,1.7302752286507683e-09
7,279,-0.9938887535578106,-0.1033455638565477,0.03879226704478323,-0.03827516565308969,-0.03827516565308957,0.05741274847963435,0.057412742615614576,5.864019776702367e-09
7,280,0.44030775615088247,0.8110270742204855,-0.38518069104607755,-0.04686711516092444,-0.046867115160924386,0.07030067274138659,0.07030066945246105,3.28892553469462e-09
7,281,-0.28535161518823055,0.9072108887146341,0.3091000794355638,-0.049119603585240694,-0.049119603585240645,0.07367940537786097,0.07367940146885132,3.909009643754402e-09
7,282,-0.22226382145269072,-0.12753591873653095,0.9666092194394151,-0.10693610531104487,-0.10693610531104483,0.16040415796656726,0.1604041566238834,1.3426838529895235e-09
7,283,-0.4974513305228871,-0.8540171458011946,-0.1523052475740434,-0.039092438427502756,-0.03909243842750268,0.05863865764125402,0.058638653654963235,3.986290783575264e-09
7,284,0.9921083536478602,-0.1151643852376119,0.0495800261695695,-0.037286381800819016,-0.037286381800818905,0.05592957270122836,0.055929570696999775,2.004228581709011e-09
7,285,-0.27915831765384885,0.7576426579702021,0.5899561310034164,-0.07034442303882135,-0.07034442303882131,0.10551663455823197,0.10551663015556656,4.402665412794882e-09
7,286,0.3456504563842561,0.8686903480076077,0.3548279037502221,-0.04794222160545164,-0.04794222160545158,0.07191333240817738,0.07191332807021666,4.33796071286352e-09
7,287,-0.617392958584653,-0.3220475947105096,0.7177125339794926,-0.07858303928784068,-0.07858303928784059,0.1178745589317609,0.11787455594935992,2.9824009789569672e-09
7,288,-0.2100677038915487,0.5471407214588353,0.810252177228323,-0.09262653803266704,-0.09262653803266699,0.1389398070490005,0.13893980271850737,4.330493130755286e-09
7,289,-0.5487669026395943,0.8318710175930681,0.08273751661743049,-0.039991422023300575,-0.03999142202330056,0.059987133034950846,0.05998713054067295,2.4942778953374045e-09
7,290,0.09979194324800046,-0.532652527770957,-0.8404301593362756,-0.09494710447182315,-0.09494710447182311,0.14242065670773468,0.14242065443648144,2.2712532410373854e-09
7,291,-0.35551308806612947,-0.7617976717099074,0.5415484757536011,-0.0566644371569815,-0.05666443715698147,0.0849966557354722,0.08499665277161839,2.9638538151521843e-09
7,292,0.6588196242401414,0.6973721948335617,0.28218562080499404,-0.04233873125730924,-0.04233873125730914,0.0635080968859637,0.06350809322874795,3.6572157524616955e-09
7,293,0.8212205883867193,-0.5697609850222657,-0.031131417510739817,-0.03883162603608851,-0.03883162603608846,0.05824743905413269,0.058247436041103384,3.013029305221071e-09
7,294,-0.3984107570671989,0.8467211109579499,-0.35260775503564395,-0.04152036587309854,-0.0415203658730985,0.06228054880964775,0.06228054599821675,2.8114309977289587e-09
7,295,-0.8874559215535391,0.45377443883098195,0.08068919359608052,-0.04007716285417379,-0.04007716285417373,0.0601157442812606,0.06011574293918187,1.3420787259299516e-09
7,296,0.5004049520446301,0.7437784386207114,-0.4431574417880716,-0.05091747564356216,-0.050917475643562096,0.07637621346534315,0.07637621229905633,1.1662868171224972e-09
7,297,0.500909458654349,-0.780865189784163,-0.3732817563368857,-0.05405786830809777,-0.054057868308097744,0.08108680246214663,0.08108679838692012,4.075226503474916e-09
7,298,-0.6332332275544016,-0.5076475159418655,0.5842171506204599,-0.0640555637597887,-0.0640555637597886,0.0960833456396829,0.09608334267108276,2.968600143482547e-09
7,299,-0.8590075983350446,0.4457537645576043,0.25181248457013167,-0.04711959956931107,-0.04711959956931101,0.07067939935396653,0.07067939566951509,3.684451438390468e-09
7,300,0.023613259545256615,0.9773392666030204,0.2103577237220412,-0.04286792995586487,-0.04286792995586484,0.06430189493379726,0.0643018915891247,3.3446725666852473e-09
7,301,0.8142620327450836,0.05549274099705157,-0.5778389894481669,-0.06832488568981877,-0.0683248856898187,0.10248732853472806,0.10248732695838925,1.5763388094836017e-09
7,302,0.4339421378111471,0.8251509855306249,0.3616905750910991,-0.04764529780688196,-0.047645297806881884,0.07146794671032283,0.07146794406276413,2.6475587000529544e-09
7,303,0.930426572758226,0.3622318480994264,0.05562805881796985,-0.03704393755115881,-0.03704393755115868,0.055565906326738024,0.05556590604305356,2.8368446480797616e-10
7,304,0.8462774124134705,0.5302880707347271,0.05107938209495034,-0.037040610808297604,-0.037040610808297486,0.05556091621244623,0.05556091281500031,3.3974459218155673e-09
7,305,0.781970720077371,-0.32498300560023674,0.5318908149354662,-0.05044428692892988,-0.050444286928929785,0.07566643039339468,0.07566642451495298,5.878441705631232e-09
7,306,-0.5222014755970236,0.8515469377429981,-0.04662007834413892,-0.03740232441321072,-0.03740232441321071,0.05610348661981607,0.056103482970470964,3.6493451038843716e-09
7,307,0.28002156975887493,0.7694858095328388,0.5740030569582073,-0.06371542269447059,-0.06371542269447054,0.09557313404170582,0.09557313135344359,2.6882622378154863e-09
7,308,0.35387044686178626,0.7558144294845361,-0.5509267238216029,-0.0574030422362321,-0.05740304223623205,0.08610456335434807,0.0861045609812372,2.3731108744762253e-09
7,309,-0.2612567414506096,0.5473199529655226,-0.79510111566544,-0.0755850772907883,-0.07558507729078823,0.11337761593618234,0.11337761146590353,4.470278813784034e-09
7,310,0.9767492268749369,-0.017708335238467345,-0.21365243425314615,-0.0441677082564074,-0.04416770825640729,0.06625156238461094,0.06625155840600527,3.9786056671431425e-09
7,311,0.029718899011230045,0.35183343614036305,0.9355907333098299,-0.10417340943685087,-0.10417340943685086,0.1562601141552763,0.15626011456992828,4.14651979419034e-10
7,312,-0.6836705019529412,-0.6219888554728187,-0.3817387960726897,-0.046536732303071815,-0.04653673230307172,0.06980509845460758,0.06980509642540156,2.0292060254334388e-09
7,313,-0.2037394871316439,-0.9707839507221677,0.12676254337774412,-0.037424110083823396,-0.03742411008382337,0.056136165125735056,0.056136160997422024,4.128313031703801e-09
7,314,-0.4280649816578873,-0.11800484501026556,0.896010729864512,-0.10007648057720804,-0.10007648057720799,0.15011472086581198,0.15011471926618114,1.5996308444510277e-09
7,315,0.4287997777594945,0.6304515984830867,0.647040595761602,-0.06807148624851053,-0.06807148624851049,0.10210722937276574,0.10210722684034224,2.5324235070067758e-09
7,316,0.9988091483335816,-0.030588391037054224,0.038008361434161746,-0.03733801751776981,-0.037338017517769696,0.05600702627665455,0.05600702263075519,3.6458993601939937e-09
7,317,-0.1657476206919523,-0.01660618755029959,0.9860283772640629,-0.11014974755231183,-0.1101497475523118,0.1652246213284677,0.16522462009671557,1.2317521447258173e-09
7,318,-0.3713196614017978,-0.03246917392772573,0.9279372078976602,-0.10460186123309735,-0.10460186123309731,0.15690279184964598,0.15690278937219304,2.4774529372439957e-09
7,319,0.513374129662431,-0.48386564591983744,0.708746103828388,-0.06509957436370956,-0.06509957436370947,0.09764936154556421,0.09764935943179509,2.113769118072817e-09
7,320,-0.6519796387356993,0.4852557916493622,0.582622834554927,-0.07124921934209422,-0.07124921934209419,0.10687382901314128,0.10687382645535592,2.557785358514586e-09
7,321,-0.14937846865744184,0.9408733026846816,0.3040452291958829,-0.04818382745993107,-0.04818382745993102,0.07227574118989653,0.07227573817214505,3.0177514792617544e-09
7,322,0.5484943885095142,0.3698449881550665,-0.7499123885562586,-0.08100048041591287,-0.08100048041591282,0.12150072062386923,0.12150071920791206,1.4159571709582153e-09
7,323,-0.09004355029872302,0.9459683621544404,0.3115060462534349,-0.04829329727094579,-0.04829329727094575,0.07243994590641863,0.07243994293304468,2.9733739498327694e-09
7,324,0.09038461622942354,-0.5616831416742827,0.8224005529594246,-0.08031233517239866,-0.08031233517239861,0.12046850275859791,0.12046850045299706,2.305600849128453e-09
7,325,0.5620547479029125,0.1261856311640692,0.8174176697671263,-0.08036516848812573,-0.08036516848812565,0.12054775273218848,0.12054775094805237,1.7841361166226477e-09
7,326,-0.17128036137209862,0.9851988368941451,-0.006803645395439505,-0.03757280418181968,-0.03757280418181966,0.05635920627272949,0.05635920480306922,1.4696602684827198e-09
7,327,0.9220535486992973,0.38705828039713763,0.001772260433252322,-0.03730699917251916,-0.037306999172519034,0.05596049875877855,0.05596049595935071,2.7994278423149055e-09
7,328,0.5385340281555434,0.2915635535515701,-0.7905515762800964,-0.08631969709059667,-0.08631969709059663,0.12947954563589495,0.1294795423656403,3.2702546504115304e-09
7,329,-0.35531825715355864,-0.7412294315875707,0.5694979068282203,-0.05896022535398506,-0.05896022535398501,0.08844033803097752,0.08844033422272801,3.8082495074087674e-09
7,330,-0.4687255553402992,-0.879333676715247,-0.08407519708792742,-0.037832913600161736,-0.03783291360016167,0.05674937040024251,0.056749367705055676,2.6951868375979515e-09
7,331,-0.8204284316376474,-0.4051284462637577,0.4034453254017252,-0.05210063288883669,-0.05210063288883658,0.07815094933325488,0.07815094543728307,3.8959718090536555e-09
7,332,-0.6877251011739236,-0.13024620679295631,-0.7141919285677786,-0.06835508763135743,-0.06835508763135734,0.102532631447036,0.10253262960890908,1.8381269284439838e-09
7,333,0.7256765710224515,0.24520733364608585,0.6428583652681779,-0.062336160263881835,-0.06233616026388174,0.09350424039582261,0.09350423629816973,4.097652883672254e-09
7,334,-0.7634674042317555,-0.6448106251804042,-0.036562006647361915,-0.03704366023254391,-0.037043660232543796,0.055565490348815694,0.05556548693386176,3.414953930747089e-09
7,335,0.8292532498583265,-0.282362877897426,-0.48229685131139627,-0.062149875543274384,-0.06214987554327431,0.09322481331491146,0.09322480981621695,3.4986945146586734e-09
7,336,0.6857970815588132,-0.6827065355074009,0.2521788042260817,-0.038294777910570406,-0.03829477791057034,0.057442166865855515,0.05744216352576714,3.340088372549843e-09
7,337,0.6570221390404682,0.5840130391227373,0.47670816958104645,-0.052177434161985586,-0.0521774341619855,0.07826615124297825,0.0782661477294333,3.513544954980574e-09
7,338,0.9493093184290875,-0.22709730049019958,-0.2173445054602608,-0.04496260609834497,-0.04496260609834489,0.06744390914751734,0.06744390462776195,4.5197553893983056e-09
7,339,0.540346910149764,-0.8391372599069186,-0.062240466960905905,-0.03941282809524083,-0.03941282809524082,0.05911924214286123,0.05911923589563273,6.247228505340541e-09
7,340,-0.5910144242276183,0.5499178104379105,0.5901629877568326,-0.07189046706129712,-0.07189046706129708,0.10783570059194562,0.10783570009165189,5.002937369935623e-10
7,341,0.6172383923978424,0.2500044176481362,-0.7459990335828481,-0.08238520195712588,-0.08238520195712583,0.12357780293568875,0.12357779938243496,3.5532537884241933e-09
7,342,0.4279271068534153,-0.7824583985025668,-0.45236848457078005,-0.059501462640714216,-0.059501462640714174,0.08925219396107127,0.08925219313615784,8.249134292315219e-10
7,343,-0.2599244581744747,0.9611387693014745,-0.09301366667513379,-0.037040150461931425,-0.037040150461931404,0.055560225692897106,0.05556022170116748,3.991729627395024e-09
7,344,-0.14342438255114176,-0.20418967436879099,-0.9683677108263116,-0.10559486504473149,-0.10559486504473146,0.15839229756709722,0.15839229511316333,2.4539338894236096e-09
7,345,-0.2516373272005093,0.6615480537713564,0.7064225563433789,-0.08165253056572408,-0.08165253056572404,0.12247879584858606,0.12247879516147364,6.871124225149572e-10
7,346,-0.6145616520799233,0.4273147489316955,-0.6631109116416629,-0.06063951641706529,-0.0606395164170652,0.0909592746255978,0.09095926928326392,5.342333880831163e-09
7,347,0.7327435969810481,0.23850153873797894,0.637341225014428,-0.06176073633636378,-0.061760736336363684,0.09264110450454553,0.09264110173434759,2.7701979460337256e-09
7,348,-0.45659966293076704,0.8861994917692287,-0.07853157708508669,-0.03712613780920881,-0.037126137809208794,0.055689206713813194,0.055689203248832087,3.464981107592635e-09
7,349,-0.12823940004300086,0.1500451111746026,-0.980327047922892,-0.1036813185982304,-0.10368131859823036,0.15552197789734556,0.15552197724089112,6.56454446357202e-10
7,350,0.5081217076143224,0.8328533179218635,-0.21947136732988284,-0.04014852371100241,-0.04014852371100233,0.0602227855665035,0.060222783704322325,1.8621811731511784e-09
7,351,0.7287438239649519,0.5707088412117123,0.37844928008350615,-0.04592970954971313,-0.04592970954971303,0.06889456432456956,0.06889456227732182,2.0472477324506855e-09
7,352,0.4181393626315654,0.7770679110397692,0.4704518413720553,-0.05440796003569916,-0.0544079600356991,0.08161194005354866,0.0816119352653466,4.788202057071089e-09
7,353,-0.9421803522022186,-0.3340468324244785,-0.02662513232409617,-0.03716605243483043,-0.0371660524348303,0.05574907865224545,0.05574907618877134,2.4634741122020465e-09
7,354,-0.10581892037238998,-0.9086889261747667,-0.4038400568771891,-0.05265395576645193,-0.0526539557664519,0.07898093364967786,0.07898093151714747,2.1325303883878988e-09
7,355,0.49680807541018324,0.7446790961989906,0.4456846193122265,-0.05199837965756808,-0.05199837965756801,0.07799756948635202,0.0779975681264311,1.3599209119918854e-09
7,356,-0.716297377522136,-0.09251092800484227,0.6916355941929199,-0.07873521124326668,-0.0787352112432666,0.1181028168648999,0.1181028136398865,3.2250133952249627e-09
7,357,0.1820109020247666,-0.9830845862907811,0.020413910492965114,-0.03742582094296285,-0.03742582094296283,0.05613873141444425,0.05613872838816647,3.0262777769851645e-09
7,358,0.9391215301733804,-0.0013443673371379113,-0.34358251445798504,-0.051002149756408384,-0.051002149756408294,0.07650322463461244,0.07650321903751589,5.59709655012508e-09
7,359,-0.5436689418755049,0.8392615429788927,0.008009002226073524,-0.03820600297262612,-0.03820600297262611,0.05730900445893916,0.05730899782507848,6.633860683002979e-09
7,360,0.1315045305582481,0.43483445169743395,-0.8908566428217544,-0.09232190471659835,-0.09232190471659828,0.13848285707489744,0.13848285573825336,1.336644073202109e-09
7,361,-0.8056901425638123,-0.47891937613268454,0.34856796373187254,-0.0482714096163641,-0.04827140961636399,0.07240711442454599,0.07240711086264895,3.561897041204354e-09
7,362,0.7793584769005015,0.5367836792823555,0.323208363350065,-0.04301478811369945,-0.04301478811369934,0.06452218217054902,0.06452218065389204,1.5166569805602492e-09
7,363,-0.7698671769664113,-0.062357662465680475,0.6351504166428491,-0.07352513900363106,-0.07352513900363097,0.11028770850544646,0.11028770535714827,3.1482981915909036e-09
7,364,-0.6511404004898961,0.6554698610720135,0.3825904338533479,-0.05511238921622937,-0.05511238921622936,0.08266858382434404,0.08266858031458213,3.5097619116575274e-09
7,365,-0.35748440527464564,-0.864331541671648,-0.3537455102993466,-0.04779609547653755,-0.047796095476537494,0.07169414321480624,0.07169414228958004,9.252262012093837e-10
7,366,-0.7997405256135927,-0.4972187762656058,0.336435105511045,-0.047477222506536215,-0.0474772225065361,0.07121583375980416,0.07121583184277469,1.9170294657255837e-09
7,367,0.42582418732181904,0.6973958778843822,0.576465741394564,-0.06218215650518466,-0.062182156505184605,0.09327323475777691,0.09327323219343597,2.5643409340414536e-09
7,368,-0.899944649611262,-0.005384435745100752,-0.4359709112862575,-0.04578449172578354,-0.04578449172578344,0.06867673758867517,0.06867673374433281,3.84434235833897e-09
7,369,0.22188437373151113,-0.03361511272438259,0.9744933806292899,-0.10280696115489996,-0.1028069611548999,0.15421044173234985,0.15421044025076824,1.481581607398752e-09
7,370,0.8441546404034421,-0.5345299887137168,-0.0409955394042963,-0.039054641036872235,-0.03905464103687219,0.05858196155530828,0.05858196011621075,1.4390975286437957e-09
7,371,0.5626801466718334,0.38301432365826704,0.7325920286311912,-0.07334191792739313,-0.07334191792739303,0.11001287689108954,0.11001287519851743,1.6925721102456492e-09
7,372,0.804550343952376,0.5892291281292953,0.074214409720106,-0.03714692390078189,-0.03714692390078178,0.05572038585117267,0.055720383862478684,1.9886939872648668e-09
7,373,0.39827990235149763,-0.8946787472603971,-0.20229448480729267,-0.044071428570210965,-0.04407142857021094,0.06610714285531641,0.06610714059496203,2.2603543758936695e-09
7,374,0.045715533105104726,0.6782111106518768,-0.7334437806821076,-0.07136368829603543,-0.07136368829603537,0.10704553244405306,0.10704552938500811,3.0590449479062087e-09
7,375,-0.8752926342850993,-0.1098339401999316,0.4709557409634253,-0.059103401575955415,-0.05910340157595531,0.08865510236393297,0.08865509854016906,3.8237639027327575e-09
7,376,0.7814614030531383,-0.032589372193380234,0.6231019245342304,-0.058491995134540245,-0.05849199513454014,0.08773799270181022,0.08773799048400477,2.217805453175181e-09
7,377,-0.8532374908538246,-0.4302047342045289,-0.2948044620922151,-0.0413204852655755,-0.04132048526557537,0.06198072789836306,0.06198072749485917,4.035038900229715e-10
7,378,-0.4520740604738409,0.1576230699886086,0.8779430571819906,-0.10081427348644806,-0.100814273486448,0.151221410229672,0.15122140623047287,3.999199138515763e-09
7,379,-0.5332852585212202,-0.05887670397123894,-0.8438840955803341,-0.08312764117572093,-0.08312764117572086,0.12469146176358128,0.12469145993510011,1.8284811720281624e-09
7,380,-0.8923573848346229,0.034036120645414815,0.4500442647368407,-0.05845081932124122,-0.05845081932124113,0.0876762289818617,0.08767622600158731,2.980274388386661e-09
7,381,0.8318086261818061,-0.21173533043112086,-0.5130911802562585,-0.06439268264009003,-0.06439268264008993,0.0965890239601349,0.0965890215032239,2.4569109940975054e-09
7,382,0.8227758133994896,-0.43619211144513376,-0.36438496510948987,-0.05384198267621055,-0.053841982676210515,0.08076297401431577,0.0807629726984338,1.3158819728298354e-09
7,383,-0.029163195599348088,-0.6119666147436561,0.7903457284389052,-0.07766410947654735,-0.0776641094765473,0.11649616421482095,0.11649616132869411,2.8861268375202087e-09
7,384,-0.2196188348131453,0.972900397080318,-0.07233522486504125,-0.03707932105570639,-0.03707932105570637,0.05561898158355955,0.055618978866966984,2.71659256895207e-09
7,385,0.6800760871000081,0.1076025330527039,0.7252021860387514,-0.06932227152416222,-0.06932227152416212,0.10398340728624318,0.1039834066074441,6.787990863843518e-10
7,386,-0.4829353330106991,-0.8664017261031469,0.12697052073348603,-0.03790309896332386,-0.0379030989633238,0.0568546484449857,0.056854644603365756,3.841619945765817e-09
7,387,0.34695430099313523,-0.8793345260935482,-0.3261801714424099,-0.050405236969972865,-0.05040523696997283,0.07560785545495925,0.07560785192373132,3.5312279350607767e-09
7,388,-0.07649707599815739,-0.963349310346371,-0.25711146146934716,-0.0446526903014057,-0.04465269030140566,0.0669790354521085,0.06697902926733335,6.1847751503529835e-09
7,389,-0.6220697427123324,0.2989519267887675,0.7236414724648499,-0.08473009740330482,-0.08473009740330481,0.12709514610495723,0.12709514274344968,3.3615075445414533e-09
7,390,-0.09807227536780333,0.7860081976593696,0.610387534289857,-0.0707881649671614,-0.07078816496716134,0.106182247450742,0.10618224494107764,2.509664365213382e-09
7,391,-0.9855154959724642,0.07964912510816367,-0.149717146872534,-0.03718494017838208,-0.03718494017838197,0.055777410267572956,0.055777409080359774,1.187213181930158e-09
7,392,-0.9329962437401295,-0.3569869624901354,0.04558857070446254,-0.037945241490461114,-0.037945241490460996,0.056917862235691494,0.05691785792683035,4.308861142887643e-09
7,393,-0.5484671152909977,-0.3831147396480194,0.7432408221490542,-0.0801340269134487,-0.08013402691344865,0.12020104037017297,0.1202010380119134,2.3582595737314804e-09
7,394,0.36076765785936654,-0.9037023910251346,0.23058335910928515,-0.03818262680994251,-0.03818262680994247,0.05727394021491371,0.057273935594182035,4.620731672289047e-09
7,395,-0.026989544738418317,-0.8391835764571385,-0.5431781378879483,-0.06369956238316088,-0.06369956238316084,0.09554934357474126,0.09554934066180465,2.9129366141411595e-09
7,396,-0.5806018544581,-0.6367324268183717,-0.507418272471343,-0.05512531695279929,-0.05512531695279921,0.08268797542919881,0.08268797174748599,3.6817128235000496e-09
7,397,-0.4831674042976913,0.022843275449711466,0.8752299378968706,-0.09946899351973343,-0.09946899351973339,0.1492034902796001,0.14920348706537467,3.2142254136058312e-09
7,398,-0.2737112724059322,-0.8732503401642296,-0.4031327111026627,-0.05131949138489694,-0.05131949138489689,0.07697923707734533,0.07697923271043905,4.3669062810280934e-09
7,399,-0.08254655214075772,0.7554094447028006,0.6500327973137044,-0.07442847319370527,-0.07442847319370521,0.11164270979055782,0.11164270757868522,2.211872601742826e-09
7,400,0.29650222787366376,-0.04442129930080727,0.9539985204571242,-0.09888042406261666,-0.09888042406261659,0.1483206360939249,0.1483206349406352,1.1532897137289666e-09
7,401,-0.6427787922016113,0.4978578378264818,-0.5822138761748799,-0.05382447032010593,-0.05382447032010584,0.08073670548015877,0.08073670343389239,2.0462663785636437e-09
7,402,-0.6133809174469331,-0.5153180901849121,-0.5985074068381554,-0.06127811344769299,-0.061278113447692906,0.09191717017153936,0.09191716415779538,6.0137439750196364e-09
7,403,-0.08871459720738423,-0.9554309626289268,-0.2815695223071805,-0.04575658794557091,-0.04575658794557088,0.06863488191835633,0.06863487833630444,3.582051891215521e-09
7,404,0.8423244999567117,-0.4146220755483559,0.3443515227796288,-0.040839671031562136,-0.04083967103156205,0.06125950654734308,0.06125950302582339,3.5215196869664567e-09
7,405,0.28787274725705986,0.4770744814824952,0.8303789619835519,-0.08825361457482858,-0.08825361457482851,0.13238042186224278,0.1323804205144441,1.3477986782195472e-09
7,406,0.6440582956744171,0.7028097480069596,-0.30207179590183364,-0.04416791867089134,-0.04416791867089125,0.06625187800633689,0.06625187759512485,4.112120366439598e-10
7,407,0.5859786373153083,-0.4304062259102166,-0.6865708392495403,-0.08118680945808822,-0.08118680945808819,0.1217802141871323,0.12178021230324632,1.883885977771449e-09
7,408,-0.7858574282932123,-0.3176882586925468,0.5305678775475163,-0.061980175131534455,-0.06198017513153436,0.09297026269730155,0.09297026065668845,2.0406130951666768e-09
7,409,0.15331473914188687,0.4588383552288226,0.8751925242669547,-0.09544134333575112,-0.09544134333575109,0.14316201500362666,0.14316201418784757,8.157790831742062e-10
7,410,-0.31008226401677413,0.8672536465721086,0.3895126468416809,-0.05432326938806585,-0.05432326938806579,0.08148490408209869,0.08148490215909021,1.923008474680188e-09
7,411,-0.6753857068270054,-0.7263740298443363,-0.12741630893055125,-0.038008717847958486,-0.03800871784795839,0.057013076771937586,0.057013072041200985,4.7307366010662655e-09
7,412,-0.8621627126042654,0.27781191231672103,0.42366968072990735,-0.057610350776306996,-0.057610350776306926,0.0864155261644604,0.08641552334820446,2.816255936788359e-09
7,413,0.9185054308438164,0.38258632540792514,-0.09987731034262125,-0.03896211875107384,-0.038962118751073714,0.058443178126610575,0.058443176687017484,1.439593090568625e-09
7,414,-0.39366928095972387,-0.68416900872308,-0.6139521681137158,-0.06569612337310302,-0.06569612337310296,0.09854418505965444,0.0985441825362976,2.523356842920599e-09
7,415,-0.24696650613648946,0.46235773633112504,0.8516060524100879,-0.09764458147578747,-0.09764458147578743,0.14646687221368115,0.1464668705764005,1.6372806443953891e-09
7,416,0.25483789382784966,-0.8494458081833189,-0.4620600251365333,-0.05929976797572523,-0.05929976797572519,0.0889496519635878,0.0889496490352748,2.9283129948654008e-09
7,417,-0.36983178580349363,0.7739812514357536,0.5139819769557525,-0.06418768875232847,-0.06418768875232841,0.09628153312849262,0.09628152997098738,3.1575052433785444e-09
7,418,0.22497377098542423,-0.9111837743104618,0.34515349020680564,-0.04170161682250309,-0.04170161682250305,0.06255242523375458,0.06255242296360208,2.270152496541833e-09
7,419,-0.6541119141328667,-0.756239929017542,0.01545229914867656,-0.037075670340235636,-0.03707567034023556,0.055613505510353343,0.05561350269189802,2.8184553232946108e-09
7,420,0.2631446899472897,-0.5715796245696796,0.7772075687545309,-0.0734998703577521,-0.07349987035775203,0.11024980553662805,0.11024980095530879,4.581319268393003e-09
7,421,0.40159202652792486,-0.7332631229576102,-0.5486793569468849,-0.06736892494924951,-0.06736892494924945,0.10105338742387418,0.10105338649202267,9.318515126199856e-10
7,422,0.7406574354840747,-0.5471820426366197,0.38989533913368374,-0.0425087440786626,-0.04250874407866253,0.0637631161179938,0.06376311284528313,3.2727106719088184e-09
7,423,-0.5268798349221043,0.6550106608916054,0.5416259536532555,-0.06732113566712891,-0.06732113566712887,0.10098170350069331,0.10098169939132262,4.1093706909522965e-09
7,424,0.14089345570688247,-0.18958935293268867,0.971702069254531,-0.1018926214778193,-0.10189262147781926,0.1528389322167289,0.1528389304006339,1.8160949966095075e-09
7,425,-0.5895492439249792,-0.29304845226912024,0.7526980095696802,-0.08245830393022424,-0.08245830393022419,0.12368745589533628,0.12368745333501963,2.5603166531329435e-09
7,426,-0.5166429227938941,0.5556025219202404,0.6514490985202535,-0.07757824508147967,-0.07757824508147963,0.11636736762221946,0.11636736435560735,3.26661210581225e-09
7,427,0.6316383266535148,0.7336396261745034,0.25061109953248767,-0.04136275871237194,-0.04136275871237185,0.062044138068557776,0.06204413510735307,2.9612047050542323e-09
7,428,-0.2539124074223304,-0.780197110266628,0.5716825679418603,-0.058094046832589265,-0.058094046832589216,0.08714107024888383,0.08714106658480603,3.664077805054511e-09
7,429,0.2201990460814939,-0.5678780043674727,-0.7931121939930169,-0.09079056715295042,-0.09079056715295036,0.13618585072942554,0.1361858487092249,2.020200645658221e-09
7,430,0.4183704118459385,0.8238518292197692,0.382406017189976,-0.04891455695576996,-0.048914556955769906,0.07337183543365486,0.07337183222100307,3.2126517834907276e-09
7,431,0.3716846992710028,0.8856937582838813,0.27820325459059225,-0.0439900711182951,-0.04399007111829504,0.06598510667744256,0.06598510488009524,1.7973473265264772e-09
7,432,0.7866066971663944,0.47197749764833835,0.39810444067680184,-0.04625407315623071,-0.0462540731562306,0.0693811097343459,0.06938110502785477,4.706491127381973e-09
7,433,0.323335352662216,-0.21006060970701604,0.9226748018496642,-0.09276960419088345,-0.0927696041908834,0.1391544062863251,0.13915440327805229,3.008272825288927e-09
7,434,-0.16534702059311232,-0.9757482880115746,0.14344211802487497,-0.037567811617455774,-0.03756781161745576,0.05635171742618364,0.05635171496098934,2.4651942986952946e-09
7,435,-0.19601422489650203,-0.5996091880571967,0.7759170350208925,-0.07801403450454744,-0.07801403450454737,0.11702105175682107,0.11702104979471883,1.962102230690377e-09
7,436,-0.05094210707435851,0.9986299455222187,0.011963846919572018,-0.03767416410130531,-0.03767416410130527,0.05651124615195791,0.05651124151961895,4.632338963805882e-09
7,437,0.645573269812002,0.5315347303550524,0.5483666508191594,-0.05709363768472917,-0.05709363768472909,0.08564045652709364,0.08564045167469558,4.852398052812568e-09
7,438,0.6387103074683581,0.7356874992135791,-0.2254174940738754,-0.04099616418571735,-0.04099616418571727,0.06149424627857591,0.06149424303103501,3.247540895923162e-09
7,439,-0.16181432327453577,0.8982680828435236,0.4085713843722106,-0.05479509698720147,-0.05479509698720142,0.08219264548080213,0.0821926443572707,1.123531434554792e-09
7,440,-0.029931185854334342,-0.916445559696262,0.3990384194865934,-0.045069725995913114,-0.04506972599591309,0.06760458899386965,0.06760458443055839,4.563311256644553e-09
7,441,0.7535612987620735,-0.0709534345684284,-0.6535372821277764,-0.07635904801988842,-0.07635904801988834,0.11453857202983252,0.11453856890719649,3.1226360247549323e-09
7,442,0.592996769357764,0.6805768415946256,-0.4303138322391445,-0.05099743890962604,-0.05099743890962596,0.07649615836443895,0.07649615524352171,3.120917232979359e-09
7,443,0.5082041906569894,0.841645937492068,0.18264888858619563,-0.03984436370066136,-0.039844363700661294,0.059766545550991944,0.05976654310346774,2.4475242041410716e-09
7,444,0.7983409844973592,-0.34079599796263527,-0.496497492686961,-0.06350095029808778,-0.06350095029808774,0.09525142544713161,0.09525142202759795,3.419533656234819e-09
7,445,-0.5079048743734337,0.527481281276804,-0.681025797228187,-0.062407122617944635,-0.06240712261794456,0.09361068392691685,0.09361068170621323,2.220703620992026e-09
7,446,-0.6822377848981366,0.10654267377535191,-0.7233258349610381,-0.06755397391164332,-0.06755397391164324,0.10133096086746486,0.10133095751374555,3.35371931614592e-09
7,447,-0.8668398487957644,-0.009526922869074054,-0.4984956512151167,-0.04944507304147019,-0.049445073041470076,0.07416760956220513,0.07416760677836365,2.783841476783344e-09
7,448,-0.6530928845570616,0.5955912994572246,-0.4676972184563333,-0.04631940698759373,-0.046319406987593674,0.06947911048139052,0.06947910996535356,5.160369631607153e-10
7,449,-0.10103148303844364,0.880555248520619,0.46304977457919544,-0.05834206100059245,-0.058342061000592395,0.0875130915008886,0.08751308844257011,3.058318487347833e-09
7,450,0.7232594436805062,0.6901298031138404,0.024832075648575862,-0.03703907804866886,-0.03703907804866875,0.05555861707300313,0.05555861465333933,2.4196637957163425e-09
7,451,-0.10052259355978208,0.9488891471097216,-0.29917318509752816,-0.04045509734930223,-0.040455097349302215,0.060682646023953325,0.06068264224445841,3.779494918421111e-09
7,452,0.22352798258959405,-0.43955726699456626,0.8699566943427091,-0.08534723797989155,-0.0853472379798915,0.12802085696983725,0.12802085502805483,1.941782429293326e-09
7,453,-0.3362134809905581,0.7793180395656941,0.5287947507376513,-0.06525318817827665,-0.06525318817827659,0.0978797822674149,0.09787978066944092,1.5979739753646527e-09
7,454,0.5576904764825574,0.8297195946463397,-0.023382187677197595,-0.037054963893234066,-0.037054963893234,0.055582445839850995,0.05558244420278413,1.6370668640131036e-09
7,455,-0.9623472743297043,-0.22748630538769649,0.1487874472233615,-0.04081586518379064,-0.04081586518379052,0.061223797775685776,0.061223794090015105,3.6856706714383236e-09
7,456,-0.31338645421935957,0.6664822034005911,-0.6764542873410668,-0.06277407594009649,-0.06277407594009642,0.09416111391014463,0.09416111085291945,3.0572251813465456e-09
7,457,0.20459700599318625,0.8992319563907432,0.3866806870588455,-0.05083634240421415,-0.05083634240421411,0.07625451360632117,0.07625450965109692,3.955224245344446e-09
7,458,0.4933695693406865,0.6693633991168508,-0.5554629672366296,-0.05938399453738669,-0.05938399453738662,0.08907599180607993,0.08907598963991958,2.1661603483158487e-09
7,459,0.7151611043109671,0.1487248472650189,-0.6829535230795102,-0.07730332962558405,-0.07730332962558398,0.11595499443837597,0.11595499005423449,4.384141480406889e-09
7,460,-0.11028158175029423,-0.12792439710356637,0.9856334619686683,-0.10805318098737661,-0.1080531809873766,0.1620797714810649,0.1620797690504716,2.4305932821988563e-09
7,461,0.4276269998375917,-0.8647867987530138,-0.26320893167294823,-0.047136327543033554,-0.047136327543033534,0.07070449131455031,0.0707044880976504,3.2168999131165776e-09
7,462,-0.8454709781273408,-0.42822752735810443,0.3190611382747221,-0.04706636811921448,-0.04706636811921438,0.07059955217882158,0.07059954842958405,3.7492375315473225e-09
7,463,-0.04086994953618267,-0.4653271184537912,-0.8841947297153503,-0.09818057578655566,-0.09818057578655563,0.14727086367983347,0.1472708621719221,1.507911379095006e-09
7,464,-0.28795212375480533,-0.5366225477224355,0.7931707355298605,-0.08150394058332389,-0.08150394058332383,0.12225591087498575,0.12225590817482868,2.7001570701568056e-09
7,465,0.021174800947720007,-0.3798594502759583,-0.9248018305782442,-0.10367710901510042,-0.1036771090151004,0.15551566352265062,0.15551566284743856,6.752120529363026e-10
7,466,-0.08481173259237403,-0.6466996744956566,0.7580148422174142,-0.07452446832822507,-0.07452446832822503,0.11178670249233755,0.11178669795386398,4.538473569182244e-09
7,467,-0.46087901925336583,0.26884513167129587,-0.8457616832114702,-0.08129610213054995,-0.08129610213054986,0.12194415319582479,0.12194414922284125,3.972983539379804e-09
7,468,-0.9646486965586926,-0.18925580719654728,0.18339883224818668,-0.04217369606176944,-0.042173696061769315,0.06326054409265398,0.06326054263761094,1.4550430443849294e-09
7,469,-0.10090356101740622,-0.06704285623544368,0.9926347398725275,-0.10960466171027859,-0.10960466171027855,0.16440699256541783,0.16440698941133647,3.154081357203964e-09
7,470,0.624755686883964,-0.18937206706232215,-0.7575081200374619,-0.08781551489479379,-0.08781551489479374,0.1317232723421906,0.131723269791717,2.5504736100856462e-09
7,471,0.7134968433616089,-0.5416324781589896,0.4444732985415109,-0.045057518938366056,-0.045057518938365966,0.06758627840754895,0.06758627546510354,2.942445412323913e-09
7,472,-0.18454104735566873,-0.5214842487265121,0.8330658918543107,-0.08506997182441153,-0.0850699718244115,0.12760495773661726,0.12760495576857878,1.968038482180745e-09
7,473,-0.8169754173149306,0.4076673732608362,-0.4078706661206528,-0.043380548774729605,-0.043380548774729515,0.06507082316209428,0.06507082095374983,2.208344451748445e-09
7,474,-0.9820275570051992,-0.029877596047780643,-0.18635773806527556,-0.03763303425058123,-0.03763303425058111,0.05644955137587166,0.05644954781391931,3.561952351127662e-09
7,475,-0.646579214669094,-0.0315480583859177,-0.7621942266705884,-0.07275927983954218,-0.07275927983954208,0.10913891975931313,0.1091389159602052,3.799107931024004e-09
7,476,0.9067916583486086,0.3830558976364381,0.1760598410635508,-0.037995701770976394,-0.03799570177097626,0.05699355265646439,0.05699354876931295,3.887151441006598e-09
7,477,0.21474407512339702,-0.36852015689245843,-0.9044765757958327,-0.10342229853411387,-0.10342229853411383,0.15513344780117075,0.15513344497897208,2.8221986692056333e-09
7,478,-0.9366551247730137,0.29276284636765726,-0.19226828397621273,-0.03746007939978553,-0.037460079399785434,0.05619011909967815,0.05619011783641881,1.2632593443528961e-09
7,479,-0.32137640362768843,0.93415399958116,-0.15515641223570267,-0.037230627547259164,-0.037230627547259136,0.05584594132088871,0.05584593898433354,2.3365551646281624e-09
7,480,-0.7936218311309737,0.5651669572940097,-0.22527915912341145,-0.0378052682458346,-0.03780526824583452,0.056707902368751784,0.056707900875085926,1.4936658576658601e-09
7,481,0.812384560813474,0.5232506360436329,-0.2573715159683222,-0.04353841972136255,-0.04353841972136243,0.06530762958204366,0.06530762458600847,4.996035182780467e-09
7,482,-0.6540309867222587,-0.1455790945915163,0.742327552785846,-0.08330989251312944,-0.08330989251312937,0.12496483876969405,0.12496483708934747,1.6803465840986576e-09
7,483,0.9192785517275627,0.26472718265672457,0.2912841621103148,-0.040552847996018854,-0.04055284799601873,0.06082927199402809,0.06082926801154187,3.982486222742221e-09
7,484,-0.7416619838733013,-0.6541414651635514,-0.14844677575077622,-0.03816383951642274,-0.038163839516422625,0.05724575927463394,0.05724575813381705,1.1408168923421336e-09
7,485,0.060130899355202015,-0.9901450214713543,0.12647968769026027,-0.03718272105030811,-0.03718272105030809,0.05577408157546214,0.0557740784112859,3.1641762404666096e-09
7,486,0.5494230401377631,-0.7890505726745798,0.27483361644401416,-0.03889193937467233,-0.03889193937467228,0.05833790906200842,0.05833790533982253,3.722185892840457e-09
7,487,0.28763910010236976,0.6300343775236716,0.721332399959033,-0.0770496878780873,-0.07704968787808725,0.11557453181713087,0.11557452911370447,2.7034263994085705e-09
7,488,0.6190519886703655,-0.29062771294229006,-0.7295958934870724,-0.08532348471850948,-0.08532348471850942,0.12798522707776414,0.12798522380785826,3.2699058738483444e-09
7,489,0.05166228069108286,-0.14288527987773805,-0.9883900068030111,-0.11061099035788079,-0.11061099035788075,0.16591648553682112,0.16591648471786513,8.189559863591711e-10
7,490,-0.990221814529626,-0.10424783717569698,0.09269922585353374,-0.039499774497223104,-0.03949977449722298,0.05924966174583447,0.05924965934545057,2.4003839055319887e-09
7,491,-0.11157150986685978,0.10217778855979323,-0.9884895030859252,-0.10557574602612728,-0.10557574602612725,0.15836361903919088,0.15836361666465848,2.3745324040369553e-09
7,492,0.623125347543147,-0.7576105135916581,-0.19427071561256026,-0.04425285599771331,-0.044252855997713295,0.06637928399656995,0.06637927985053693,4.146033016905193e-09
7,493,-0.7862072484360225,0.21265158053867284,-0.5802219125481758,-0.05421043234069442,-0.05421043234069432,0.08131564851104149,0.08131564449564976,4.015391727452133e-09
7,494,-0.2795676374489663,0.2540241598660081,0.9259123405029075,-0.10611503396366818,-0.10611503396366816,0.15917255094550226,0.15917254875263964,2.1928626137146523e-09
7,495,0.8159893477127429,-0.20231666911265292,-0.541506555656064,-0.06677485203603767,-0.06677485203603763,0.10016227805405645,0.10016227569575875,2.3582976960145885e-09
7,496,-0.7667079281953264,0.25199363552803083,-0.5904728279064129,-0.05486707863822667,-0.05486707863822658,0.08230061795733988,0.08230061632197305,1.6353668280677525e-09
7,497,0.13735821097682857,-0.9427254886730614,-0.3039759445801304,-0.04811948961371453,-0.0481194896137145,0.07217923442057175,0.0721792334235083,9.970634595735106e-10
7,498,-0.04584489568014725,0.7525594962701491,-0.6569265180472592,-0.0628303189426458,-0.06283031894264575,0.09424547841396863,0.09424547392500315,4.4889654771118614e-09
7,499,-0.87923686782893,-0.2902304473592586,0.3777682062800117,-0.05138018517647768,-0.05138018517647757,0.07707027776471637,0.07707027516179465,2.6029217115031145e-09
7,500,0.32374469179357224,-0.7012991429169774,-0.6351132864925734,-0.07495959937385732,-0.07495959937385727,0.1124393990607859,0.11243939807004111,9.907447917623102e-10
7,501,-0.6095286913339215,-0.3548776075365463,-0.7088982001034381,-0.07026792735238492,-0.07026792735238485,0.10540189102857728,0.10540188860597155,2.4226057271370394e-09
7,502,-0.0811915026114365,0.9132422885471395,0.3992448651052135,-0.05364515982175494,-0.053645159821754905,0.08046773973263237,0.08046773664061035,3.0920220134289522e-09
7,503,0.9449705082269838,0.3213898622100897,0.06114977555000234,-0.03704266638749584,-0.03704266638749571,0.05556399958124357,0.055563999235008765,3.462348047156283e-10
7,504,0.9328569750241749,0.308868292456055,0.18541370516773265,-0.038013670318052854,-0.03801367031805273,0.0570205054770791,0.05702050220879329,3.2682858086552358e-09
7,505,-0.3013114018732222,0.3445685413720502,0.889091648480589,-0.10223679159013095,-0.10223679159013091,0.15335518738519638,0.1533551841070846,3.2781117820235295e-09
7,506,0.7293756713044525,0.6833650897685166,0.03198881358923071,-0.03704637737744461,-0.03704637737744451,0.05556956606616677,0.0555695642279197,1.838247068453036e-09
7,507,0.5727113982853719,-0.1930569039722465,-0.7966998720363051,-0.09207144840535823,-0.09207144840535818,0.1381071726080373,0.13810716875672924,3.851308050251134e-09
7,508,0.3363628706324752,-0.21424373818837528,-0.9170385160433294,-0.10523265483780062,-0.10523265483780059,0.15784898225670088,0.1578489797204874,2.5362134892237265e-09
7,509,-0.6193732099808276,-0.7650991692669318,0.17606841836370474,-0.03938595880744123,-0.03938595880744115,0.059078938211161725,0.059078934799838834,3.411322890833901e-09
7,510,-0.7541629989072576,-0.5933308047895663,-0.28141913077645825,-0.04164479898920684,-0.04164479898920672,0.062467198483810084,0.06246719669311673,1.7906933505451583e-09
7,511,0.20514315946631245,0.4239172485102421,0.8821623719813063,-0.09532564072829129,-0.09532564072829128,0.14298846109243693,0.14298845996130183,1.1311351022502691e-09
8,0,-0.7366796182303232,-0.6628184747086757,-0.13407016696077312,-0.039474944274217584,-0.0394749442742175,0.059212416411326255,0.059212414138531955,2.272794299984504e-09
8,1,-0.6340215621250233,-0.35978561705652273,-0.6845224382880394,-0.05028918063442123,-0.05028918063442115,0.07543377095163173,0.07543376617791253,4.773719197714854e-09
8,2,-0.9529320006960196,0.14708084201789634,-0.2651185168199081,-0.03713633207517516,-0.037136332075175055,0.05570449811276258,0.055704493795438736,4.317323845648424e-09
8,3,0.4719818465002864,0.5917146957533805,-0.6535341271912771,-0.09043696719629088,-0.09043696719629084,0.13565545079443628,0.1356554493736617,1.4207745813177297e-09
8,4,0.041849612723796975,0.9231155551860682,-0.3822385141353304,-0.05887050774025996,-0.058870507740259925,0.08830576161038989,0.08830575992657685,1.6838130334484447e-09
8,5,-0.027714946070687238,0.9994801362118576,0.01647237330275981,-0.03894780554829452,-0.038947805548294474,0.058421708322441715,0.058421704973721234,3.348720481466394e-09
8,6,-0.10597796619911248,0.10602017960372974,0.9887003551112402,-0.10338178611221702,-0.10338178611221695,0.15507267916832543,0.15507267692171922,2.24660620662398e-09
8,7,-0.26215985793792324,-0.13128524865232097,0.9560525050290208,-0.11090228009993691,-0.11090228009993687,0.1663534201499053,0.16635341992810027,2.2180504655189281e-10
8,8,0.7598280314312452,0.6497197481854649,0.022926217942230723,-0.04328566095547836,-0.04328566095547827,0.06492849143321741,0.0649284889742141,2.459003306531926e-09
8,9,0.04164730956968511,-0.7766156610466638,0.6285965451882951,-0.0763791819700582,-0.07637918197005819,0.11456877295508729,0.1145687669734663,5.981620990191949e-09
8,10,-0.3081013816387413,0.36528284596681304,0.8784315460379849,-0.08998856906071345,-0.08998856906071342,0.13498285359107015,0.13498285128532572,2.3057444287211126e-09
8,11,-0.037591497284226526,-0.7135397956771233,0.699605488341093,-0.08501238763970599,-0.08501238763970596,0.12751858145955897,0.12751858041726294,1.0422960272649107e-09
8,12,-0.9743755073222811,0.03002069217504604,-0.22291507075964764,-0.03710540957888856,-0.03710540957888847,0.055658114368332706,0.05565811284080624,1.527526466427176e-09
8,13,-0.16125815642086402,0.1183748290396756,0.9797873273509776,-0.10384753350585224,-0.1038475335058522,0.1557713002587783,0.15577129447441607,5.784362239191765e-09
8,14,-0.9733742261596872,0.1023943142673159,-0.2050805213903954,-0.03712161595005204,-0.03712161595005195,0.055682423925077926,0.05568242117393041,2.75114751813188e-09
8,15,-0.02308791888339302,0.4631489484955652,-0.8859796834629372,-0.09979176168005056,-0.09979176168005055,0.14968764252007583,0.14968764006084712,2.4592287095615006e-09
8,16,-0.48139870688467284,0.5927912894075713,-0.6456421394335052,-0.06366106476099184,-0.06366106476099181,0.09549159714148772,0.09549159241117877,4.730308950096074e-09
8,17,0.925884565678892,-0.0582890438345612,0.3732829468465741,-0.03828731673478696,-0.03828731673478688,0.05743097510218032,0.05743097247767892,2.6245014009274037e-09
8,18,-0.4756015384816999,0.6850033811244901,-0.5518818210829712,-0.057755471817170105,-0.057755471817170057,0.08663320772575508,0.08663320477664271,2.949112370975726e-09
8,19,-0.7729085265212914,-0.4068784360770128,-0.4868904885969845,-0.039749711119920185,-0.039749711119920095,0.05962456667988014,0.05962456223196355,4.447916590599732e-09
8,20,0.8492857815764489,-0.5274987906247368,0.021416981615543933,-0.03775887002766959,-0.03775887002766955,0.05663830504150432,0.056638302381450956,2.660053365077797e-09
8,21,-0.46504725735462293,0.22299460479171257,-0.8567405994002684,-0.0771980777358567,-0.07719807773585667,0.11579711660378501,0.11579711356457523,3.0392097866149825e-09
8,22,0.7001995779396795,-0.6061579478552191,0.37721756759865294,-0.043330049417974935,-0.0433300494179749,0.06499507412696236,0.06499506904900088,5.077961481858573e-09
8,23,-0.14173113076135788,-0.5020271187536164,0.8531594567307152,-0.10224810266377132,-0.1022481026637713,0.15337215399565696,0.15337215109045843,2.905198526192976e-09
8,24,-0.9618071580172047,-0.27218461261820515,-0.02902632323848986,-0.042307146597284996,-0.042307146597284885,0.06346071989592733,0.06346071723672964,2.6591976953760366e-09
8,25,-0.881771043936085,-0.2255089279155605,0.4142771409409909,-0.06918784903487994,-0.06918784903487983,0.10378177355231975,0.10378177067726924,2.8750505171037943e-09
8,26,0.9509431931347686,-0.05823912857705097,0.30383424318736013,-0.03728272153684361,-0.03728272153684352,0.05592408230526528,0.05592407786858544,4.436679836017365e-09
8,27,0.8555130238299353,-0.23291622036731183,-0.46243648250020936,-0.06494500192281734,-0.06494500192281727,0.0974175028842259,0.09741750045533237,2.428893530748155e-09
8,28,-0.8821088359149286,-0.2647561963288259,-0.389599997569689,-0.0377382212917736,-0.03773822129177348,0.056607331937660224,0.056607328546842695,3.390817529536072e-09
8,29,0.7855809420512438,-0.5100470065655728,0.35030648663617253,-0.04084042195639365,-0.040840421956393626,0.06126063293459044,0.06126063128997217,1.6446182748985905e-09
8,30,-0.9568195179893592,0.03553712916935733,0.28850220526888704,-0.05634674181727075,-0.05634674181727068,0.08452011272590602,0.08452011174275853,9.831474939714369e-10
8,31,0.9345308985356497,-0.34460293538297504,0.08888653783103584,-0.037634968239431875,-0.03763496823943182,0.05645245235914773,0.056452451047128704,1.3120190281434851e-09
8,32,-0.2792663391046794,-0.9180256500179149,0.2814946140732628,-0.05605002060001209,-0.05605002060001207,0.08407503090001811,0.08407502610774387,4.792274244103112e-09
8,33,0.8784040861668552,-0.36558949922584427,0.3078158206804331,-0.038410501789775515,-0.03841050178977546,0.05761575268466319,0.05761574967122485,3.0134383460778125e-09
8,34,0.43114974636194403,-0.7325716244965818,0.5267340042131989,-0.0574538948634762,-0.05745389486347615,0.08618084229521424,0.08618083885414407,3.441070164922344e-09
8,35,-0.0725870976250732,0.9834039788493307,0.1662760585342133,-0.0370382227109968,-0.03703822271099674,0.055557334066495115,0.05555733234574589,1.7207492236659405e-09
8,36,-0.11604915059316558,-0.2977672563813721,-0.9475585763812784,-0.0863285162712149,-0.08632851627121484,0.12949277440682228,0.1294927720607575,2.346064786884483e-09
8,37,0.14051808629935886,-0.7588885154069532,-0.635879618014445,-0.05558413913722296,-0.055584139137222946,0.08337620870583443,0.08337620455156625,4.154268179457077e-09
8,38,-0.6100623427242047,-0.792095387888698,0.02021965566739309,-0.04459718777780646,-0.0445971877778064,0.0668957816667096,0.06689577641827427,5.248435339111346e-09
8,39,-0.547886152008768,-0.14679328031280897,0.8235730066557732,-0.10363932357696534,-0.10363932357696529,0.15545898536544794,0.15545898457425267,7.911952759620533e-10
8,40,0.4542578885169526,-0.5383450280502212,-0.709812934154997,-0.07238119809857252,-0.07238119809857252,0.10857179714785878,0.10857179461032374,2.537535043201089e-09
8,41,-0.9219822121751788,0.2254637086592012,0.3148252158106182,-0.05495927756390995,-0.05495927756390989,0.08243891634586484,0.08243891264081427,3.7050505719005145e-09
8,42,-0.0032018914799824038,0.9131423770588033,-0.40762819714826964,-0.05975067837223675,-0.05975067837223671,0.08962601755835507,0.08962601355522182,4.003133255436886e-09
8,43,0.7480787653872226,-0.5207556796061573,0.4113291661609445,-0.04352877132526735,-0.043528771325267314,0.06529315698790097,0.06529315560444005,1.3834609291496491e-09
8,44,0.7756955901653192,0.1808083311057224,0.6046525438636974,-0.04580002796189169,-0.04580002796189161,0.06870004194283742,0.06870003593784091,6.004996513930827e-09
8,45,-0.7635148066987296,-0.060955902070345964,0.6429070834534272,-0.08632401959528686,-0.0863240195952868,0.1294860293929302,0.12948602884366167,5.492685195562785e-10
8,46,0.5375780176793692,-0.6299907760005623,0.5604654289625091,-0.056393028054335846,-0.056393028054335805,0.08458954208150371,0.0845895367640459,5.317457807407777e-09
8,47,0.6399093987649074,0.6771785217306754,0.3632426338950207,-0.037287676096980665,-0.03728767609698059,0.05593151414547089,0.05593151081173531,3.3337355792584233e-09
8,48,-0.4747603612101304,-0.22759887312936858,-0.8501772476218522,-0.06785273260865503,-0.06785273260865497,0.10177909891298247,0.10177909626207793,2.6509045375489038e-09
8,49,0.7336398674408231,0.6775614781609149,0.05179756957432768,-0.0421014720115904,-0.04210147201159033,0.0631522080173855,0.06315220429931045,3.718075042291602e-09
8,50,0.8188194220514357,-0.15844532768062483,-0.551751603719946,-0.0736405790655213,-0.07364057906552123,0.11046086859828184,0.11046086267896271,5.919319132074996e-09
8,51,-0.7260522866594975,0.2661714042506351,0.6340353780316678,-0.0773558370376143,-0.07735583703761426,0.11603375555642138,0.11603375343893774,2.1174836467574565e-09
8,52,0.9188201238338572,-0.393517929339045,0.030219518967805205,-0.03833935846961025,-0.038339358469610195,0.057509037704415296,0.057509032258540316,5.445874980136711e-09
8,53,-0.01462684877623599,0.9861585707647398,-0.16515849539797484,-0.04529921124785247,-0.04529921124785241,0.06794881687177862,0.06794881463045854,2.2413200739812567e-09
8,54,0.43242045017181485,0.44869363349563857,0.7821039429217107,-0.05948981157851335,-0.05948981157851328,0.08923471736776993,0.08923471545019268,1.917577249765934e-09
8,55,-0.10736388059065338,0.5214531852694468,0.8464984186145087,-0.07710991673046956,-0.07710991673046953,0.1156648750957043,0.11566487212455456,2.971149742903023e-09
8,56,-0.6672692342239835,0.2784024855102829,0.6908283615485363,-0.0814730447539512,-0.08147304475395116,0.12220956713092675,0.12220956469022326,2.440703486539242e-09
8,57,0.33954880949700744,0.4522930368178499,-0.8247045621404382,-0.1042256170573618,-0.10422561705736176,0.15633842558604266,0.1563384241509702,1.4350724497624867e-09
8,58,0.7785259178193029,-0.19461092249372347,-0.5966774540149427,-0.07637596516686712,-0.07637596516686707,0.1145639477503006,0.1145639430544243,4.69587629892132e-09
8,59,0.6689175715625081,-0.7428140510026806,-0.027866971272525028,-0.037305499870970156,-0.03730549987097011,0.05595824980645516,0.05595824775772584,2.048729318138154e-09
8,60,-0.868995627667099,-0.204262959405261,-0.45069195966920605,-0.039171087288196606,-0.039171087288196495,0.058756630932294746,0.058756625953559904,4.978734841065702e-09
8,61,-0.28354354904227036,-0.06439035962286846,-0.9567951386708395,-0.08742367175883103,-0.08742367175883098,0.13113550763824647,0.1311355066202502,1.017996270613608e-09
8,62,0.8155733196460588,0.37052867325851313,-0.44446446716784177,-0.07304935044616492,-0.07304935044616483,0.10957402566924725,0.10957402346578604,2.2034612051635705e-09
8,63,0.3411332129571603,-0.21351741547791284,-0.915444397167385,-0.0993059999229591,-0.09930599992295903,0.14895899988443856,0.14895899652644928,3.3579892755319918e-09
8,64,0.7952156752975305,0.37372138093000895,0.47745613326970654,-0.03951282397411694,-0.039512823974116845,0.05926923596117527,0.05926923535293227,6.082429976350667e-10
8,65,0.17552567535767724,-0.6305170981565827,0.7560680698339493,-0.08315217052970496,-0.08315217052970496,0.12472825579455744,0.12472825411391497,1.680642472412508e-09
8,66,0.7365669869738173,0.6055951425169768,0.30120358075586523,-0.03704802115977012,-0.03704802115977004,0.05557203173965506,0.05557202892303437,2.8166206936242055e-09
8,67,-0.41010508286453073,-0.4561890025235157,-0.7897502231625365,-0.06044230885126948,-0.060442308851269416,0.09066346327690412,0.09066346007280401,3.2041001102323108e-09
8,68,-0.44142932930187273,0.024326866497428913,-0.8969661926731213,-0.07804982025108814,-0.07804982025108807,0.11707473037663212,0.11707472907795946,1.2986726555253014e-09
8,69,-0.11439300980670905,0.49955899415017235,0.8586938049567089,-0.07902637110667532,-0.07902637110667529,0.11853955666001294,0.11853955456109233,2.0989206067634214e-09
8,70,0.8280350716960495,-0.5132969017903523,-0.22557528821602685,-0.04512685532688913,-0.045126855326889086,0.06769028299033364,0.06769027977027164,3.2200619948241638e-09
8,71,0.13254195611105807,0.7753671839276842,0.6174450258592314,-0.049517870435181015,-0.049517870435180994,0.07427680565277149,0.07427680276395066,2.888820835322825e-09
8,72,0.5743595680528385,0.45781310941548586,-0.678614944893996,-0.09366343925226642,-0.09366343925226636,0.14049515887839956,0.14049515717484695,1.7035526045372507e-09
8,73,0.4522887842880693,0.8437925293569956,-0.28887544549259286,-0.058957367762734095,-0.05895736776273407,0.08843605164410111,0.08843604876185296,2.8822481484835905e-09
8,74,0.8799129538161391,0.18206300843581077,-0.4388692910945797,-0.0706599580692837,-0.0706599580692836,0.1059899371039254,0.10598993488430963,2.219615768961347e-09
8,75,-0.6981984329695351,-0.12215483883249957,0.7054056588578601,-0.09306284539941496,-0.09306284539941488,0.13959426809912234,0.1395942653137361,2.7853862549775954e-09
8,76,0.5590935517724701,0.5977483170258007,0.5745531740920653,-0.0434369989576128,-0.04343699895761273,0.0651554984364191,0.06515549488828043,3.5481386717606256e-09
8,77,-0.5990332586377475,0.7329200134438565,0.3224707877301427,-0.04481428435159216,-0.04481428435159213,0.0672214265273882,0.06722142703585732,5.084691140355702e-10
8,78,-0.7285362637224768,-0.4449777242124896,0.5207972133143257,-0.07996678113758035,-0.07996678113758025,0.11995017170637039,0.11995016924171154,2.4646588520083057e-09
8,79,-0.2754242441355262,0.07993076465281433,-0.9579940284805487,-0.09111394090369418,-0.09111394090369411,0.13667091135554119,0.13667090931201997,2.04352121335738e-09
8,80,0.6661591186534318,-0.010522911768999945,0.7457354068051112,-0.05870472197558934,-0.058704721975589264,0.0880570829633839,0.08805707968351228,3.2798716104176506e-09
8,81,0.13200156342592975,0.6669855397569615,-0.7332843084426564,-0.09083435025176231,-0.0908343502517623,0.13625152537764346,0.13625152534002538,3.76180753214328e-11
8,82,-0.5182190633584084,0.5179861312536516,-0.6805434374092582,-0.0645629281641992,-0.06456292816419917,0.09684439224629876,0.09684438945223306,2.7940657010283587e-09
8,83,0.9434876571592695,0.12771690281524375,0.3058094725861091,-0.03709207748503665,-0.03709207748503655,0.055638116227554824,0.0556381135607964,2.6667584251960363e-09
8,84,0.9460471832354406,0.32376488685155813,-0.01307765782877599,-0.0442556248492703,-0.044255624849270175,0.06638343727390526,0.06638343347242781,3.801477452269886e-09
8,85,-0.15268070254026256,0.3089803057328477,0.9387330684177734,-0.09356673054597638,-0.09356673054597632,0.1403500958189645,0.14035009404667065,1.7722938394637566e-09
8,86,0.4062772672108453,0.009738935134346557,-0.9136979453244581,-0.10712127753597693,-0.10712127753597689,0.16068191630396533,0.1606819149957417,1.3082236405281833e-09
8,87,0.7824620218612419,-0.5183437013590735,-0.345069546042813,-0.05082549353338296,-0.050825493533382934,0.07623824030007441,0.07623823655711348,3.742960927310968e-09
8,88,-0.6847712412464656,-0.6491547362061242,-0.33118948597884573,-0.03707118430917651,-0.037071184309176435,0.055606776463764655,0.05560677335259001,3.1111746442991084e-09
8,89,-0.13953590785632064,0.9250812584907636,-0.35320588274808995,-0.053373070960896336,-0.053373070960896274,0.08005960644134441,0.08005960477897034,1.6623740717314206e-09
8,90,-0.7734341586584645,-0.5232609905961343,-0.35776743555084123,-0.03720254929718841,-0.03720254929718831,0.05580382394578247,0.05580382267389439,1.2718880809670097e-09
8,91,-0.05118680944397304,-0.4378972734196228,-0.8975666484838919,-0.07971533448326161,-0.07971533448326155,0.11957300172489234,0.11957299733689197,4.3880003658403055e-09
8,92,-0.032100482850010596,-0.7340460265261506,-0.6783406149877552,-0.055659711357988896,-0.05565971135798889,0.08348956703698333,0.0834895638734956,3.1634877356578883e-09
8,93,-0.3648068926294776,0.920810421275911,-0.13792787665915984,-0.040215820659738624,-0.040215820659738555,0.06032373098960783,0.060323729345057586,1.6445502459827566e-09
8,94,-0.7573149957783044,0.5268493801759971,0.3858804578849184,-0.0528648490915049,-0.05286484909150487,0.07929727363725732,0.07929727013911148,3.4981458424399037e-09
8,95,-0.07474675415068605,0.5980470059098958,-0.7979678574141607,-0.09036211735716014,-0.09036211735716014,0.13554317603574023,0.13554317251918135,3.516558877425524e-09
8,96,0.7455334458438831,-0.654880525635069,-0.12373915415938984,-0.03962286131301423,-0.039622861313014186,0.05943429196952128,0.05943428943444573,2.535075552256849e-09
8,97,0.586759035976318,-0.7110602300730012,-0.3874366824510459,-0.048108693386502394,-0.04810869338650235,0.07216304007975353,0.07216303526957901,4.810174522584809e-09
8,98,0.18135928881224364,-0.17334387800133197,-0.9680189607238985,-0.1015947327990265,-0.10159473279902644,0.15239209919853966,0.15239209755213423,1.6464054286569052e-09
8,99,0.6866293646474942,-0.7260785442211762,0.03674320652087816,-0.037040085356274344,-0.03704008535627429,0.05556012803441143,0.05556012455665282,3.477758608871895e-09
8,100,0.23320107060169876,0.8176505041079677,-0.5263695601022232,-0.07427908542586296,-0.07427908542586292,0.11141862813879438,0.11141862293895244,5.199841945913164e-09
8,101,-0.011246483389598438,0.932252402485,0.3616337576503516,-0.03931367161301111,-0.03931367161301107,0.0589705074195166,0.05897050348036004,3.9391565634372405e-09
8,102,0.4174893689815723,0.3494688580616506,0.8387932665636119,-0.06610025971070685,-0.0661002597107068,0.09915038956606019,0.09915038651220343,3.053856764689833e-09
8,103,-0.2017816338472415,-0.9792012278284475,0.021192632238546845,-0.04170267487960733,-0.04170267487960729,0.06255401231941095,0.06255400919474852,3.1246624315750537e-09
8,104,-0.7821919003073597,-0.5460317810709756,0.3000418723345447,-0.06228409364735101,-0.062284093647350915,0.09342614047102638,0.09342613765950247,2.811523902579438e-09
8,105,0.07297005543129832,-0.33688115603044344,0.9387153230463138,-0.10174981074988088,-0.10174981074988086,0.1526247161248213,0.15262471425581126,1.869010057831133e-09
8,106,0.2748460229925069,0.46166963815026996,-0.8433983690139562,-0.10465407154151253,-0.1046540715415125,0.15698110731226878,0.15698110589212888,1.4201398945701271e-09
8,107,0.1627401824381991,-0.37478009976585,-0.912718746295638,-0.08922532161323683,-0.0892253216132368,0.13383798241985523,0.13383798097565958,1.4441956519561927e-09
8,108,-0.7677872702076851,0.5785289241463456,-0.2753306950434386,-0.03924059436414876,-0.03924059436414872,0.058860891546223086,0.058860889773360014,1.7728630716251637e-09
8,109,0.05833387134443665,0.02068130227303527,-0.9980828839281145,-0.10622126296828112,-0.10622126296828109,0.15933189445242166,0.15933189351224897,9.401726897007023e-10
8,110,-0.43057483957978687,0.16918292658815698,-0.8865565096889803,-0.08022053086760032,-0.08022053086760028,0.12033079630140042,0.12033079394013768,2.3612627408908793e-09
8,111,0.8489457481509061,-0.12273177454799403,0.5140311549048353,-0.04348093439939383,-0.04348093439939376,0.06522140159909065,0.0652213963392434,5.259847252192529e-09
8,112,0.5517850603305473,-0.5209603391257398,-0.6512553817466757,-0.0696092718054971,-0.0696092718054971,0.10441390770824566,0.10441390391191518,3.796330472205511e-09
8,113,-0.7770522974358647,-0.626642785179475,-0.05923298770241844,-0.04189564957232765,-0.04189564957232756,0.06284347435849134,0.06284347070506513,3.6534262143339546e-09
8,114,-0.4037214641124319,0.8958264188580685,-0.1857525415461199,-0.04123650407843842,-0.04123650407843835,0.06185475611765753,0.06185475187603373,4.241623802192507e-09
8,115,0.45906418316254993,-0.6753258692771512,-0.5772304964417257,-0.05871334313288082,-0.05871334313288081,0.08807001469932123,0.0880700110061916,3.693129621562541e-09
8,116,-0.2646626209946409,-0.5872996576974684,-0.7648743747287416,-0.05955872013845654,-0.059558720138456485,0.08933808020768473,0.08933807721378528,2.9938994478007075e-09
8,117,-0.0979953463306515,0.9850665003150415,-0.14156589297783534,-0.043274731589909736,-0.043274731589909674,0.06491209738486452,0.06491209653125551,8.536090029265253e-10
8,118,-0.6211791349678091,0.7672816723068479,-0.15942182291848028,-0.03837250101565304,-0.03837250101565299,0.05755875152347949,0.05755874804558303,3.47789645693819e-09
8,119,-0.18336966666240073,0.10719268865808664,0.9771823232367493,-0.10458046923582323,-0.10458046923582316,0.15687070385373475,0.1568707011512238,2.7025109372580403e-09
8,120,0.015296257441475123,0.8117578642070608,0.5837937944225473,-0.04898610938682614,-0.048986109386826134,0.0734791640802392,0.07347916303190871,1.0483304918595948e-09
8,121,0.9543375423469923,0.1272251763499361,0.27028431284451215,-0.03704323020374367,-0.03704323020374356,0.05556484530561534,0.0555648416167287,3.6888866405959675e-09
8,122,0.6721463860718478,0.6987782915485854,0.2448022364092998,-0.03736420191952666,-0.03736420191952659,0.05604630287928989,0.056046299545808864,3.3334810259355585e-09
8,123,0.33474891240498345,-0.004103694584142794,0.9422984268979976,-0.08570163941828979,-0.08570163941828975,0.12855245912743463,0.12855245756782097,1.5596136604401067e-09
8,124,0.703663987851307,-0.5741414986992073,-0.41859112708300916,-0.05347031943542284,-0.05347031943542282,0.08020547915313424,0.08020547698217584,2.1709583991613712e-09
8,125,-0.174914678505765,-0.956113612441019,-0.23505662157916263,-0.03703791041028806,-0.03703791041028804,0.05555686561543206,0.055556861888739206,3.726692857086711e-09
8,126,-0.362124114588032,-0.8681758660214304,-0.3393181269719807,-0.03741048443039449,-0.03741048443039448,0.05611572664559172,0.05611572456709624,2.0784954798958033e-09
8,127,-0.17537471761754791,-0.9840052345170711,-0.031263506898125404,-0.03986317207026989,-0.039863172070269855,0.059794758105404786,0.05979475803385981,7.154497827510653e-11
8,128,0.44938587472106517,-0.18212722918588722,0.8745753300832664,-0.07867547339586617,-0.07867547339586613,0.1180132100937992,0.11801320615179023,3.942008969248789e-09
8,129,-0.26118452058830977,0.6829631404883938,0.6821612675455014,-0.06272790907829937,-0.06272790907829937,0.09409186361744905,0.09409185930397967,4.3134693733515306e-09
8,130,-0.7195732209181618,0.24220172403166393,0.6508092689978776,-0.07942324086263619,-0.07942324086263614,0.1191348612939542,0.1191348589224539,2.371500301689977e-09
8,131,-0.5039040756886991,-0.28652497152266765,0.8148522094209798,-0.10450868092967977,-0.10450868092967971,0.15676302139451959,0.15676302062006542,7.744541674625793e-10
8,132,-0.061584291641375535,0.6652454208363034,0.7440805770071945,-0.06372632682827568,-0.06372632682827564,0.09558949024241346,0.09558948493859631,5.303817149360235e-09
8,133,0.0385931991064625,-0.986718262215757,-0.15778984755885106,-0.0370706588879361,-0.037070658887936064,0.055605988331904097,0.05560598648202131,1.8498827886181957e-09
8,134,0.28377894191625935,-0.8605778194717792,0.42293655405756303,-0.054630551387145475,-0.0546305513871454,0.0819458270807181,0.08194582512555115,1.9551669450112996e-09
8,135,0.518744716364759,-0.38933395999191933,-0.7611326998892219,-0.08247482414066334,-0.08247482414066332,0.12371223621099497,0.12371223351292926,2.6980657152897436e-09
8,136,0.6908213540850889,0.7083627686315548,-0.14487251208108035,-0.051574681730307895,-0.051574681730307825,0.07736202259546174,0.07736201818042687,4.415034865479228e-09
8,137,0.4373247566599411,-0.804948750172371,0.40100444736718444,-0.04993682202467449,-0.049936822024674435,0.07490523303701166,0.07490522924147314,3.795538522366471e-09
8,138,-0.8668221430083487,0.2601537846693062,-0.42536969886517556,-0.041003699129246174,-0.041003699129246125,0.06150554869386919,0.06150554648920448,2.2046647146778398e-09
8,139,-0.8462591463683797,-0.0011065517231174248,-0.5327703376982855,-0.04329731502611376,-0.04329731502611368,0.06494597253917052,0.0649459638846217,8.654548813713525e-09
8,140,-0.4941373932345662,0.09978447341468381,-0.8636384055104902,-0.07468219820412896,-0.0746821982041289,0.11202329730619336,0.1120232934193055,3.88688785324387e-09
8,141,0.0857356350099391,-0.06544319142023863,-0.9941662786406389,-0.1044359059607542,-0.10443590596075415,0.15665385894113124,0.15665385794116915,9.999620853573532e-10
8,142,-0.20396499009024863,-0.13801383967694106,0.9692009404014795,-0.11074461477386718,-0.11074461477386714,0.16611692216080073,0.1661169216071734,5.536273384176837e-10
8,143,-0.4294513779657403,0.8161910062129949,-0.3865278196202,-0.04934499022245326,-0.0493449902224532,0.0740174853336798,0.07401748380875262,1.524927184526348e-09
8,144,0.939345640356469,-0.34138306773192983,-0.032975278758971306,-0.04022279110413215,-0.04022279110413209,0.06033418665619814,0.06033418209483443,4.56136371035365e-09
8,145,0.25135513871042464,0.9576313158376452,0.1405804295445266,-0.03786909838343699,-0.03786909838343698,0.05680364757515547,0.05680364373317204,3.84198343278408e-09
8,146,0.04270549536894796,0.7302002806760329,0.6818971995586546,-0.055762968501589454,-0.055762968501589426,0.08364445275238415,0.08364444831210349,4.440280657047602e-09
8,147,-0.8727305973781564,-0.4337046221752297,-0.22414639212757254,-0.037616258620749625,-0.03761625862074952,0.05642438793112428,0.05642438460906618,3.32205810082975e-09
8,148,0.9676250311344882,0.2410225173576439,0.07489956774618205,-0.04058754729686104,-0.04058754729686093,0.0608813209452914,0.06088131804249386,2.9027975440021336e-09
8,149,-0.9241631411243519,-0.09944318929374922,0.3688272504713538,-0.06399831810473797,-0.06399831810473787,0.09599747715710681,0.09599747524680069,1.9103061216219075e-09
8,150,0.9234624604592162,0.24835341648429307,0.2924682284337738,-0.037037480143846974,-0.03703748014384688,0.05555622021577033,0.055556219347163704,8.686066241270218e-10
8,151,0.8358368098881997,0.5397416025277907,0.10027876014715108,-0.04049716412710214,-0.04049716412710204,0.06074574619065306,0.06074574454562054,1.6450325199257598e-09
8,152,-0.26162710663458805,-0.6854552760949244,0.6794868074860945,-0.08898638196651208,-0.08898638196651207,0.13347957294976812,0.1334795704521774,2.497590717576159e-09
8,153,-0.6682973568761235,-0.6678897257684525,-0.3275697742547818,-0.037063171030622,-0.03706317103062192,0.055594756545932884,0.055594755188348444,1.3575844406976678e-09
8,154,0.5387933838801248,-0.7506412574551555,-0.3824125940566646,-0.046765082222998335,-0.04676508222299829,0.07014762333449745,0.07014761965740135,3.677096099830024e-09
8,155,-0.5633046851089151,0.7875751576876793,0.24982634514312754,-0.04116053063180308,-0.04116053063180304,0.06174079594770456,0.0617407916458923,4.301812260576465e-09
8,156,-0.6571762926287208,0.6933779537018605,0.2955441316064157,-0.044645012995098224,-0.04464501299509819,0.06696751949264729,0.06696751903012554,4.62521743127553e-10
8,157,0.6305285468050682,-0.6277639292845683,-0.45644955992211084,-0.05400032900350115,-0.05400032900350113,0.0810004935052517,0.08100048826120698,5.244044712360285e-09
8,158,-0.026351143167477026,0.6866499540940157,-0.7265104664053045,-0.08553502525854419,-0.08553502525854417,0.12830253788781626,0.12830253387496882,4.012847443224388e-09
8,159,-0.12669516340204867,-0.6642072919179649,0.7367340150512472,-0.09101354980175076,-0.09101354980175075,0.13652032470262612,0.13652032421207494,4.905511830077813e-10
8,160,-0.6981928931413424,-0.6963503542079901,-0.16620128808564877,-0.038643666340687916,-0.03864366634068781,0.05796549951103172,0.057965496291778607,3.2192531140839975e-09
8,161,0.9853940305391236,-0.02680202780770794,0.16816734487782056,-0.03758185739849508,-0.037581857398494976,0.05637278609774247,0.056372782830660384,3.2670820840352555e-09
8,162,-0.38190046331634736,-0.924203362919622,0.0004243663758625479,-0.04231484298132843,-0.0423148429813284,0.0634722644719926,0.06347226078062818,3.691364422464538e-09
8,163,-0.6150058793349975,0.607236075752054,0.5030229782908849,-0.057266874097605655,-0.05726687409760564,0.08590031114640846,0.08590030908806057,2.0583478949065537e-09
8,164,-0.6214322131480927,-0.751455813436765,-0.2216667880264274,-0.037574787319094416,-0.03757478731909436,0.05636218097864154,0.05636217742521765,3.5534238884693536e-09
8,165,-0.07863880081087131,0.9554081658349598,-0.284624622376396,-0.05044946438520078,-0.050449464385200725,0.0756741965778011,0.0756741933005678,3.277233304177507e-09
8,166,0.7244918660566382,0.34453540825497875,-0.5969982315521088,-0.08614214803002801,-0.08614214803002791,0.12921322204504188,0.12921321929093565,2.7541062208591427e-09
8,167,0.30824973072870254,-0.2593485592998374,0.9152706858054515,-0.08910651401960383,-0.0891065140196038,0.1336597710294057,0.13365976797574675,3.053658964580208e-09
8,168,-0.20443260840063793,-0.25127089595032215,0.9460815215777305,-0.11058715409266923,-0.11058715409266918,0.16588073113900378,0.16588072998535708,1.1536467059425348e-09
8,169,0.35053019139988845,-0.7413919057197198,-0.5722469982887107,-0.05529924162011123,-0.05529924162011121,0.08294886243016682,0.08294885889270631,3.5374605050764174e-09
8,170,0.2314199173508886,-0.2628765501421982,0.9366646898643315,-0.09425652967902748,-0.09425652967902745,0.1413847945185412,0.14138479137448812,3.144053073445008e-09
8,171,0.5919937938762087,-0.24117280545033923,-0.7690117202769188,-0.08886533630257411,-0.08886533630257407,0.1332980044538611,0.13329800180317264,2.650688474270524e-09
8,172,-0.9764532139367669,0.20029625922941977,0.08012820683916423,-0.043158163281442924,-0.043158163281442834,0.06473724492216426,0.06473724195599218,2.966172085727692e-09
8,173,-0.29397256353689677,0.04107198899697643,-0.9549310046319459,-0.08926324423421259,-0.08926324423421252,0.13389486635131878,0.13389486464010503,1.7112137540298278e-09
8,174,0.5126005491145328,0.6687681156957801,0.538507088603479,-0.04198668647232618,-0.041986686472326104,0.06298002970848916,0.06298002674931524,2.9591739197920575e-09
8,175,0.5173436299953633,-0.4890238675691272,0.7022899867226882,-0.06598629891866616,-0.06598629891866614,0.09897944837799921,0.09897944547310189,2.904897322686395e-09
8,176,0.28326874724486517,-0.2116770059951998,-0.9353885085712955,-0.09992892465376557,-0.0999289246537655,0.14989338698064827,0.1498933838162131,3.1644351861093156e-09
8,177,0.7688125716468731,-0.12403328617475481,-0.627330035625916,-0.08076562939887134,-0.08076562939887126,0.1211484440983069,0.12114844127886215,2.819444747115263e-09
8,178,0.9574254052450977,0.14519070907202866,-0.2495120265446585,-0.05606571427795568,-0.05606571427795557,0.08409857141693336,0.08409856838698104,3.029952316824236e-09
8,179,0.3011333927643915,-0.725621499317032,0.6187019633806807,-0.06776769598483326,-0.0677676959848332,0.1016515439772498,0.10165154135099996,2.6262498425966285e-09
8,180,0.8012525460928782,-0.002715379373477058,0.5983201351237798,-0.046910822410645474,-0.0469108224106454,0.0703662336159681,0.07036622812206517,5.493902929809558e-09
8,181,0.16682214015902488,-0.7974669908292625,-0.5798420233912712,-0.05182307297532633,-0.05182307297532631,0.07773460946298948,0.0777346076397123,1.8232771820114735e-09
8,182,-0.38284113977804274,0.8971570631536506,0.22032218618869429,-0.03853006248706681,-0.03853006248706675,0.05779509373060013,0.05779508954750767,4.18309245575621e-09
8,183,-0.5533708793827773,0.3021848727923899,-0.7761861712930597,-0.06851735314057116,-0.06851735314057113,0.1027760297108567,0.10277602796593399,1.7449227063259798e-09
8,184,0.36388353708540333,-0.8922612590567047,0.26731744616608893,-0.04486245582558293,-0.044862455825582855,0.06729368373837429,0.06729368312585748,6.125168011683613e-10
8,185,-0.20299643947818197,-0.7758732990609535,-0.5973383206889147,-0.047364368243065856,-0.04736436824306584,0.07104655236459877,0.07104654781153741,4.553061358492094e-09
8,186,0.9025423433691832,0.027926683930728304,0.42969456448772597,-0.0392696288116128,-0.03926962881161271,0.05890444321741906,0.05890443965927972,3.558139345660738e-09
8,187,0.33606859112497417,-0.6690975951040598,0.6628471243697439,-0.06996991351786742,-0.0699699135178674,0.1049548702768011,0.10495486840733648,1.869464624770778e-09
8,188,0.9380175051740088,-0.09623449106994039,0.3329595812041425,-0.03771263667896928,-0.03771263667896919,0.056568955018453784,0.056568950912438964,4.106014819815762e-09
8,189,-0.45795528826020454,-0.2921013584578273,0.8396152394648425,-0.10633974066826817,-0.10633974066826811,0.15950961100240219,0.15950960691180072,4.090601468664801e-09
8,190,0.2471511214926153,-0.7624799576689864,0.5979470188052143,-0.06784082726874575,-0.0678408272687457,0.10176124090311855,0.10176123832472683,2.5783917223520803e-09
8,191,0.6394019788878306,-0.7217415437990977,0.26505518925088256,-0.04067464994393902,-0.04067464994393896,0.06101197491590844,0.06101197186358931,3.0523191335563027e-09
8,192,0.10213892591616956,-0.6704746488682977,-0.734868277337935,-0.06377944622635401,-0.06377944622635398,0.09566916933953097,0.09566916564507366,3.6944573095221145e-09
8,193,-0.46023907272232756,0.8877051546199103,-0.0126314845102714,-0.037284942097077244,-0.03728494209707717,0.05592741314561575,0.05592740853765932,4.6079564330892e-09
8,194,0.9519163239994558,0.2472202912193938,-0.18093490462804956,-0.05264496924439969,-0.05264496924439957,0.07896745386659935,0.07896745340962852,4.5697083617124434e-10
8,195,-0.13410376480857475,-0.39011620173477524,0.9109475997049439,-0.10683191630531937,-0.10683191630531934,0.16024787445797903,0.1602478733042645,1.1537145405693394e-09
8,196,0.6080813605204068,-0.7110603926425435,0.3530299944801901,-0.04420828877505734,-0.04420828877505729,0.06631243316258593,0.06631242915888791,4.003698025889513e-09
8,197,0.5647848751392025,0.8245890696372264,-0.03272477729196703,-0.04489974658578802,-0.04489974658578797,0.06734961987868196,0.06734961477405932,5.10462264124989e-09
8,198,-0.616981028726168,-0.2395103751069384,-0.7496460434152461,-0.05639455813089835,-0.05639455813089828,0.08459183719634743,0.08459183492570688,2.270640550583458e-09
8,199,-0.6846190015483,-0.14288977142079526,0.7147582360087371,-0.09425885786970883,-0.09425885786970876,0.14138828680456317,0.14138828302590056,3.7786626050362315e-09
8,200,-0.3583957783781026,0.04990738661404753,-0.9322347981072739,-0.08484504645209073,-0.08484504645209069,0.12726756967813604,0.12726756731806788,2.3600681686719582e-09
8,201,0.18948639244690582,0.17824921487821294,0.9655682909420533,-0.08881994688013237,-0.0888199468801323,0.13322992032019845,0.13322992015174506,1.6845339012583338e-10
8,202,0.4134625942028644,0.9090073313370958,-0.052481947090870305,-0.044698079084730905,-0.04469807908473088,0.06704711862709632,0.06704711646987604,2.1572202774100546e-09
8,203,0.400574046399735,-0.7058329352687008,0.5842433575496714,-0.06216916561890831,-0.06216916561890827,0.09325374842836241,0.09325374500379624,3.4245661723053544e-09
8,204,-0.9127497293553034,-0.3293988716444876,0.2416284646335337,-0.05720435305209727,-0.057204353052097166,0.08580652957814576,0.0858065271613917,2.4167540607633597e-09
8,205,0.9356651169917454,0.22972689735325214,-0.26787374167184025,-0.058179593995411956,-0.058179593995411845,0.08726939099311777,0.08726938754977098,3.4433467882566404e-09
8,206,-0.6060649168622549,-0.684016005007232,0.4059648032067491,-0.06978978371724291,-0.06978978371724284,0.10468467557586426,0.10468467065427589,4.9215883729525345e-09
8,207,-0.7118683801233671,0.1519588367876516,-0.6856762510855084,-0.05541765316511155,-0.05541765316511149,0.08312647974766724,0.08312647792330097,1.8243662691652673e-09
8,208,0.0032469635355936253,0.9898923753447322,-0.14178343507674807,-0.04448083104577149,-0.044480831045771434,0.06672124656865716,0.06672124519546685,1.373190311459993e-09
8,209,0.46176156868337126,-0.8594973315859453,-0.21918163856425538,-0.0391239008538853,-0.03912390085388526,0.058685851280827886,0.05868584923574005,2.0450878351896407e-09
8,210,0.4174836865854842,0.7602685083009993,-0.4976938483854975,-0.07523782683605239,-0.07523782683605237,0.11285674025407856,0.11285673923167039,1.0224081720133782e-09
8,211,-0.03357719649571586,-0.07615435072738096,0.9965305247411036,-0.1065665542516335,-0.10656655425163346,0.1598498313774502,0.15984982920658197,2.170868235173984e-09
8,212,0.23106038319350786,0.9197623235486219,-0.3172512687112685,-0.057739139216331295,-0.05773913921633127,0.08660870882449691,0.08660870770560436,1.1188925480576373e-09
8,213,0.187475690883048,-0.913825977213796,-0.3602429023550287,-0.04069259030075529,-0.04069259030075524,0.06103888545113286,0.06103888228192744,3.1692054189291774e-09
8,214,0.9336999503460836,0.23127165511676137,0.27334561321388534,-0.03706688607218277,-0.037066886072182656,0.055600329108273984,0.05560032712015328,1.98812070278942e-09
8,215,0.7115532289532317,-0.6328405131657459,-0.3052947547245858,-0.04635425822281093,-0.04635425822281091,0.06953138733421638,0.06953138481646803,2.5177483431448877e-09
8,216,-0.8693172131060507,-0.48372121942720264,-0.10149563967673289,-0.04040422910547582,-0.04040422910547571,0.06060634365821357,0.06060634077931226,2.878901304848025e-09
8,217,0.7929165058499772,-0.042717737476945815,0.6078310699984938,-0.0479360164006706,-0.04793601640067053,0.0719040246010058,0.07190402162571274,2.975293053597561e-09
8,218,-0.6410564025015534,0.6381821373953303,-0.4263452219989031,-0.04658512301036711,-0.046585123010367074,0.06987768451555061,0.06987768280675155,1.7087990605846315e-09
8,219,-0.2872045028439279,-0.8931235446290476,0.34618478819182386,-0.06072634463602693,-0.0607263446360269,0.09108951695404036,0.09108951232184026,4.632200095722183e-09
8,220,0.7014305603651217,-0.6899719277349761,0.17870060974588814,-0.03806862828933413,-0.038068628289334085,0.05710294243400113,0.05710294043170805,2.0022930813379247e-09
8,221,0.8440155324121488,-0.03400022489289029,-0.5352399142013514,-0.07506464122315337,-0.07506464122315329,0.11259696183472993,0.11259695814613835,3.6885915849493855e-09
8,222,0.8769492496555568,0.12188483043150355,-0.4648699835859909,-0.07196006911726129,-0.07196006911726119,0.10794010367589178,0.1079401013015513,2.374340488109361e-09
8,223,-0.7577268600362006,-0.16732138515802744,0.63075633936448,-0.0871122636466099,-0.08711226364660982,0.13066839546991474,0.1306683927726482,2.6972665490010428e-09
8,224,-0.8246594903767753,0.010248157449792872,0.5655366479728802,-0.0781178814945216,-0.07811788149452152,0.11717682224178229,0.11717681963618887,2.6055934215785115e-09
8,225,0.6353414324806809,-0.7460003950845089,0.1995612054161657,-0.03905096283528754,-0.03905096283528749,0.05857644425293123,0.058576440919999584,3.3329316459496106e-09
8,226,-0.9548664790222845,0.2852528960687244,-0.08282990114681067,-0.037960381918918554,-0.0379603819189185,0.05694057287837775,0.05694057031435662,2.5640211273603164e-09
8,227,0.34948639437502177,-0.6013535324270102,0.718493694603024,-0.0737274205120315,-0.07372742051203147,0.11059113076804722,0.11059112792199954,2.846047675308938e-09
8,228,-0.1829104547618404,0.9702210034845742,-0.15879222253058448,-0.04293807595108814,-0.042938075951088076,0.06440711392663212,0.06440711020072598,3.725906139173674e-09
8,229,0.9799198333473468,0.17370576306506977,-0.0978949850119506,-0.047387377284700306,-0.0473873772847002,0.07108106592705031,0.071081064645373,1.2816773059531883e-09
8,230,0.10618391333892291,0.012590392485423837,0.9942667944596637,-0.09904053278585467,-0.09904053278585463,0.14856079917878195,0.14856079699754332,2.181238634157978e-09
8,231,-0.7043027058062316,0.6668857389950963,-0.24335387755074941,-0.0392911650854992,-0.039291165085499166,0.05893674762824875,0.05893674576151753,1.8667312209896814e-09
8,232,-0.6874994323552847,-0.027550145224172592,0.7256621252410025,-0.09295573911865854,-0.09295573911865847,0.1394336086779877,0.13943360493984258,3.738145126774839e-09
8,233,0.7273843532709565,0.5373394714485469,-0.42682349401126995,-0.0721696628050931,-0.07216966280509302,0.10825449420763952,0.1082544900943283,4.113311219411386e-09
8,234,0.29534846534242426,0.761215670978063,0.5773387101843185,-0.045281595606843424,-0.045281595606843396,0.0679223934102651,0.06792238993469368,3.475571414002232e-09
8,235,0.48205966573855863,0.2585341164171876,0.8371251933351506,-0.06597845291842831,-0.06597845291842826,0.09896767937764239,0.09896767710904086,2.2686015288542194e-09
8,236,-0.1254709153393108,-0.9407560923796617,-0.3150159107957326,-0.03770197612241806,-0.037701976122418025,0.05655296418362704,0.0565529609253268,3.258300240727152e-09
8,237,0.6298718705238764,0.41022815769382975,0.6595258034056587,-0.048363665152339,-0.04836366515233891,0.07254549772850838,0.07254549322377457,4.504733808197159e-09
8,238,-0.8473585759826451,0.43487718023399585,0.30473805443428376,-0.050412902694952307,-0.05041290269495227,0.07561935404242841,0.07561934828315131,5.759277096895055e-09
8,239,0.235573923897673,-0.7465543952235439,0.6222229996969431,-0.07008468976062207,-0.07008468976062202,0.10512703464093302,0.1051270306917651,3.949167923233965e-09
8,240,0.8049829037662894,0.4845263044611166,-0.3423985761203548,-0.06537770167643216,-0.06537770167643207,0.09806655251464812,0.09806655071331605,1.8013320696175228e-09
8,241,-0.9892675665504834,0.0713011351360086,0.12753756270056837,-0.04660492118080534,-0.046604921180805246,0.06990738177120788,0.06990737849710271,3.274105167538899e-09
8,242,0.9233961883626545,0.377607082100801,-0.06893744167460945,-0.04714144527012151,-0.04714144527012141,0.07071216790518212,0.0707121639020869,4.003095216420505e-09
8,243,0.556377785036287,-0.6065038911318733,0.5679760473470794,-0.05624551087338037,-0.05624551087338034,0.08436826631007051,0.08436826376412299,2.5459475222477934e-09
8,244,0.2616448178768698,0.1974106224577288,-0.9447597765670551,-0.11109055634282262,-0.11109055634282257,0.16663583451423386,0.1666358315222105,2.9920233513003325e-09
8,245,-0.3159946296725242,0.6983079065638285,0.6422721087269537,-0.06044556500984724,-0.060445565009847234,0.09066834751477086,0.0906683422785548,5.236216057968868e-09
8,246,0.15524850966213913,0.9806584561622855,0.11919267009798752,-0.03787089221256834,-0.03787089221256832,0.056806338318852484,0.05680633463622797,3.682624510892296e-09
8,247,0.44742408019244617,-0.3766553547535456,-0.8111365089794839,-0.08622609246150213,-0.0862260924615021,0.12933913869225316,0.12933913801083108,6.814220854245434e-10
8,248,0.8905735159466016,0.10854333705911585,0.4416980378885319,-0.03926078475093122,-0.03926078475093113,0.058891177126396695,0.05889117526969301,1.856703686631267e-09
8,249,0.9127236191660276,0.1543595080217568,0.3782971547603144,-0.03776342610253753,-0.03776342610253743,0.05664513915380615,0.05664513441638874,4.737417409750311e-09
8,250,0.40550465148739295,0.67590075085256,0.615405681334706,-0.04650021333516147,-0.046500213335161425,0.06975032000274214,0.06975031524580899,4.7569331529384584e-09
8,251,-0.011739913457605061,0.9747492456375113,0.22299345856125619,-0.03713296686363803,-0.03713296686363799,0.05569945029545699,0.055699449219570596,1.0758863938642449e-09
8,252,-0.46901119149606657,0.633269339038683,-0.6156284971352037,-0.06209226364980071,-0.06209226364980067,0.09313839547470101,0.09313839283153769,2.6431633270984634e-09
8,253,0.674263202588875,0.5297718106131927,-0.5145006922388087,-0.07949226062344242,-0.07949226062344235,0.11923839093516353,0.1192383872195002,3.7156633325707844e-09
8,254,-0.7866017479129026,-0.30437222409106246,0.5372292242443873,-0.08048402664304295,-0.08048402664304287,0.12072603996456431,0.1207260361124618,3.852102511969768e-09
8,255,-0.44100982091612767,-0.43964057704562604,0.7824490404304385,-0.10189444533415883,-0.10189444533415877,0.15284166800123816,0.15284166571261082,2.2886273431943494e-09
8,256,0.5061322067964884,0.3615894567147401,-0.782996330793482,-0.10227659433631534,-0.10227659433631527,0.1534148915044729,0.15341489051357016,9.909027487431388e-10
8,257,0.5112606457256513,0.8571206206790808,-0.06290305031473117,-0.04594728007207603,-0.04594728007207599,0.06892092010811399,0.06892091480859008,5.2995239030462216e-09
8,258,-0.4637269621959897,0.0780168518749574,-0.8825365008632788,-0.0770068391592794,-0.07700683915927935,0.11551025873891903,0.11551025691503014,1.8238888871424663e-09
8,259,0.6028437010501769,0.4374689779582114,0.667233366543013,-0.048902379796372034,-0.048902379796371964,0.07335356969455795,0.07335356766446921,2.0300887360047426e-09
8,260,-0.8930876922829813,-0.44345240962691085,-0.07579138663954595,-0.04117215562899395,-0.04117215562899384,0.06175823344349076,0.0617582304740516,2.969439159838938e-09
8,261,0.6133540914419142,0.3146808914089998,0.7244119650402672,-0.05370597386785461,-0.05370597386785454,0.08055896080178182,0.08055895811542868,2.6863531399357043e-09
8,262,0.4041070014661892,0.8862733154412613,0.22631204497940446,-0.037224428688584346,-0.037224428688584325,0.05583664303287649,0.055836639478723527,3.554152964990731e-09
8,263,-0.7747253325011778,0.11387211878942945,0.6219596447868185,-0.08056846258525142,-0.08056846258525134,0.12085269387787702,0.12085269035511104,3.5227659817005375e-09
8,264,0.29845409326065603,-0.20107689217518174,-0.9330022709774773,-0.10041258324229477,-0.1004125832422947,0.15061887486344205,0.15061887431722099,5.462210683759849e-10
8,265,-0.9948417085226043,-0.013224481310605905,-0.10057379419059037,-0.038926038877314606,-0.03892603887731451,0.05838905831597176,0.05838905609012457,2.2258471940594937e-09
8,266,-0.19845841016156748,0.7493011682215909,0.6317927023461906,-0.05652987305407956,-0.056529873054079555,0.08479480958111933,0.08479480589906885,3.6820504839552015e-09
8,267,0.6170019218037973,-0.3053062101467073,0.7253252694731347,-0.06264887949405834,-0.06264887949405831,0.09397331924108747,0.09397331524052532,4.000562145445308e-09
8,268,0.9879603749870282,-0.02023282859863552,0.15337838864191183,-0.03780261444986922,-0.037802614449869126,0.05670392167480369,0.056703919337763864,2.3370398255506686e-09
8,269,-0.81065160294838,0.49396010940551,-0.3144000460453508,-0.03952252010981712,-0.039522520109817084,0.05928378016472563,0.05928377788677608,2.277949551210412e-09
8,270,0.40252057500165955,-0.7614345308552847,-0.5081285682989354,-0.051716959516115366,-0.051716959516115345,0.07757543927417303,0.07757543912800813,1.4616489962815393e-10
8,271,-0.7224625650636866,0.6877894706791123,0.07066460291082687,-0.038185939013988895,-0.038185939013988854,0.05727890852098328,0.05727890522999601,3.2909872674236063e-09
8,272,0.5704993728919758,-0.00937235452676658,0.8212445582775493,-0.06706064041033175,-0.06706064041033169,0.10059096061549753,0.10059095501002702,5.605470518310618e-09
8,273,0.1251861157461226,-0.17516911709660968,0.9765470889004751,-0.10078452452583303,-0.100784524525833,0.15117678678874952,0.15117678220377684,4.584972679300137e-09
8,274,-0.6225989540213068,-0.2769240671864189,-0.73190409444442,-0.05453764272886969,-0.05453764272886961,0.08180646409330442,0.08180646160482752,2.4884768967670112e-09
8,275,0.6572374728075402,0.742739452017511,0.12797269534664563,-0.03948198871539458,-0.039481988715394524,0.05922298307309179,0.059222980686168825,2.3869229648365575e-09
8,276,0.8409888053796303,0.1341869511940616,-0.5241485394002209,-0.07716727044105798,-0.0771672704410579,0.11575090566158684,0.11575090191895399,3.742632856407191e-09
8,277,-0.35764727170026095,-0.7049878532452408,0.6124382057171371,-0.08465253935975185,-0.08465253935975184,0.12697880903962777,0.12697880663603556,2.4035922141507626e-09
8,278,0.04700435431074977,0.5409868092421486,-0.8397165372325525,-0.09818642749831578,-0.09818642749831577,0.14727964124747367,0.14727963848493175,2.7625419174448496e-09
8,279,-0.332033177233421,0.9379740775025548,-0.09979278104908738,-0.03950190793980543,-0.03950190793980536,0.05925286190970804,0.05925285956331905,2.3463889928243553e-09
8,280,-0.06356710116785448,-0.9176680278692695,0.3922303076964365,-0.060011694587437964,-0.060011694587437915,0.09001754188115688,0.09001753786819222,4.0129646550202125e-09
8,281,-0.7543522783715265,0.6403376429124882,0.1446386642117721,-0.04035345757094625,-0.040353457570946216,0.060530186356419324,0.06053018225538054,4.101038786341604e-09
8,282,0.10572114077358559,0.4999023253775076,-0.8596049705973624,-0.10177380049005996,-0.10177380049005993,0.15266070073508992,0.1526607007473757,1.2285783501653214e-11
8,283,0.2139590742688574,-0.3537300994592393,0.9105473800272946,-0.0937752839909196,-0.09377528399091958,0.1406629259863794,0.14066292158831928,4.398060110544222e-09
8,284,0.4239416256461927,0.6619382643553685,0.6181514638231196,-0.04652583247110996,-0.0465258324711099,0.06978874870666485,0.06978874561580639,3.0908584580657816e-09
8,285,0.7418108884837957,0.3070847587336735,-0.5961673898162857,-0.08575012418690522,-0.08575012418690514,0.1286251862803577,0.12862518411482782,2.1655298942935275e-09
8,286,0.3397154550612615,-0.06908109433167219,-0.9379878527989894,-0.10593023802552093,-0.10593023802552087,0.1588953570382813,0.15889535659452392,4.4375739194357777e-10
8,287,0.28919060135521385,-0.3096633606175136,-0.9058020750577233,-0.0939930013327305,-0.09399300133273047,0.1409895019990957,0.1409894992421279,2.756967820705114e-09
8,288,0.6737338624972621,-0.7273890951678648,0.1303372040339802,-0.03758466130926093,-0.03758466130926088,0.05637699196389132,0.05637698918814493,2.7757463896826984e-09
8,289,0.40647482370385934,0.7523526415241392,0.5184049772972541,-0.04170537700527782,-0.04170537700527778,0.06255806550791668,0.06255806289656718,2.611349497749771e-09
8,290,-0.3260411910739706,0.8356326576984117,-0.44205791827650337,-0.05483659121961163,-0.05483659121961157,0.08225488682941735,0.08225488484780996,1.981607392065321e-09
8,291,0.16101945443699298,0.9592418462779121,-0.23222363282438677,-0.051205917079184086,-0.05120591707918405,0.07680887561877608,0.07680887453842544,1.080350642279626e-09
8,292,0.7589660594255504,-0.5375079159475435,0.3674993346031807,-0.04184318244978007,-0.041843182449780025,0.06276477367467004,0.0627647711581858,2.5164842432090495e-09
8,293,-0.5698137004768741,-0.322897550650844,-0.7556781845021971,-0.056578309769305404,-0.05657830976930533,0.084867464653958,0.08486746166935788,2.9846001226019325e-09
8,294,0.6732702614389492,-0.18462096448283855,-0.715976434343586,-0.08649615846700784,-0.08649615846700778,0.1297442377005117,0.1297442361880563,1.5124553831569187e-09
8,295,-0.7283124913634647,0.45038778558338555,-0.5164414366810991,-0.048186942041533294,-0.048186942041533266,0.0722804130622999,0.07228040804774238,5.014557519222862e-09
8,296,-0.00010081403347586919,-0.20998882996582124,-0.9777037798464913,-0.0957015419593337,-0.09570154195933366,0.1435523129390005,0.143552310316597,2.622403516561178e-09
8,297,0.8798564637441382,-0.47234843802237436,0.05234077096760337,-0.037600681157272504,-0.037600681157272456,0.056401021735908684,0.05640101857773416,3.158174520512258e-09
8,298,-0.1820514230776777,0.4058126711530594,-0.8956413095023092,-0.09423043055263744,-0.09423043055263743,0.14134564582895615,0.14134564491063983,9.183163118819948e-10
8,299,0.12488040472797655,-0.7686750062406142,0.6273305502651441,-0.0738508069292672,-0.07385080692926718,0.11077621039390077,0.11077620765131968,2.7425810927850236e-09
8,300,-0.14019310646661198,-0.6053749457370748,-0.7834966930198715,-0.06347276109731843,-0.0634727610973184,0.09520914164597762,0.0952091391837051,2.4622725108836008e-09
8,301,-0.3440738756955525,-0.03344322607550062,0.9383468008649598,-0.10885382257582539,-0.10885382257582533,0.163280733863738,0.16328073199067816,1.873059846113634e-09
8,302,-0.906684584483374,0.40917755355098734,0.1024538624466665,-0.04176461608623966,-0.0417646160862396,0.0626469241293594,0.06264692098412183,3.1452375703899804e-09
8,303,0.5082268750353958,-0.668798199372043,-0.5425996793294934,-0.05720209206372846,-0.057202092063728456,0.08580313809559269,0.08580313820560903,1.1001634325769061e-10
8,304,-0.370994263431606,-0.4367778572028385,-0.8195049480986292,-0.06404850854143242,-0.06404850854143236,0.09607276281214855,0.0960727608578793,1.9542692464291633e-09
8,305,0.488562316700633,-0.05264200705826091,0.8709395396885988,-0.07465099993496507,-0.07465099993496502,0.11197649990244753,0.11197649751881755,2.3836299739565803e-09
8,306,0.3907312127533953,0.42912383286455125,0.8143597825579906,-0.06329367854918684,-0.06329367854918679,0.09494051782378019,0.09494051517178193,2.6519982598838254e-09
8,307,-0.5633134739559766,0.6008793136907241,-0.5671172545763474,-0.0559741861048281,-0.055974186104828065,0.08396127915724211,0.08396127681997712,2.3372649926578504e-09
8,308,-0.2495366248618204,-0.2916703355489272,0.9233958458934864,-0.11019293762113562,-0.11019293762113559,0.1652894064317034,0.1652894057735388,6.581646061487589e-10
8,309,0.5639053047333753,0.13704887244253935,-0.8143883679521632,-0.10273787981483244,-0.10273787981483237,0.15410681972224857,0.15410681758476485,2.137483717801203e-09
8,310,-0.2978759176515031,0.20139108533081004,-0.9331192680641384,-0.09022496431330713,-0.09022496431330711,0.13533744646996068,0.1353374426416032,3.8283574921305075e-09
8,311,0.9504573659078845,-0.15464326187277824,0.2696595207827695,-0.03717362152011519,-0.03717362152011512,0.05576043228017268,0.055760430994755694,1.2854169881282296e-09
8,312,-0.7401037817578884,0.6701150662274609,0.05649947117130831,-0.038082685141547314,-0.03808268514154727,0.05712402771232091,0.05712402634250324,1.3698176690168928e-09
8,313,0.8122048366500023,0.33838208377727197,0.47520613285278046,-0.03951356795523635,-0.039513567955236244,0.05927035193285437,0.05927034835151446,3.5813399121287226e-09
8,314,0.1152564851645714,0.3268442180384831,-0.9380238801663429,-0.10817866964368099,-0.10817866964368096,0.16226800446552145,0.16226800320096046,1.2645609837047544e-09
8,315,-0.9175617587660428,-0.3610094332563491,-0.16659114007082104,-0.03851271042736029,-0.03851271042736018,0.05776906564104027,0.057769060368695335,5.2723449356362195e-09
8,316,-0.36514554720424375,0.13860205730252725,-0.9205749285465146,-0.08525988952837832,-0.08525988952837828,0.12788983429256742,0.1278898320578037,2.2347637351760596e-09
8,317,0.6954623969840914,-0.2505263499870777,0.6734750198361437,-0.05621260712861287,-0.056212607128612826,0.08431891069291925,0.08431890879956327,1.8933559720046844e-09
8,318,-0.09947612459412565,-0.398028503691567,-0.9119637113859225,-0.08070084754271079,-0.08070084754271072,0.12105127131406608,0.12105126762085305,3.693213027067266e-09
8,319,-0.8857041201294203,-0.24369380503929522,-0.395147492679935,-0.03786166438934256,-0.03786166438934246,0.05679249658401369,0.05679249293066846,3.653345230503202e-09
8,320,0.5969516692342015,0.751795552319638,0.28009311328719066,-0.03707816006855176,-0.0370781600685517,0.05561724010282755,0.055617238592375884,1.510451666519863e-09
8,321,0.2822373446038746,-0.3381594818286561,0.8977695952527733,-0.08965981471920056,-0.08965981471920054,0.1344897220788008,0.13448971797336284,4.1054379618099546e-09
8,322,0.8167821136962292,0.391308213893825,0.4239632772837107,-0.0381634731284002,-0.03816347312840008,0.05724520969260012,0.0572452057978623,3.89473782391736e-09
8,323,0.31057218035279677,0.3242831002664814,0.8935241416282322,-0.07439257282532932,-0.07439257282532927,0.1115888592379939,0.11158885621087578,3.027118125609185e-09
8,324,-0.00158754945444907,-0.9363477674474882,0.35107027513424455,-0.055965853903961776,-0.05596585390396172,0.08394878085594258,0.08394877987205618,9.838864029054761e-10
8,325,-0.3894354609433027,-0.9183035919698437,0.07112337685430965,-0.045344967316802584,-0.045344967316802556,0.06801745097520384,0.06801745139339843,4.181945900683104e-10
8,326,-0.8772447801051702,-0.19869657117178663,-0.4369911536665322,-0.038831582023695924,-0.03883158202369583,0.058247373035543754,0.05824737220327947,8.322642852665041e-10
8,327,-0.04411193024879189,-0.82219113044504,0.567499676323461,-0.07342751264561674,-0.07342751264561673,0.11014126896842509,0.11014126694020021,2.028224879713214e-09
8,328,0.2882055227677421,-0.9405715418469794,0.1796183490453261,-0.04243039963021821,-0.04243039963021815,0.06364559944532723,0.06364559851368412,9.316431098804756e-10
8,329,0.805964387969582,-0.5781912549815561,0.12694990345671853,-0.03707226006163794,-0.0370722600616379,0.05560839009245685,0.05560838872709084,1.3653660077550533e-09
8,330,-0.9686121463378565,0.12375041295113182,-0.21558373143907475,-0.03706291249800921,-0.03706291249800912,0.055594368747013685,0.055594365222511044,3.5245026411279134e-09
8,331,-0.7288426742668788,-0.08319335117390503,-0.6796081389212169,-0.051701269316040924,-0.051701269316040833,0.07755190397406125,0.07755190239988607,1.5741751790976366e-09
8,332,0.39272602997642614,-0.10975776042321227,0.9130824165461933,-0.08296733568626538,-0.08296733568626531,0.12445100352939797,0.12445100089353289,2.6358650817570606e-09
8,333,0.7120280638223453,0.3457296709158723,0.6111358531274408,-0.045401554948524527,-0.04540155494852444,0.06810233242278667,0.06810232794363102,4.479155643610788e-09
8,334,-0.5771006241402018,0.022177590720298845,0.816371866300421,-0.09943685320255942,-0.09943685320255936,0.14915527980383905,0.1491552784060879,1.3977511648111118e-09
8,335,-0.5540754753835341,-0.7429142282527856,0.37560460199267864,-0.06678461222667018,-0.06678461222667012,0.10017691834000518,0.10017691537411721,2.9658879657779025e-09
8,336,-0.49589941915590113,-0.5342695111355248,0.6845727540238854,-0.09363021069644263,-0.09363021069644256,0.14044531604466384,0.1404453150999352,9.447286564157054e-10
8,337,-0.8987819601834498,-0.42095673330220157,-0.12241902113779086,-0.039691817384270724,-0.03969181738427061,0.05953772607640592,0.05953772336253493,2.7138709890461854e-09
8,338,-0.5436364082731917,0.697232523731444,-0.4672539603373151,-0.050954376169287205,-0.05095437616928716,0.07643156425393074,0.07643156246794902,1.785981723623209e-09
8,339,-0.026836720851920907,-0.39895340956868763,0.916578402215236,-0.10394499917550029,-0.10394499917550028,0.15591749876325042,0.1559174969689714,1.7942790309088963e-09
8,340,-0.3299734152519166,0.524178538227534,-0.7850824194239939,-0.07957822423591535,-0.07957822423591533,0.119367336353873,0.11936733546047407,8.933989381620933e-10
8,341,-0.2508694811356953,0.9679941735925348,-0.007196063202381038,-0.038114596702896054,-0.038114596702895985,0.05717189505434398,0.057171890832652394,4.221691586592247e-09
8,342,-0.467202202013643,-0.8658720428167178,-0.17885107744156092,-0.03789557145927834,-0.03789557145927831,0.05684335718891747,0.0568433550229841,2.165933370157358e-09
8,343,0.8020640244550996,-0.04283960819289441,0.5956996463359437,-0.04716468414636598,-0.047164684146365904,0.07074702621954886,0.07074702351728135,2.7022675069821034e-09
8,344,-0.7863683913734651,-0.5693134429755046,0.23980608144099586,-0.05799702570338163,-0.057997025703381534,0.0869955385550723,0.08699553438740182,4.16767048649902e-09
8,345,0.957112334271488,0.2017047623200827,-0.2079691526231289,-0.05393871952279893,-0.05393871952279883,0.08090807928419824,0.08090807607219475,3.2120034965110733e-09
8,346,0.480940474920339,-0.4741750406352839,-0.7374647723260588,-0.07711520950848824,-0.07711520950848821,0.11567281426273232,0.11567281160695941,2.6557729071452485e-09
8,347,0.5282261941269768,0.2643062927445204,0.8069196189545632,-0.06226534441746012,-0.06226534441746005,0.09339801662619009,0.09339801293473116,3.6914589301995093e-09
8,348,0.13421454240528255,-0.17581542175378193,-0.9752309439719805,-0.10082484352919563,-0.10082484352919559,0.1512372652937934,0.15123726299082207,2.302971313650204e-09
8,349,0.06336675734514567,0.039040764942776335,0.997226389911661,-0.10024437578004478,-0.1002443757800447,0.15036656367006707,0.15036655948152955,4.188537516824908e-09
8,350,0.03516820065739862,0.9227938298669552,0.3836857375795949,-0.039605091169547885,-0.03960509116954785,0.05940763675432178,0.05940763436740326,2.386918517005565e-09
8,351,-0.2723207091832473,-0.7457273861328846,-0.6080559981789087,-0.04725909436434478,-0.04725909436434476,0.07088864154651714,0.07088863940296619,2.1435509478529013e-09
8,352,0.6220792424900186,0.20291392727509608,-0.7562032492530311,-0.09883588342473955,-0.09883588342473949,0.14825382513710925,0.1482538244945708,6.425384391217648e-10
8,353,-0.676382200650496,0.3217256401349274,0.6625705480346703,-0.07782603853760664,-0.0778260385376066,0.1167390578064099,0.1167390559220216,1.8843882981789406e-09
8,354,-0.7892319711641207,-0.5799691087606338,0.20186314318317866,-0.05545121787244052,-0.05545121787244043,0.08317682680866065,0.08317682376191016,3.0467504907871756e-09
8,355,0.6383878524683524,0.7309885825591647,-0.24107393469429295,-0.057468752683967866,-0.05746875268396781,0.08620312902595172,0.08620312658136342,2.4445882956802834e-09
8,356,-0.9695334651394414,-0.2419835481397437,-0.03806339980096128,-0.04183768521896651,-0.04183768521896639,0.0627565278284496,0.06275652358889161,4.239557982455011e-09
8,357,-0.14702956619355095,0.2521945981555038,-0.9564414207499172,-0.09934725224754587,-0.09934725224754584,0.14902087837131878,0.14902087619450555,2.176813229670671e-09
8,358,0.9386099288203863,0.34003036018210986,-0.05823019555363023,-0.046432433245812504,-0.04643243324581238,0.06964864986871858,0.06964864657232894,3.296389633478114e-09
8,359,0.06755387531016283,0.40001328979460327,0.9140163247548031,-0.08181068928593525,-0.0818106892859352,0.1227160339289028,0.12271603316849067,7.604121360360594e-10
8,360,-0.7880520669442116,-0.5746732879848128,0.22073638545033783,-0.05670173790714595,-0.05670173790714585,0.08505260686071878,0.08505260523650193,1.6242168443536542e-09
8,361,0.3009156178077497,-0.530133665036412,-0.7927219488284917,-0.07673148225387502,-0.07673148225387501,0.11509722338081252,0.11509721925540006,4.125412456090771e-09
8,362,-0.927958797233839,0.11269208107321478,-0.35523649235363614,-0.03814372900229492,-0.03814372900229483,0.05721559350344225,0.0572155919864592,1.5169830461236877e-09
8,363,0.33497667168247847,0.10667969864727966,0.9361677581101876,-0.08260683001656094,-0.08260683001656088,0.12391024502484133,0.12391024317714994,1.8476913887788271e-09
8,364,0.9363307465840559,0.34934454196721276,-0.03525796362614768,-0.04537268488156845,-0.04537268488156834,0.06805902732235251,0.06805902369455552,3.627796993366239e-09
8,365,-0.10706708100712255,-0.7121803021276601,0.6937837252530279,-0.08643863295172516,-0.08643863295172516,0.12965794942758774,0.12965794687902488,2.548562860749115e-09
8,366,0.35797824108586224,0.9275454352485522,-0.10728953564372598,-0.04679476172725511,-0.04679476172725509,0.07019214259088263,0.07019213960068882,2.9901938147780527e-09
8,367,0.5657464794447796,-0.3544043359597319,-0.7445323952984041,-0.08277513676626969,-0.08277513676626966,0.12416270514940449,0.12416270234183457,2.8075699126661746e-09
8,368,0.3092007306486251,-0.9454415125333232,-0.10264138807059477,-0.037037557810724944,-0.037037557810724875,0.05555633671608731,0.05555633314502373,3.5710635837293836e-09
8,369,-0.6384593422929282,-0.4195360509747232,0.6452589946458833,-0.09079801232383491,-0.09079801232383485,0.13619701848575227,0.13619701477729507,3.70845720798485e-09
8,370,0.3647114141900658,-0.9256715681962914,0.10058693847861606,-0.0392440507446558,-0.03924405074465573,0.05886607611698359,0.05886607173932745,4.377656140364117e-09
8,371,-0.576707459380462,0.7548067011945393,0.3125305587086651,-0.04392325666753633,-0.0439232566675363,0.06588488500130445,0.06588488227210476,2.729199685691519e-09
8,372,-0.513955908448135,-0.538970264032281,0.6673532637668191,-0.0922272497583525,-0.09222724975835245,0.13834087463752867,0.1383408734789704,1.1585582770923253e-09
8,373,-0.6411990638542091,0.155312095630494,-0.751493122698638,-0.06188754376761081,-0.06188754376761076,0.09283131565141615,0.09283131346959905,2.1818171019871713e-09
8,374,0.20097607536926787,-0.9794492590883564,-0.016963667069238162,-0.037973640182334796,-0.03797364018233473,0.05696046027350209,0.05696045718428522,3.089216875362677e-09
8,375,0.39923762274230906,-0.32134473492806187,0.858689048445992,-0.08129073591736959,-0.08129073591736956,0.12193610387605434,0.1219361014936915,2.382362848663e-09
8,376,0.7613136736732274,0.21080244560840578,-0.6131588857740623,-0.08616355184909838,-0.0861635518490983,0.12924532777364744,0.12924532416525025,3.608397192156332e-09
8,377,-0.6585506533287487,0.18432398570066263,0.7296133944053521,-0.08762404783304675,-0.08762404783304671,0.1314360717495701,0.13143607036081306,1.3887570260440185e-09
8,378,0.2707871176700075,0.23864751974527296,0.93258870796477,-0.08130431376232392,-0.08130431376232385,0.12195647064348578,0.12195646853507824,2.1084075318977824e-09
8,379,0.6873507076274293,-0.07597358225235303,0.7223413455727264,-0.05747299987020576,-0.0574729998702057,0.08620949980530856,0.08620949648596721,3.3193413573329167e-09
8,380,-0.4127241934267654,-0.6544823713475083,-0.6334915672331938,-0.0475480206735034,-0.04754802067350334,0.07132203101025501,0.07132202883841643,2.171838583975294e-09
8,381,-0.9316817682032049,0.11833697784794342,-0.3434609766357233,-0.03795196614141971,-0.03795196614141962,0.05692794921212944,0.05692794707856663,2.1335628055951794e-09
8,382,-0.6239851598651296,-0.5407461744043915,-0.5641241841430874,-0.042761765414794095,-0.042761765414794005,0.06414264812219102,0.0641426453618088,2.760382214472834e-09
8,383,-0.481958785627969,0.7577265739339694,-0.43996155299105644,-0.05100885413363718,-0.051008854133637115,0.07651328120045568,0.076513277658119,3.542336687867298e-09
8,384,-0.9648238050481504,-0.18203904991175213,0.18967553748344976,-0.05261957840120255,-0.05261957840120243,0.07892936760180365,0.07892936443321119,3.168592457858388e-09
8,385,-0.22912771043579616,-0.2307789689454832,0.9456434633639201,-0.11089758985792723,-0.11089758985792719,0.1663463847868908,0.16634638250190292,2.2849878655861744e-09
8,386,-0.01869839724576198,0.3684842515051993,-0.9294459243727377,-0.10325152336928121,-0.10325152336928119,0.1548772850539218,0.15487728183272154,3.2212002509801607e-09
8,387,0.11928923600122114,0.7082669945850467,-0.6957930314078392,-0.08695974524104809,-0.08695974524104809,0.13043961786157215,0.13043961744063637,4.2093578622726113e-10
8,388,0.3858317749644034,-0.9155226956687237,0.11380700832238604,-0.03938236646214657,-0.039382366462146504,0.059073549693219755,0.05907354744261184,2.2506079153106207e-09
8,389,-0.8055308077707765,-0.5584673788362927,-0.19807651175210345,-0.03808583152103028,-0.03808583152103019,0.05712874728154529,0.0571287447903579,2.491187388320437e-09
8,390,-0.09288071691102168,0.5708125794734848,0.8158101320411026,-0.0726769175867804,-0.07267691758678038,0.10901537638017057,0.10901537311758247,3.262588102459496e-09
8,391,-0.5349284332004697,0.7469092458535389,0.39494069151226796,-0.04739780168068492,-0.04739780168068488,0.07109670252102733,0.07109669797333851,4.5476888227424794e-09
8,392,-0.8689419217983394,-0.45701819312614317,0.18993237663211576,-0.0544585846800548,-0.0544585846800547,0.08168787702008205,0.08168787452023096,2.4998510900209325e-09
8,393,0.22027526066490918,-0.7160820030031549,0.6623483785093732,-0.07378511232303818,-0.07378511232303814,0.1106776684845572,0.11067766425565395,4.22890325535441e-09
8,394,0.5726046063251982,0.7578467631953361,-0.31271752162217725,-0.06207941649432187,-0.06207941649432181,0.09311912474148272,0.09311912213538776,2.606094964829886e-09
8,395,0.5651282436555426,0.4409222775869058,-0.6972930613095024,-0.095267119568426,-0.09526711956842594,0.14290067935263892,0.1429006760145235,3.3381154229683574e-09
8,396,0.6389473664257721,-0.6215158760010121,-0.4532816771239101,-0.0540199439624359,-0.05401994396243588,0.08102991594365383,0.08102991472247467,1.2211791577954045e-09
8,397,0.5761966789531644,-0.6481970364783609,-0.49783329445107877,-0.055577146646578666,-0.05557714664657866,0.083365719969868,0.0833657157195411,4.250326895993695e-09
8,398,0.7844125123029275,0.546186801951301,0.29389962217876364,-0.03706778931650566,-0.037067789316505555,0.055601683974758336,0.055601682980022105,9.94736230885973e-10
8,399,-0.8465159732596341,0.04181163257558195,0.5307188468461047,-0.074526205795849,-0.07452620579584893,0.11178930869377339,0.11178930559019307,3.10358032329372e-09
8,400,-0.8815892955037762,0.31146674246371053,0.3546671430964533,-0.05582947924425179,-0.055829479244251724,0.08374421886637759,0.08374421572865387,3.1377237197371954e-09
8,401,-0.2106306982295667,-0.12725965123163344,0.9692469706590412,-0.11070991533560087,-0.11070991533560083,0.16606487300340125,0.16606487018844263,2.8149586273062965e-09
8,402,0.2808564684893903,-0.8118440533944513,-0.5118875629234757,-0.04940308401729683,-0.04940308401729681,0.07410462602594522,0.07410462243839788,3.5875473425317495e-09
8,403,0.0970645147135429,0.989661110147586,0.1055905632377835,-0.037867505372391655,-0.03786750537239161,0.05680125805858742,0.05680125536589031,2.6926971069540784e-09
8,404,-0.5943172925423844,-0.7923327541043936,0.13782511584771576,-0.050555342173814,-0.050555342173813946,0.07583301326072092,0.07583300792868286,5.332038061078848e-09
8,405,0.8768398519767928,-0.4354306761903067,0.20384307743401206,-0.03722697456071419,-0.037226974560714166,0.05584046184107125,0.055840457258149456,4.582921792062322e-09
8,406,0.21768352126026735,-0.6962287063399534,-0.684017158439703,-0.061715259044472504,-0.061715259044472504,0.09257288856670876,0.09257288685615706,1.7105517002846682e-09
8,407,-0.6963354320459961,0.7136137611863628,-0.07663136383210617,-0.03708989174203519,-0.037089891742035135,0.055634837613052705,0.05563483423953741,3.373515293503271e-09
8,408,-0.8013453250302867,0.5711550502929729,-0.17784144223699974,-0.037400185909663416,-0.037400185909663375,0.05610027886449506,0.05610027581370858,3.0507864845485955e-09
8,409,0.4285688409010297,0.89775066483777,0.1018454338303374,-0.03935286056574683,-0.03935286056574679,0.05902929084862019,0.0590292856261776,5.2224425964308985e-09
8,410,0.9165086678748325,-0.055860395117006266,-0.39609528899959434,-0.06359484494603836,-0.06359484494603827,0.09539226741905742,0.0953922649205019,2.498555515262346e-09
8,411,0.5380978668193884,0.7361424597200127,-0.41054228128390535,-0.06945931867432256,-0.0694593186743225,0.10418897801148376,0.10418897550268369,2.5088000704664992e-09
8,412,0.10925365358021154,0.6311100971898839,-0.7679607310301422,-0.09346284107911648,-0.09346284107911647,0.1401942616186747,0.1401942603673767,1.2512980096524018e-09
8,413,0.6819108260753423,0.5179091453996706,0.516495636373268,-0.04069559764398084,-0.04069559764398076,0.061043396465971136,0.06104339395074376,2.515227373600659e-09
8,414,0.4267651109971659,0.6147940725174277,-0.6632494164588557,-0.09068499941785382,-0.09068499941785378,0.1360274991267807,0.13602749621144383,2.915336860809248e-09
8,415,-0.13280680432286623,0.7704363048112804,-0.6235304747598851,-0.07329938794575112,-0.07329938794575111,0.10994908191862666,0.10994907762018613,4.29844053406736e-09
8,416,-0.5420414638516117,0.59839880481805,-0.5900084082942644,-0.058026076526825066,-0.05802607652682504,0.08703911479023756,0.08703911341667592,1.3735616394283667e-09
8,417,0.030650535046663704,0.9993516435697635,0.01889013487950442,-0.03925706824852864,-0.03925706824852861,0.05888560237279291,0.05888560056233061,1.8104623009107534e-09
8,418,0.27883287055620604,0.5667272734125125,0.7752886094015604,-0.06038817688014793,-0.06038817688014787,0.09058226532022182,0.09058226252411927,2.7961025439449116e-09
8,419,-0.1857291909455957,0.016008995414832968,0.9824705490224642,-0.10777831968020093,-0.10777831968020087,0.1616674795203013,0.1616674766280468,2.8922544914600223e-09
8,420,0.8331473950156816,-0.4720771459732171,0.2881121073963492,-0.03867019880928759,-0.038670198809287556,0.058005298213931335,0.05800529501165386,3.2022774779094654e-09
8,421,0.7036337882252571,-0.7079889793963424,-0.060424309024591324,-0.03787447327568843,-0.037874473275688395,0.05681170991353259,0.05681170672788838,3.185644213699046e-09
8,422,-0.7628304857902808,0.6342763491180242,-0.12563105865379895,-0.03716645553013826,-0.037166455530138226,0.05574968329520734,0.05574968126031976,2.03488757788417e-09
8,423,-0.7803701593630215,-0.5812191400812553,-0.23066583097402757,-0.03758262233457574,-0.037582622334575655,0.05637393350186348,0.05637393191149087,1.5903726113819516e-09
8,424,-0.4763247218410482,-0.40338957821709714,0.7812756284109216,-0.10206238113234803,-0.10206238113234797,0.15309357169852197,0.15309357115356192,5.449600493090401e-10
8,425,0.7364660503637582,-0.164412816795353,-0.6561906600486052,-0.08211715236883756,-0.0821171523688375,0.12317572855325626,0.12317572656295184,1.990304421273237e-09
8,426,0.8997302399840428,0.43396956753016985,0.046431774852297346,-0.04220365136558826,-0.042203651365588166,0.06330547704838226,0.0633054747511963,2.29718595534667e-09
8,427,-0.3662338787092471,-0.4436332963034536,0.817962251266226,-0.1040549237594886,-0.10405492375948856,0.15608238563923285,0.15608238451703116,1.1222016926826228e-09
8,428,0.4059137069375858,0.7009577661907344,0.5864232878536487,-0.044870912080571625,-0.04487091208057158,0.06730636812085738,0.06730636464835626,3.4725011199832068e-09
8,429,0.5217634726004159,-0.8306233894688633,-0.19449335085604358,-0.039052312142420664,-0.03905231214242061,0.05857846821363091,0.05857846430146196,3.9121689499044265e-09
8,430,-0.7723302721524393,0.566775597517043,-0.28682986730139837,-0.03943934250960759,-0.03943934250960755,0.05915901376441133,0.059159012411047485,1.3533638446028284e-09
8,431,0.5152532238742292,-0.08088473130138465,0.8532126203529318,-0.07272985091992488,-0.07272985091992483,0.10909477637988725,0.1090947734927461,2.887141151153294e-09
8,432,0.45052808780979614,-0.7258827106376058,0.5197294801065749,-0.05647030490058742,-0.056470304900587374,0.08470545735088107,0.08470545237448945,4.976391618227716e-09
8,433,-0.42616791536880155,0.866620185709929,0.25951948217869486,-0.03987695815731502,-0.039876958157314964,0.05981543723597245,0.05981543454991467,2.6860577789777906e-09
8,434,-0.21136267683011367,0.05572704098151758,0.9758177676936679,-0.10675579205382751,-0.10675579205382747,0.16013368808074122,0.160133685478403,2.602338206036947e-09
8,435,-0.8977082501839675,0.05169365682658275,0.4375473270350706,-0.06682335871777527,-0.0668233587177752,0.1002350380766628,0.10023503554945634,2.5272064579917597e-09
8,436,0.6336356940242447,0.7002571619227549,-0.32885515722625114,-0.06385595519646475,-0.0638559551964647,0.09578393279469705,0.09578393217468673,6.200103208620078e-10
8,437,-0.9195596233418538,0.2763099546942109,0.27939740166342103,-0.051923960443998586,-0.05192396044399851,0.07788594066599777,0.07788593797686261,2.6891351645463857e-09
8,438,-0.16366552639655524,-0.23121348920439497,0.959038016910314,-0.11033158936306312,-0.11033158936306307,0.16549738404459463,0.16549738246496304,1.5796315921967619e-09
8,439,0.49304755460016436,0.7738712718506424,-0.3975265569833883,-0.06782521744013806,-0.06782521744013799,0.10173782616020699,0.10173782372113749,2.439069501924962e-09
8,440,-0.30958808219567624,-0.6974901901081548,-0.6462682524039791,-0.049316097810187365,-0.04931609781018732,0.07397414671528099,0.07397414486520759,1.850073400033736e-09
8,441,0.8265539882796135,0.48530689578712816,0.28510650880070443,-0.03709623002240094,-0.03709623002240083,0.05564434503360125,0.055644343299743326,1.7338579252901276e-09
8,442,-0.7005489722241094,0.7010598798563666,0.1332147978699092,-0.03932994428542432,-0.03932994428542429,0.05899491642813643,0.05899491450911398,1.91902244789377e-09
8,443,0.2869139360066849,-0.9541806395680428,-0.08496882015582419,-0.037070948692856535,-0.037070948692856466,0.0556064230392847,0.05560642085677969,2.182505010051017e-09
8,444,0.4951987057102796,0.8630052442640732,0.10000095117333198,-0.03968652585037111,-0.03968652585037107,0.05952978877555661,0.059529785267908863,3.5076477486462032e-09
8,445,0.9846507135606813,-0.16657353599530292,-0.052117457636214504,-0.04240231860708419,-0.04240231860708412,0.06360347791062619,0.06360347665212984,1.2584963487993761e-09
8,446,-0.531803317335179,0.46942816391461306,-0.704856319114083,-0.06554064395499686,-0.06554064395499684,0.09831096593249526,0.09831096353662971,2.395865547621945e-09
8,447,0.10795618117244526,-0.19167911611562116,0.9755022190604163,-0.10166899105121321,-0.10166899105121317,0.15250348657681978,0.1525034834526373,3.1241824682837205e-09
8,448,-0.7400176213631392,0.6372852750218939,-0.21503813222847415,-0.03834834499075346,-0.038348344990753416,0.057522517486130124,0.05752251591717439,1.5689557361642237e-09
8,449,-0.637060649972325,0.7686341601895754,0.05792457204421028,-0.03746394342481167,-0.03746394342481161,0.05619591513721742,0.05619591042504979,4.7121676283179426e-09
8,450,0.5062447795944323,0.6389897766751671,0.5791444452276178,-0.043890001094128446,-0.04389000109412839,0.06583500164119259,0.06583499717605079,4.465141797971306e-09
8,451,-0.6185499228497171,0.29099388901361234,0.729875708254044,-0.08407962545073451,-0.08407962545073445,0.1261194381761017,0.12611943711604567,1.0600560151896588e-09
8,452,0.845095652827802,-0.4374079643451918,-0.3073883704679583,-0.050506094234985005,-0.05050609423498496,0.07575914135247745,0.07575913646418186,4.888295587757163e-09
8,453,0.403228368768,-0.5368050491426073,0.7411121519957021,-0.07331016766504898,-0.07331016766504897,0.10996525149757345,0.1099652480185398,3.4790336583823134e-09
8,454,0.5784927716375844,-0.18640508499080943,-0.7941028003052468,-0.09270624520477279,-0.09270624520477275,0.13905936780715913,0.13905936263602925,5.171129885406245e-09
8,455,-0.4579562280182103,0.7113666588397735,-0.5331356018035847,-0.05709608479253935,-0.05709608479253931,0.08564412718880897,0.08564412512512831,2.0636806569163113e-09
8,456,0.5661207371177285,0.02085129894550504,0.8240585745792375,-0.06689507162645648,-0.06689507162645643,0.10034260743968465,0.10034260505831227,2.3813723770693684e-09
8,457,0.43160360613167037,0.5762001492070264,-0.6940545477323368,-0.09367647900878026,-0.09367647900878022,0.14051471851317035,0.14051471652898329,1.9841870646519766e-09
8,458,-0.7656162229636985,-0.6211116284563416,0.16748774322651766,-0.0532256968560807,-0.05322569685608061,0.07983854528412092,0.0798385427214221,2.5626988170435183e-09
8,459,-0.686843751854372,0.265048497807848,0.6767532448008012,-0.08079366246944968,-0.08079366246944962,0.12119049370417444,0.12119048958814105,4.1160333891232526e-09
8,460,-0.6102813797549076,-0.489551999705307,0.622812553750309,-0.08884276560937214,-0.08884276560937207,0.13326414841405812,0.1332641455520367,2.8620214254093668e-09
8,461,0.26521864864110267,0.25056819203301434,-0.931061034279866,-0.11074253723463318,-0.11074253723463313,0.1661138058519497,0.16611380326825298,2.5836967287862223e-09
8,462,0.594912148444907,0.3925167145455838,0.7014343621715474,-0.05157171357570112,-0.05157171357570104,0.07735757036355156,0.07735756618609813,4.1774534387251094e-09
8,463,-0.1430918988519861,0.9551411107451647,0.2592878073636047,-0.037891843611572315,-0.03789184361157225,0.05683776541735838,0.05683776088671877,4.530639613475884e-09
8,464,-0.1934005665620231,-0.08704570541635016,0.9772508715893061,-0.11009775597103039,-0.11009775597103034,0.16514663395654552,0.165146631092572,2.863973530553565e-09
8,465,-0.7041054580421894,-0.7050752072785764,-0.08428793529486579,-0.04089323713662427,-0.04089323713662418,0.061339855704936275,0.061339851253894295,4.451041979436354e-09
8,466,-0.46344922069552474,-0.6558778094865239,-0.5958515913043029,-0.044996758158771716,-0.04499675815877167,0.0674951372381575,0.06749513309367572,4.144481785539611e-09
8,467,-0.9812206917410845,0.10317187342649811,-0.16297704940516658,-0.03746067499629783,-0.03746067499629773,0.0561910124944466,0.05619100879039607,3.7040505315721894e-09
8,468,-0.3549558993009901,0.8378984797624556,-0.4146473768917288,-0.05252335414467781,-0.05252335414467775,0.07878503121701663,0.07878502711333724,4.103679396294524e-09
8,469,0.1353568571287265,-0.7114114749309789,-0.6896174552349749,-0.060168253552924246,-0.060168253552924246,0.09025238032938637,0.09025237779347606,2.535910315071277e-09
8,470,-0.12252370710377293,0.4713266627837827,0.8734066167293738,-0.0814260676067139,-0.08142606760671389,0.12213910141007084,0.1221390988348503,2.575220536815692e-09
8,471,0.7941302897077028,0.1603688271604026,0.5862072348956101,-0.044885024367319906,-0.04488502436731982,0.06732753655097974,0.0673275338258783,2.7251014361739934e-09
8,472,-0.2911641035603328,0.6646686627431772,0.6880690616247067,-0.06419507221483485,-0.06419507221483484,0.09629260832225225,0.0962926058334368,2.4888154592783707e-09
8,473,-0.7591195816095924,-0.628481755370246,0.16955277639605837,-0.053341002938431734,-0.05334100293843166,0.0800115044076475,0.08001150159087089,2.8167766036313324e-09
8,474,0.4879313972407477,-0.5881723479968664,0.6449622009378105,-0.06338179189545769,-0.06338179189545765,0.09507268784318647,0.09507268444730599,3.39588047959527e-09
8,475,0.5584317534632334,0.39909651110385236,0.7272385795244304,-0.05378747661380983,-0.05378747661380976,0.08068121492071464,0.08068121309934284,1.821371803378824e-09
8,476,-0.1813704911572828,-0.25188085485011635,-0.9506107404702203,-0.08569204517367798,-0.08569204517367794,0.12853806776051693,0.12853806768964304,7.087389009008405e-11
8,477,-0.9929134394052035,0.11091043289910602,0.042682288161040444,-0.04253661717017068,-0.042536617170170585,0.06380492575525588,0.06380492384439052,1.910865368714987e-09
8,478,0.15180602923346695,-0.5714072834098091,0.8065039652441827,-0.08832565436860111,-0.08832565436860111,0.1324884815529017,0.13248847713365208,4.419249605147613e-09
8,479,0.4102383768133182,0.7956713236048758,0.4456586350363233,-0.03925553797665093,-0.039255537976650885,0.05888330696497633,0.058883305176227196,1.7887491349233287e-09
8,480,0.7008250101147538,-0.3270001161934612,0.6339678455624687,-0.054384842255537136,-0.0543848422555371,0.08157726338330566,0.08157726022473,3.1585756649077368e-09
8,481,-0.19794797103663198,-0.5564785941265868,0.8069375285865554,-0.09954879862981304,-0.09954879862981303,0.14932319794471954,0.14932319686300488,1.0817146622876805e-09
8,482,0.5122483262840833,0.45979880236238924,-0.7253872852244295,-0.09748202667954121,-0.09748202667954116,0.14622304001931175,0.14622303506905965,4.950252097124519e-09
8,483,-0.05646996429000353,-0.00753869018930518,0.9983758366884263,-0.10584870804911028,-0.10584870804911022,0.15877306207366534,0.15877306136502511,7.086402298295269e-10
8,484,0.9585014712429767,-0.2172077131718647,0.1846503153631155,-0.037096603516598846,-0.03709660351659878,0.055644905274898175,0.05564490396237076,1.3125274131442488e-09
8,485,-0.8180754693748861,0.5320535096115516,-0.2183382452001719,-0.037734768243050755,-0.03773476824305072,0.05660215236457608,0.05660214935643282,3.008143262261953e-09
8,486,0.48858152883646616,0.4861209099337385,-0.7245512753456551,-0.097217325578902,-0.09721732557890195,0.14582598836835292,0.14582598462098417,3.747368748641122e-09
8,487,-0.47424603370787277,-0.8630511242640335,0.17387770535332872,-0.05163274828273253,-0.051632748282732496,0.07744912242409875,0.07744912072782384,1.6962749121995913e-09
8,488,-0.7649773652106218,-0.5670010041783581,-0.3054823922522352,-0.037042084650505284,-0.03704208465050519,0.055563126975757784,0.05556312354659809,3.4291596923141654e-09
8,489,-0.4522960511059067,0.5796166808232142,0.6778442191724313,-0.06855827739643441,-0.0685582773964344,0.1028374160946516,0.10283741497252308,1.1221285289853e-09
8,490,0.027372329397453675,-0.5180386003971974,0.8549191564597615,-0.09702503296746011,-0.0970250329674601,0.14553754945119016,0.14553754729140778,2.1597823807173455e-09
8,491,0.6600958941770727,0.6050195274067707,0.4452244175099323,-0.03857572427153257,-0.03857572427153249,0.05786358640729874,0.05786358475701192,1.650286816923252e-09
8,492,0.48763723687611665,0.8536439462809535,-0.1830353468314428,-0.052322920455077894,-0.05232292045507785,0.07848438068261679,0.07848437594271118,4.739905606898631e-09
8,493,0.13836329146057166,-0.8926606412524412,-0.4289668741697635,-0.04279535257639305,-0.042795352576393025,0.06419302886458954,0.06419302589488751,2.9697020259566997e-09
8,494,0.040051714704312194,-0.5392328425081251,0.8412037813216556,-0.09538858415154365,-0.09538858415154364,0.14308287622731547,0.14308287332731595,2.89999951830211e-09
8,495,-0.8071255844128069,0.47689616713180605,-0.3480205981853332,-0.04039364756523928,-0.04039364756523924,0.06059047134785887,0.0605904659778389,5.370019963424344e-09
8,496,-0.6334358952632227,-0.5338028075438352,0.5601906186740354,-0.08336247007321937,-0.0833624700732193,0.12504370510982896,0.12504370178190172,3.3279272393382797e-09
8,497,-0.22049922068621425,-0.7771108927309611,0.5894732852943046,-0.07963381298391412,-0.07963381298391409,0.11945071947587113,0.11945071737295976,2.1029113728143756e-09
8,498,-0.7904863838903633,0.5732635704344715,0.21563894754115878,-0.04372592050997918,-0.04372592050997915,0.06558888076496873,0.06558887877261554,1.9923531852095167e-09
8,499,-0.128106068954838,-0.775343179540343,0.6184106960889418,-0.08004824727879502,-0.08004824727879499,0.12007237091819249,0.1200723659389169,4.979275589067633e-09
8,500,-0.5092416258220672,0.7940961059610867,0.3317896035555306,-0.043652320022272616,-0.04365232002227258,0.06547848003340888,0.06547847819504682,1.8383620598028116e-09
8,501,0.43402006120467707,-0.44762522860303927,0.7818300590217577,-0.07482778240872162,-0.07482778240872161,0.11224167361308242,0.11224166734935537,6.263727050925816e-09
8,502,-0.4934497804491665,-0.4141171875043685,0.7648622550421357,-0.1007822783314375,-0.10078227833143745,0.15117341749715618,0.15117341684023344,6.569227384289889e-10
8,503,0.39433601908891003,0.8383603840908963,0.37636547455375813,-0.037830054933319715,-0.03783005493331969,0.05674508239997953,0.05674507946862306,2.9313564700594874e-09
8,504,-0.2924794127786892,0.6149135406963661,-0.7323504151489856,-0.07693620542494388,-0.07693620542494384,0.11540430813741576,0.11540430694401138,1.1934043753214496e-09
8,505,-0.47647918469385087,-0.04082789435451604,0.8782372513142788,-0.10566825173425405,-0.105668251734254,0.158502377601381,0.15850237788939125,2.8801025453439877e-10
8,506,0.38696281760194756,0.11941800502770764,0.9143298736609037,-0.07848829760343284,-0.07848829760343279,0.11773244640514918,0.11773244462665033,1.778498848192811e-09
8,507,-0.09426941915470317,-0.47457082361698005,0.8751547348804873,-0.10277640108846005,-0.10277640108846003,0.15416460163269005,0.15416459914208147,2.4906085804854428e-09
8,508,0.35859296972448684,0.7760315521814092,-0.518831487173905,-0.07609374269133816,-0.07609374269133813,0.1141406140370072,0.11414061223957717,1.7974300381418118e-09
8,509,-0.9172326894450792,0.024365602693636135,-0.3976059743247364,-0.038681411759925344,-0.03868141175992526,0.05802211763988789,0.05802211489047693,2.7494109627879126e-09
8,510,-0.1316425913943635,0.620191143960323,-0.7733260457815724,-0.08619860613109509,-0.08619860613109509,0.12929790919664264,0.12929790710325406,2.0933885735985314e-09
8,511,0.2644536703221728,0.1613535781107149,-0.9508045430497274,-0.11106708533626937,-0.11106708533626933,0.166600628004404,0.16660062773787843,2.6652557938433574e-10
9,0,0.5262962485615843,-0.8493700440597498,-0.03978425572939154,-0.05251430750358567,-0.05251430750358558,0.07877146125537837,0.07877146018797632,1.0674020556322716e-09
9,1,0.9100505627058665,-0.2501442929369634,-0.330508405384496,-0.10368515574722659,-0.10368515574722648,0.15552773362083971,0.1555277337472738,1.264340854234547e-10
9,2,0.7114633921854813,0.31114364597651145,0.6300868774608557,-0.04446106239272456,-0.04446106239272436,0.06669159358908655,0.06669159252625789,1.062828658415782e-09
9,3,-0.6230474235198875,-0.7819668792281288,-0.018431164788237236,-0.05960477077105369,-0.05960477077105365,0.08940715615658049,0.08940715529037746,8.662030259731779e-10
9,4,-0.8992570569533287,0.35358478949576944,0.2575161007721074,-0.09713688198276975,-0.0971368819827696,0.1457053229741544,0.14570532141933157,1.5548228260442443e-09
9,5,0.8054203319770812,0.17066868936478533,0.5676004645068876,-0.05046129334539319,-0.05046129334539303,0.07569194001808956,0.07569193744005887,2.57803069170226e-09
9,6,-0.723134386540153,0.09821345439659745,-0.6836890933594626,-0.04328807428545169,-0.043288074285451554,0.06493211142817734,0.06493211107683194,3.513453972203706e-10
9,7,-0.1935160982328301,-0.4380701567241155,-0.8778644869867164,-0.041778898062495094,-0.04177889806249492,0.06266834709374239,0.06266834690071832,1.930240689507201e-10
9,8,-0.6659025869495486,0.7245374043837571,0.17781814964380516,-0.06828732854172305,-0.06828732854172294,0.10243099281258441,0.10243099007878342,2.73380099113929e-09
9,9,-0.5563919795819035,-0.8307121662121888,0.018581226116257815,-0.056557376438423096,-0.05655737643842306,0.0848360646576346,0.08483606456222148,9.541312184779827e-11
9,10,-0.5396349941262533,-0.3791570756403248,0.7516874251350992,-0.09038217848682975,-0.09038217848682968,0.13557326773024453,0.13557326788982138,1.5957685173262348e-10
9,11,0.7647204986421631,-0.5162527110619297,0.3855978439743784,-0.05293644899866615,-0.05293644899866601,0.07940467349799901,0.07940467033895615,3.159042860634287e-09
9,12,0.12622001757100185,0.13667556681343426,-0.9825417531080307,-0.06340343068381923,-0.06340343068381919,0.0951051460257288,0.09510514459298847,1.432740329154747e-09
9,13,0.6235646544634403,-0.5440514372291024,-0.5614046271209725,-0.08513188985604968,-0.08513188985604962,0.12769783478407445,0.12769783286348257,1.920591879978062e-09
9,14,0.8259947442485397,0.41832909718556754,-0.3778008058775118,-0.0990244581252417,-0.09902445812524155,0.14853668718786234,0.14853668989234237,2.7044800288145154e-09
9,15,-0.29302711192135616,-0.8387411350832147,0.4589645084299544,-0.055633668279362274,-0.05563366827936217,0.08345050241904325,0.08345050067637416,1.7426690923638688e-09
9,16,-0.4482164380906897,0.19982838879846898,-0.8713039880865362,-0.03717726941527619,-0.03717726941527609,0.055765904122914135,0.055765904394267096,2.713529609343901e-10
9,17,-0.5058312984144319,0.46495321145183266,-0.7266038870698376,-0.0374150984242081,-0.03741509842420799,0.05612264763631199,0.056122648195433555,5.591215684885853e-10
9,18,0.2231232171029204,-0.9341023710300893,-0.27869120981044326,-0.04410019373118127,-0.044100193731181264,0.0661502905967719,0.06615029080059287,2.0382097398741195e-10
9,19,-0.7428834792858308,0.2892698794309776,-0.6036945196522546,-0.0457234853542348,-0.04572348535423468,0.06858522803135202,0.06858522777486442,2.5648759505170204e-10
9,20,-0.2844084420882324,-0.5471569356525862,0.7872300336218228,-0.0681464350051914,-0.06814643500519132,0.10221965250778699,0.10221965079937334,1.7084136466616329e-09
9,21,0.7662836401526496,-0.6378723703315495,0.07699494789929383,-0.06492433715425494,-0.06492433715425484,0.09738650573138227,0.09738650302848484,2.702897433648488e-09
9,22,-0.8094652803827952,-0.5544819569497265,-0.19317277052422419,-0.06576168092416441,-0.06576168092416429,0.09864252138624643,0.09864252054070377,8.455426636633234e-10
9,23,-0.8311133192581778,-0.12095502645856257,-0.5427895836565609,-0.052648305666052844,-0.052648305666052664,0.078972458499079,0.07897245635213324,2.1469457600620245e-09
9,24,-0.7042915394106931,-0.5286449142888177,-0.47382273279263926,-0.048447183585518715,-0.048447183585518534,0.0726707753782778,0.0726707763409884,9.627105918008638e-10
9,25,0.3436933448689067,0.395573383949328,0.8517021677814965,-0.03794109000109122,-0.037941090001091034,0.056911635001636554,0.056911633738998546,1.2626380080371646e-09
9,26,-0.7376757358092637,-0.29328487606948156,-0.6081270346458626,-0.04609909889848808,-0.046099098898487886,0.06914864834773184,0.06914864930651632,9.587844823633063e-10
9,27,-0.09821256689573744,-0.9702282200749642,-0.22138539399408627,-0.03703703763258463,-0.0370370376325846,0.0555555564488769,0.05555555598890649,4.59970408983601e-10
9,28,0.11800039130271098,-0.9005237563937084,0.41848879533742833,-0.03819333689637854,-0.0381933368963784,0.05729000534456761,0.05729000190912714,3.4354404668257565e-09
9,29,0.8015580947331744,-0.524627619867518,-0.2868283131768311,-0.08757974209217652,-0.0875797420921764,0.1313696131382646,0.13136961379833778,6.60073190550392e-10
9,30,-0.17723563798809422,0.6614839570758683,0.7287156531584895,-0.055324644226836195,-0.05532464422683605,0.08298696634025408,0.08298696452246901,1.8177850752421065e-09
9,31,-0.2103391845005609,-0.8864696564445678,0.41222442390849323,-0.049322250992500906,-0.049322250992500774,0.07398337648875117,0.07398337775743613,1.2686849626408758e-09
9,32,0.31956475864941336,0.9456409552011437,0.06034524733241957,-0.04248459756049217,-0.04248459756049215,0.06372689634073823,0.06372689181910474,4.521633498177913e-09
9,33,0.0416586748312271,-0.8857897685543894,-0.46221319835728114,-0.04138758380922225,-0.041387583809222174,0.062081375713833264,0.06208137476315656,9.506767040257103e-10
9,34,0.9543179511828409,0.20809137299625874,0.21441834934239354,-0.07650833281684662,-0.07650833281684649,0.11476249922526974,0.11476249811570582,1.1095639129710122e-09
9,35,0.4593068892243873,0.7210919355076483,0.5187134103306471,-0.03897702308692985,-0.03897702308692969,0.05846553463039454,0.05846553241539709,2.2149974493457236e-09
9,36,-0.44477286711930336,-0.20481458786046636,-0.8719105924772459,-0.03713874183748488,-0.037138741837484716,0.05570811275622708,0.055708111734720234,1.0215068443897302e-09
9,37,0.9929818408641315,0.04093106487197433,0.11095815266363449,-0.08569728160786928,-0.08569728160786913,0.1285459224118037,0.1285459197419847,2.669819004763596e-09
9,38,0.38887433645400227,0.16450166364372754,-0.9064854952540088,-0.08308257571016524,-0.0830825757101652,0.1246238635652478,0.12462386261846703,9.467807648988469e-10
9,39,0.05424711136029223,-0.7097700152675369,0.7023416379057876,-0.04441031121656171,-0.044410311216561575,0.06661546682484237,0.06661546453345935,2.2913830277637715e-09
9,40,-0.47554955929442727,-0.6851928799700079,-0.5516913393314076,-0.038906756794301826,-0.03890675679430165,0.05836013519145248,0.058360134780333084,4.111193954714487e-10
9,41,0.3344067337697041,0.2776734490458458,-0.9005940218014231,-0.07769376614608255,-0.07769376614608252,0.11654064921912378,0.11654064796529084,1.253832940251165e-09
9,42,-0.5782431056507352,-0.8037661539960381,-0.13998171472663803,-0.05228393640158087,-0.0522839364015808,0.0784259046023712,0.07842590327156174,1.3308094626296452e-09
9,43,0.1951753082529407,0.04843277766059586,-0.9795717763882588,-0.06862587399159802,-0.06862587399159795,0.10293881098739692,0.1029388116413621,6.539651736803265e-10
9,44,0.17118462398240944,-0.971585802426725,0.163452907697655,-0.03718787121581591,-0.0371878712158158,0.055781806823723704,0.05578180833909485,1.515371148008704e-09
9,45,-0.10057553701363711,-0.6104322625154811,-0.7856570589224342,-0.043026918867520934,-0.04302691886752076,0.06454037830128115,0.06454037720926564,1.092015505799182e-09
9,46,0.8857234884958568,-0.3530810869435198,-0.301376256479359,-0.0984540689332917,-0.09845406893329159,0.1476811033999374,0.1476811020695301,1.3304072843389747e-09
9,47,0.015489828433235556,-0.49624821177427086,0.8680424975345087,-0.05045552531660119,-0.0504555253166011,0.07568328797490166,0.07568328602713947,1.947762187648472e-09
9,48,0.6053908054124955,0.7341144361297983,0.30753531079835106,-0.04848855488343615,-0.04848855488343602,0.07273283232515404,0.07273282948139226,2.843761781612386e-09
9,49,0.45776989992889927,0.8012732172253159,0.3852375242320994,-0.04089131334945156,-0.04089131334945142,0.06133697002417713,0.06133696883736661,1.1868105179169142e-09
9,50,0.6212947412482706,-0.24827761971024742,0.7432032481416226,-0.03915199953332373,-0.039151999533323635,0.058727999299985456,0.058728001628427506,2.3284420502811543e-09
9,51,0.8797210376091784,-0.07653226719156422,-0.4692906434890319,-0.1103180152060125,-0.11031801520601237,0.16547702280901855,0.16547702513802776,2.329009207713284e-09
9,52,-0.8455448318976585,-0.17574410830885545,0.504150717192672,-0.10936219436534103,-0.1093621943653409,0.16404329154801137,0.16404328867514195,2.872869414582979e-09
9,53,0.750523592506728,-0.0015460550855525414,-0.6608418470439561,-0.10792615582509202,-0.10792615582509194,0.16188923373763792,0.16188923396276422,2.2512630648563459e-10
9,54,0.2484334033033237,0.9685158706725464,0.016057782490974754,-0.0410112967800659,-0.04101129678006588,0.06151694517009883,0.061516945704109816,5.340109882068234e-10
9,55,0.37191613967935366,0.28856236577333705,0.8822755499872487,-0.037831117720699865,-0.03783111772069968,0.05674667658104952,0.05674667818977852,1.6087290041766344e-09
9,56,0.033765365521499446,-0.7478848499628556,0.6629691933168812,-0.04438080854638757,-0.044380808546387436,0.06657121281958116,0.06657121381925535,9.9967419064928e-10
9,57,0.5991335483279009,0.36415007454219356,-0.7130453803783696,-0.09453341878209967,-0.09453341878209962,0.14180012817314944,0.14180012997133673,1.798187293511333e-09
9,58,-0.1827154542212497,-0.5445635627691119,-0.8185753409997969,-0.040978430702776306,-0.040978430702776104,0.06146764605416416,0.061467644862922555,1.1912416053583286e-09
9,59,-0.4697386497357269,0.027106558478483783,0.8823892765848351,-0.08959293612616724,-0.08959293612616716,0.13438940418925074,0.13438940515975162,9.705008741089927e-10
9,60,0.987656485919218,-0.15631373926168596,0.010033979257054666,-0.09065333925633423,-0.09065333925633405,0.1359800088845011,0.1359800064215655,2.462935605462846e-09
9,61,-0.06068784373261188,-0.26424325881661015,-0.9625447967721108,-0.049761248952217056,-0.04976124895221691,0.07464187342832537,0.07464187185002302,1.5783023499249538e-09
9,62,-0.2080309254400938,-0.6896939952427622,-0.6935743125192966,-0.0385652315305998,-0.038565231530599625,0.05784784729589944,0.05784784734563786,4.9738421714629055e-11
9,63,-0.005857209627037154,-0.7060682082859766,-0.7081196073709692,-0.044925394794383025,-0.04492539479438286,0.0673880921915743,0.0673880895529777,2.6385965912201215e-09
9,64,-0.10316218412364137,-0.11361222286831482,0.9881547584167979,-0.06184853291124472,-0.06184853291124467,0.09277279936686701,0.09277280055286496,1.185997952624085e-09
9,65,-0.6326470124527552,0.4687790250180965,-0.6164446312019323,-0.04115961789368178,-0.04115961789368167,0.06173942684052251,0.06173942468379323,2.156729281277414e-09
9,66,0.14710503528749447,0.5153268183882286,0.8442738766792034,-0.042639270220443205,-0.042639270220443025,0.06395890533066455,0.0639589062267909,8.961263536777508e-10
9,67,-0.6798363418329071,-0.45050795345492994,0.5786753253743427,-0.09534431182396988,-0.0953443118239698,0.1430164677359547,0.14301646672487678,1.0110779158356564e-09
9,68,-0.25435665661334905,0.10352251394191278,-0.9615538364249946,-0.04182728425761676,-0.041827284257616656,0.06274092638642499,0.06274092495539563,1.431029364451497e-09
9,69,-0.34187170360897895,0.1642174986090473,0.9252871724076164,-0.07857635602508233,-0.07857635602508221,0.11786453403762333,0.11786453341100511,6.266182156489108e-10
9,70,0.2686440738514213,-0.8144751666701291,-0.5142572940291439,-0.05320584146757043,-0.05320584146757035,0.07980876220135552,0.07980876237656531,1.7520979112006785e-10
9,71,-0.5081932537044647,0.7605099659757405,0.404183384790676,-0.06576893296133468,-0.06576893296133464,0.09865339944200197,0.0986534007263451,1.2843431318465548e-09
9,72,0.11691431261119935,0.9880189345694685,0.10074536435421133,-0.037464630702746735,-0.03746463070274672,0.05619694605412008,0.05619694570802025,3.460998293514095e-10
9,73,-0.9450123661032278,-0.07658123937810742,0.3179417268734819,-0.10827445217240218,-0.10827445217240206,0.1624116782586031,0.16241167993813477,1.6795316803985827e-09
9,74,-0.2111230697987115,0.4615016532389796,0.8616514802728868,-0.06340193474282914,-0.063401934742829,0.0951029021142435,0.09510290194247872,1.717647829524438e-10
9,75,0.10459729808098185,-0.3270886887929519,0.9391870925954348,-0.04767739875764796,-0.047677398757647906,0.07151609813647186,0.07151609721089969,9.255721744594325e-10
9,76,-0.5714918947526262,-0.3774326009806059,-0.7286574270183951,-0.03865670277440625,-0.03865670277440606,0.057985054161609095,0.0579850514825786,2.6790304974433354e-09
9,77,0.8983506984796509,0.42928317961924845,-0.09317711219559935,-0.08905004287368411,-0.089050042873684,0.13357506431052601,0.1335750607345254,3.5760006067420136e-09
9,78,-0.3652822172719986,0.2328564193053286,0.9013028290941693,-0.07934720183447497,-0.07934720183447486,0.11902080275171228,0.11902080016001904,2.591693248898963e-09
9,79,-0.8000083519205069,0.5608009589395422,-0.21328131964596506,-0.06176014203431622,-0.061760142034316096,0.09264021305147414,0.09264021355592789,5.044537426668327e-10
9,80,0.49464923767422647,0.03909029304471948,0.8682131539305221,-0.03703832822778036,-0.037038328227780214,0.055557492341670324,0.0555574905525269,1.7891434236916304e-09
9,81,0.8286326512517436,0.3159215624850785,0.46212714228499163,-0.05565261856986008,-0.055652618569859875,0.08347892785478982,0.08347892516136213,2.693427689215433e-09
9,82,-0.10636201925034135,-0.0007811979540336682,-0.9943271647655748,-0.04869420712967286,-0.04869420712967276,0.07304131069450914,0.07304130772434192,2.9701672232818055e-09
9,83,-0.7314027514329545,-0.6813246295645184,-0.029099215540551247,-0.06724353713783639,-0.0672435371378363,0.10086530570675446,0.1008653049971997,7.095547621682741e-10
9,84,-0.6988698540678993,0.5822114802924907,0.41546446212731586,-0.08427621828856999,-0.08427621828856993,0.1264143274328549,0.12641432622917392,1.2036809882154387e-09
9,85,0.6336771590044336,0.7709750677589149,0.06364513375118659,-0.05853324566997123,-0.05853324566997116,0.08779986850495675,0.08779986598872469,2.516232056049006e-09
9,86,0.23888766742550202,-0.6879461491766884,-0.6853194716225188,-0.057729356616933104,-0.05772935661693297,0.08659403492539947,0.08659403472055516,2.0484430818257238e-10
9,87,-0.1864355307858324,0.5875247756819324,-0.7874366201926984,-0.04128210845360652,-0.04128210845360641,0.061923162680409614,0.06192316104325357,1.6371560426775567e-09
9,88,-0.4584426957227336,-0.19001583289837898,0.8681729539592951,-0.0881562002156101,-0.08815620021561006,0.1322343003234151,0.13223429989883684,4.245782614376026e-10
9,89,-0.2917717627218251,-0.5093334369930351,-0.8095978559995456,-0.03833159004793112,-0.03833159004793093,0.0574973850718964,0.057497383243454436,1.8284419603387114e-09
9,90,-0.3266072484285619,-0.9221452414276278,-0.20730619620818344,-0.04013282389432292,-0.040132823894322864,0.060199235841484296,0.060199233098412464,2.7430718321785896e-09
9,91,0.24474676434247028,-0.6917295764750411,0.679418291167931,-0.0384478408396163,-0.03844784083961616,0.05767176125942424,0.05767176319837475,1.9389505070965818e-09
9,92,-0.9657014227541456,0.037979548794149554,0.2568624456085619,-0.10613877303363241,-0.10613877303363228,0.15920815955044842,0.15920816193171206,2.3812636307241064e-09
9,93,-0.9480245891841792,0.2665688128867659,-0.1737539821077739,-0.07684371249506249,-0.07684371249506232,0.11526556874259349,0.1152655679237391,8.188543870746301e-10
9,94,-0.6663958953955879,-0.005423865163300087,-0.7455783609296899,-0.04040295608969985,-0.04040295608969971,0.060604434134549565,0.06060443119570991,2.938839657740111e-09
9,95,0.9291302064590539,0.020979702534324126,-0.36915702827784186,-0.10974065822825156,-0.10974065822825145,0.1646109873423772,0.16461098734099622,1.3809786647556166e-12
9,96,0.6835891782479571,-0.14563597996888095,-0.7151894830887731,-0.10294758691166826,-0.10294758691166819,0.1544213803675023,0.15442137846211068,1.9053916222588896e-09
9,97,-0.29035329043003094,-0.8998634582605404,-0.32548536560625085,-0.03800300490973053,-0.038003004909730444,0.05700450736459567,0.057004506670566,6.940296670698842e-10
9,98,0.7697067832055314,-0.6273431393583363,0.11828801032826672,-0.06339279601952583,-0.06339279601952573,0.0950891940292886,0.09508919346368216,5.656064366865721e-10
9,99,0.8725809564416018,-0.3970228149636375,-0.28456169604113696,-0.09568420910226086,-0.09568420910226069,0.14352631365339105,0.1435263130566966,5.96694443855128e-10
9,100,0.617324850212167,0.5066605030815245,-0.6018348311021073,-0.08999842143407741,-0.08999842143407734,0.13499763215111601,0.13499763112934104,1.021774970189071e-09
9,101,-0.5073527696289868,0.7911220425783025,-0.34164174349240567,-0.041828552162997384,-0.04182855216299725,0.06274282824449588,0.06274282898788286,7.433869769757351e-10
9,102,-0.441430974109392,-0.3666919147929238,-0.8189479438415681,-0.03704444463900711,-0.03704444463900692,0.05556666695851038,0.055566665158046646,1.8004637364343878e-09
9,103,0.5979357174281006,-0.6739847223459239,-0.43384037602329123,-0.07517879424051416,-0.0751787942405141,0.11276819136077115,0.11276819061878385,7.419873049308023e-10
9,104,-0.5608472062626474,-0.037887176816735965,-0.827051977242205,-0.03753519824450272,-0.03753519824450257,0.05630279736675386,0.056302795758966795,1.6077870632069668e-09
9,105,-0.8854084573787704,-0.4191513899466902,-0.2009078791583442,-0.07146460402811745,-0.0714646040281173,0.10719690604217595,0.10719690551885819,5.233177641228437e-10
9,106,0.4807699539008647,0.7666610767494446,0.42554793481292164,-0.04086922794629266,-0.04086922794629253,0.0613038419194388,0.06130384117009058,7.493482223619452e-10
9,107,0.6349414586715547,0.6802092529827787,0.3662850204644579,-0.048228371017138755,-0.048228371017138616,0.07234255652570792,0.07234255416932456,2.356383366208803e-09
9,108,-0.04860137566359828,-0.17577066565394764,0.9832306847221429,-0.0578717804622115,-0.057871780462211454,0.08680767069331718,0.08680766799828987,2.6950273124271007e-09
9,109,0.3071237294166705,0.8426781765411533,0.4422312806784167,-0.037399627656011986,-0.03739962765601186,0.05609944148401779,0.05609944175866133,2.746435370792888e-10
9,110,-0.3233961440041768,-0.6237693546259347,0.7115663892236443,-0.0680066475213717,-0.06800664752137157,0.10200997128205737,0.10200996991560629,1.3664510772892768e-09
9,111,0.558402566146428,0.8268490814025444,0.06713546532833888,-0.05359725335979637,-0.053597253359796315,0.08039588003969447,0.08039588023089905,1.9120457994681317e-10
9,112,-0.9386340129775057,-0.3376759410108522,0.07029330369373173,-0.09176447145760638,-0.09176447145760623,0.13764670718640937,0.13764670514504473,2.041364632887621e-09
9,113,-0.07427458312381711,0.3133557768051949,-0.9467266994463587,-0.04941439247129664,-0.04941439247129658,0.07412158870694488,0.07412158803399294,6.729519441694976e-10
9,114,0.48948792859715073,-0.8331835118779161,-0.2573068271392216,-0.05804104421410335,-0.058041044214103325,0.087061566321155,0.08706156767734896,1.3561939626871578e-09
9,115,-0.8996776411100694,0.14620512041816122,-0.41134438716254784,-0.06169723312303567,-0.06169723312303551,0.09254584968455327,0.09254585014994987,4.653965962608808e-10
9,116,0.0037911886172341943,-0.7602793185571972,-0.6495852404904783,-0.043910584208219826,-0.043910584208219666,0.0658658763123295,0.06586587525392318,1.0584063209195804e-09
9,117,-0.34447190677875084,0.9054490358586773,0.24799425175355003,-0.04888758134310869,-0.048887581343108666,0.073331372014663,0.07333137014287061,1.871792387753146e-09
9,118,0.9338225763998068,0.27983190292394705,0.22286655628871171,-0.0743473315390299,-0.07434733153902975,0.11152099730854463,0.11152099660405312,7.044915067977442e-10
9,119,-0.19434714587063337,-0.9566885383751683,-0.21673999961595203,-0.03757889610855323,-0.03757889610855318,0.05636834416282977,0.05636834193856188,2.2242678879291766e-09
9,120,-0.48412273054435795,0.7608294964913601,-0.43216161217648486,-0.03971972982646414,-0.039719729826464,0.059579594739696,0.05957959264835111,2.091344888932589e-09
9,121,0.6411235970573947,-0.5084087059024007,-0.5748748742629421,-0.08788813961141513,-0.08788813961141503,0.13183220941712256,0.13183220903822956,3.788930003079116e-10
9,122,0.4872680195569519,0.7584160380715421,-0.43286832907122147,-0.06884668744310886,-0.06884668744310876,0.10327003116466314,0.10327002725185608,3.912807064465618e-09
9,123,0.967328912345266,0.2526668748852454,0.02083808236495264,-0.08900868497077671,-0.08900868497077657,0.13351302745616486,0.13351302424746692,3.20869794623313e-09
9,124,-0.1671384871771376,-0.6551037007831514,-0.7368201051303886,-0.040039618084394483,-0.04003961808439431,0.060059427126591465,0.0600594241007002,3.025891266716929e-09
9,125,-0.9944183086208006,0.04143730766108564,0.09703183505193881,-0.09866292242589347,-0.09866292242589332,0.14799438363884,0.14799438202706128,1.6117787104974468e-09
9,126,-0.4192576335945106,-0.1934882496610003,0.8870092073455909,-0.08515589900159941,-0.08515589900159938,0.12773384850239908,0.12773384711062263,1.3917764440929403e-09
9,127,-0.5826592646415987,-0.6887957703128217,-0.431356660000142,-0.04421925796355754,-0.04421925796355738,0.06632888694533608,0.06632888543967042,1.5056656615941577e-09
9,128,0.25915822680909045,-0.9488223638456608,-0.18048029073419738,-0.04332995116391231,-0.04332995116391229,0.06499492674586844,0.06499492749556524,7.496967907583141e-10
9,129,-0.9551950852484288,0.21143106597716885,-0.20712134959246717,-0.07588833223246924,-0.07588833223246913,0.1138324983487037,0.11383249759466807,7.54035625605276e-10
9,130,0.1069311998382851,-0.43292951896788984,0.8950629866704222,-0.046520726414102744,-0.046520726414102674,0.06978108962115402,0.06978108924027282,3.8088120157819816e-10
9,131,0.9714978833828245,0.06856980188064274,0.22691417948806386,-0.07709875632125318,-0.077098756321253,0.11564813448187951,0.11564813690023712,2.418357611388977e-09
9,132,0.2738327458376931,0.9617529410813899,-0.006848914387412321,-0.042232683805076374,-0.04223268380507636,0.06334902570761454,0.06334902324933722,2.458277317818336e-09
9,133,-0.5327172581361949,-0.4871939357847816,0.6919930576374222,-0.08633936994480351,-0.08633936994480344,0.12950905491720519,0.1295090548691924,4.8012788189666367e-11
9,134,0.24354134747842343,-0.5562721063930535,0.7945117719187232,-0.039779819101658134,-0.03977981910165802,0.059669728652487035,0.059669727492384084,1.160102951203168e-09
9,135,0.9010864595961373,0.3437180428577815,-0.26438816037507246,-0.10007805621601586,-0.10007805621601576,0.15011708432402365,0.1501170826534448,1.6705788419280054e-09
9,136,0.07522175056886486,0.7660766594070366,-0.6383323900234976,-0.04877213215048029,-0.04877213215048016,0.07315819822572024,0.07315819755548958,6.70230662636051e-10
9,137,0.8230269596120241,0.5342067840820878,-0.19300190567054387,-0.08733888561816303,-0.08733888561816291,0.13100832842724439,0.13100832779722182,6.30022561898258e-10
9,138,0.8710769985308924,0.03240979319343627,-0.4900759817983028,-0.11110564525104942,-0.11110564525104932,0.16665846787657398,0.16665846758190384,2.946701493922177e-10
9,139,-0.6134573049866413,0.03943457489677075,-0.788742701558143,-0.03858966149001338,-0.03858966149001324,0.05788449223501987,0.05788449025656561,1.978454254591977e-09
9,140,-0.5495557424251873,-0.7097558443386625,-0.44072114471013707,-0.04278130304929047,-0.042781303049290294,0.06417195457393544,0.06417194969854378,4.875391659830974e-09
9,141,-0.4404388132833633,0.7993750116664676,-0.4086725369740149,-0.03900319494066687,-0.03900319494066673,0.058504792411000095,0.05850479128932662,1.1216734763230818e-09
9,142,-0.8567260875914819,0.506455199033544,0.0975886377202078,-0.08226073498178967,-0.08226073498178955,0.12339110247268434,0.12339110150305643,9.6962790574473e-10
9,143,-0.17213071087266368,-0.10437585332668875,0.9795288151028518,-0.06684010868835238,-0.06684010868835233,0.1002601630325285,0.10026016267206117,3.604673226575983e-10
9,144,0.5693477062107213,0.11974363038153252,0.8133293628141315,-0.03775032684944865,-0.03775032684944849,0.05662549027417274,0.056625489019968,1.2542047400643241e-09
9,145,0.334974609543005,-0.9395583254542694,0.07086722818821281,-0.04109265731860106,-0.04109265731860097,0.061638985977901455,0.061638984194534174,1.7833672802392009e-09
9,146,-0.8314458795914044,-0.5554988623296785,0.01089785579408649,-0.07785160944398213,-0.077851609443982,0.11677741416597301,0.11677741690307997,2.7371069577508678e-09
9,147,0.5825955648884387,0.23587609918170996,-0.7777820219104715,-0.096424589733959,-0.09642458973395893,0.1446368846009384,0.14463688441379574,1.8714266247776834e-10
9,148,-0.3658075073410259,-0.8377245573551129,-0.40546569963083856,-0.03846830190297826,-0.03846830190297813,0.0577024528544672,0.05770245253833295,3.1613425072185564e-10
9,149,-0.5091086340061848,-0.6977078932809637,0.5039961254154599,-0.0741522221532223,-0.07415222215322223,0.11122833322983335,0.11122833348808925,2.5825590277417376e-10
9,150,0.4657833452265893,0.03381556049323364,0.8842524431281242,-0.03709917981887389,-0.03709917981887375,0.05564876972831063,0.05564876892627524,8.020353894910848e-10
9,151,0.010473705009656577,0.45783464851626504,-0.8889756667768578,-0.05254700922410069,-0.05254700922410062,0.07882051383615093,0.07882051122898304,2.6071678982386715e-09
9,152,0.8110583076247851,-0.5849075319658379,-0.008221963418288486,-0.07289407702168768,-0.07289407702168757,0.10934111553253135,0.10934111255300749,2.9795238637442267e-09
9,153,0.7307148500144389,-0.18703333544112313,-0.656562517512342,-0.1045168954340186,-0.10451689543401849,0.15677534315102773,0.1567753413200812,1.830946533276645e-09
9,154,-0.9526999100953257,-0.1095129988253796,-0.28349565145277045,-0.07252893396551899,-0.0725289339655188,0.10879340094827819,0.10879340067715404,2.7112415090790876e-10
9,155,-0.3254312872226296,0.20856671231010893,0.9222767501204693,-0.07672728172849082,-0.0767272817284907,0.11509092259273607,0.11509092151529288,1.0774431902227377e-09
9,156,0.7761385266341769,-0.00950656369103326,-0.6304907713209746,-0.10896822227764746,-0.10896822227764738,0.16345233341647109,0.16345233361247935,1.9600826517418568e-10
9,157,-0.6561659552321832,-0.02998495828322331,-0.7540206505600425,-0.04002082888721551,-0.04002082888721535,0.06003124333082303,0.06003124108922009,2.2416029379912494e-09
9,158,0.47563139361898277,0.22336628060743433,0.8508127185765767,-0.03703706627369279,-0.03703706627369262,0.055555599410538926,0.055555597622269914,1.7882690120374356e-09
9,159,0.69223483322532,0.6431514494864456,0.3273639392068063,-0.05249452694793855,-0.052494526947938394,0.0787417904219076,0.07874178670208565,3.719821950465274e-09
9,160,0.46843008056236696,0.7433286137084376,-0.4775309745625163,-0.06935551535710532,-0.06935551535710524,0.10403327303565786,0.10403327227459513,7.610627267284897e-10
9,161,-0.2613127213738969,0.5886080195667724,-0.7650204317205195,-0.039010617149569646,-0.039010617149569535,0.0585159257243543,0.05851592405070605,1.6736482547075049e-09
9,162,0.35142724162353417,-0.9242021329056779,0.1494968607612533,-0.04030324526731429,-0.04030324526731418,0.06045486790097127,0.06045486472538997,3.1755813048595094e-09
9,163,-0.3187706082208252,-0.024094057990235056,0.9475256068856864,-0.07806513986308457,-0.0780651398630845,0.11709770979462675,0.11709770930679042,4.878363268900898e-10
9,164,0.8274094521054509,-0.5608282476287909,-0.02941556098695681,-0.07554266119963113,-0.07554266119963104,0.11331399179944657,0.11331399291103494,1.1115883769008406e-09
9,165,0.004643808113974858,-0.9549527275138786,0.2967216258718002,-0.03905319640858263,-0.039053196408582506,0.05857979461287376,0.05857979518131273,5.684389695059799e-10
9,166,-0.2760377255542995,-0.9318862707082018,0.23535325053283013,-0.04764799647146749,-0.047647996471467405,0.07147199470720111,0.07147199360124645,1.1059546611846827e-09
9,167,0.4973665167497637,0.8605659259107757,-0.10978540512079142,-0.05612125192350461,-0.056121251923504596,0.0841818778852569,0.08418187397163379,3.913623106144293e-09
9,168,-0.7456575530122299,0.6093082244887533,0.269700391557329,-0.08060444587470209,-0.080604445874702,0.120906668812053,0.12090666939856831,5.865153085427011e-10
9,169,-0.6871360124627612,0.2802809897507383,-0.6702884954712579,-0.04209765653003302,-0.04209765653003289,0.06314648479504933,0.06314648387517607,9.198732608961535e-10
9,170,0.6419634120792104,-0.3589637481986143,0.6775160551830633,-0.04051274667126373,-0.0405127466712636,0.060769120006895404,0.0607691216791828,1.6722873988350706e-09
9,171,0.4503518525918429,-0.38771227777165956,-0.8042775631162457,-0.08191021844029635,-0.08191021844029624,0.12286532766044436,0.12286532763416957,2.6274787900959495e-11
9,172,0.5440029686207193,-0.5483612921282897,-0.6351068126128371,-0.08126476911381215,-0.08126476911381207,0.12189715367071811,0.12189715486998765,1.1992695309048784e-09
9,173,-0.14789016322277487,0.6854497985182022,0.7129425456046912,-0.05291600507643507,-0.05291600507643493,0.0793740076146524,0.079374005979016,1.6356363902181315e-09
9,174,0.3955523072785455,0.009549467317828643,0.918393804356587,-0.03789250700532015,-0.03789250700532003,0.05683876050798004,0.05683875731188337,3.196096672042348e-09
9,175,-0.5550263310680742,0.7705644966765447,-0.31333070114933836,-0.04416687388131713,-0.044166873881317,0.06625031082197551,0.06625031079288135,2.9094157638631657e-11
9,176,0.6165857917299167,0.7806316072649108,0.10215799124784118,-0.05593596675618435,-0.05593596675618427,0.08390395013427641,0.08390394767854303,2.4557333805352854e-09
9,177,-0.9500371705831728,0.3048954509210104,0.06684413600304133,-0.0908440459833915,-0.09084404598339135,0.13626606897508703,0.1362660678738692,1.1012178391389682e-09
9,178,-0.1738908523230562,0.5584221401149597,0.8111267995250737,-0.05839753355236874,-0.05839753355236858,0.08759630032855288,0.08759629827048698,2.058065898258299e-09
9,179,0.35142741386605236,-0.6652800596313472,0.6587117845008768,-0.03712441030689255,-0.037124410306892404,0.05568661546033861,0.05568661504140593,4.18932680212869e-10
9,180,-0.8956814775012091,-0.4081339457031232,0.17658248278368774,-0.09390150602536089,-0.0939015060253608,0.14085225903804122,0.14085225902293885,1.5102363803976004e-11
9,181,-0.8724375699008519,-0.24729517706450024,-0.4215421473899541,-0.06008000592117437,-0.06008000592117419,0.09012000888176129,0.09012000729002878,1.5917325096870272e-09
9,182,0.14625156093964634,-0.8286970154370109,0.5402515502323962,-0.03889889067764543,-0.03889889067764528,0.05834833601646792,0.0583483344973601,1.519107818703791e-09
9,183,0.6904597676012617,-0.158356581522966,0.7058246966580102,-0.041656378910050605,-0.041656378910050466,0.0624845683650757,0.062484568907894555,5.428188523670663e-10
9,184,0.9725443820624516,0.008011435130295673,0.23257953870862588,-0.07673607833774325,-0.0767360783377431,0.11510411750661464,0.11510411651594055,9.906740983112172e-10
9,185,-0.05277106680354608,-0.7912387601257348,0.6092260984093718,-0.04689321977242135,-0.0468932197724212,0.07033982965863181,0.07033982701853958,2.6400922281677452e-09
9,186,-0.2132985836934731,0.23569750775437745,0.9481299483893195,-0.06799562705613728,-0.06799562705613717,0.10199344058420576,0.1019934400825484,5.016573545457703e-10
9,187,0.24735836842716374,0.7412984195013892,0.6239314792617809,-0.03744154182299109,-0.03744154182299093,0.056162312734486394,0.05616231230076707,4.3371932434421723e-10
9,188,-0.5548965361478924,0.2013261272098731,0.8071911946210419,-0.09377932172871616,-0.09377932172871607,0.14066898259307412,0.14066898340603373,8.129596162920194e-10
9,189,0.7327417673212271,0.4195415000914652,0.5357932736830202,-0.047965987019853606,-0.04796598701985341,0.07194898052978012,0.07194898149487372,9.650936022564949e-10
9,190,0.9848308668876761,-0.015072575462974101,-0.1728611613237097,-0.10272836945063675,-0.10272836945063661,0.15409255417595494,0.15409255677001354,2.5940586068085025e-09
9,191,-0.6897439782036752,0.39485202600107505,0.6069144273244907,-0.09562670175357861,-0.09562670175357853,0.1434400526303678,0.14344005289101958,2.6065177793910266e-10
9,192,0.6617572134169196,-0.7470929335760118,-0.06268603585697999,-0.06271029500789271,-0.06271029500789263,0.09406544251183895,0.0940654429348875,4.230485545209106e-10
9,193,0.8452811334620454,-0.2755908972112692,-0.4577657291534694,-0.1044804336593661,-0.10448043365936598,0.15672065048904898,0.1567206489583306,1.5307183853785489e-09
9,194,-0.40925282658865325,0.460898147186075,-0.7874547744789161,-0.03717051119058474,-0.03717051119058464,0.055755766785876966,0.05575576528249471,1.5033822589605172e-09
9,195,-0.3361827514638955,-0.4281434313840139,-0.8388530024866615,-0.03793175768399905,-0.037931757683998854,0.05689763652599828,0.05689763382665802,2.699340258260907e-09
9,196,-0.5869253636082906,-0.12730777441538005,-0.7995694767352483,-0.03811045468062972,-0.03811045468062956,0.057165682020944346,0.05716568191038718,1.1055716758745504e-10
9,197,0.5944348285862675,0.7341023293472654,0.32823924904029067,-0.04736855178943906,-0.04736855178943893,0.07105282768415841,0.07105282612274166,1.5614167458988248e-09
9,198,-0.8369976537425523,0.5249808844069136,-0.15436968172797955,-0.06735522232801328,-0.06735522232801316,0.10103283349201975,0.10103283487605808,1.384038328389181e-09
9,199,-0.10649433543425861,-0.33651887379550577,-0.9356356150231885,-0.04661651436186086,-0.04661651436186069,0.06992477154279104,0.06992477291634103,1.3735499820866082e-09
9,200,-0.4324367049244802,-0.2924648378720923,-0.8529143068576753,-0.03713480351479925,-0.03713480351479907,0.05570220527219861,0.055702202572671666,2.699526942262498e-09
9,201,-0.4499150857976181,0.873378882509513,0.1865093648001521,-0.05286515353867985,-0.05286515353867981,0.07929773030801972,0.0792977308816667,5.736469771422392e-10
9,202,-0.1113818871387594,-0.7752046332716009,0.6218133576658285,-0.05020242764840137,-0.05020242764840124,0.07530364147260186,0.07530363971275378,1.7598480867020427e-09
9,203,0.026818595012796573,0.5273446045687157,0.8492281383667197,-0.04783680216282609,-0.0478368021628259,0.07175520324423885,0.07175520316815565,7.608320917729117e-11
9,204,0.005600219550055248,0.19200087560393295,-0.9813787756561247,-0.054997405670246545,-0.054997405670246496,0.08249610850536974,0.08249610994326417,1.4378944285242667e-09
9,205,0.3662880276051412,0.3413156481841635,-0.8656423679197776,-0.07903029784752252,-0.07903029784752247,0.1185454467712837,0.11854544429423797,2.477045735194139e-09
9,206,-0.17694114807637995,0.33693944632523876,-0.9247505823882751,-0.044118107387211454,-0.0441181073872114,0.0661771610808171,0.0661771581977888,2.8830283022029946e-09
9,207,0.5241955424203864,-0.8490341052581785,-0.06603121545936626,-0.053274792499295766,-0.0532747924992957,0.07991218874894356,0.07991218797798183,7.709617250162282e-10
9,208,-0.9987277049312188,-0.04610345689943426,-0.020431413674601794,-0.0918441633861952,-0.09184416338619504,0.13776624507929258,0.1377662442458849,8.334076762039899e-10
9,209,0.9329910368366006,0.038041322866867316,-0.3578834767589918,-0.1094801611280401,-0.10948016112803997,0.16422024169205998,0.16422024157192183,1.201381494286835e-10
9,210,0.7272567304924287,-0.4828648857381316,-0.48779006762598587,-0.09198358047253426,-0.09198358047253417,0.13797537070880128,0.13797537001813964,6.906616389912301e-10
9,211,0.8477873721203394,0.05071216373477569,0.5279060978267126,-0.05404818240863384,-0.05404818240863367,0.08107227361295051,0.0810722711186429,2.494307607681101e-09
9,212,0.4127107109244085,0.9108200066462737,0.008762681162248622,-0.04755322807747361,-0.04755322807747359,0.07132984211621039,0.07132984064517345,1.471036945033255e-09
9,213,-0.6116342750778235,0.19543396862037696,0.7666218608018655,-0.09767601426796271,-0.09767601426796262,0.14651402140194394,0.14651402174825634,3.463123954272618e-10
9,214,-0.35902314424171416,-0.6319897632154132,0.6867978749892281,-0.0698547901251357,-0.0698547901251356,0.1047821851877034,0.10478218154252872,3.6451746759924575e-09
9,215,-0.8636270303885633,0.494805055667659,-0.09652103018491087,-0.07252159909270418,-0.07252159909270404,0.10878239863905607,0.10878239559142244,3.0476336315699015e-09
9,216,-0.29795749880292427,0.9213943413648945,-0.2495071073293457,-0.03800495209864277,-0.038004952098642644,0.057007428147963966,0.05700742794489955,2.0306441944617504e-10
9,217,0.9289342685550143,0.04954007812507813,-0.36691539265002476,-0.10965477850153008,-0.10965477850152995,0.16448216775229493,0.16448217093900652,3.1867115890538145e-09
9,218,0.9381558557442806,0.036151798101518216,-0.34432054517083904,-0.1091545609954116,-0.10915456099541147,0.16373184149311723,0.16373183781004386,3.683073374061152e-09
9,219,0.9212319008405289,-0.3788299451412214,0.08842882752838709,-0.07859644462575284,-0.0785964446257527,0.11789466693862906,0.11789466486389344,2.0747356194172895e-09
9,220,-0.30381573385196414,0.760426981480613,0.5739745688619627,-0.05772667084686898,-0.057726670846868874,0.08659000627030332,0.08659000322319699,3.047106331144356e-09
9,221,-0.8053103355753184,-0.21595108043871933,0.5521235317145227,-0.1078422513524421,-0.107842251352442,0.16176337702866303,0.16176337630513515,7.235278765005404e-10
9,222,0.1535721673461432,0.887237980176162,0.43499925971147646,-0.037295128444154654,-0.037295128444154536,0.05594269266623181,0.055942692145372064,5.208597442241114e-10
9,223,0.03772546478065271,-0.9273513870138259,-0.37228509815814176,-0.03981548148439637,-0.0398154814843963,0.05972322222659445,0.059723219425489305,2.8011051464438275e-09
9,224,-0.6613937154776316,-0.7390284458778256,-0.12804416937174165,-0.057872871429004484,-0.0578728714290044,0.08680930714350661,0.0868093055772512,1.5662554170292609e-09
9,225,0.4093824947085346,0.19258291516198445,0.8918059171220657,-0.03748696848577546,-0.0374869684857753,0.05623045272866295,0.05623045223890344,4.897595107244967e-10
9,226,-0.5493336119338397,-0.7616777609452962,-0.3436270817049816,-0.04497266426622057,-0.04497266426622042,0.06745899639933065,0.06745899533422417,1.0651064752398298e-09
9,227,0.09080537416158667,0.8328193662043083,-0.5460460486977525,-0.047056623087018225,-0.047056623087018086,0.07058493463052713,0.07058493373124364,8.992834948928774e-10
9,228,0.005744643289005091,-0.9673046796120267,0.2535520772428348,-0.038553398773916156,-0.03855339877391605,0.05783009816087408,0.057830099042810446,8.819363642165179e-10
9,229,-0.43942867113204964,0.1957374624633087,-0.8766922429082773,-0.03725072580265493,-0.03725072580265483,0.055876088703982245,0.05587608847834602,2.2563622498195102e-10
9,230,-0.36317701593708157,0.7729674099447368,0.5202151845711176,-0.059722324787704194,-0.05972232478770411,0.08958348718155618,0.08958348646226355,7.19292625461776e-10
9,231,0.6838854890494827,0.314843907574718,-0.658159518453264,-0.10063335972537338,-0.10063335972537332,0.15095003958806,0.15095004274323642,3.155176425684303e-09
9,232,-0.36176715039004265,-0.563967237537768,-0.7423378502290496,-0.037137754144240295,-0.037137754144240094,0.055706631216360145,0.05570662958698236,1.6293777854725633e-09
9,233,-0.7915691575448547,-0.5723702676836575,0.21403398210440175,-0.0853917903905703,-0.08539179039057018,0.1280876855858553,0.12808768351524336,2.070611931914712e-09
9,234,0.9607962189025236,-0.2737327813521303,-0.04405666982240776,-0.09070533198127013,-0.09070533198126998,0.136057997971905,0.1360579995890454,1.6171404215725715e-09
9,235,0.7247969424477065,-0.03810864759949592,-0.6879077868410804,-0.10649136014550711,-0.10649136014550703,0.15973704021826055,0.15973703887395274,1.3443078039632184e-09
9,236,0.7512428583112088,-0.6121412174673626,-0.24681429803392688,-0.07987251415923795,-0.07987251415923785,0.11980877123885678,0.11980877262507406,1.386217279852886e-09
9,237,-0.9593983460282568,0.27901347481990546,0.04130731784039515,-0.09036582541605123,-0.0903658254160511,0.13554873812407664,0.1355487375120923,6.119843520835389e-10
9,238,0.3661131163789639,-0.8916190384979724,0.266414481969795,-0.03907868403090315,-0.03907868403090301,0.05861802604635452,0.0586180257111657,3.351888211433618e-10
9,239,0.96123864063611,0.19017384744157037,0.19963512591053212,-0.07791188481953164,-0.07791188481953147,0.11686782722929721,0.11686782791509032,6.857931028614317e-10
9,240,0.2661403760420492,0.9113964037434619,-0.31388834875426863,-0.049368865262299964,-0.04936886526229987,0.0740532978934498,0.07405329544019068,2.453259123624818e-09
9,241,-0.21885618770716805,0.19442341221420414,-0.9561911450569235,-0.04304292980736571,-0.04304292980736564,0.06456439471104847,0.06456439272106707,1.989981401884222e-09
9,242,-0.32042316825788214,-0.9389065337004922,-0.12563245686568164,-0.04129109972445983,-0.0412910997244598,0.06193664958668971,0.06193665164078155,2.0540918410638653e-09
9,243,-0.7477439275090019,0.3371901795809806,0.571998078377505,-0.1002852721444386,-0.1002852721444385,0.15042790821665775,0.15042790763031277,5.86344972575148e-10
9,244,-0.5441879810504534,-0.17465501665272556,0.8205821509381419,-0.09460317681654348,-0.09460317681654343,0.14190476522481515,0.1419047643280713,8.967438458462595e-10
9,245,0.5258888323282079,-0.8123974206202152,-0.2518955478012563,-0.06043397339920363,-0.06043397339920361,0.09065096009880542,0.09065095896154673,1.137258689998255e-09
9,246,0.23045437941848648,0.2643906733324497,0.9364765618325182,-0.041812019255304964,-0.0418120192553048,0.0627180288829572,0.06271803076884908,1.8858918732211905e-09
9,247,0.2139325062325299,0.5408202221007926,0.8134779469315181,-0.04003228077615306,-0.04003228077615286,0.060048421164229294,0.0600484190149686,2.1492606930295644e-09
9,248,-0.7980055396026784,-0.564619360389964,-0.21069441529444044,-0.06409373291790937,-0.0640937329179092,0.0961405993768638,0.09614059964802024,2.7115644452013754e-10
9,249,0.478153056193491,-0.740654436924129,0.47201764788768813,-0.0390778588980521,-0.03907785889805196,0.05861678834707794,0.058616790588050804,2.240972865608093e-09
9,250,0.13063018855482242,0.2658318987043717,0.9551278215345631,-0.04610625825595153,-0.04610625825595136,0.06915938738392705,0.06915938655094322,8.329838208087637e-10
9,251,0.5196605466021419,-0.8459560460670404,0.11962978068935344,-0.04734111374024101,-0.04734111374024091,0.07101167061036137,0.07101167015521881,4.5514256252765506e-10
9,252,-0.9016347286153052,-0.4323938403612188,0.009506995975701331,-0.08441131477467641,-0.08441131477467625,0.1266169721620144,0.1266169710745224,1.0874919853520737e-09
9,253,0.6296212253826752,0.18180198673734174,0.7553311526515865,-0.039453480686789055,-0.03945348068678889,0.05918022103018333,0.05918022044637539,5.838079464304258e-10
9,254,-0.6821949625435529,-0.5251879171018567,-0.5087117895335371,-0.04642464398888811,-0.04642464398888793,0.0696369659833319,0.06963696425055232,1.732779572605203e-09
9,255,0.2986359314028036,-0.4652121709059735,0.8333031960313914,-0.03896605780584117,-0.03896605780584109,0.05844908670876163,0.05844908584906605,8.596955786144278e-10
9,256,-0.6828301213676703,-0.3358396654649121,0.6488102530427741,-0.09994708962638608,-0.09994708962638603,0.14992063443957906,0.14992063285257373,1.5870053327038391e-09
9,257,0.48210920301580196,0.5500804962613848,-0.6818960067343824,-0.08076622924324188,-0.0807662292432418,0.1211493438648627,0.12114934333506966,5.297930427694553e-10
9,258,0.3150289438486833,0.8277302594041096,0.46434834144679427,-0.037355804634451456,-0.03735580463445132,0.056033706951676976,0.05603370684115205,1.1052492254748358e-10
9,259,-0.15080085840053128,-0.01925762681054505,-0.988376570399809,-0.04635414586130335,-0.04635414586130323,0.06953121879195485,0.06953121550745678,3.2844980762947174e-09
9,260,-0.6681952142927957,0.20393049631084023,-0.7154910958709544,-0.040770128782812574,-0.040770128782812456,0.061155193174218685,0.061155193409323516,2.351048314364057e-10
9,261,0.8718841778778759,-0.4622808204029033,0.1615995775175136,-0.07009803282555281,-0.07009803282555264,0.10514704923832897,0.10514704523734153,4.000987444130466e-09
9,262,0.12026026586190865,-0.5133934615295784,0.8496850134688149,-0.04490079571645284,-0.044900795716452745,0.06735119357467913,0.06735119267853307,8.961460601364379e-10
9,263,-0.020279737271111698,-0.9711261383057206,0.23770308318495387,-0.0388866145724439,-0.03888661457244379,0.05832992185866568,0.05832992144849669,4.1016898905121835e-10
9,264,0.3746440270985305,0.36280798496412964,-0.8532363207257785,-0.07921844672353859,-0.07921844672353852,0.11882767008530778,0.11882767131377037,1.2284625816594286e-09
9,265,0.29883050336641465,0.803857742250028,-0.5143083321145622,-0.05804089289994431,-0.05804089289994419,0.08706133934991629,0.08706133869385013,6.560661597321271e-10
9,266,0.19835525677469806,0.4759099928671955,-0.8568342143022707,-0.06421314093150395,-0.06421314093150385,0.09631971139725577,0.09631971192858302,5.31327246089397e-10
9,267,-0.7378473032799918,0.6255371882650975,0.2535440457589953,-0.07890150701725186,-0.07890150701725178,0.11835226052587768,0.11835225993683807,5.890396087560035e-10
9,268,-0.7070444324654924,0.21815647232800547,0.6726781727549587,-0.10263285373376807,-0.10263285373376796,0.15394928060065194,0.1539492811009069,5.002549485766394e-10
9,269,0.8487886572054701,0.18820072740775606,0.49410353328277906,-0.05555825063236273,-0.05555825063236255,0.08333737594854383,0.08333737450127998,1.447263850429259e-09
9,270,0.5573424605921216,0.8286671605743952,0.05176986195354421,-0.05406863868888094,-0.054068638688880885,0.08110295803332133,0.0811029604586011,2.425279768680788e-09
9,271,-0.6086848405964818,-0.4015230905177603,0.6843113126414776,-0.09389216068996725,-0.0938921606899672,0.1408382410349508,0.14083824245725296,1.422302164932887e-09
9,272,0.40206027494533847,0.36069017825374317,0.8415759803025287,-0.03726553756550204,-0.03726553756550185,0.055898306348252776,0.05589830404106877,2.3071840063448867e-09
9,273,0.2767368700551202,-0.13759197396012726,0.9510442436889311,-0.04097170625529309,-0.040971706255293006,0.06145755938293951,0.061457557098965054,2.2839744540092966e-09
9,274,0.2407074156235749,-0.78558659780354,-0.5700119625194533,-0.05347134316636812,-0.05347134316636802,0.08020701474955204,0.08020701464106494,1.084870943079963e-10
9,275,0.5961979592530768,0.13832436501278897,0.7908314380614083,-0.03834760065810749,-0.03834760065810732,0.057521400987160985,0.05752140014303464,8.441263452119152e-10
9,276,-0.15905907981628672,-0.9860193799431651,0.04965875053293709,-0.039616637876996146,-0.03961663787699609,0.05942495681549414,0.059424955234366195,1.5811279438504577e-09
9,277,0.4779687648926918,0.34313533948498626,-0.8085814730646986,-0.08709824393317335,-0.0870982439331733,0.13064736589975995,0.130647363760783,2.138976940013748e-09
9,278,-0.13974430667758583,0.4853127413494277,0.8631008468511107,-0.05820873774682196,-0.05820873774682181,0.08731310662023271,0.08731310535692316,1.2633095541891848e-09
9,279,-0.4323760634605707,0.7045307988891464,0.562749760695606,-0.06701832129687503,-0.06701832129687495,0.10052748194531243,0.10052748078415163,1.1611607925177125e-09
9,280,0.4732450396268619,0.18406666476519165,0.8614862711563016,-0.03704136930943991,-0.03704136930943974,0.05556205396415961,0.05556205218137933,1.7827802845093998e-09
9,281,0.7239181143238076,0.6147017845553624,0.3131840989231658,-0.05487119686554668,-0.05487119686554654,0.08230679529831982,0.08230679332532631,1.9729935046841618e-09
9,282,0.12079378304117307,-0.9890061988359357,-0.08529713150332562,-0.03816237999331306,-0.03816237999331301,0.05724356998996952,0.057243569606679756,3.832897610411834e-10
9,283,-0.8066857012938435,-0.5834497861647688,-0.09404534200238432,-0.0702669416860143,-0.07026694168601419,0.10540041252902128,0.1054004120093488,5.196724855993651e-10
9,284,0.8989691126758133,-0.031223177943537895,-0.43689775418736937,-0.11059860690197917,-0.11059860690197906,0.1658979103529686,0.1658979079111056,2.441863017343948e-09
9,285,0.46724510233949684,0.5381032913145254,0.7015175423439018,-0.037446827451831005,-0.03744682745183082,0.05617024117774623,0.056170239293162894,1.8845833366087916e-09
9,286,0.9368639203520925,-0.26963867373987127,0.22266787008077987,-0.07325183473258197,-0.07325183473258182,0.10987775209887272,0.10987775272974787,6.308751437922311e-10
9,287,-0.03113127922330034,-0.08284072208539744,0.9960764319158901,-0.05700714109814856,-0.0570071410981485,0.08551071164722275,0.08551070823648033,3.4107424246032636e-09
9,288,-0.34842756887810794,0.3430509573009995,-0.8723040008738692,-0.03837291703542151,-0.03837291703542144,0.05755937555313217,0.057559375321591943,2.315402244934539e-10
9,289,-0.7620243093576899,-0.1165650026349154,-0.6369706053725382,-0.046241477819061585,-0.046241477819061405,0.06936221672859211,0.06936221458309078,2.1455013321514116e-09
9,290,0.35947268813705446,0.7665020795236047,-0.5322160731972584,-0.06310091685225584,-0.06310091685225573,0.0946513752783836,0.09465137285058489,2.4277987120679967e-09
9,291,-0.5420756373902783,0.514256028085798,0.664601189380024,-0.08284208164798684,-0.08284208164798673,0.1242631224719801,0.12426312201441192,4.575681777918561e-10
9,292,-0.5555784283729849,-0.8007640801255522,-0.22385150861069097,-0.0484557598648459,-0.04845575986484581,0.07268363979726872,0.07268363966250746,1.3476125770850444e-10
9,293,0.3948074106970553,0.3703180514075764,0.8408279546140115,-0.03731494958909254,-0.03731494958909234,0.05597242438363851,0.055972422530192745,1.85344576492108e-09
9,294,0.8788833349949078,0.4769010455778792,-0.011378760695004621,-0.08232529149761594,-0.08232529149761585,0.12348793724642378,0.12348793376748546,3.4789383179800737e-09
9,295,-0.43891287835937853,-0.6373503379835296,0.6333561651097793,-0.07426911408008287,-0.0742691140800828,0.1114036711201242,0.11140366823481074,2.8853134603767927e-09
9,296,-0.5833140800524472,0.278858505655649,-0.7628778525006905,-0.03820378764116414,-0.03820378764116403,0.05730568146174604,0.05730567964601363,1.8157324116474527e-09
9,297,0.16808571848038234,0.8365574916406397,-0.5214582959574566,-0.05029262574504624,-0.050292625745046116,0.07543893861756917,0.07543893704164972,1.5759194504916252e-09
9,298,0.03798524797285436,0.7235855347004726,-0.6891887222732769,-0.04828185955370977,-0.04828185955370964,0.07242278933056447,0.07242278582397788,3.5065865905403726e-09
9,299,0.9715398957931156,0.21742451110884717,0.09400432357812437,-0.08497192000382879,-0.08497192000382862,0.12745788000574296,0.12745788174894912,1.7432061627520312e-09
9,300,0.5236365382482299,-0.611463209986191,-0.5932263637472572,-0.07682034937771039,-0.07682034937771032,0.11523052406656548,0.11523052095840924,3.1081562323898027e-09
9,301,0.43812277635147195,-0.7653345001735905,0.47149924250853104,-0.038304544104621446,-0.0383045441046213,0.057456816156931954,0.05745681291857707,3.238354882861838e-09
9,302,0.2758186414899179,-0.09798583099926955,-0.9562023080551724,-0.0741866524864666,-0.07418665248646653,0.11127997872969979,0.11127997551207969,3.217620100914864e-09
9,303,0.8994183558588741,-0.008143300140008743,-0.4370129378027036,-0.1107468775892935,-0.11074687758929336,0.16612031638394004,0.1661203161140712,2.698688494895407e-10
9,304,0.004095279006857573,-0.592015486169525,-0.8059161822580043,-0.0480660295971811,-0.04806602959718093,0.0720990443957714,0.07209904478999718,3.9422577702286077e-10
9,305,-0.40530039756934855,-0.913403058811101,0.0377682390991741,-0.04849501840322103,-0.04849501840322103,0.07274252760483155,0.07274252172839724,5.876434311380407e-09
9,306,0.13097766174951206,-0.9472678413617796,0.2924525411830526,-0.03724319076322224,-0.037243190763222106,0.05586478614483316,0.055864785020176555,1.1246566039568862e-09
9,307,-0.04855165491548984,-0.29214139036868797,-0.9551419500987365,-0.050147662598038094,-0.05014766259803793,0.0752214938970569,0.07522149292338298,9.73673919268947e-10
9,308,0.9600527539419016,0.22709028993293548,0.16348917354597528,-0.07987666887496271,-0.07987666887496257,0.11981500331244387,0.11981500236402098,9.484228818967821e-10
9,309,0.08922308698698171,0.8203289273151585,0.5648890968663453,-0.03945179731177709,-0.03945179731177694,0.059177695967665415,0.059177694688994364,1.2786710509860022e-09
9,310,-0.7222484807061575,0.6556655241357051,-0.22013598655716932,-0.0558824615533261,-0.055882461553325956,0.08382369232998894,0.08382369381942922,1.4894402794451977e-09
9,311,-0.7822260395870694,-0.6066544537685676,-0.14174906248257776,-0.06602587090975641,-0.06602587090975628,0.09903880636463443,0.0990388021593347,4.205299733439638e-09
9,312,0.4901269820647596,-0.8150257485085,-0.30904460959584834,-0.06017965994205477,-0.060179659942054736,0.0902694899130821,0.09026949049362187,5.805397690350489e-10
9,313,0.5550850242814157,0.32995749191537416,0.7635500437740907,-0.03802141793275856,-0.038021417932758365,0.05703212689913755,0.057032124856082334,2.0430552180594752e-09
9,314,0.5345520891170684,0.35600846202326586,0.7664933391676712,-0.037728117753358596,-0.0377281177533584,0.056592176630037606,0.05659217677811412,1.4807651632642305e-10
9,315,0.703018777154079,-0.4323956073626271,-0.5646225621619174,-0.09429527197571559,-0.09429527197571551,0.14144290796357328,0.14144290877426968,8.106963989007454e-10
9,316,0.8617008333195905,0.36311756801075695,0.3544253174623346,-0.06231943620212352,-0.06231943620212336,0.09347915430318504,0.09347915080892832,3.494256717306854e-09
9,317,-0.30010998267037176,0.7740760663795796,-0.5574407966411372,-0.03711190295337926,-0.0371119029533791,0.05566785443006865,0.055667852272289764,2.1577788861248948e-09
9,318,-0.5856329231391576,0.6549914886975625,0.47751463754448037,-0.07638329939552445,-0.07638329939552439,0.1145749490932866,0.1145749481401559,9.531306993659783e-10
9,319,-0.77005363212471,-0.559158614386554,-0.3071791783452302,-0.058036366968452484,-0.05803636696845232,0.08705455045267849,0.08705454968005455,7.726239370509091e-10
9,320,-0.299249584360271,0.44644780165912507,0.8432876417059244,-0.0697561863633808,-0.06975618636338067,0.10463427954507101,0.10463427763118816,1.9138828577514033e-09
9,321,-0.7553062551759337,-0.6344951061540826,-0.16409881522615152,-0.06298209382727622,-0.06298209382727615,0.09447314074091423,0.09447314042176913,3.191450992368061e-10
9,322,0.6065610835195457,-0.7676011091831129,0.20705600484035622,-0.04933502655539459,-0.04933502655539446,0.07400253983309169,0.07400253881906238,1.0140293049687443e-09
9,323,-0.06297825657948908,0.8161929115311861,0.5743368962242053,-0.04451594355230999,-0.04451594355230987,0.0667739153284648,0.06677391278797629,2.540488514002348e-09
9,324,0.6713545235741072,-0.17486682807826998,0.7202115634412074,-0.04080770075746897,-0.040807700757468854,0.06121155113620328,0.06121155110561105,3.059223013801571e-11
9,325,-0.6379466871439947,-0.19373645764721634,0.7453121556370259,-0.10063195584063561,-0.10063195584063556,0.15094793376095333,0.15094793331948964,4.414636989302778e-10
9,326,-0.478058960682546,0.4290813445990951,-0.766386866946555,-0.03709746331397302,-0.037097463313972914,0.05564619497095937,0.05564619598441567,1.0134562980490536e-09
9,327,-0.3459452656763093,-0.6472337032646114,-0.6792719680028942,-0.03705999007269028,-0.0370599900726901,0.05558998510903515,0.05558998400490012,1.1041350334028976e-09
9,328,0.20031227497438028,-0.5688989986092754,0.7976395939745919,-0.04102014267777761,-0.0410201426777775,0.06153021401666626,0.061530212869254086,1.1474121722199193e-09
9,329,0.7017289929021537,-0.20188196202677838,-0.6832423390926146,-0.10276743911635966,-0.10276743911635956,0.15415115867453935,0.15415115989236838,1.2178290320630225e-09
9,330,-0.2744027232679087,0.32263103127225035,0.9058765716825663,-0.07096438476236892,-0.0709643847623688,0.1064465771435532,0.10644657516545308,1.9781001142638033e-09
9,331,-0.20738695315153025,-0.9489798204112453,0.23754568426886974,-0.0446331511868903,-0.044633151186890214,0.06694972678033533,0.06694972770615593,9.258206007389802e-10
9,332,0.7727202934852093,0.19874530399483487,-0.6028297041255786,-0.10728942606508914,-0.10728942606508908,0.16093413909763363,0.16093413962581238,5.281787507360747e-10
9,333,9.503950706299505e-05,0.9931527208442297,-0.1168232170726161,-0.03752906809974828,-0.03752906809974819,0.056293602149622285,0.05629360450010168,2.3504793944528757e-09
9,334,0.8472159238984692,-0.49656841805650975,0.18879879364476473,-0.06666121877746317,-0.06666121877746306,0.09999182816619459,0.0999918273181244,8.480701974011851e-10
9,335,-0.40632649977149876,0.6038603521507765,0.6857488247775437,-0.07093507642137045,-0.07093507642137034,0.10640261463205551,0.10640261033367793,4.298377584421864e-09
9,336,0.9441955511545292,0.03339160778656713,0.3276885132399714,-0.06942298408038275,-0.0694229840803826,0.1041344761205739,0.10413447604218362,7.839028037803786e-11
9,337,0.9967713714609219,-0.054303605016485,-0.059143482465328384,-0.09639961161814495,-0.09639961161814477,0.14459941742721716,0.14459941855005098,1.1228338259172688e-09
9,338,0.5832423677823827,-0.7857674201017762,0.2059075081928739,-0.04814789556515534,-0.04814789556515522,0.07222184334773284,0.07222184100763585,2.3400969911824276e-09
9,339,0.4683496048706521,0.10475671291521266,0.8773110501508025,-0.03707161569341214,-0.037071615693412004,0.05560742354011801,0.055607420057501855,3.4826161537937494e-09
9,340,-0.2669710124853909,0.9192866179811121,-0.2892033756604067,-0.037378173425577595,-0.03737817342557748,0.056067260138366215,0.056067259168735006,9.696312086582282e-10
9,341,-0.07241639745942537,-0.025534899378169655,-0.9970475586915326,-0.050541843665549965,-0.05054184366554987,0.0758127654983248,0.07581276301182882,2.4864959813353238e-09
9,342,-0.8506446677605,0.06836379051766914,0.5212773171323347,-0.11038802868836185,-0.11038802868836176,0.16558204303254265,0.16558204252170583,5.108368172912492e-10
9,343,-0.7991797048332182,0.09420150602081452,-0.5936647839025833,-0.04895232801497639,-0.048952328014976246,0.07342849202246438,0.07342849245306482,4.306004441900768e-10
9,344,0.6696997244424394,-0.17124689954268857,0.7226180031515522,-0.04072337997306287,-0.040723379973062745,0.06108506995959412,0.06108507033530941,3.757152922112539e-10
9,345,-0.1267742701312792,0.5303172692412302,-0.8382671879402211,-0.04438442436961572,-0.04438442436961562,0.06657663655442343,0.06657663448317308,2.071250351787235e-09
9,346,0.9814981722257227,0.07639062955241778,-0.1755728043694437,-0.10281744110812581,-0.10281744110812564,0.15422616166218847,0.1542261637843545,2.122166026241601e-09
9,347,0.8350627245027374,0.12745150076072695,0.5351881548576197,-0.05315107555953648,-0.05315107555953632,0.07972661333930449,0.07972661281163695,5.276675346665982e-10
9,348,0.5430736592580271,-0.7139274832569734,0.44201645814433205,-0.041228916838988314,-0.041228916838988175,0.06184337525848226,0.061843373477810104,1.780672158335772e-09
9,349,0.674243649022661,0.07452447022678309,0.7347391408452554,-0.04085381581696077,-0.04085381581696061,0.06128072372544092,0.06128072355116032,1.7428059689850173e-10
9,350,0.12950146511206753,0.7978568580084744,0.5887731351400751,-0.038881442765330836,-0.0388814427653307,0.05832216414799605,0.058322165152890904,1.00489485482802e-09
9,351,0.11647759050646392,-0.8778485701675088,0.4645587785896086,-0.03866808668407553,-0.038668086684075384,0.058002130026113076,0.058002128100476114,1.9256369623854575e-09
9,352,-0.08241962403590908,-0.18215989399530894,-0.9798085418046717,-0.0492483907601436,-0.04924839076014346,0.07387258614021519,0.07387258305069366,3.089521527499528e-09
9,353,-0.7003742063764951,0.42500913783235134,0.5734485188763643,-0.09458474593443471,-0.09458474593443461,0.14187711890165192,0.14187711699920058,1.902451335356048e-09
9,354,-0.2086233013143771,0.4383501551695036,-0.8742570901122636,-0.04201407989968964,-0.04201407989968956,0.06302111984953435,0.06302111887901418,9.705201642340455e-10
9,355,-0.03039364275439776,0.48373199112710924,-0.8746882800405642,-0.04983232444428981,-0.04983232444428972,0.07474848666643459,0.07474848379152021,2.8749143760053997e-09
9,356,0.11070770381186498,-0.5258261925584605,-0.8433567569754672,-0.05545638410618274,-0.055456384106182574,0.08318457615927387,0.08318457450640082,1.6528730467646469e-09
9,357,0.769696793303847,0.6124729522760676,-0.18012142878628598,-0.08132122859460461,-0.08132122859460456,0.12198184289190683,0.12198184268230605,2.096007811758227e-10
9,358,-0.8076262687235476,0.5888109421547476,-0.0322720384624036,-0.07056189752435173,-0.07056189752435162,0.10584284628652743,0.10584284698689217,7.003647384262734e-10
9,359,-0.5262886691756339,-0.8376895146062991,-0.14593325123495055,-0.04926909889597208,-0.049269098895972,0.073903648343958,0.07390364709092268,1.2530353282746987e-09
9,360,0.2341803636133038,-0.802927182740524,-0.5481491553530903,-0.05231616385384586,-0.05231616385384576,0.07847424578076864,0.07847424515761148,6.23157164758581e-10
9,361,-0.07727174267054375,-0.9969498315810975,0.010959520750416054,-0.03772913788693406,-0.037729137886934015,0.056593706830401026,0.056593706110330544,7.200704824072979e-10
9,362,-0.36526897119080465,0.9188659908487744,-0.1492108224852043,-0.04069757651987671,-0.0406975765198766,0.0610463647798149,0.061046363797334635,9.82480263811425e-10
9,363,-0.16997551096611274,0.4934780085757334,0.8529875618811432,-0.05991574977267059,-0.05991574977267043,0.08987362465900565,0.0898736238208464,8.381592503381441e-10
9,364,0.28847261706064503,-0.37622979725042494,0.8804741273127148,-0.039747434617627385,-0.039747434617627316,0.05962115192644098,0.05962115107172039,8.547205859743556e-10
9,365,-0.12460091109220149,0.3238391481060844,0.9378714299459809,-0.060443289864233286,-0.060443289864233134,0.09066493479634971,0.09066493528164798,4.852982737890699e-10
9,366,0.04382152651631192,0.6187617738496407,-0.784355494043502,-0.05131287842861934,-0.05131287842861924,0.07696931764292886,0.07696931841882915,7.759002884633048e-10
9,367,0.5609707425324321,0.7495561495372778,-0.35139351831452714,-0.07120253013324371,-0.07120253013324364,0.10680379519986546,0.10680379497474135,2.2512411379516095e-10
9,368,-0.008125174709517496,0.6249579924750329,0.7806160958995891,-0.047516471389277365,-0.047516471389277205,0.07127470708391581,0.071274704194213,2.889702810371375e-09
9,369,-0.04645367783339126,0.13398912702196097,-0.9898934132802604,-0.05203041780700673,-0.05203041780700667,0.07804562671051002,0.078045624130052,2.5804580139343614e-09
9,370,-0.37486140731404155,0.6771279894946438,0.6332271402502248,-0.06564787690434062,-0.06564787690434054,0.09847181535651081,0.09847181403621619,1.3202946236301472e-09
9,371,0.29653962750655405,-0.34827334095602114,-0.8892524553227869,-0.0720218307500872,-0.07202183075008706,0.10803274612513059,0.10803274524961992,8.755106639668497e-10
9,372,0.8317218187734587,-0.5315560411274931,0.16027161731584538,-0.06663414132956746,-0.06663414132956735,0.09995121199435103,0.09995120980876848,2.1855825482752778e-09
9,373,-0.0038050345857972485,-0.8216448627464625,0.5699870535671382,-0.04386398252981365,-0.0438639825298135,0.06579597379472026,0.06579597283673522,9.579850385188493e-10
9,374,-0.8749886527831445,0.39046471839489816,0.2862379450553865,-0.09609067109220296,-0.09609067109220285,0.14413600663830428,0.1441360072962361,6.579318201360707e-10
9,375,0.005514350798820401,-0.9844200926729496,0.17574604711642616,-0.03785998991843371,-0.03785998991843361,0.05678998487765042,0.056789983826632806,1.0510176132183524e-09
9,376,0.530242113045205,-0.17938930939507772,-0.8286511794646245,-0.09244314556287124,-0.09244314556287114,0.13866471834430671,0.13866471720858087,1.1357258467015185e-09
9,377,-0.6649141810990631,-0.5798330379650055,-0.4708320081065378,-0.04668582357730743,-0.04668582357730724,0.07002873536596087,0.07002873420036693,1.1655939408106164e-09
9,378,-0.7930198516156469,0.5353671866929904,-0.2906914005538005,-0.05817248190499579,-0.05817248190499567,0.0872587228574935,0.0872587210820619,1.7754316072871035e-09
9,379,0.09149527310881331,0.11757712622754637,-0.9888398426372267,-0.061022114395451334,-0.06102211439545128,0.09153317159317692,0.09153317132026828,2.729086401309644e-10
9,380,-0.502545382507505,-0.24253048143531095,-0.8298355885927896,-0.03712691614467733,-0.037126916144677155,0.05569037421701573,0.055690373146344285,1.0706714473340817e-09
9,381,0.53354726681849,-0.2852138375965742,-0.796228849586571,-0.0904588608512161,-0.09045886085121599,0.135688291276824,0.13568829254628767,1.269463673070348e-09
9,382,-0.6331837066975223,0.7533534595656207,0.17758648184278172,-0.06553324995836615,-0.06553324995836611,0.09829987493754917,0.09829987518417127,2.4662209774373167e-10
9,383,-0.7575199678259513,0.3621062532425548,-0.5431782025335777,-0.047914399447896994,-0.04791439944789687,0.07187159917184531,0.07187159617449979,2.9973455245579927e-09
9,384,-0.21416446852255158,-0.4237550977686633,0.8800938572320134,-0.06640439024202167,-0.06640439024202162,0.09960658536303243,0.09960658547969459,1.166621521608846e-10
9,385,0.3985323372330524,0.8713807658173786,0.2861250376025828,-0.04085456320142074,-0.04085456320142064,0.06128184480213096,0.06128184487641519,7.428423154376418e-11
9,386,-0.2644926863228131,-0.4816830680740218,0.8354789290057166,-0.06861216421569301,-0.06861216421569291,0.10291824632353937,0.1029182461476097,1.759296736070226e-10
9,387,0.8157818042003205,-0.45085208365089463,0.36226019185568353,-0.05712751464521213,-0.05712751464521201,0.08569127196781802,0.08569126935809024,2.609727781099913e-09
9,388,-0.4085164166884523,0.20465068056666053,-0.8895124710984268,-0.03759943324941211,-0.03759943324941203,0.056399149874118044,0.05639914923971645,6.344015937576053e-10
9,389,0.31134458017758954,0.17059359589686465,0.9348595495757732,-0.03957130158509506,-0.039571301585094906,0.05935695237764236,0.05935694852299278,3.854649578693969e-09
9,390,-0.43236647813958895,-0.3360430671926628,-0.8367402736649621,-0.03709257546975149,-0.03709257546975129,0.05563886320462694,0.05563886157355924,1.6310676975717087e-09
9,391,0.5787709727890009,-0.31165377500635744,0.7535888040444606,-0.03820057407802217,-0.03820057407802206,0.05730086111703309,0.057300858502529195,2.6145038981018054e-09
9,392,-0.2679984872739538,-0.9610394414163484,0.0676757184005102,-0.043252868091489004,-0.043252868091488955,0.06487930213723343,0.06487930054310809,1.5941253456164262e-09
9,393,0.43809708628348537,0.648329252915532,0.6226878213068796,-0.03764317661221341,-0.03764317661221323,0.05646476491831985,0.0564647634204718,1.4978480539218353e-09
9,394,-0.31329151758032814,0.6932650630481367,0.6490238650227569,-0.06155265334418193,-0.06155265334418182,0.09232898001627274,0.09232897918431959,8.319531452638529e-10
9,395,-0.48309234051409883,0.6779778752886482,-0.5540467409485413,-0.03831657788668033,-0.0383165778866802,0.0574748668300203,0.05747486514495748,1.685062825385053e-09
9,396,-0.6347142191892883,0.49873014661342924,-0.5902593504705194,-0.04166203585146792,-0.04166203585146779,0.06249305377720169,0.06249305378736025,1.0158561492001894e-11
9,397,0.6275200409124129,0.6198465691358997,0.4711781287196361,-0.045062997459769945,-0.04506299745976977,0.06759449618965466,0.06759449527882211,9.108325482731772e-10
9,398,-0.5065543725937934,0.14109822903802072,-0.8505844798539665,-0.03706340610774992,-0.03706340610774981,0.05559510916162472,0.05559510768415876,1.4774659551353153e-09
9,399,-0.04677868052074105,0.5263853230697305,-0.8489583303705276,-0.04828776112224894,-0.04828776112224885,0.07243164168337328,0.07243163985259926,1.830774018496406e-09
9,400,-0.41155695474223947,0.8348961837922437,-0.36547125097939265,-0.03889065030385047,-0.03889065030385034,0.05833597545577551,0.05833597632731724,8.715417276761173e-10
9,401,0.9711955186822272,0.21870539708161182,-0.0945897128599834,-0.09663383785968531,-0.0966338378596852,0.14495075678952782,0.14495075556508752,1.2244402991523629e-09
9,402,-0.6261005572013515,-0.273966148725063,-0.7300278361986712,-0.03977407352426243,-0.039774073524262245,0.05966111028639337,0.05966111077393421,4.875408410320858e-10
9,403,0.9301280703104666,-0.27984098352552284,0.23780411426212947,-0.07186125597736923,-0.07186125597736909,0.10779188396605363,0.1077918823644275,1.601626137270884e-09
9,404,0.229554570037754,-0.3533484162599338,0.9068900683662703,-0.041853891238557595,-0.041853891238557525,0.0627808368578363,0.0627808374731309,6.15294606931549e-10
9,405,-0.3974219649252035,0.170886505696134,-0.9015839306276235,-0.037806420866706325,-0.037806420866706235,0.056709631300059356,0.05670963143522556,1.3516620461784257e-10
9,406,0.9466421459007649,0.09580476577078473,0.3077175563077282,-0.07075494644501902,-0.07075494644501887,0.1061324196675283,0.10613241813173246,1.5357958377260061e-09
9,407,-0.3245536861125351,-0.42409507652127126,0.8454633468703319,-0.07423914699359913,-0.07423914699359906,0.11135872049039859,0.11135871808010123,2.410297364474623e-09
9,408,-0.5836323412703,-0.803023222746016,0.12052797996295517,-0.06252148767577939,-0.06252148767577936,0.09378223151366905,0.09378223198019953,4.665304809137183e-10
9,409,0.09325580407227968,-0.9856317341488081,0.14083124527478216,-0.03704752219674392,-0.03704752219674383,0.05557128329511574,0.055571282298050306,9.970654371582732e-10
9,410,0.07124124839846942,-0.33930870352294884,-0.9379735008198276,-0.056711389262343176,-0.05671138926234302,0.08506708389351454,0.08506708393252183,3.900728351435845e-11
9,411,0.31418134659378266,0.11658337197370343,-0.9421774773532631,-0.07758182828114442,-0.07758182828114436,0.11637274242171655,0.11637274338616166,9.644451071100235e-10
9,412,-0.927858717489299,-0.10625084306092587,-0.3574758155847127,-0.0668209911478087,-0.06682099114780853,0.1002314867217128,0.10023148422355632,2.4981564733517203e-09
9,413,0.9942841094612,-0.0942143647638338,0.050227115635837274,-0.08908768168542222,-0.08908768168542204,0.13363152252813307,0.13363152112644272,1.4016903471247844e-09
9,414,-0.4483188261897127,-0.8926542537108978,0.04667561907161499,-0.05102896211598059,-0.05102896211598059,0.0765434431739709,0.07654344241769806,7.562728360221982e-10
9,415,0.4734875927835736,-0.3049139722701582,-0.8263394998391702,-0.08579416470385905,-0.08579416470385895,0.12869124705578844,0.12869124516035058,1.8954378622204615e-09
9,416,-0.009897497601982668,0.09790880892959168,0.9951461725169863,-0.055255679603688594,-0.05525567960368848,0.08288351940553274,0.08288351810437078,1.3011619559577525e-09
9,417,-0.8399964482866416,-0.09726732387215933,0.533802430279758,-0.11051904604393277,-0.1105190460439327,0.16577856906589905,0.16577856865040985,4.154891986019038e-10
9,418,-0.6661432219734557,-0.712302920867869,0.22108314440935042,-0.07392121370060602,-0.073921213700606,0.110881820550909,0.11088181900431593,1.5465930758296054e-09
9,419,0.27420884875226736,-0.9149141698959952,0.29621203383636885,-0.03740853050230872,-0.03740853050230858,0.05611279575346287,0.05611279635386879,6.004059194264499e-10
9,420,-0.13260480150955367,0.9872325806179387,0.08824850357403768,-0.03838762889607412,-0.03838762889607407,0.057581443344111104,0.05758144100420637,2.339904735249032e-09
9,421,-0.04518191678344498,-0.6137280749389049,0.7882236005268809,-0.05150642597491574,-0.05150642597491563,0.07725963896237345,0.0772596361886535,2.7737199481681074e-09
9,422,-0.48342581137935037,0.5371327629014786,0.6912220192601222,-0.07846776097944286,-0.07846776097944275,0.11770164146916412,0.11770164148883211,1.9667989459293267e-11
9,423,-0.9019867031967476,-0.28831304776861494,-0.3213962876926784,-0.06678592547933816,-0.06678592547933798,0.10017888821900697,0.10017888324442836,4.974578610150715e-09
9,424,-0.16715500308562806,0.6880712004865688,0.7061283367805145,-0.05384480220991669,-0.053844802209916554,0.08076720331487483,0.08076720264815762,6.667172092189588e-10
9,425,-0.5266007754072679,0.7040324976983225,0.4764765109899182,-0.07086243072163642,-0.07086243072163635,0.10629364608245453,0.10629364749492609,1.4124715563834656e-09
9,426,-0.1865336038056542,0.5184834603068319,0.8344939281022535,-0.060304892857742105,-0.06030489285774195,0.09045733928661294,0.09045734022938845,9.427755104374214e-10
9,427,-0.7045067518547149,-0.5751922665992505,-0.41572117222428767,-0.050251866153486716,-0.05025186615348655,0.07537779923022983,0.07537779983524118,6.050113465772e-10
9,428,-0.8275431609163748,0.3422479636068509,-0.44501533482285593,-0.05503483024647368,-0.05503483024647356,0.08255224536971034,0.082552244207168,1.1625423401717683e-09
9,429,0.30962668478666117,-0.7384757783677623,-0.5989865113941624,-0.05915137103735461,-0.0591513710373545,0.08872705655603176,0.08872705764551014,1.0894783825099452e-09
9,430,0.842136128994815,-0.28061870030006103,-0.46049960399932244,-0.10426675699462917,-0.10426675699462905,0.1564001354919436,0.15640013312223644,2.3697071527273295e-09
9,431,0.3854531777771465,-0.7089035101454476,0.5906620531615036,-0.037093871429703905,-0.037093871429703766,0.05564080714455565,0.055640807239409895,9.485424251609587e-11
9,432,-0.7874843014736451,-0.10242546720605877,-0.6077643446272459,-0.04822825036330017,-0.04822825036329999,0.07234237554494999,0.07234237237030428,3.174645712977764e-09
9,433,0.7335595429501173,0.4503976074009931,0.5089522494245171,-0.04881630799153463,-0.04881630799153446,0.0732244619873017,0.07322445844115677,3.5461449332530037e-09
9,434,0.5274370261654556,0.8180046692532149,0.229518070115795,-0.0469467365628543,-0.04694673656285421,0.07042010484428132,0.07042010446989266,3.7438865896355367e-10
9,435,-0.5102028150619059,0.3194750964781034,-0.7985165935866412,-0.03717633469801614,-0.03717633469801604,0.05576450204702406,0.055764501349919726,6.971043325920689e-10
9,436,-0.03970094192459795,0.28472058474355744,0.9577880892105447,-0.05548053230230931,-0.055480532302309156,0.08322079845346374,0.08322079830813678,1.453269588003181e-10
9,437,0.3710612740135963,0.8078014283437045,-0.4580069686077687,-0.06091354836091974,-0.060913548360919646,0.09137032254137947,0.0913703210314587,1.5099207717472751e-09
9,438,-0.8668870086817961,0.27598897502477315,-0.4151349176394378,-0.0589145581053385,-0.05891455810533836,0.08837183715800755,0.0883718362376662,9.203413448011233e-10
9,439,-0.03790284509884954,0.9289054011528807,0.3683722710009785,-0.039763834655823185,-0.03976383465582314,0.05964575198373471,0.05964575083838852,1.14534618594897e-09
9,440,0.3139547258656203,-0.907522546992455,-0.2789897073495198,-0.0482242942921456,-0.04822429429214558,0.07233644143821838,0.07233644100379522,4.3442316410846615e-10
9,441,-0.9658753258437428,0.23503113050241617,-0.10883575984482312,-0.08225490590118789,-0.08225490590118775,0.12338235885178163,0.12338235849673751,3.5504411910469713e-10
9,442,0.9087999806349043,-0.3365727571340497,-0.24657934697208803,-0.09758244404532185,-0.09758244404532175,0.14637366606798263,0.14637366319014689,2.8778357474834593e-09
9,443,-0.5716852825910825,-0.5309234033208433,0.6255367914639132,-0.08661332504607269,-0.08661332504607265,0.129919987569109,0.12991998726841203,3.0069696732581974e-10
9,444,0.578892803391142,-0.8058035593707228,0.1247547429455845,-0.050288458490474516,-0.05028845849047441,0.07543268773571163,0.07543268648602108,1.2496905454906226e-09
9,445,0.5986197111144322,0.7579607312966342,0.25913311497673364,-0.04959150188469083,-0.04959150188469072,0.07438725282703608,0.07438725052599793,2.301038151686363e-09
9,446,0.18941581263532653,0.9619373815665638,0.19697239367119895,-0.037651665406511575,-0.037651665406511534,0.0564774981097673,0.05647749629078547,1.8189818332126073e-09
9,447,-0.25814842619725786,0.8611918121642311,0.437844781530129,-0.05006289297267759,-0.05006289297267753,0.07509433945901631,0.07509433908037266,3.786436442165808e-10
9,448,-0.7077383276382555,0.29028668980997413,0.6440808158228073,-0.1005300414960466,-0.10053004149604647,0.15079506224406972,0.1507950583845563,3.859513403314807e-09
9,449,0.7701865204506687,0.6346650419216936,0.06334830920100774,-0.06875418054952799,-0.06875418054952791,0.10313127082429187,0.10313127157823843,7.539465579631255e-10
9,450,0.7572749909956192,-0.01415028297860003,-0.6529428439796323,-0.10817051428165592,-0.10817051428165582,0.16225577142248374,0.16225577131878666,1.0369707870161449e-10
9,451,-0.7618528731926293,0.26150238126342307,0.5926185148995051,-0.10364833013433737,-0.10364833013433727,0.1554724952015059,0.15547249460068358,6.008223363274112e-10
9,452,0.5917587789391783,0.570893300739306,0.5691242278443198,-0.04161754076224935,-0.041617540762249154,0.062426311143373735,0.06242630717911979,3.964253945942797e-09
9,453,-0.3628312968935977,-0.6387930600187989,0.6784518232463741,-0.06979279854292543,-0.06979279854292535,0.10468919781438803,0.10468919620088002,1.6135080077583908e-09
9,454,-0.19275983672961655,0.2923571524525883,-0.9366808104972503,-0.04371321402485272,-0.043713214024852655,0.06556982103727899,0.06556982040661907,6.306599131811197e-10
9,455,0.07692057649518655,-0.9070797807748189,-0.4138713522595575,-0.04161984894672751,-0.04161984894672743,0.06242977342009114,0.06242977107495662,2.3451345240732557e-09
9,456,-0.9258296566975024,-0.37724409600303593,-0.022942075107476548,-0.08485768591241774,-0.08485768591241762,0.12728652886862643,0.12728652992732847,1.0587020426999771e-09
9,457,0.6925927938294015,0.7145302158448594,0.0988017842970604,-0.06121453616177286,-0.061214536161772776,0.09182180424265916,0.0918218015510952,2.6915639578239947e-09
9,458,-0.2859450550233426,0.6722744553584564,0.6828487989153881,-0.06098937684828581,-0.06098937684828568,0.09148406527242853,0.09148406615588911,8.834605824681319e-10
9,459,-0.4642182908965423,-0.7040222656859776,0.5374514190282469,-0.07183528534667684,-0.07183528534667677,0.10775292802001515,0.1077529246384934,3.381521757050976e-09
9,460,-0.6717400643464209,0.6213317074616141,-0.40337599737056934,-0.0472382110113578,-0.04723821101135768,0.07085731651703653,0.07085731723588395,7.188474260289013e-10
9,461,-0.3044349758637668,-0.31755483595265765,0.8980413529642766,-0.07485025029066984,-0.07485025029066983,0.11227537543600474,0.11227537094482543,4.491179317334115e-09
9,462,0.49151523237328637,-0.8355012120422035,0.24566338966366802,-0.04312611133597557,-0.043126111335975444,0.06468916700396317,0.06468916374791078,3.2560523860469814e-09
9,463,0.8431593698690694,0.5097582250532843,-0.17096440855487674,-0.08808468918080965,-0.08808468918080954,0.13212703377121432,0.13212703015019756,3.6210167642103386e-09
9,464,0.690751568425416,0.7063934841127628,0.15450086187740034,-0.05880574785641164,-0.05880574785641154,0.08820862178461732,0.08820861818747971,3.5971376016741274e-09
9,465,0.5424573992380094,-0.4439659751380075,0.7131859385403592,-0.03794022764051222,-0.037940227640512116,0.05691034146076818,0.05691034171695364,2.561854617333381e-10
9,466,-0.4462794310094854,0.0836274283390128,-0.890977621877931,-0.03723792231974973,-0.03723792231974962,0.05585688347962443,0.05585688717113513,3.6915106943480325e-09
9,467,-0.0745914402545408,-0.8411895285151191,-0.5355709982413769,-0.03939340214747033,-0.03939340214747021,0.059090103221205316,0.05909010364346656,4.222612468018916e-10
9,468,-0.24647778343434026,-0.7147695998180391,-0.6544869146509001,-0.03764155667445846,-0.037641556674458274,0.05646233501168741,0.05646233341982665,1.591860761263053e-09
9,469,0.9135846435160744,0.36841728579135047,-0.1721389051369321,-0.09552719847444469,-0.09552719847444456,0.14329079771166686,0.14329079728314653,4.285203303311391e-10
9,470,-0.7613810944100766,-0.4506485156166322,0.4660630262608695,-0.09740640803903981,-0.09740640803903976,0.14610961205855966,0.14610961468486394,2.6263042851581986e-09
9,471,0.09755165512082423,0.8321843202620967,0.5458506496223121,-0.03902086336094361,-0.039020863360943465,0.0585312950414152,0.05853129508848198,4.706678102817108e-11
9,472,0.23700426480112982,0.6123567910009944,-0.7542202191542204,-0.06300892228756504,-0.06300892228756493,0.0945133834313474,0.09451338184307545,1.5882719445192706e-09
9,473,0.31670274358518385,0.9410135601144041,-0.11913375628440522,-0.0464724438391318,-0.046472443839131766,0.06970866575869765,0.06970866522904018,5.296574706603607e-10
9,474,-0.7369834710450571,0.6734460041647803,0.05767012121428429,-0.06867013592196035,-0.06867013592196025,0.10300520388294038,0.10300520020267712,3.6802632608079477e-09
9,475,0.4791002608981528,0.6595038957034194,0.5792387690403116,-0.0386549636852573,-0.03865496368525712,0.05798244552788569,0.05798244245847073,3.0694149583121444e-09
9,476,0.5392106380835598,-0.838210923518251,-0.08157411030591173,-0.054762299094662494,-0.05476229909466242,0.08214344864199363,0.08214344759949199,1.0425016405690712e-09
9,477,-0.40061892875989596,0.6813771182264629,0.6125599535365288,-0.06677680031613423,-0.06677680031613413,0.1001652004742012,0.10016519974564986,7.285513442534253e-10
9,478,0.4650942197209428,0.5130458628209205,0.7214369753654887,-0.03732270830624446,-0.03732270830624427,0.05598406245936641,0.05598406044304838,2.0163180292076532e-09
9,479,0.35907936007400204,0.9283542530952039,-0.09602288231922267,-0.047851903061817906,-0.04785190306181788,0.07177785459272683,0.071777851717858,2.8748688291058144e-09
9,480,0.7523263303740901,0.07424924660843324,0.6545931117907792,-0.045318991414159134,-0.04531899141415897,0.06797848712123845,0.06797848672857043,3.926680230970092e-10
9,481,0.3024969336329537,0.7368492328202962,-0.6046063291388879,-0.061827246523777635,-0.061827246523777524,0.09274086978566629,0.09274087053867675,7.53010459542125e-10
9,482,-0.3672081900955372,-0.12949971917311912,0.9210797836565751,-0.08163221402376851,-0.08163221402376847,0.1224483210356527,0.12244832231500524,1.2793525405729866e-09
9,483,0.9473634288471532,0.1742094225219928,0.26861424159474256,-0.07296484630189186,-0.07296484630189172,0.10944726945283759,0.10944726930306459,1.4977299955809542e-10
9,484,0.2450961689219711,0.10133050568849757,-0.9641887764316103,-0.0723219337556035,-0.07232193375560345,0.10848290063340517,0.108482899052742,1.5806631697978801e-09
9,485,0.6056601210148911,0.14269299738241029,0.7828247098235026,-0.03860074261442091,-0.03860074261442074,0.05790111392163111,0.057901115846359374,1.9247282656564835e-09
9,486,0.8507635736152124,-0.45367411010251024,0.26529444704359867,-0.06360398268140612,-0.06360398268140599,0.09540597402210899,0.0954059706237409,3.3983680869376087e-09
9,487,0.7101121922827806,-0.6009100646737582,-0.36694382205607845,-0.08257135174843604,-0.08257135174843597,0.12385702762265395,0.12385702741202209,2.106318591765799e-10
9,488,-0.6119817895554456,-0.282990279905969,0.7385084906290892,-0.09740793417380421,-0.09740793417380415,0.14611190126070625,0.14611190174429467,4.835884193088447e-10
9,489,0.4422782533672006,0.6441336986061322,-0.624084709729731,-0.07411486502803434,-0.07411486502803426,0.1111722975420514,0.11117229775647886,2.1442746189759276e-10
9,490,0.1929699765265283,0.8926353365288662,-0.4073877073984304,-0.0482979752689596,-0.04829797526895949,0.07244696290343923,0.07244696231811787,5.853213608242314e-10
9,491,-0.7779308918995175,-0.5422529500228086,0.3174669520123047,-0.0900851098039701,-0.09008510980397,0.135127664705955,0.13512766461332149,9.263351197219549e-11
9,492,-0.7855945323008997,0.5960444320677143,0.1660489862058984,-0.07881331376009368,-0.07881331376009358,0.11821997064014038,0.11821997131233886,6.721984774360479e-10
9,493,-0.41645865456150655,-0.6972491123032387,0.5834431115654425,-0.06992350748072658,-0.0699235074807265,0.10488526122108975,0.10488525742369248,3.797397271632086e-09
9,494,-0.7116675023924944,0.1773112291785958,0.679772089781277,-0.10382294247066531,-0.1038229424706652,0.1557344137059978,0.15573441286553802,8.404597851008333e-10
9,495,-0.3968560043168863,-0.15900960752072965,0.9040029073812423,-0.08373804325019496,-0.08373804325019492,0.12560706487529238,0.12560706502684482,1.51552437266389e-10
9,496,-0.7036639575434431,0.6700161442711825,0.2365066622111893,-0.07464918155339142,-0.07464918155339138,0.11197377233008708,0.11197377053351332,1.7965737647562818e-09
9,497,0.5479021677756525,0.8278055318776092,-0.12058696421906245,-0.05994278362469597,-0.05994278362469593,0.0899141754370439,0.08991417471682084,7.202230617453509e-10
9,498,-0.9178846803145736,-0.16411279733608508,-0.3613235439247464,-0.06596498534120147,-0.06596498534120131,0.09894747801180197,0.09894747937666537,1.3648634028529116e-09
9,499,0.18332811058121734,0.883287155590749,0.43150272842604953,-0.037110573403615135,-0.03711057340361502,0.05566586010542253,0.05566585803418178,2.071240748358072e-09
9,500,0.8986441842875976,0.041884744691682456,0.436674132744534,-0.06094816439732624,-0.060948164397326074,0.09142224659598912,0.09142224338676286,3.2092262597371857e-09
9,501,-0.055184337061771296,-0.8294859892682492,0.5557946406279272,-0.04567580080790649,-0.045675800807906335,0.06851370121185951,0.06851370165650295,4.446434331839555e-10
9,502,-0.05483462401850825,-0.677175734483654,0.7337752984635503,-0.05042332700893826,-0.05042332700893813,0.0756349905134072,0.07563498855001072,1.9633964870591214e-09
9,503,0.07519836384019724,-0.8226057378166676,-0.5636177837744774,-0.044762976698371065,-0.04476297669837095,0.06714446504755643,0.0671444663757903,1.328233870112605e-09
9,504,-0.20853079801866087,0.9591108404200277,0.19136693044120415,-0.0417605163983678,-0.041760516398367795,0.0626407745975517,0.06264077451190175,8.564994546933491e-11
9,505,-0.029748529421811203,-0.7282498407623038,-0.6846657538002895,-0.04341647332746415,-0.04341647332746398,0.06512470999119598,0.06512470979158635,1.9960962049925257e-10
9,506,-0.5639670463578061,0.0699221335600782,0.822831736055956,-0.0962373671405507,-0.09623736714055064,0.14435605071082597,0.1443560534997168,2.7888908404882784e-09
9,507,0.42325369548221686,0.033570206178553955,-0.9053890603037881,-0.08619645171087943,-0.08619645171087938,0.12929467756631907,0.12929467912980996,1.5634908923090052e-09
9,508,0.8541498285461114,-0.465573003650893,-0.23166753908593665,-0.09006271470300528,-0.09006271470300516,0.13509407205450774,0.13509407342793267,1.373424929340672e-09
9,509,-0.7251857591144596,-0.6001136744208021,-0.3375932353450651,-0.0540621127078529,-0.054062112707852744,0.08109316906177912,0.08109316967930269,6.175235739425133e-10
9,510,0.08376950250662774,-0.057379962500749025,-0.9948317497713896,-0.06035320707627786,-0.06035320707627777,0.09052981061441666,0.09052981003732086,5.770958017015104e-10
9,511,0.9679105168581682,0.22481406742060583,0.11228475606758456,-0.08355534546175718,-0.083555345461757,0.1253330181926355,0.12533301757544635,6.171891608897084e-10
