coupling,step,time,total_energy,u_norm,v_norm,f_norm,kinetic_u,kinetic_v,kinetic_f,flux_potential,interaction
0.0,0,0.0,0.006400000000000001,0.55,0.5499999999999999,0.0,0.0032,0.003200000000000001,0.0,0.0,0.0
0.0,100,0.1,0.006400000000000001,0.5459669624073111,0.5527850156754679,0.0,0.0032,0.003200000000000001,0.0,0.0,0.0
0.0,200,0.2,0.006400000000000001,0.5420219996278118,0.5556712581289901,0.0,0.0032,0.003200000000000001,0.0,0.0,0.0
0.0,300,0.3,0.006400000000000001,0.5381670485274962,0.5586571584308055,0.0,0.0032,0.003200000000000001,0.0,0.0,0.0
0.0,400,0.4,0.006400000000000001,0.5344040570215214,0.5617411274077317,0.0,0.0032,0.003200000000000001,0.0,0.0,0.0
0.0,500,0.5,0.006400000000000001,0.5307349811359021,0.5649215589589734,0.0,0.0032,0.003200000000000001,0.0,0.0,0.0
0.0,600,0.6,0.006400000000000001,0.5271617818484108,0.5681968332646392,0.0,0.0032,0.003200000000000001,0.0,0.0,0.0
0.0,700,0.7000000000000001,0.006400000000000001,0.5236864217085034,0.5715653198780447,0.0,0.0032,0.003200000000000001,0.0,0.0,0.0
0.0,800,0.8,0.006400000000000001,0.5203108612378965,0.5750253806942951,0.0,0.0032,0.003200000000000001,0.0,0.0,0.0
0.0,900,0.9,0.006400000000000001,0.5170370551153821,0.5785753727890138,0.0,0.0032,0.003200000000000001,0.0,0.0,0.0
0.0,1000,1.0,0.006400000000000001,0.5138669481516124,0.5822136511223983,0.0,0.0032,0.003200000000000001,0.0,0.0,0.0
0.0,1100,1.1,0.006400000000000001,0.5108024710618745,0.5859385711050272,0.0,0.0032,0.003200000000000001,0.0,0.0,0.0
0.0,1200,1.2,0.006400000000000001,0.5078455360473128,0.5897484910230194,0.0,0.0032,0.003200000000000001,0.0,0.0,0.0
0.0,1300,1.3,0.006400000000000001,0.5049980321975995,0.593641774321228,0.0,0.0032,0.003200000000000001,0.0,0.0,0.0
0.0,1400,1.4000000000000001,0.006400000000000001,0.5022618207306953,0.5976167917441603,0.0,0.0032,0.003200000000000001,0.0,0.0,0.0
0.0,1500,1.5,0.006400000000000001,0.49963873008802906,0.6016719233352263,0.0,0.0032,0.003200000000000001,0.0,0.0,0.0
0.0,1600,1.6,0.006400000000000001,0.4971305509061415,0.605805560295742,0.0,0.0032,0.003200000000000001,0.0,0.0,0.0
0.0,1700,1.7,0.006400000000000001,0.4947390308885171,0.6100161067058517,0.0,0.0032,0.003200000000000001,0.0,0.0,0.0
0.0,1800,1.8,0.006400000000000001,0.49246586960394984,0.6143019811101804,0.0,0.0032,0.003200000000000001,0.0,0.0,0.0
0.0,1900,1.9000000000000001,0.006400000000000001,0.49031271324027476,0.6186616179715853,0.0,0.0032,0.003200000000000001,0.0,0.0,0.0
0.0,2000,2.0,0.006400000000000001,0.48828114934462225,0.6230934689968649,0.0,0.0032,0.003200000000000001,0.0,0.0,0.0
0.0,2100,2.1,0.006400000000000001,0.4863727015834367,0.6275960043386782,0.0,0.0032,0.003200000000000001,0.0,0.0,0.0
0.0,2200,2.2,0.006400000000000001,0.48458882455731095,0.6321677136782624,0.0,0.0032,0.003200000000000001,0.0,0.0,0.0
0.0,2300,2.3000000000000003,0.006400000000000001,0.4829308987071564,0.6368071071937945,0.0,0.0032,0.003200000000000001,0.0,0.0,0.0
0.0,2400,2.4,0.006400000000000001,0.4814002253493108,0.6415127164194457,0.0,0.0032,0.003200000000000001,0.0,0.0,0.0
0.0,2500,2.5,0.006400000000000001,0.4799980218778332,0.646283095000313,0.0,0.0032,0.003200000000000001,0.0,0.0,0.0
0.0,2600,2.6,0.006400000000000001,0.47872541717241046,0.6511168193485029,0.0,0.0032,0.003200000000000001,0.0,0.0,0.0
0.0,2700,2.7,0.006400000000000001,0.4775834472499691,0.6560124892056843,0.0,0.0032,0.003200000000000001,0.0,0.0,0.0
0.0,2800,2.8000000000000003,0.006400000000000001,0.4765730511972216,0.6609687281174241,0.0,0.0032,0.003200000000000001,0.0,0.0,0.0
0.0,2900,2.9,0.006400000000000001,0.47569506741997575,0.6659841838245806,0.0,0.0032,0.003200000000000001,0.0,0.0,0.0
0.0,3000,3.0,0.006400000000000001,0.4749502302430868,0.6710575285769619,0.0,0.0032,0.003200000000000001,0.0,0.0,0.0
0.0,3100,3.1,0.006400000000000001,0.47433916689245376,0.6761874593743566,0.0,0.0032,0.003200000000000001,0.0,0.0,0.0
0.0,3200,3.2,0.006400000000000001,0.4738623948874748,0.68137269813992,0.0,0.0032,0.003200000000000001,0.0,0.0,0.0
0.0,3300,3.3000000000000003,0.006400000000000001,0.47352031986891446,0.6866119918307586,0.0,0.0032,0.003200000000000001,0.0,0.0,0.0
0.0,3400,3.4,0.006400000000000001,0.47331323388325525,0.6919041124904006,0.0,0.0032,0.003200000000000001,0.0,0.0,0.0
0.0,3500,3.5,0.006400000000000001,0.47324131414035603,0.6972478572476621,0.0,0.0032,0.003200000000000001,0.0,0.0,0.0
0.0,3600,3.6,0.006400000000000001,0.4733046222567,0.7026420482662444,0.0,0.0032,0.003200000000000001,0.0,0.0,0.0
0.0,3700,3.7,0.006400000000000001,0.4735031039917531,0.7080855326492066,0.0,0.0032,0.003200000000000001,0.0,0.0,0.0
0.0,3800,3.8000000000000003,0.006400000000000001,0.47383658948005736,0.7135771823022635,0.0,0.0032,0.003200000000000001,0.0,0.0,0.0
0.0,3900,3.9,0.006400000000000001,0.474304793956755,0.7191158937596672,0.0,0.0032,0.003200000000000001,0.0,0.0,0.0
0.0,4000,4.0,0.006400000000000001,0.4749073189693198,0.7247005879762292,0.0,0.0032,0.003200000000000001,0.0,0.0,0.0
0.0,4100,4.1,0.006400000000000001,0.47564365406351705,0.730330210088847,0.0,0.0032,0.003200000000000001,0.0,0.0,0.0
0.0,4200,4.2,0.006400000000000001,0.4765131789270493,0.7360037291507067,0.0,0.0032,0.003200000000000001,0.0,0.0,0.0
0.0,4300,4.3,0.006400000000000001,0.47751516597007637,0.741720137841136,0.0,0.0032,0.003200000000000001,0.0,0.0,0.0
0.0,4400,4.4,0.006400000000000001,0.4786487833178905,0.7474784521539073,0.0,0.0032,0.003200000000000001,0.0,0.0,0.0
0.0,4500,4.5,0.006400000000000001,0.4799130981875409,0.7532777110665948,0.0,0.0032,0.003200000000000001,0.0,0.0,0.0
0.0,4600,4.6000000000000005,0.006400000000000001,0.4813070806171789,0.7591169761934292,0.0,0.0032,0.003200000000000001,0.0,0.0,0.0
0.0,4700,4.7,0.006400000000000001,0.482829607514389,0.7649953314239131,0.0,0.0032,0.003200000000000001,0.0,0.0,0.0
0.0,4800,4.8,0.006400000000000001,0.484479466987783,0.7709118825493025,0.0,0.0032,0.003200000000000001,0.0,0.0,0.0
0.0,4900,4.9,0.006400000000000001,0.48625536292470195,0.7768657568789071,0.0,0.0032,0.003200000000000001,0.0,0.0,0.0
0.0,5000,5.0,0.006400000000000001,0.4881559197769715,0.7828561028480074,0.0,0.0032,0.003200000000000001,0.0,0.0,0.0
0.0,5100,5.1000000000000005,0.006400000000000001,0.49017968751629054,0.7888820896190399,0.0,0.0032,0.003200000000000001,0.0,0.0,0.0
0.0,5200,5.2,0.006400000000000001,0.4923251467209798,0.7949429066776025,0.0,0.0032,0.003200000000000001,0.0,0.0,0.0
0.0,5300,5.3,0.006400000000000001,0.49459071375643543,0.8010377634246518,0.0,0.0032,0.003200000000000001,0.0,0.0,0.0
0.0,5400,5.4,0.006400000000000001,0.4969747460126784,0.8071658887661831,0.0,0.0032,0.003200000000000001,0.0,0.0,0.0
0.0,5500,5.5,0.006400000000000001,0.4994755471638548,0.8133265307015606,0.0,0.0032,0.003200000000000001,0.0,0.0,0.0
0.0,5600,5.6000000000000005,0.006400000000000001,0.5020913724163143,0.8195189559115587,0.0,0.0032,0.003200000000000001,0.0,0.0,0.0
0.0,5700,5.7,0.006400000000000001,0.504820433713973,0.8257424493470743,0.0,0.0032,0.003200000000000001,0.0,0.0,0.0
0.0,5800,5.8,0.006400000000000001,0.5076609048719724,0.8319963138193824,0.0,0.0032,0.003200000000000001,0.0,0.0,0.0
0.0,5900,5.9,0.006400000000000001,0.5106109266121276,0.8382798695927124,0.0,0.0032,0.003200000000000001,0.0,0.0,0.0
0.0,6000,6.0,0.006400000000000001,0.5136686114762721,0.8445924539798528,0.0,0.0032,0.003200000000000001,0.0,0.0,0.0
0.0,6100,6.1000000000000005,0.006400000000000001,0.5168320485962796,0.8509334209414064,0.0,0.0032,0.003200000000000001,0.0,0.0,0.0
0.0,6200,6.2,0.006400000000000001,0.5200993083022635,0.8573021406892525,0.0,0.0032,0.003200000000000001,0.0,0.0,0.0
0.0,6300,6.3,0.006400000000000001,0.5234684465531411,0.8636979992947211,0.0,0.0032,0.003200000000000001,0.0,0.0,0.0
0.0,6400,6.4,0.006400000000000001,0.5269375091763959,0.8701203983018865,0.0,0.0032,0.003200000000000001,0.0,0.0,0.0
0.0,6500,6.5,0.006400000000000001,0.5305045359064238,0.8765687543463792,0.0,0.0032,0.003200000000000001,0.0,0.0,0.0
0.0,6600,6.6000000000000005,0.006400000000000001,0.5341675642132866,0.8830424987800373,0.0,0.0032,0.003200000000000001,0.0,0.0,0.0
0.0,6700,6.7,0.006400000000000001,0.5379246329160075,0.8895410773016733,0.0,0.0032,0.003200000000000001,0.0,0.0,0.0
0.0,6800,6.8,0.006400000000000001,0.5417737855766805,0.8960639495941966,0.0,0.0032,0.003200000000000001,0.0,0.0,0.0
0.0,6900,6.9,0.006400000000000001,0.5457130736736592,0.902610588968288,0.0,0.0032,0.003200000000000001,0.0,0.0,0.0
0.0,7000,7.0,0.006400000000000001,0.5497405595538847,0.90918048201279,0.0,0.0032,0.003200000000000001,0.0,0.0,0.0
0.0,7100,7.1000000000000005,0.006400000000000001,0.5538543191660454,0.9157731282519367,0.0,0.0032,0.003200000000000001,0.0,0.0,0.0
0.0,7200,7.2,0.006400000000000001,0.5580524445777021,0.9223880398095301,0.0,0.0032,0.003200000000000001,0.0,0.0,0.0
0.0,7300,7.3,0.006400000000000001,0.5623330462807736,0.9290247410801267,0.0,0.0032,0.003200000000000001,0.0,0.0,0.0
0.0,7400,7.4,0.006400000000000001,0.5666942552908756,0.9356827684072874,0.0,0.0032,0.003200000000000001,0.0,0.0,0.0
0.0,7500,7.5,0.006400000000000001,0.5711342250469197,0.9423616697689132,0.0,0.0032,0.003200000000000001,0.0,0.0,0.0
0.0,7600,7.6000000000000005,0.006400000000000001,0.5756511331181506,0.9490610044696722,0.0,0.0032,0.003200000000000001,0.0,0.0,0.0
0.0,7700,7.7,0.006400000000000001,0.5802431827264117,0.9557803428405045,0.0,0.0032,0.003200000000000001,0.0,0.0,0.0
0.0,7800,7.8,0.006400000000000001,0.5849086040919054,0.9625192659451763,0.0,0.0032,0.003200000000000001,0.0,0.0,0.0
0.0,7900,7.9,0.006400000000000001,0.5896456556110683,0.9692773652938409,0.0,0.0032,0.003200000000000001,0.0,0.0,0.0
0.0,8000,8.0,0.006400000000000001,0.5944526248754157,0.9760542425635466,0.0,0.0032,0.003200000000000001,0.0,0.0,0.0
0.0,8100,8.1,0.006400000000000001,0.5993278295403417,0.982849509325628,0.0,0.0032,0.003200000000000001,0.0,0.0,0.0
0.0,8200,8.2,0.006400000000000001,0.6042696180529036,0.9896627867798992,0.0,0.0032,0.003200000000000001,0.0,0.0,0.0
0.0,8300,8.3,0.006400000000000001,0.6092763702475807,0.9964937054955666,0.0,0.0032,0.003200000000000001,0.0,0.0,0.0
0.0,8400,8.4,0.006400000000000001,0.6143464978188873,1.0033419051587618,0.0,0.0032,0.003200000000000001,0.0,0.0,0.0
0.0,8500,8.5,0.006400000000000001,0.6194784446795523,1.010207034326599,0.0,0.0032,0.003200000000000001,0.0,0.0,0.0
0.0,8600,8.6,0.006400000000000001,0.6246706872127603,1.0170887501876476,0.0,0.0032,0.003200000000000001,0.0,0.0,0.0
0.0,8700,8.700000000000001,0.006400000000000001,0.6299217344266886,1.0239867183287095,0.0,0.0032,0.003200000000000001,0.0,0.0,0.0
0.0,8800,8.8,0.006400000000000001,0.6352301280192816,1.0309006125077858,0.0,0.0032,0.003200000000000001,0.0,0.0,0.0
0.0,8900,8.9,0.006400000000000001,0.6405944423608889,1.037830114433117,0.0,0.0032,0.003200000000000001,0.0,0.0,0.0
0.0,9000,9.0,0.006400000000000001,0.6460132844020496,1.0447749135481694,0.0,0.0032,0.003200000000000001,0.0,0.0,0.0
0.0,9100,9.1,0.006400000000000001,0.65148529351336,1.051734706822454,0.0,0.0032,0.003200000000000001,0.0,0.0,0.0
0.0,9200,9.200000000000001,0.006400000000000001,0.6570091412639965,1.058709198548044,0.0,0.0032,0.003200000000000001,0.0,0.0,0.0
0.0,9300,9.3,0.006400000000000001,0.6625835311451073,1.0656981001416725,0.0,0.0032,0.003200000000000001,0.0,0.0,0.0
0.0,9400,9.4,0.006400000000000001,0.6682071982439164,1.07270112995228,0.0,0.0032,0.003200000000000001,0.0,0.0,0.0
0.0,9500,9.5,0.006400000000000001,0.6738789088740275,1.0797180130738888,0.0,0.0032,0.003200000000000001,0.0,0.0,0.0
0.0,9600,9.6,0.006400000000000001,0.6795974601670574,1.0867484811636752,0.0,0.0032,0.003200000000000001,0.0,0.0,0.0
0.0,9700,9.700000000000001,0.006400000000000001,0.6853616796303834,1.0937922722651146,0.0,0.0032,0.003200000000000001,0.0,0.0,0.0
0.0,9800,9.8,0.006400000000000001,0.6911704246754526,1.100849130636079,0.0,0.0032,0.003200000000000001,0.0,0.0,0.0
0.0,9900,9.9,0.006400000000000001,0.6970225821207737,1.1079188065817545,0.0,0.0032,0.003200000000000001,0.0,0.0,0.0
0.0,10000,10.0,0.006400000000000001,0.7029170676734035,1.1150010562922652,0.0,0.0032,0.003200000000000001,0.0,0.0,0.0
0.0,10100,10.1,0.006400000000000001,0.7088528253924373,1.1220956416848766,0.0,0.0032,0.003200000000000001,0.0,0.0,0.0
0.0,10200,10.200000000000001,0.006400000000000001,0.7148288271377327,1.129202330250661,0.0,0.0032,0.003200000000000001,0.0,0.0,0.0
0.0,10300,10.3,0.006400000000000001,0.7208440720068187,1.1363208949055064,0.0,0.0032,0.003200000000000001,0.0,0.0,0.0
0.0,10400,10.4,0.006400000000000001,0.7268975857626965,1.1434511138453531,0.0,0.0032,0.003200000000000001,0.0,0.0,0.0
0.0,10500,10.5,0.006400000000000001,0.7329884202549873,1.1505927704055448,0.0,0.0032,0.003200000000000001,0.0,0.0,0.0
0.0,10600,10.6,0.006400000000000001,0.7391156528366633,1.1577456529241794,0.0,0.0032,0.003200000000000001,0.0,0.0,0.0
0.0,10700,10.700000000000001,0.006400000000000001,0.7452783857783829,1.1649095546093533,0.0,0.0032,0.003200000000000001,0.0,0.0,0.0
0.0,10800,10.8,0.006400000000000001,0.7514757456822524,1.1720842734101886,0.0,0.0032,0.003200000000000001,0.0,0.0,0.0
0.0,10900,10.9,0.006400000000000001,0.7577068828966531,1.1792696118915376,0.0,0.0032,0.003200000000000001,0.0,0.0,0.0
0.0,11000,11.0,0.006400000000000001,0.7639709709336,1.1864653771122633,0.0,0.0032,0.003200000000000001,0.0,0.0,0.0
0.0,11100,11.1,0.006400000000000001,0.7702672058899384,1.193671380506994,0.0,0.0032,0.003200000000000001,0.0,0.0,0.0
0.0,11200,11.200000000000001,0.006400000000000001,0.7765948058735377,1.200887437771251,0.0,0.0032,0.003200000000000001,0.0,0.0,0.0
0.0,11300,11.3,0.006400000000000001,0.7829530104355068,1.2081133687498569,0.0,0.0032,0.003200000000000001,0.0,0.0,0.0
0.0,11400,11.4,0.006400000000000001,0.7893410800093248,1.2153489973285267,0.0,0.0032,0.003200000000000001,0.0,0.0,0.0
0.0,11500,11.5,0.006400000000000001,0.795758295357674,1.2225941513285523,0.0,0.0032,0.003200000000000001,0.0,0.0,0.0
0.0,11600,11.6,0.006400000000000001,0.8022039570276467,1.2298486624044889,0.0,0.0032,0.003200000000000001,0.0,0.0,0.0
0.0,11700,11.700000000000001,0.006400000000000001,0.8086773848149076,1.2371123659447583,0.0,0.0032,0.003200000000000001,0.0,0.0,0.0
0.0,11800,11.8,0.006400000000000001,0.8151779172372996,1.244385100975082,0.0,0.0032,0.003200000000000001,0.0,0.0,0.0
0.0,11900,11.9,0.006400000000000001,0.8217049110183077,1.2516667100646612,0.0,0.0032,0.003200000000000001,0.0,0.0,0.0
0.0,12000,12.0,0.006400000000000001,0.8282577405807134,1.2589570392350249,0.0,0.0032,0.003200000000000001,0.0,0.0,0.0
0.0,12100,12.1,0.006400000000000001,0.834835797550711,1.2662559378714664,0.0,0.0032,0.003200000000000001,0.0,0.0,0.0
0.0,12200,12.200000000000001,0.006400000000000001,0.8414384902726966,1.2735632586369923,0.0,0.0032,0.003200000000000001,0.0,0.0,0.0
0.0,12300,12.3,0.006400000000000001,0.8480652433348852,1.2808788573887078,0.0,0.0032,0.003200000000000001,0.0,0.0,0.0
0.0,12400,12.4,0.006400000000000001,0.8547154971058621,1.2882025930965704,0.0,0.0032,0.003200000000000001,0.0,0.0,0.0
0.0,12500,12.5,0.006400000000000001,0.861388707282133,1.2955343277644384,0.0,0.0032,0.003200000000000001,0.0,0.0,0.0
0.0,12600,12.6,0.006400000000000001,0.8680843444466944,1.3028739263533455,0.0,0.0032,0.003200000000000001,0.0,0.0,0.0
0.0,12700,12.700000000000001,0.006400000000000001,0.8748018936386169,1.3102212567069387,0.0,0.0032,0.003200000000000001,0.0,0.0,0.0
0.0,12800,12.8,0.006400000000000001,0.8815408539335956,1.3175761894790132,0.0,0.0032,0.003200000000000001,0.0,0.0,0.0
0.0,12900,12.9,0.006400000000000001,0.8883007380353997,1.3249385980630815,0.0,0.0032,0.003200000000000001,0.0,0.0,0.0
0.0,13000,13.0,0.006400000000000001,0.895081071878128,1.3323083585239155,0.0,0.0032,0.003200000000000001,0.0,0.0,0.0
0.0,13100,13.1,0.006400000000000001,0.9018813942391545,1.3396853495310073,0.0,0.0032,0.003200000000000001,0.0,0.0,0.0
0.0,13200,13.200000000000001,0.006400000000000001,0.9087012563626309,1.347069452293884,0.0,0.0032,0.003200000000000001,0.0,0.0,0.0
0.0,13300,13.3,0.006400000000000001,0.915540221593397,1.3544605504992278,0.0,0.0032,0.003200000000000001,0.0,0.0,0.0
0.0,13400,13.4,0.006400000000000001,0.9223978650211355,1.3618585302497457,0.0,0.0032,0.003200000000000001,0.0,0.0,0.0
0.0,13500,13.5,0.006400000000000001,0.9292737731345975,1.3692632800047346,0.0,0.0032,0.003200000000000001,0.0,0.0,0.0
0.0,13600,13.6,0.006400000000000001,0.9361675434857127,1.3766746905222929,0.0,0.0032,0.003200000000000001,0.0,0.0,0.0
0.0,13700,13.700000000000001,0.006400000000000001,0.9430787843633935,1.3840926548031305,0.0,0.0032,0.003200000000000001,0.0,0.0,0.0
0.0,13800,13.8,0.006400000000000001,0.950007114476833,1.3915170680359277,0.0,0.0032,0.003200000000000001,0.0,0.0,0.0
0.0,13900,13.9,0.006400000000000001,0.9569521626480924,1.398947827544198,0.0,0.0032,0.003200000000000001,0.0,0.0,0.0
0.0,14000,14.0,0.006400000000000001,0.9639135675137698,1.4063848327346102,0.0,0.0032,0.003200000000000001,0.0,0.0,0.0
0.0,14100,14.1,0.006400000000000001,0.9708909772355417,1.4138279850467257,0.0,0.0032,0.003200000000000001,0.0,0.0,0.0
0.0,14200,14.200000000000001,0.006400000000000001,0.9778840492193578,1.4212771879041084,0.0,0.0032,0.003200000000000001,0.0,0.0,0.0
0.0,14300,14.3,0.006400000000000001,0.9848924498430827,1.4287323466667705,0.0,0.0032,0.003200000000000001,0.0,0.0,0.0
0.0,14400,14.4,0.006400000000000001,0.991915854192366,1.4361933685849073,0.0,0.0032,0.003200000000000001,0.0,0.0,0.0
0.0,14500,14.5,0.006400000000000001,0.9989539458045266,1.4436601627538905,0.0,0.0032,0.003200000000000001,0.0,0.0,0.0
0.0,14600,14.6,0.006400000000000001,1.006006416420241,1.4511326400704783,0.0,0.0032,0.003200000000000001,0.0,0.0,0.0
0.0,14700,14.700000000000001,0.006400000000000001,1.013072965742822,1.4586107131902064,0.0,0.0032,0.003200000000000001,0.0,0.0,0.0
0.0,14800,14.8,0.006400000000000001,1.020153301204882,1.46609429648593,0.0,0.0032,0.003200000000000001,0.0,0.0,0.0
0.0,14900,14.9,0.006400000000000001,1.0272471377421697,1.473583306007476,0.0,0.0032,0.003200000000000001,0.0,0.0,0.0
0.0,15000,15.0,0.006400000000000001,1.0343541975743813,1.481077659442364,0.0,0.0032,0.003200000000000001,0.0,0.0,0.0
0.0,15100,15.1,0.006400000000000001,1.041474209992741,1.4885772760776042,0.0,0.0032,0.003200000000000001,0.0,0.0,0.0
0.0,15200,15.200000000000001,0.006400000000000001,1.0486069111541585,1.4960820767624914,0.0,0.0032,0.003200000000000001,0.0,0.0,0.0
0.0,15300,15.3,0.006400000000000001,1.055752043881766,1.5035919838723932,0.0,0.0032,0.003200000000000001,0.0,0.0,0.0
0.0,15400,15.4,0.006400000000000001,1.0629093574716464,1.5111069212734975,0.0,0.0032,0.003200000000000001,0.0,0.0,0.0
0.0,15500,15.5,0.006400000000000001,1.0700786075055653,1.5186268142884936,0.0,0.0032,0.003200000000000001,0.0,0.0,0.0
0.0,15600,15.6,0.006400000000000001,1.0772595556695288,1.526151589663153,0.0,0.0032,0.003200000000000001,0.0,0.0,0.0
0.0,15700,15.700000000000001,0.006400000000000001,1.0844519695779855,1.5336811755337936,0.0,0.0032,0.003200000000000001,0.0,0.0,0.0
0.0,15800,15.8,0.006400000000000001,1.091655622603499,1.5412155013955933,0.0,0.0032,0.003200000000000001,0.0,0.0,0.0
0.0,15900,15.9,0.006400000000000001,1.0988702937117256,1.5487544980717314,0.0,0.0032,0.003200000000000001,0.0,0.0,0.0
0.0,16000,16.0,0.006400000000000001,1.1060957673015277,1.5562980976833365,0.0,0.0032,0.003200000000000001,0.0,0.0,0.0
0.0,16100,16.1,0.006400000000000001,1.1133318330500641,1.563846233620212,0.0,0.0032,0.003200000000000001,0.0,0.0,0.0
0.0,16200,16.2,0.006400000000000001,1.1205782857627025,1.5713988405123231,0.0,0.0032,0.003200000000000001,0.0,0.0,0.0
0.0,16300,16.3,0.006400000000000001,1.1278349252275963,1.5789558542020186,0.0,0.0032,0.003200000000000001,0.0,0.0,0.0
0.0,16400,16.4,0.006400000000000001,1.135101556074785,1.5865172117169664,0.0,0.0032,0.003200000000000001,0.0,0.0,0.0
0.0,16500,16.5,0.006400000000000001,1.142377987639669,1.5940828512437895,0.0,0.0032,0.003200000000000001,0.0,0.0,0.0
0.0,16600,16.6,0.006400000000000001,1.149664033830719,1.6016527121023716,0.0,0.0032,0.003200000000000001,0.0,0.0,0.0
0.0,16700,16.7,0.006400000000000001,1.1569595130012895,1.609226734720821,0.0,0.0032,0.003200000000000001,0.0,0.0,0.0
0.0,16800,16.8,0.006400000000000001,1.1642642478253986,1.6168048606110719,0.0,0.0032,0.003200000000000001,0.0,0.0,0.0
0.0,16900,16.9,0.006400000000000001,1.1715780651773495,1.624387032345106,0.0,0.0032,0.003200000000000001,0.0,0.0,0.0
0.0,17000,17.0,0.006400000000000001,1.1789007960150686,1.631973193531773,0.0,0.0032,0.003200000000000001,0.0,0.0,0.0
0.0,17100,17.1,0.006400000000000001,1.1862322752670418,1.6395632887941982,0.0,0.0032,0.003200000000000001,0.0,0.0,0.0
0.0,17200,17.2,0.006400000000000001,1.1935723417227309,1.6471572637477578,0.0,0.0032,0.003200000000000001,0.0,0.0,0.0
0.0,17300,17.3,0.006400000000000001,1.200920837926357,1.6547550649786074,0.0,0.0032,0.003200000000000001,0.0,0.0,0.0
0.0,17400,17.400000000000002,0.006400000000000001,1.208277610073945,1.6623566400227445,0.0,0.0032,0.003200000000000001,0.0,0.0,0.0
0.0,17500,17.5,0.006400000000000001,1.2156425079135165,1.669961937345598,0.0,0.0032,0.003200000000000001,0.0,0.0,0.0
0.0,17600,17.6,0.006400000000000001,1.2230153846483387,1.6775709063221194,0.0,0.0032,0.003200000000000001,0.0,0.0,0.0
0.0,17700,17.7,0.006400000000000001,1.2303960968431198,1.685183497217372,0.0,0.0032,0.003200000000000001,0.0,0.0,0.0
0.0,17800,17.8,0.006400000000000001,1.237784504333062,1.692799661167596,0.0,0.0032,0.003200000000000001,0.0,0.0,0.0
0.0,17900,17.900000000000002,0.006400000000000001,1.2451804701356766,1.7004193501617424,0.0,0.0032,0.003200000000000001,0.0,0.0,0.0
0.0,18000,18.0,0.006400000000000001,1.2525838603652706,1.7080425170234603,0.0,0.0032,0.003200000000000001,0.0,0.0,0.0
0.0,18100,18.1,0.006400000000000001,1.2599945441500229,1.7156691153935228,0.0,0.0032,0.003200000000000001,0.0,0.0,0.0
0.0,18200,18.2,0.006400000000000001,1.2674123935515558,1.7232990997126845,0.0,0.0032,0.003200000000000001,0.0,0.0,0.0
0.0,18300,18.3,0.006400000000000001,1.2748372834869333,1.7309324252049543,0.0,0.0032,0.003200000000000001,0.0,0.0,0.0
0.0,18400,18.400000000000002,0.006400000000000001,1.2822690916529973,1.7385690478612754,0.0,0.0032,0.003200000000000001,0.0,0.0,0.0
0.0,18500,18.5,0.006400000000000001,1.289707698452972,1.7462089244235979,0.0,0.0032,0.003200000000000001,0.0,0.0,0.0
0.0,18600,18.6,0.006400000000000001,1.2971529869252594,1.7538520123693373,0.0,0.0032,0.003200000000000001,0.0,0.0,0.0
0.0,18700,18.7,0.006400000000000001,1.3046048426743562,1.7614982698962074,0.0,0.0032,0.003200000000000001,0.0,0.0,0.0
0.0,18800,18.8,0.006400000000000001,1.3120631538038254,1.7691476559074115,0.0,0.0032,0.003200000000000001,0.0,0.0,0.0
0.0,18900,18.900000000000002,0.006400000000000001,1.3195278108512531,1.776800129997194,0.0,0.0032,0.003200000000000001,0.0,0.0,0.0
0.0,19000,19.0,0.006400000000000001,1.326998706725127,1.7844556524367323,0.0,0.0032,0.003200000000000001,0.0,0.0,0.0
0.0,19100,19.1,0.006400000000000001,1.3344757366435775,1.7921141841603625,0.0,0.0032,0.003200000000000001,0.0,0.0,0.0
0.0,19200,19.2,0.006400000000000001,1.341958798074918,1.799775686752135,0.0,0.0032,0.003200000000000001,0.0,0.0,0.0
0.0,19300,19.3,0.006400000000000001,1.3494477906799274,1.8074401224326848,0.0,0.0032,0.003200000000000001,0.0,0.0,0.0
0.0,19400,19.400000000000002,0.006400000000000001,1.3569426162558225,1.8151074540464087,0.0,0.0032,0.003200000000000001,0.0,0.0,0.0
0.0,19500,19.5,0.006400000000000001,1.364443178681859,1.8227776450489497,0.0,0.0032,0.003200000000000001,0.0,0.0,0.0
0.0,19600,19.6,0.006400000000000001,1.3719493838665164,1.8304506594949657,0.0,0.0032,0.003200000000000001,0.0,0.0,0.0
0.0,19700,19.7,0.006400000000000001,1.3794611396962122,1.8381264620261886,0.0,0.0032,0.003200000000000001,0.0,0.0,0.0
0.0,19800,19.8,0.006400000000000001,1.386978355985497,1.845805017859761,0.0,0.0032,0.003200000000000001,0.0,0.0,0.0
0.0,19900,19.900000000000002,0.006400000000000001,1.3945009444286833,1.8534862927768394,0.0,0.0032,0.003200000000000001,0.0,0.0,0.0
0.0,20000,20.0,0.006400000000000001,1.4020288185528673,1.8611702531114642,0.0,0.0032,0.003200000000000001,0.0,0.0,0.0
0.05,0,0.0,0.006400000000000001,0.55,0.5499999999999999,0.0,0.0032,0.003200000000000001,0.0,0.0,0.0
0.05,100,0.1,0.006399999999974662,0.5459669624182619,0.55278501568634,5.980038196144458e-06,0.003199999957264791,0.00319999998834696,6.979845580781337e-09,1.7880428413673322e-10,-7.1042869539245286e-09
0.05,200,0.2,0.006399999999924224,0.5420219997982042,0.5556712582969693,2.3150224428249206e-05,0.0031999996712356454,0.0031999999125550188,2.4636088915913082e-08,2.6796644553915297e-09,-2.689961981189804e-08
0.05,300,0.3,0.006399999999868204,0.5381670493608625,0.5586571592467072,4.9552107652156384e-05,0.003199998944655555,0.0031999997268201525,4.540032309072965e-08,1.2277056863854468e-08,-5.634898745760553e-08
0.05,400,0.4,0.006399999999828288,0.5344040595495197,0.5617411298661674,8.232642021943198e-05,0.0031999976474246083,0.0031999994089202187,6.074606044485638e-08,3.3888197330732477e-08,-9.169077431544174e-08
0.05,500,0.5,0.006399999999819922,0.5307349870216473,0.5649215646457284,0.00011799887787237911,0.003199995728680187,0.00319999896165689,6.453102088406563e-08,6.961867589570318e-08,-1.2884021393349184e-07
0.05,600,0.6,0.006399999999846362,0.5271617934135757,0.5681968443695157,0.0001528281859141376,0.0031999932207440757,0.003199998411540468,5.538690594423347e-08,1.1678227204903102e-07,-1.638016161747109e-07
0.05,700,0.7000000000000001,0.006399999999897388,0.5236864418856357,0.5715653391379593,0.00018318244810411246,0.0031999902346677776,0.0031999978049705047,3.723154636691843e-08,1.6777904646707918e-07,-1.9305033372870932e-07
0.05,800,0.8,0.006399999999953273,0.5203108934568572,0.5750254112779318,0.00020590793262281954,0.0031999869479567736,0.0031999972024299027,1.7707810920253e-08,2.119903835850178e-07,-2.138486279084266e-07
0.05,900,0.9,0.006399999999992411,0.5170371031391133,0.5785754181393031,0.00021865604435984627,0.0031999835858323943,0.0031999966714098276,5.158506784982137e-09,2.3905232867547525e-07,-2.2446808527113322e-07
0.05,1000,1.0,0.006399999999999681,0.5138670158809644,0.5822137147761092,0.00022014087132674897,0.003199980398019249,0.0031999962788971078,5.315057403971914e-09,2.423100161425012e-07,-2.24301990221158e-07
0.05,1100,1.1,0.006399999999972282,0.510802562331571,0.5859386565096867,0.00021031178762767635,0.003199977633465239,0.0031999960842746494,1.8989857376008765e-08,2.2115524007574412e-07,-2.1386286505755266e-07
0.05,1200,1.2,0.006399999999920829,0.5078456544351797,0.5897486013702341,0.0001904460852122614,0.003199975515571321,0.0031999961334092694,4.167438156339705e-08,1.8134855686337962e-07,-1.9467199818825752e-07
0.05,1300,1.3,0.006399999999865248,0.5049981808669808,0.5936419124125711,0.00016320267926511718,0.003199974220415499,0.0031999964545413877,6.520736988249589e-08,1.3317557259656346e-07,-1.6905803411756317e-07
0.05,1400,1.4000000000000001,0.006399999999827049,0.5022620023218819,0.5976169599014908,0.00013273868599015043,0.003199973860113908,0.0031999970563673197,8.08751927768695e-08,8.809779379195874e-08,-1.3988964074736415e-07
0.05,1500,1.5,0.0063999999998210315,0.499638946669016,0.6016721233621799,0.00010499560056456236,0.0031999744729093982,0.003199997928444255,8.27503241436816e-08,5.5120380689565613e-08,-1.1027223745481876e-07
0.05,1600,1.6,0.006399999999849539,0.4971308039867281,0.6058057934917285,8.740313090373596e-05,0.0031999760208735735,0.003199999043780535,6.997910032940461e-08,3.819653645887803e-08,-8.324044135798725e-08
0.05,1700,1.7,0.006399999999901563,0.49473932149536415,0.6100163739287665,8.436123473479755e-05,0.003199978395325957,0.003200000363229771,4.713356138304888e-08,3.558408962989807e-08,-6.147630517706231e-08
0.05,1800,1.8,0.006399999999957004,0.49246619840835776,0.6143022828796763,9.090674360140075e-05,0.0031999814292933523,0.003200001841113556,2.2488315036764132e-08,4.132018016105409e-08,-4.7078945102131825e-08
0.05,1900,1.9000000000000001,0.006399999999994428,0.490313080725707,0.6186619546015133,9.815675435326593e-05,0.00319998491563311,0.0032000034313745328,4.883675431530404e-09,4.817374212583697e-08,-4.1404430772260614e-08
0.05,2000,2.0,0.006399999999999379,0.48828155599781975,0.6230938407436116,0.00010087893217823046,0.003199988628894884,0.0032000050935218124,3.814487834836154e-10,5.08827947871001e-08,-4.4986660887939036e-08
0.05,2100,2.1,0.006399999999969967,0.4863731480915565,0.6275964115516531,9.838290664920718e-05,0.003199992348650011,0.0032000067976765568,9.998959039756392e-09,4.839598160373307e-08,-5.7541297244299473e-08
0.05,2200,2.2,0.00639999999991759,0.4845893119939528,0.6321681569396836,9.407101620406596e-05,0.003199995881907543,0.0032000085281501823,2.938966588970827e-08,4.424678044832823e-08,-7.804658647229299e-08
0.05,2300,2.3000000000000003,0.006399999999862532,0.48293142869224726,0.6368075874369412,9.479848192515254e-05,0.003199999082368719,0.0032000102851750564,5.058642472224894e-08,4.493376087656737e-08,-1.048878668410631e-07
0.05,2400,2.4,0.0063999999998261186,0.4814008001712879,0.6415132350174191,0.00010674354274101861,0.003200001864629732,0.0032000120846353034,6.51270007523633e-08,5.6970919584518324e-08,-1.3604735925403832e-07
0.05,2500,2.5,0.006399999999822461,0.4799986445709658,0.6462836538207174,0.0001294612008015245,0.00320000421198642,0.0032000139558862333,6.734880159632339e-08,8.380101256486324e-08,-1.6931786435435043e-07
0.05,2600,2.6,0.006399999999852995,0.47872609154691925,0.6511174207729548,0.00015736982831089178,0.0032000061771655926,0.003200015937977139,5.657675580809536e-08,1.2382631431299777e-07,-2.0251835985876443e-07
0.05,2700,2.7,0.006399999999905935,0.4775841778773243,0.6560131361163305,0.00018459751788799594,0.0032000078760360826,0.003200018074777478,3.735896317269166e-08,1.7038121805204485e-07,-2.3369108885001426e-07
0.05,2800,2.8000000000000003,0.006399999999960831,0.47657384335715774,0.6609694238554253,0.00020674437108519344,0.0032000094750631275,0.003200020409629825,1.7662297743651545e-08,2.137161748770608e-07,-2.612632047412552e-07
0.05,2900,2.9,0.0063999999999964745,0.47569592701895785,0.665984932127568,0.00022103190896587488,0.0032000111738908284,0.003200022980200545,5.731260151012142e-09,2.4427552390549397e-07,-2.841608789568572e-07
0.05,3000,3.0,0.006399999999999104,0.47495116371597457,0.6710583335036984,0.00022629117338295902,0.0032000131849070556,0.003200025814166263,6.831821271466387e-09,2.5603847575518205e-07,-3.01869371242264e-07
0.05,3100,3.1,0.006399999999967723,0.47434018109979964,0.676188325225181,0.00022300357132414814,0.003200015711918388,0.0032000289262651554,2.1147093219504787e-08,2.4865296411662204e-07,-3.1443827315612367e-07
0.05,3200,3.2,0.006399999999914507,0.4738634970203162,0.6813736293811223,0.0002133275341665745,0.0032000189301148686,0.0032000323170705744,4.364591667257234e-08,2.2754318416795498e-07,-3.2243637177614496e-07
0.05,3300,3.3000000000000003,0.006399999999860071,0.4735215173712365,0.6866129930299117,0.00020096786583894782,0.0032000229693337377,0.003200035973630929,6.598133778417502e-08,2.0194041549930664e-07,-3.268648578794403e-07
0.05,3400,3.4,0.006399999999825501,0.47331453439978355,0.6919051882680635,0.00019056604634613467,0.0032000279022594835,0.0032000398718897917,7.968917098213834e-08,1.8157709009998575e-07,-3.290405848564301e-07
0.05,3500,3.5,0.0063999999998242026,0.47324272549430035,0.6972490122489695,0.0001861672594753095,0.003200033738665448,0.003200043980580961,7.945194264528394e-08,1.7329124250273607e-07,-3.3046260735536107e-07
0.05,3600,3.6,0.006399999999856704,0.4733061524588849,0.7026432871539099,0.0001891120606476435,0.0032000404261669515,0.003200048266110986,6.516602281243946e-08,1.7881685741198996e-07,-3.3267530145727215e-07
0.05,3700,3.7,0.006399999999910472,0.47350476127954666,0.7080868601175608,0.00019726855502925556,0.0032000478572842446,0.0032000526978177455,4.201054968014387e-08,1.9457441401665216e-07,-3.3714015521504874e-07
0.05,3800,3.8000000000000003,0.0063999999999647325,0.4738383823819428,0.7135786031103071,0.00020664140040436692,0.0032000558819744182,0.003200057252943122,1.84878093757071e-08,2.1350334180538955e-07,-3.4512610398804606e-07
0.05,3900,3.9,0.006399999999998537,0.4743067313764538,0.7191174127798114,0.00021363170082142134,0.0032000643242495893,0.0032000619206869075,3.187972289934965e-09,2.2819251797926636e-07,-3.576254282294894e-07
0.05,4000,4.0,0.006399999999998832,0.47490941028222,0.7247022102545136,0.00021636521387110772,0.003200073001107824,0.003200066704814537,1.5236637350582669e-09,2.3406952886745095e-07,-3.7529911613140663e-07
0.05,4100,4.1,0.006399999999965547,0.47564590921776295,0.7303319409119461,0.00021512554111929405,0.0032000817418007615,0.0032000716244615464,1.3691291585421728e-08,2.3139499220934548e-07,-3.98452580555009e-07
0.05,4200,4.2,0.006399999999911591,0.4765156085419671,0.7360055741149771,0.0002122637574799119,0.003200090405464978,0.0032000767129928467,3.4641946330646083e-08,2.2527951369745434e-07,-4.270400062621678e-07
0.05,4300,4.3,0.006399999999857872,0.4775177814255151,0.7417221029192262,0.00021152528198417806,0.003200098895349134,0.0032000820150105565,5.606836873362707e-08,2.2371472459243024e-07,-4.606935951448687e-07
0.05,4400,4.4,0.006399999999825205,0.4786515968293809,0.7474805437549992,0.00021651156324250308,0.00320010716825117,0.0032000875818320898,6.963613087326288e-08,2.343862850885621e-07,-4.987726740164165e-07
0.05,4500,4.5,0.006399999999826268,0.47991612286372937,0.753279936087093,0.00022869844135162812,0.003200115238296963,0.003200093465954153,7.02077175122801e-08,2.615148853833205e-07,-5.404270277430975e-07
0.05,4600,4.6000000000000005,0.006399999999860688,0.48131033049762045,0.759119342055776,0.0002465627108060606,0.003200123174788487,0.003200099715154347,5.7812893610071204e-08,3.039658518001653e-07,-5.846688275562188e-07
0.05,4700,4.7,0.006399999999915186,0.48283309758732396,0.7649978461021327,0.0002666011721895723,0.003200131094463099,0.003200106366943423,3.760556860670649e-08,3.5538092506426997e-07,-6.304479850071866e-07
0.05,4800,4.8,0.006399999999968717,0.4844832131888804,0.770914554580787,0.00028506333680787017,0.003200139149072364,0.003200113444059308,1.7827797350394893e-08,4.063055299601862e-07,-6.76726490266147e-07
0.05,4900,4.9,0.006400000000000619,0.48625938211885694,0.7768685953628454,0.00029916996379535544,0.003200147509651831,0.0032001209515893783,6.5735293098864415e-09,4.475133361865714e-07,-7.225481060869959e-07
0.05,5000,5.0,0.006399999999998582,0.48816022972607914,0.7828591174316577,0.0003076575173225671,0.0032001563491660455,0.0032001288761309282,8.609496764744582e-09,4.7326573982542826e-07,-7.67100534981474e-07
0.05,5100,5.1000000000000005,0.006399999999963443,0.4901843068364869,0.7888852904737752,0.0003108912422890673,0.0032001658253468295,0.0032001371871700998,2.348838438883154e-08,4.832668226601978e-07,-8.097677605359061e-07
0.05,5200,5.2,0.006399999999908837,0.49233009483317447,0.7949463044672266,0.00031066885584832445,0.003200176065486404,0.0032001458406021735,4.568878380995928e-08,4.825756899705351e-07,-8.501706535218178e-07
0.05,5300,5.3,0.006399999999855926,0.49459601083409516,0.801041369268981,0.00030968502673375494,0.00320018715471,0.0032001547840606924,6.673116985508737e-08,4.795240789154327e-07,-8.88194163536971e-07
0.05,5400,5.4,0.006399999999825221,0.49698041293080036,0.8071697142031903,0.0003106296433845459,0.0032001991288628084,0.0032001639634985563,7.845316133212527e-08,4.82453876746051e-07,-9.239995742209152e-07
0.05,5500,5.5,0.006399999999828647,0.4994816054528886,0.8133305876515123,0.0003151317965355794,0.0032002119726464765,0.003200173330298161,7.617714113335262e-08,4.965402459387092e-07,-9.580205030631238e-07
0.05,5600,5.6000000000000005,0.0063999999998649235,0.5020978442244913,0.8195232566465219,0.00032308733265317465,0.0032002256230848985,0.003200182848100223,6.054325585589462e-08,5.219271226047157e-07,-9.909416986594492e-07
0.05,5700,5.7,0.006399999999920059,0.5048273417810558,0.8257470064688898,0.00033283275947059587,0.0032002399778459805,0.003200192498544462,3.7295629561338484e-08,5.538882288840578e-07,-1.0236603288279422e-06
0.05,5800,5.8,0.006399999999972773,0.5076682725168301,0.8320011402487094,0.0003420343271233035,0.0032002549074529613,0.003200202285211675,1.5100317440042998e-08,5.84937404653455e-07,-1.0572304139563558e-06
0.05,5900,5.9,0.006400000000002717,0.5106187777357839,0.8382849785710415,0.0003487270343862834,0.0032002702700354843,0.003200212235237576,2.2343344695103975e-09,6.080527225592605e-07,-1.0927923273716488e-06
0.05,6000,6.0,0.0063999999999983575,0.5136769705811323,0.8445978590854623,0.00035206353227445455,0.0032002859270349247,0.003200222398315836,3.421765533504588e-09,6.197436537878296e-07,-1.1314907717250204e-06
0.05,6100,6.1000000000000005,0.0063999999999614235,0.5168409408211714,0.8509391361192259,0.0003526324654979954,0.003200301758212122,0.0032002328430948725,1.8036568665078924e-08,6.217482786159748e-07,-1.1743861928522753e-06
0.05,6200,6.2,0.006399999999906259,0.5201087594717488,0.8573081802934556,0.0003523283291294492,0.0032003176744123643,0.003200243651269017,4.036397194910267e-08,6.206762575357473e-07,-1.2223660046071937e-06
0.05,6300,6.3,0.006399999999854245,0.5234784832383594,0.8637043781417599,0.00035375380984392917,0.003200333626808119,0.0032002549099362835,6.181735949257783e-08,6.257087898954741e-07,-1.276063039545131e-06
0.05,6400,6.4,0.006399999999825555,0.5269481587635897,0.8701271317307213,0.0003592273772830297,0.0032003496117337642,0.0032002667030115567,7.425262678110139e-08,6.452215429482209e-07,-1.3357890894955131e-06
0.05,6500,6.5,0.0063999999998313375,0.5305158266683694,0.8765758582818362,0.0003697616993525307,0.0032003656707052424,0.0032002791026189297,7.309901507513786e-08,6.836185715403568e-07,-1.40149107945046e-06
0.05,6600,6.6000000000000005,0.006399999999869407,0.5341795253782592,0.8830499897947681,0.0003846013759437759,0.003200381885729322,0.0032002921614235924,5.9097851348461996e-08,7.395910918892282e-07,-1.4727362267448209e-06
0.05,6700,6.7,0.006399999999925086,0.5379372947287171,0.8895489726720821,0.0004016149544844538,0.003200398370498214,0.0032003059067941984,3.798024976076712e-08,8.064728583277495e-07,-1.5487304754150769e-06
0.05,6800,6.8,0.00639999999997689,0.5417871793459389,0.8960722673460217,0.000418225502998256,0.0032004152584841953,0.0032003203375161617,1.821279713549629e-08,8.745628567907211e-07,-1.6283716773931563e-06
0.05,6900,6.9,0.006400000000004833,0.5457272318023623,0.902619347908257,0.00043232744274827547,0.0032004326892532014,0.0032003354235202327,7.687787764231298e-09,9.345350887663171e-07,-1.7103356451309756e-06
0.05,7000,7.0,0.006399999999998154,0.5497555155482535,0.9091897017438934,0.00044286429035604363,0.003200450794476202,0.0032003511087748235,1.0642496373471968e-08,9.806438983628107e-07,-1.793189647607977e-06
0.05,7100,7.1000000000000005,0.006399999999959494,0.5538701076228065,0.915782829171296,0.0004500043819106333,0.003200469685118172,0.0032003673171478353,2.600252615508221e-08,1.0125197186938557e-06,-1.875524551362271e-06
0.05,7200,7.2,0.0063999999999038645,0.558069101149931,0.9223982430894354,0.000454950535190734,0.003200489441129492,0.003200383960710952,4.7792146236664965e-08,1.0348999473516766e-06,-1.9560940301684214e-06
0.05,7300,7.3,0.006399999999852837,0.5623506076252439,0.9290354686344702,0.0004594430327453966,0.003200510104672894,0.003200400949673557,6.745346867041457e-08,1.0554395016914378e-06,-2.0339474639764664e-06
0.05,7400,7.4,0.00639999999982621,0.5667127590017474,0.9356940428471285,0.0004650775494133515,0.003200531677523722,0.00320041820292707,7.717636566272046e-08,1.0814856348416423e-06,-2.1085426250865826e-06
0.05,7500,7.5,0.006399999999834342,0.5711537095822514,0.9423735143521454,0.00047267229770419543,0.003200554122826089,0.003200435658078704,7.294861514003247e-08,1.1170955050848182e-06,-2.17982519067586e-06
0.05,7600,7.6000000000000005,0.0063999999998741435,0.5756716377268174,0.9490734430505451,0.0004819690410786301,0.0032005773709217976,0.0032004532798705497,5.614285315124304e-08,1.1614707827912714e-06,-2.248264554147062e-06
0.05,7700,7.7,0.006399999999930276,0.580264747383412,0.9557933998250367,0.000491817517222484,0.003200601328542059,0.00320047106601718,3.302221004028921e-08,1.209422351234442e-06,-2.314839190237476e-06
0.05,7800,7.8,0.006399999999981083,0.5849312694496385,0.9625329662581423,0.0005007350922128621,0.00320062589030875,0.0032004890497412397,1.2351417140468165e-08,1.2536781628671175e-06,-2.3809696489148584e-06
0.05,7900,7.9,0.00640000000000697,0.58966946297296,0.9692917343621127,0.0005075666319775171,0.003200650951267254,0.0032005072986182677,2.033346595033336e-09,1.2881194294850012e-06,-2.448402654631644e-06
0.05,8000,8.0,0.006399999999997981,0.5944776161963501,0.9760693063191238,0.0005119878246258895,0.0032006764190884336,0.0032005259097258494,6.068733288583146e-09,1.3106576628257527e-06,-2.519055212416642e-06
0.05,8100,8.1,0.006399999999957658,0.5993540474558559,0.9828652942298495,0.0005147024975656718,0.0032007022246398316,0.003200545001488389,2.3012992774271877e-08,1.324593305001702e-06,-2.594832468338706e-06
0.05,8200,8.2,0.0063999999999016614,0.6042971059362893,0.9896793198682652,0.0005172770045785829,0.0032007283298263766,0.0032005647029748714,4.6526362648995346e-08,1.3378774973289562e-06,-2.6774367595650205e-06
0.05,8300,8.3,0.00639999999985171,0.6093051722911648,0.9965110144404983,0.0005216336259565812,0.0032007547319152594,0.003200585141703157,6.780536483812989e-08,1.3605081986430533e-06,-2.768187330188245e-06
0.05,8400,8.4,0.006399999999827192,0.6143766591331523,1.0033600183457294,0.0005293425420826221,0.003200781463952571,0.003200606431196748,7.895729163213845e-08,1.4010176342924627e-06,-2.867870248050814e-06
0.05,8500,8.5,0.006399999999837655,0.6195100114016973,1.0102259809375504,0.0005409933598313984,0.003200808591307603,0.0032006286596052134,7.601584896906117e-08,1.4633690769083246e-06,-2.9766360010377447e-06
0.05,8600,8.6,0.006399999999879117,0.6247037066150264,1.0171085602847236,0.0005559562721362506,0.0032008362047978877,0.0032006518806272136,6.043574509669168e-08,1.5454368826381839e-06,-3.0939581737189884e-06
0.05,8700,8.700000000000001,0.006399999999935599,0.6299562550144668,1.0240074229309992,0.0005726515565747216,0.0032008644112093863,0.003200676107768929,3.849276464650972e-08,1.6396490262372576e-06,-3.2186608336014987e-06
0.05,8800,8.8,0.006399999999985319,0.6352661996097523,1.0309222436543672,0.0005891611753080656,0.0032008933222937358,0.003200701312649197,1.882591573334789e-08,1.7355544524519055e-06,-3.3490153257993658e-06
0.05,8900,8.9,0.006400000000009109,0.6406321161346682,1.037852705226841,0.0006038795291923745,0.003200923043470612,0.0032007274276563444,9.076234024677248e-09,1.8233524288880196e-06,-3.4828997807606176e-06
0.05,9000,9.0,0.006399999999997829,0.6460526129229083,1.0447984981764806,0.0006159652885961783,0.003200953663474076,0.0032007543528116875,1.292509583153904e-08,1.8970661837768667e-06,-3.6180075675420693e-06
0.05,9100,9.1,0.006399999999955919,0.6515263307142797,1.0517593205538067,0.0006254908127527177,0.0032009852460577796,0.0032007819662470873,2.867883498418845e-08,1.9561937841902774e-06,-3.752084968122434e-06
0.05,9200,9.200000000000001,0.006399999999899643,0.6570519424013235,1.0587348777049725,0.0006332875442682126,0.0032010178246306537,0.0032008101373063287,4.994661249866217e-08,2.0052655686263166e-06,-3.883174218463908e-06
0.05,9300,9.3,0.006399999999850851,0.6626281527259862,1.0657248820540408,0.000640554093471449,0.0032010514003600705,0.0032008387409759183,6.81470882240554e-08,2.0515477333151496e-06,-4.0098363066756955e-06
0.05,9400,9.4,0.006399999999828487,0.6682536979351784,1.0727290528963984,0.0006483582422269823,0.0032010859438909253,0.003200867672174385,7.587056240225116e-08,2.101842051318312e-06,-4.131328850542831e-06
0.05,9500,9.5,0.006399999999841271,0.673927345402924,1.0797471162048267,0.0006572165170008964,0.003201121400430055,0.0032008968584028275,6.979128506432627e-08,2.1596677510939485e-06,-4.247718027770091e-06
0.05,9600,9.6,0.006399999999884328,0.6796478932254136,1.086778804449024,0.0006669249482604118,0.003201157697579007,0.0032009262693894164,5.1998119064536626e-08,2.2239444330607654e-06,-4.359909636220136e-06
0.05,9700,9.700000000000001,0.006399999999941072,0.6854141697937443,1.0938238564285365,0.000676711315336832,0.0032011947550043933,0.0032009559226374587,2.9223646603165174e-08,2.2896910215245266e-06,-4.469592368908031e-06
0.05,9800,9.8,0.006399999999989624,0.6912250333475615,1.1008820171181726,0.0006856312492283224,0.003201232494844859,0.0032009858841851022,1.0265425016108869e-08,2.3504510495919502e-06,-4.579095514944757e-06
0.05,9900,9.9,0.006400000000011276,0.6970793715113516,1.1079530375242002,0.0006930314471596181,0.0032012708516868426,0.0032010162643656527,2.5936241844363963e-09,2.401462933760773e-06,-4.691172599164314e-06
0.05,10000,10.0,0.006399999999997726,0.7029761008139274,1.1150366745489042,0.0006988970544885635,0.003201309781003643,0.0032010472088729322,9.455601255702765e-09,2.4422854638639505e-06,-4.808730943968868e-06
0.05,10100,10.1,0.006399999999954289,0.7089141661907489,1.1221326908606861,0.0007039581167395,0.0032013492651357008,0.0032010788859325907,2.8597552842749063e-08,2.4777851506171176e-06,-4.934533817462777e-06
0.05,10200,10.200000000000001,0.006399999999897841,0.7148925404682411,1.1292408547666986,0.000709509569019416,0.0032013893161732198,0.0032011114708057962,5.309969302297961e-08,2.5170191426505874e-06,-5.0709059168483584e-06
0.05,10300,10.3,0.006399999999850298,0.7209102238292471,1.136360940085119,0.0007169886478000616,0.0032014299754532386,0.0032011451291600783,7.400550096739951e-08,2.5703636053708048e-06,-5.2194738693578415e-06
0.05,10400,10.4,0.0063999999998301214,0.7269662432591395,1.143492726014632,0.0007274513248064155,0.003201471309763097,0.003201180000998378,8.373289854631505e-08,2.645927149813046e-06,-5.380970979713009e-06
0.05,10500,10.5,0.0063999999998452,0.7330596519728849,1.1506359969993316,0.0007411591590354401,0.003201513404708664,0.0032012161868220684,7.8953557644587e-08,2.7465844951106046e-06,-5.5551297382886625e-06
0.05,10600,10.6,0.006399999999889774,0.7391895288243749,1.1577905425881663,0.0007574629998773264,0.0032015563560188432,0.003201253737513889,6.18324899724418e-08,2.8687509809157934e-06,-5.740677113846352e-06
0.05,10700,10.700000000000001,0.006399999999946675,0.7453549777005358,1.1649561572889995,0.0007750321739360259,0.003201600259783135,0.003201292649078737,3.915392884887899e-08,3.003374353180012e-06,-5.935437197225793e-06
0.05,10800,10.8,0.006399999999993978,0.7515551269038946,1.1721326404183774,0.0007923121412301037,0.003201645202732387,0.003201332862905806,1.9676102842127326e-08,3.1387926457031587e-06,-6.136534392760562e-06
0.05,10900,10.9,0.006400000000013455,0.7577891285282943,1.1793197959489363,0.0008080115003013816,0.003201691253661835,0.0032013742716613795,1.0741035750340725e-08,3.264412923096448e-06,-6.340679268606388e-06
0.05,11000,11.0,0.006399999999997656,0.7640561578332075,1.1865174323571186,0.0008214463526918235,0.003201738456962346,0.0032014167303430464,1.5451728437531816e-08,3.3738705517534993e-06,-6.544509587927209e-06
0.05,11100,11.1,0.0063999999999527725,0.7703554126224375,1.1937253624742454,0.0008326516754045536,0.0032017868289848906,0.0032014600714824954,3.1507469403399685e-08,3.4665440627700505e-06,-6.7449520467870974e-06
0.05,11200,11.200000000000001,0.006399999999896249,0.7766861126328952,1.2009434033440882,0.0008422519078300809,0.0032018363576424135,0.0032015041230325993,5.2144539044812784e-08,3.5469413812170564e-06,-6.9395666990253365e-06
0.05,11300,11.3,0.006399999999850033,0.783047498938569,1.2081713760898527,0.0008511510438477654,0.0032018870052877213,0.00320154872716381,6.881337009241765e-08,3.6222904972157047e-06,-7.126836468806296e-06
0.05,11400,11.4,0.006399999999832088,0.7894388333737975,1.2154091057928813,0.0008601564546528656,0.003201938714536801,0.003201593758060457,7.455024491629548e-08,3.699345632404937e-06,-7.306368642491839e-06
0.05,11500,11.5,0.006399999999849433,0.7958593979785955,1.222656421384549,0.0008696778403967535,0.003201991416375034,0.0032016391368670013,6.67323369314556e-08,3.781697730385806e-06,-7.478983459919567e-06
0.05,11600,11.6,0.006399999999895451,0.8023084944672021,1.2299131555518166,0.0008796193082210421,0.0032020450396261896,0.0032016848421858265,4.814358692690371e-08,3.868650636976324e-06,-7.646676140468522e-06
0.05,11700,11.700000000000001,0.00639999999995242,0.8087854437193532,1.2371791446557563,0.0008895035532007782,0.0032020995207092252,0.0032017309149498002,2.59332172254241e-08,3.956082855784049e-06,-7.812451779614537e-06
0.05,11800,11.8,0.006399999999998388,0.8152895852922176,1.244454228661328,0.0008987670594086312,0.0032021548125734673,0.003201777457044753,8.865435762082352e-09,4.03891113539019e-06,-7.980046190984919e-06
0.05,11900,11.9,0.006400000000015657,0.8218202769495986,1.2517382510757278,0.0009070965843857786,0.0032022108917921593,0.0032018246236848657,3.921966036105715e-09,4.11412106702173e-06,-8.153558494424284e-06
0.05,12000,12.0,0.006399999999997641,0.828376894204076,1.259031058891983,0.0009146678884369403,0.003202267762998296,0.0032018726101846738,1.3571740603866696e-08,4.183086730688456e-06,-8.337031656620405e-06
0.05,12100,12.1,0.006399999999951388,0.8349588298673009,1.2663325025341166,0.0009221890379087902,0.0032023254601424842,0.0032019216343592877,3.476641437985337e-08,4.252163108195701e-06,-8.534024072959732e-06
0.05,12200,12.200000000000001,0.006399999999894881,0.8415654936037321,1.2736424358002196,0.0009307203725823427,0.003202384044407872,0.0032019719162580105,6.005494099097665e-08,4.331202059699075e-06,-8.747217771691442e-06
0.05,12300,12.3,0.006399999999850074,0.8481963114837171,1.2809607158002136,0.0009413243474470366,0.0032024435989926746,0.0032020236572448597,8.039247938780386e-08,4.430457635482948e-06,-8.978106502331112e-06
0.05,12400,12.4,0.006399999999834386,0.8548507255328928,1.2882872028857943,0.0009546720166410656,0.003202504221325101,0.0032020770205479624,8.856458681148066e-08,4.556993296787596e-06,-9.226799922277215e-06
0.05,12500,12.5,0.0063999999998539695,0.8615281932763236,1.2956217605711111,0.0009707656688303765,0.0032025660135691775,0.003202132115293086,8.19099869799751e-08,4.71192991889844e-06,-9.49196891417137e-06
0.05,12600,12.6,0.006399999999901351,0.8682281872774358,1.3029642554439036,0.0009888972090516303,0.0032026290724799563,0.0032021889857217134,6.329606165710954e-08,4.889588450350518e-06,-9.77094281232576e-06
0.05,12700,12.700000000000001,0.006399999999958291,0.874950194673503,1.3103145570680745,0.001007858221778788,0.0032026934797503006,0.003202247606799006,3.9975849662586025e-08,5.0788909760355035e-06,-1.0059953416714636e-05
0.05,12800,12.8,0.006400000000002849,0.8816937167109379,1.3176725378798255,0.0010263090330754213,0.003202759293948427,0.003202307886789121,2.0772887912307275e-08,5.26655115686103e-06,-1.035450477947356e-05
0.05,12900,12.9,0.006400000000017881,0.8884582682849077,1.3250380730804288,0.0010431612826241263,0.003202826544979264,0.003202369676675965,1.2684622604509363e-08,5.44092730783006e-06,-1.0649833567783355e-05
0.05,13000,13.0,0.006399999999997669,0.895243377488512,1.3324110405293714,0.0010578449084661867,0.0032028952317307994,0.0032024327856068073,1.821732543972933e-08,5.595179251839174e-06,-1.0941413917216507e-05
0.05,13100,13.1,0.006399999999950129,0.9020485851770009,1.3397913206418208,0.0010703878178191595,0.003202965323217766,0.003202497000905974,3.4479792298592324e-08,5.728650402678313e-06,-1.1225454368586923e-05
0.05,13200,13.200000000000001,0.006399999999893741,0.9088734445521418,1.3471787962942372,0.0010813028459649068,0.0032030367631473676,0.003202562110711615,5.438036952237856e-08,5.8460792234590355e-06,-1.1499333558223178e-05
0.05,13300,13.3,0.006399999999850417,0.9157175207709066,1.3545733527413422,0.0010913354286213697,0.0032031094774476235,0.003202627926983697,6.945641388602915e-08,5.955065088820945e-06,-1.1761926083609995e-05
0.05,13400,13.4,0.006399999999837009,0.9225803905812829,1.361974877546748,0.0011011681615988984,0.0032031833839609534,0.0032026943065504845,7.323279619485986e-08,6.062856600595489e-06,-1.2013780071219627e-05
0.05,13500,13.5,0.006399999999858804,0.9294616419862435,1.3693832605283243,0.0011111930352530265,0.003203258403252029,0.003202761168016608,6.380130675225805e-08,6.17374980797417e-06,-1.225712252456015e-05
0.05,13600,13.6,0.006399999999907468,0.9363608739350537,1.3767983937180355,0.0011214364802408048,0.003203334469338433,0.003202828502736398,4.461505237524256e-08,6.288098896074425e-06,-1.24956861158126e-05
0.05,13700,13.700000000000001,0.006399999999964266,0.9432776960392151,1.3842201713346423,0.0011316596616973052,0.003203411539142546,0.003202896378627089,2.3184166513212423e-08,6.403267949564296e-06,-1.2734369921445118e-05
0.05,13800,13.8,0.00640000000000734,0.9502117283087224,1.3916484897664216,0.0011415827079442919,0.0032034895995856857,0.0032029649363025828,8.173441262683355e-09,6.516055395387111e-06,-1.2978764717578029e-05
0.05,13900,13.9,0.006400000000020117,0.9571626009030948,1.3990832475601267,0.0011511312735074833,0.003203568671489263,0.0032030343777797996,6.023592852815691e-09,6.625516044234802e-06,-1.3234588886033282e-05
0.05,14000,14.0,0.0063999999999977564,0.9641299538909541,1.4065243454118195,0.0011605971063842339,0.003203648809787265,0.00320310494876921,1.8405227906900718e-08,6.734928216737285e-06,-1.3507092003362415e-05
0.05,14100,14.1,0.0063999999999490055,0.971113437011858,1.4139716861551006,0.0011706388726475708,0.0032037300999535803,0.0032031769162305136,4.1495390872130084e-08,6.851976850767878e-06,-1.3800488476728738e-05
0.05,14200,14.200000000000001,0.0063999999998928326,0.9781127094346758,1.4214251747425488,0.001182110311559659,0.0032038126509638587,0.003203250543384754,6.736400827573482e-08,6.986923943478374e-06,-1.4117482407534636e-05
0.05,14300,14.3,0.006399999999851066,0.9851274395079701,1.4288847182170128,0.0011957711901273936,0.0032038965854992983,0.003203326064670247,8.694311532440889e-08,7.1493436956934185e-06,-1.4458937129497485e-05
0.05,14400,14.4,0.0063999999998399695,0.992157304499474,1.4363502256704859,0.0012119898626810907,0.003203982028416532,0.003203403663178471,9.344031105673677e-08,7.344597136208647e-06,-1.482372920229859e-05
0.05,14500,14.5,0.006399999999863939,0.9992019903237179,1.4438216081897295,0.001230558791927672,0.0032040690947176707,0.0032034834528981313,8.488586208490862e-08,7.571374701952459e-06,-1.5208808315900549e-05
0.05,14600,14.6,0.006399999999913804,1.0062611912589292,1.4512987787892848,0.001250702243314169,0.0032041578783335214,0.003203565467648138,6.48368050322144e-08,7.821280507155476e-06,-1.5609463380042988e-05
0.05,14700,14.700000000000001,0.006399999999970381,1.0133346096562998,1.4587816523340085,0.0012712749552997744,0.0032042484429698273,0.003203649657934514,4.097220876831134e-08,8.08070005986222e-06,-1.601977320259084e-05
0.05,14800,14.8,0.006400000000011889,1.020421955646358,1.4662701454545204,0.0012910740478123497,0.0032043408160658824,0.0032037358961844705,2.2126679104270494e-08,8.334360984672826e-06,-1.643319990224101e-05
0.05,14900,14.9,0.006400000000022378,1.0275229468483738,1.4737641764598826,0.0013091508838092626,0.0032044349865962118,0.0032038239899700675,1.4910029480873212e-08,8.569380182892867e-06,-1.6843266756274592e-05
0.05,15000,15.0,0.006399999999997901,1.0346373080892532,1.4812636652523443,0.0013250226147229456,0.003204530907041687,0.003203913702018278,2.121770442016439e-08,8.778424647636158e-06,-1.724425141411997e-05
0.05,15100,15.1,0.006399999999948031,1.0417647711382627,1.4887685332489649,0.001338727626691329,0.003204628499408872,0.0032040047750969657,3.758877702489736e-08,8.960958292332994e-06,-1.7631821627165126e-05
0.05,15200,15.200000000000001,0.006399999999892168,1.0489050744630775,1.496278703314417,0.0013507234558426389,0.0032047276647332295,0.003204096959341022,5.665101382514131e-08,9.122269270817407e-06,-1.800354446672639e-05
0.05,15300,15.3,0.006399999999852028,1.0560579630112352,1.5037940997083201,0.0013616749471427562,0.003204828295111298,0.0032041900392958175,7.00833859608683e-08,9.270793308381139e-06,-1.8359211249429043e-05
0.05,15400,15.4,0.006399999999843258,1.0632231880191638,1.5113146480490653,0.001372213852171421,0.0032049302870124172,0.0032042838579395727,7.193870479255992e-08,9.414854280455656e-06,-1.8700938093980138e-05
0.05,15500,15.5,0.006399999999869358,1.0704005068487672,1.5188402752945493,0.0013827584391723005,0.0032050335544555964,0.0032043783352079663,6.103021413636242e-08,9.560104505511082e-06,-1.9033024513852952e-05
0.05,15600,15.6,0.00639999999992034,1.0775896828493177,1.526370909738551,0.0013934567118334454,0.003205138040622124,0.0032044734790613663,4.1449667712749387e-08,9.708608038768389e-06,-1.936157746963097e-05
0.05,15700,15.700000000000001,0.0063999999999766,1.0847904852403287,1.5339064810199152,0.0014042655711620539,0.003205243726613436,0.003204569387858777,2.1009823688438125e-08,9.859808971755449e-06,-1.969393329105708e-05
0.05,15800,15.8,0.006400000000016484,1.0920026890094339,1.5414469201404446,0.0014151213138165581,0.0032053506363447664,0.0032046662436626,8.210534043219195e-09,1.0012841664089508e-05,-2.0037932189015403e-05
0.05,15900,15.9,0.00640000000002468,1.0992260748181792,1.548992159486441,0.0014261192695111326,0.003205458836959962,0.0032047642970095863,8.902475822134237e-09,1.0169080854354831e-05,-2.0401117275045496e-05
0.05,16000,16.0,0.0063999999999981225,1.106460428908273,1.5565421328484976,0.001437617309609651,0.003205568434621492,0.003204863844553791,2.3943302774979595e-08,1.0333717644446455e-05,-2.078994012438211e-05
0.05,16100,16.1,0.006399999999947216,1.1137055430011797,1.5640967754342863,0.001450208838869075,0.003205679566022814,0.0032049652017287493,4.8760497738464186e-08,1.0515528381669956e-05,-2.1209056683756464e-05
0.05,16200,16.2,0.006399999999891756,1.1209612141850445,1.5716560238697743,0.0014645634394703018,0.003205792386435778,0.0032050686731108645,7.500031333102346e-08,1.0724730341165404e-05,-2.1660790309382383e-05
0.05,16300,16.3,0.00639999999985332,1.1282272447846435,1.579219816185538,0.0014811892137406193,0.0032059070554935013,0.0032051745234381156,9.363689802489707e-08,1.0969607434507771e-05,-2.21448234108299e-05
0.05,16400,16.4,0.006399999999846892,1.1355034422122514,1.5867880917863846,0.0015002087228086966,0.0032060237221762443,0.003205282952215443,9.835134412280692e-08,1.1253131059956506e-05,-2.265815694887375e-05
0.05,16500,16.5,0.006399999999875082,1.142789618799727,1.594360791404258,0.001521241571657683,0.0032061425105840034,0.0032053940745197193,8.78852085455362e-08,1.1570879596697688e-05,-2.3195350033884403e-05
0.05,16600,16.6,0.006399999999927091,1.1500855916145287,1.6019378570362715,0.0015434465898206031,0.0032062635080293868,0.00320550791003039,6.646779187674925e-08,1.1911136878144248e-05,-2.374902280270609e-05
0.05,16700,16.7,0.006399999999982928,1.1573911822645397,1.6095192318712834,0.0015657126633131205,0.00320638675677034,0.0032056243815122144,4.2158595944703536e-08,1.2257280720295323e-05,-2.4310577615865832e-05
0.05,16800,16.8,0.006400000000021116,1.1647062166982576,1.6171048602098546,0.0015869308062080216,0.003206512250343598,0.0032057433230415957,2.3749115407096793e-08,1.259174691846021e-05,-2.4871069397944815e-05
0.05,16900,16.9,0.0064000000000269935,1.1720305250079082,1.6246946873831607,0.0016062555680078027,0.0032066399349919353,0.0032058644972900647,1.7421293284971852e-08,1.2900284748780346e-05,-2.5422138297071804e-05
0.05,17000,17.0,0.0063999999999984096,1.1793639412432726,1.6322886596768373,0.001623275847633411,0.0032067697161484495,0.003205987620255501,2.445000918155465e-08,1.3175122387549847e-05,-2.5956908802271837e-05
0.05,17100,17.1,0.006399999999946552,1.1867063032434422,1.6398867242652844,0.001638051906527678,0.003206901469404252,0.0032061123910575263,4.082946131531321e-08,1.3416070242394802e-05,-2.647076021893672e-05
0.05,17200,17.2,0.0063999999998915974,1.1940574524923482,1.6474888291611214,0.0016510208362231489,0.003207035054898927,0.0032062385238687684,5.8956271586201955e-08,1.362934900821493e-05,-2.696188415589901e-05
0.05,17300,17.3,0.006399999999854932,1.2014172340019278,1.6550949231830216,0.0016628137039264646,0.0032071703336884745,0.0032063657787966353,7.070487196229386e-08,1.3824747069828241e-05,-2.7431564571968035e-05
0.05,17400,17.400000000000002,0.0063999999998508635,1.208785496224336,1.6627049559433627,0.0016740536525390376,0.0032073071844059328,0.003206493988591017,7.069182847899498e-08,1.4012278157896465e-05,-2.7884143132462604e-05
0.05,17500,17.5,0.006399999999881084,1.2161620909919968,1.6703188778551885,0.0016852070331108183,0.0032074455184638393,0.0032066230784306,5.8453752268924724e-08,1.4199613722230834e-05,-2.8326664487855097e-05
0.05,17600,17.6,0.006399999999934035,1.2235468734817074,1.677936640155985,0.0016965361393818665,0.003207585292165336,0.0032067530767002,3.8686104602717067e-08,1.4391174361143642e-05,-2.876822939724696e-05
0.05,17700,17.7,0.006399999999989361,1.2309397021967856,1.6855581949440739,0.001708159312499853,0.003207726514382991,0.003206884115551028,1.944380137007936e-08,1.458904118439985e-05,-2.921911493042868e-05
0.05,17800,17.8,0.006400000000025782,1.2383404389595987,1.6931834952220652,0.001720179050779492,0.0032078692489036966,0.003207016421049034,8.997201205460321e-09,1.4795079833703172e-05,-2.9689746961856883e-05
0.05,17900,17.900000000000002,0.006400000000029339,1.2457489489059224,1.7008124949410504,0.0017328105136871468,0.003208013611080508,0.003207150293762563,1.2561759994236488e-08,1.5013161381723572e-05,-3.018962795544981e-05
0.05,18000,18.0,0.006399999999998783,1.253165100472526,1.7084451490390546,0.001746443070552648,0.0032081597590227443,0.0032072860816143964,3.017291819507425e-08,1.5250316993406811e-05,-3.072633054995856e-05
0.05,18100,18.1,0.006399999999946067,1.260588765370224,1.7160814134678108,0.0017615957099582638,0.003208307880132805,0.003207424147625684,5.653859138762847e-08,1.55160972267168e-05,-3.1304663630525374e-05
0.05,18200,18.2,0.006399999999891709,1.2680198185362839,1.7237212452030497,0.001778772212225692,0.0032084581743014743,0.0032075648357271225,8.293945870630231e-08,1.5820152914931413e-05,-3.1926102510524956e-05
0.05,18300,18.3,0.006399999999856875,1.275458138062362,1.731364602235144,0.0017982669189555178,0.003208610835448679,0.003207708438048223,1.0045662491827743e-07,1.6168819559048856e-05,-3.25885498239947e-05
0.05,18400,18.400000000000002,0.006399999999855164,1.282903605096833,1.739011443539022,0.001819998231744468,0.003208766033302851,0.0032078551669905597,1.0329283600937337e-07,1.6561967817764955e-05,-3.328646109202171e-05
0.05,18500,18.5,0.006399999999887379,1.2903561037232911,1.7466617290243456,0.0018434415458697501,0.003208923897324379,0.003208005134952749,9.09158261766368e-08,1.699138366519327e-05,-3.401133188111957e-05
0.05,18600,18.6,0.006399999999941183,1.297815520819659,1.7543154194691086,0.0018676965566986343,0.0032090845044926023,0.0032081583438426085,6.820523142137932e-08,1.7441452139519677e-05,-3.4752505764968624e-05
0.05,18700,18.7,0.006399999999995904,1.3052817459046644,1.761972476441594,0.0018916721216480302,0.003209247872307184,0.003208314685556186,4.35528982235398e-08,1.7892117079101802e-05,-3.549822784479155e-05
0.05,18800,18.8,0.006400000000030503,1.312754670980079,1.7696328622169537,0.001914328929409158,0.0032094139578382687,0.0032084739535164623,2.5653476765149714e-08,1.8323276249864063e-05,-3.623684105085654e-05
0.05,18900,18.900000000000002,0.006400000000031731,1.320234190377862,1.777296539695362,0.0019349032898283971,0.0032095826630467866,0.0032086358642546193,2.0223908446228455e-08,1.8719253704943774e-05,-3.695800488306438e-05
0.05,19000,19.0,0.0063999999999992535,1.3277202006212387,1.7849634723287426,0.0019530470852675878,0.003209753845948351,0.0032088000869944463,2.791320666398783e-08,1.9071964586361103e-05,-3.765381073656882e-05
0.05,19100,19.1,0.006399999999945767,1.3352126003076208,1.7926336240622858,0.0019688504729430604,0.0032099273365781738,0.0032089662783701596,4.4199455019185747e-08,1.9381860924040567e-05,-3.83196753816273e-05
0.05,19200,19.2,0.006399999999892098,1.3427112900193614,1.8003069592956176,0.0019827526128722486,0.0032101029561952318,0.0032091341188555072,6.129930686017252e-08,1.9656539619258646e-05,-3.895491408476049e-05
0.05,19300,19.3,0.006399999999859151,1.350216172265775,1.8079834428665889,0.0019953799154005737,0.0032102805377972926,0.003209303347266795,7.133528080253596e-08,1.9907705033920003e-05,-3.9562925519658205e-05
0.05,19400,19.400000000000002,0.006399999999859809,1.3577271514568607,1.8156630400583917,0.002007371592821902,0.0032104599458454824,0.0032094737898508315,6.951971402424118e-08,2.0147703558341695e-05,-4.015095910887118e-05
0.05,19500,19.5,0.006399999999893952,1.3652441339061072,1.8233457166283584,0.0020192520497853013,0.003210641093139577,0.0032096453809701436,5.610954323678808e-08,2.0386894202810713e-05,-4.072947796181564e-05
0.05,19600,19.6,0.006399999999948523,1.3727670278569142,1.8310314388545799,0.00203138778786641,0.0032108239530422304,0.0032098181732062017,3.6364794178104614e-08,2.0632681723463937e-05,-4.1311172817551696e-05
0.05,19700,19.7,0.006400000000002542,1.3802957435248067,1.8387201735946153,0.002044030246899758,0.003211008565699257,0.0032099923357388157,1.8520283775319635e-08,2.0890298251205432e-05,-4.190971997051237e-05
0.05,19800,19.8,0.0064000000000352586,1.3878301931460786,1.846411888349243,0.0020574096739711008,0.0032111950375001606,0.0032101681410245464,1.0553716519730167e-08,2.1164672832749357e-05,-4.253840503871701e-05
0.05,19900,19.900000000000002,0.00640000000003416,1.3953702910228112,1.854106551323597,0.002071823953867999,0.00321138353370863,0.0032103459409726504,1.7004288898245046e-08,2.1462272479106144e-05,-4.320875141512444e-05
0.05,20000,20.0,0.006399999999999812,1.4029159535546298,1.8618041314782225,0.0020876692312885763,0.0032115742648975007,0.0032105261348856474,3.708138880410618e-08,2.1791814096345175e-05,-4.392929526848483e-05
0.1,0,0.0,0.006400000000000001,0.55,0.5499999999999999,0.0,0.0032,0.003200000000000001,0.0,0.0,0.0
0.1,100,0.1,0.006399999999898652,0.5459669624511125,0.5527850157189548,1.1960076393085982e-05,0.0031999998290591783,0.003199999953387848,2.7919382334393956e-08,7.152171366422626e-10,-2.8417147846066667e-08
0.1,200,0.2,0.006399999999696894,0.5420220003093763,0.5556712588009037,4.6300448906354194e-05,0.0031999986849428268,0.0031999996502209797,9.854435632162861e-08,1.071865784464957e-08,-1.0759848107944567e-07
0.1,300,0.3,0.006399999999472819,0.5381670518609504,0.5586571616944072,9.910421585517395e-05,0.0031999957786246988,0.003199998907290287,1.8160129888592611e-07,4.9108228001344544e-08,-2.2539596905417377e-07
0.1,400,0.4,0.0063999999993131496,0.5344040671335002,0.5617411372414705,0.0001646528434192701,0.0031999905897108494,0.00319999763573052,2.429842720463509e-07,1.3555279423025332e-07,-3.6676319449650057e-07
0.1,500,0.5,0.0063999999992796945,0.5307350046788657,0.5649215817059942,0.00023599776661236416,0.0031999829147622088,0.0031999958467969058,2.581241731750562e-07,2.784747292301194e-07,-5.153611818253711e-07
0.1,600,0.6,0.006399999999385448,0.5271618281090596,0.5681968776841614,0.00030565640261529534,0.0031999728830824172,0.003199993646604894,2.2154781590680863e-07,4.671291822986175e-07,-6.552073000691461e-07
0.1,700,0.7000000000000001,0.00639999999958955,0.5236865024170472,0.5715653969177634,0.000366364969299871,0.003199960938895619,0.0031999912208408705,1.4892649637069983e-07,6.711164536504767e-07,-7.72203096961998e-07
0.1,800,0.8,0.006399999999813088,0.5203109901138173,0.5750255030290097,0.00041181601736936947,0.0031999477922377948,0.0031999888115159833,7.083160871217928e-08,8.479621608098435e-07,-8.553977102119673e-07
0.1,900,0.9,0.00639999999996965,0.5170372472105214,0.5785755541905577,0.0004373123743864216,0.003199934343998338,0.0031999866886387378,2.0634247965474994e-08,9.56210563957448e-07,-8.978774793494896e-07
0.1,1000,1.0,0.006399999999998729,0.5138672190694864,0.5822139057380293,0.0004402822360383301,0.003199921593065861,0.003199985120142127,2.1259954941518687e-08,9.69242236854559e-07,-8.972154010548802e-07
0.1,1100,1.1,0.006399999999889143,0.5108028361415515,0.5859389127251177,0.0004206243690228666,0.003199910535208333,0.003199984343475927,7.595819832207369e-08,8.846242990794231e-07,-8.554612925188971e-07
0.1,1200,1.2,0.006399999999683332,0.5078460096003254,0.5897489324143549,0.0003808933685262903,0.0031999020639964806,0.0031999845419663614,1.666948826545896e-07,7.253987909365216e-07,-7.78699953101171e-07
0.1,1300,1.3,0.0063999999994609905,0.5049986268776052,0.5936423266905473,0.0003264070548391616,0.003199896883707666,0.0031999858283999517,2.608251369930025e-07,5.32707827243877e-07,-6.762456108640019e-07
0.1,1400,1.4000000000000001,0.006399999999308193,0.5022625470991827,0.597617464379423,0.0002654795889882249,0.0031998954427793877,0.003199988237387997,3.2349477454131456e-07,3.5239706084678385e-07,-5.595726945810162e-07
0.1,1500,1.5,0.0063999999992841216,0.499639596417328,0.6016727234515518,0.0002099937190268922,0.003199897894171056,0.0031999917270224597,3.309941167284129e-07,2.204868101537267e-07,-4.4110283627596473e-07
0.1,1600,1.6,0.0063999999993981605,0.49713156323580493,0.6058064930913715,0.00017480832765084128,0.0031999040861759647,0.0031999961892639956,2.799089081874207e-07,1.5278975708041937e-07,-3.329747070683112e-07
0.1,1700,1.7,0.00639999999960627,0.4947401933255375,0.6100171756129692,0.00016872308590979614,0.003199913584096801,0.003200001467529857,1.8852754462386967e-07,1.4233739859462226e-07,-2.4591696360715154e-07
0.1,1800,1.8,0.006399999999828026,0.4924671848338595,0.614303188207983,0.0001818124544304433,0.0031999257200777476,0.0032000073791792296,8.994842607787317e-08,1.652788429301101e-07,-1.8832669796052967e-07
0.1,1900,1.9000000000000001,0.006399999999977715,0.4903141831972531,0.6186629645160459,0.00019631132764596446,0.003199939665589844,0.00320001374010688,1.9532488221806836e-08,1.926906868106061e-07,-1.6562889404062528e-07
0.1,2000,2.0,0.006399999999997525,0.48828277597597114,0.6230949560140806,0.00020175530575533424,0.003199954518870639,0.0032000203885000286,1.526419540915556e-09,2.0352601700214201e-07,-1.7995980968599237e-07
0.1,2100,2.1,0.00639999999987987,0.4863744876381703,0.627597633226851,0.0001967639850890581,0.0031999693982370718,0.0032000272049974416,3.9998919155251574e-08,1.9358032914063541e-07,-2.3018260293919617e-07
0.1,2200,2.2,0.006399999999670358,0.48459077433031295,0.6321694867668766,0.0001881425643766188,0.003199983531749146,0.0032000341269860255,1.1756335390166076e-07,1.7698812265105071e-07,-3.122105413661486e-07
0.1,2300,2.3000000000000003,0.006399999999450129,0.48293301867877114,0.6368090282166684,0.00018960155654102712,0.0031999963342311953,0.003200041155516144,2.0235094608135841e-07,1.797437512139016e-07,-4.195849945046876e-07
0.1,2400,2.4,0.006399999999304474,0.4814025246741322,0.6415147908698208,0.00021349600143523404,0.0032000074640888233,0.0032000483542238473,2.605128832471303e-07,2.2790271314416733e-07,-5.4423460458831e-07
0.1,2500,2.5,0.006399999999289824,0.48000051269404215,0.646285330349623,0.000258934384155427,0.0032000168545336604,0.003200055840609669,2.693991829269364e-07,3.352350764897511e-07,-6.773301129229569e-07
0.1,2600,2.6,0.006399999999411957,0.4787281147222969,0.6511192251244425,0.00031475346935461976,0.0032000247165126366,0.0032000637709283463,2.263100435345987e-07,4.953487323538477e-07,-8.101468049150291e-07
0.1,2700,2.7,0.006399999999623724,0.47758636982115854,0.6560150769383124,0.0003692099847090316,0.003200031513552514,0.003200072320687177,1.494382457600599e-07,6.815800640442165e-07,-9.348529257711997e-07
0.1,2800,2.8000000000000003,0.00639999999984331,0.4765762199107483,0.6609715111731118,0.00041350451969378196,0.0032000379115744043,0.003200081663247539,7.06514072577391e-08,8.549299390359263e-07,-1.0451563249270584e-06
0.1,2900,2.9,0.006399999999985875,0.47569850590415536,0.6659871771558454,0.00044208034615955146,0.003200044709218146,0.0032000919492175726,2.2927342540576414e-08,9.77175162302744e-07,-1.1367609546872034e-06
0.1,3000,3.0,0.006399999999996377,0.47495396424016406,0.6710607484210956,0.0004525996932471193,0.0032000527560961827,0.0032001032891936843,2.732952173057013e-08,1.0242324116369322e-06,-1.2076072268576766e-06
0.1,3100,3.1,0.0063999999998708675,0.47434322384777267,0.6761909229351892,0.0004460254560554711,0.0032000628674892354,0.0032001157419718398,8.458994412044017e-08,9.946935372474547e-07,-1.2578930715754585e-06
0.1,3200,3.2,0.0063999999996580135,0.47386680356861854,0.6813764232852881,0.00042667448153994473,0.0032000757442039265,0.0032001293096602973,1.7458370976201466e-07,9.10255565986903e-07,-1.2898934819595313e-06
0.1,3300,3.3000000000000003,0.006399999999440273,0.4735251100555294,0.686615996833793,0.0004019561869607848,0.0032000919056293766,0.003200143940267409,2.6392309125020923e-07,8.078438811802668e-07,-1.3076134289441758e-06
0.1,3400,3.4,0.006399999999301995,0.4733184361581916,0.6919084158363014,0.0003811531139152602,0.0032001116425408754,0.0032001595374144963,3.187518178423675e-07,7.263884812364967e-07,-1.3163209524549996e-06
0.1,3500,3.5,0.006399999999296801,0.4732469598006325,0.6972524775200294,0.0003723551743681158,0.003200134994069844,0.0032001759759453367,3.178007272871787e-07,6.932418793935497e-07,-1.32201332506073e-06
0.1,3600,3.6,0.006399999999426822,0.47331074335003587,0.7026470041190651,0.00037824348338608783,0.0032001617507185095,0.0032001931214751954,2.606560506533976e-07,7.153406636202086e-07,-1.3308694811564503e-06
0.1,3700,3.7,0.0063999999996418875,0.4735097334723245,0.7080908428630116,0.00039455489578384546,0.0032001914826116453,0.003200210851429646,1.680348360094329e-07,7.78367828935006e-07,-1.3487370643478892e-06
0.1,3800,3.8000000000000003,0.006399999999858934,0.47384376146684937,0.7135828659163633,0.00041329956388673944,0.0032002235896222827,0.0032002290749253235,7.394626604790558e-08,8.540826475448452e-07,-1.380693602264638e-06
0.1,3900,3.9,0.006399999999994127,0.47431254407016604,0.7191219702671727,0.0004272803607842136,0.003200257367842197,0.003200247748964512,1.2750557457910019e-08,9.128425335594387e-07,-1.4307099035986597e-06
0.1,4000,4.0,0.0063999999999953105,0.4749156847170166,0.7247070775649939,0.0004327493013418783,0.0032002920853051136,0.0032002668888402065,6.097379404155952e-09,9.363597890594189e-07,-1.5014313184741176e-06
0.1,4100,4.1,0.006399999999862157,0.475652675244958,0.7303371339095986,0.0004302739790987493,0.0032003270590600015,0.0032002865713293034,5.477143855302909e-08,9.256784854473547e-07,-1.5940804511479276e-06
0.1,4200,4.2,0.006399999999646327,0.4765228980273688,0.7360111095933506,0.00042455668435051477,0.0032003617257034852,0.0032003069301111005,1.3857639349947032e-07,9.012418911335131e-07,-1.7084744528913316e-06
0.1,4300,4.3,0.006399999999431453,0.47752562851763686,0.741727998801311,0.000423087783240604,0.0032003956982986077,0.003200328143787254,2.2428296125066359e-07,8.950163616372419e-07,-1.8431419772967232e-06
0.1,4400,4.4,0.006399999999300799,0.47866003818509245,0.7474868192740725,0.00043306889159304895,0.0032004288041346945,0.003200350417789071,2.785537070593072e-07,9.3774332432816e-07,-1.995519654353635e-06
0.1,4500,4.5,0.006399999999305064,0.4799251978207187,0.7532866119388919,0.00045745021757889916,0.003200461099850822,0.003200373962231481,2.8083923679881083e-07,1.0463035078149109e-06,-2.1622055218531433e-06
0.1,4600,4.6000000000000005,0.006399999999442744,0.4813200811879062,0.7591264405150406,0.0004931847088680228,0.0032004928628322606,0.003200398968317334,2.3125938329054954e-07,1.2161557853061816e-06,-2.339246875447749e-06
0.1,4700,4.7,0.006399999999660738,0.4828435689906915,0.7650053910993044,0.0005332663081963144,0.003200524560244316,0.003200425586142767,1.5043033762867422e-07,1.4218647772866325e-06,-2.5224418412602282e-06
0.1,4800,4.8,0.006399999999874867,0.4844944531291862,0.770922571737421,0.0005701947645352318,0.003200556799337394,0.0032004539066685786,7.132041326914962e-08,1.6256103475169418e-06,-2.7076368918918594e-06
0.1,4900,4.9,0.006400000000002459,0.4862714412094699,0.776877111986926,0.0005984122458630715,0.003200590264510509,0.0032004839502066318,2.6304987595611713e-08,1.7904860799944258e-06,-2.8910057822719716e-06
0.1,5000,5.0,0.006399999999994319,0.4881731612732259,0.7828681624764333,0.0006153921049064674,0.0032006256478738487,0.0032005156630645604,3.4450212047667476e-08,1.8935372139060626e-06,-3.0692983700446545e-06
0.1,5100,5.1000000000000005,0.006399999999853755,0.4901981667109825,0.7888948944658709,0.000621864986733446,0.0032006635805858353,0.003200548923072613,9.396600542755252e-08,1.9335803086249453e-06,-3.2400501187446675e-06
0.1,5200,5.2,0.0063999999996353155,0.4923449413220245,0.794956499411587,0.000621426157893476,0.003200704572014211,0.0032005835536850357,1.8276622517489015e-07,1.930852348571237e-06,-3.4017446376772905e-06
0.1,5300,5.3,0.006399999999423668,0.4946119044838609,0.8010521885396046,0.0006194644433965727,0.003200748962821324,0.003200619345323156,2.66932824302042e-07,1.9186809831631285e-06,-3.5539225282767485e-06
0.1,5400,5.4,0.006399999999300867,0.4969974163945415,0.807181192429551,0.00062135892242707,0.003200796896512863,0.003200656081727931,3.138169407431661e-07,1.9304345523986473e-06,-3.6972304330686526e-06
0.1,5500,5.5,0.006399999999314583,0.49949978335198547,0.8133427606109809,0.0006303673067324091,0.0032008483119896755,0.003200693568424114,3.0470919040877133e-07,1.986814706985355e-06,-3.8334049966005586e-06
0.1,5600,5.6000000000000005,0.006399999999459693,0.5021172630357307,0.8195361611729168,0.0006462814596269938,0.0032009029574195953,0.003200731660049467,2.421713071924546e-07,2.088398625287988e-06,-3.965187941849372e-06
0.1,5700,5.7,0.006399999999680242,0.5048480697580164,0.8257606803864683,0.0006657752273343605,0.0032009604235344108,0.0032007702833187534,1.4918059970061819e-07,2.2162832666605975e-06,-4.0961710392828975e-06
0.1,5800,5.8,0.006399999999891096,0.5076903796528076,0.8320156223394081,0.0006841822489249019,0.0032010201924854674,0.0032008094527811812,6.0401478732122e-08,2.340526748719683e-06,-4.230573603003949e-06
0.1,5900,5.9,0.006400000000010872,0.5106423357731771,0.8383003085806405,0.0006975735971207325,0.003201081696859063,0.003200849277256328,8.94150818530466e-09,2.4330446169997906e-06,-4.37296022970387e-06
0.1,6000,6.0,0.006399999999993424,0.5137020530694155,0.8446140777716529,0.0007042553622848095,0.0032011443825105718,0.003200889955823615,1.369603401943711e-08,2.4798780765345416e-06,-4.527912451316854e-06
0.1,6100,6.1000000000000005,0.006399999999845694,0.5168676232223426,0.8509562853413966,0.0007054051683594002,0.0032012077686105534,0.003200931763388966,7.215976962117335e-08,2.487982257740769e-06,-4.699674181187892e-06
0.1,6200,6.2,0.006399999999625026,0.520137119308609,0.8573263031406899,0.0007048116831657715,0.003201271498722002,0.0032009750270346033,1.6147279845890436e-07,2.4837975436348405e-06,-4.891796473672708e-06
0.1,6300,6.3,0.006399999999416979,0.5235086002774024,0.863723519092205,0.0007076791703935476,0.0032013353777886533,0.003201020095442319,2.472884147774233e-07,2.5040490410444993e-06,-5.106811269815098e-06
0.1,6400,6.4,0.006399999999302234,0.5269801152209244,0.8701473368325049,0.0007186429224051749,0.003201399391488039,0.0032010673045435446,2.970306055972016e-07,2.582238249615252e-06,-5.3459655845625695e-06
0.1,6500,6.5,0.006399999999325381,0.5305497074243478,0.8765971753433751,0.0007397268458854297,0.003201463706316664,0.00320111694308861,2.9241718491724014e-07,2.7359790326180324e-06,-5.6090462974283815e-06
0.1,6600,6.6000000000000005,0.0063999999994776725,0.5342154181846757,0.8830724685708655,0.0007694196847485157,0.003201528650822764,0.003201169221973299,2.3641436205759809e-07,2.9600332563925265e-06,-5.894320936840689e-06
0.1,6700,6.7,0.006399999999700404,0.5379752903918945,0.8895726650319115,0.0008034591373347167,0.003201594680367674,0.00320122425088505,1.5194712076747333e-07,3.2277329268332363e-06,-6.198611599920322e-06
0.1,6800,6.8,0.00639999999990762,0.5418273718699663,0.8960972274100425,0.0008366924752826862,0.0032016623294754795,0.0032012820251509965,7.288167060311244e-08,3.500271490973343e-06,-6.517507880432648e-06
0.1,6900,6.9,0.006400000000019373,0.5457697184792657,0.9026456321433298,0.0008649096206696505,0.003201732157050823,0.0032013424246477903,3.078635555355573e-08,3.740343259634594e-06,-6.845711294427946e-06
0.1,7000,7.0,0.006399999999992651,0.549800396985896,0.9092173690092356,0.0008859982754898635,0.0032018046903859653,0.003201405225370417,4.260900091784509e-08,3.924964720855061e-06,-7.177489485503954e-06
0.1,7100,7.1000000000000005,0.006399999999838005,0.5539174877066029,0.9158119407121909,0.0009002952091741161,0.0032018803738829956,0.003201470122885721,1.040507604028033e-07,4.0526573183093285e-06,-7.50720500942367e-06
0.1,7200,7.2,0.006399999999615482,0.5581190869405407,0.9224288624804476,0.0009102055463238116,0.0032019595277963686,0.0032015367655634235,1.9120795380489085e-07,4.142370682793142e-06,-7.82987238090789e-06
0.1,7300,7.3,0.006399999999411387,0.5624033092007807,0.9290676616788356,0.0009192088648357321,0.0032020423211314695,0.0032016047943313163,2.698491093634384e-07,4.224724685962976e-06,-8.141689846724985e-06
0.1,7400,7.4,0.0063999999993049,0.566768289259024,0.9357278774435577,0.0009304954329464669,0.003202128761250851,0.0032016738848738616,3.087346799777765e-07,4.329108753671165e-06,-8.440490253461109e-06
0.1,7500,7.5,0.006399999999337444,0.5712121840165234,0.9424090603439328,0.0009457010542986792,0.003202218700916537,0.0032017437877851795,2.918173576763317e-07,4.471752420508168e-06,-8.726059142457873e-06
0.1,7600,7.6000000000000005,0.006399999999496657,0.5757331742127918,0.9491107720742964,0.0009643095105743643,0.0032023118616321617,0.003201814362255868,2.2458939160454122e-07,4.649464160920851e-06,-9.000277943896604e-06
0.1,7700,7.7,0.0063999999997211895,0.58032946598147,0.955832585177079,0.0009840213965251392,0.003202407870441324,0.003201885599424395,1.3210459545324793e-07,4.841490544096427e-06,-9.267065284078996e-06
0.1,7800,7.8,0.006399999999924412,0.5849992922600283,0.9625740827957222,0.0010018730231386413,0.003202506305966219,0.003201957632512031,4.942238964555459e-08,5.018747772464803e-06,-9.532108715947163e-06
0.1,7900,7.9,0.006400000000027958,0.5897409140571074,0.9693348584536993,0.001015555630981311,0.0032026067485729265,0.003202030732189954,8.153871034016001e-09,5.156766198089246e-06,-9.802400804045776e-06
0.1,8000,8.0,0.006399999999992005,0.5945526215786392,0.9761145158538301,0.0010244215815455155,0.003202708829212953,0.00320210528716399,2.4300936391127006e-08,5.247197883681077e-06,-1.0085615205009619e-05
0.1,8100,8.1,0.006399999999830713,0.5994327352117627,0.9829126686904528,0.0010298786623074547,0.003202812271740554,0.003202181771546583,9.208401996880437e-08,5.303250295380963e-06,-1.0389377771773243e-05
0.1,8200,8.2,0.006399999999606724,0.6043796063642783,0.9897289404660845,0.0010350586978684945,0.0032029169243052162,0.0032022607020479694,1.8614316914845209e-07,5.3567325401661165e-06,-1.0720502455777445e-05
0.1,8300,8.3,0.006399999999406934,0.6093916181571585,0.9965629643041236,0.0010438045051457889,0.0032030227766744242,0.0032023425891999765,2.712642429830543e-07,5.447639224813227e-06,-1.10842699352632e-05
0.1,8400,8.4,0.006399999999308886,0.6144671859685465,1.0034143827498878,0.0010592544571806294,0.0032031299619122108,0.0032024278875927106,3.158769011719993e-07,5.61010002528515e-06,-1.1483827122493553e-05
0.1,8500,8.5,0.006399999999350766,0.6196047578297035,1.0102828475538657,0.0010825864407230765,0.003203238742551949,0.003202516950364092,3.0411689325944456e-07,5.859967008187296e-06,-1.191977746672167e-05
0.1,8600,8.6,0.006399999999516635,0.6248028146763105,1.017168019433354,0.0011125408125468917,0.0032033494830718567,0.003202609992893252,2.418039089697017e-07,6.188735297912492e-06,-1.2390015655355748e-05
0.1,8700,8.700000000000001,0.006399999999742588,0.6300598704621293,1.0240695678113814,0.0011459593242363687,0.003203462611930283,0.003202707069826787,1.5404135185862266e-07,6.566113864021375e-06,-1.288983723036233e-05
0.1,8800,8.8,0.006399999999941475,0.6353744721458828,1.0309871705347977,0.0011790076742148538,0.003203578577492071,0.003202808068283525,7.538460552182277e-08,6.950295479287594e-06,-1.3412325918929706e-05
0.1,8900,8.9,0.006400000000036638,0.6407451995659013,1.0379205135762755,0.0012084762665990271,0.003203697802766195,0.0032029127184614614,3.6396277669550596e-08,7.302074434665614e-06,-1.3948991903354757e-05
0.1,9000,9.0,0.006399999999991517,0.6461706652201719,1.0448692907274046,0.0012326833425063083,0.0032038206439205974,0.0032030206210717912,5.1799848867162836e-08,7.597541114462624e-06,-1.4490605964202229e-05
0.1,9100,9.1,0.006399999999823851,0.6516495139715314,1.0518332032918738,0.0012517735703758133,0.0032039473570452713,0.0032031312892345683,1.1481878004042883e-07,7.834685357457055e-06,-1.502815059348593e-05
0.1,9200,9.200000000000001,0.006399999999598772,0.65718042269855,1.0588119597885854,0.0012674088568652188,0.0032040780766592223,0.0032032442008781328,1.9988864913500193e-07,8.031626052302005e-06,-1.5553792640021197e-05
0.1,9300,9.3,0.006399999999403634,0.6627620999120297,1.06580527567444,0.0012819848332536754,0.0032042128081144726,0.0032033588564646543,2.7268427065508984e-07,8.21742556346227e-06,-1.6061775009611104e-05
0.1,9400,9.4,0.006399999999314199,0.6683932853549138,1.0728128730953457,0.001297635466522407,0.0032043514344916226,0.0032034748361558425,3.0356830191103877e-07,8.419289019884125e-06,-1.6549128655061197e-05
0.1,9500,9.5,0.006399999999365353,0.6740727495999724,1.0798344806718922,0.0013153929105858666,0.0032044937369805045,0.0032035918504257177,2.792401010922844e-07,8.651292546097789e-06,-1.7016120688059316e-05
0.1,9600,9.6,0.0063999999995375915,0.6797992936551454,1.0868698333232332,0.001334849487722849,0.0032046394262713164,0.0032037097786479477,2.0805770861705744e-07,8.909115774369765e-06,-1.7466378864660088e-05
0.1,9700,9.700000000000001,0.006399999999764575,0.6855717485812922,1.0939186721293983,0.0013544621335975812,0.0032047881813057357,0.00320382869129495,1.1695354853865888e-07,9.172838356748561e-06,-1.7906664741397575e-05
0.1,9800,9.8,0.006399999999958792,0.6913889751218816,1.1009807442287436,0.0013723440819379098,0.0032049396909775507,0.0032039488529823634,4.111893098935084e-08,9.416641396150021e-06,-1.8346304328261146e-05
0.1,9900,9.9,0.0064000000000454,0.6972498633392672,1.108055802744009,0.001387190560216964,0.0032050936941066936,0.003204070705518787,1.0434465239106392e-08,9.621488251775275e-06,-1.879632229709527e-05
0.1,10000,10.0,0.0063999999999912,0.7031533322482535,1.1151436067277776,0.0013989728817032055,0.0032052500132612586,0.003204194832182708,3.7888638726783193e-08,9.785625618704857e-06,-1.9268359710198106e-05
0.1,10100,10.1,0.006399999999817461,0.7090983294349901,1.1222439211163449,0.0014091509235056613,0.0032054085787359857,0.003204321906433103,1.1446499400377733e-07,9.928531626084293e-06,-1.9773481971716144e-05
0.1,10200,10.200000000000001,0.006399999999591688,0.7150838306481787,1.1293565166803154,0.0014203130711654512,0.003205569440127586,0.0032044526299587627,2.1248345584305744e-07,1.008644610061718e-05,-2.0321000051120865e-05
0.1,10300,10.3,0.006399999999401539,0.721108839350251,1.136481169960774,0.0014353315218608035,0.0032057327643497994,0.0032045876662005514,2.9611772449984207e-07,1.0300882888236252e-05,-2.0917431761547772e-05
0.1,10400,10.4,0.006399999999320876,0.7271723862185075,1.1436176631815522,0.0014563160938993137,0.0032058988204489666,0.003204727576102877,3.3504000218386885e-07,1.0604282826750774e-05,-2.1565720059901584e-05
0.1,10500,10.5,0.0063999999993812175,0.7332735285899971,1.1507657841308605,0.0014837889462791663,0.0032060679530477483,0.0032048727627878113,3.1593783458641884e-07,1.1008148185501196e-05,-2.2264802474430096e-05
0.1,10600,10.6,0.006399999999559535,0.7394113498487277,1.1579253260090383,0.0015164525014597502,0.003206240547499739,0.003205023431088274,2.4747183065767555e-07,1.1498140945917668e-05,-2.3009591805053736e-05
0.1,10700,10.700000000000001,0.006399999999787171,0.7455849587591519,1.1650960872431109,0.0015516475375596695,0.0032064169907444814,0.0032051795664881635,1.5677856482181417e-07,1.2038050404074932e-05,-2.3791386414369743e-05
0.1,10800,10.8,0.006399999999976384,0.751793488755162,1.1722778712727544,0.0015862676412787538,0.003206597632311789,0.0032053409361254403,7.888933945005502e-08,1.2581225148840307e-05,-2.4598682949135582e-05
0.1,10900,10.9,0.0064000000000543,0.7580360971984825,1.1794704863158274,0.0016177322598658907,0.0032067827498866094,0.0032055071123023937,4.316952488583399e-08,1.3085288323054011e-05,-2.5418319982643795e-05
0.1,11000,11.0,0.006399999999991105,0.7643119646238276,1.1866737451243516,0.0016446747294696028,0.003206972523315587,0.0032056775166361645,6.202790310588053e-08,1.3524774828779555e-05,-2.6236842692530666e-05
0.1,11100,11.1,0.006399999999811582,0.7706202939900696,1.193887464743487,0.0016671647117799935,0.0032071670199737444,0.0032058514808086785,1.26258820383899e-07,1.389719088102235e-05,-2.70419506722475e-05
0.1,11200,11.200000000000001,0.0063999999995855055,0.7769603099567057,1.201111466286404,0.0016864494801520295,0.003207366193121811,0.0032060283180668473,2.08805901680284e-07,1.4220559245525255e-05,-2.782387675035896e-05
0.1,11300,11.3,0.006399999999400667,0.7833312582030195,1.20834557473692,0.0017043346314510467,0.0032075698934161735,0.003206207398377359,2.754712564876969e-07,1.4523782679816875e-05,-2.8576546329169772e-05
0.1,11400,11.4,0.006399999999328909,0.789732404803703,1.215589618789483,0.0017224325749375595,0.0032077778922486237,0.0032063882195986068,2.9840228638347744e-07,1.4833869876030159e-05,-2.9298384680735247e-05
0.1,11500,11.5,0.006399999999398334,0.7961630356696027,1.2228434307326959,0.00174156131682518,0.003207989914258634,0.003206570467267689,2.6711130162664167e-07,1.5165179101309277e-05,-2.9992672530925403e-05
0.1,11600,11.6,0.006399999999582431,0.8026224560562487,1.2301068463784284,0.0017615291472289764,0.003208205675325749,0.0032067540566061716,1.9273809200306857e-07,1.5514924682686226e-05,-3.0667395124179364e-05
0.1,11700,11.700000000000001,0.006399999999810324,0.8091099901364519,1.2373797050341475,0.0017813829148471817,0.003208424921729209,0.003206939152036659,1.0388298412936398e-07,1.5866625446547208e-05,-3.1334582386219974e-05
0.1,11800,11.8,0.00639999999999421,0.8156249806272436,1.2446618495117565,0.0017999977624597826,0.003208647466024657,0.003207126161712041,3.5604933801261784e-08,1.619995972430112e-05,-3.2009192400591144e-05
0.1,11900,11.9,0.006400000000063301,0.8221667884563779,1.251953126162534,0.0018167491506774624,0.003208873215548023,0.003207315707072236,1.5831428681478474e-08,1.6502887382436408e-05,-3.2707641368076924e-05
0.1,12000,12.0,0.006399999999991232,0.8287347924500429,1.259253384925088,0.0018319894660837346,0.003209102190274265,0.003207508570005351,5.443758650030253e-08,1.6780927019208835e-05,-3.344612489409296e-05
0.1,12100,12.1,0.006399999999806242,0.8353283890218463,1.266562479371815,0.001847134182990715,0.003209334527942726,0.003207705622538096,1.3922889849368467e-07,1.7059523449863885e-05,-3.4238903022937717e-05
0.1,12200,12.200000000000001,0.0063999999995802475,0.8419469918435797,1.27388026673952,0.0018643019657404868,0.0032095704757813008,0.0032079077458692234,2.4040027496468847e-07,1.7378109097319217e-05,-3.509673144256046e-05
0.1,12300,12.3,0.006399999999401046,0.8485900314808984,1.281206607931436,0.0018856151702989436,0.0032098103696627063,0.0032081157467874592,3.2177213071498263e-07,1.777772285230757e-05,-3.60256120321412e-05
0.1,12400,12.4,0.0063999999993383265,0.8552569549814867,1.2885413674809163,0.0019124140282916332,0.003210054602943064,0.0032083302799451527,3.544871230057764e-07,1.828663707803316e-05,-3.7026007750928975e-05
0.1,12500,12.5,0.006399999999416727,0.8619472254091779,1.2958844134711398,0.0019447029816191948,0.0032103035884101785,0.003208551784032266,3.279006950834187e-07,1.890934843359293e-05,-3.809262215439314e-05
0.1,12600,12.6,0.0063999999996062935,0.8686603213241846,1.3032356174099602,0.0019810677915666703,0.0032105577175747667,0.0032087804386400193,2.534822335337745e-07,1.962314797391423e-05,-3.9214786815940974e-05
0.1,12700,12.700000000000001,0.006399999999834063,0.8753957362164322,1.3105948540639678,0.0020190951104535216,0.0032108173218809897,0.003209016146631651,1.6024233068234538e-07,2.03837253252866e-05,-4.037743633454688e-05
0.1,12800,12.8,0.0064000000000123125,0.8821529779052146,1.3179620012604698,0.002056109462169965,0.003211082640249871,0.0032092585443355367,8.347184682186357e-08,2.1137930602124316e-05,-4.15625870220406e-05
0.1,12900,12.9,0.006400000000072471,0.888931567923343,1.3253369396698975,0.0020899371752018015,0.0032113537967127267,0.003209507039087243,5.115589772018374e-08,2.1839186981452435e-05,-4.27511786066705e-05
0.1,13000,13.0,0.006399999999991649,0.8957310409070803,1.3327195525836901,0.0021194394789694542,0.0032116307908078793,0.003209760870850221,7.33144815511118e-08,2.2460118525071554e-05,-4.392509467307333e-05
0.1,13100,13.1,0.006399999999801507,0.9025509440141068,1.340109725703724,0.0021446715025290226,0.0032119135020175493,0.0032100191921244038,1.3837858532361386e-07,2.2998079268800483e-05,-4.5069152194570706e-05
0.1,13200,13.200000000000001,0.00639999999957599,0.9093908363903324,1.3475073469586878,0.0021666564305500343,0.003212201707964016,0.0032102811583720257,2.1797952663422926e-07,2.3472000440219077e-05,-4.617284672690534e-05
0.1,13300,13.3,0.006399999999402733,0.9162502887027608,1.3549123063604893,0.002186881620922595,0.0032124951145370917,0.0032105460199643547,2.7826752807835557e-07,2.3912256119645184e-05,-4.7231658746436545e-05
0.1,13400,13.4,0.006399999999349171,0.9231288827500425,1.3623244959100271,0.002206708840256463,0.0032127933947614503,0.0032108132063232504,2.9334569445471197e-07,2.4347819528330116e-05,-4.8247766958315095e-05
0.1,13500,13.5,0.006399999999436416,0.9300262111555018,1.3697438095568402,0.0022269198208050736,0.0032130962321871136,0.0032110823935496613,2.555868187136285e-07,2.4795859441472504e-05,-4.9230072560544326e-05
0.1,13600,13.6,0.0063999999996311304,0.9369418771398628,1.3771701432117673,0.002247566969436649,0.003213403364018067,0.0032113535483521104,1.7880963932878742e-07,2.5257786410513212e-05,-5.019350878888881e-05
0.1,13700,13.700000000000001,0.00639999999985839,0.9438754943635,1.3846033948062813,0.002268173825633561,0.0032137146191505346,0.003211626943371812,9.30602763002225e-08,2.5723062516445922e-05,-5.115768545670341e-05
0.1,13800,13.8,0.0064000000000307,0.950826686821545,1.392043464387332,0.00228818270364348,0.003214029946784147,0.003211903141826636,3.300173630365511e-08,2.6178900426265933e-05,-5.2144990742652293e-05
0.1,13900,13.9,0.006400000000081819,0.9577950887703132,1.399490254232686,0.0023074466858792543,0.0032143494322469227,0.003212182952481696,2.4398632989691987e-08,2.6621551040875776e-05,-5.317833432066517e-05
0.1,14000,14.0,0.0063999999999923875,0.964780344660755,1.4069436689694725,0.0023265497916417173,0.0032146732980357835,0.003212467358988726,7.393342407265438e-08,2.7064169664940595e-05,-5.4278760121135114e-05
0.1,14100,14.1,0.006399999999797426,0.9717821090544203,1.4144036156780784,0.0023468082434072815,0.003215001889672736,0.003212757430308385,1.6631344314995343e-07,2.7537544656621854e-05,-5.5463178283467295e-05
0.1,14200,14.200000000000001,0.006399999999572775,0.9788000464997266,1.4218700039648726,0.00236992719805395,0.0032153356476417342,0.0032130542209619904,2.6981756871249477e-07,2.808277462037923e-05,-5.674246122004185e-05
0.1,14300,14.3,0.006399999999405772,0.9858338313509482,1.4293427459903207,0.0023974237985944077,0.003215675068222332,0.0032133586710368575,3.481736465187272e-07,2.8738204350334195e-05,-5.8120117850270794e-05
0.1,14400,14.4,0.006399999999361454,0.9928831475189577,1.4368217564435914,0.0024300337141872886,0.0032160206573051777,0.0032136715160604305,3.742121947136407e-07,2.952531926043435e-05,-5.959170545930147e-05
0.1,14500,14.5,0.006399999999457398,0.9999476881505265,1.4443069524603498,0.0024673432100629712,0.0032163728821201125,0.003213993216029768,3.4005409839666486e-07,3.043891258121924e-05,-6.114506537209894e-05
0.1,14600,14.6,0.006399999999656928,1.0070271552412828,1.4517982534864389,0.00250780463151194,0.0032167321261328814,0.0032143239111021822,2.599260031494104e-07,3.144542034916369e-05,-6.276138393044762e-05
0.1,14700,14.700000000000001,0.006399999999883299,1.0141212591952835,1.4592955810960455,0.0025491328373130665,0.003217098652126926,0.003214663408884354,1.6454052894705502e-07,3.249039111133882e-05,-6.441699276826637e-05
0.1,14800,14.8,0.006400000000049391,1.0212297183507797,1.4667988587779872,0.002588927516014202,0.0032174725776977896,0.003215011205146495,8.923009170402157e-08,3.3512728415877326e-05,-6.608574130247524e-05
0.1,14900,14.9,0.006400000000091393,1.0283522584964473,1.4743080117075245,0.002625295402239257,0.0032178538661230467,0.0032153665364387345,6.042627264342052e-08,3.44608797450929e-05,-6.774170848812358e-05
0.1,15000,15.0,0.006399999999993509,1.0354886124045408,1.481822966523073,0.0026572723185382314,0.0032182423339574924,0.0032157284598329306,8.570300144548431e-08,3.530548087434775e-05,-6.936197767270672e-05
0.1,15100,15.1,0.006399999999794066,1.0426385194068848,1.4893436511272056,0.0026849337182435987,0.003218637674908837,0.0032160959521851515,1.5121043603967096e-07,3.604434535680699e-05,-7.092918309276955e-05
0.1,15200,15.200000000000001,0.006399999999570676,1.049801725036343,1.4968699945292832,0.0027091909246601126,0.0032190394977653033,0.0032164680192071733,2.2745692038668785e-07,3.669857733130358e-05,-7.243355165349066e-05
0.1,15300,15.3,0.006399999999410208,1.0569779807506579,1.504401926743138,0.0027313685156188632,0.0032194473745679898,0.003216843803477664,2.8115996580112497e-07,3.730186984056997e-05,-7.387420844181664e-05
0.1,15400,15.4,0.006399999999375216,1.064167043747963,1.5119393787478839,0.002752724954278813,0.003219860894025014,0.003217222680450546,2.885366310492593e-07,3.788747336954647e-05,-7.525958510093915e-05
0.1,15500,15.5,0.006399999999479696,1.0713686768745034,1.5194822825135559,0.0027740931424054868,0.0032202797144893266,0.0032176043325565667,2.448486572207456e-07,3.847796381370575e-05,-7.6606860037123e-05
0.1,15600,15.6,0.00639999999968371,1.0785826486161516,1.5270305710866674,0.0027957675875980113,0.003220703610751707,0.00321798879355732,1.6647286087413073e-07,3.9081582019318016e-05,-7.794045950550849e-05
0.1,15700,15.700000000000001,0.00639999999990881,1.0858087331570334,1.534584178724474,0.002817662569291925,0.0032211325094522267,0.0032183764582035374,8.466912563155608e-08,3.969611177194388e-05,-7.92897486445298e-05
0.1,15800,15.8,0.006400000000068391,1.093046710481866,1.5421430410615629,0.002839652194957059,0.0032215665090378452,0.003218768055688641,3.344331502985412e-08,4.031812294162222e-05,-8.068613091474738e-05
0.1,15900,15.9,0.006400000000101205,1.100296366494261,1.5497070952887328,0.002861928405574797,0.0032220058817769254,0.0032191645890300834,3.620168051911411e-08,4.09531709931795e-05,-8.215984337950242e-05
0.1,16000,16.0,0.00639999999999505,1.1075574931215986,1.5572762803225795,0.0028852069888572734,0.0032224510572194374,0.0032195672459867796,9.637589855400729e-08,4.1622096842754284e-05,-8.373677595247485e-05
0.1,16100,16.1,0.006399999999791475,1.1148298883785384,1.5648505369447934,0.002910673315415241,0.003222902588467157,0.0032199772900758225,1.9567551450404275e-07,4.236009574535176e-05,-8.543565001136079e-05
0.1,16200,16.2,0.006399999999569732,1.1221133563655667,1.5724298078930492,0.0029396643289194427,0.0032233611044822246,0.0032203959423806974,3.0068478140073134e-07,4.320813183360698e-05,-8.726586390819831e-05
0.1,16300,16.3,0.006399999999416097,1.1294077071857775,1.580014037890116,0.0029731946581422826,0.003223827253215942,0.003220824265922059,3.752997342615934e-07,4.4199432376029025e-05,-8.922625183219413e-05
0.1,16400,16.4,0.006399999999390507,1.1367127567718436,1.5876031736040515,0.0030115100284604265,0.003224301641414593,0.003221263064270791,3.9424414395426023e-07,4.53459632575886e-05,-9.130491369642011e-05
0.1,16500,16.5,0.00639999999950336,1.1440283266247355,1.5951971635395077,0.0030538533171598063,0.0032247847774342954,0.003221712804816489,3.5248263307456025e-07,4.663010041363976e-05,-9.348016579413852e-05
0.1,16600,16.6,0.006399999999711518,1.1513542434754094,1.6027959578673578,0.003098548657265951,0.0032252770232126344,0.0032221735747746654,2.6692853872999963e-07,4.800501890722314e-05,-9.572254572173442e-05
0.1,16700,16.7,0.006399999999934958,1.1586903388893175,1.6103995082065339,0.0031433817465879757,0.0032257785607071945,0.00322264507484136,1.6981284294753293e-07,4.940424402391238e-05,-9.799769248045711e-05
0.1,16800,16.8,0.006400000000087769,1.1660364488402883,1.6180077673772195,0.003186142056099194,0.0032262893766948774,0.003223126651689462,9.629137124804298e-08,5.075750600822001e-05,-0.00010026982567603899
0.1,16900,16.9,0.00640000000011135,1.1733924132843456,1.6256206891479807,0.0032251437994347786,0.003226809267966518,0.0032236173666099093,7.107984902964988e-08,5.200776263516299e-05,-0.00010250547694926976
0.1,17000,17.0,0.006399999999997109,1.1807580757650038,1.6332382280005402,0.0032595663354751388,0.0032273378668353403,0.0032241160939208416,9.926611252553747e-08,5.312386347681414e-05,-0.00010467709034841186
0.1,17100,17.1,0.006399999999789759,1.188133283079211,1.6408603389345537,0.003289527873337868,0.003227874684722319,0.0032246216396719547,1.6481832220715347e-07,5.410496814733379e-05,-0.0001067661110740564
0.1,17200,17.2,0.006399999999570048,1.1955178850277333,1.648486977331136,0.003315897042833198,0.003228419169615429,0.0032251328689829415,2.3731967484202348e-07,5.497586599334973e-05,-0.00010876522469651382
0.1,17300,17.3,0.0063999999994235075,1.2029117342657931,1.656118098888122,0.003339928609763289,0.0032289707716366073,0.0032256488293108928,2.8427109343456595e-07,5.577561559157668e-05,-0.00011067948820900414
0.1,17400,17.400000000000002,0.00639999999940736,1.2103146862600367,1.663753659633005,0.003362861490258991,0.0032295290099669037,0.003226168857167964,2.8414811159019254e-07,5.654418701333461e-05,-0.00011252620285243293
0.1,17500,17.5,0.0063999999995283975,1.2177265993473747,1.671393616011529,0.0033856226444917365,0.0032300935340938987,0.003226692657304888,2.3511064555620948e-07,5.7312203454476095e-05,-0.00011433350597042104
0.1,17600,17.6,0.006399999999740345,1.2251473348809574,1.679037925042149,0.003408733427129905,0.0032306641728013412,0.003227220346004923,1.5595545659579128e-07,5.8097317886163935e-05,-0.00011613779240867838
0.1,17700,17.7,0.006399999999961759,1.2325767574396393,1.6866865445195873,0.003432429647506599,0.003231240965483326,0.003227752453644751,7.891577533230506e-08,5.8907866425411374e-05,-0.00011798020136706146
0.1,17800,17.8,0.006400000000107538,1.2400147350706618,1.6943394332453958,0.0034569167712273064,0.003231824172122448,0.003228289885726266,3.708324153927369e-08,5.975136781596313e-05,-0.00011990250879867731
0.1,17900,17.900000000000002,0.006400000000121853,1.2474611395316524,1.7019965512602822,0.0034826255923443485,0.0032324142604453483,0.0032288338457605774,5.132577744093228e-08,6.064340508225913e-05,-0.00012194283694377194
0.1,18000,18.0,0.006399999999999721,1.2549158464978432,1.709657860052343,0.0035103343706476605,0.0032330118711361056,0.0032293857272698207,1.217876481705873e-07,6.161223696875153e-05,-0.00012413162302312726
0.1,18100,18.1,0.0063999999997889625,1.2623787357037353,1.7173233227174514,0.0035410795989503896,0.0032336177643017515,0.0032299469853678377,2.2730070402768984e-07,6.269622363051326e-05,-0.00012648827421516827
0.1,18200,18.2,0.006399999999571674,1.2698496909949593,1.7249929040525758,0.0035758673336059423,0.0032342327524021676,0.003230519000558982,3.3298683239373433e-07,6.393413593775037e-05,-0.0001290188761596202
0.1,18300,18.3,0.0063999999994324925,1.2773286002751953,1.7326665705694557,0.0036152863774928682,0.0032348576263656497,0.0032311029483278577,4.031692248228437e-07,6.535147795642752e-05,-0.00013171522244226634
0.1,18400,18.400000000000002,0.0063999999994258355,1.2848153553438413,1.7403442904240864,0.003659176810814266,0.0032354930824480144,0.0032316996876767764,4.146568329066176e-07,6.694787466400432e-05,-0.00013455530219586565
0.1,18500,18.5,0.006399999999554867,1.292309851631523,1.7480260332661284,0.003706496471737794,0.003236139657461529,0.003232309680030867,3.6531648969036077e-07,6.869058047502359e-05,-0.00013750523490224369
0.1,18600,18.6,0.0063999999997702535,1.2998119878514032,1.755711770020724,0.0037554548343291787,0.0032367976792801946,0.0032329329470316627,2.7465906553045385e-07,7.0517205063432e-05,-0.000140522490670566
0.1,18700,18.7,0.0063999999999892745,1.3073216655934023,1.7634014726224403,0.0038038808200201906,0.003237467238079995,0.0032335690719530515,1.762398198728014e-07,7.23475464645874e-05,-0.0001435600963282323
0.1,18800,18.8,0.00640000000012779,1.3148387888949693,1.771095113726377,0.003849705684412912,0.0032381481817308957,0.00323421724516351,1.0482122531534996e-07,7.410116928300543e-05,-0.00014657141727493654
0.1,18900,18.900000000000002,0.006400000000132816,1.3223632638251763,1.778792666424303,0.0038914083720863737,0.0032388401363194867,0.0032348763496473534,8.325297431493603e-08,7.571529559171962e-05,-0.00014951503440005975
0.1,19000,19.0,0.006400000000003016,1.329894998118326,1.786494103993696,0.003928294023302673,0.0032395425501904056,0.0032355450785237026,1.1411442972095772e-07,7.715746966757751e-05,-0.00015235921280839062
0.1,19100,19.1,0.006399999999789214,1.3374339008889462,1.7941993997047057,0.003960539131552115,0.0032402547574164452,0.0032362220731790964,1.7930634584701438e-07,7.842935106277786e-05,-0.00015508548821495182
0.1,19200,19.2,0.006399999999574731,1.3449798824523673,1.8019085267045405,0.003989013932077592,0.0032409760545028658,0.0032369060684043177,2.476918743399911e-07,7.956116075154565e-05,-0.00015769097595833784
0.1,19300,19.3,0.006399999999443151,1.352532854264823,1.809621457991213,0.004014960757717545,0.0032417057826296027,0.003237596030041078,2.877670564899192e-07,8.059954943005921e-05,-0.00016018912971407927
0.1,19400,19.400000000000002,0.006399999999446003,1.3600927289851485,1.8173381664796038,0.0040396474113627975,0.0032424434070072055,0.003238291271210767,2.80395776642197e-07,8.159375604065077e-05,-0.00016260883058926234
0.1,19500,19.5,0.006399999999582812,1.367659420647896,1.8250586251534207,0.004064113937264738,0.0032431885850610002,0.0032389915351798636,2.2662607298029432e-07,8.258511047534748e-05,-0.00016499185720637982
0.1,19600,19.6,0.0063999999998012825,1.375232844926292,1.8327828072877015,0.004089087520410865,0.003243941216165512,0.0032396970361326266,1.4752016922107683e-07,8.360318374789939e-05,-0.00016738895641397707
0.1,19700,19.7,0.006400000000017533,1.3828129194540892,1.8405106867190217,0.004115068085374539,0.0032447014674360478,0.0032404084532591513,7.603741049356548e-08,8.466892673634039e-05,-0.00016985488482450006
0.1,19800,19.8,0.006400000000148554,1.3903995641690483,1.8482422381353731,0.004142515007597425,0.0032454697724716036,0.003241126878214369,4.410390359763516e-08,8.580215294084945e-05,-0.00017244290738186596
0.1,19900,19.900000000000002,0.0064000000001443,1.3979927016381442,1.855977437355122,0.004172023454950384,0.003246246802690725,0.0032418537206938465,6.98859156640599e-08,8.70288985432807e-05,-0.00017519930769921668
0.1,20000,20.0,0.006400000000007068,1.40559225732606,1.863716261565188,0.004204384795392301,0.003247033413728013,0.003242590581130308,1.502253033917909e-07,8.83842575386298e-05,-0.00017815847769327446
0.2,0,0.0,0.006400000000000001,0.55,0.5499999999999999,0.0,0.0032,0.003200000000000001,0.0,0.0,0.0
0.2,100,0.1,0.006399999999594613,0.5459669625825146,0.5527850158494166,2.392015279254846e-05,0.003199999316236787,0.003199999813551629,1.1167752951787313e-07,2.860868548094319e-09,-1.1366859187016237e-07
0.2,200,0.2,0.00639999999878759,0.5420220023540663,0.555671260816646,9.260089821155433e-05,0.00319999473977513,0.003199998600898526,3.941774358141273e-07,4.287463174793321e-08,-4.303939536274343e-07
0.2,300,0.3,0.006399999997891299,0.5381670618613063,0.5586571714852153,0.00019820843611723625,0.0031999831145383233,0.0031999956293161202,7.264052999118166e-07,1.9643292074020253e-07,-9.015841837967303e-07
0.2,400,0.4,0.006399999997252625,0.5344040974694344,0.5617411667427035,0.00032930571068178746,0.003199962359041917,0.003199990543716556,9.719375724563073e-07,5.422112554381853e-07,-1.4670543337420696e-06
0.2,500,0.5,0.006399999997118821,0.530735075307796,0.5649216499471452,0.00047199562016558063,0.0031999316597119605,0.0031999833898974277,1.0324981269218408e-06,1.1138993272774548e-06,-2.0614499447668615e-06
0.2,600,0.6,0.006399999997541832,0.5271619668912089,0.5681970109430803,0.0006113130515268081,0.0031998915340272546,0.003199974593508249,8.861943377099582e-07,1.868518234835089e-06,-2.6208425662169205e-06
0.2,700,0.7000000000000001,0.006399999998358217,0.5236867445433468,0.5715656280380073,0.0007327305233331775,0.003199843759174378,0.003199964898705433,5.95710959948713e-07,2.68447009912056e-06,-3.0888405806629843e-06
0.2,800,0.8,0.006399999999252374,0.5203113767433521,0.5750258700359675,0.0008236332517295258,0.003199791175522203,0.0031999552748062875,2.8333227539819467e-07,3.391858666772761e-06,-3.4216420182871752e-06
0.2,900,0.9,0.006399999999878612,0.5170378234999724,0.5785760984015219,0.0008746270341094611,0.003199737386693306,0.00319994680254626,8.25405251923303e-08,3.824862243975561e-06,-3.591592130122054e-06
0.2,1000,1.0,0.0063999999999949046,0.51386803183127,0.5822146695976707,0.0008805684191625267,0.0031996863880852733,0.0031999405534283063,8.503542522474438e-08,3.877003704131955e-06,-3.588980648031426e-06
0.2,1100,1.1,0.006399999999556511,0.5108039313955995,0.5859399376087981,0.0008412550882027265,0.003199642162391391,0.003199937475942029,3.0381309482051824e-07,3.538550617134884e-06,-3.4220024888644244e-06
0.2,1200,1.2,0.006399999998733268,0.5078474302848874,0.5897502566281515,0.0007617963219038531,0.0031996082833652085,0.0031999383011358873,6.667372337396351e-07,2.9016681803311936e-06,-3.1149911818986375e-06
0.2,1300,1.3,0.0063999999978439125,0.5050004109581678,0.593643983861835,0.0006528276802314032,0.003199587567562122,0.003199943477353305,1.0432310683975876e-06,2.1309199003815756e-06,-2.7051980402945854e-06
0.2,1400,1.4000000000000001,0.006399999997232756,0.5022647262654091,0.5976194823804453,0.0005309769142405869,0.0031995818082988306,0.003199953140256148,1.293883154465481e-06,1.4096824172822772e-06,-2.238516893970225e-06
0.2,1500,1.5,0.006399999997136506,0.49964219549180794,0.6016751239368866,0.00042000758183737685,0.003199591617221285,0.003199967120023524,1.3238615910977271e-06,8.820318440044038e-07,-1.7646335434050207e-06
0.2,1600,1.6,0.006399999997592694,0.49713460034290186,0.6058092916653811,0.00034963318382622813,0.0031996163876125685,0.0031999849833347135,1.1195157448164093e-06,6.112168161623252e-07,-1.3321059155671285e-06
0.2,1700,1.7,0.006399999998425141,0.4947436807917905,0.6100203825818576,0.00033745110677444677,0.0031996543810771244,0.003200006103903523,7.540029666801113e-07,5.693662473164954e-07,-9.838557695021378e-07
0.2,1800,1.8,0.0063999999993121365,0.49247113072118537,0.6143068098187286,0.0003636166511350719,0.003199702926783154,0.0032000297523319225,3.597163627588961e-07,6.610853449134231e-07,-7.534815106126099e-07
0.2,1900,1.9000000000000001,0.006399999999910873,0.490318593313375,0.6186670045456033,0.00039260521210054397,0.003199758711280913,0.0032000551941860304,7.809454160873207e-08,7.706942628425659e-07,-6.626943605213146e-07
0.2,2000,2.0,0.006399999999990065,0.4882876561681913,0.6230994175495852,0.00040349014950987193,0.0031998181281435167,0.003200081784627127,6.11567518747016e-09,8.140215037574939e-07,-7.200499595248311e-07
0.2,2100,2.1,0.006399999999519419,0.4863798461597258,0.6276025204719434,0.0003935133540861721,0.00319987765114465,0.00320010904867629,1.6004501326929504e-07,7.742637992207456e-07,-9.210091140115069e-07
0.2,2200,2.2,0.006399999998681359,0.4845966240736063,0.6321748067198051,0.00037628939771234085,0.0031999341929049435,0.0032001367381413195,4.703284723344795e-07,7.079685541535813e-07,-1.2492293913921862e-06
0.2,2300,2.3000000000000003,0.00639999999780046,0.48293937909502277,0.6368147920901254,0.0003792398689198662,0.0031999854130319296,0.0032001648591580773,8.094877532517847e-07,7.191143908917865e-07,-1.678876533689569e-06
0.2,2400,2.4,0.006399999997217867,0.48140942324063796,0.6415210151569313,0.0004270633413058349,0.0032000299454816505,0.0032001936678640462,1.0421296329556199e-06,9.119154874365203e-07,-2.1776612482224338e-06
0.2,2500,2.5,0.00639999999715934,0.4800079858430176,0.6462920374809347,0.0005179646361192847,0.0032000675235536982,0.003200223635530478,1.0776603741573644e-06,1.3414368213509148e-06,-2.7102591203442156e-06
0.2,2600,2.6,0.006399999997647921,0.47873620820313767,0.6511264437027162,0.0006296174468595478,0.0032000989916706295,0.0032002553880976278,9.052885172909215e-07,1.9820906469496766e-06,-3.2417612845767013e-06
0.2,2700,2.7,0.006399999998495016,0.47759513852463575,0.6560228415772604,0.0007385395675036931,0.003200126204763087,0.0032002896280663323,5.977912896043903e-07,2.727203463842709e-06,-3.7408290878519525e-06
0.2,2800,2.8000000000000003,0.006399999999373339,0.4765857272335228,0.6609798619995101,0.0008271352671676092,0.003200151827478308,0.0032003270487398327,2.8264110458496675e-07,3.42076375096216e-06,-4.18228170034898e-06
0.2,2900,2.9,0.006399999999943551,0.475708822770471,0.6659961590590963,0.0008842929269890396,0.0032001790553910976,0.0032003682516334305,9.174621218245792e-08,3.9098699036142135e-06,-4.548923196774087e-06
0.2,3000,3.0,0.006399999999985512,0.4749651679216403,0.6710704101489695,0.0009053381685750328,0.003200211287927206,0.003200413677371244,1.0935387897874986e-07,4.09818599739397e-06,-4.832505189311494e-06
0.2,3100,3.1,0.006399999999483435,0.4743553967305919,0.6762013161387814,0.0008921974310311442,0.003200251787079815,0.0032004635586288426,3.3838491602566005e-07,3.980081279692865e-06,-5.03381242094087e-06
0.2,3200,3.2,0.006399999998632016,0.4738800320104903,0.6813876016109339,0.0008535042818756907,0.00320030335681927,0.0032005179008766176,6.983355218130262e-07,3.642347795900692e-06,-5.161942381585911e-06
0.2,3300,3.3000000000000003,0.006399999997761089,0.47353948345467156,0.6866280151463293,0.0008040760311173311,0.0032003680753451675,0.0032005764931829456,1.0556561954711379e-06,3.2326913190869957e-06,-5.232918281581539e-06
0.2,3400,3.4,0.006399999997208062,0.47333404632634024,0.6919213296387831,0.0007624744154829187,0.003200447106356255,0.0032006389475855417,1.2749293999644646e-06,2.906836171330092e-06,-5.267822305029629e-06
0.2,3500,3.5,0.0063999999971873596,0.4732639006957354,0.697266342612206,0.0007448756150707532,0.0032005406069877404,0.003200704761996618,1.2710902031904038e-06,2.7741984096351647e-06,-5.29066040982368e-06
0.2,3600,3.6,0.006399999997707501,0.4733291111859958,0.7026618765130368,0.0007566418936224172,0.003200647739904553,0.0032007733987022683,1.0424955449599777e-06,2.8625347759225868e-06,-5.326171220202521e-06
0.2,3700,3.7,0.006399999998567786,0.47352962718689023,0.7081067789517163,0.0007892521152831496,0.003200766786307073,0.0032008443685906268,6.72021542522767e-07,3.1145945073946317e-06,-5.397772379832297e-06
0.2,3800,3.8000000000000003,0.006399999999435939,0.47386528349782886,0.7135999228707017,0.0008267332782619761,0.0032008953464035157,0.003200917310514417,2.9570553743490134e-07,3.4174395669289705e-06,-5.525802586357914e-06
0.2,3900,3.9,0.00639999999997666,0.4743358013669792,0.7191402066219164,0.0008546964493355829,0.003201030605256019,0.0032009920557337537,5.0980957685525577e-08,3.652530102534264e-06,-5.726172073332854e-06
0.2,4000,4.0,0.006399999999981321,0.4749407899005144,0.7247265539428737,0.000865649656326907,0.0032011696356645035,0.003201068669121848,2.4433165297104146e-08,3.746746637494463e-06,-6.009484607823281e-06
0.2,4100,4.1,0.0063999999994486835,0.475679747823652,0.7303579138273022,0.0008607312089876859,0.003201309706505764,0.0032011474615445804,2.1918618809525056e-07,3.704291070627018e-06,-6.380645860383298e-06
0.2,4200,4.2,0.00639999999858536,0.47655206558199387,0.7360332602922611,0.0008493468090944097,0.0032014485649741655,0.003201228971234938,5.544434051541734e-07,3.6069500105942797e-06,-6.838931039492621e-06
0.2,4300,4.3,0.006399999997725911,0.4775570277767702,0.7417515920491096,0.0008464734101089389,0.0032015846644193532,0.003201313915692623,8.972837466275302e-07,3.58258617010728e-06,-7.378452302800133e-06
0.2,4400,4.4,0.006399999997203399,0.4786938159304249,0.7475119320898795,0.00086650399251448,0.0032017173155629145,0.0032014031192314422,1.1143619038166184e-06,3.7541458452176713e-06,-7.988945339992163e-06
0.2,4500,4.5,0.006399999997220559,0.4799615115792948,0.7533133272035911,0.0009153272021385456,0.0032018467471345196,0.003201497424362695,1.1234909690960773e-06,4.18911943487389e-06,-8.656784680625352e-06
0.2,4600,4.6000000000000005,0.006399999997771369,0.4813590996881894,0.7591548474388236,0.000986843809004376,0.003201974071517538,0.0032015975973792134,9.251626414546752e-07,4.869303516851325e-06,-9.366137283689201e-06
0.2,4700,4.7,0.0063999999986433746,0.48288547237788154,0.7650355855295484,0.0010670444313539463,0.0032021011608323823,0.003201704239517131,6.018505385841916e-07,5.692919092417335e-06,-1.0100171337140895e-05
0.2,4800,4.8,0.0063999999994998795,0.48453943295156354,0.7709546563010943,0.0011409343757733499,0.0032022304479920726,0.003201817714767128,2.854294191546646e-07,6.508656249106618e-06,-1.084224892758266e-05
0.2,4900,4.9,0.006400000000010194,0.48631970020086834,0.7769111960722866,0.0011974031740422224,0.0032023646747078604,0.003201938103775988,1.0539406458007558e-07,7.168871806031941e-06,-1.1577044344265894e-05
0.2,5000,5.0,0.006399999999977565,0.4882249129667925,0.7829043620685225,0.0012314009257409278,0.0032025066134583136,0.003202065190470609,1.379966376714887e-07,7.581741199578069e-06,-1.229154178860736e-05
0.2,5100,5.1000000000000005,0.006399999999415283,0.490253634926252,0.7889333318588851,0.0012443901628920026,0.0032026587925815596,0.0032021984843448523,3.7606369584276433e-07,7.742534387511924e-06,-1.2975875594484267e-05
0.2,5200,5.2,0.0063999999985415446,0.49240435957138623,0.7949973028284515,0.0012435600771836552,0.003202823252737002,0.0032023372771873785,7.312425251946877e-07,7.732208327825092e-06,-1.3623982235855842e-05
0.2,5300,5.3,0.006399999997695042,0.494675515346167,0.8010954916946802,0.0012396842212241063,0.003203001359163403,0.003202480728880097,1.0678617997332836e-06,7.684084841760094e-06,-1.4234036989951913e-05
0.2,5400,5.4,0.006399999997203947,0.4970654709032832,0.8072271340742102,0.001243515175655375,0.003203193687889729,0.003202627973259188,1.2553366781674488e-06,7.73164996042609e-06,-1.4808650583564461e-05
0.2,5500,5.5,0.006399999997258954,0.4995725404434196,0.8133914841034261,0.0012615646094821522,0.003203399996035611,0.0032027782323504235,1.2188469778458023e-06,7.957726319489279e-06,-1.5354804424414737e-05
0.2,5600,5.6000000000000005,0.006399999997839505,0.5021949890986487,0.8195878141129033,0.0012934176124001018,0.003203619277437671,0.0032029309259080136,9.686579983703402e-07,8.364645600333901e-06,-1.588350910488407e-05
0.2,5700,5.7,0.006399999998721755,0.5049310383214383,0.8258154143522624,0.0013324285199239538,0.0032038498959958295,0.0032030857632909734,5.966919747246982e-07,8.87682880353369e-06,-1.6409181343306208e-05
0.2,5800,5.8,0.006399999999565158,0.5077788712405895,0.8320735927583076,0.0013692737172963502,0.0032040897812613475,0.0032032428063192894,2.4160959174161896e-07,9.374552564392827e-06,-1.694875017161322e-05
0.2,5900,5.9,0.0064000000000442,0.5107366379452346,0.8383616747557782,0.0013961039490396703,0.0032043366646763638,0.0032034024947067015,3.5833167959968086e-08,9.74553118262081e-06,-1.7520523689445573e-05
0.2,6000,6.0,0.006399999999974343,0.5138024606579694,0.8446790030769097,0.0014095377002904638,0.0032045883311154484,0.003203565629655764,5.4928187611440564e-08,9.93398264270065e-06,-1.8142871627181293e-05
0.2,6100,6.1000000000000005,0.006399999999383386,0.5169744387585913,0.8510249375836793,0.001411932891754651,0.0032048428593136648,0.0032037333157953975,2.888556011765028e-07,9.967772454093258e-06,-1.8832803780945948e-05
0.2,6200,6.2,0.0063999999985007395,0.5202506536210724,0.857398855075354,0.0014108642770654118,0.0032050988264523328,0.0032039068663436247,6.461624775977325e-07,9.952690041496539e-06,-1.9604546814312042e-05
0.2,6300,6.3,0.006399999997668653,0.5236291732288145,0.8638001490641373,0.001416731506999526,0.0032053554563908912,0.0032040876806739903,9.894581167181447e-07,1.0035640814625738e-05,-2.046823832757147e-05
0.2,6400,6.4,0.006399999997209835,0.5271080565371772,0.8702282295034356,0.0014387919994781752,0.0032056126973046837,0.00320427710687511,1.1884449465887062e-06,1.0350612088812028e-05,-2.1428864005359905e-05
0.2,6500,6.5,0.006399999997302602,0.5306853575579987,0.8766825224566356,0.0014810821477400085,0.0032058712221321706,0.0032044763040243616,1.170007805727329e-06,1.0968021641770784e-05,-2.24855583014286e-05
0.2,6600,6.6000000000000005,0.006399999997911911,0.5343591291483445,0.8831624696990705,0.0015405758002972865,0.0032061323534359988,0.003204686119479426,9.460259530913345e-07,1.1866868982308126e-05,-2.363136993891225e-05
0.2,6700,6.7,0.006399999998802907,0.5381274264947549,0.8896675282518837,0.0016087531799838385,0.003206397922174675,0.003204906995410621,6.082077551852383e-07,1.2940433970540564e-05,-2.4853560508114746e-05
0.2,6800,6.8,0.00639999999963177,0.5419883102943527,0.8961971698531109,0.0016753179082598356,0.003206670076640077,0.0032051389161110713,2.9201584269078305e-07,1.4033450468680554e-05,-2.6134459430750053e-05
0.2,6900,6.9,0.006400000000078733,0.5459398496445539,0.9027508803780675,0.0017318584597542828,0.0032069510627424883,0.00320538140356406,1.2371025593545785e-07,1.4996668623112384e-05,-2.745284510686252e-05
0.2,7000,7.0,0.006399999999971779,0.5499801246629424,0.9093281592272152,0.001774155585189309,0.0032072429994233227,0.0032056335637105503,1.710619138190089e-07,1.5738140202292095e-05,-2.878576527820451e-05
0.2,7100,7.1000000000000005,0.006399999999353184,0.5541072288671487,0.915928518704492,0.0018028836012306776,0.0032075476730057885,0.003205894180363592,4.1685528360215755e-07,1.6251946397932486e-05,-3.011065569773142e-05
0.2,7200,7.2,0.006399999998463148,0.558319271350417,0.9225514834119946,0.0018228486731508649,0.003207866371795099,0.003206161848353437,7.65463538189602e-07,1.6613886426039343e-05,-3.140757164961618e-05
0.2,7300,7.3,0.006399999997646917,0.5626143787912186,0.9291965896874083,0.0018410020676620314,0.003208199777525714,0.003206435132861194,1.0799620769959254e-06,1.6946443065679374e-05,-3.266131788266571e-05
0.2,7400,7.4,0.006399999997221166,0.5669906973343473,0.9358633851085154,0.0018637156813142532,0.0032085479238705304,0.003206712738553294,1.2354081475518268e-06,1.736718070388325e-05,-3.386325405409362e-05
0.2,7500,7.5,0.0063999999973515485,0.571446394376278,0.9425514280844638,0.0018942561595229215,0.003208910224893114,0.0032069936704811402,1.1676378173863765e-06,1.7941031989452645e-05,-3.501256782954497e-05
0.2,7600,7.6000000000000005,0.006399999997988588,0.5759796602795596,0.9492602875465306,0.0019315931049133136,0.0032092855688408166,0.003207277368995729,8.986473778169605e-07,1.865525961474328e-05,-3.611684684051833e-05
0.2,7700,7.7,0.006399999998886812,0.5805887100303391,0.9559895427425449,0.00197113665499565,0.0032096724658433108,0.003207563803169099,5.286727749653756e-07,1.9426898563337198e-05,-3.7191841463899715e-05
0.2,7800,7.8,0.006399999999699733,0.5852717848408542,0.9627387831296007,0.0020069720515626314,0.0032100692326056,0.0032078535112150023,1.9795962300980471e-07,2.0139684078767595e-05,-3.826038782264662e-05
0.2,7900,7.9,0.006400000000113873,0.5900271536861922,0.9695076083502802,0.002034493834834519,0.003210474193614145,0.003208147581762459,3.294604858402071e-08,2.0695825819898333e-05,-3.9350547131213526e-05
0.2,8000,8.0,0.0063999999999700226,0.5948531147532351,0.97629562826919,0.0020524146013235055,0.0032108858770424444,0.003208447576004739,9.762295713444442e-08,2.106202847862962e-05,-4.0493104512924804e-05
0.2,8100,8.1,0.006399999999324861,0.59974799677083,0.9831024630402176,0.0020635509822591,0.0032113031845420236,0.0032087553970744378,3.6885243778768423e-07,2.1291213281912486e-05,-4.171864801130084e-05
0.2,8200,8.2,0.00639999999842899,0.6047101601850065,0.9899277431712661,0.0020741595661032653,0.003211725517287475,0.00320907311881054,7.451802295462906e-07,2.1510689528288432e-05,-4.305450742685958e-05
0.2,8300,8.3,0.006399999997630027,0.6097379981423039,0.996771109552841,0.00209191205307178,0.0032121528456404377,0.0032094027907603943,1.0857461065518168e-06,2.1880480188934944e-05,-4.452186506629134e-05
0.2,8400,8.4,0.006399999997238108,0.6148299372483028,1.0036322134199436,0.0021230693137658844,0.003212585716056122,0.0032097462392823065,1.2642765508402545e-06,2.2537116555271725e-05,-4.613335120643244e-05
0.2,8500,8.5,0.0063999999974059165,0.6199844380770498,1.0105107162231086,0.002169976529651955,0.0032130251957029525,0.003210104885629439,1.2173293648340394e-06,2.3543990696201715e-05,-4.7891403987510206e-05
0.2,8600,8.6,0.006399999998069617,0.6251999954195493,1.0174062893935454,0.002230114189061436,0.0032134727619689317,0.003210479600746184,9.681970019048742e-07,2.4867046481265737e-05,-4.9787608128668485e-05
0.2,8700,8.700000000000001,0.0063999999989735636,0.630475138274664,1.0243186139983844,0.0022971753560856495,0.00321393014987369,0.003210870613253793,6.172972975549428e-07,2.6385073083036153e-05,-5.180313453451084e-05
0.2,8800,8.8,0.006399999999769176,0.6358084296020576,1.0312473802938913,0.002363505601899826,0.0032143991747704704,0.0032112774820179345,3.0284137976578703e-07,2.79307936510593e-05,-5.391029205005423e-05
0.2,8900,8.9,0.006400000000149797,0.6411984658725314,1.0381922871959952,0.0024226985379959816,0.0032148815501445768,0.0032116991382495122,1.4705509289422788e-07,2.9347341030039334e-05,-5.6075084367225684e-05
0.2,9000,9.0,0.006399999999969318,0.646643876464472,1.0451530416973145,0.002471397841299691,0.0032153787205438803,0.0032121339949209844,2.087999395969508e-07,3.053903644990387e-05,-5.8260551885047544e-05
0.2,9100,9.1,0.006399999999298718,0.652143322964602,1.0521293582669946,0.002509892449813858,0.0032158917277056295,0.003212580114115409,4.6093975694365083e-07,3.149780054816306e-05,-6.0430582827427314e-05
0.2,9200,9.200000000000001,0.006399999998398569,0.6576954984355664,1.0591209582732297,0.002541498361259139,0.003216421124011271,0.003213035416525257,8.011997965500391e-07,3.229606960141445e-05,-6.255381153592309e-05
0.2,9300,9.3,0.00639999999761828,0.663299126711447,1.0661275694678207,0.002570994147532858,0.0032169669419667936,0.00321349791239219,1.0922821334510385e-06,3.305005453324104e-05,-6.460719340739601e-05
0.2,9400,9.4,0.006399999997260882,0.6689529617749476,1.07314892556743,0.0026026349986721046,0.0032175287220940155,0.0032139659303041337,1.2156607315292717e-06,3.3868544681564725e-05,-6.657886055036005e-05
0.2,9500,9.5,0.006399999997465848,0.6746557872572931,1.080184765957707,0.0026384780541448367,0.0032181055951441455,0.0032144383198150256,1.1181708004352973e-06,3.480783221101963e-05,-6.846992050477825e-05
0.2,9600,9.6,0.006399999998155107,0.6804064160850148,1.0872348355349255,0.002677710055777646,0.003218696408628028,0.0032149146059429344,8.332859825381854e-07,3.585065571406364e-05,-7.029495811245733e-05
0.2,9700,9.700000000000001,0.006399999999063246,0.6862036902783377,1.0942988846863477,0.002717255878391928,0.0032192998829406716,0.0032153950780748103,4.6876955653538757e-07,3.691739754327743e-05,-7.208112905204903e-05
0.2,9800,9.8,0.006399999999840207,0.6920464808858966,1.101376669396561,0.002753357739442688,0.0032199147793334506,0.003215880802236343,1.6540410927143487e-07,3.790489420674475e-05,-7.386588004560297e-05
0.2,9900,9.9,0.006400000000186681,0.697933688022025,1.108467951453964,0.0027834207336349,0.003220540060951209,0.003216373553427209,4.271099798801818e-08,3.873715490214324e-05,-7.569348009186773e-05
0.2,10000,10.0,0.00639999999996991,0.703864240957917,1.1155724987209272,0.002807395652285237,0.003221175029177045,0.0032168756729793143,1.526291462844295e-07,3.9407351742350264e-05,-7.761068307508509e-05
0.2,10100,10.1,0.0063999999992750385,0.7098370982082195,1.122690085423916,0.0028282005394896425,0.003221819420467804,0.00321738986380861,4.5907284141310107e-07,3.999359145784753e-05,-7.966194930063618e-05
0.2,10200,10.200000000000001,0.006399999998372179,0.715851247551249,1.1298204924171835,0.0028510003139994274,0.0032224734533755723,0.003217918943169848,8.513068840879006e-07,4.0641013952124164e-05,-8.188471900945379e-05
0.2,10300,10.3,0.006399999997611924,0.7219057059245035,1.1369635073756374,0.002881521211455705,0.0032231378210353847,0.0032184655773741687,1.1860226042460576e-06,4.151582246034578e-05,-8.430524586222206e-05
0.2,10400,10.4,0.006399999997289707,0.7279995191472806,1.1441189248793027,0.0029239659207271735,0.0032238136304543665,0.0032190320253638804,1.3419170212373963e-06,4.2747883527869535e-05,-8.693545907764721e-05
0.2,10500,10.5,0.006399999997531524,0.7341317614380508,1.1512865463627038,0.002979371120878358,0.003224502295814883,0.0032196199177679337,1.265754003001651e-06,4.438326137961982e-05,-8.977123143391305e-05
0.2,10600,10.6,0.006399999998245199,0.7403015347141931,1.1584661799164993,0.0030451474419005225,0.003225205398073824,0.0032202300950599726,9.921849115381507e-07,4.636461471456648e-05,-9.279229451470276e-05
0.2,10700,10.700000000000001,0.006399999999156017,0.7465079676837272,1.1656576399443723,0.0031159934034104136,0.003225924526851629,0.003220862522952816,6.297502141302005e-07,4.854707445048607e-05,-9.596387531304469e-05
0.2,10800,10.8,0.006399999999913033,0.7527502147604692,1.1728607466939278,0.003185717465759616,0.003226661122545416,0.0032215162956833457,3.185492260201181e-07,5.074397885822935e-05,-9.923994639997769e-05
0.2,10900,10.9,0.006400000000224798,0.7590274548532063,1.1800753256945018,0.0032491764875167777,0.0032274163365433165,0.003222189729076091,1.7599972412815462e-07,5.278573923515933e-05,-0.00010256780435389726
0.2,11000,11.0,0.006399999999972129,0.7653388900939333,1.1873012071457776,0.003303646188053724,0.0032281909253534433,0.0032228805360798997,2.516851993422999e-07,5.457039067920952e-05,-0.00010589353733976532
0.2,11100,11.1,0.006399999999254217,0.7716837445782659,1.1945382253077395,0.0033492635597158317,0.003228985190608403,0.003223586068781833,5.08738051526566e-07,5.6087831962201815e-05,-0.00010916783014974824
0.2,11200,11.200000000000001,0.006399999998350232,0.7780612631917393,1.20178621794392,0.0033885103409822047,0.0032297989716934695,0.0032243036036317587,8.389088204238334e-07,5.741001165471668e-05,-0.00011235149745013672
0.2,11300,11.3,0.0063999999976113555,0.7844707105886763,1.2090450258658747,0.003424978658537686,0.003230631691764921,0.003225030641562383,1.1054120442379723e-06,5.865239405719304e-05,-0.00011542014181737982
0.2,11400,11.4,0.006399999997324903,0.7909113703761124,1.2163144926175808,0.0034618747370350313,0.0032314824518614406,0.0032257651924587944,1.1968737839709266e-06,5.992288347460684e-05,-0.00011836740425390925
0.2,11500,11.5,0.006399999997603197,0.7973825445352986,1.2235944643249361,0.0035008234949791177,0.0032323501623628056,0.0032265060143334403,1.0714012971107508e-06,6.127882571498904e-05,-0.00012120640610514917
0.2,11600,11.6,0.006399999998340091,0.8038835530895325,1.2308847897190047,0.0035414421448479835,0.003233233696837498,0.003227252781580649,7.736183538669148e-07,6.270906232652744e-05,-0.0001239691607584505
0.2,11700,11.700000000000001,0.006399999999252055,0.8104137340019232,1.2381853203237858,0.0035818360401412173,0.0032341320508150434,0.003228006163463894,4.1798145749912436e-07,6.41477470922726e-05,-0.0001267039435766539
0.2,11800,11.8,0.0063999999999878555,0.8169724432628075,1.2454959107820538,0.003619772827171262,0.0032350444874855214,0.003228767802865988,1.4476061056516603e-07,6.551377660163716e-05,-0.00012947082757585658
0.2,11900,11.9,0.006400000000264406,0.823559055106507,1.2528164192778766,0.0036540189547066694,0.0032359706538058397,0.003229540195407197,6.567543471574165e-08,6.675927260677812e-05,-0.00013233579699012426
0.2,12000,12.0,0.006399999999976314,0.8301729622830836,1.2601467080036235,0.003685286110326683,0.003236910653794299,0.00323032647927151,2.2021673786896193e-07,6.790666857483388e-05,-0.00013536401840219688
0.2,12100,12.1,0.00639999999923663,0.8368135763043781,1.2674866436136538,0.0037164000026134775,0.003237865070543175,0.0032311301554166453,5.595885215273489e-07,6.905814489712728e-05,-0.00013861296014184502
0.2,12200,12.200000000000001,0.006399999998333117,0.8434803275857128,1.2748360976073587,0.0037515819093488514,0.003238834934151203,0.0032319547653101807,9.645559966328843e-07,7.037183411276786e-05,-0.00014212609123766877
0.2,12300,12.3,0.006399999997616938,0.8501726654151144,1.282194946590624,0.00379505620637044,0.003239821638765045,0.0032328035581531793,1.2903972605579787e-06,7.201225804755397e-05,-0.00014592785460939767
0.2,12400,12.4,0.00639999999736681,0.8568900576998668,1.2895630723768405,0.0038494884245707348,0.003240826817586999,0.003233679181210339,1.421689698325635e-06,7.409280565452039e-05,-0.0001500204967833743
0.2,12500,12.5,0.0063999999976811625,0.8636319904638132,1.2969403619049034,0.00391488638828721,0.003241852189454762,0.003234583425158035,1.3158636838278011e-06,7.663167716598238e-05,-0.000154383157781445
0.2,12600,12.6,0.006399999998440088,0.8703979670957376,1.3043267069707187,0.0039884371825531315,0.003242899393914975,0.003235517051410641,1.0187942678940009e-06,7.95381557958618e-05,-0.00015897339694928334
0.2,12700,12.700000000000001,0.006399999999351709,0.8771875073765779,1.3117220037885886,0.004065341882936314,0.0032439698332190907,0.003236479720627122,6.464985021713847e-07,8.263502312578088e-05,-0.00016373107612245683
0.2,12800,12.8,0.006400000000065088,0.8840001463382413,1.319126152417349,0.004140280407136678,0.003245064539169551,0.0032374700317473215,3.400868835053983e-07,8.57096092485993e-05,-0.00016858426698388882
0.2,12900,12.9,0.006400000000306008,0.8908354330267328,1.3265390561014083,0.004208929727386441,0.0032461840802439175,0.003238485669893798,2.1142482799017798e-07,8.857544725038653e-05,-0.0001734566219100852
0.2,13000,13.0,0.006399999999983033,0.897692929254984,1.3339606205870715,0.004269023097916003,0.0032473285201523256,0.0032395236503747473,3.0051062018044794e-07,9.112279105270176e-05,-0.00017827547221692242
0.2,13100,13.1,0.00639999999922289,0.9045722084346548,1.3413907534786702,0.004320665318846522,0.003248497433374205,0.0032405806359574268,5.610008758535691e-07,9.334074398741558e-05,-0.00018297981497201028
0.2,13200,13.200000000000001,0.006399999998321452,0.9114728545707647,1.348829363696406,0.004365882957106649,0.003249689976879629,0.0032416532966072615,8.793877359545443e-07,9.530466997577151e-05,-0.00018752733287716439
0.2,13300,13.3,0.006399999997629263,0.9183944614885884,1.3562763610886284,0.004407622755767954,0.0032509050108805774,0.0032427386758882644,1.1202849400875134e-06,9.713569178581748e-05,-0.00019189966586548418
0.2,13400,13.4,0.006399999997415939,0.9253366323402684,1.3637316562362987,0.0044485810064055,0.003252141255811615,0.0032438345267986513,1.1801631414251552e-06,9.894936485275888e-05,-0.00019610531318851087
0.2,13500,13.5,0.006399999997765872,0.9322989794111597,1.3711951604681725,0.004490303324327366,0.0032533974684712864,0.003244939582212443,1.028604053814679e-06,0.000100814119722327,-0.00020017977669399965
0.2,13600,13.6,0.0063999999985455665,0.9392811242157955,1.3786667860835742,0.004532890969031633,0.003254672617871402,0.0032460537311496014,7.20984149625183e-07,0.0001027355026856427,-0.00020418283731070508
0.2,13700,13.700000000000001,0.006399999999455311,0.9462826978437875,1.3861464467579272,0.004575400707697423,0.003255966041125997,0.00324717808123827,3.7757788030307867e-07,0.0001046714581799904,-0.00020819315896924894
0.2,13800,13.8,0.0064000000001450865,0.9533033414899089,1.3936340580865885,0.004616733600901009,0.00325727756169361,0.0032483148990516447,1.3709927516458583e-07,0.00010657114570844198,-0.00021230070558377447
0.2,13900,13.9,0.00640000000035,0.9603427070830148,1.4011295382072395,0.004656609972168672,0.003258607556242041,0.003249467432340995,1.0263530392622145e-07,0.00010842008216450363,-0.00021659770570146616
0.2,14000,14.0,0.0063999999999927466,0.9674004579174235,1.408632808431738,0.004696202062496641,0.0032599569618912564,0.0032506396302717866,3.009167313810908e-07,0.00011027156905898852,-0.00022116907796066576
0.2,14100,14.1,0.006399999999213513,0.9744762691892727,1.4161437938160795,0.004738133523672365,0.003261327222008153,0.003251835788354935,6.707596782230103e-07,0.00011224954644073953,-0.00022608331726853707
0.2,14200,14.200000000000001,0.006399999998315764,0.9815698283494341,1.42366242360229,0.004785796238017643,0.0032627201753900907,0.0032530601527624905,1.0852665342034467e-06,0.00011451922815911915,-0.0002313848245301386
0.2,14300,14.3,0.006399999997648828,0.9886808352030818,1.431188631478352,0.0048422055122742304,0.0032641378998836965,0.0032543165233081,1.3993438742024589e-06,0.00011723477111549472,-0.00023708854053266517
0.2,14400,14.4,0.006399999997472763,0.9958090017121535,1.4387223556203839,0.0049088244519129905,0.0032655825265965545,0.0032556078950811734,1.5043154106224114e-06,0.00012048278749849437,-0.00024317752711408097
0.2,14500,14.5,0.0063999999978577695,1.0029540514881197,1.4462635385035683,0.004984836269624234,0.003267056044335941,0.0032569361754512544,1.3686612404807726e-06,0.00012424296317480624,-0.0002496038463447136
0.2,14600,14.6,0.006399999998657001,1.0101157189954955,1.4538121264924289,0.005067176015754562,0.00326856011536855,0.003258302006186937,1.0492631791337577e-06,0.0001283813638731914,-0.00025629274995081166
0.2,14700,14.700000000000001,0.006399999999563404,1.017293748517987,1.4613680692445412,0.005151316241954924,0.003270095922844002,0.0032597047103928084,6.689123059058847e-07,0.00013268029512314306,-0.0002631498411024562
0.2,14800,14.8,0.006400000000228475,1.0244878929657233,1.468931318982097,0.0052324997014456705,0.003271664067280453,0.003261142371786453,3.6884117873283713e-07,0.00013689526562814513,-0.0002700705456453099
0.2,14900,14.9,0.006400000000397106,1.0316979126208372,1.4765018297008314,0.005306971785311502,0.0032732645246141908,0.0032626120406671314,2.546524102870814e-07,0.00014081974765046176,-0.00027695096494496495
0.2,15000,15.0,0.006400000000006254,1.0389235739276341,1.4840795563938924,0.00537281624800212,0.003274896671923924,0.0032641100480482557,3.56515357949985e-07,0.00014433577217397788,-0.00028369900749785325
0.2,15100,15.1,0.0063999999992093454,1.0461646484315965,1.4916644543683362,0.005430173513264371,0.0032765593796991372,0.0032656323981343134,6.18932003021946e-07,0.00014743392192078964,-0.00029024463254791595
0.2,15200,15.200000000000001,0.006399999998316905,1.053420911958581,1.49925647872396,0.0054808364244377395,0.0032782511622023625,0.0032671752008081507,9.238920533693338e-07,0.00015019783955721737,-0.0002965480963041957
0.2,15300,15.3,0.0063999999976764475,1.0606921441028545,1.5068555840486975,0.005527413528289479,0.0032799703708973698,0.0032687351010078874,1.1382919070922306e-06,0.00015276150156358782,-0.00030260526769949057
0.2,15400,15.4,0.006399999997538028,1.0679781280623433,1.5144617243633798,0.005572381766534427,0.003281715410845653,0.003270309661410552,1.1670935738419288e-06,0.0001552571927600267,-0.0003084493610520453
0.2,15500,15.5,0.006399999997957515,1.0752786508246517,1.5220748533233612,0.005617378173974678,0.0032834849570268524,0.003271897658857142,9.914854132291352e-07,0.00015777468774723542,-0.00031414879108694437
0.2,15600,15.6,0.006399999998774978,1.0825935036715566,1.5296949246579477,0.005662979987005074,0.00328527814709141,0.0032734992631244094,6.771329400941308e-07,0.00016034671166609995,-0.0003198012560470362
0.2,15700,15.700000000000001,0.006399999999676542,1.089922482936565,1.537321892803415,0.005709019694921299,0.0032870947291918427,0.003275116078184835,3.4921887527431453e-07,0.00016296452938499646,-0.0003255245559604065
0.2,15800,15.8,0.006400000000315833,1.0972653909232246,1.5449557136644847,0.0057552576642906994,0.0032889351480453687,0.003276751039830158,1.43871539846632e-07,0.0001656149539118842,-0.00033144501301142504
0.2,15900,15.9,0.006400000000447963,1.104622036874103,1.552596345424455,0.005802088064478025,0.003290800558766596,0.0032784081780485117,1.5477407251014915e-07,0.00016832112953979182,-0.00033768463997944687
0.2,16000,16.0,0.006400000000024271,1.11199223787373,1.560243749317737,0.005850942927085967,0.0032926927655809457,0.003280092266339488,3.956713336325317e-07,0.00017116766568008653,-0.0003443483689098812
0.2,16100,16.1,0.006399999999211142,1.1193758195741599,1.5678978902807927,0.005904181662751613,0.003294614090476885,0.003281808391807325,7.933961123300457e-07,0.00017429680553386203,-0.00035151268471926073
0.2,16200,16.2,0.0063999999983256495,1.1267726166488554,1.5755587374086901,0.005964460617434742,0.003296567184345392,0.003283561488207147,1.2142735959748968e-06,0.0001778739522846501,-0.0003592169001075142
0.2,16300,16.3,0.006399999997712895,1.1341824729076981,1.583226264163327,0.006033796612377141,0.0032985547994185353,0.0032853558782991394,1.5138787109821564e-06,0.00018203350779766932,-0.0003674580665134308
0.2,16400,16.4,0.006399999997612492,1.141605241040407,1.5909004483043783,0.006112685933210426,0.0033005795462187674,0.003287194871474431,1.5910960876340114e-06,0.00018682464659034313,-0.00037619016275868445
0.2,16500,16.5,0.006399999998065883,1.1490407819941357,1.5985812715422674,0.006199643468090076,0.003302643660311107,0.003289080457677875,1.4257570561170397e-06,0.00019217789565715977,-0.0003853277726363747
0.2,16600,16.6,0.006399999998900304,1.1564889640294338,1.6062687189414913,0.006291368891221225,0.003304748803671209,0.003291013129614979,1.0854511191938749e-06,0.00019790661262713094,-0.00039475399813220923
0.2,16700,16.7,0.006399999999795612,1.1639496615333067,1.6139627781291477,0.006383496549622986,0.0033068959224370766,0.0032929918529192408,6.98987428233705e-07,0.00020374514099524282,-0.00040433190398418256
0.2,16800,16.8,0.006400000000408143,1.1714227536949464,1.6216634383848294,0.006471664524234149,0.003309085177434986,0.003295014189508943,4.068243214380203e-07,0.00020941220857115413,-0.0004139183994283785
0.2,16900,16.9,0.006400000000503654,1.1789081231661525,1.629370689701867,0.006552541900384082,0.003311315956632443,0.00329707656413784,3.0762958198195907e-07,0.00021467902678144515,-0.0004233791766300557
0.2,17000,17.0,0.006400000000047952,1.1864056548324484,1.6370845219146537,0.006624499824963857,0.0033135869702537566,0.003299174649616653,4.215657178205056e-07,0.0002194199896547309,-0.0004326031751950091
0.2,17100,17.1,0.006399999999220107,1.1939152348120083,1.644804923981773,0.006687756373539785,0.003315896420542092,0.0033013038338135176,6.84366063520943e-07,0.00022363042655911008,-0.00044151504775813335
0.2,17200,17.2,0.0063999999983431945,1.2014367497782699,1.6525318835002345,0.00674400477409953,0.0033182422299948226,0.003303459722640891,9.743105125206709e-07,0.00022740800196538623,-0.00045008426677042694
0.2,17300,17.3,0.0063999999977593,1.208970086670675,1.6602653865036796,0.0067956961904841705,0.0033206223052522086,0.00330563862881233,1.1614546975657908e-06,0.00023090743356680537,-0.00045832982456961023
0.2,17400,17.400000000000002,0.006399999997697195,1.216515132819353,1.6680054175690642,0.006845250174565166,0.0033230348094696904,0.0033078379967843535,1.159850928430236e-06,0.0002342872497619222,-0.00046631990924720084
0.2,17500,17.5,0.00639999999818382,1.2240717764675908,1.6757519602248767,0.006894475361507296,0.0033254784145027323,0.0033100567200416383,9.623571909396956e-07,0.00023766895255215582,-0.0004741664461036453
0.2,17600,17.6,0.00639999999903387,1.231639907634984,1.6835049976226855,0.006944389117040783,0.0033279525058135407,0.0033122953172367202,6.444026337363491e-07,0.00024112270104437235,-0.00048201492769449935
0.2,17700,17.7,0.006399999999921487,1.2392194192284265,1.691264513405913,0.0069954564273013095,0.0033304573175467088,0.0033145559476371648,3.351410595429886e-07,0.000244682053131356,-0.0004900304594532848
0.2,17800,17.8,0.006400000000506305,1.2468102082813397,1.699030492688198,0.007048092204593549,0.0033329939822461306,0.0033168422624336455,1.6710613565958e-07,0.0002483780186222618,-0.0004983813689313922
0.2,17900,17.900000000000002,0.006400000000565144,1.2544121771867156,1.7068029230408115,0.007103162039381609,0.0033355644884444776,0.0033191591050482317,2.2387061996055445e-07,0.0002522745547885596,-0.000507222018336086
0.2,18000,18.0,0.006400000000078332,1.2620252347883196,1.7145817953859137,0.0071622188733626545,0.0033381715489095966,0.0033215120889339062,5.060544463244808e-07,0.0002564868959497611,-0.0005166765881612563
0.2,18100,18.1,0.006399999999237334,1.2696492972071693,1.72236710470039,0.007227324128761631,0.003340818391671753,0.003323907093904262,9.289898736185711e-07,0.00026117107031090037,-0.0005268255465231996
0.2,18200,18.2,0.006399999998370667,1.2772842883059632,1.7301588504528924,0.007300478164200533,0.003343508494118475,0.0033263497305212166,1.3531518143731408e-06,0.000266484907129844,-0.0005376962852132416
0.2,18300,18.3,0.006399999997816822,1.2849301397301358,1.7379570367229455,0.007382859638819461,0.0033462452866084773,0.0033288448256736896,1.6358126271823758e-06,0.0002725330822325471,-0.0005492590093250748
0.2,18400,18.400000000000002,0.006399999997793313,1.2925867905070616,1.7457616719829185,0.007474174706589498,0.0033490318556102204,0.0033313959808649275,1.6841733628655432e-06,0.00027931643772311106,-0.0005614284497678117
0.2,18500,18.5,0.006399999998312528,1.300254186230273,1.7535727685581362,0.007572394854990989,0.0033518706769530846,0.003334005248048966,1.4896320472811067e-06,0.0002867058191994701,-0.0005740713779362744
0.2,18600,18.6,0.0063999999991769365,1.3079322778988505,1.7613903418138461,0.0076740188878488165,0.0033547634072990987,0.0033366729567365387,1.1301045536144693e-06,0.0002944528294553019,-0.0005870192988676167
0.2,18700,18.7,0.006400000000055512,1.3156210205188164,1.7692144091468045,0.007774793441290874,0.003357710756584388,0.003339397711545627,7.396122809366046e-07,0.0003022370652736979,-0.0006000851456291379
0.2,18800,18.8,0.006400000000611781,1.3233203715996633,1.7770449888807183,0.007870659340600017,0.003360712456392826,0.0033421765627374045,4.5694122225979453e-07,0.0003097363922788714,-0.0006130823520195806
0.2,18900,18.900000000000002,0.0064000000006340044,1.3310302896921282,1.7848820991764198,0.007958624654696279,0.0033637673297050434,0.0033450053351101296,3.731955548391869e-07,0.0003166985319716973,-0.0006258443917077054
0.2,19000,19.0,0.0064000000001170785,1.3387507331115152,1.7927257570681276,0.008037310626628357,0.003366873457114,0.0033478790845779217,4.984213626807534e-07,0.0003229918105445657,-0.0006382427734820886
0.2,19100,19.1,0.006399999999264534,1.346481658974279,1.8005759777260861,0.008107040051084322,0.0033700284244504936,0.0033507926384558195,7.600337837549219e-07,0.00032862049194942646,-0.0006502015893749604
0.2,19200,19.2,0.0063999999984097646,1.3542230226456016,1.8084327740244217,0.008169489505281295,0.0033732296278963804,0.0033537411663263146,1.0334296046177e-06,0.000333702793884506,-0.0006617070193020536
0.2,19300,19.3,0.006399999997887084,1.3619747776552924,1.81629615646307,0.008227060872473605,0.0033764746060805,0.003356720724433662,1.192690408382595e-06,0.00033842265299693084,-0.0006728106760323921
0.2,19400,19.400000000000002,0.0063999999979023735,1.36973687609242,1.8241661334571224,0.008282206088147937,0.003379761365147476,0.0033597287183908826,1.1615085798670861e-06,0.0003429746884327738,-0.000683626282648626
0.2,19500,19.5,0.006399999998453439,1.3775092694404583,1.8320427119695186,0.008336936408490437,0.0033830886628383383,0.0033627642365357327,9.444072257803931e-07,0.00034752254339606714,-0.0006943198515424794
0.2,19600,19.6,0.006399999999330875,1.385291909769234,1.8399258984273212,0.008392660760847518,0.0033864562213018405,0.0033658282188469804,6.259969475696749e-07,0.0003521837732333482,-0.0007050942109988636
0.2,19700,19.7,0.006400000000199047,1.393084751162389,1.847815699831828,0.008450356199796224,0.0033898648453221636,0.0033689234426682265,3.3844492961362883e-07,0.0003570425995171725,-0.0007161693322381289
0.2,19800,19.8,0.006400000000725964,1.4008877512334095,1.8557121249513446,0.008510933161128512,0.003393316432174929,0.003372054324887027,2.0970879755731996e-07,0.00036217991636598474,-0.0007277603814995345
0.2,19900,19.900000000000002,0.006400000000711696,1.4087008725721863,1.8636151854752105,0.00857557769840995,0.0033968138703902805,0.0033752265587563687,3.1261310598432077e-07,0.0003677026643073306,-0.0007400557058482677
0.2,20000,20.0,0.006400000000165732,1.4165240839690987,1.871524897009682,0.008645865682282528,0.0034003608361326773,0.003378446620299773,6.346003915165227e-07,0.0003737549669803537,-0.0007531970236385882
0.4,0,0.0,0.006400000000000001,0.55,0.5499999999999999,0.0,0.0032,0.003200000000000001,0.0,0.0,0.0
0.4,100,0.1,0.006399999998378425,0.5459669631081244,0.5527850163712631,4.784030563610887e-05,0.00319999726494816,0.0031999992542103466,4.467101209562489e-07,1.1443474216781543e-08,-4.546743752549813e-07
0.4,200,0.2,0.006399999995150366,0.5420220105328252,0.5556712688796142,0.00018520179961387608,0.003199978959161299,0.003199994403827931,1.5767099116983375e-06,1.7149853290109148e-07,-1.7215762834641897e-06
0.4,300,0.3,0.006399999991565248,0.5381671018627444,0.5586572106484718,0.0003964169074895834,0.0031999324587853807,0.003199982519744081,2.905622869537602e-06,7.857318227180242e-07,-3.60634165646899e-06
0.4,400,0.4,0.006399999989010681,0.5344042188133248,0.561741284747881,0.0006586116121095971,0.0031998494393435492,0.0031999621875780254,3.887758038167361e-06,2.168846278028011e-06,-5.86824222708868e-06
0.4,500,0.5,0.006399999988475622,0.5307353578243713,0.5649219229131033,0.0009439919358583401,0.003199726649457483,0.0031999336029467193,4.130015455293217e-06,4.455603874827881e-06,-8.245883258702221e-06
0.4,600,0.6,0.0063999999901678,0.5271625220231726,0.5681975439840523,0.0012226280734254056,0.003199566163270369,0.0031998984874522323,3.5448265364667135e-06,7.474097029639591e-06,-1.048358412090769e-05
0.4,700,0.7000000000000001,0.006399999993433371,0.5236877130589822,0.5715665525353297,0.0014654657245426303,0.0031993750941687483,0.0031998598402947676,2.3829234323689357e-06,1.0737948949046277e-05,-1.2355813411559638e-05
0.4,800,0.8,0.0063999999970098375,0.5203129232885466,0.5750273381060281,0.0016472762394157889,0.0031991648072278844,0.003199821559107752,1.1334225536345465e-06,1.3567595044719111e-05,-1.3687386924152621e-05
0.4,900,0.9,0.006399999999514495,0.517040128718797,0.5785782753403879,0.0017492723510012746,0.0031989497179792147,0.0031997879780586466,3.3021864184266013e-07,1.529976878988762e-05,-1.4367683955096259e-05
0.4,1000,1.0,0.006399999999979314,0.5138712830014042,0.5822177252274782,0.0017611684152427818,0.003198745805505134,0.0031997633794985277,3.400714041455525e-07,1.5508570934243856e-05,-1.4357827362737318e-05
0.4,1100,1.1,0.006399999998225453,0.5108083126376997,0.5859440374946948,0.0016825609782014522,0.003198568994522764,0.0031997515364386104,1.2149372321897258e-06,1.4155057226831127e-05,-1.3690527194942262e-05
0.4,1200,1.2,0.0063999999949324185,0.5078531134067193,0.5897555540802651,0.0015236693238056408,0.0031984335715771924,0.0031997553369742682,2.666272230039774e-06,1.1607841041531687e-05,-1.2463026890613611e-05
0.4,1300,1.3,0.0063999999913752085,0.5050075478894043,0.5936506134969797,0.0013057639274995112,0.0031983507940249903,0.0031997765296419823,4.17181266551342e-06,8.525097171794737e-06,-1.082424212907208e-05
0.4,1400,1.4000000000000001,0.006399999988931056,0.5022734438426356,0.5976275558131252,0.00106209572501629,0.003198327828198368,0.0031998156125593994,5.173997605644048e-06,5.640236645489388e-06,-8.957686077844162e-06
0.4,1500,1.5,0.006399999988546631,0.499652593089413,0.6016847279237186,0.0008401763331854839,0.003198367117611888,0.003199871871424885,5.293608461761137e-06,3.529481354225025e-06,-7.062090306128224e-06
0.4,1600,1.6,0.006399999990371831,0.4971467505439233,0.6058204887684085,0.0006993986527210457,0.003198466237152816,0.003199943554342195,4.476144909955539e-06,2.445792377140069e-06,-5.33173841027491e-06
0.4,1700,1.7,0.006399999993701775,0.4947576329858564,0.6100332141707154,0.0006749418030518903,0.003198618239536269,0.003200028156881955,3.014296651662566e-06,2.2777321875346834e-06,-3.938431555645499e-06
0.4,1800,1.8,0.006399999997249518,0.4924869172357941,0.6143213010221568,0.0007271673829939504,0.0031988124508981544,0.0032001227800943885,1.4376282137417867e-06,2.6438620144513524e-06,-3.0167239712166262e-06
0.4,1900,1.9000000000000001,0.0063999999996438885,0.4903362374572265,0.6186831706070406,0.0007850710481157503,0.003199035628098805,0.0032002245180364113,3.1181189267671873e-07,3.081682752947815e-06,-2.6536411369524733e-06
0.4,2000,2.0,0.006399999999959969,0.488307181411531,0.6231172709503104,0.0008068168209742744,0.0031992733554020965,0.003200330829954763,2.4623070050195686e-08,3.2547669130351717e-06,-2.88357537997575e-06
0.4,2100,2.1,0.006399999998076883,0.4864012856084785,0.6276220781621262,0.0007869100862127444,0.0031995115360049513,0.0032004398553966,6.40969996997753e-07,3.096137418916745e-06,-3.6885007405821404e-06
0.4,2200,2.2,0.006399999994724566,0.48462002941377913,0.6321960968394599,0.0007526133699286055,0.0031997378264894145,0.003200550637768515,1.8825155167560762e-06,2.8321344229764605e-06,-5.0031194730967034e-06
0.4,2300,2.3000000000000003,0.006399999991201377,0.4829648282844126,0.6368378596587171,0.0007587742424328005,0.003199942870261183,0.0032006632325818677,3.239295402438208e-06,2.8786917548973522e-06,-6.72409879900931e-06
0.4,2400,2.4,0.006399999988871816,0.4814370263912825,0.6415459263481401,0.0008546977358750403,0.003200121208497915,0.0032007786899009385,4.169769166165189e-06,3.652541098549601e-06,-8.722219791752128e-06
0.4,2500,2.5,0.006399999988638667,0.48003788894904226,0.6463188822608466,0.0010366964511266093,0.0032002717816652718,0.003200898915140271,4.311660914358302e-06,5.37369765889253e-06,-1.0856066740127468e-05
0.4,2600,2.6,0.006399999990593746,0.4787685946002529,0.6511553367777221,0.0012601191601448107,0.00320039797763284,0.0032010264268254296,3.6219287323256846e-06,7.939501488820312e-06,-1.2985844085670014e-05
0.4,2700,2.7,0.006399999993982382,0.4776302281946105,0.6560539217555733,0.0014780361316191933,0.003200507229324504,0.003201164042524815,2.391779181026787e-06,1.092295403185914e-05,-1.4986011079822703e-05
0.4,2800,2.8000000000000003,0.006399999997495379,0.47662377426669805,0.6610132902034954,0.001655280599606817,0.0032006102107591033,0.0032013145331864787,1.1311329891345283e-06,1.369976931717351e-05,-1.6755648756510195e-05
0.4,2900,2.9,0.006399999999775465,0.47575011145360463,0.6660321153244719,0.0017696440145305165,0.0032007197205078,0.0032014802901971268,3.6757502766786015e-07,1.5658199690818404e-05,-1.8225785647948614e-05
0.4,3000,3.0,0.006399999999942387,0.47501000801492893,0.6711090900056711,0.001811786921282554,0.0032008493719128074,0.0032016630478601277,4.379885564730803e-07,1.641285924065257e-05,-1.936326762767468e-05
0.4,3100,3.1,0.0063999999979334225,0.4744041185314967,0.676242926785792,0.0017855673867428,0.0032010122268936346,0.003201863696727496,1.3539418754506891e-06,1.5941254462997557e-05,-2.0171122026156795e-05
0.4,3200,3.2,0.006399999994527651,0.4739329817748115,0.6814323582765262,0.0017082515347806543,0.0032012195132550968,0.0032020822112546763,2.7933526029306097e-06,1.45906165304023e-05,-2.0685699115455336e-05
0.4,3300,3.3000000000000003,0.00639999999104456,0.47359701966512513,0.6866761379721706,0.0016094617978142873,0.003201479554109231,0.003202317700250319,4.222045343095058e-06,1.2951836393117986e-05,-2.0971145051202603e-05
0.4,3400,3.4,0.006399999988833588,0.4733965371784047,0.6919730413496398,0.0015262949041632752,0.00320179701384142,0.0032025685726855507,5.09847075952742e-06,1.164788067237391e-05,-2.1111949125283113e-05
0.4,3500,3.5,0.006399999988752095,0.4733317230254215,0.6973218671421096,0.001491074096819149,0.0032021725307848415,0.003202832796794994,5.082556669104408e-06,1.1116509811025205e-05,-2.1204405307870096e-05
0.4,3600,3.6,0.006399999990833684,0.47340265091106787,0.7027214386633612,0.0015145241661911088,0.003202602766149189,0.0032031082189323003,4.1679231386663034e-06,1.1468917249884367e-05,-2.1347834636355296e-05
0.4,3700,3.7,0.006399999994275212,0.4736092811877198,0.7081706050653958,0.0015796440337658096,0.003203080856027509,0.0032033929016520362,2.68620146633262e-06,1.247637636705959e-05,-2.163634123772604e-05
0.4,3800,3.8000000000000003,0.006399999997747483,0.4739514627397727,0.7136682424269833,0.0016545412285065883,0.003203597212799955,0.00320368543859449,1.1815507814422894e-06,1.3687533384140452e-05,-2.2151737812545745e-05
0.4,3900,3.9,0.006399999999909461,0.4744289349726399,0.7192132545927385,0.0017104804697172227,0.0032041405879444256,0.003203985206887433,2.035857256855827e-07,1.4628717186420255e-05,-2.2958097834504434e-05
0.4,4000,4.0,0.006399999999927044,0.4750413298228711,0.7248045737081615,0.0017325098174730959,0.0032046992834298,0.0032042925253343503,9.843463043671259e-08,1.50079513382033e-05,-2.4098194805747314e-05
0.4,4100,4.1,0.006399999997795763,0.47578817375096105,0.7304411604230096,0.0017229308538815752,0.003205262385806382,0.0032046086976385063,8.783567266627723e-07,1.4842453636285472e-05,-2.559189601207462e-05
0.4,4200,4.2,0.006399999994342487,0.4766688897197013,0.7361220037608627,0.0017005638701345532,0.003205820896948437,0.003204935933104644,2.219985350384627e-06,1.4459587382035045e-05,-2.7436408443013745e-05
0.4,4300,4.3,0.006399999990905561,0.4776827991945571,0.7418461206749832,0.0016953324316744277,0.0032063686480091336,0.003205277151349166,3.591573141579773e-06,1.4370760269435641e-05,-2.9608141863754452e-05
0.4,4400,4.4,0.0063999999888170464,0.47882912422594837,0.747612555328286,0.001735940490827323,0.0032069029071273994,0.003205635691176895,4.459809705026091e-06,1.5067446938469039e-05,-3.206586613074304e-05
0.4,4500,4.5,0.006399999988887418,0.4801069896855158,0.7534203781479534,0.001834071356312429,0.0032074246242511824,0.0032060149555910304,4.496118094425823e-06,1.6819088700228568e-05,-3.475479774944862e-05
0.4,4600,4.6000000000000005,0.006399999991092032,0.48151542572993994,0.7592686847130542,0.0019774857327872456,0.0032079382946781023,0.0032064180335937757,3.7026629865853763e-06,1.9552249116885545e-05,-3.761124928331694e-05
0.4,4700,4.7,0.006399999994580644,0.48305337055842573,0.7651565945369321,0.002138186725921618,0.003208451462555515,0.003206847343875412,2.409480503642715e-06,2.2859212374537047e-05,-4.056750472846305e-05
0.4,4800,4.8,0.006399999998006349,0.4847196735160635,0.7710832498060698,0.002286231346567681,0.0032089739224635,0.0032073043448681325,1.144093747390901e-06,2.6134268850143354e-05,-4.355663192281693e-05
0.4,4900,4.9,0.0064000000000466245,0.4865130985777535,0.7770478141342918,0.0023994401656895845,0.003209516707457795,0.0032077893496496312,4.243741770825208e-07,2.87865655436223e-05,-4.6516996781505914e-05
0.4,5000,5.0,0.006399999999914962,0.48843232822888466,0.7830494713864499,0.0024677405048898243,0.003210090972442928,0.003208301473165122,5.551313512269215e-07,3.0448715997369426e-05,-4.939629304168376e-05
0.4,5100,5.1000000000000005,0.006399999997665133,0.4904759677415569,0.7890874246195086,0.002494067354875807,0.0032107068904428286,0.003208838724254734,1.5074616467072064e-06,3.1101859853286025e-05,-5.215493853242316e-05
0.4,5200,5.2,0.006399999994170374,0.49264254983013117,0.7951608951815126,0.0024927883885290368,0.0032113726755279137,0.003209398237733333,2.9278240049398724e-06,3.106996974992596e-05,-5.47687128457391e-05
0.4,5300,5.3,0.00639999999078559,0.4949305396576979,0.801269122000228,0.002485418003475913,0.0032120938305238676,0.0032099766244168605,4.273547085463055e-06,3.0886513260010965e-05,-5.7230524500611555e-05
0.4,5400,5.4,0.006399999988823195,0.497338340155382,0.8074113610831791,0.0024934168614209364,0.003212872692120503,0.0032105704017936477,5.022461474069757e-06,3.108563822409116e-05,-5.955120478911606e-05
0.4,5500,5.5,0.006399999989045395,0.4998642976084079,0.813586885239203,0.0025297783695452194,0.0032137083135770884,0.0032111764570364014,4.8755643717560125e-06,3.199889299509434e-05,-6.17592389349454e-05
0.4,5600,5.6000000000000005,0.006399999991369332,0.5025067074555807,0.8197949840186047,0.0025936836123570486,0.003214596689467669,0.0032117924887199558,3.87421105461166e-06,3.363597340504755e-05,-6.389937127795088e-05
0.4,5700,5.7,0.006399999994899144,0.5052638202414083,0.82603496385478,0.0026718943101474027,0.003215531291615086,0.0032124173746564543,2.3862986511463273e-06,3.569509602299033e-05,-6.603006604653325e-05
0.4,5800,5.8,0.006399999998272519,0.5081338476520919,0.8323061483755202,0.0027458359849635485,0.0032165038541094393,0.0032130514205414525,9.665186338308912e-07,3.769807628160371e-05,-6.821987129380745e-05
0.4,5900,5.9,0.006400000000187726,0.5111149685582026,0.8386078788380876,0.002799878844792844,0.003217505321128715,0.0032136964567056193,1.444332286866294e-07,3.9196607727592556e-05,-7.054281860288738e-05
0.4,6000,6.0,0.006399999999907193,0.5142053349787993,0.844939514629845,0.002827310222917533,0.003218526856401653,0.0032143557666837624,2.220498258981957e-07,3.9968415483069953e-05,-7.307308848719141e-05
0.4,6100,6.1000000000000005,0.006399999997542835,0.5174030778753592,0.8513004337671525,0.0028328672361789833,0.003219560808836141,0.003215033849693884,1.158925577519254e-06,4.012568388908176e-05,-7.587927045379179e-05
0.4,6200,6.2,0.0063999999940127636,0.5207063126808328,0.8576900333207116,0.0028316786270918917,0.0032206015353071584,0.00321573603750275,2.5890363288076685e-06,4.00920192356451e-05,-7.901863436159791e-05
0.4,6300,6.3,0.006399999990686122,0.5241131444710636,0.8641077296966729,0.002844472707137388,0.0032216459980579874,0.0032164680026662454,3.962757103949163e-06,4.0455124908247514e-05,-8.253189205030922e-05
0.4,6400,6.4,0.006399999988853413,0.5276216726941835,0.8705529587102562,0.002889659251753911,0.003222694078871696,0.003217235208120961,4.759001213001098e-06,4.175065295623487e-05,-8.643895230848024e-05
0.4,6500,6.5,0.006399999989227265,0.5312299953892465,0.8770251754024835,0.002975220097417855,0.0032237485825658265,0.0032180423562337968,4.685525280134375e-06,4.425967314039555e-05,-9.073614799288778e-05
0.4,6600,6.6000000000000005,0.0063999999916667565,0.5349362128483537,0.8835238535702734,0.0030950740697553284,0.003224814935310019,0.003218892897741687,3.790077016730185e-06,4.789741748635906e-05,-9.539533588803753e-05
0.4,6700,6.7,0.0063999999952319255,0.5387384307059031,0.8900484850043465,0.0032322201686185133,0.003225900615314441,0.0032197886570500323,2.439624648837357e-06,5.2236236092121445e-05,-0.00010036513787350769
0.4,6800,6.8,0.00639999999854739,0.5426347624724904,0.8965985784562113,0.003366138053793281,0.0032270143811767094,0.0032207296201692283,1.1759831392679584e-06,5.665442698597608e-05,-0.00010557441292379142
0.4,6900,6.9,0.00640000000033444,0.5466233315665073,0.9031736583825467,0.003480073529261532,0.0032281653836146616,0.0032217139158417173,5.039789727090392e-07,6.055455884533408e-05,-0.00011093783693998079
0.4,7000,7.0,0.006399999999905697,0.5507022729302239,0.9097732635398172,0.0035656307660595077,0.00322936225724451,0.0032227380004958553,6.943694146336617e-07,6.356861379935056e-05,-0.00011636324104865178
0.4,7100,7.1000000000000005,0.006399999997431048,0.5548697343452779,0.9163969455212804,0.0036241646134367515,0.003230612289356384,0.0032237970355190855,1.6779698071133552e-06,6.567284572643579e-05,-0.00012176014297797123
0.4,7200,7.2,0.006399999993871908,0.5591238775814837,0.9230442673401862,0.003665254849660397,0.0032319207523964642,0.003224885423387041,3.072079215184882e-06,6.71704655647953e-05,-0.00012704872669157613
0.4,7300,7.3,0.006399999990609307,0.5634628795196969,0.9297148021650979,0.0037027411680682883,0.00323329046742034,0.003225997450015773,4.329020203526951e-06,6.855146078853857e-05,-0.00013216840781887088
0.4,7400,7.4,0.0063999999889096295,0.5678849333823276,0.9364081323049308,0.0037492986127199888,0.003234721639514792,0.003227127966752116,4.9492694282362644e-06,7.028620043672017e-05,-0.00013708508722223544
0.4,7500,7.5,0.0063999999894347025,0.5723882501835711,0.9431238485225693,0.003811421071279779,0.0032362119761895386,0.0032282730385805774,4.676576866283231e-06,7.26346529129775e-05,-0.00014179625511467493
0.4,7600,7.6000000000000005,0.006399999991985766,0.5769710604767556,0.9498615497280438,0.0038870641012064577,0.0032377570694123044,0.0032294304864619165,3.5993653980771717e-06,7.554633663443984e-05,-0.00014633326592097186
0.4,7700,7.7,0.006399999995580375,0.5816316164313243,0.9566208430676054,0.00396711933809852,0.0032393509945671376,0.0032306002612694225,2.1189107916944806e-06,7.869017921357622e-05,-0.00015076035026145564
0.4,7800,7.8,0.006399999998832438,0.5863681942211424,0.9634013443867538,0.004039857878512635,0.003240987057931684,0.0032317846035623235,7.963231364507081e-07,8.160225839290307e-05,-0.00015517024419092388
0.4,7900,7.9,0.006400000000488464,0.591179096654386,0.9702026790073669,0.004096164937577886,0.0032426586103136827,0.003232987965564284,1.3725520428499167e-07,8.389283597921225e-05,-0.000159676666573
0.4,8000,8.0,0.006399999999912474,0.5960626559289048,0.9770244827253864,0.004133528420658147,0.003244359839393828,0.0032342166967318582,3.97403883380116e-07,8.543028602194319e-05,-0.00016440422611853565
0.4,8100,8.1,0.006399999997332032,0.6010172363611095,0.9838664029099382,0.004157589882076177,0.0032460864573174084,0.003235478519481306,1.483903136970378e-06,8.6427768137711e-05,-0.00016947665074136338
0.4,8200,8.2,0.006399999993750228,0.6060412369156919,0.9907280995703142,0.004180806109569408,0.0032478362125379447,0.0032367818443461644,2.9907045629229362e-06,8.739569862906444e-05,-0.00017500446632586955
0.4,8300,8.3,0.006399999990557611,0.6111330933609158,0.9976092462559792,0.004218409537917452,0.0032496091744752217,0.003238134991762869,4.354308433491019e-06,8.89748951479647e-05,-0.00018107337926193655
0.4,8400,8.4,0.0063999999889942675,0.616291279890976,1.0045095306673735,0.004282795743841061,0.003251407764219724,0.003239545399055332,5.069745830213975e-06,9.171169691731553e-05,-0.00018773461702831833
0.4,8500,8.5,0.006399999989670071,0.6215143100921995,1.011428654881025,0.004378571117060972,0.003253236531829105,0.003241018894864841,4.883484295077473e-06,9.585942513580287e-05,-0.0001949983464547564
0.4,8600,8.6,0.006399999992328736,0.6268007371806292,1.0183663351292345,0.00450069507287672,0.0032551017079483356,0.003242559118769925,3.888911906462943e-06,0.00010128128069508395,-0.00020283102699107203
0.4,8700,8.700000000000001,0.0063999999959469984,0.6321491535000465,1.0253223011189248,0.004636629894157443,0.0032570105816880006,0.0032441671513677404,2.4877663169671942e-06,0.00010749168387697232,-0.00021115718730268162
0.4,8800,8.8,0.006399999999130441,0.6375581893356057,1.0322962949218026,0.004771179531731047,0.0032589707752545484,0.0032458414005447243,1.2327239587792205e-06,0.00011382077062004644,-0.00021986567124765872
0.4,8900,8.9,0.0064000000006529355,0.6430265111620642,1.0392880695140194,0.004891633127717249,0.0032609894965931387,0.0032475777646441377,6.122930825829932e-07,0.00011964037328090422,-0.000228819926947828
0.4,9000,9.0,0.006399999999930995,0.648552819500124,1.046297387082996,0.004991335329532808,0.0032630728529502557,0.003249370064985024,8.613993939342368e-07,0.0001245671418592119,-0.00023787145925743163
0.4,9100,9.1,0.006399999997249516,0.6541358465934324,1.0533240172477654,0.005070860867833268,0.0032652253005208912,0.0032512107114749753,1.8710170846182118e-06,0.00012856814970461382,-0.0002468751815355831
0.4,9200,9.200000000000001,0.006399999993651526,0.6597743541374553,1.060367735353531,0.005136779625711715,0.003267449289105381,0.0032530915389620985,3.231774050632937e-06,0.00013193252461563497,-0.0002557051330822216
0.4,9300,9.3,0.006399999990534744,0.6654671312868742,1.0674283209991569,0.005198548000324384,0.003269745137936773,0.0032550047315319753,4.394524647663905e-06,0.00013512450655838327,-0.0002642689101400524
0.4,9400,9.4,0.006399999989110798,0.6712129931399629,1.0745055569375679,0.0052645753787275915,0.0032721111523415685,0.003256943739777121,4.885540221193893e-06,0.00013857876959152388,-0.000272519212820609
0.4,9500,9.5,0.0063999999899365485,0.6770107798486751,1.0815992284549676,0.005338919450938931,0.0032745439638730196,0.003258904093915295,4.492769126552594e-06,0.00014252030451807033,-0.0002804611414963893
0.4,9600,9.6,0.0063999999926986195,0.6828593564364707,1.0887091232884218,0.0054199706882200865,0.0032770390521656757,0.0032608840241187555,3.3507732857922906e-06,0.0001468804113058246,-0.0002881542681774284
0.4,9700,9.700000000000001,0.006399999996334668,0.6887576133288541,1.0958350320872814,0.005501666473300978,0.003279591387685844,0.0032628848178485677,1.891146917123402e-06,0.00015134166991722013,-0.0002957090260340874
0.4,9800,9.8,0.006399999999444327,0.6947044675221399,1.1029767493676208,0.0055766164861028745,0.0032821961226852134,0.0032649108704330652,6.773013950740175e-07,0.0001554932571653719,-0.000303277552234398
0.4,9900,9.9,0.006400000000830991,0.7006988642425762,1.1101340748562798,0.005639747260853598,0.0032848492539522627,0.003266969416678199,1.8730775550237766e-07,0.00015903374583152834,-0.0003110397233865019
0.4,10000,10.0,0.006399999999964697,0.7067397788887697,1.1173068150779595,0.005691025205794835,0.0032875481854116283,0.0032690699644739975,6.286833941524279e-07,0.00016193883946496071,-0.0003191856727800425
0.4,10100,10.1,0.006399999997187197,0.7128262190120236,1.1244947850099425,0.005736272779209133,0.0032902921304563447,0.003271223482595903,1.8567686306337902e-06,0.00016452412698747835,-0.0003278965114831621
0.4,10200,10.200000000000001,0.006399999993579726,0.7189572260764748,1.1316978096179013,0.005785725803749771,0.0032930823117058748,0.0032734414209602855,3.428384739605819e-06,0.00016737311538087967,-0.00033732523920691857
0.4,10300,10.3,0.006399999990544731,0.7251318767556769,1.1389157250944824,0.005850692993284581,0.003295921937827569,0.00327573465991461,4.770241017126103e-06,0.00017115304250834646,-0.00034757989072292
0.4,10400,10.4,0.006399999989263317,0.7313492835636172,1.1461483796495855,0.005939445843696505,0.0032988159610202665,0.003278112494007935,5.397255326221308e-06,0.00017638508465101847,-0.00035871080574212367
0.4,10500,10.5,0.00639999999023831,0.7376085946822796,1.1533956337450348,0.006053997656251332,0.003301770642448864,0.0032805817542889333,5.096699213892768e-06,0.00018325443810948314,-0.0003707035438228635
0.4,10600,10.6,0.006399999993099753,0.7439089929284125,1.160657359722503,0.006189215842729623,0.0033047929739951193,0.0032831461615900268,4.007316610735374e-06,0.00019153196373947678,-0.0003834784228356066
0.4,10700,10.700000000000001,0.006399999996748006,0.7502496938909651,1.1679334408364237,0.006334632021291286,0.0033078900209067433,0.003285805982376049,2.563170379549547e-06,0.0002006378142258447,-0.0003968969911401805
0.4,10800,10.8,0.006399999999779176,0.7566299433585011,1.1752237697668675,0.00647803194726306,0.0033110682593512466,0.003288558030232949,1.3242367693246515e-06,0.00020982448954880414,-0.00041077501612314833
0.4,10900,10.9,0.006400000001028205,0.7630490142334104,1.1825282467442093,0.006609271876649282,0.0033143329841623203,0.003291396022333369,7.594807013860325e-07,0.0002184123736973356,-0.0004249008598662056
0.4,11000,11.0,0.006400000000019614,0.7695062031885185,1.1898467774618833,0.006722975081487543,0.003317687854710472,0.0032943112642667407,1.0664038930619028e-06,0.0002259919697315122,-0.0004390574925821723
0.4,11100,11.1,0.006399999997151446,0.7760008273549961,1.1971792709804727,0.006819397150388031,0.003321134631396869,0.0032972936019624007,2.0968121684122756e-06,0.00023252088747360193,-0.00045304593584983855
0.4,11200,11.200000000000001,0.0063999999935412995,0.7825322213341863,1.2045256378326414,0.00690340022781636,0.0033246731334212417,0.0033003325497621134,3.4173233873710425e-06,0.00023828467352707486,-0.0004667076865565014
0.4,11300,11.3,0.006399999990593949,0.7890997347989029,1.2118857885226875,0.006982017953089946,0.003328301422817248,0.0033034184824992704,4.4808960756939716e-06,0.00024374287348635158,-0.0004799436842846147
0.4,11400,11.4,0.00639999998945791,0.7957027308940265,1.2192596325779372,0.007061516292897619,0.0033320161934776936,0.003306543769510857,4.84262429605927e-06,0.0002493250617742927,-0.0004927276596009931
0.4,11500,11.5,0.0063999999905811145,0.802340585567047,1.2266470782550871,0.007145058204828317,0.0033358133203036746,0.003309703731477192,4.335875135383976e-06,0.00025525928375192227,-0.0005051122200870572
0.4,11600,11.6,0.006399999993537618,0.8090126878644216,1.2340480329382812,0.007231883992157475,0.0033396885055851965,0.0033128973169824954,3.1401894960073366e-06,0.00026150073038011773,-0.0005172267489061991
0.4,11700,11.700000000000001,0.006399999997192378,0.8157184411289531,1.2414624041938758,0.0073182972344726,0.0033436379492891044,0.0033161274232216867,1.7142895774460463e-06,0.0002677873720604466,-0.0005292670369563059
0.4,11800,11.8,0.006400000000140377,0.8224572649375125,1.2488901013770715,0.007399970976032683,0.00334765896803469,0.003319400821383247,6.198150162117083e-07,0.0002737978522306305,-0.000541477456524403
0.4,11900,11.9,0.006400000001250173,0.8292285975375974,1.2563310376253112,0.007474561191936356,0.0033517504940044998,0.0033227276878938497,3.0381039987344157e-07,0.0002793453250600052,-0.0005541273161080553
0.4,12000,12.0,0.0064000000001016326,0.8360318984844283,1.2637851320292006,0.00754354617055519,0.0033559133987498633,0.003326120783418079,9.240934528023352e-07,0.0002845254441364894,-0.0005674837196556012
0.4,12100,12.1,0.006399999997148471,0.8428666511540452,1.2712523117487522,0.007612536287519924,0.00336015060603768,0.0033295943579066973,2.2851989256824116e-06,0.00028975354364403817,-0.0005817837093656259
0.4,12200,12.200000000000001,0.006399999993542741,0.8497323648155145,1.278732513843828,0.007689847957490732,0.0033644669804349502,0.0033331628883949247,3.909959413016302e-06,0.00029566880804662203,-0.0005972086427467704
0.4,12300,12.3,0.006399999990689145,0.8566285759867326,1.286225686613162,0.0077837703042387745,0.0033688690020353216,0.0033368397740101362,5.2194288521367175e-06,0.0003029354007457469,-0.0006138636149541972
0.4,12400,12.4,0.006399999989701588,0.8635548488695298,1.2937317902840146,0.007899517515415844,0.0033733642604461774,0.003340636118270144,5.752018771828696e-06,0.00031201188488180857,-0.000631764292668371
0.4,12500,12.5,0.006399999990972276,0.8705107747539247,1.301250796959798,0.008037097560688107,0.003377960820841757,0.003344559721894526,5.337577164877468e-06,0.00032297468600009366,-0.0006508328149289784
0.4,12600,12.6,0.006399999994019943,0.8774959703888162,1.3087826898093227,0.008191007663683383,0.00338266652966812,0.003348614390684048,4.159548255896066e-06,0.00033546303273259965,-0.0006709035073207205
0.4,12700,12.700000000000001,0.006399999997676053,0.8845100754261312,1.3163274615609468,0.008351869152428575,0.003387488335814118,0.003352799634097404,2.6815749899136704e-06,0.00034876859169644006,-0.0006917381389218228
0.4,12800,12.8,0.006400000000536874,0.8915527491459977,1.323885112439478,0.008509285565450048,0.0033924317034916933,0.003357110793298957,1.4672296519027957e-06,0.0003620397041718829,-0.0007130494300775626
0.4,12900,12.9,0.006400000001506537,0.8986236667511869,1.331455647745426,0.008654802946657334,0.003397500185093619,0.0033615395957119383,9.627507424593654e-07,0.00037452807022734244,-0.0007345306002688209
0.4,13000,13.0,0.006400000000221022,0.9057225155710693,1.3390390753182406,0.008783973219751506,0.0034026952062095692,0.003366075090174018,1.3268050228237463e-06,0.00038579092762655815,-0.0007558880288119476
0.4,13100,13.1,0.006399999997188964,0.9128489915326771,1.3466354031428436,0.008896963169545455,0.0034080160921459816,0.0033707048768096283,2.372929214529123e-06,0.0003957797682012415,-0.0007768736691824162
0.4,13200,13.200000000000001,0.006399999993594922,0.9200027962366581,1.3542446373495531,0.00899767025540796,0.003413460338137644,0.0033754165130013667,3.6465587092077983e-06,0.00040479035012526567,-0.0007973137663785635
0.4,13300,13.3,0.006399999990841086,0.9271836349202709,1.3618667808218532,0.00909176853034655,0.0034190240972039993,0.0033801989553075796,4.606361862093585e-06,0.0004133012750469993,-0.0008171306985795857
0.4,13400,13.4,0.006399999990004834,0.9343912155031668,1.3695018325674888,0.009184437696373577,0.003424702833892656,0.003385043889841653,4.8391718715788576e-06,0.00042176947899283986,-0.0008363553845938935
0.4,13500,13.5,0.006399999991421906,0.9416252488030785,1.3771497879317183,0.009278630597130131,0.0034304920723342426,0.0033899468120027164,4.224792763492691e-06,0.0004304649287899973,-0.0008551286144685427
0.4,13600,13.6,0.006399999994556524,0.9488854498885111,1.3848106396449946,0.009374523918782308,0.003436388155664641,0.003394907740136228,2.9863902677106313e-06,0.00043940849351910803,-0.0008736907850311637
0.4,13700,13.700000000000001,0.006399999998208669,0.9561715404167064,1.392484379609705,0.00947030920380064,0.0034423889322792753,0.0033999314843400842,1.606540955457312e-06,0.00044843378207795555,-0.0008923607414441025
0.4,13800,13.8,0.00640000000097835,0.9634832516999529,1.4001710012511697,0.009563919180658175,0.003448494292505908,0.003405027437150832,6.411322687779421e-07,0.0004573427504708067,-0.000911505611417974
0.4,13900,13.9,0.006400000001807231,0.9708203281632162,1.4078705021954847,0.009654906945067054,0.003454706495787876,0.0034102089020712515,5.030042125236054e-07,0.0004660861405895203,-0.0009315045408539407
0.4,14000,14.0,0.006400000000388091,0.9781825308099004,1.4155828869978373,0.009745651175183643,0.003461030251114323,0.003415492023331248,1.2991241806741324e-06,0.00047488858414179177,-0.0009527099823799457
0.4,14100,14.1,0.006399999997283697,0.985569640305819,1.4233081696343677,0.009841331560166942,0.003467472539515045,0.0034208944208587054,2.7845654351680493e-06,0.00048425903438568957,-0.0009754105629109111
0.4,14200,14.200000000000001,0.006399999993709089,0.9929814593254942,1.4310463754899148,0.009948588960726744,0.0034740421942194666,0.0034264336641964314,4.451536193669135e-06,0.0004948721115474702,-0.0009997995124479484
0.4,14300,14.3,0.006399999991061535,1.0004178138767386,1.4387975426217845,0.010073306936934083,0.00348074927908422,0.0034321257354706083,5.719580926647789e-06,0.0005073575632284217,-0.0010259521676483625
0.4,14400,14.4,0.006399999990379948,1.0078785534221864,1.446561722151299,0.01021834858183025,0.00348760432702218,0.003437983633397649,6.154000870489686e-06,0.0005220732386989615,-0.0010538152096093317
0.4,14500,14.5,0.006399999991942962,1.0153635497396927,1.454338977723361,0.010382164793801866,0.0034946175156861294,0.0034440162579188853,5.628626136611178e-06,0.0005389467290282948,-0.0010832091368269583
0.4,14600,14.6,0.006399999995161117,1.0228726945947906,1.4621293840705747,0.010558863828293727,0.0035017978661592056,0.0034502276896425923,4.370538412705343e-06,0.0005574480267222484,-0.0011138441257756335
0.4,14700,14.700000000000001,0.0063999999988049285,1.0304058964241667,1.469933024812762,0.010739726660255949,0.003509152550799106,0.0034566169419609242,2.869891478384962e-06,0.0005767086436850618,-0.0011453480291185494
0.4,14800,14.8,0.006400000001480539,1.037963076336226,1.4777499897051307,0.010915579207605905,0.003516686388051428,0.0034631782193373867,1.6899964631887781e-06,0.0005957493471875917,-0.0011773039495590566
0.4,14900,14.9,0.006400000002168987,1.0455441638119536,1.4855803716101579,0.011079163088536527,0.0035244015850664245,0.003469901666376562,1.2512211926659962e-06,0.0006137392737119511,-0.001209293744178616
0.4,15000,15.0,0.006400000000620443,1.0531490925279339,1.49342426350266,0.01122674131660526,0.003532297764359128,0.003476774543114684,1.672168770987536e-06,0.0006301986029498579,-0.0012409430785742144
0.4,15100,15.1,0.006399999997450868,1.0607777967189786,1.5012817558204374,0.011358513227033932,0.003540372280697327,0.0034837827172491615,2.7292351120860166e-06,0.0006450791136435239,-0.00127196334925123
0.4,15200,15.200000000000001,0.006399999993903732,1.068430208450013,1.5091529344433265,0.011477832226172137,0.0035486208020863376,0.0034909123286473373,3.9496722712846805e-06,0.000658703163060778,-0.0013021859721620045
0.4,15300,15.3,0.006399999991368942,1.0761062560798507,1.517037879523969,0.011589599800761272,0.0035570380980499087,0.003498151459876895,4.801508602057079e-06,0.0006715941177090288,-0.001331585192868947
0.4,15400,15.4,0.006399999990845127,1.0838058640815822,1.5249366653095908,0.011698460668920033,0.00356561895340477,0.0035054916419355623,4.906142957765593e-06,0.0006842699101113446,-0.0013602866575643153
0.4,15500,15.5,0.006399999992553283,1.0915289542471536,1.532849360993872,0.011807468588021149,0.0035743591098267562,0.0035129290382023125,4.190667311387758e-06,0.0006970815722855308,-0.0013885603950727053
0.4,15600,15.6,0.006399999995851261,1.0992754481612566,1.5407760325316548,0.011917690806838221,0.0035832561329157027,0.0035204651809430847,2.920371152952897e-06,0.0007101567708369815,-0.001416798459997461
0.4,15700,15.700000000000001,0.006399999999482248,1.1070452706965934,1.5487167452478825,0.012028827369892789,0.003592310109760645,0.003528107180182897,1.5983824547931779e-06,0.0007234634394734094,-0.0014454791123894957
0.4,15800,15.8,0.006400000002060985,1.1148383541730849,1.5566715669863485,0.012140497600510875,0.0036015241000766024,0.0035358673791787776,7.709995876206942e-07,0.0007369584099400515,-0.0014751208867220663
0.4,15900,15.9,0.006400000002609751,1.1226546427493307,1.5646405714830276,0.012253573438936223,0.003610904290327572,0.00354376248775653,8.139839575609766e-07,0.0007507503101170164,-0.0015062310695489285
0.4,16000,16.0,0.006400000000936628,1.1304940965841082,1.572623841619645,0.01237092584728555,0.0036204598315159034,0.003551812277961407,1.7826866571122417e-06,0.0007651990315951887,-0.001539253826792983
0.4,16100,16.1,0.006399999997709802,1.1383566953226467,1.5806214722193996,0.01249718891846404,0.003630202373928515,0.0035600379702114093,3.3844080167588488e-06,0.0007808986543189022,-0.0015745234087657834
0.4,16200,16.2,0.006399999994199041,1.1462424405258433,1.5886335720883364,0.012637542332439354,0.0036401453428072925,0.003568460468340922,5.084282282468204e-06,0.0007985373810209836,-0.0016122274802526254
0.4,16300,16.3,0.006399999991784474,1.1541513567644783,1.59666026507892,0.012795925957721985,0.0036503030249854284,0.003577098616294223,6.304446237853666e-06,0.0008186786055775165,-0.0016523847013105476
0.4,16400,16.4,0.00639999999142263,1.1620834912346796,1.6047016900498718,0.012973371811339856,0.0036606895560112067,0.003585967647197375,6.640214393519754e-06,0.000841541880776338,-0.0016948393069558102
0.4,16500,16.5,0.006399999993276369,1.1700389119017958,1.612757999708478,0.013167136832717323,0.003671317908748769,0.0035950779779082976,6.010379881017175e-06,0.0008668674618575061,-0.0017392737351192207
0.4,16600,16.6,0.00639999999665188,1.1780177043321869,1.6208293584370408,0.013371020120555693,0.0036821989869196,0.003604434470718699,4.6841456257954355e-06,0.0008939208953215259,-0.0017852385019337417
0.4,16700,16.7,0.006400000000267104,1.1860199675105176,1.6289159393120298,0.01357678014920785,0.003693340919939006,0.0036140362411814287,3.1747525120443356e-06,0.0009216447960996217,-0.0018321967094649975
0.4,16800,16.8,0.006400000002747777,1.1940458090496597,1.6370179206116933,0.013776153888333597,0.0037047486386278922,0.0036238770402303266,2.0412247590171157e-06,0.0009489120797752447,-0.0018795789806447041
0.4,16900,16.9,0.006400000003159112,1.2020953402695855,1.6451354821661495,0.01396279700337078,0.003716423785632405,0.0036339461837182193,1.6749507074027136e-06,0.0009747985007867002,-0.0019268434176856154
0.4,17000,17.0,0.006400000001367527,1.2101686716431201,1.6532688019267814,0.014133549806900634,0.003728364981405138,0.003644229947859792,2.153427769750882e-06,0.0009987861507207048,-0.0019735345063878573
0.4,17100,17.1,0.00639999999809231,1.2182659090770998,1.6614180531162412,0.014288707523786616,0.003740568429333763,0.003654713300110984,3.2172782921546027e-06,0.0010208358135015813,-0.0020193348231461743
0.4,17200,17.2,0.006399999994627363,1.226387151419687,1.669583402267357,0.014431317353476357,0.0037530288060547484,0.00366538179724659,4.378757645883165e-06,0.0010413146027837392,-0.0020641039691035967
0.4,17300,17.3,0.006399999992340642,1.2345324894654293,1.677765008373455,0.014565833490605373,0.003765740349771694,0.0036762234607923363,5.118973731658213e-06,0.0010608175263802056,-0.002107900318335251
0.4,17400,17.400000000000002,0.006399999992144866,1.2427020065806702,1.685963023262389,0.01469665048613992,0.003778698034988289,0.003687230438073694,5.096664853407524e-06,0.0010799576775587841,-0.0021509828233293084
0.4,17500,17.5,0.006399999994144442,1.2508957809079906,1.6941775931826286,0.014827044058617926,0.0037918987099786047,0.003698400276227176,4.28694567683153e-06,0.0010992061775809856,-0.002193792115319155
0.4,17600,17.6,0.006399999997595067,1.259113888946001,1.7024088614648563,0.014958862757595805,0.0038053420753963044,0.0037097366750618315,2.9956436664671263e-06,0.0011188378750029342,-0.0022369122715324703
0.4,17700,17.7,0.006400000001191705,1.267356410156904,1.7106569720093436,0.015092994852684519,0.00381903139847072,0.0037212496383878797,1.7431721806062342e-06,0.001138992468115807,-0.0022810166759633073
0.4,17800,17.8,0.0064000000035735515,1.275623432143836,1.7189220732600903,0.01523030965382547,0.0038329738850749135,0.0037329550059384655,1.0626069604179538e-06,0.0011598116607570467,-0.002326803155157293
0.4,17900,17.900000000000002,0.0064000000038505365,1.2839150558751362,1.7272043222708713,0.015372577224716449,0.00384718066790766,0.003744873411826944,1.2901024183402678e-06,0.0011815806526493545,-0.0023749248309517636
0.4,18000,18.0,0.0064000000019477365,1.292231400420615,1.7355038884523708,0.015522883397863355,0.0038616664086836465,0.0037570287733189084,2.4290259775261663e-06,0.0012047995449183091,-0.0024259237509506545
0.4,18100,18.1,0.006399999998634403,1.3005726067077361,1.7438209566157183,0.01568526901741236,0.0038764485511832768,0.003769446459560877,4.140920173976769e-06,0.0012301383207429808,-0.0024801742530267084
0.4,18200,18.2,0.006399999995226372,1.3089388398995199,1.7521557289939997,0.01586365047002006,0.003891546296525434,0.003782151319794384,5.8675343508240305e-06,0.0012582770311748385,-0.0025378421866191097
0.4,18300,18.3,0.006399999993076967,1.3173302901320145,1.760508426023365,0.016060397676758754,0.003906979399288164,0.003795165762659908,7.037586502874053e-06,0.0012896818676781906,-0.002598864623052169
0.4,18400,18.400000000000002,0.006399999993053433,1.3257471715137936,1.7688792857892948,0.0162751253398584,0.003922766901244995,0.0038085080725042486,7.279177256231362e-06,0.0013243985241405054,-0.002662952682092547
0.4,18500,18.5,0.006399999995201387,1.3341897194665988,1.7772685621791713,0.016504206605958655,0.003938925927370631,0.003822191126534161,6.556543444005697e-06,0.0013619441784608467,-0.002729617780608256
0.4,18600,18.6,0.006399999998727191,1.34265818665703,1.7856765219155846,0.01674125395808396,0.003955470665769064,0.0038362216404131755,5.178976656186495e-06,0.0014013479204453097,-0.0027982192045565447
0.4,18700,18.7,0.006400000002305026,1.3511528379166677,1.794103440762281,0.0169784452847753,0.003972411639083486,0.003850600022206852,3.678981501148155e-06,0.001441338021440543,-0.002868028661927002
0.4,18800,18.8,0.006400000004589885,1.3596739446568566,1.8025495992841458,0.017208267457642767,0.003989755350118578,0.003865320858701612,2.6070743771093796e-06,0.001480622344468835,-0.0029383056230762473
0.4,18900,18.900000000000002,0.006400000004738,1.3682217793431792,1.8110152785944773,0.01742512592860761,0.004007504350070814,0.0038803739980498545,2.3225805204597153e-06,0.0015181750681391665,-0.0030083759920422936
0.4,19000,19.0,0.006400000002733311,1.3767966105967828,1.819500756531414,0.01762635080174089,0.0040256577363447345,0.0038957461333581516,2.8610394021886527e-06,0.001553441212930159,-0.0030777061193019224
0.4,19100,19.1,0.006399999999393774,1.38539869943426,1.8280063046690314,0.017812359376172825,0.004044212042189566,0.0039114227390246396,3.928920870076928e-06,0.0015864007327296601,-0.0031459644354201685
0.4,19200,19.2,0.0063999999960548766,1.3940282970495617,1.8365321864903426,0.017986019865209955,0.004063162437197432,0.00392739017149775,5.026885157285868e-06,0.0016174845529586352,-0.003213064050756228
0.4,19300,19.3,0.006399999994052961,1.4026856443906779,1.8450786569364919,0.018151510354841888,0.004082504121453107,0.00394363772426878,5.6529509682119504e-06,0.0016473866408096614,-0.0032791814434468
0.4,19400,19.400000000000002,0.006399999994208242,1.4113709736052222,1.853645963409733,0.018313107351624752,0.004102233771816191,0.00396015942722982,5.505976713504545e-06,0.0016768495043606628,-0.003344748685911935
0.4,19500,19.5,0.0063999999965074425,1.4200845112404001,1.8622343481608643,0.01847432393256263,0.004122350890085216,0.003976955404214532,4.609794790752269e-06,0.0017065032238262816,-0.0034104193164093397
0.4,19600,19.6,0.006400000000108975,1.4288264829031763,1.8708440518495446,0.018637649713468016,0.004142858911138821,0.0039940326474940295,3.3091889035897917e-06,0.0017368099342096723,-0.003477010681637138
0.4,19700,19.7,0.006400000003668626,1.4375971189343089,1.8794753179430124,0.01880488382701197,0.004163765953600506,0.004011405128963997,2.138720039622879e-06,0.001768118278737082,-0.003545428077672582
0.4,19800,19.8,0.0064000000058596525,1.4463966605412146,1.8881283975281418,0.018977801641633537,0.004185085132894111,0.004029093237158806,1.6148916960729396e-06,0.001800784775745943,-0.003616578031635282
0.4,19900,19.900000000000002,0.006400000005886205,1.4552253657811254,1.8968035540632646,0.01915875910150614,0.004206834401929896,0.004047122598534794,2.0321246228803397e-06,0.0018352902515477222,-0.0036912793707490872
0.4,20000,20.0,0.006400000003791324,1.4640835147938915,1.905501067595525,0.01935087066823628,0.004229035932634698,0.0040655224027050406,3.341854452443016e-06,0.0018722809780940368,-0.003770181164094895
0.8,0,0.0,0.006400000000000001,0.55,0.5499999999999999,0.0,0.0032,0.003200000000000001,0.0,0.0,0.0
0.8,100,0.1,0.00639999999351373,0.5459669652105634,0.5527850184586469,9.568061168031335e-05,0.0031999890598089545,0.0031999970169029465,1.786840529981109e-06,4.577389725759456e-08,-1.818697625409245e-06
0.8,200,0.2,0.006399999980601792,0.542022043247872,0.5556713011315035,0.00037040362475389423,0.0031999158376179028,0.0031999776190530017,6.306842341863217e-06,6.859942261541183e-07,-6.886312637129797e-06
0.8,300,0.3,0.0063999999662623765,0.5381672618687607,0.5586573673019188,0.0007928340970201307,0.003199729845255245,0.0031999301186501987,1.1622518196427295e-05,3.1429295269886282e-06,-1.4425445366482949e-05
0.8,400,0.4,0.0063999999560461086,0.5344047041913638,0.5617417567725264,0.001317224750188675,0.003199397808189149,0.003199848953701548,1.5551156126631826e-05,8.675405212548084e-06,-2.3473367183768495e-05
0.8,500,0.5,0.006399999953908439,0.5307364879043708,0.5649230147985835,0.0018879894359454833,0.0031989067675877512,0.0031997351055038123,1.652042898670367e-05,1.7822520551208715e-05,-3.2984868721036555e-05
0.8,600,0.6,0.006399999960679271,0.5271647426049193,0.5681996762327078,0.0024452719098905186,0.003198265087679464,0.0031995957645419223,1.4180093135305012e-05,2.989677356649811e-05,-4.1937758243918155e-05
0.8,700,0.7000000000000001,0.006399999973741906,0.5236915872885133,0.5715702507861605,0.0029309688723764674,0.0031975012962757268,0.0031994432888459733,9.532967282308209e-06,4.295289265419888e-05,-4.943047131630144e-05
0.8,800,0.8,0.006399999988045535,0.520319109902226,0.5750332110619598,0.0032946303674592347,0.0031966609113190914,0.0031992935948594,4.535185655225825e-06,5.4272946290922837e-05,-5.476265007910472e-05
0.8,900,0.9,0.006399999998059489,0.5170493505704747,0.5785869846160431,0.003498690967121954,0.0031958016116665723,0.0031991641990126,1.3217797229157736e-06,6.120419241710374e-05,-5.7491784759701926e-05
0.8,1000,1.0,0.006399999999913084,0.5138842896500448,0.5822299508066835,0.003522589453212856,0.0031949872736155164,0.0031990721723683213,1.3591618867418692e-06,6.20431822794322e-05,-5.746179023692782e-05
0.8,1100,1.1,0.006399999992893173,0.5108258412208594,0.5859604426572484,0.003365528388053643,0.0031942814992305807,0.0031990322721159206,4.854708392663026e-06,5.663390665397473e-05,-5.480239349996692e-05
0.8,1200,1.2,0.006399999979720018,0.5078758520318944,0.5897767534399632,0.0030479521256056353,0.0031937412992405017,0.003199055473393513,1.0654264531146665e-05,4.645006079991953e-05,-4.990111824506379e-05
0.8,1300,1.3,0.006399999965494747,0.50503610535915,0.5936771472384653,0.0026123964748813243,0.003193411561213119,0.003199148053261627,1.666946910153622e-05,3.412307670986183e-05,-4.335219479139748e-05
0.8,1400,1.4000000000000001,0.006399999955725651,0.5023083287507809,0.5976598724033859,0.002125326827785887,0.003193320839419282,0.003199311291944717,2.067143579646767e-05,2.2585070624532103e-05,-3.58886820593463e-05
0.8,1500,1.5,0.006399999954197037,0.49969420427872535,0.6017231766029028,0.0016816426378834452,0.003193478858636936,0.0031995417720632755,2.1145034477048493e-05,1.4139609807737958e-05,-2.830532078796094e-05
0.8,1600,1.6,0.0063999999615050865,0.49719537971707595,0.6058653220995255,0.0013998574048172633,0.0031938759463047773,0.0031998321882171963,1.7873899346765133e-05,9.798003769108618e-06,-2.1380076132760763e-05
0.8,1700,1.7,0.006399999974827245,0.4948134790385543,0.6100845999512523,0.0013502038380840934,0.003194484413900807,0.003200172534054928,1.2029754313588165e-05,9.115252021885083e-06,-1.5801979463963416e-05
0.8,1800,1.8,0.006399999989014332,0.49255011075762556,0.6143793420229505,0.0014538119771699157,0.003195261717351078,0.0032005515119665415,5.730731640133982e-06,1.05678463248135e-05,-1.2111818268233743e-05
0.8,1900,1.9000000000000001,0.006399999998582787,0.49040687293104607,0.6187479299752638,0.0015690325183270052,0.003196155054771994,0.0032009580068563335,1.2382068460708504e-06,1.2309315217837921e-05,-1.0660585109449574e-05
0.8,2000,2.0,0.006399999999836268,0.48838535401885536,0.623188800739311,0.00161233280508141,0.003197106923055968,0.0032013824735182255,1.0108490868015204e-07,1.2998085371708438e-05,-1.1588567018314088e-05
0.8,2100,2.1,0.006399999992295748,0.48648712926571713,0.6277004483480222,0.0015728970295000827,0.003198061065086221,0.0032018181020011067,2.5765548224977693e-06,1.2370025327050924e-05,-1.4825754941127591e-05
0.8,2200,2.2,0.0063999999788847805,0.4847137527336487,0.6322814223416934,0.0015055168758749838,0.0031989682054091887,0.003202261645521525,7.549334233284084e-06,1.1332905317721858e-05,-2.01121115969397e-05
0.8,2300,2.3000000000000003,0.006399999964798368,0.4830667455526004,0.6369303232628779,0.0015199191620903624,0.0031997909980547557,0.003202713822733446,1.2978748659980645e-05,1.1550771296447347e-05,-2.7034375946261747e-05
0.8,2400,2.4,0.006399999955493029,0.48154758131117237,0.6416457959781597,0.0017139749459215486,0.003200507694376161,0.003203179243521855,1.669915313596771e-05,1.4688550576233877e-05,-3.507468611718861e-05
0.8,2500,2.5,0.00639999995457566,0.48015766975286484,0.646426521695778,0.002079537893680186,0.0032011141737014466,0.003203665856360519,1.726302730942345e-05,2.162238925625912e-05,-4.366549205198848e-05
0.8,2600,2.6,0.006399999962408094,0.4788983400547758,0.6512712095834711,0.0025273188933103087,0.0032016241517617236,0.0032041839730763714,1.4500184703974117e-05,3.1936703942416206e-05,-5.224505107639205e-05
0.8,2700,2.7,0.006399999975967141,0.47777082494237977,0.6561785888361712,0.0029637350234655636,0.003202067573008026,0.003204744986201636,9.577012722332345e-06,4.391862644658211e-05,-6.030822241143542e-05
0.8,2800,2.8000000000000003,0.006399999990014271,0.4767762467478348,0.6611474019130833,0.0033186495058734606,0.0032024873820057725,0.003205359944022797,4.533690756317587e-06,5.506717271417079e-05,-6.74481994847874e-05
0.8,2900,2.9,0.006399999999122401,0.47591560627480517,0.6661763994795569,0.003547762384859072,0.003202935034991099,0.003206038177399774,1.4797882822401547e-06,6.293308969710463e-05,-7.338609124781718e-05
0.8,3000,3.0,0.0063999999997755765,0.4751897750234067,0.6712643373752923,0.003632469006478957,0.003203465237078419,0.0032067861718929353,1.7611464607429666e-06,6.597415541515107e-05,-7.798671107167135e-05
0.8,3100,3.1,0.006399999991729249,0.4745994909921198,0.6764099757111358,0.0035805269311738443,0.003204130460513529,0.003207606846162967,5.4222015355554144e-06,6.410086552430591e-05,-8.126038200710778e-05
0.8,3200,3.2,0.006399999978104875,0.47414535794624435,0.6816120799934928,0.0034264603166654917,0.0032049758086787577,0.0032084993377085756,1.1173552495147422e-05,5.870315150841689e-05,-8.335187228602235e-05
0.8,3300,3.3000000000000003,0.006399999964182224,0.4738278477570321,0.6868694240049429,0.003229416798504249,0.003206034740560642,0.003209459320778508,1.6878863820216105e-05,5.214566429230715e-05,-8.451862526944956e-05
0.8,3400,3.4,0.006399999955356664,0.4736473051965048,0.6921807940432042,0.0030633767214358174,0.0032073260690408056,0.0032104798031717956,2.0373876082231093e-05,4.692138468717428e-05,-8.510117762534214e-05
0.8,3500,3.5,0.006399999955051763,0.4736039544353649,0.6975449940434884,0.0029927547019817113,0.003208852506675528,0.0032115522827119544,2.0301306083653616e-05,4.478290353116822e-05,-8.54890439505407e-05
0.8,3600,3.6,0.006399999963394769,0.47369790644044496,0.7029608510817275,0.003039002240196506,0.003210600870563631,0.0032126681007287904,1.6638714811934953e-05,4.6177673079596936e-05,-8.608539578918307e-05
0.8,3700,3.7,0.006399999977167405,0.4739291664997509,0.7084272207740266,0.0031684453588216597,0.003212543890312174,0.0032138198133245485,1.0714658632290733e-05,5.019522995919259e-05,-8.727361506080023e-05
0.8,3800,3.8000000000000003,0.006399999991051013,0.4742976412052607,0.7139429921435466,0.003317726864265547,0.0032146434059849545,0.003215002409973489,4.7059296781532134e-06,5.503655772934651e-05,-8.938831231492996e-05
0.8,3900,3.9,0.006399999999684323,0.4748031443783955,0.7195070916103102,0.0034297175435574765,0.0032168546102006746,0.003216214237196386,8.090781938089512e-07,5.8814812142929665e-05,-9.269273804947635e-05
0.8,4000,4.0,0.0063999999997376355,0.4754454016090434,0.7251184858613858,0.00347477017282472,0.0032191308914382684,0.0032174575250360875,4.052023449615728e-07,6.037013876976168e-05,-9.73637578514438e-05
0.8,4100,4.1,0.0063999999912010865,0.4762240532738255,0.7307761834676707,0.003457687005774051,0.003221428782187456,0.0032187384590498195,3.5395426208941053e-06,5.9777997149493625e-05,-0.00010348478980657622
0.8,4200,4.2,0.006399999977388415,0.477138656082034,0.7364792352190189,0.0034161771067870747,0.003223712510511892,0.003220066786143649,8.915743351400832e-06,5.8351330124680546e-05,-0.00011104639274320801
0.8,4300,4.3,0.006399999963654927,0.47818868335107556,0.7422267332434036,0.003409841359199269,0.0032259576977334424,0.0032214549869440624,1.440580100504703e-05,5.8135090474529607e-05,-0.00011995361250215583
0.8,4400,4.4,0.0063999999553255825,0.4793735243254616,0.7480178090522511,0.0034954316679571868,0.0032281538349322935,0.0032229170900278485,1.7877604531046504e-05,6.109021272678982e-05,-0.00013003878689239607
0.8,4500,4.5,0.006399999955634841,0.48069248291884953,0.7538516307099223,0.003695568572279772,0.0032303052988892243,0.0032244672433038054,1.8019575937825607e-05,6.828613536210976e-05,-0.000141078297858123
0.8,4600,4.6000000000000005,0.006399999964475306,0.48214477627818103,0.7597273993602025,0.00398545209221793,0.0032324308216478805,0.00322611819237404,1.4843539874278026e-05,7.941914189682135e-05,-0.00015281173131771308
0.8,4700,4.7,0.00639999997843929,0.4837295335489719,0.7656443453585957,0.0043092636017942,0.003234561491090107,0.003227879839733415,9.671907153972652e-06,9.28487639487416e-05,-0.000164962023486947
0.8,4800,4.8,0.006399999992137205,0.4854457951714875,0.7716017242597102,0.00460748603311737,0.003236737514796366,0.0032297580658008627,4.615154606738601e-06,0.0001061446377268582,-0.00017725538079362097
0.8,4900,4.9,0.006400000000282756,0.48729251297078197,0.777598812898005,0.004836090708080744,0.003239004108223207,0.003231753977337756,1.7430443745664149e-06,0.00011693886668392452,-0.00018943999633669838
0.8,5000,5.0,0.0063999999997381265,0.48926855123072027,0.7836349057811435,0.004975148278709922,0.003241406955859255,0.0032338637082241738,2.271628881840321e-06,0.00012376050197575146,-0.00020130279520289454
0.8,5100,5.1000000000000005,0.0063999999907279675,0.49137268887203406,0.7897093119904003,0.005030607875358384,0.0032439877306049223,0.003236078834175354,6.081938084443202e-06,0.00012653507797808896,-0.00021268359011484034
0.8,5200,5.2,0.0063999999767525035,0.49360362279245995,0.7958213527528033,0.005031119828024062,0.0032467801388857713,0.003238387384513882,1.1757730689213172e-05,0.0001265608336196843,-0.0002234861109560473
0.8,5300,5.3,0.006399999963233323,0.4959599723746045,0.8019703598145311,0.005019453557815161,0.003249806890721674,0.003240775352505145,1.7128555880835245e-05,0.0001259745700953164,-0.00023368540596964768
0.8,5400,5.4,0.00639999995541588,0.4984402851226679,0.8081556747034573,0.005038178279100021,0.003253077885083872,0.0032432285346226256,2.0108470683861706e-05,0.00012691620185997625,-0.00024333113683445593
0.8,5500,5.5,0.006399999956340081,0.5010430433490619,0.8143766489199027,0.005113044705421352,0.003256589765637022,0.003245734480560214,1.9505928405976057e-05,0.0001307161307981866,-0.0002525463490613185
0.8,5600,5.6000000000000005,0.006399999965664204,0.5037666717924418,0.8206326450387741,0.005242502287411598,0.003260326856527359,0.00324828431769437,1.549107178119408e-05,0.00013741915116757922,-0.0002615214315062982
0.8,5700,5.7,0.006399999979797136,0.5066095460071278,0.826923038645223,0.00540049585508465,0.0032642633478956046,0.0032508742279788896,9.538832001494766e-06,0.00014582677740393246,-0.000270503205482786
0.8,5800,5.8,0.006399999993287702,0.5095700013198098,0.8332472209632754,0.005550455116629772,0.003268366479608296,0.0032535063980271557,3.868759095980236e-06,0.0001540377600086081,-0.00027977940345233834
0.8,5900,5.9,0.006400000000933721,0.5126463421048401,0.8396046019775599,0.005661667867638257,0.0032726003793566,0.003256189326160386,5.970657348780898e-07,0.00016027241521723764,-0.00028965918553538117
0.8,6000,6.0,0.006399999999794639,0.5158368510886496,0.845994613798188,0.0057211093492540764,0.003276930154325258,0.003258937443314967,9.276989600171515e-07,0.00016365546093061206,-0.00030045075773621363
0.8,6100,6.1000000000000005,0.0063999999903292405,0.5191397983626892,0.8524167139838932,0.005738420594194374,0.003281325817501404,0.0032617700782879852,4.6942881254935976e-06,0.00016464735457937058,-0.0003124375481650129
0.8,6200,6.2,0.006399999976218171,0.522553449769194,0.8588703885239124,0.005743689584236155,0.003285765651099012,0.0032647098644945443,1.0429325457690592e-05,0.00016494985020031448,-0.0003258547150333895
0.8,6300,6.3,0.006399999962939964,0.5260760743308459,0.8653551541883879,0.0057778058645406374,0.003290238668778931,0.0032677807406421493,1.5933307254468577e-05,0.00016691520304160096,-0.0003408679567771864
0.8,6400,6.4,0.006399999955651459,0.5297059504284334,0.8718705599920538,0.005876757274304305,0.003294745930985613,0.003271005739117452,1.912353917387805e-05,0.00017268138030544284,-0.00035755663393092596
0.8,6500,6.5,0.006399999957192708,0.5334413704919776,0.8784161875760139,0.006055792885360918,0.0032993005864315906,0.0032744047819992083,1.8834520942166703e-05,0.00018336313735193958,-0.0003759030695321975
0.8,6600,6.6000000000000005,0.006399999966988165,0.5372806440597785,0.8849916503945685,0.0063025270220753585,0.0033039266469072287,0.0032779927138025973,1.5260929797833317e-05,0.00019860923431995047,-0.0003957895578394447
0.8,6700,6.7,0.0063999999812693765,0.5412220991724769,0.8915965916929983,0.0065832643814633714,0.003308656638577486,0.003281777789979062,9.872785716572914e-06,0.0002166968495812215,-0.0004170040825849649
0.8,6800,6.8,0.006399999994532933,0.5452640821982206,0.8982306813704972,0.006857537059406856,0.003313528395342918,0.003285760808360628,4.836764371109411e-06,0.00023512907260569212,-0.0004392550461474148
0.8,6900,6.9,0.006400000001669699,0.5494049563199246,0.904893611930846,0.007092381554546625,0.0033185813534916176,0.0032899350159465352,2.168733297157515e-06,0.000251509380576366,-0.00046219448164197714
0.8,7000,7.0,0.006399999999941517,0.5536430990434084,0.9115850938215385,0.007271344299872347,0.0033238527592998977,0.0032942868474674014,2.946480246048377e-06,0.00026436223963643036,-0.000485448326708261
0.8,7100,7.1000000000000005,0.006399999990040605,0.5579768991914258,0.9183048505392126,0.0073971845679188485,0.003329374205177947,0.0032987974610383494,6.888095618841401e-06,0.00027359169765928386,-0.000508651469453816
0.8,7200,7.2,0.00639999997582179,0.5624047539189261,0.9250526139256295,0.007488805337036388,0.003335168864942347,0.0033034449402695276,1.245968260969811e-05,0.0002804110268801234,-0.0005314845388799067
0.8,7300,7.3,0.00639999996281114,0.5669250663071282,0.9318281200862443,0.00757339194970291,0.0033412497114887357,0.00330820694480284,1.7470891970909257e-05,0.00028678132811912416,-0.0005537089135704696
0.8,7400,7.4,0.006399999956068008,0.5715362440600373,0.9386311063284871,0.007675756230744439,0.0033476188831138786,0.0033130635262521623,1.992763796678685e-05,0.0002945861685690604,-0.0005751962598338792
0.8,7500,7.5,0.006399999958227617,0.5762366997347821,0.9454613094390878,0.0078085799733465435,0.0033542682340698647,0.003317999795252938,1.8811471510632496e-05,0.00030486960600074355,-0.0005959491486065625
0.8,7600,7.6000000000000005,0.006399999968481512,0.5810248527914796,0.9523184655043232,0.007967906390313991,0.0033611809771805306,0.0033230081338505822,1.4483152837521883e-05,0.0003174376612240328,-0.0006161099566111562
0.8,7700,7.7,0.0063999999828903455,0.5858991335612834,0.9592023113336264,0.008136082685636528,0.003368334215769013,0.003328089695126058,8.553157234213718e-06,0.0003309792073375725,-0.0006359562925765121
0.8,7800,7.8,0.0063999999959080045,0.5908579890210763,0.9661125873893942,0.008290445107708109,0.0033757020788421593,0.0033332550115743316,3.2680143504702838e-06,0.00034365740041960663,-0.0006558825092785638
0.8,7900,7.9,0.006400000002527397,0.5958998900522925,0.9730490419702548,0.008413522504903258,0.003383259122843124,0.003338523633344112,6.487690895916012e-07,0.00035393680470256804,-0.0006763683274519988
0.8,8000,8.0,0.00640000000021773,0.6010233396734623,0.980011436258474,0.008500783723932825,0.0033909836466212793,0.003343922823055409,1.7139538345748813e-06,0.0003613166196054062,-0.000697937042898941
0.8,8100,8.1,0.006399999989903723,0.6062268815935039,0.9869995497398866,0.00856357339184384,0.003398860582112401,0.0033494854325107335,6.087073896594471e-06,0.00036667394618747904,-0.0007211070448034852
0.8,8200,8.2,0.006399999975607921,0.6115091083534829,0.9940131854491324,0.00862635733866086,0.003406883668660027,0.0033552471683007076,1.2140225832058455e-05,0.0003720702046713404,-0.0007463412918562134
0.8,8300,8.3,0.006399999962894426,0.6168686683198307,1.0010521744913832,0.008718728862936467,0.003415056690311524,0.0033612435121725937,1.7618456200302032e-05,0.0003800811649270071,-0.0007739998607170014
0.8,8400,8.4,0.0063999999567161975,0.6223042708653357,1.0081163793463506,0.00886449632183416,0.0034233936483190684,0.0033675065957167365,2.0503871465341842e-05,0.0003928964751990568,-0.0008043006339840047
0.8,8500,8.5,0.006399999959498771,0.6278146892207173,1.0152056955673057,0.009072224673449997,0.0034319178493652353,0.0033740623372469614,1.9786089890947276e-05,0.0004115263026277747,-0.0008372926196321472
0.8,8600,8.6,0.006399999970201787,0.6333987606866509,1.0223200516380213,0.009331827896180976,0.0034406600050896985,0.0033809281322114975,1.5842102396207648e-05,0.00043541505941970736,-0.0008728453289153239
0.8,8700,8.700000000000001,0.006399999984721507,0.6390553841445223,1.029459406930264,0.009618829614447745,0.0034496555488656233,0.00338811134740026,1.0279841699938066e-05,0.0004626094157588848,-0.0009106561690031989
0.8,8800,8.8,0.006399999997478546,0.6447835150699018,1.0366237478966003,0.009903722098662894,0.0034589414679963245,0.003395608803968276,5.3072223687440765e-06,0.0004904185570377187,-0.000950276053892519
0.8,8900,8.9,0.006400000003576575,0.6505821585090504,1.0438130828189616,0.010161883324876773,0.003468553010127675,0.003403407346459849,2.8718422232662586e-06,0.0005163193635420431,-0.0009911515587762581
0.8,9000,9.0,0.0064000000006967685,0.6564503606987595,1.051027435593353,0.010380452922204568,0.003478520641100835,0.003411485489055021,3.904975467489277e-06,0.0005387690143505269,-0.0010326801192771032
0.8,9100,9.1,0.006399999989995067,0.6623872001688377,1.0582668391480063,0.010560556997980466,0.0034888676027541093,0.003419816014755332,7.96275158346543e-06,0.0005576268205379711,-0.0010742731996358124
0.8,9200,9.200000000000001,0.006399999975655012,0.6683917792449812,1.0655313291518416,0.010714851806839985,0.0034996083458449386,0.003428369290958124,1.340330245850155e-05,0.0005740402462127103,-0.0011154212098192626
0.8,9300,9.3,0.006399999963269209,0.6744632168553191,1.072820938663807,0.010861468966640189,0.0035107480054171543,0.003437116971303612,1.803084670597163e-05,0.0005898575405664395,-0.001155753400723969
0.8,9400,9.4,0.0063999999576755335,0.6806006434336989,1.080135694298847,0.011016449564116374,0.0035222829594995326,0.00344603569407623,1.995661804539532e-05,0.0006068108049935993,-0.0011950861189392236
0.8,9500,9.5,0.006399999961085371,0.6868031985142158,1.087475614348179,0.011187480174796411,0.0035342023854324175,0.0034551103733325666,1.8342334267017784e-05,0.0006257985633073138,-0.0012334536952539447
0.8,9600,9.6,0.00639999997222801,0.6930700313424079,1.0948407091022059,0.011371484500243374,0.003546490618521052,0.003464336715040678,1.3737164336115765e-05,0.0006465532986963768,-0.001271117824366212
0.8,9700,9.700000000000001,0.006399999986842313,0.6994003045155419,1.1022309834023796,0.011557026489203481,0.0035591300376915797,0.0034737226731789863,7.876396647886022e-06,0.0006678243063607547,-0.001308553427036894
0.8,9800,9.8,0.006399999999325419,0.705793200340416,1.109646441216525,0.011730304378661452,0.0035721041586431208,0.0034832886783694116,3.0184098222363358e-06,0.0006880002040802203,-0.0013464114515895696
0.8,9900,9.9,0.006400000004900652,0.7122479292973825,1.1170870918153533,0.011882078364956338,0.0035854006067174643,0.0034930666071938407,1.075457089119377e-06,0.0007059189313548177,-0.00138546159745459
0.8,10000,10.0,0.0064000000014657705,0.7187637397574085,1.1245529569500312,0.012012785147189377,0.0035990136649543866,0.0035030975951854553,2.8739461996316084e-06,0.0007215350349626684,-0.001426520239836371
0.8,10100,10.1,0.00639999999040651,0.7253399279428007,1.1320440783117836,0.012133963084442267,0.003612946141217061,0.003513428914126492,7.830267241416472e-06,0.0007361653006730385,-0.0014703706328514992
0.8,10200,10.200000000000001,0.006399999976060547,0.7319758470702843,1.139560524508573,0.01226535773405588,0.0036272103657762136,0.0035241102232754598,1.4167940894088009e-05,0.0007521950017218221,-0.001517683555607037
0.8,10300,10.3,0.006399999964039296,0.7386709146748773,1.1471023968271314,0.012428484325564596,0.0036418282125942852,0.0035351895590653454,1.9592888574843627e-05,0.0007723361131540243,-0.0015689468093492026
0.8,10400,10.4,0.006399999959056832,0.7454246172797827,1.154669833158944,0.012638868224165142,0.00365683012996542,0.003546709448358222,2.216676536748285e-05,0.0007987049499390568,-0.0016244113345733496
0.8,10500,10.5,0.006399999963105937,0.7522365118353331,1.1622630096459703,0.012900089095467304,0.0036722532648026376,0.003558703519166264,2.1041933489795368e-05,0.0008320614933549723,-0.0016840602477077326
0.8,10600,10.6,0.006399999974687067,0.7591062236733782,1.169882139828948,0.01320224826512364,0.003688138863085523,0.003571193943106164,1.6775304617138196e-05,0.0008714967962698009,-0.0017476049323915583
0.8,10700,10.700000000000001,0.00639999998938855,0.7660334410801467,1.1775274713356167,0.013525452183234182,0.0037045292169328135,0.0035841899781178005,1.1101171386281483e-05,0.0009146892838047713,-0.0018145096608531157
0.8,10800,10.8,0.006400000001593572,0.773017906944529,1.1851992804028744,0.01384657916694261,0.003721464494013964,0.003597687789716369,6.252258897458451e-06,0.0009586387731320457,-0.0018840433141662644
0.8,10900,10.9,0.006400000006653561,0.7800594082537582,1.192897864759669,0.01414644691337746,0.0037389798149135363,0.0036116716165727814,4.092666409137272e-06,0.001000609801365033,-0.0019553538926069276
0.8,11000,11.0,0.006400000002686942,0.7871577644515146,1.2006235355819066,0.014414861248156363,0.003757102929198445,0.00362611621686045,5.398677437434706e-06,0.0010389411240180001,-0.002027558944827389
0.8,11100,11.1,0.006399999991307316,0.7943128158176548,1.2083766093466324,0.014652195923472321,0.0037758527785236333,0.0036409903957326517,9.565661384605856e-06,0.0010734342268990946,-0.002099843071232669
0.8,11200,11.200000000000001,0.006399999976999321,0.8015244130563637,1.2161574004460742,0.01486740190698798,0.0037952391310252594,0.0036562612867517773,1.4853872295279445e-05,0.0011051981973195493,-0.0021715525103925453
0.8,11300,11.3,0.00639999996538349,0.8087924091840025,1.223966215366632,0.015073403100457914,0.003815263339806293,0.003671898959524349,1.907693170427855e-05,0.001136037405144471,-0.0022422766707959015
0.8,11400,11.4,0.00639999996104164,0.8161166545953651,1.2318033490964115,0.01528163121832354,0.0038359201395969373,0.0036878808700763635,2.0465092573651017e-05,0.001167641263464203,-0.002311907404669513
0.8,11500,11.5,0.006399999965744098,0.8234969958762458,1.2396690842095737,0.015497776136259356,0.003857200271090256,0.0037041956723381205,1.836749847745255e-05,0.0012009053258480503,-0.0023806688020097813
0.8,11600,11.6,0.006399999977764725,0.8309332785513496,1.2475636928071678,0.015720392186516767,0.0038790936299314288,0.0037208459721262033,1.3519875342066728e-05,0.001235653652489487,-0.002449113152124462
0.8,11700,11.700000000000001,0.006399999992548944,0.8384253535483847,1.255487441199499,0.01594281983603125,0.0039015925875517006,0.003737849721954432,7.77236062377089e-06,0.0012708675216207576,-0.0025180821992017172
0.8,11800,11.8,0.006400000004476188,0.8459730867650471,1.2634405969254874,0.016157474656286124,0.003924695125913676,0.003755240108801095,3.3813718350905024e-06,0.0013053199363426426,-0.0025886365384163164
0.8,11900,11.9,0.006400000009034872,0.853576370788537,1.2714234374512403,0.016360620809215284,0.003948407462043438,0.0037730639544857935,2.1385691045381695e-06,0.0013383495663146414,-0.00266195954291354
0.8,12000,12.0,0.00640000000456837,0.8612351375746993,1.2794362597012539,0.01655564490433006,0.0039727459006786625,0.0037913788057379705,4.673576654339916e-06,0.0013704468909913497,-0.0027392451694939523
0.8,12100,12.1,0.006399999992916312,0.8689493707736469,1.287479389472711,0.01675346968173816,0.0039977377334478115,0.0038102490190523586,1.0200521926072853e-05,0.001403393731884599,-0.002821581013394531
0.8,12200,12.200000000000001,0.006399999978702993,0.8767191164051541,1.2955531897784487,0.01696979168071801,0.004023421092045431,0.003829741232662394,1.680733404198631e-05,0.0014398691484348314,-0.00290983882848165
0.8,12300,12.3,0.006399999967548255,0.8845444907399378,1.3036580672592313,0.017220009172901903,0.004049843755759333,0.0038499196616983643,2.217726188087963e-05,0.0014826435795741283,-0.003004584291364451
0.8,12400,12.4,0.006399999963893071,0.8924256845172552,1.3117944759920697,0.01751369848918345,0.004077061007881895,0.0038708416567153647,2.4465226710614597e-05,0.0015336481738501332,-0.0031060161012649353
0.8,12500,12.5,0.006399999969281233,0.900362962997501,1.3199629182802097,0.0178508437224894,0.004105132728512358,0.003892553937061654,2.2991932837316507e-05,0.0015932631080236965,-0.003213941737153793
0.8,12600,12.6,0.006399999981762047,0.9083566617734056,1.3281639423163418,0.01822138602347306,0.004134119997891288,0.00391508985498927,1.8489196050064965e-05,0.0016600945430820975,-0.0033277936102506754
0.8,12700,12.700000000000001,0.006399999996645252,0.9164071787023297,1.3363981369329303,0.018608236646237942,0.004164081555446177,0.003938467967031293,1.2803416706013812e-05,0.0017313323554119632,-0.0034466852979501933
0.8,12800,12.8,0.006400000008316085,0.9245149627305868,1.3446661239599715,0.018992458578371042,0.00419507050254811,0.003962692086446309,8.17341579423178e-06,0.0018035674142556995,-0.0035695034107282655
0.8,12900,12.9,0.006400000012408136,0.9326805007172537,1.352968548969792,0.01935861212026019,0.004227131638647831,0.003987752864958499,6.36301719176276e-06,0.0018737793161134244,-0.00369502682450338
0.8,13000,13.0,0.006400000007493269,0.9409043035944153,1.3613060713735081,0.01969846183656548,0.004260299772127889,0.004013630807794845,7.984322821070379e-06,0.0019401469936331337,-0.0038220618888836692
0.8,13100,13.1,0.006399999995634582,0.9491868932979971,1.3696793549240527,0.02001203267068237,0.004294599248271147,0.004040300473938429,1.2273149100579748e-05,0.0020024072580622928,-0.003949580133737867
0.8,13200,13.200000000000001,0.006399999981588397,0.9575287918554781,1.3780890596645763,0.020305966898466133,0.004330044797061182,0.004067735471520421,1.7402458999333987e-05,0.0020616614584080114,-0.004076844204400552
0.8,13300,13.3,0.006399999970964069,0.965930513825117,1.3865358362371842,0.020589998199444962,0.004366643642602705,0.004095913748856515,2.121086395074446e-05,0.0021197401292657346,-0.00420350841371163
0.8,13400,13.4,0.006399999968053642,0.974392562961933,1.395020323245109,0.020872943629895512,0.004404398659054251,0.004124822626588397,2.2062226736867535e-05,0.002178398878883979,-0.004329682423209852
0.8,13500,13.5,0.006399999974171244,0.9829154335683641,1.4035431480618124,0.021159741445428336,0.004443312230270633,0.004154463030518346,1.950143670937515e-05,0.0022386732901868885,-0.004455950013513999
0.8,13600,13.6,0.00639999998714478,0.9914996165135789,1.4121049311326332,0.021450623270096246,0.004483390390911101,0.004184852470705596,1.4450302597140879e-05,0.002300646193377973,-0.004583339370447032
0.8,13700,13.700000000000001,0.006400000002156788,1.0001456094235532,1.4207062934539398,0.02174261892965773,0.0045246468043153186,0.004216026458780594,8.865701839270625e-06,0.0023637073896015538,-0.004713246352379949
0.8,13800,13.8,0.006400000013609061,1.008853930105254,1.4293478665796406,0.02203262225798079,0.004567106164348982,0.004248038238734878,4.9906660399136865e-06,0.0024271822178143533,-0.004847317273329066
0.8,13900,13.9,0.0064000000172894705,1.0176251319201888,1.4380303042315121,0.022320624866671787,0.004610806682980934,0.004280956896808111,4.487228746197017e-06,0.002491051472193435,-0.004987302263439206
0.8,14000,14.0,0.006400000012002484,1.0264598196036772,1.4467542944086076,0.022611686687689644,0.00465580142649586,0.004314864084806915,7.786353630119006e-06,0.002556441874311205,-0.005134893727241613
0.8,14100,14.1,0.006400000000032443,1.0353586639613985,1.4555205708224825,0.02291572070083316,0.0047021583757139215,0.0043498497175020225,1.3907031490849022e-05,0.0026256512761929675,-0.005291566400867317
0.8,14200,14.200000000000001,0.0063999999862601065,1.0443224139723706,1.4643299225378754,0.023245015247581723,0.004749959198727219,0.004386007079744448,2.081581102043114e-05,0.0027016536693015344,-0.005458435772533528
0.8,14300,14.3,0.0063999999762744016,1.0533519050785398,1.4731832008683245,0.02361031960737499,0.004799296833461764,0.00442342780527982,2.6189510278314906e-05,0.0027872359598119798,-0.005636150132557478
0.8,14400,14.4,0.0063999999742100615,1.0624480628203241,1.48208132284638,0.024016955897039758,0.00485027208059595,0.004462197177138685,2.8288273050853755e-05,0.002884070852801764,-0.0058248284093771925
0.8,14500,14.5,0.006399999981147873,1.0716119014464303,1.4910252709315484,0.02446249458603841,0.0049029895038393174,0.004502390160717443,2.6603650824023555e-05,0.0029920682068597933,-0.006024051541092704
0.8,14600,14.6,0.006399999994696888,1.0808445176378352,1.5000160890015863,0.02493694002779594,0.00495755301948633,0.0045440685231373425,2.2033426051124485e-05,0.003109254889749458,-0.006232909863727368
0.8,14700,14.700000000000001,0.006400000009920076,1.0901470799887825,1.5090548750560964,0.025425360102362658,0.005014061620257519,0.004587279317561932,1.6517766278783066e-05,0.0032322446816740744,-0.006450103375852232
0.8,14800,14.8,0.006400000021245453,1.0995208153317224,1.518142771407278,0.025911952585822177,0.005072605705275386,0.0046320549149974815,1.2279265349737954e-05,0.0033571464340494835,-0.006674086298426637
0.8,14900,14.9,0.006400000024623092,1.10896699333374,1.5272809534062666,0.026384091703897362,0.005133264464101588,0.004678414644155668,1.0962049602583708e-05,0.0034806014751983284,-0.006903242608435076
0.8,15000,15.0,0.006400000019093147,1.1184869109941349,1.5364706179263807,0.026835050374143538,0.005196104679229992,0.004726367952902335,1.3003399600575137e-05,0.003600599642914106,-0.007136075655553863
0.8,15100,15.1,0.006400000007158128,1.1280818787142102,1.5457129728774435,0.02726467470168443,0.005261181170102398,0.004775918843049329,1.7480521105689306e-05,0.0037168124329433547,-0.0073713929600426435
0.8,15200,15.200000000000001,0.006399999993815291,1.137753209483897,1.5550092289502566,0.02767802952550586,0.005328538917359641,0.004827071174713952,2.2490416002913056e-05,0.0038303665920738712,-0.007608467106335086
0.8,15300,15.3,0.006399999984623506,1.1475022124448366,1.5643605945915573,0.02808270131266853,0.005398216704701091,0.004879834314904477,2.5913804485134614e-05,0.003943190565082774,-0.00784715540454997
0.8,15400,15.4,0.006399999983552755,1.1573301916711694,1.5737682749043949,0.028485853382043198,0.005470251929259662,0.004934228544470707,2.6264913826866088e-05,0.00405721921451631,-0.00808796461852079
0.8,15500,15.5,0.006399999991448578,1.1672384504973585,1.583233474785455,0.02889214797333217,0.005544686089875628,0.0049902896558889995,2.3295448921870394e-05,0.004173781072564611,-0.008332052275802531
0.8,15600,15.6,0.006400000005705703,1.1772283011674851,1.5927574061872123,0.02930325427404418,0.005621570387028074,0.0050480722734020465,1.811619484847601e-05,0.004293403555246443,-0.008581162404819338
0.8,15700,15.700000000000001,0.0064000000212774185,1.1873010790393963,1.6023412989723476,0.029718988037494752,0.005700970865701342,0.005107651590710501,1.2786661711394137e-05,0.004416091249863781,-0.0088375003467096
0.8,15800,15.8,0.006400000032629857,1.197458160106584,1.6119864144548177,0.03013945008577101,0.005782972596232274,0.00516912341929155,9.52958981045992e-06,0.004541932257363412,-0.009103557830067839
0.8,15900,15.9,0.006400000035885053,1.2077009802512173,1.6216940604367258,0.03056712901207131,0.0058676825009061,0.005232602636058489,9.873056822151197e-06,0.004671746880203059,-0.009381905038104746
0.8,16000,16.0,0.0064000000303232885,1.2180310544514517,1.6314656063839554,0.031007959145979574,0.005955230574390417,0.005298220280201814,1.4051821299339786e-05,0.004807467651993691,-0.009674970297561973
0.8,16100,16.1,0.006400000018663126,1.2284499941564784,1.6413024973554873,0.031470750403844214,0.00604576939512408,0.005366119656082125,2.090012990139908e-05,0.004952040654905303,-0.009984829817349782
0.8,16200,16.2,0.006400000006010768,1.238959521216034,1.6512062654154163,0.031965064304630524,0.00613947197033844,0.005436451848924936,2.8278890872961016e-05,0.005108826679995821,-0.010313029384121392
0.8,16300,16.3,0.006399999997885332,1.2495614770901118,1.6611785375022605,0.032498258119864364,0.006236528094597443,0.005509371064188975,3.3874060966334054e-05,0.0052806839041266524,-0.010660457125994073
0.8,16400,16.4,0.006399999998084178,1.2602578265353621,1.6712210390825486,0.033072804472001845,0.006337139529976699,0.005585030178643529,3.6059984324091136e-05,0.005469051978216327,-0.01102728167307647
0.8,16500,16.5,0.006400000007214683,1.271050655519733,1.681335593339842,0.03368493989648535,0.006441514433880267,0.005663576858514941,3.449659522681347e-05,0.005673375879149152,-0.011412963759556492
0.8,16600,16.6,0.006400000022460663,1.2819421637010784,1.6915241161041479,0.0343252024237125,0.00654986156133733,0.005745150565531053,3.0232432365305903e-05,0.005891097607144194,-0.011816342143917217
0.8,16700,16.7,0.006400000038674081,1.2929346523611334,1.7017886071654105,0.03498069580175216,0.006662384838693185,0.005829880731376507,2.5276428121346432e-05,0.006118245393873605,-0.012235787353390565
0.8,16800,16.8,0.006400000050369347,1.3040305091588749,1.7121311389953207,0.035638288829907556,0.006779278926333917,0.005917886322191349,2.1806521913631915e-05,0.00635043815361957,-0.01266940987368912
0.8,16900,16.9,0.006400000053848621,1.3152321914102767,1.7225538441863213,0.0362876768930407,0.006900726341795732,0.0060092769233375835,2.1322967568609723e-05,0.006583977471468599,-0.0131153036503219
0.8,17000,17.0,0.006400000048635442,1.3265422097803032,1.7330589030763133,0.03692336688869654,0.007026896591815783,0.0061041553446659555,2.4074705409309334e-05,0.006816675111986461,-0.013571801705242068
0.8,17100,17.1,0.006400000037661495,1.3379631142681485,1.7436485330445037,0.03754509058263778,0.007157947567251053,0.0062026215863886115,2.898049233250174e-05,0.007048169134292381,-0.014037718742603053
0.8,17200,17.2,0.00640000002613458,1.3494974841759027,1.754324980833479,0.03815671650336441,0.007294029209330383,0.006304777839386485,3.407400414342344e-05,0.007279675071590611,-0.014512556098316323
0.8,17300,17.3,0.00640000001952562,1.3611479233894959,1.765090518984584,0.038764224976566425,0.007435289193851974,0.006410734055368943,3.72984341775427e-05,0.0075133256901692815,-0.01499664735404212
0.8,17400,17.400000000000002,0.0064000000214539665,1.372917061801583,1.7759474470916592,0.03937358103763887,0.0075818801421833155,0.006520613545397742,3.734013663353514e-05,0.007751394418637577,-0.015491228221398205
0.8,17500,17.5,0.006400000032289535,1.3848075631163614,1.7868980981179674,0.039989299688585535,0.007733967691155317,0.0066345580715645525,3.417530561146351e-05,0.007995720447917536,-0.015998421483959337
0.8,17600,17.6,0.006400000049012956,1.3968221386541477,1.7979448495280905,0.040614162513868506,0.007891738662723977,0.006752731987406521,2.9114614194576152e-05,0.00824755098351461,-0.016521136198826725
0.8,17700,17.7,0.00640000006638803,1.408963566181743,1.8090901385107234,0.04125004306204631,0.008055408575830796,0.006875325137213773,2.4325245600221097e-05,0.008507830263103377,-0.01706288915536014
0.8,17800,17.8,0.006400000078992427,1.4212347122943771,1.820336480159386,0.04189933206053748,0.008225227827444757,0.007002554405802888,2.201253214158361e-05,0.00877777013559592,-0.017627564821992722
0.8,17900,17.900000000000002,0.006400000083321051,1.4336385565189647,1.8316864871795207,0.04256620939618835,0.008401486015731669,0.007134663977180274,2.357594303241044e-05,0.009059410911800767,-0.01821913676442407
0.8,18000,18.0,0.006400000079147466,1.446178215134493,1.8431428895347295,0.0432570791837297,0.008584514060244337,0.007271924480195334,2.9065061572744442e-05,0.009355874497537307,-0.01884137802040226
0.8,18100,18.1,0.006400000069616583,1.4588569627326164,1.854708552449282,0.043979832502566055,0.008774683970287227,0.007414631258040184,3.714615726845634e-05,0.009671128334768828,-0.019497589650748114
0.8,18200,18.2,0.006400000060032364,1.4716782497679057,1.8663864913489236,0.0447420915492574,0.00897240630966461,0.007563102004409891,4.559341733806163e-05,0.010009273781010651,-0.020190375452390847
0.8,18300,18.3,0.006400000055810269,1.4846457147500522,1.8781798826313156,0.045549029369707235,0.009178125598277496,0.007717673987097477,5.211683363703348e-05,0.010373570382612263,-0.020921486745814
0.8,18400,18.400000000000002,0.00640000006038632,1.4977631902694415,1.8900920695802175,0.0464015739202738,0.009392314076448858,0.007878701059877624,5.520927340293754e-05,0.010765530311393172,-0.02169175466073627
0.8,18500,18.5,0.006400000073893165,1.5110347026694364,1.902126563231944,0.04729569880672775,0.009615464431695633,0.008046550668054061,5.46884370020128e-05,0.011184415628083545,-0.022501119090942087
0.8,18600,18.6,0.0064000000931148104,1.5244644658228146,1.9142870385207897,0.04822311317659967,0.009848082237482163,0.008221601086860047,5.172781149302092e-05,0.011627343222215706,-0.023348754264936124
0.8,18700,18.7,0.006400000112738547,1.538056870073942,1.9265773265215929,0.049173153265635886,0.010090678957987048,0.008404239180076904,4.836850072580805e-05,0.012089995010428588,-0.0242332815364798
0.8,18800,18.8,0.006400000127418745,1.5518164679147217,1.9390014040257908,0.05013526047687572,0.010343766405814116,0.00859485900014425,4.670438834792934e-05,0.012567721715420883,-0.02515305138230843
0.8,18900,18.900000000000002,0.006400000133854611,1.565747958322472,1.9515633819914486,0.051101263691039615,0.010607853477519762,0.0087938615405533,4.8058847148330414e-05,0.01305669575410582,-0.0261064694854726
0.8,19000,19.0,0.006400000132076561,1.5798561718666888,1.9642674945679715,0.052066806652582995,0.010883445823587686,0.009001655878325179,5.247351266894195e-05,0.013554761774987302,-0.027092336857492544
0.8,19100,19.1,0.006400000125444217,1.5941460586700187,1.9771180903949577,0.05303160102314796,0.011171048842963834,0.009218661812097774,5.870767129374023e-05,0.014061753535391738,-0.028110171736302866
0.8,19200,19.2,0.006400000119355941,1.6086226810865356,1.990119627709387,0.05399860379824866,0.011471174056389583,0.009445313935488281,6.474788229259198e-05,0.014579246060801175,-0.02916048181561569
0.8,19300,19.3,0.006400000119170093,1.6232912125557692,2.003276674478747,0.05497256634014898,0.011784348553022676,0.009682066926307655,6.862867792689272e-05,0.015109915250110404,-0.030244959288197537
0.8,19400,19.400000000000002,0.006400000128142874,1.6381569435404477,2.0165939143378364,0.05595856663610417,0.01211112687357243,0.009929401720695945,6.924363046587493e-05,0.015656805899836555,-0.03136657799642793
0.8,19500,19.5,0.0064000001461804665,1.653225294811319,2.0300761585848828,0.05696106694087521,0.012452104437685713,0.010187832203503286,6.682890606100225e-05,0.016222815735214335,-0.03252958113628387
0.8,19600,19.6,0.006400000169889751,1.6685018376660243,2.0437283639391417,0.05798376943367455,0.012807931475476327,0.010457912083689238,6.292763892335948e-05,0.016810587588687663,-0.03373935861688684
0.8,19700,19.7,0.006400000193907324,1.6839923200281555,2.057555655232816,0.059030182285834044,0.013179326393889142,0.010740241711920513,5.984425834224966e-05,0.01742281210349398,-0.03500222427373856
0.8,19800,19.8,0.006400000212992772,1.699702696831954,2.0715633517591776,0.06010450207766495,0.013567087589080488,0.011035474696070208,5.97955789029255e-05,0.01806275585002015,-0.036325113501081
0.8,19900,19.900000000000002,0.006400000224076045,1.7156391627128884,2.0857569956732136,0.061212286350153876,0.013972102883747603,0.011344324237346742,6.408348364280045e-05,0.018734720001066178,-0.03771523038172728
0.8,20000,20.0,0.006400000227465556,1.7318081848343216,2.100142380675001,0.06236048039273531,0.014395355996626304,0.011667569119604565,7.260665558738111e-05,0.019444147574063632,-0.03917967911841633
1.2,0,0.0,0.006400000000000001,0.55,0.5499999999999999,0.0,0.0032,0.003200000000000001,0.0,0.0,0.0
1.2,100,0.1,0.006399999985405977,0.5459669687146281,0.5527850219376207,0.00014352091854070948,0.003199975384631334,0.0031999932882624364,4.020391365542947e-06,1.0299127029384478e-07,-4.092070123630784e-06
1.2,200,0.2,0.006399999956355242,0.5420220977729876,0.5556713548847138,0.000555605500946206,0.0031998106382879286,0.003199949656899027,1.4190405375709229e-05,1.5434873634084214e-06,-1.5494231570830394e-05
1.2,300,0.3,0.006399999924095463,0.5381675285463914,0.5586576283924968,0.0011892518506330238,0.0031993921897509416,0.003199842915740213,2.615076613575256e-05,7.071599821170356e-06,-3.2457547352614186e-05
1.2,400,0.4,0.0063999999011164046,0.5344055131635665,0.5617425434942698,0.0019758409402136643,0.003198645258984778,0.0031996609085434965,3.499056619118687e-05,1.9519737105122074e-05,-5.281656970817905e-05
1.2,500,0.5,0.006399999896316341,0.5307383714197278,0.5649248346846998,0.0028319980645508972,0.0031975408636890365,0.0031994065888599405,3.7172342121520346e-05,4.010106518810013e-05,-7.422096354225692e-05
1.2,600,0.6,0.006399999911558625,0.5271684437661049,0.5682032302818688,0.003667947272783789,0.003196098077149231,0.003199097275668776,3.190816092009709e-05,6.726918597961015e-05,-9.437278815908868e-05
1.2,700,0.7000000000000001,0.006399999940950882,0.5236980449314748,0.5715764154674917,0.004396546868291357,0.003194381365608395,0.0031987621294403963,2.1453952781522095e-05,9.664812182541263e-05,-0.00011124562870484456
1.2,800,0.8,0.00639999997312562,0.5203294224642718,0.5750430017243512,0.00494214027795158,0.0031924933609521057,0.003198438184991988,1.020977729114439e-05,0.00012212375263475657,-0.0001232651027443744
1.2,900,0.9,0.006399999995639493,0.5170647237950232,0.5786015054807713,0.005248402128738878,0.0031905639039387893,0.0031981655295972833,2.9774026974237244e-06,0.00013772862452475384,-0.00012943546511875778
1.2,1000,1.0,0.006399999999788745,0.5139059743960578,0.5822503376524749,0.005284515776030186,0.0031887365668764435,0.00319798235620839,3.053908405881298e-06,0.00013963053493555957,-0.00012940336663752925
1.2,1100,1.1,0.0063999999839772495,0.5108550683801456,0.5859878045748586,0.005049308753392619,0.0031871540921377802,0.003197920615190812,1.0904206417323261e-05,0.00012747759443543653,-0.0001234565242041031
1.2,1200,1.2,0.0063999999543338515,0.5079137715676793,0.5898121196696952,0.004573462086143704,0.0031859442463542443,0.0031980028386033575,2.3931526865925086e-05,0.00010458277726696955,-0.00011246143475664483
1.2,1300,1.3,0.006399999922340357,0.5050837357983282,0.5937214241966186,0.003920766707846391,0.003185207494441099,0.003198240463245105,3.743965800181842e-05,7.686205788678309e-05,-9.7749751234448e-05
1.2,1400,1.4000000000000001,0.006399999900388092,0.5023665221890339,0.5977138146819949,0.0031908297815080285,0.003185007666206459,0.0031986337005542615,4.6418695298219155e-05,5.090697347279285e-05,-8.096713514364096e-05
1.2,1500,1.5,0.006399999896982747,0.49976363024308185,0.6017873741463792,0.002525692164099698,0.0031853664562236945,0.0031991727617144885,4.746613659931535e-05,3.189560453897307e-05,-6.390106209372469e-05
1.2,1600,1.6,0.006399999913453043,0.4972765292608333,0.6059402040869196,0.002102446043174584,0.0031862622043011355,0.0031998400927705246,4.0101293102143116e-05,2.2101396822302327e-05,-4.8305073543062644e-05
1.2,1700,1.7,0.00639999994343682,0.49490668842227276,0.6101704543050359,0.002026125092248662,0.003187632987463849,0.0032006132214227184,2.696416551418748e-05,2.052591444719825e-05,-3.573634541113373e-05
1.2,1800,1.8,0.006399999975343282,0.49265560219858057,0.6144763480693431,0.0021794353946517253,0.003189383649012647,0.0032014678455683453,1.2820083624424069e-05,2.374969319730361e-05,-2.7421296059437986e-05
1.2,1900,1.9000000000000001,0.0063999999968385,0.49052480836258316,0.6188562007147964,0.0023508038976754277,0.0031913960257500774,0.003202380863776934,2.7522204082332466e-06,2.7631394826629914e-05,-2.416050792337525e-05
1.2,2000,2.0,0.0063999999996182605,0.48851589673264983,0.6233084305303039,0.0024152845330447114,0.0031935413374298304,0.0032033331175902696,2.3737781495630796e-07,2.9167996877825053e-05,-2.627983009462133e-05
1.2,2100,2.1,0.00639999998262144,0.48663050780343653,0.6278315615972371,0.0023570903162791024,0.0031956934970942745,0.0032043116577603276,5.8450657023518825e-06,2.7779373795483596e-05,-3.362961173099667e-05
1.2,2200,2.2,0.006399999952440425,0.48487032147760695,0.6324242190261401,0.002259072976329813,0.003197742008312474,0.0032053113588025864,1.7058642776231775e-05,2.5517053561918206e-05,-4.5629111012784685e-05
1.2,2300,2.3000000000000003,0.006399999920769899,0.4832370371012845,0.6370851177205927,0.0022858833747655127,0.0031996031505886276,0.0032063357089921266,2.928351683907127e-05,2.6126314015146846e-05,-6.134876966507348e-05
1.2,2400,2.4,0.006399999899881327,0.4817323468198961,0.6418130463125917,0.0025824698277323306,0.003201228322313851,0.003207396627922926,3.764891350692313e-05,3.334575205573926e-05,-7.961971591811156e-05
1.2,2500,2.5,0.0063999998978744,0.48035790483155016,0.6466068482223979,0.003134709580634747,0.0032026087020410507,0.0032085132376299223,3.8903835709610147e-05,4.913202077461635e-05,-9.915789828080023e-05
1.2,2600,2.6,0.006399999915542892,0.4791152953762417,0.6514654018833926,0.0038087141573494667,0.0032037757772499452,0.0032097096432074797,3.267278051349608e-05,7.253151766197127e-05,-0.0001186898030900002
1.2,2700,2.7,0.0063999999460676955,0.4780060022525404,0.6563876020517356,0.004464795702333218,0.003204797733154962,0.0032110119461453146,2.1585963696104e-05,9.967200331786583e-05,-0.00013706770024655204
1.2,2800,2.8000000000000003,0.00639999997765569,0.47703138232680525,0.6613723438267932,0.0049982366317120564,0.003205772139862426,0.0032124448778920152,1.0235644887414954e-05,0.0001249118471329414,-0.00015336453211910737
1.2,2900,2.9,0.006399999998103271,0.47619264495107005,0.6664185105922933,0.005342877956916704,0.003206815769132654,0.0032140285537217194,3.3654682705797535e-06,0.00014273172431253204,-0.000166941517334214
1.2,3000,3.0,0.006399999999518584,0.47549083851225193,0.6715249666074391,0.005470997505123671,0.003208052663771202,0.0032157758680074196,3.997240109539274e-06,0.00014965906850534708,-0.00017748484087492372
1.2,3100,3.1,0.006399999981375207,0.47492684458292916,0.6766905544875014,0.005394334746019853,0.003209601739920095,0.003217690965348474,1.222407064144013e-05,0.00014549423676058534,-0.00018501103129538754
1.2,3200,3.2,0.00639999995071572,0.47450137941509773,0.6819140973619228,0.005164655690227973,0.0032115652120162466,0.00321976904190906,2.51408162455917e-05,0.00013336834199302084,-0.0001898434614481993
1.2,3300,3.3000000000000003,0.0063999999194264525,0.47421500188315974,0.6871944051196005,0.00487044016179622,0.003214018999585374,0.003221997498713306,3.794212968414792e-05,0.0001186059368481879,-0.00019256464540456293
1.2,3400,3.4,0.006399999899638028,0.4740681264929618,0.6925302838674936,0.004622130400516114,0.00321700602945356,0.003224358238365548,4.5765734166096406e-05,0.00010682044719687625,-0.00019395054954405243
1.2,3500,3.5,0.006399999899031444,0.4740610397612928,0.6979205475495932,0.004515774330245845,0.0032205330225760125,0.0032268307204792643,4.5569052099402026e-05,0.00010196108900853657,-0.00019489398513177137
1.2,3600,3.6,0.006399999917866057,0.4741939181458727,0.703364030598661,0.004583553085470957,0.0032245709914477828,0.0032293953024141358,3.7313179175942184e-05,0.00010504479443665167,-0.00019632434960845468
1.2,3700,3.7,0.0063999999488793865,0.4744668457620534,0.7088596005155972,0.004775768959664293,0.0032290593094022615,0.0032320363975246323,2.3994999700589208e-05,0.00011403984578046479,-0.0001991306035285612
1.2,3800,3.8000000000000003,0.00639999998009745,0.4748798303363848,0.7144061693782787,0.004998452776032644,0.003233912878142194,0.0032347450643563464,1.051287499031546e-05,0.00012492265077114226,-0.00020409348816254757
1.2,3900,3.9,0.0063999999994681644,0.4754328161838795,0.7200027034563116,0.005166767518034873,0.003239031638475989,0.0032375207625245455,1.8018613234855121e-06,0.00013347743292710121,-0.0002118316957829575
1.2,4000,4.0,0.006399999999524856,0.47612569341186683,0.725648230330154,0.005236887184193306,0.003244311459352738,0.003240372137764786,9.565802053305283e-07,0.00013712493689984053,-0.00022276511469783843
1.2,4100,4.1,0.006399999980275473,0.476958303000927,0.7313418431599817,0.005216509499178668,0.0032496553157840614,0.0032433168039742847,8.064534960729495e-06,0.00013605985677510643,-0.00023709653121870952
1.2,4200,4.2,0.006399999949199432,0.47793043784503514,0.7370827019981808,0.005162355298650154,0.0032549836380775504,0.003246380165814286,2.0198042042073553e-05,0.00013324956114750663,-0.0002548114578819843
1.2,4300,4.3,0.006399999918353475,0.47904184020650464,0.7428700322678575,0.005163191925322171,0.003260242790246884,0.0032495933802340906,3.256525181570375e-05,0.00013329275428856037,-0.00027569425823176366
1.2,4400,4.4,0.006399999899706376,0.480292196324612,0.7487031207207431,0.005302508161261329,0.0032654108153183726,0.0032529906065322514,4.0373130355190836e-05,0.00014058296400121503,-0.00029935761650065336
1.2,4500,4.5,0.006399999900507743,0.4816811290918918,0.7545813093303854,0.005612400317788827,0.003270499860211302,0.003256605757261378,4.0680854524225465e-05,0.0001574951866355807,-0.0003252817581247425
1.2,4600,4.6000000000000005,0.006399999920482891,0.483208189776809,0.760503987667061,0.0060548925472398455,0.003275555040624485,0.0032604690392135888,3.3526900879916764e-05,0.0001833086187931031,-0.0003528596790282018
1.2,4700,4.7,0.006399999951939199,0.48487284973837713,0.7664705843431817,0.006546695755142079,0.0032806498913016207,0.0032646036514740544,2.1895191879260913e-05,0.00021429612655197658,-0.0003814449092677133
1.2,4800,4.8,0.006399999982742795,0.48667449297107657,0.7724805581208702,0.006999444689767437,0.0032858789235588833,0.003269023059829743,1.05357370589358e-05,0.0002449611298255678,-0.0004103988675303341
1.2,4900,4.9,0.006400000001013718,0.4886124101663282,0.7785333892478473,0.0073479119307348975,0.0032913481311965813,0.003273729264136703,4.099029521562442e-06,0.0002699590487091812,-0.0004391354725503097
1.2,5000,5.0,0.006399999999722799,0.49068579480818436,0.7846285715434376,0.007562738391842149,0.0032971645046348213,0.0032787123969082402,5.30923840058393e-06,0.00028597505991721583,-0.000467161200138063
1.2,5100,5.1000000000000005,0.006399999979411588,0.49289374165777705,0.7907656056995305,0.007653044294954594,0.0033034257022284646,0.0032839518355240477,1.3886115403036643e-05,0.0002928454349026853,-0.0004941091086466462
1.2,5200,5.2,0.0063999999479828614,0.49523524783568923,0.7969439941930505,0.007661596193675877,0.0033102109782011833,0.0032894187978716152,2.6635379530464617e-05,0.00029350028117474346,-0.0005197654887951462
1.2,5300,5.3,0.006399999917642735,0.49770921658591327,0.8031632381245648,0.007651911887083267,0.003317574290972954,0.003295080161440748,3.8674487036326006e-05,0.00029275877763843103,-0.0005440877994457232
1.2,5400,5.4,0.006399999900177701,0.5003144636937074,0.8094228361978525,0.007686985380981238,0.00332554024440169,0.0033009030466170687,4.5320447651747024e-05,0.0002954487212370963,-0.0005672125597299013
1.2,5500,5.5,0.006399999902393987,0.5030497264230727,0.8157222859346844,0.007804870137883077,0.003334103188982466,0.003306859578491929,4.390916712514276e-05,0.00030457998934609504,-0.0005894520215516461
1.2,5600,5.6000000000000005,0.006399999923484026,0.5059136747293684,0.8220610870784829,0.008003459007883965,0.0033432294735800186,0.003312931212880808,3.484130710417781e-05,0.0003202767804543949,-0.0006112788505353734
1.2,5700,5.7,0.006399999955338997,0.5089049243851437,0.8284387469859855,0.00824470719944343,0.0033528625279485,0.0033191120826206472,2.1448094112250262e-05,0.00033987598402277164,-0.000633298733365172
1.2,5800,5.8,0.006399999985686568,0.5120220515356105,0.8348547876487472,0.008475188314334772,0.0033629301983333203,0.003325410968239319,8.726493836521227e-06,0.00035914408481718343,-0.0006562117595397758
1.2,5900,5.9,0.006400000002839676,0.5152636080837181,0.8413087538412204,0.008650189695854297,0.0033733535674243353,0.0033318516868806143,1.4303226104750726e-06,0.00037412890887131934,-0.0006807644829470669
1.2,6000,6.0,0.006400000000218887,0.5186281372071345,0.8478002217752609,0.008751163044169074,0.0033840563715826963,0.0033384718863128196,2.2530742160484555e-06,0.0003829142731281527,-0.0007076956050208298
1.2,6100,6.1000000000000005,0.006399999978898415,0.5221141882454668,0.8543288075668456,0.008792969053061598,0.0033949740840329527,0.003345320396829542,1.0803064693693787e-05,0.000386581523840495,-0.0007376790904982688
1.2,6200,6.2,0.00639999994719061,0.5257203301788499,0.8608941748002122,0.008820298968277705,0.003406061763570123,0.003352453418042026,2.376551168177845e-05,0.0003889883694490038,-0.0007712691155523219
1.2,6300,6.3,0.006399999917429673,0.5294451629578973,0.8674960405131751,0.008893075218595278,0.0034172998759924344,0.0033599299007423165,3.618769631932218e-05,0.00039543393421796725,-0.0008088514898423672
1.2,6400,6.4,0.006399999901199105,0.5332873260442925,0.8741341790252264,0.00906324705813375,0.0034286974802574606,0.003367806536880612,4.338971331855189e-05,0.00041071223618385034,-0.0008506060654413696
1.2,6500,6.5,0.0063999999048495486,0.537245503680388,0.8808084231823674,0.00935196913162526,0.003440292427613295,0.0033761328049351923,4.2762189401164404e-05,0.0004372966331943585,-0.0008964841502944615
1.2,6600,6.6000000000000005,0.0063999999270414575,0.5413184266197065,0.8875186627903473,0.009740143844567258,0.003452148533162562,0.0033849465380117265,3.4756939901869216e-05,0.0004743520105643073,-0.000946204094599007
1.2,6700,6.7,0.006399999959263408,0.5455048703081331,0.8942648402383578,0.010177986043591176,0.0034643500155609025,0.0033942704811272665,2.2689491282399164e-05,0.0005179569995176838,-0.000999267028224844
1.2,6800,6.8,0.00639999998912563,0.5498036497928303,0.901046943562257,0.010606192196611384,0.003476993820278251,0.00340411026637438,1.1432553375147548e-05,0.000562456564557301,-0.0010549932154594493
1.2,6900,6.9,0.006400000005154273,0.5542136119320032,0.9078649974409463,0.010976648777884547,0.0034901806983782305,0.0034144541422770434,5.508778714544721e-06,0.0006024340919651717,-0.001112577706180717
1.2,7000,7.0,0.006400000001231402,0.5587336257575911,0.9147190528398763,0.011265504098845077,0.003504006064150795,0.003425274636892788,7.323385848566056e-06,0.0006345579130054761,-0.0011711619986662235
1.2,7100,7.1000000000000005,0.0063999999789625586,0.5633625720743901,0.9216091761886926,0.011477020850927682,0.0035185516742963128,0.003436532119564072,1.6222604849154996e-05,0.0006586100380631439,-0.0012299164578101253
1.2,7200,7.2,0.006399999947055767,0.568099333531074,0.9285354390832471,0.011638932867002117,0.003533879054371385,0.003448179979487927,2.8743613417321243e-05,0.0006773237914129108,-0.001288126491633777
1.2,7300,7.3,0.006399999917952194,0.5729427864420099,0.9354979095170106,0.011790828827327498,0.003550025364998673,0.0034601709018144008,3.995968699708953e-05,0.0006951182221766856,-0.0013452742580346542
1.2,7400,7.4,0.006399999903012178,0.577891795553146,0.9424966455617951,0.01196864200921763,0.003567002090996341,0.003472463540808794,4.539953591880049e-05,0.0007162419577240451,-0.001401107222435803
1.2,7500,7.5,0.006399999908119416,0.5829452127236928,0.9495316922317714,0.012190678415694468,0.003584796601403558,0.0034850288044430263,4.279671393823543e-05,0.000743063201174395,-0.0014556854128397977
1.2,7600,7.6000000000000005,0.006399999931404323,0.5881018801485455,0.9566030819894021,0.012451340671397174,0.003603376315972664,0.003497854996405221,3.2989986640570146e-05,0.0007751794225759474,-0.001509400790190079
1.2,7700,7.7,0.006399999963967534,0.5933606383034016,0.9637108390108747,0.012725524673728802,0.003622694960618206,0.0035109512054325247,1.962358159565455e-05,0.0008096948911084028,-0.0015629646747872539
1.2,7800,7.8,0.006399999993323761,0.598720338300177,0.9708549869559091,0.01298116458498752,0.003642700219458769,0.0035243485594787047,7.760432959264528e-06,0.0008425531699126711,-0.0016173623884856497
1.2,7900,7.9,0.006400000008233333,0.6041798578496647,0.9780355596225134,0.013193894843572572,0.00366334199628774,0.0035380992292038866,1.942285769434232e-06,0.0008703943057162546,-0.0016737778087439834
1.2,8000,8.0,0.0064000000030519175,0.6097381195989563,0.9852526135521885,0.013358107197186315,0.003684580474207009,0.0035522733242739656,4.4450120926624205e-06,0.000892195139457604,-0.0017334939469793242
1.2,8100,8.1,0.0063999999799151195,0.6153941102948308,0.9925062414214842,0.013490949707745644,0.003706393196561758,0.0035669540392541817,1.4402662966953966e-05,0.0009100286200846117,-0.0017977785389523863
1.2,8200,8.2,0.006399999947912535,0.6211468990602713,0.999796584938676,0.013628022869125695,0.003728780477310664,0.00358223155366542,2.813850992282696e-05,0.0009286150366070647,-0.0018677656295934403
1.2,8300,8.3,0.0063999999195708075,0.6269956530814289,1.0071238459743455,0.013811624398927044,0.0037517685836917706,0.003598196272490994,4.057525257431694e-05,0.0009538048426851843,-0.0019443450318714578
1.2,8400,8.4,0.006399999906006497,0.6329396491893807,1.0144882947932383,0.014075147508204745,0.0037754103219307497,0.003614932022190299,4.7179930446790216e-05,0.0009905488868886115,-0.002028071255449954
1.2,8500,8.5,0.00639999991262446,0.6389782801693681,1.0218902745104341,0.014429943007403837,0.0037997828984491677,0.0036325098100127313,4.569299898046941e-05,0.0010411162759846144,-0.002119102070802523
1.2,8600,8.6,0.006399999937026371,0.6451110551086042,1.029330201245065,0.014860910165554493,0.0038249832143507382,0.0036509827219602387,3.6975169326642955e-05,0.0011042332547434046,-0.002217174423354652
1.2,8700,8.700000000000001,0.0063999999699388965,0.651337593658716,1.0368085598582426,0.01533278333401936,0.0038511210536085736,0.0036703824762216964,2.4647345347882927e-05,0.0011754712238399095,-0.0023216221290791664
1.2,8800,8.8,0.006399999998802365,0.657657614688702,1.0443258956011499,0.015803423090038664,0.0038783109037973124,0.0036907180526318836,1.3666041853851223e-05,0.0012487409068138364,-0.0024314359062945178
1.2,8900,8.9,0.006400000012631409,0.664070920382338,1.0518828024233435,0.016237818892839217,0.0039066633532295345,0.0037119766696291595,8.388293785402394e-06,0.0013183338119832312,-0.002545362115995917
1.2,9000,9.0,0.006400000006266535,0.6705773773329178,1.0594799090587146,0.01661776865562068,0.003936277095701528,0.0037341271706149964,1.0877002992287105e-05,0.0013807511754586458,-0.0026620324385009217
1.2,9100,9.1,0.006399999982371377,0.6771768965540993,1.0671178642780204,0.01694491716280964,0.003967232517776744,0.003757125620868606,2.010376200088598e-05,0.001435651088272404,-0.0027801130065472617
1.2,9200,9.200000000000001,0.0063999999504026125,0.6838694145132095,1.0747973228397565,0.01723711393531735,0.003999587645453264,0.0037809226346146078,3.2357864073832344e-05,0.001485590484095558,-0.002898458677834651
1.2,9300,9.3,0.006399999922950968,0.6906548772716997,1.0825189336629255,0.017519734788195577,0.004033376918592128,0.003805471696965036,4.270235542946264e-05,0.0015347055352435517,-0.003016256583279209
1.2,9400,9.4,0.0063999999108692845,0.6975332295755413,1.0902833315778249,0.017815054500925468,0.004068612896708278,0.0038307375704190274,4.691177517600042e-05,0.0015868808343547241,-0.0031331431657887457
1.2,9500,9.5,0.006399999919072976,0.7045044102892053,1.0980911336933363,0.018133655326847607,0.004105290641636985,0.0038567038238318595,4.313897491313552e-05,0.001644147277564543,-0.003249280798873548
1.2,9600,9.6,0.006399999944638172,0.7115683549488017,1.1059429409781012,0.01847131890782287,0.00414339422696771,0.003883378612844555,3.266268124925643e-05,0.0017059481109724728,-0.0033653836873958213
1.2,9700,9.700000000000001,0.00639999997793359,0.7187250054841309,1.1138393451315693,0.01881256014142483,0.004182904626437937,0.003910798062796506,1.942298508871323e-05,0.0017695620953736312,-0.003482687791763198
1.2,9800,9.8,0.006400000006348471,0.7259743264035426,1.1217809402739294,0.019139013664275225,0.004223808143022384,0.003939026916656436,8.521165135012413e-06,0.0018315092202065694,-0.0036028654386719315
1.2,9900,9.9,0.006400000019173663,0.7333163260341433,1.129768338471602,0.019438975420016893,0.004266104543569698,0.003968156451682826,4.261584074482034e-06,0.0018893688269001052,-0.0037278913870534463
1.2,10000,10.0,0.0064000000117471895,0.7407510808434384,1.137802187694628,0.01971429479353064,0.00430981413423531,0.003998299978099693,8.49146578999961e-06,0.001943267096031147,-0.00385987266240896
1.2,10100,10.1,0.006399999987259579,0.7482787605022679,1.1458831905218494,0.019982037028628684,0.004354983123855165,0.004029586465114139,1.988016407183875e-05,0.0019964090190674392,-0.004000858784849004
1.2,10200,10.200000000000001,0.006399999955520353,0.7558996512252295,1.1540121218010433,0.020270148863997688,0.004401686761012159,0.004062152974321623,3.441714265584995e-05,0.002054394674843134,-0.0041526515973124125
1.2,10300,10.3,0.006399999929162658,0.7636141750581832,1.162189843547055,0.02060839863252984,0.004450029895571246,0.004096136625464123,4.693741999903501e-05,0.0021235304709862892,-0.004316634482858033
1.2,10400,10.4,0.006399999918754991,0.771422903159384,1.1704173156145417,0.021017806626656806,0.0045001448162757885,0.004131666800916378,5.308663992360355e-05,0.0022087409769776943,-0.004493639315338472
1.2,10500,10.5,0.006399999928711683,0.7793265617028896,1.1786956010883318,0.02150280366655176,0.0045521864606588485,0.004168858243660366,5.096859130256948e-05,0.002311852827611359,-0.004683866194521461
1.2,10600,10.6,0.006399999955585092,0.7873260297622112,1.1870258658542276,0.022049461533934275,0.004606325376530301,0.0042078056389638924,4.184137505522767e-05,0.0024308937696822363,-0.0048868662046465654
1.2,10700,10.700000000000001,0.006399999989400544,0.7954223293380611,1.195409372396747,0.02263040214555618,0.004662739108869796,0.004248580193650754,2.9596711660260865e-05,0.0025606755063479684,-0.005101591531128236
1.2,10800,10.8,0.006400000017517691,0.8036166084993707,1.203847468462507,0.02321401155315703,0.004721602944951728,0.004291228622041542,1.9227548147685137e-05,0.0026944516619505413,-0.005326510759573807
1.2,10900,10.9,0.006400000029523834,0.8119101193341958,1.2123415717719528,0.023774123300168586,0.004783081116906998,0.004335774790289171,1.4880022429536357e-05,0.002826044693458095,-0.005559780593559964
1.2,11000,11.0,0.006400000021265463,0.8203041929846241,1.2208931524039246,0.02429678902305483,0.004847319584646436,0.004382224045112281,1.824573810183972e-05,0.0029516697841541887,-0.005799459130749283
1.2,11100,11.1,0.0063999999964575215,0.8288002144062379,1.2295037147702932,0.024782300502609936,0.004914441377595914,0.004430569965424774,2.7917389925307643e-05,0.0030708120910083038,-0.006043740827496779
1.2,11200,11.200000000000001,0.006399999965247459,0.8373995996036205,1.2381747812061732,0.02524236588547089,0.004984545171508716,0.004480802961365913,3.9956605268151695e-05,0.0031858851774799234,-0.0062911899503752455
1.2,11300,11.3,0.006399999940289514,0.8461037779266362,1.2469078791057957,0.025693845624810658,0.005057707364042937,0.004532919863614155,4.945237289610671e-05,0.0033008685149580087,-0.0065409481752216935
1.2,11400,11.4,0.006399999931848752,0.8549141815726747,1.2557045332354395,0.026151514498413967,0.0051339874630735955,0.004586933463234488,5.246385121495252e-05,0.0034195085528037797,-0.006792893398478063
1.2,11500,11.5,0.0063999999438296064,0.8638322437623628,1.2645662643753843,0.026622629503757895,0.00521343619472039,0.004642880931669737,4.7591662847849876e-05,0.0035438220084718017,-0.007047730853880172
1.2,11600,11.6,0.006399999972266432,0.8728594062035204,1.2734945948267684,0.02710536230571554,0.005296105439008821,0.0047008301920194945,3.656503795059254e-05,0.0036735033286205247,-0.007307004025333
1.2,11700,11.700000000000001,0.006400000006860393,0.8819971355173034,1.2824910606286333,0.02759154027114454,0.00538205894449511,0.004760883604172617,2.361299389379389e-05,0.0038064654726709555,-0.007573021008372084
1.2,11800,11.8,0.006400000034968082,0.8912469473722517,1.291557229638984,0.02807233801281523,0.005471382757751379,0.004823178707122092,1.3858761421158087e-05,0.003940280807528756,-0.007848700998855302
1.2,11900,11.9,0.006400000046498187,0.9006104362591502,1.3006947240174236,0.028544415781888818,0.0055641943990628485,0.004887886150387138,1.1355546538868252e-05,0.004073918361646717,-0.008137354411137386
1.2,12000,12.0,0.006400000037820711,0.9100893082333394,1.3099052451748792,0.02901393027945004,0.005660649978785811,0.004955205265118311,1.752172280593709e-05,0.004209040751303941,-0.008442417680193291
1.2,12100,12.1,0.0064000000131755955,0.9196854136193754,1.3191905989809258,0.029496719356964796,0.005760948641721918,0.005025357923453407,3.058036569631433e-05,0.004350282264117709,-0.008767169181813753
1.2,12200,12.200000000000001,0.006399999983035164,0.9294007766522009,1.3285527189718886,0.03001439370454571,0.005865333930557483,0.005098581401844395,4.6220812656914324e-05,0.004504319147257367,-0.009114455309280994
1.2,12300,12.3,0.006399999960054083,0.9392376193209117,1.3379936854884502,0.03058762526787637,0.005974091876716391,0.005175120929348467,5.9228389879850805e-05,0.004678014097640145,-0.009486455333530772
1.2,12400,12.4,0.006399999954174387,0.9491983772541409,1.3475157390705148,0.03122911126406342,0.0060875458741386805,0.005255222517746708,6.545497001867981e-05,0.0048762869517162645,-0.009884510359445946
1.2,12500,12.5,0.006399999968780339,0.9592857062805973,1.3571212870090166,0.03193896838273813,0.006206048682126884,0.005339126589112463,6.337206265247636e-05,0.005100488506767731,-0.010309035871879218
1.2,12600,12.6,0.006399999999391927,0.9695024792351106,1.3668129026429394,0.03270438572841145,0.006329972231801326,0.005427062867854588,5.461030101557308e-05,0.005347884229363615,-0.010759529630643177
1.2,12700,12.700000000000001,0.006400000035402765,0.9798517735691664,1.3765933177290863,0.03350359046737863,0.0064596962423648695,0.005519246983583743,4.328165543705673e-05,0.005612452871029121,-0.011234677717012026
1.2,12800,12.8,0.006400000064190135,0.9903368512717321,1.3864654089323913,0.03431245979578899,0.006595596927688722,0.0056158792026775785,3.435154218175765e-05,0.005886724486188176,-0.0117325520945461
1.2,12900,12.9,0.006400000076006267,1.0009611334217197,1.396432180117522,0.03511126928924203,0.006738037219214096,0.005717145621245112,3.169496693075838e-05,0.006164006155508351,-0.01225088388689205
1.2,13000,13.0,0.006400000067757495,1.0117281722986946,1.4064967426063397,0.035889315228639425,0.006887359888397598,0.005823221973303631,3.65919443747926e-05,0.006440214737903249,-0.012787388476221776
1.2,13100,13.1,0.006400000044208159,1.0226416243107292,1.4166622958497446,0.036646150724781196,0.007043884695927477,0.005934279932331412,4.724587707264831e-05,0.006714701814716907,-0.013340112275840284
1.2,13200,13.200000000000001,0.006400000016143041,1.0337052270172746,1.4269321110117477,0.037389439158015327,0.007207910248427404,0.006050495452318734,5.951088867386448e-05,0.006989850802754652,-0.013907767376031614
1.2,13300,13.3,0.006399999996199389,1.0449227832178203,1.4373095197640464,0.03813055565068663,0.00737972067535146,0.006172058381703356,6.854438569054958e-05,0.007269696371150552,-0.01449001981769653
1.2,13400,13.4,0.006399999993982313,1.056298154462891,1.4477979101511005,0.03887976329695138,0.007559596648094068,0.006299182377382514,7.074136937496481e-05,0.007558179970134839,-0.015087700371004074
1.2,13500,13.5,0.006400000012354284,1.067835265474772,1.458400730744601,0.03964283753671686,0.007747829752369512,0.006432114113944119,6.519666818351907e-05,0.007857772839812639,-0.015702913361955503
1.2,13600,13.6,0.006400000046335702,1.079538119923615,1.4691215035227232,0.04042035591640511,0.007944738872402107,0.006571140946534444,5.412317747058751e-05,0.008169025862044328,-0.016339028812115765
1.2,13700,13.700000000000001,0.0064000000850424,1.0914108268960907,1.4799638450631765,0.04120974016259622,0.008150687087831877,0.006716596507536085,4.20580568002722e-05,0.00849121342134348,-0.017000554988469314
1.2,13800,13.8,0.006400000115910416,1.1034576363356055,1.4909314948198045,0.042009001750639166,0.008366097611678027,0.0068688641116880856,3.4158345586816346e-05,0.008823781140426024,-0.017692901093468535
1.2,13900,13.9,0.006400000129572335,1.1156829808399547,1.5020283485497885,0.04282047502229797,0.008591467465809285,0.007028378204263528,3.42408325715962e-05,0.009167965405676225,-0.0184220517787483
1.2,14000,14.0,0.006400000123497465,1.1280915205714233,1.5132584944497431,0.04365286155962126,0.008827377842175216,0.007195624320304119,4.332136855074333e-05,0.0095278616117173,-0.019194185019249913
1.2,14100,14.1,0.006400000102986338,1.1406881877337844,1.5246262492998142,0.04452059291625009,0.009074500387376123,0.007371138084545295,5.921716452872463e-05,0.009910415968072288,-0.02001527150153609
1.2,14200,14.200000000000001,0.006400000079133883,1.1534782271311894,1.5361361919325833,0.04544057173435307,0.009333598954820721,0.007555503688469669,7.73660061767914e-05,0.010324227797724437,-0.020890696368057734
1.2,14300,14.3,0.006400000064550309,1.1664672297372274,1.5477931916352217,0.04642739888639125,0.00960552669958935,0.007749352103928893,9.254715312244439e-05,0.010777516836780417,-0.021824942728870794
1.2,14400,14.4,0.006400000068495816,1.1796611569240152,1.5596024296278264,0.04748884457755793,0.009891218766691846,0.007953359128609358,0.0001008414543219867,0.011275951796557266,-0.022821371077684637
1.2,14500,14.5,0.006400000093313495,1.1930663539576745,1.5715694124841386,0.04862328374839074,0.01019168125603804,0.008168243291120852,0.00010107718791066884,0.011821118612382601,-0.023882120254138668
1.2,14600,14.6,0.0064000001335418645,1.2066895524651604,1.5836999772030549,0.04982006639521256,0.01050797762079089,0.008394763710208662,9.520843947302655e-05,0.01241019507811694,-0.02500814471504766
1.2,14700,14.700000000000001,0.006400000178051358,1.2205378627152221,1.596000288522091,0.05106265096909626,0.01084121411516083,0.008633718179536481,8.748681016788452e-05,0.013036971619958737,-0.026199390546772578
1.2,14800,14.8,0.006400000214377751,1.2346187576292553,1.60847682990665,0.052333311159314125,0.011192526266872322,0.008885941960525966,8.275453600041974e-05,0.013693877284487961,-0.027455099833508915
1.2,14900,14.9,0.0064000002335752315,1.24894005134807,1.6211363903747391,0.05361775405582742,0.011563068512980154,0.009152307913465664,8.452673186292952e-05,0.014374317749955992,-0.02877422067468951
1.2,15000,15.0,0.006400000233710193,1.2635098758430696,1.6339860498572198,0.05490817968339492,0.011954009031245844,0.009433728603313487,9.361094699676992e-05,0.015074540980719916,-0.030155889328565826
1.2,15100,15.1,0.006400000220642792,1.2783366594088719,1.647033166094092,0.056204000241827055,0.012366531397880286,0.00973116085629973,0.00010780242677527837,0.015794448215916482,-0.03159994267622899
1.2,15200,15.200000000000001,0.006400000205793982,1.293429110868146,1.660285366091464,0.0575103171155744,0.01280184404478207,0.01004561295822316,0.0001227747633066034,0.016537182873669648,-0.0331074144341875
1.2,15300,15.3,0.0064000002017626095,1.3087962129481645,1.6737505448996064,0.05883501675076154,0.01326119767293537,0.010378154370090873,0.00013382028300381216,0.017307795980311954,-0.0346809681045794
1.2,15400,15.4,0.006400000217490161,1.3244472275771848,1.6874368739352903,0.060185752000618785,0.013745909936276857,0.010729927603531482,0.00013776296287062193,0.018111623719399943,-0.03632522400458874
1.2,15500,15.5,0.00640000025484664,1.3403917148580828,1.7013528203064487,0.061567997763825696,0.01425739597613736,0.011102161831230417,0.0001342975145870349,0.01895309174323223,-0.0380469468103404
1.2,15600,15.6,0.006400000307959584,1.3566395662998558,1.7155071776764617,0.06298484610733898,0.014797202862012075,0.011496187926026465,0.0001262285412972144,0.01983545419582588,-0.039855073217202046
1.2,15700,15.700000000000001,0.00640000036554822,1.3732010516420674,1.729909108221799,0.06443844626643702,0.015367045728013366,0.01191345486888971,0.0001185082667778479,0.020761566786162457,-0.041760575284295165
1.2,15800,15.8,0.006400000415358473,1.3900868774214383,1.7445681942941285,0.0659323067808729,0.015968843378111268,0.01235554772465379,0.00011643598902403073,0.02173534538723569,-0.04377617206366631
1.2,15900,15.9,0.006400000448982923,1.407308254427838,1.7594944975970679,0.06747333195089236,0.016604751319743538,0.012824207523668082,0.00012370726345037417,0.022763252622776568,-0.04591591828065564
1.2,16000,16.0,0.00640000046519873,1.4248769704837747,1.7746986231145754,0.06907258336549908,0.017277190514828813,0.013321353313706225,0.00014106007893983376,0.023855108863919103,-0.04819471230619524
1.2,16100,16.1,0.006400000470532297,1.442805464630148,1.790191784742509,0.07074427556748135,0.017988870564295847,0.013849106345543276,0.0001660359414185987,0.02502376262783869,-0.050627775008564115
1.2,16200,16.2,0.00640000047683148,1.461106898845451,1.8059858696053952,0.07250322603226436,0.018742806550936974,0.014409815907374916,0.00019394452387557382,0.026283588925428085,-0.05323015543078407
1.2,16300,16.3,0.006400000496786913,1.4797952238588974,1.8220934983815493,0.0743616112949192,0.01954232936606378,0.01500608587988129,0.00021965745373264965,0.027648246171883273,-0.056016318374774075
1.2,16400,16.4,0.006400000539138639,1.4988852363960739,1.838528079576348,0.07632618663131618,0.020391090055325328,0.015640800819468965,0.00023953903285502327,0.029128433828392558,-0.05899986319690323
1.2,16500,16.5,0.006400000605425081,1.5183926262450058,1.8553038565165678,0.0783969791705975,0.021293059534904825,0.016317150426855696,0.0002527720623831709,0.030730431715375494,-0.06219341313409411
1.2,16600,16.6,0.006400000689537236,1.538334012756289,1.8724359468134075,0.08056792151655331,0.022252525904531494,0.017038651667396074,0.0002615744372869084,0.03245594988748748,-0.06560870120716472
1.2,16700,16.7,0.0064000007802522685,1.5587269716871457,1.8899403750742618,0.08282918389133209,0.023274092421170338,0.017809168516303216,0.0002702345308640467,0.034303368520520544,-0.06925686320860588
1.2,16800,16.8,0.006400000865768404,1.5795900545557957,1.907834100647244,0.08517038160934548,0.024362679863075967,0.01863293015644667,0.0002833528799170063,0.036269969517407685,-0.07314893155107892
1.2,16900,16.9,0.006400000938487138,1.6009428037829312,1.926135043073949,0.08758360028241385,0.025523537369818286,0.01951454927312668,0.0003039860910652913,0.038354435192148234,-0.07729650698767135
1.2,17000,17.0,0.006400000998194336,1.6228057677647332,1.9448621086282936,0.09006534919429308,0.026762265787335114,0.020459042711927396,0.0003324265717701894,0.040558835627449746,-0.0817125697002881
1.2,17100,17.1,0.006400001052410564,1.6452005205671383,1.9640352217682078,0.09261701933053704,0.028084857045514992,0.021471857115430534,0.0003661039486768694,0.04288956134836536,-0.0864123784055772
1.2,17200,17.2,0.006400001113779988,1.6681496910987035,1.9836753654766226,0.09524398901882494,0.02949775220285183,0.022558902254766176,0.00040065684615274606,0.04535708722109024,-0.091414397411081
1.2,17300,17.3,0.006400001195513122,1.6916770063858186,2.0038046342975617,0.0979539775277691,0.031007919639657686,0.023726594723879137,0.0004317665507188162,0.04797490856755347,-0.09674118828629599
1.2,17400,17.400000000000002,0.006400001306656231,1.7158073529529512,2.024446303391669,0.10075544118230127,0.032622953646861054,0.024981914595040962,0.0004570443364438611,0.050758294639200854,-0.1024202059108905
1.2,17500,17.5,0.006400001449025,1.740566859355594,2.0456249161856723,0.10365668459960059,0.03435119252556052,0.02633247763322457,0.0004772383682502406,0.05372354131090537,-0.1084844483889157
1.2,17600,17.6,0.0064000016170004115,1.76598300171514,2.067366392246119,0.10666598610549632,0.036201854433106175,0.027786625739844688,0.000496284608045372,0.05688816295928968,-0.11497292612328551
1.2,17700,17.7,0.00640000180027421,1.7920847327828853,2.0896981559682377,0.10979256920463615,0.038185188676352455,0.029353538354674025,0.0005201693704323979,0.06027204126277409,-0.12193093586395877
1.2,17800,17.8,0.0064000019884897785,1.8189026337509233,2.1126492856486827,0.1130478796234723,0.040312639994075895,0.03104336744151724,0.0005550278903387944,0.06389911543681544,-0.1294101487742576
1.2,17900,17.900000000000002,0.006400002175995678,1.846469086867935,2.1362506816191864,0.11644649288188305,0.04259702357982894,0.03286739828183253,0.0006051969772976724,0.06779892852245221,-0.13746854518541568
1.2,18000,18.0,0.006400002364879059,1.8748184660309126,2.1605352514562055,0.12000612403010992,0.04505270915380481,0.0348382375518372,0.0006719571137947089,0.07200734902365064,-0.14617025047820828
1.2,18100,18.1,0.006400002565123075,1.903987342005192,2.185538109924445,0.12374657242540509,0.04769581329261243,0.03697002915581019,0.0007534337752201466,0.07656607093518014,-0.15558534459369983
1.2,18200,18.2,0.006400002791843606,1.9340146988356828,2.211296791304164,0.12768786432392035,0.05054440049010164,0.03927869727449178,0.0008456823442071334,0.08152095347801945,-0.1657897307949764
1.2,18300,18.3,0.006400003060699572,1.9649421583744062,2.237851472105595,0.13184818627505904,0.05361869508774861,0.04178221540941917,0.0009445283347581741,0.08691972112011336,-0.17686515689133975
1.2,18400,18.400000000000002,0.006400003383282976,1.99681421064977,2.2652452028723187,0.13624230550627164,0.056941308306586544,0.04450090022389871,0.0010474499588676764,0.0928098290483213,-0.18889948415439126
1.2,18500,18.5,0.0064000037643063,2.0296784489958846,2.2935241487793543,0.140881013101234,0.06053748711899966,0.04745772997649081,0.0011547833338344889,0.09923729926215033,-0.201987295927169
1.2,18600,18.6,0.006400004201717685,2.0635858103746654,2.322737839984028,0.1457717711206493,0.06443539453781366,0.05067868942917282,0.0012698039433506013,0.10624704627825483,-0.21623092998687424
1.2,18700,18.7,0.006400004689747607,2.0985908230684656,2.352939434119696,0.1509203409338863,0.0686664339262298,0.05419314621874343,0.0013976847553609799,0.11388474653800239,-0.23174200674858897
1.2,18800,18.8,0.006400005223761468,2.1347518657913445,2.384185994856883,0.1563328738362008,0.07326563295944695,0.0580342675849684,0.0015437777484361905,0.12219983720942738,-0.24864351027851747
1.2,18900,18.900000000000002,0.006400005805108522,2.1721314441495423,2.4165387920113486,0.16201785931092968,0.0782721057188293,0.06223949076537457,0.0017119377083372356,0.13124893367848103,-0.2670724620659136
1.2,19000,19.0,0.006400006444167827,2.2107964921612453,2.450063630170747,0.16798746322141817,0.08372961395724254,0.0668510650450316,0.0019035987920073313,0.1410989389978366,-0.28718321034795025
1.2,19100,19.1,0.006400007160512311,2.2508187081151374,2.484831214162798,0.17425807458370773,0.08968725083704593,0.07191668826251846,0.0021180281245465464,0.15182938278810526,-0.30915134285170387
1.2,19200,19.2,0.006400007980247813,2.2922749353178915,2.5209175608329875,0.1808501942050398,0.09620027254746846,0.07749026555095803,0.002353727149100204,0.1635339637200031,-0.33317822098728195
1.2,19300,19.3,0.006400008931706502,2.335247599194551,2.5584044674973647,0.18778802181520798,0.1033311054337896,0.08363282340313448,0.002610506344418244,0.1763217056863452,-0.359496131935981
1.2,19400,19.400000000000002,0.006400010041343496,2.3798252127464243,2.597380048077427,0.1950991556053346,0.11115055901360442,0.0904136180344022,0.002891495172924398,0.19031840258957283,-0.38837406476916037
1.2,19500,19.5,0.006400011331651467,2.426102962571994,2.6379393483421802,0.2028147031534548,0.11973927899858824,0.09791148372294857,0.0032043698179178453,0.20566901907611998,-0.4201241402839232
1.2,19600,19.6,0.0064000128221736174,2.4741833876038766,2.6801850519531385,0.21096987572944959,0.12918947972724426,0.1062164745484823,0.0035613797381694534,0.22254144232649709,-0.4551087635182195
1.2,19700,19.7,0.006400014533554543,2.524177162545177,2.724228289248615,0.2196048985596191,0.13960700284504998,0.11543186193835785,0.003978216441020702,0.24113155735690298,-0.493748624047777
1.2,19800,19.8,0.006400016493483984,2.5762039978800435,2.77018956106484,0.22876591608737626,0.15111375932504478,0.12567656097409333,0.00447221719452922,0.2616692218164824,-0.5365317428166657
1.2,19900,19.900000000000002,0.006400018742735436,2.6303936684949787,2.818199790546939,0.23850556248579174,0.1638506258231936,0.1370880710786886,0.0050606611888020505,0.28442451668331964,-0.5840238560312684
1.2,20000,20.0,0.006400021339617368,2.6868871836066357,2.868401517039108,0.24888300273921277,0.17798088494269862,0.14982603249958287,0.00575989637331633,0.30971374526243495,-0.6368805377384155
