probe_id,point_norm_squared,e1_direct,e1_canonical,e1_residual,e2_direct,e2_canonical,e2_residual,e3_direct,e3_canonical,e3_residual,e4_direct,e4_canonical,e4_residual,e5_direct,e5_canonical,e5_residual
0,7.539341486677877,3.1413922861157766,3.1413922861157824,5.773159728050814e-15,3.8450062671069496,3.8450062671069665,1.687538997430238e-14,2.2770825106590458,2.2770825106590644,1.865174681370263e-14,0.6518231320507437,0.6518231320507528,9.103828801926284e-15,0.07770713706107459,0.07770713706107685,2.2620794126737565e-15
1,9.530344518427997,3.9709768826783334,3.9709768826783325,8.881784197001252e-16,6.34797023182008,6.347970231820071,8.881784197001252e-15,5.199864067301685,5.199864067301675,9.769962616701378e-15,2.2871633073115176,2.287163307311509,8.43769498715119e-15,0.5090255786646254,0.5090255786646233,2.1094237467877974e-15
2,1.0055642613896618,0.41898510891235946,0.41898510891235907,3.885780586188048e-16,0.06689517643094872,0.06689517643094857,1.5265566588595902e-16,0.00494711616516467,0.004947116165164648,2.168404344971009e-17,0.00015896943150581466,0.00015896943150581322,1.4365678785432934e-18,1.4621823028770646e-06,1.4621823028770288e-06,3.578714202149419e-20
3,1.8068531883414392,0.7528554951422666,0.7528554951422664,2.220446049250313e-16,0.21755109383144494,0.2175510938314447,2.498001805406602e-16,0.029616033406278205,0.029616033406278153,5.204170427930421e-17,0.0018384838066451577,0.0018384838066451534,4.336808689942018e-18,4.030717636668962e-05,4.030717636668943e-05,1.8973538018496328e-19
4,6.957147117458009,2.8988112989408354,2.898811298940837,1.3322676295501878e-15,3.38628647401843,3.3862864740184335,3.552713678800501e-15,2.0278013138022004,2.027801313802202,1.7763568394002505e-15,0.6516715504565759,0.6516715504565768,8.881784197001252e-16,0.10578217830811233,0.10578217830811257,2.3592239273284576e-16
5,4.699079386158549,1.9579497442327298,1.9579497442327287,1.1102230246251565e-15,1.4668147489037886,1.4668147489037868,1.7763568394002505e-15,0.5137310051725067,0.5137310051725058,8.881784197001252e-16,0.0802848337188149,0.08028483371881466,2.3592239273284576e-16,0.004066802466672169,0.0040668024666721345,3.469446951953614e-17
6,0.13842953034936162,0.057678970978900714,0.057678970978900665,4.85722573273506e-17,0.001349241433439889,0.0013492414334398864,2.6020852139652106e-18,1.63740666446794e-05,1.6374066644679358e-05,4.0657581468206416e-20,1.0874361331640178e-07,1.0874361331640148e-07,3.044024654195142e-22,3.749206324446925e-10,3.7492063244469063e-10,1.8611563782443123e-24
7,2.6381928791095364,1.099247032962307,1.099247032962307,0.0,0.47820650511777857,0.4782065051177785,5.551115123125783e-17,0.10414452778622704,0.10414452778622693,1.1102230246251565e-16,0.01179135112995249,0.011791351129952478,1.214306433183765e-17,0.0006467639363701169,0.0006467639363701157,1.1926223897340549e-18
8,10.097994514561535,4.207497714400639,4.20749771440064,8.881784197001252e-16,6.786611306114935,6.786611306114934,8.881784197001252e-16,5.128376693338659,5.128376693338662,3.552713678800501e-15,1.7336593940770428,1.7336593940770468,3.9968028886505635e-15,0.19091843082631002,0.1909184308263104,3.885780586188048e-16
9,3.9903780977002454,1.662657540708436,1.6626575407084356,4.440892098500626e-16,1.0744625966319798,1.0744625966319794,4.440892098500626e-16,0.3351629207950868,0.3351629207950859,8.881784197001252e-16,0.05043128173014313,0.05043128173014279,3.400058012914542e-16,0.0031567028407461332,0.0031567028407460907,4.2500725161431774e-17
10,4.263713720088935,1.7765473833703909,1.7765473833703895,1.3322676295501878e-15,1.2304080675260503,1.2304080675260478,2.4424906541753444e-15,0.4136154188139964,0.4136154188139951,1.27675647831893e-15,0.0678468272256045,0.06784682722560416,3.469446951953614e-16,0.00475607386552795,0.004756073865527909,4.0766001685454967e-17
11,7.890861085467136,3.287858785611311,3.2878587856113066,4.440892098500626e-15,4.189650523514386,4.189650523514371,1.509903313490213e-14,2.567017077104114,2.567017077104096,1.8207657603852567e-14,0.7538765206410741,0.7538765206410643,9.880984919163893e-15,0.09090403158457065,0.0909040315845685,2.1510571102112408e-15
12,1.1060594604322482,0.4608581085134369,0.4608581085134367,1.6653345369377348e-16,0.08015072336960402,0.08015072336960397,5.551115123125783e-17,0.006306451089008341,0.006306451089008327,1.3877787807814457e-17,0.0001997008699002834,0.00019970086990028283,5.692061405548898e-19,9.822157437023995e-07,9.822157437023825e-07,1.6940658945086007e-20
13,1.7678999053569773,0.7366249605654053,0.7366249605654073,1.9984014443252818e-15,0.21072601545632919,0.21072601545633046,1.27675647831893e-15,0.029096421051231284,0.029096421051231624,3.400058012914542e-16,0.0019417096120514865,0.0019417096120515297,4.3151246464923076e-17,5.429545439286164e-05,5.429545439286399e-05,2.3445871979999033e-18
14,4.955934684760001,2.064972785316668,2.0649727853166673,8.881784197001252e-16,1.6058111808030975,1.6058111808030948,2.6645352591003757e-15,0.56113415006069,0.5611341500606873,2.6645352591003757e-15,0.07678089901355245,0.07678089901355144,1.0130785099704553e-15,0.00102977561639574,0.0010297756163955936,1.463672932855431e-16
15,4.637474692529035,1.9322811218870954,1.9322811218870979,2.4424906541753444e-15,1.5126876162341154,1.5126876162341198,4.440892098500626e-15,0.6118774895153638,0.6118774895153669,3.1086244689504383e-15,0.1343479147567694,0.1343479147567704,9.992007221626409e-16,0.015127629632278781,0.015127629632278924,1.4224732503009818e-16
16,2.9909006131534825,1.2462085888139536,1.2462085888139511,2.4424906541753444e-15,0.6203990325678731,0.6203990325678703,2.7755575615628914e-15,0.15661792805087205,0.1566179280508707,1.3600232051658168e-15,0.020931093791468798,0.020931093791468545,2.5326962749261384e-16,0.0013894109031704484,0.001389410903170425,2.3418766925686896e-17
17,2.6380021734281236,1.0991675722617176,1.0991675722617182,6.661338147750939e-16,0.48409701146145573,0.4840970114614561,3.885780586188048e-16,0.10919428196052632,0.10919428196052647,1.5265566588595902e-16,0.013309163719232102,0.013309163719232138,3.642919299551295e-17,0.0008319885128573839,0.0008319885128573862,2.2768245622195593e-18
18,0.25506917845016086,0.10627882435423373,0.1062788243542337,2.7755575615628914e-17,0.004464084533424442,0.004464084533424437,5.204170427930421e-18,9.32311679468218e-05,9.32311679468216e-05,2.0328790734103208e-19,9.95046289312247e-07,9.950462893122446e-07,2.329340604949326e-21,4.976024547260692e-09,4.976024547260673e-09,1.9025154088719637e-23
19,1.830117610427905,0.7625490043449609,0.7625490043449605,3.3306690738754696e-16,0.23101434278827637,0.2310143427882761,2.7755575615628914e-16,0.035299249634389414,0.03529924963438934,7.632783294297951e-17,0.0028423282416404827,0.0028423282416404757,6.938893903907228e-18,0.00011327884623182068,0.00011327884623182024,4.472333961502706e-19
20,5.884148187500878,2.451728411458694,2.451728411458699,4.884981308350689e-15,2.3807025570908755,2.3807025570908866,1.1102230246251565e-14,1.1607413015478107,1.1607413015478183,7.549516567451064e-15,0.2962668904048055,0.2962668904048084,2.886579864025407e-15,0.037085961607616166,0.03708596160761663,4.649058915617843e-16
21,7.41291737865766,3.088715574440684,3.0887155744406916,7.549516567451064e-15,3.6002430581564013,3.6002430581564235,2.220446049250313e-14,1.8990672298894233,1.8990672298894475,2.4202861936828413e-14,0.4037115293990594,0.40371152939907146,1.2045919817182948e-14,0.0135862203401732,0.013586220340175526,2.3262641812848983e-15
22,3.089815331110845,1.2874230546295171,1.287423054629519,1.7763568394002505e-15,0.6886477984738213,0.6886477984738232,1.887379141862766e-15,0.19591311220773172,0.19591311220773244,7.216449660063518e-16,0.03126609889454815,0.03126609889454828,1.3183898417423734e-16,0.0026542132376576382,0.002654213237657656,1.7780915628762273e-17
23,3.915280162122414,1.6313667342176739,1.6313667342176725,1.3322676295501878e-15,1.0490599106568794,1.049059910656877,2.4424906541753444e-15,0.3352504894364561,0.33525048943645447,1.609823385706477e-15,0.05496422728976004,0.054964227289759617,4.2327252813834093e-16,0.00427004519358581,0.004270045193585762,4.7704895589362195e-17
24,5.725335301854215,2.3855563757725875,2.3855563757725897,2.220446049250313e-15,2.3639676731475894,2.3639676731475916,2.220446049250313e-15,1.2456215920204372,1.24562159202044,2.886579864025407e-15,0.3681051692230637,0.3681051692230646,8.881784197001252e-16,0.05784987804888664,0.057849878048886895,2.5673907444456745e-16
25,3.629325288828017,1.512218870345008,1.5122188703450075,4.440892098500626e-16,0.8954023698350263,0.8954023698350252,1.1102230246251565e-15,0.2600513926268315,0.2600513926268309,6.106226635438361e-16,0.03776260014287725,0.03776260014287711,1.3877787807814457e-16,0.0024760033527523426,0.002476003352752325,1.7780915628762273e-17
26,2.0599810536351852,0.858325439014662,0.8583254390146606,1.3322676295501878e-15,0.29271417953546186,0.2927141795354609,9.43689570931383e-16,0.05037940798797515,0.050379407987974884,2.636779683484747e-16,0.004576069263249114,0.004576069263249077,3.642919299551295e-17,0.0002062603364866957,0.00020626033648669335,2.358139725155972e-18
27,1.655595742562428,0.6898315594010114,0.6898315594010117,3.3306690738754696e-16,0.19301732606087613,0.19301732606087635,2.220446049250313e-16,0.028025253946934513,0.028025253946934534,2.0816681711721685e-17,0.0022276690454448578,0.002227669045444863,5.204170427930421e-18,9.197403456336813e-05,9.197403456336828e-05,1.4907779871675686e-19
28,0.9042544280896816,0.3767726783706999,0.37677267837070066,7.771561172376096e-16,0.05747830055164396,0.057478300551644206,2.42861286636753e-16,0.004520426164098125,0.004520426164098153,2.7755575615628914e-17,0.00019209161829885626,0.00019209161829885827,2.0057740190981832e-18,4.156120733584721e-06,4.156120733584778e-06,5.675120746603812e-20
29,2.453835327142498,1.0224313863093752,1.0224313863093741,1.1102230246251565e-15,0.39740619638371644,0.397406196383715,1.4432899320127035e-15,0.07118621355346244,0.07118621355346194,4.996003610813204e-16,0.00546055719251468,0.005460557192514591,8.933825901280557e-17,0.00011074291711513544,0.00011074291711512926,6.179952383167375e-18
30,2.848933425023942,1.1870555937599776,1.1870555937599758,1.7763568394002505e-15,0.5638315668583053,0.5638315668583028,2.4424906541753444e-15,0.13702400353394992,0.13702400353394892,9.992007221626409e-16,0.017990519176184296,0.017990519176184116,1.8041124150158794e-16,0.001212159151316013,0.001212159151315995,1.7997756063259374e-17
31,5.281827836223551,2.2007615984264817,2.2007615984264794,2.220446049250313e-15,1.8772150745539613,1.8772150745539562,5.10702591327572e-15,0.7698139796977452,0.7698139796977411,4.107825191113079e-15,0.15122841896448366,0.15122841896448233,1.3322676295501878e-15,0.012176488610518732,0.012176488610518543,1.8908485888147197e-16
32,1.3964490201598345,0.5818537583999316,0.581853758399931,5.551115123125783e-16,0.13601823503224858,0.13601823503224827,3.0531133177191805e-16,0.01630550647447163,0.016305506474471567,6.245004513516506e-17,0.001054975316161954,0.0010549753161619491,4.7704895589362195e-18,3.488034128800605e-05,3.488034128800583e-05,2.236166980751353e-19
33,0.8752085846968005,0.3646702436236669,0.3646702436236669,0.0,0.05242966744706208,0.052429667447062074,6.938893903907228e-18,0.003729232420279576,0.0037292324202795727,3.469446951953614e-18,0.00013419354591927054,0.00013419354591927033,2.168404344971009e-19,2.2194787278721463e-06,2.2194787278721404e-06,5.929230630780102e-21
34,1.91333877540642,0.7972244897526735,0.7972244897526749,1.4432899320127035e-15,0.25479042605727437,0.2547904260572752,8.326672684688674e-16,0.0414122325951618,0.041412232595162045,2.42861286636753e-16,0.003569053131305953,0.003569053131305987,3.382710778154774e-17,0.00015275871454231818,0.00015275871454232048,2.303929616531697e-18
35,4.3033639652778675,1.7930683188657799,1.7930683188657779,1.9984014443252818e-15,1.2912234798348856,1.2912234798348823,3.3306690738754696e-15,0.4772277927711657,0.47722779277116373,1.9984014443252818e-15,0.0954535123231349,0.09545351232313425,6.522560269672795e-16,0.009800726337109902,0.009800726337109827,7.45931094670027e-17
36,4.885103332315667,2.035459721798196,2.0354597217981945,1.3322676295501878e-15,1.6401292459490733,1.6401292459490706,2.6645352591003757e-15,0.662819245527499,0.6628192455274968,2.220446049250313e-15,0.13990681287743623,0.13990681287743553,6.938893903907228e-16,0.014428658355744743,0.014428658355744623,1.196959198423997e-16
37,4.668442178443341,1.945184241018058,1.9451842410180582,2.220446049250313e-16,1.4602418157756625,1.4602418157756636,1.1102230246251565e-15,0.5212415526521076,0.5212415526521078,2.220446049250313e-16,0.08658255992512694,0.0865825599251273,3.608224830031759e-16,0.005408244601615363,0.005408244601615417,5.377642775528102e-17
38,1.2147793947664816,0.506158081152702,0.5061580811527007,1.3322676295501878e-15,0.10267564658503368,0.10267564658503313,5.551115123125783e-16,0.010618196295093703,0.010618196295093597,1.0581813203458523e-16,0.0005862493052493484,0.0005862493052493398,8.673617379884035e-18,1.627344129544987e-05,1.6273441295449535e-05,3.3542504711270293e-19
39,1.3031707365103977,0.5429878068793327,0.5429878068793323,3.3306690738754696e-16,0.1176617705012667,0.11766177050126654,1.5265566588595902e-16,0.012951979415158472,0.012951979415158433,3.9898639947466563e-17,0.0007596297266381105,0.0007596297266381075,3.0357660829594124e-18,2.2395149406540116e-05,2.2395149406539978e-05,1.3891340334970526e-19
40,3.2580005840920903,1.3575002433717054,1.3575002433717043,1.1102230246251565e-15,0.7372443587383908,0.7372443587383893,1.4432899320127035e-15,0.2044452372907377,0.20444523729073705,6.661338147750939e-16,0.030482518481974884,0.030482518481974738,1.457167719820518e-16,0.002314923543815795,0.002314923543815779,1.6046192152785466e-17
41,6.490039422850556,2.704183092854398,2.7041830928543984,4.440892098500626e-16,2.746689554950609,2.7466895549506085,4.440892098500626e-16,1.2459181205715177,1.2459181205715169,8.881784197001252e-16,0.2162966974794358,0.21629669747943503,7.771561172376096e-16,0.0018235959584407078,0.0018235959584406002,1.0755285551056204e-16
42,7.122345962406337,2.967644151002639,2.9676441510026406,1.7763568394002505e-15,3.316091947806915,3.316091947806918,3.1086244689504383e-15,1.6665214399851915,1.6665214399851949,3.3306690738754696e-15,0.32974672232829466,0.32974672232829616,1.4988010832439613e-15,0.0072453397831173235,0.007245339783117606,2.8275992658421956e-16
43,5.976539088951597,2.4902246203965004,2.490224620396499,1.3322676295501878e-15,2.4821159732811777,2.482115973281173,4.884981308350689e-15,1.2652667794935022,1.2652667794934982,3.9968028886505635e-15,0.34787590326546397,0.3478759032654626,1.3877787807814457e-15,0.048946673033390335,0.048946673033390106,2.2898349882893854e-16
44,3.41781035804794,1.424087649186644,1.4240876491866419,2.220446049250313e-15,0.7895963962437239,0.7895963962437206,3.3306690738754696e-15,0.2126318796728497,0.21263187967284802,1.6653345369377348e-15,0.02809255733216777,0.028092557332167443,3.2612801348363973e-16,0.0016129422312358961,0.001612942231235863,3.3176586478056436e-17
45,0.3978395020677956,0.16576645919491517,0.16576645919491484,3.3306690738754696e-16,0.010438201890792434,0.01043820189079238,5.377642775528102e-17,0.0003018716351902931,0.0003018716351902897,3.415236843329339e-18,3.6890034837703292e-06,3.6890034837702462e-06,8.300922883092143e-20,1.0878526292126584e-08,1.087852629212569e-08,8.95009422782376e-22
46,6.6877785011405475,2.786574375475229,2.7865743754752286,4.440892098500626e-16,3.0871442360354386,3.0871442360354364,2.220446049250313e-15,1.7261759993125612,1.7261759993125603,8.881784197001252e-16,0.5088599372602473,0.5088599372602468,4.440892098500626e-16,0.07426265621822024,0.07426265621822013,1.1102230246251565e-16
47,4.824331320603993,2.010138050251666,2.010138050251664,1.7763568394002505e-15,1.631355113135948,1.6313551131359432,4.884981308350689e-15,0.6807034699861838,0.6807034699861811,2.6645352591003757e-15,0.15311865316351256,0.15311865316351178,7.771561172376096e-16,0.017506187607357924,0.01750618760735781,1.1449174941446927e-16
48,4.851297156248109,2.021373815103377,2.021373815103379,2.220446049250313e-15,1.5573017866891259,1.557301786689129,3.1086244689504383e-15,0.5562613622150175,0.5562613622150199,2.3314683517128287e-15,0.08665283159679435,0.08665283159679499,6.38378239159465e-16,0.003943966628741003,0.003943966628741096,9.280770596475918e-17
49,6.981403071500797,2.908917946458665,2.9089179464586654,4.440892098500626e-16,3.3206268529605705,3.320626852960573,2.6645352591003757e-15,1.8707368920927547,1.870736892092756,1.3322676295501878e-15,0.5345317757844195,0.5345317757844207,1.2212453270876722e-15,0.07101976523029364,0.07101976523029385,2.0816681711721685e-16
50,0.2095830315637805,0.08732626315157521,0.08732626315157521,0.0,0.0030925346323183002,0.003092534632318299,1.3010426069826053e-18,5.660673915716812e-05,5.660673915716798e-05,1.3552527156068805e-19,5.6211806847258e-07,5.62118068472578e-07,2.0117032497289633e-21,2.8580633815089054e-09,2.858063381508891e-09,1.4475660719677984e-23
51,0.9678318674898019,0.40326327812075147,0.40326327812075086,6.106226635438361e-16,0.06739009536053146,0.06739009536053123,2.3592239273284576e-16,0.0059727031950964704,0.005972703195096432,3.8163916471489756e-17,0.00029606213965431994,0.00029606213965431793,2.0057740190981832e-18,7.781507077822225e-06,7.781507077822159e-06,6.606856988583543e-20
52,1.71634962072612,0.7151456753025498,0.7151456753025501,3.3306690738754696e-16,0.19323866191854772,0.19323866191854783,1.1102230246251565e-16,0.023672093293335236,0.023672093293335267,3.122502256758253e-17,0.0011737245944202065,0.001173724594420208,1.5178830414797062e-18,9.606462103731105e-06,9.60646210373116e-06,5.421010862427522e-20
53,1.5765789087116868,0.65690787862987,0.6569078786298697,3.3306690738754696e-16,0.16208933387451105,0.1620893338745107,3.608224830031759e-16,0.01786449558214165,0.017864495582141565,8.326672684688674e-17,0.0007542768571970611,0.0007542768571970534,7.697835424647081e-18,1.6229686639728734e-06,1.6229686639725619e-06,3.1149636635276895e-19
54,5.133409416798301,2.1389205903326296,2.138920590332625,4.440892098500626e-15,1.8128501429615174,1.8128501429615094,7.993605777301127e-15,0.767819838013718,0.7678198380137125,5.551115123125783e-15,0.16779263718409926,0.1677926371840974,1.8596235662471372e-15,0.01747661633354543,0.017476616333545147,2.8449465006019636e-16
55,0.9632208064560932,0.4013420026900387,0.40134200269003883,1.1102230246251565e-16,0.06705561664214102,0.06705561664214105,2.7755575615628914e-17,0.0059699862435091625,0.0059699862435091625,0.0,0.0002987135464579825,0.0002987135464579823,2.168404344971009e-19,7.96449724471538e-06,7.964497244715374e-06,6.776263578034403e-21
56,3.327964433202546,1.3866518471677294,1.3866518471677276,1.7763568394002505e-15,0.7779592252993057,0.7779592252993034,2.3314683517128287e-15,0.22513112357785225,0.2251311235778511,1.1657341758564144e-15,0.03528752545101343,0.03528752545101318,2.498001805406602e-16,0.002829034319717729,0.0028290343197177018,2.7321894746634712e-17
57,1.4875381549273061,0.619807564553044,0.6198075645530443,3.3306690738754696e-16,0.15220095257044794,0.15220095257044805,1.1102230246251565e-16,0.018745510174873782,0.018745510174873803,2.0816681711721685e-17,0.0012041239474639704,0.0012041239474639722,1.734723475976807e-18,3.765928516717823e-05,3.765928516717831e-05,8.131516293641283e-20
58,2.7287631367830105,1.136984640326256,1.1369846403262545,1.5543122344752192e-15,0.49365812044678337,0.4936581204467814,1.942890293094024e-15,0.09973609375397069,0.09973609375396997,7.216449660063518e-16,0.00887001911934483,0.008870019119344692,1.3877787807814457e-16,0.0002405900841941748,0.00024059008419416428,1.0516761073109393e-17
59,4.9738594776466325,2.072441449019431,2.0724414490194305,4.440892098500626e-16,1.7554609148875675,1.7554609148875664,1.1102230246251565e-15,0.777642742075991,0.7776427420759905,5.551115123125783e-16,0.19000504713431057,0.19000504713431043,1.3877787807814457e-16,0.024283538892693662,0.024283538892693645,1.734723475976807e-17
60,1.037984914128948,0.4324937142203955,0.43249371422039506,4.440892098500626e-16,0.07353184482998075,0.07353184482998057,1.8041124150158794e-16,0.006187927139965689,0.006187927139965664,2.5153490401663703e-17,0.00026546910705075607,0.0002654691070507548,1.2468324983583301e-18,5.342911829425992e-06,5.342911829425942e-06,4.997494388800372e-20
61,1.687051933958327,0.7029383058159696,0.7029383058159695,1.1102230246251565e-16,0.19952054907012476,0.19952054907012465,1.1102230246251565e-16,0.02912333929197477,0.02912333929197471,5.898059818321144e-17,0.0022924891482791077,0.002292489148279101,6.938893903907228e-18,9.17656606903808e-05,9.176566069038021e-05,5.827586677109586e-19
62,1.1174412650537593,0.4656005271057329,0.4656005271057331,1.6653345369377348e-16,0.08867864290563243,0.08867864290563247,4.163336342344337e-17,0.008828510852596765,0.008828510852596767,1.734723475976807e-18,0.00048372141160978553,0.0004837214116097857,1.6263032587282567e-19,1.380917230204715e-05,1.3809172302047141e-05,8.470329472543003e-21
63,4.261067824226647,1.775444926761102,1.7754449267611025,4.440892098500626e-16,1.2165758418624573,1.2165758418624577,4.440892098500626e-16,0.3973816781992845,0.39738167819928494,4.440892098500626e-16,0.06097362212613605,0.060973622126135996,5.551115123125783e-17,0.003636182373398474,0.0036361823733984753,1.3010426069826053e-18
64,14.144941608321135,5.893725670133818,5.893725670133806,1.1546319456101628e-14,13.929354056023554,13.929354056023492,6.217248937900877e-14,16.76726872325125,16.76726872325112,1.2789769243681803e-13,10.738621680921801,10.738621680921685,1.1546319456101628e-13,3.4355268143945623,3.4355268143945064,5.595524044110789e-14
65,4.917041743703303,2.048767393209708,2.04876739320971,1.7763568394002505e-15,1.6645812980069667,1.664581298006969,2.220446049250313e-15,0.679655155269336,0.6796551552693371,1.1102230246251565e-15,0.14526359820535073,0.1452635982053511,3.608224830031759e-16,0.015206528203812707,0.015206528203812793,8.673617379884035e-17
66,1.2137003669327278,0.5057084862219708,0.5057084862219698,9.992007221626409e-16,0.10290010998600267,0.10290010998600227,4.0245584642661925e-16,0.010691161966789403,0.010691161966789332,7.112366251504909e-17,0.0005916427813079468,0.0005916427813079414,5.421010862427522e-18,1.6340615616693364e-05,1.634061561669317e-05,1.9312351197398048e-19
67,4.614480513271429,1.9227002138630989,1.9227002138630955,3.3306690738754696e-15,1.4878288651595173,1.4878288651595115,5.773159728050814e-15,0.5879994610266512,0.5879994610266469,4.3298697960381105e-15,0.12378645168070679,0.12378645168070572,1.0685896612017132e-15,0.013005606179961571,0.013005606179961403,1.682681771697503e-16
68,2.3412358529103203,0.975514938712635,0.9755149387126335,1.4432899320127035e-15,0.38177386131410784,0.38177386131410646,1.3877787807814457e-15,0.07655531659064951,0.07655531659064913,3.885780586188048e-16,0.008287920270931963,0.008287920270931896,6.765421556309548e-17,0.00045917519245259475,0.00045917519245259014,4.607859233063394e-18
69,2.3647581333859247,0.9853158889108022,0.985315888910802,2.220446049250313e-16,0.36963856417883256,0.3696385641788323,2.7755575615628914e-16,0.06413440937671347,0.0641344093767134,6.938893903907228e-17,0.004817306384982656,0.004817306384982642,1.474514954580286e-17,0.00010172893004162233,0.00010172893004162131,1.0164395367051604e-18
70,5.915056273754835,2.4646067807311804,2.464606780731181,4.440892098500626e-16,2.311149490625805,2.311149490625805,0.0,1.0007942915855585,1.000794291585558,4.440892098500626e-16,0.18674086639997495,0.18674086639997478,1.6653345369377348e-16,0.009549741287859593,0.009549741287859542,5.0306980803327406e-17
71,7.534603878192145,3.1394182825800643,3.1394182825800607,3.552713678800501e-15,3.7597392032536474,3.7597392032536368,1.0658141036401503e-14,2.0917174679335844,2.0917174679335724,1.199040866595169e-14,0.5104147792460494,0.5104147792460425,6.8833827526759706e-15,0.03742331046674923,0.03742331046674775,1.4779844015322396e-15
72,8.694166522470335,3.6225693843626416,3.62256938436264,1.7763568394002505e-15,5.2238458090508155,5.223845809050807,8.881784197001252e-15,3.8141677858713514,3.814167785871343,8.43769498715119e-15,1.4776382978717886,1.4776382978717848,3.774758283725532e-15,0.286287772390806,0.2862877723908051,8.881784197001252e-16
73,3.260004568686006,1.358335236952502,1.3583352369525026,6.661338147750939e-16,0.7323508492769404,0.7323508492769406,2.220446049250313e-16,0.1980908308957037,0.19809083089570362,8.326672684688674e-17,0.027866547670972082,0.027866547670972054,2.7755575615628914e-17,0.001894943417679464,0.0018949434176794584,5.637851296924623e-18
74,1.7867965278122173,0.744498553255091,0.7444985532550906,3.3306690738754696e-16,0.21817912052888375,0.2181791205288834,3.3306690738754696e-16,0.031561932651173685,0.03156193265117355,1.3183898417423734e-16,0.002301864665437242,0.002301864665437226,1.6046192152785466e-17,7.671650072598506e-05,7.671650072598413e-05,9.351243737687476e-19
75,2.9769335569932136,1.2403889820805043,1.2403889820805056,1.3322676295501878e-15,0.639933175552379,0.6399331755523807,1.6653345369377348e-15,0.175770741315893,0.1757707413158936,6.106226635438361e-16,0.027109731830139608,0.027109731830139736,1.2836953722228372e-16,0.00222615472950659,0.002226154729506603,1.3010426069826053e-17
76,2.929584605452403,1.2206602522718324,1.2206602522718346,2.220446049250313e-15,0.5602678522697799,0.5602678522697823,2.3314683517128287e-15,0.11520934590702556,0.11520934590702672,1.1657341758564144e-15,0.009186661332289682,0.0091866613322899,2.1684043449710089e-16,5.733556437077132e-05,5.7335564370787767e-05,1.6445991703889495e-17
77,2.401730041702821,1.000720850709509,1.0007208507095087,2.220446049250313e-16,0.39052621774895846,0.39052621774895796,4.996003610813204e-16,0.07416432640760229,0.07416432640760211,1.8041124150158794e-16,0.0069285440536252605,0.006928544053625225,3.5561831257524545e-17,0.0002825022041047196,0.00028250220410471724,2.3310346708438345e-18
78,3.080605535125221,1.2835856396355088,1.2835856396355088,0.0,0.6582811373849403,0.6582811373849398,5.551115123125783e-16,0.17116353114034105,0.17116353114034094,1.1102230246251565e-16,0.02354296737239779,0.023542967372397763,2.7755575615628914e-17,0.0016060012398139032,0.0016060012398138983,4.9873299934333204e-18
79,5.556656440876193,2.31527351703175,2.3152735170317476,2.6645352591003757e-15,2.091575962670605,2.0915759626705994,5.773159728050814e-15,0.9170608162713622,0.9170608162713567,5.440092820663267e-15,0.1957542719756529,0.19575427197565098,1.915134717478395e-15,0.017715915471435313,0.017715915471434994,3.191891195797325e-16
80,11.269542928611465,4.695642886921452,4.695642886921443,8.881784197001252e-15,8.613135761794613,8.613135761794576,3.730349362740526e-14,7.684158904368209,7.684158904368147,6.217248937900877e-14,3.352062007840306,3.3520620078402645,4.1300296516055823e-14,0.6261731164266807,0.6261731164266665,1.4210854715202004e-14
81,3.723862412237286,1.551609338432201,1.5516093384322027,1.7763568394002505e-15,0.9824327506446175,0.9824327506446194,1.887379141862766e-15,0.32486003816233044,0.3248600381623316,1.1657341758564144e-15,0.05918572302527577,0.05918572302527604,2.706168622523819e-16,0.0056360758785536196,0.005636075878553653,3.382710778154774e-17
82,13.045712545745571,5.435713560727329,5.435713560727322,7.105427357601002e-15,11.755274115391726,11.755274115391693,3.375077994860476e-14,12.77258429868544,12.772584298685375,6.394884621840902e-14,7.215856295584075,7.2158562955840235,5.1514348342607263e-14,1.9648530517722613,1.9648530517722427,1.865174681370263e-14
83,3.3330991294599084,1.3887913039416304,1.3887913039416286,1.7763568394002505e-15,0.7354341413526726,0.7354341413526699,2.6645352591003757e-15,0.18043921612721725,0.18043921612721592,1.3322676295501878e-15,0.019217084690339965,0.0192170846903397,2.636779683484747e-16,0.0005804889344202552,0.0005804889344202329,2.233456475320139e-17
84,2.495004899360416,1.0395853747335082,1.0395853747335067,1.5543122344752192e-15,0.4152425512288633,0.4152425512288616,1.6653345369377348e-15,0.07832142080280402,0.07832142080280348,5.412337245047638e-16,0.006778921042352462,0.006778921042352368,9.367506770274758e-17,0.00021187726352464952,0.00021187726352464426,5.2583805365546965e-18
85,2.4684135515299417,1.0285056464708116,1.0285056464708093,2.220446049250313e-15,0.41649117616070813,0.4164911761607058,2.3314683517128287e-15,0.08320092485488169,0.08320092485488091,7.771561172376096e-16,0.00835836842299329,0.00835836842299317,1.196959198423997e-16,0.000381333870138784,0.0003813338701387744,9.64939933512099e-18
86,1.1694543644255555,0.487272651843981,0.48727265184398144,4.440892098500626e-16,0.09096984754738566,0.09096984754738578,1.249000902703301e-16,0.007963629414052037,0.00796362941405206,2.2551405187698492e-17,0.0003136484639068035,0.0003136484639068048,1.3010426069826053e-18,4.140996961293761e-06,4.140996961293807e-06,4.573977915173222e-20
87,3.423367165994765,1.4264029858311515,1.426402985831152,4.440892098500626e-16,0.7770796407328571,0.7770796407328573,2.220446049250313e-16,0.19711329198571031,0.19711329198571018,1.3877787807814457e-16,0.022059050617613138,0.022059050617613096,4.163336342344337e-17,0.0007614382002619866,0.0007614382002619816,4.9873299934333204e-18
88,4.028832230650779,1.6786800961044883,1.6786800961044914,3.1086244689504383e-15,1.1712954624987666,1.1712954624987706,3.9968028886505635e-15,0.4348053646271654,0.4348053646271678,2.3869795029440866e-15,0.09056661767084768,0.0905666176708484,7.216449660063518e-16,0.010035880453970723,0.010035880453970818,9.540979117872439e-17
89,10.560055615331253,4.400023173054689,4.400023173054689,0.0,7.857306349785395,7.857306349785393,1.7763568394002505e-15,7.265577721411894,7.265577721411883,1.1546319456101628e-14,3.6566428523742216,3.656642852374214,7.549516567451064e-15,0.9467859957936217,0.9467859957936199,1.7763568394002505e-15
90,1.7554581681056107,0.7314409033773382,0.7314409033773379,3.3306690738754696e-16,0.21477525207681936,0.2147752520768191,2.498001805406602e-16,0.03223022942341992,0.032230229423419895,2.7755575615628914e-17,0.0025914171613587557,0.002591417161358753,2.6020852139652106e-18,0.00010525670563039703,0.00010525670563039695,8.131516293641283e-20
91,2.2324603200110253,0.9301918000045913,0.9301918000045938,2.4424906541753444e-15,0.3257093682898297,0.3257093682898318,2.1094237467877974e-15,0.051272835031778555,0.05127283503177924,6.869504964868156e-16,0.003174882555087881,0.0031748825550879847,1.0364972768961422e-16,2.1528368864779427e-05,2.1528368864785316e-05,5.888573049311896e-18
92,6.0570498889062785,2.5237707870442874,2.523770787044283,4.440892098500626e-15,2.6510951000428165,2.651095100042805,1.1546319456101628e-14,1.4836509747176416,1.4836509747176323,9.325873406851315e-15,0.46654005086059347,0.4665400508605898,3.6637359812630166e-15,0.07815726471466407,0.0781572647146633,7.632783294297951e-16
93,2.839785281449162,1.1832438672704833,1.1832438672704841,8.881784197001252e-16,0.5371269055471664,0.537126905547167,6.661338147750939e-16,0.11471210284890662,0.11471210284890697,3.469446951953614e-16,0.011127043658700824,0.011127043658700864,3.9898639947466563e-17,0.0003754828672411862,0.00037548286724118897,2.7647155398380363e-18
94,3.9609520809847707,1.6503967004103228,1.6503967004103215,1.3322676295501878e-15,1.0576381071231804,1.0576381071231782,2.220446049250313e-15,0.32713839111514337,0.3271383911151417,1.6653345369377348e-15,0.04892204521283221,0.04892204521283176,4.440892098500626e-16,0.003069593424869941,0.0030695934248698995,4.163336342344337e-17
95,4.1137041878597325,1.714043411608225,1.714043411608222,3.1086244689504383e-15,1.1176550369398117,1.1176550369398064,5.329070518200751e-15,0.336368527364784,0.33636852736478057,3.4416913763379853e-15,0.04354749617307032,0.04354749617306941,9.08995101411847e-16,0.001529709745076242,0.0015297097450761353,1.0668549377257364e-16
96,3.2513233469928458,1.3547180612470202,1.354718061247019,1.1102230246251565e-15,0.7095051558692296,0.7095051558692277,1.887379141862766e-15,0.17783492457173095,0.17783492457172995,9.992007221626409e-16,0.0211490980383076,0.02114909803830739,2.0816681711721685e-16,0.0010062513646054074,0.0010062513646053818,2.5587171270657905e-17
97,5.899946065535014,2.4583108606395836,2.458310860639589,5.329070518200751e-15,2.4270539990261994,2.4270539990262088,9.325873406851315e-15,1.2231559737307856,1.2231559737307944,8.881784197001252e-15,0.3290557613022347,0.3290557613022384,3.7192471324942744e-15,0.04442151143939297,0.044421511439393706,7.355227538141662e-16
98,7.383244066424574,3.076351694343576,3.0763516943435727,3.1086244689504383e-15,3.7753346088463937,3.7753346088463835,1.021405182655144e-14,2.3442666191370076,2.3442666191369965,1.1102230246251565e-14,0.7679608226718482,0.7679608226718424,5.773159728050814e-15,0.12433211874771494,0.12433211874771341,1.5265566588595902e-15
99,3.07636790796116,1.2818199616504842,1.2818199616504833,8.881784197001252e-16,0.645671040859603,0.6456710408596019,1.1102230246251565e-15,0.16079202558727193,0.16079202558727165,2.7755575615628914e-16,0.02035728142006875,0.020357281420068634,1.1449174941446927e-16,0.001202573280594457,0.001202573280594447,9.974659986866641e-18
100,11.284139730209752,4.701724887587404,4.701724887587397,7.105427357601002e-15,8.760276053899554,8.76027605389952,3.375077994860476e-14,8.140043278203692,8.140043278203642,4.973799150320701e-14,3.8790222174165416,3.8790222174165008,4.085620730620576e-14,0.8698842476950701,0.8698842476950559,1.4210854715202004e-14
101,5.035343194532631,2.098059664388601,2.0980596643885967,4.440892098500626e-15,1.8115105833139193,1.8115105833139111,8.215650382226158e-15,0.8234246511244887,0.8234246511244829,5.773159728050814e-15,0.20771265330848948,0.2077126533084876,1.887379141862766e-15,0.027558454309816273,0.027558454309815916,3.5735303605122226e-16
102,1.5355263165908233,0.6398026319128437,0.639802631912843,6.661338147750939e-16,0.1627507422733309,0.16275074227333047,4.163336342344337e-16,0.020885377144667795,0.020885377144667698,9.71445146547012e-17,0.0014111518190906371,0.0014111518190906272,9.974659986866641e-18,4.708942944877455e-05,4.70894294487741e-05,4.54009659728305e-19
103,8.228316748566602,3.4284653119027477,3.428465311902751,3.1086244689504383e-15,4.515968002026027,4.515968002026033,5.329070518200751e-15,2.8086574832229076,2.8086574832229174,9.769962616701378e-15,0.8014575548400799,0.8014575548400835,3.6637359812630166e-15,0.08255249702573451,0.08255249702573533,8.187894806610529e-16
104,2.2981453256545623,0.9575605523560686,0.9575605523560676,9.992007221626409e-16,0.3592159794546905,0.35921597945468964,8.881784197001252e-16,0.06605575419568178,0.06605575419568158,2.0816681711721685e-16,0.0060536138165651196,0.006053613816565089,3.0357660829594124e-17,0.00024835637912099353,0.0002483563791209922,1.3552527156068805e-18
105,10.653693128075018,4.439038803364595,4.439038803364591,4.440892098500626e-15,7.923871919120277,7.923871919120258,1.865174681370263e-14,7.227108325943154,7.227108325943126,2.7533531010703882e-14,3.5201134992734198,3.5201134992734016,1.8207657603852567e-14,0.8601099447697835,0.8601099447697771,6.439293542825908e-15
106,2.3962395176269764,0.9984331323445739,0.9984331323445735,3.3306690738754696e-16,0.4063758710654721,0.4063758710654717,4.440892098500626e-16,0.08638954224691059,0.08638954224691037,2.220446049250313e-16,0.010135158377426085,0.010135158377426068,1.734723475976807e-17,0.0006233951031301902,0.000623395103130187,3.144186300207963e-18
107,2.9556608322550284,1.2315253467729284,1.2315253467729286,2.220446049250313e-16,0.5919604968118681,0.5919604968118681,0.0,0.13859895511785503,0.138598955117855,2.7755575615628914e-17,0.015979859685063474,0.015979859685063498,2.42861286636753e-17,0.000805075523885178,0.0008050755238851791,1.0842021724855044e-18
108,7.0143165974068165,2.922631915586173,2.922631915586174,8.881784197001252e-16,3.282975803579054,3.2829758035790557,1.7763568394002505e-15,1.7354461169046664,1.735446116904668,1.5543122344752192e-15,0.4147526458646081,0.4147526458646084,3.3306690738754696e-16,0.03358828087526076,0.03358828087526068,7.632783294297951e-17
109,6.869178293056659,2.862157622106943,2.862157622106941,2.220446049250313e-15,3.114296024371139,3.1142960243711313,7.549516567451064e-15,1.5605778173118319,1.5605778173118223,9.547918011776346e-15,0.33377636551971895,0.3337763655197145,4.440892098500626e-15,0.01844978839476407,0.018449788394763144,9.26342336171615e-16
110,10.991103533903305,4.579626472459718,4.579626472459711,7.105427357601002e-15,8.053351845580222,8.05335184558019,3.197442310920451e-14,6.669108950752216,6.669108950752167,4.884981308350689e-14,2.51111004980669,2.5111100498066565,3.3306690738754696e-14,0.329468649395249,0.3294686493952383,1.071365218763276e-14
111,1.2423424549818196,0.5176426895757579,0.5176426895757581,2.220446049250313e-16,0.10565532465022621,0.10565532465022627,5.551115123125783e-17,0.010654740502269578,0.010654740502269583,5.204170427930421e-18,0.0005412224110096359,0.000541222411009636,1.0842021724855044e-19,1.2507522348740917e-05,1.250752234874092e-05,3.3881317890172014e-21
112,2.0181322779219246,0.8408884491341342,0.8408884491341353,1.1102230246251565e-15,0.28051371175704987,0.2805137117570506,7.216449660063518e-16,0.04699349226857891,0.04699349226857911,2.0122792321330962e-16,0.004110126717678471,0.004110126717678499,2.7755575615628914e-17,0.0001751373186523073,0.00017513731865230855,1.2468324983583301e-18
113,11.304563780690188,4.710234908620919,4.710234908620912,7.105427357601002e-15,8.813934654703848,8.813934654703818,3.019806626980426e-14,8.304205678037878,8.30420567803783,4.796163466380676e-14,4.103636218998494,4.10363621899846,3.375077994860476e-14,0.9952327136133263,0.9952327136133159,1.0436096431476471e-14
114,1.0182125413562737,0.42425522556511447,0.4242552255651141,3.885780586188048e-16,0.07111181218927899,0.07111181218927883,1.6653345369377348e-16,0.005938854725843729,0.0059388547258437075,2.168404344971009e-17,0.00025520927473973574,0.0002552092747397343,1.463672932855431e-18,5.215170020766398e-06,5.215170020766359e-06,3.8963515573697816e-20
115,4.031222582225348,1.6796760759272298,1.679676075927228,1.7763568394002505e-15,1.098867790546861,1.0988677905468585,2.4424906541753444e-15,0.34886284720681165,0.3488628472068098,1.8318679906315083e-15,0.054132039365589905,0.05413203936558944,4.649058915617843e-16,0.0036113387726309227,0.003611338772630862,6.071532165918825e-17
116,0.5540485933810321,0.2308535805754295,0.23085358057543,4.996003610813204e-16,0.020340584744341198,0.020340584744341302,1.0408340855860843e-16,0.0008309273710484455,0.0008309273710484545,8.998878031629687e-18,1.4728583716026348e-05,1.4728583716026678e-05,3.3034284942917713e-19,7.350484532714651e-08,7.350484532715172e-08,5.2145465815342865e-21
117,3.8555220982251464,1.6064675409271447,1.6064675409271445,2.220446049250313e-16,1.0243016809122119,1.0243016809122112,6.661338147750939e-16,0.32889932543139677,0.32889932543139655,2.220446049250313e-16,0.05551497491255429,0.05551497491255429,0.0,0.004621361736158057,0.004621361736158052,5.204170427930421e-18
118,3.9613707014574024,1.650571125607252,1.650571125607251,8.881784197001252e-16,1.0935213113318363,1.093521311331835,1.3322676295501878e-15,0.37244890412334763,0.37244890412334675,8.881784197001252e-16,0.0689991492148749,0.06899914921487468,2.220446049250313e-16,0.006615393433652103,0.006615393433652077,2.6020852139652106e-17
119,5.908589680373014,2.4619123668220873,2.4619123668220886,1.3322676295501878e-15,2.3876500925224278,2.3876500925224304,2.6645352591003757e-15,1.1465846826295991,1.146584682629602,2.886579864025407e-15,0.27976239094275196,0.27976239094275257,6.106226635438361e-16,0.031712607559486385,0.03171260755948647,8.326672684688674e-17
120,2.8722715801859193,1.1967798250774695,1.1967798250774664,3.1086244689504383e-15,0.5475499630772469,0.5475499630772431,3.774758283725532e-15,0.11694476139900088,0.11694476139899936,1.5265566588595902e-15,0.011107175265170507,0.011107175265170233,2.740863092043355e-16,0.00033747758696683146,0.00033747758696681053,2.0925101928970236e-17
121,5.631001677401475,2.346250698917278,2.3462506989172813,3.1086244689504383e-15,2.1387067521609167,2.1387067521609224,5.773159728050814e-15,0.942653597294388,0.9426535972943918,3.774758283725532e-15,0.20184854186002157,0.2018485418600229,1.3322676295501878e-15,0.01836239068897013,0.01836239068897033,2.0122792321330962e-16
122,2.9715116809769198,1.238129867073718,1.2381298670737169,1.1102230246251565e-15,0.6154801752282951,0.6154801752282938,1.3322676295501878e-15,0.15738600423969626,0.15738600423969562,6.38378239159465e-16,0.021912354800053484,0.021912354800053373,1.1102230246251565e-16,0.001580979137556904,0.0015809791375568935,1.0408340855860843e-17
123,2.6264034630950084,1.094334776289589,1.094334776289587,1.9984014443252818e-15,0.450810938405243,0.450810938405241,1.9984014443252818e-15,0.08346300037271678,0.08346300037271592,8.604228440844963e-16,0.0060665477270681,0.006066547727067946,1.5439038936193583e-16,4.630218153323675e-05,4.630218153322562e-05,1.1133401058710524e-17
124,2.9435682018673037,1.2264867507780428,1.2264867507780433,4.440892098500626e-16,0.5962282629865792,0.5962282629865793,1.1102230246251565e-16,0.14578799704056122,0.14578799704056142,1.942890293094024e-16,0.01872590318556807,0.018725903185568098,2.7755575615628914e-17,0.0011862077333990415,0.0011862077333990465,4.9873299934333204e-18
125,2.2508366764532304,0.9378486151888464,0.9378486151888461,3.3306690738754696e-16,0.33302222512440516,0.33302222512440477,3.885780586188048e-16,0.05385138792299112,0.05385138792299096,1.5959455978986625e-16,0.0035753052164255767,0.0035753052164255537,2.2985086056692694e-17,4.530608922204065e-05,4.530608922203936e-05,1.2874900798265365e-18
126,6.787589858463274,2.8281624410263673,2.828162441026364,3.1086244689504383e-15,3.0579896972409255,3.0579896972409144,1.1102230246251565e-14,1.5399329458239746,1.539932945823964,1.0658141036401503e-14,0.34129199762706736,0.34129199762706236,4.9960036108132044e-15,0.022924317853476716,0.022924317853475717,9.992007221626409e-16
127,0.4124667504382617,0.1718611460159421,0.17186114601594235,2.498001805406602e-16,0.011373784726261993,0.011373784726262036,4.336808689942018e-17,0.0003570403217624998,0.0003570403217625026,2.7647155398380363e-18,5.199793248339991e-06,5.1997932483400725e-06,8.131516293641283e-20,2.8329575236168657e-08,2.8329575236169657e-08,9.992341799640574e-22
128,1.6175282720803084,0.6739701133667956,0.6739701133667952,3.3306690738754696e-16,0.17209206182249248,0.17209206182249215,3.3306690738754696e-16,0.020080158527237147,0.02008015852723708,6.591949208711867e-17,0.0009762853799429913,0.000976285379942984,7.26415455565288e-18,1.040037939462645e-05,1.0400379394626139e-05,3.1170812458958252e-19
129,2.1626852895781496,0.9011188706575624,0.9011188706575625,1.1102230246251565e-16,0.3215520401230511,0.321552040123051,1.1102230246251565e-16,0.057399026005443776,0.05739902600544374,3.469446951953614e-17,0.005309350946170205,0.005309350946170189,1.5612511283791264e-17,0.00023626663441959504,0.00023626663441959426,7.860465750519907e-19
130,2.9054068273381874,1.2105861780575775,1.2105861780575782,6.661338147750939e-16,0.5583104769916797,0.5583104769916803,6.661338147750939e-16,0.11925870191652882,0.11925870191652897,1.5265566588595902e-16,0.011076285225051939,0.011076285225051986,4.683753385137379e-17,0.00029599016969394395,0.0002959901696939471,3.144186300207963e-18
131,1.0748396069150954,0.44784983621462315,0.4478498362146231,5.551115123125783e-17,0.07996437677074249,0.0799643767707424,8.326672684688674e-17,0.007256259403765738,0.007256259403765725,1.3010426069826053e-17,0.0003518492113878752,0.00035184921138787427,9.215718466126788e-19,8.6240586120799e-06,8.62405861207986e-06,4.0657581468206416e-20
132,2.6877372678760327,1.1198905282816796,1.1198905282816807,1.1102230246251565e-15,0.4994520987474167,0.4994520987474173,6.106226635438361e-16,0.11203400479156189,0.112034004791562,1.1102230246251565e-16,0.013082812967942484,0.013082812967942498,1.3877787807814457e-17,0.0007373954729161709,0.0007373954729161717,7.589415207398531e-19
133,6.369593456885378,2.6539972737022435,2.653997273702241,2.6645352591003757e-15,2.6764127885293636,2.676412788529356,7.549516567451064e-15,1.239855142110917,1.2398551421109083,8.659739592076221e-15,0.24271037037297158,0.24271037037296772,3.858025010572419e-15,0.011445699053219656,0.01144569905321894,7.164407955784213e-16
134,6.043172911106651,2.5179887129611034,2.5179887129611047,1.3322676295501878e-15,2.572177891583054,2.5721778915830544,4.440892098500626e-16,1.3582085713483392,1.3582085713483385,6.661338147750939e-16,0.3889369827720315,0.38893698277203137,1.1102230246251565e-16,0.05697667705026129,0.05697667705026118,1.1102230246251565e-16
135,8.11716710693773,3.3821529612240577,3.382152961224054,3.552713678800501e-15,4.644383077993929,4.644383077993916,1.3322676295501878e-14,3.3179632081401733,3.317963208140161,1.2434497875801753e-14,1.3035520163732972,1.3035520163732908,6.439293542825908e-15,0.2676917857905205,0.26769178579051883,1.6653345369377348e-15
136,0.4059202270537184,0.16913342793904945,0.16913342793904934,1.1102230246251565e-16,0.011516064687069515,0.011516064687069505,1.0408340855860843e-17,0.00040142861892720425,0.0004014286189272038,4.336808689942018e-19,7.496688666800932e-06,7.496688666800933e-06,8.470329472543003e-22,7.056185540247715e-08,7.056185540247716e-08,1.3234889800848443e-23
137,9.855822356494752,4.106592648539482,4.10659264853948,1.7763568394002505e-15,6.784962106947204,6.784962106947193,1.1546319456101628e-14,5.72971181262571,5.729711812625695,1.509903313490213e-14,2.583952890912077,2.5839528909120664,1.0658141036401503e-14,0.5843358107779941,0.5843358107779911,2.9976021664879227e-15
138,1.888397477827426,0.7868322824280947,0.7868322824280941,5.551115123125783e-16,0.237593267914261,0.2375932679142607,3.0531133177191805e-16,0.03378977379426161,0.03378977379426148,1.3183898417423734e-16,0.0021899998743668404,0.00218999987436683,1.0408340855860843e-17,5.003083844336058e-05,5.003083844335987e-05,7.047314121155779e-19
139,9.641025580670853,4.017093991946187,4.017093991946188,8.881784197001252e-16,6.11955563583839,6.119555635838391,8.881784197001252e-16,4.261724412677052,4.261724412677053,8.881784197001252e-16,1.2343644051904221,1.2343644051904223,2.220446049250313e-16,0.07643877420376329,0.07643877420376347,1.8041124150158794e-16
140,5.11351272204641,2.130630300852672,2.1306303008526712,8.881784197001252e-16,1.710758616687161,1.710758616687158,2.886579864025407e-15,0.6195851058573433,0.6195851058573416,1.6653345369377348e-15,0.08941375857915512,0.08941375857915432,8.049116928532385e-16,0.001759354070324045,0.001759354070323955,8.998878031629687e-17
141,1.3149930141608537,0.5479137559003555,0.5479137559003557,2.220446049250313e-16,0.11308649758677661,0.11308649758677668,6.938893903907228e-17,0.010498716453838111,0.010498716453838113,1.734723475976807e-18,0.0003832928988023917,0.0003832928988023913,3.7947076036992655e-19,1.5024596701712026e-06,1.5024596701711907e-06,1.1858461261560205e-20
142,2.8551609104998996,1.1896503793749607,1.1896503793749582,2.4424906541753444e-15,0.5440507380447369,0.5440507380447343,2.6645352591003757e-15,0.11757156592682363,0.1175715659268224,1.2351231148954867e-15,0.011673817713551613,0.011673817713551382,2.3071822230491534e-16,0.0004200123336933477,0.00042001233369332887,1.8810907692623502e-17
143,2.0662892510613897,0.8609538546089119,0.8609538546089126,6.661338147750939e-16,0.2876498640789295,0.28764986407892973,2.220446049250313e-16,0.04634115210508042,0.04634115210508053,1.1102230246251565e-16,0.00360257073980341,0.0036025707398034228,1.2576745200831851e-17,0.00011699283383447222,0.00011699283383447276,5.421010862427522e-19
144,5.43801425190212,2.265839271625883,2.2658392716258833,4.440892098500626e-16,2.0551734166886853,2.0551734166886853,0.0,0.9471326913884262,0.9471326913884264,2.220446049250313e-16,0.2314532285225615,0.23145322852256148,2.7755575615628914e-17,0.028125910935183487,0.02812591093518346,2.7755575615628914e-17
145,7.068252747529409,2.9451053114705914,2.9451053114705874,3.9968028886505635e-15,3.281294243330713,3.2812942433307004,1.2434497875801753e-14,1.6650839005120466,1.6650839005120324,1.4210854715202004e-14,0.348362893149331,0.34836289314932334,7.66053886991358e-15,0.014637304999455893,0.014637304999454464,1.429412144204889e-15
146,3.582568834288974,1.4927370142870697,1.4927370142870726,2.886579864025407e-15,0.8813193028848166,0.88131930288482,3.3306690738754696e-15,0.2603956861571851,0.2603956861571869,1.7763568394002505e-15,0.04000569658338791,0.04000569658338826,3.5388358909926865e-16,0.00298040617207067,0.0029804061720707024,3.252606517456513e-17
147,4.662660375864489,1.9427751566102036,1.9427751566102036,0.0,1.5135081547869769,1.5135081547869766,2.220446049250313e-16,0.6040797645618992,0.604079764561899,1.1102230246251565e-16,0.13022852326179954,0.1302285232617994,1.3877787807814457e-16,0.01438237681270681,0.014382376812706812,1.734723475976807e-18
148,4.487982962031981,1.869992900846659,1.869992900846659,0.0,1.3814932866829928,1.3814932866829917,1.1102230246251565e-15,0.5101780043561259,0.5101780043561251,7.771561172376096e-16,0.09787753175450092,0.09787753175450067,2.498001805406602e-16,0.009099941629817896,0.009099941629817837,5.898059818321144e-17
149,1.9855210734962765,0.8273004472901131,0.8273004472901153,2.220446049250313e-15,0.2739044473695621,0.27390444736956354,1.4432899320127035e-15,0.046348373794181566,0.04634837379418203,4.649058915617843e-16,0.00422447282699397,0.004224472826994029,5.898059818321144e-17,0.00019665158441797796,0.00019665158441798164,3.686287386450715e-18
150,1.9726411574748672,0.8219338156145269,0.8219338156145282,1.2212453270876722e-15,0.2601661064231334,0.26016610642313426,8.326672684688674e-16,0.03888823474359976,0.03888823474360002,2.636779683484747e-16,0.0026491093740576743,0.002649109374057704,2.949029909160572e-17,6.290199542210687e-05,6.290199542210873e-05,1.8566962203814263e-18
151,1.9178468592118056,0.7991028580049198,0.799102858004919,7.771561172376096e-16,0.24978025396615522,0.24978025396615455,6.661338147750939e-16,0.038278746973182814,0.03827874697318261,2.0122792321330962e-16,0.002935687102549155,0.0029356871025491313,2.3852447794681098e-17,0.00010201997744789657,0.00010201997744789514,1.4365678785432934e-18
152,4.177258979740015,1.7405245748916691,1.740524574891673,3.774758283725532e-15,1.2197243724851226,1.219724372485128,5.551115123125783e-15,0.4396649028601246,0.43966490286012777,3.164135620181696e-15,0.08589247957433149,0.0858924795743324,9.020562075079397e-16,0.008619355580424584,0.008619355580424698,1.1449174941446927e-16
153,1.4205386364727568,0.5918910985303149,0.5918910985303154,5.551115123125783e-16,0.13231258138439767,0.132312581384398,3.3306690738754696e-16,0.013400930105648776,0.013400930105648835,5.898059818321144e-17,0.000548594295760714,0.0005485942957607218,7.806255641895632e-18,3.659642149685147e-06,3.6596421496854385e-06,2.913793338554793e-19
154,1.6000768942602133,0.6666987059417562,0.6666987059417555,6.661338147750939e-16,0.1754768016990533,0.17547680169905286,4.440892098500626e-16,0.023037048083923248,0.02303704808392315,9.71445146547012e-17,0.0015635328767904248,0.0015635328767904147,1.0191500421363742e-17,5.098033232693811e-05,5.098033232693765e-05,4.54009659728305e-19
155,4.253358664251829,1.7722327767715986,1.7722327767715955,3.1086244689504383e-15,1.257161700444563,1.2571617004445572,5.773159728050814e-15,0.45633341976902264,0.45633341976901964,2.9976021664879227e-15,0.0894673304345808,0.08946733043457995,8.465450562766819e-16,0.008996117986237766,0.008996117986237638,1.2836953722228372e-16
156,10.738698721020235,4.474457800425105,4.474457800425098,7.105427357601002e-15,7.9687053275179585,7.968705327517927,3.108624468950438e-14,7.142552504803597,7.142552504803548,4.973799150320701e-14,3.342175141841766,3.3421751418417345,3.1530333899354446e-14,0.7593961712932257,0.7593961712932151,1.0547118733938987e-14
157,1.3372867990598496,0.5572028329416039,0.5572028329416041,2.220446049250313e-16,0.12811216756269742,0.1281121675626975,8.326672684688674e-17,0.015552810686654563,0.015552810686654588,2.42861286636753e-17,0.0010511954358587467,0.0010511954358587477,1.0842021724855044e-18,3.749825102204171e-05,3.749825102204178e-05,7.453889935837843e-20
158,2.6186918253525113,1.0911215938968803,1.09112159389688,4.440892098500626e-16,0.46380696590808823,0.46380696590808745,7.771561172376096e-16,0.09532441653997208,0.09532441653997177,3.0531133177191805e-16,0.009450028738662885,0.00945002873866281,7.45931094670027e-17,0.00038787242335686247,0.00038787242335685694,5.5294310796760726e-18
159,1.3255681169176872,0.5523200487157025,0.5523200487157031,5.551115123125783e-16,0.1211874608072484,0.12118746080724868,2.7755575615628914e-16,0.013399202443808465,0.01339920244380851,4.5102810375396984e-17,0.000778813779106031,0.0007788137791060351,4.0115480381963664e-18,2.2309656193849562e-05,2.2309656193849714e-05,1.5246593050577406e-19
160,11.081328573826315,4.617220239094304,4.617220239094299,5.329070518200751e-15,8.36200472135493,8.362004721354905,2.4868995751603507e-14,7.415160887255552,7.415160887255516,3.552713678800501e-14,3.2561438798080538,3.256143879808029,2.4868995751603507e-14,0.6287628946865869,0.6287628946865785,8.326672684688674e-15
161,3.4511895779382478,1.43799565747427,1.43799565747427,0.0,0.7978464380082649,0.7978464380082645,4.440892098500626e-16,0.21086314057406189,0.21086314057406166,2.220446049250313e-16,0.026127182057032936,0.02612718205703288,5.551115123125783e-17,0.0012506388456184777,0.0012506388456184727,4.9873299934333204e-18
162,3.1429175058653955,1.3095489607772473,1.3095489607772484,1.1102230246251565e-15,0.6827419858485906,0.6827419858485912,6.661338147750939e-16,0.17873802059567012,0.17873802059567037,2.498001805406602e-16,0.024261039984677973,0.02426103998467801,3.8163916471489756e-17,0.0015770619159147317,0.0015770619159147365,4.7704895589362195e-18
163,5.172343644224897,2.1551431850937015,2.1551431850937073,5.773159728050814e-15,1.7967866532116175,1.7967866532116274,9.992007221626409e-15,0.718026574362107,0.7180265743621151,8.104628079763643e-15,0.13666621671068072,0.1366662167106835,2.7755575615628914e-15,0.010517682499652375,0.010517682499652802,4.2674197509029455e-16
164,5.981649162756477,2.4923538178152005,2.4923538178151987,1.7763568394002505e-15,2.42145204750378,2.4214520475037764,3.552713678800501e-15,1.140629219419703,1.140629219419699,3.9968028886505635e-15,0.261261215314143,0.26126121531414154,1.4432899320127035e-15,0.02532992469603975,0.02532992469603947,2.8102520310824275e-16
165,4.978733606426927,2.0744723360112234,2.0744723360112194,3.9968028886505635e-15,1.6324372915667051,1.6324372915666985,6.661338147750939e-15,0.5880152669789106,0.5880152669789059,4.6629367034256575e-15,0.08855575496607049,0.08855575496606896,1.5265566588595902e-15,0.0029810329086842322,0.002981032908684047,1.8518173106052416e-16
166,1.602382795008844,0.6676594979203503,0.6676594979203518,1.5543122344752192e-15,0.1777838532076039,0.17778385320760476,8.604228440844963e-16,0.023896793091483834,0.023896793091484028,1.942890293094024e-16,0.0016845055995542448,0.0016845055995542673,2.2551405187698492e-17,5.8049172036968546e-05,5.804917203696974e-05,1.1926223897340549e-18
167,1.6139809885415637,0.6724920785589842,0.6724920785589849,6.661338147750939e-16,0.17724370987641647,0.17724370987641688,4.163336342344337e-16,0.022997689505682033,0.02299768950568213,9.71445146547012e-17,0.0015061824063278826,0.001506182406327892,9.324138683375338e-18,4.5461667712896764e-05,4.546166771289732e-05,5.55653613398821e-19
168,6.412215296644003,2.6717563736016685,2.671756373601668,4.440892098500626e-16,2.71199680469776,2.711996804697758,2.220446049250313e-15,1.2644964192909924,1.2644964192909898,2.6645352591003757e-15,0.2491854589835422,0.24918545898354105,1.1379786002407855e-15,0.011856166031655853,0.011856166031655718,1.3530843112619095e-16
169,1.828888661379838,0.7620369422415969,0.7620369422415992,2.3314683517128287e-15,0.2223650199754282,0.2223650199754298,1.582067810090848e-15,0.030334332653460618,0.030334332653461055,4.371503159461554e-16,0.0018414569102175073,0.0018414569102175623,5.5077470362263625e-17,3.564392203184187e-05,3.564392203184465e-05,2.778268066994105e-18
170,3.755264114190742,1.564693380912809,1.5646933809128092,2.220446049250313e-16,0.9689457714926812,0.9689457714926817,4.440892098500626e-16,0.3009865220188984,0.30098652201889853,1.1102230246251565e-16,0.04888265438631203,0.04888265438631208,4.85722573273506e-17,0.003886967108796939,0.0038869671087969487,9.540979117872439e-18
171,7.670704977942009,3.1961270741425016,3.196127074142504,2.220446049250313e-15,3.9133052715497056,3.9133052715497136,7.993605777301127e-15,2.244343413103502,2.24434341310351,7.993605777301127e-15,0.5767660936177847,0.5767660936177887,3.9968028886505635e-15,0.0487916469446282,0.04879164694462927,1.0685896612017132e-15
172,4.267675906752455,1.7781982944801862,1.7781982944801895,3.3306690738754696e-15,1.2600944130031029,1.260094413003107,4.218847493575595e-15,0.45179782225019827,0.45179782225020115,2.886579864025407e-15,0.08560817015698226,0.08560817015698312,8.604228440844963e-16,0.008048759350035848,0.008048759350035944,9.540979117872439e-17
173,5.093507054227135,2.1222946059279755,2.122294605927973,2.6645352591003757e-15,1.7932667710898458,1.7932667710898405,5.329070518200751e-15,0.766526212556599,0.7665262125565954,3.6637359812630166e-15,0.173370279397782,0.17337027939778094,1.0547118733938987e-15,0.019514412165983864,0.019514412165983687,1.7694179454963432e-16
174,6.31164339189969,2.629851413291541,2.6298514132915374,3.552713678800501e-15,2.6121012615115697,2.6121012615115586,1.1102230246251565e-14,1.1763640711047345,1.1763640711047239,1.0658141036401503e-14,0.2149282112976568,0.2149282112976524,4.385380947269368e-15,0.006707132701586905,0.006707132701586158,7.467984564080155e-16
175,8.538036772433658,3.5575153218473665,3.5575153218473576,8.881784197001252e-15,4.904365155869532,4.904365155869503,2.842170943040401e-14,3.252147626492863,3.252147626492827,3.597122599785507e-14,1.0354731472401777,1.035473147240159,1.865174681370263e-14,0.13611743606851728,0.1361174360685127,4.579669976578771e-15
176,1.7862063914562831,0.7442526631067832,0.7442526631067847,1.5543122344752192e-15,0.2192709114597361,0.21927091145973684,7.494005416219807e-16,0.03226959581826915,0.03226959581826933,1.8041124150158794e-16,0.002452199269693806,0.0024521992696938284,2.2551405187698492e-17,8.905109222600099e-05,8.905109222600205e-05,1.0570971181733668e-18
177,3.4175015789367613,1.4239589912236492,1.4239589912236508,1.5543122344752192e-15,0.7863040741794447,0.7863040741794464,1.6653345369377348e-15,0.20874703882235046,0.20874703882235102,5.551115123125783e-16,0.026511645190749472,0.026511645190749587,1.1449174941446927e-16,0.0013728638232485605,0.0013728638232485676,7.15573433840433e-18
178,8.2725319607089,3.4468883169620455,3.446888316962042,3.552713678800501e-15,4.750709453160935,4.750709453160927,7.993605777301127e-15,3.3402402607662025,3.340240260766191,1.1546319456101628e-14,1.2608197667272227,1.2608197667272156,7.105427357601002e-15,0.24190493643602426,0.2419049364360225,1.7486012637846216e-15
179,1.7138629197343518,0.7141095498893147,0.7141095498893133,1.4432899320127035e-15,0.2103406419351943,0.21034064193519336,9.43689570931383e-16,0.03272628859004456,0.03272628859004435,2.0816681711721685e-16,0.002838500421593824,0.0028385004215938014,2.2551405187698492e-17,0.0001302192077751403,0.00013021920777513894,1.3552527156068805e-18
180,1.2648561933950226,0.5270234139145934,0.5270234139145927,6.661338147750939e-16,0.10726776664047802,0.1072677666404777,3.191891195797325e-16,0.010426125542542342,0.01042612554254228,6.245004513516506e-17,0.0004783609413673864,0.00047836094136738166,4.716279450311944e-18,8.656295737613977e-06,8.656295737613826e-06,1.5077186461126546e-19
181,5.48866135186088,2.2869422299420323,2.2869422299420337,1.3322676295501878e-15,2.017068152120668,2.0170681521206717,3.552713678800501e-15,0.8470614756136472,0.8470614756136492,1.9984014443252818e-15,0.16670808078269975,0.1667080807827006,8.604228440844963e-16,0.012672681233897828,0.012672681233897977,1.491862189340054e-16
182,2.8923093801553565,1.2051289083980654,1.2051289083980654,0.0,0.5851951427211435,0.5851951427211433,2.220446049250313e-16,0.14561728580252487,0.14561728580252473,1.3877787807814457e-16,0.0194321357784314,0.01943213577843136,3.8163916471489756e-17,0.00130834159490565,0.0013083415949056451,4.9873299934333204e-18
183,6.156102286149284,2.565042619228872,2.5650426192288682,3.552713678800501e-15,2.514320682736604,2.5143206827365945,9.325873406851315e-15,1.1478699864449693,1.1478699864449595,9.769962616701378e-15,0.23101739926126513,0.23101739926126105,4.08006961549745e-15,0.014245793882194865,0.014245793882194132,7.337880303381894e-16
184,3.0262271918680144,1.2609279966116733,1.2609279966116727,6.661338147750939e-16,0.6109506156474964,0.6109506156474953,1.1102230246251565e-15,0.13974412623668062,0.1397441262366801,5.273559366969494e-16,0.014646141248478479,0.014646141248478383,9.540979117872439e-17,0.0005509175755233795,0.0005509175755233705,8.998878031629687e-18
185,1.8188148544491691,0.7578395226871532,0.7578395226871537,5.551115123125783e-16,0.22131488216354656,0.221314882163547,4.440892098500626e-16,0.030720563488184284,0.03072056348818442,1.3530843112619095e-16,0.0019901371858775047,0.001990137185877526,2.1250362580715887e-17,4.9180830057401014e-05,4.9180830057402234e-05,1.2197274440461925e-18
186,3.92333893151569,1.6347245547982063,1.6347245547982046,1.7763568394002505e-15,1.0281703720788329,1.028170372078829,3.774758283725532e-15,0.3059562196133208,0.3059562196133189,1.887379141862766e-15,0.04192430546782562,0.041924305467825176,4.440892098500626e-16,0.0020944279671869922,0.0020944279671869415,5.074066167232161e-17
187,0.9082833433635764,0.37845139306815634,0.37845139306815684,4.996003610813204e-16,0.0570238051016603,0.057023805101660455,1.5265566588595902e-16,0.004313150836666912,0.004313150836666929,1.734723475976807e-17,0.00016898450472653314,0.00016898450472653396,8.131516293641283e-19,3.1642185816288784e-06,3.1642185816288988e-06,2.0328790734103208e-20
188,4.040751008152268,1.6836462533967802,1.6836462533967784,1.7763568394002505e-15,1.091047944277146,1.0910479442771426,3.3306690738754696e-15,0.3335275899563892,0.33352758995638704,2.1649348980190553e-15,0.04634416738490676,0.046344167384906175,5.828670879282072e-16,0.002223506910211101,0.0022235069102110273,7.37257477290143e-17
189,0.889837021064041,0.370765425443351,0.37076542544335045,5.551115123125783e-16,0.05357944536793931,0.05357944536793908,2.2898349882893854e-16,0.003745222179888152,0.0037452221798881255,2.6454533008646308e-17,0.00012630346571889224,0.00012630346571889075,1.4907779871675686e-18,1.7629629293818499e-06,1.7629629293818147e-06,3.5151867311053464e-20
190,6.8595544423339705,2.8581476843058176,2.858147684305821,3.552713678800501e-15,3.1931068066879975,3.1931068066880033,5.773159728050814e-15,1.746567460503003,1.7465674605030077,4.6629367034256575e-15,0.4767550518488333,0.4767550518488361,2.7755575615628914e-15,0.0586423949053371,0.05864239490533754,4.440892098500626e-16
191,4.5085186429037725,1.8785494345432368,1.8785494345432387,1.9984014443252818e-15,1.3668685235426068,1.3668685235426088,1.9984014443252818e-15,0.4778061197251541,0.47780611972515524,1.1657341758564144e-15,0.07994827412942974,0.07994827412943006,3.191891195797325e-16,0.005477300042565688,0.0054773000425657175,2.949029909160572e-17
192,4.584464776251023,1.9101936567712547,1.9101936567712596,4.884981308350689e-15,1.4412367178353445,1.4412367178353533,8.881784197001252e-15,0.5429803394196306,0.5429803394196363,5.662137425588298e-15,0.1059826490802335,0.10598264908023536,1.8596235662471372e-15,0.009974416886912177,0.009974416886912455,2.7755575615628914e-16
193,5.074921964670305,2.1145508186126305,2.1145508186126274,3.1086244689504383e-15,1.6862234236429456,1.686223423642938,7.549516567451064e-15,0.6071802937080927,0.6071802937080872,5.440092820663267e-15,0.0873576862718911,0.08735768627188917,1.9290125052862095e-15,0.0017714705730668102,0.0017714705730665383,2.719179048593645e-16
194,8.919688233866296,3.7165367641109572,3.7165367641109572,0.0,5.534171155184103,5.534171155184101,1.7763568394002505e-15,4.194256887305752,4.194256887305745,7.105427357601002e-15,1.6906427938495514,1.6906427938495474,3.9968028886505635e-15,0.3404346979013019,0.3404346979013007,1.1657341758564144e-15
195,4.882863272772978,2.0345263636554014,2.034526363655408,6.661338147750939e-15,1.6286413623065812,1.6286413623065925,1.1324274851176597e-14,0.6466399682038414,0.6466399682038494,7.993605777301127e-15,0.1314613932808763,0.1314613932808791,2.8033131371785203e-15,0.012639933773439407,0.012639933773439816,4.0939474033052647e-16
196,1.064579395485767,0.44357474811906866,0.4435747481190696,9.43689570931383e-16,0.07817155204007212,0.07817155204007249,3.7470027081099033e-16,0.006928113270108435,0.00692811327010849,5.4643789493269423e-17,0.00032094603192997474,0.00032094603192997913,4.391018798566293e-18,7.249694280589248e-06,7.249694280589396e-06,1.4823076576950256e-19
197,10.240320500293262,4.266800208455524,4.266800208455526,1.7763568394002505e-15,7.168841808530683,7.168841808530688,5.329070518200751e-15,5.978704299065826,5.978704299065834,7.993605777301127e-15,2.5546916347098594,2.5546916347098634,3.9968028886505635e-15,0.516481143841709,0.5164811438417093,3.3306690738754696e-16
198,2.175611157435841,0.9065046489316004,0.9065046489316004,0.0,0.3254043883967019,0.3254043883967019,0.0,0.05826390484712908,0.058263904847129046,3.469446951953614e-17,0.0053605705708319245,0.005360570570831919,5.204170427930421e-18,0.00023325793200321024,0.0002332579320032096,6.505213034913027e-19
199,0.8953630833397356,0.3730679513915564,0.37306795139155646,5.551115123125783e-17,0.05328236140668119,0.05328236140668121,2.0816681711721685e-17,0.003557334287003359,0.003557334287003368,8.673617379884035e-18,0.00010574106400768231,0.00010574106400768297,6.640738306473715e-19,1.0057083048155687e-06,1.0057083048155898e-06,2.1175823681357508e-20
200,3.3591652383895703,1.3996521826623214,1.3996521826623212,2.220446049250313e-16,0.7667967357547534,0.7667967357547528,5.551115123125783e-16,0.20609604396834008,0.20609604396833955,5.273559366969494e-16,0.027736960034900667,0.02773696003490055,1.1796119636642288e-16,0.0016921751606685793,0.001692175160668566,1.3227266504323154e-17
201,3.0303666166387684,1.2626527569328183,1.2626527569328203,1.9984014443252818e-15,0.629449820753698,0.6294498207536999,1.887379141862766e-15,0.1559336487932973,0.15593364879329802,7.216449660063518e-16,0.01974978508447304,0.01974978508447319,1.5265566588595902e-16,0.0011745880665479525,0.0011745880665479686,1.6046192152785466e-17
202,1.9568602149802106,0.8153584229084215,0.8153584229084212,3.3306690738754696e-16,0.2615285573001234,0.2615285573001229,4.996003610813204e-16,0.04159272964607039,0.04159272964607027,1.1796119636642288e-16,0.003384822759174317,0.0033848227591742976,1.951563910473908e-17,0.0001301304073277884,0.00013013040732778747,9.215718466126788e-19
203,0.5970574136513814,0.24877392235474277,0.2487739223547423,4.718447854656915e-16,0.024622990877466194,0.024622990877466073,1.214306433183765e-16,0.0012264476073484184,0.0012264476073484086,9.75781955236954e-18,3.190532126512655e-05,3.190532126512616e-05,3.8624702394796095e-19,4.0354489771640496e-07,4.035448977163973e-07,7.676236084492097e-21
204,5.409590116658631,2.2539958819411,2.253995881941097,3.1086244689504383e-15,1.9184759011972061,1.918475901197198,8.215650382226158e-15,0.7402674832270566,0.7402674832270507,5.88418203051333e-15,0.11588277297750342,0.11588277297750119,2.2343238370581275e-15,0.003104511444658938,0.0031045114446586297,3.0834709785487746e-16
205,1.0468694059789296,0.43619558582455414,0.4361955858245541,5.551115123125783e-17,0.07175377497595446,0.07175377497595439,6.938893903907228e-17,0.0053231305560908476,0.005323130556090843,4.336808689942018e-18,0.00015671674030596163,0.00015671674030596111,5.149960319306146e-19,5.801450345548318e-07,5.801450345548137e-07,1.810532924756067e-20
206,3.732853722298829,1.5553557176245092,1.5553557176245123,3.1086244689504383e-15,0.9643682282410992,0.9643682282411031,3.885780586188048e-15,0.301928951440184,0.3019289514401864,2.3869795029440866e-15,0.0496578017961377,0.04965780179613824,5.412337245047638e-16,0.004007105452705804,0.0040071054527058714,6.765421556309548e-17
207,3.9818902988850677,1.6591209578687816,1.6591209578687784,3.1086244689504383e-15,1.113952194884852,1.1139521948848479,4.218847493575595e-15,0.38609748053434567,0.3860974805343434,2.275957200481571e-15,0.07260332629864913,0.07260332629864855,5.828670879282072e-16,0.007001102897549269,0.007001102897549197,7.19910242530375e-17
208,10.509117912208493,4.378799130086873,4.378799130086873,0.0,7.514437144618568,7.514437144618561,7.105427357601002e-15,6.335083729055543,6.335083729055538,5.329070518200751e-15,2.6780710569792827,2.6780710569792787,3.9968028886505635e-15,0.5139912105706727,0.5139912105706713,1.3322676295501878e-15
209,0.364085116343927,0.15170213180996966,0.1517021318099696,5.551115123125783e-17,0.008650884717930355,0.008650884717930338,1.734723475976807e-17,0.00022083944994543683,0.00022083944994543607,7.589415207398531e-19,2.179351284214881e-06,2.1793512842148628e-06,1.8211208365967457e-20,1.5370474131498978e-09,1.5370474131497032e-09,1.9459423910309976e-22
210,1.6904356189660814,0.7043481745692007,0.7043481745692006,1.1102230246251565e-16,0.20097555446549545,0.20097555446549528,1.6653345369377348e-16,0.02969426854086462,0.029694268540864568,5.204170427930421e-17,0.00239412001803799,0.0023941200180379865,3.469446951953614e-18,9.983499072861471e-05,9.98349907286145e-05,2.168404344971009e-19
211,2.682001729402635,1.11750072058443,1.1175007205844312,1.1102230246251565e-15,0.48041410931584055,0.48041410931584155,9.992007221626409e-16,0.09747364935461543,0.09747364935461596,5.273559366969494e-16,0.009021106085038779,0.009021106085038871,9.194034422677078e-17,0.0002931141342961515,0.00029311413429615967,8.185726402265558e-18
212,1.8123006896600478,0.755125287358355,0.7551252873583532,1.887379141862766e-15,0.22349433331597968,0.2234943333159784,1.27675647831893e-15,0.03254769783431495,0.03254769783431462,3.3306690738754696e-16,0.002388251437400665,0.0023882514374006206,4.423544863740858e-17,8.043416157688312e-05,8.043416157688066e-05,2.4665599424045226e-18
213,2.6211459755784974,1.0921441564910395,1.0921441564910408,1.3322676295501878e-15,0.45523404104039766,0.455234041040399,1.3322676295501878e-15,0.08824567402484244,0.0882456740248429,4.579669976578771e-16,0.007525538996731864,0.007525538996731941,7.719519468096792e-17,0.00019558326995066554,0.00019558326995067072,5.177065373618284e-18
214,3.0168362253433645,1.2570150938930664,1.2570150938930684,1.9984014443252818e-15,0.6495188664217019,0.6495188664217041,2.220446049250313e-15,0.17642032646138212,0.17642032646138298,8.604228440844963e-16,0.026541805705321664,0.02654180570532185,1.8735013540549517e-16,0.0020953969870365886,0.002095396987036608,1.951563910473908e-17
215,3.2113253022195924,1.3380522092581653,1.3380522092581635,1.7763568394002505e-15,0.7230186679914736,0.7230186679914716,1.9984014443252818e-15,0.20045543723383627,0.2004554372338354,8.604228440844963e-16,0.02979624487485683,0.02979624487485665,1.8041124150158794e-16,0.002229606954805365,0.0022296069548053492,1.5612511283791264e-17
216,5.439232375482943,2.26634682311789,2.266346823117893,3.1086244689504383e-15,2.0695974554209746,2.069597455420978,3.552713678800501e-15,0.9671343756665933,0.9671343756665974,4.107825191113079e-15,0.241523333512569,0.24152333351257058,1.582067810090848e-15,0.030245929811907636,0.03024592981190792,2.8449465006019636e-16
217,2.430721328546028,1.0128005535608475,1.0128005535608449,2.6645352591003757e-15,0.4256624554305208,0.42566245543051845,2.3314683517128287e-15,0.09501344676127085,0.09501344676127009,7.632783294297951e-16,0.011878492357249009,0.01187849235724888,1.2836953722228372e-16,0.000788551959869567,0.0007885519598695566,1.0408340855860843e-17
218,3.735758466789492,1.5565660278289526,1.5565660278289553,2.6645352591003757e-15,0.980834098887845,0.9808340988878486,3.552713678800501e-15,0.31944010997590694,0.3194401099759086,1.6653345369377348e-15,0.05657853795626846,0.05657853795626894,4.787836793695988e-16,0.005157502918980535,0.0051575029189805865,5.117434254131581e-17
219,3.0580096434811685,1.2741706847838226,1.2741706847838201,2.4424906541753444e-15,0.6574301990576649,0.6574301990576624,2.4424906541753444e-15,0.175455343641773,0.17545534364177193,1.0824674490095276e-15,0.025500143833394794,0.025500143833394558,2.3592239273284576e-16,0.0019111641955123987,0.0019111641955123747,2.4069288229178198e-17
220,1.8629617939080956,0.7762340807950407,0.77623408079504,7.771561172376096e-16,0.22720253333470602,0.22720253333470541,6.106226635438361e-16,0.030033409434493875,0.03003340943449367,2.0469737016526324e-16,0.0015883685580990578,0.0015883685580990311,2.667137344314341e-17,1.2104654532651858e-05,1.2104654532650462e-05,1.395910297075087e-18
221,4.7207422558379015,1.9669759399324587,1.966975939932459,2.220446049250313e-16,1.47693689705312,1.4769368970531198,2.220446049250313e-16,0.5160617680446488,0.5160617680446482,5.551115123125783e-16,0.07949078628716225,0.07949078628716198,2.636779683484747e-16,0.003769004057809717,0.003769004057809673,4.380176776841438e-17
222,5.925976190732424,2.469156746138508,2.46915674613851,1.7763568394002505e-15,2.3925380692633493,2.3925380692633547,5.329070518200751e-15,1.143450708424417,1.143450708424422,5.10702591327572e-15,0.2766577806241783,0.27665778062418067,2.3869795029440866e-15,0.03099992632631524,0.030999926326315683,4.440892098500626e-16
223,2.994256646427515,1.2476069360114672,1.2476069360114648,2.4424906541753444e-15,0.5957202152274971,0.5957202152274937,3.3306690738754696e-15,0.1330987756914974,0.13309877569149592,1.4710455076283324e-15,0.013306967426443488,0.01330696742644321,2.7755575615628914e-16,0.00043668477303059045,0.0004366847730305689,2.1575623232461538e-17
224,2.702564124675093,1.1260683852812894,1.1260683852812887,6.661338147750939e-16,0.5027718882715562,0.5027718882715552,9.992007221626409e-16,0.11210528177529344,0.1121052817752931,3.469446951953614e-16,0.012857504567472061,0.012857504567471988,7.28583859910259e-17,0.0006978778418871128,0.0006978778418871044,8.456776945386935e-18
225,0.7333260359406546,0.3055525149752728,0.30555251497527275,5.551115123125783e-17,0.03612143469384593,0.0361214346938459,3.469446951953614e-17,0.0020405817878492278,0.002040581787849227,8.673617379884035e-19,5.427746910041488e-05,5.42774691004151e-05,2.168404344971009e-19,5.621745086025946e-07,5.621745086025974e-07,2.752857078576476e-21
226,6.625874028135994,2.760780845056668,2.760780845056664,3.9968028886505635e-15,2.8898697948177303,2.8898697948177183,1.199040866595169e-14,1.3838414637880612,1.3838414637880507,1.0436096431476471e-14,0.27676127524482635,0.27676127524482147,4.884981308350689e-15,0.012302966511597152,0.012302966511596363,7.892991815694472e-16
227,0.6922644612965841,0.28844352554024344,0.2884435255402434,5.551115123125783e-17,0.03388238346518038,0.03388238346518038,0.0,0.0020672985206444585,0.002067298520644456,2.6020852139652106e-18,6.882295222275346e-05,6.882295222275335e-05,1.0842021724855044e-19,1.1808373359722911e-06,1.1808373359722852e-06,5.929230630780102e-21
228,5.401842933220959,2.250767888842069,2.2507678888420664,2.6645352591003757e-15,2.0367008591968077,2.0367008591968014,6.217248937900877e-15,0.9448386515475312,0.9448386515475267,4.551914400963142e-15,0.23614798067541806,0.23614798067541637,1.6930901125533637e-15,0.030059294800607372,0.030059294800607064,3.0878077872387166e-16
229,4.066127142285568,1.6942196426189835,1.6942196426189868,3.3306690738754696e-15,1.1300946291970275,1.1300946291970326,5.10702591327572e-15,0.37220630205268085,0.3722063020526838,2.942091015256665e-15,0.06183093350931421,0.061830933509315046,8.326672684688674e-16,0.00469710315710189,0.004697103157101995,1.0495077029659683e-16
230,5.5343897906735435,2.3059957461139793,2.3059957461139766,2.6645352591003757e-15,2.055625303558334,2.0556253035583287,5.329070518200751e-15,0.8755900988379897,0.8755900988379856,4.107825191113079e-15,0.17596138410241102,0.1759613841024094,1.609823385706477e-15,0.013892099843710481,0.013892099843710254,2.2724877535296173e-16
231,5.632375261264893,2.3468230255270353,2.3468230255270393,3.9968028886505635e-15,2.1788860649123443,2.1788860649123523,7.993605777301127e-15,1.013590078290072,1.0135900782900789,6.8833827526759706e-15,0.2458981234763809,0.24589812347638315,2.248201624865942e-15,0.029081829220383038,0.02908182922038347,4.3021142204224816e-16
232,3.376379394364701,1.4068247476519578,1.4068247476519586,8.881784197001252e-16,0.789979574148871,0.7899795741488722,1.2212453270876722e-15,0.2255868226029657,0.22558682260296617,4.718447854656915e-16,0.03440788048282908,0.034407880482829244,1.6653345369377348e-16,0.0026487596813182103,0.0026487596813182294,1.9081958235744878e-17
233,2.294585919528023,0.9560774664700097,0.9560774664700098,1.1102230246251565e-16,0.3438841408407811,0.34388414084078117,5.551115123125783e-17,0.05549382706627441,0.05549382706627435,6.245004513516506e-17,0.003492463741736707,0.0034924637417367023,4.7704895589362195e-18,1.9945815944974184e-05,1.9945815944974153e-05,3.049318610115481e-20
234,1.8355765279009013,0.764823553292042,0.7648235532920422,2.220446049250313e-16,0.23800336855281587,0.23800336855281595,8.326672684688674e-17,0.03853152681928608,0.038531526819286115,3.469446951953614e-17,0.0034205529663454237,0.0034205529663454263,2.6020852139652106e-18,0.000157819628376929,0.00015781962837692893,8.131516293641283e-20
235,0.3777367263616892,0.15739030265070383,0.15739030265070383,0.0,0.009508202494501246,0.009508202494501246,0.0,0.00026969552051721475,0.0002696955205172147,5.421010862427522e-20,3.4402333850310734e-06,3.440233385031064e-06,9.317362419797304e-21,1.4586220555132967e-08,1.4586220555132878e-08,8.933550615572699e-23
236,8.621398426201253,3.592249344250518,3.592249344250523,4.884981308350689e-15,5.214881456515375,5.214881456515391,1.5987211554602254e-14,3.8958030280597953,3.8958030280598126,1.7319479184152442e-14,1.5701442168536306,1.5701442168536428,1.2212453270876722e-14,0.32182910944944915,0.32182910944945287,3.7192471324942744e-15
237,3.129008650725175,1.303753604468824,1.303753604468823,1.1102230246251565e-15,0.6559694844075692,0.6559694844075674,1.7763568394002505e-15,0.15729031271913135,0.15729031271913052,8.326672684688674e-16,0.01770415647882792,0.017704156478827754,1.6653345369377348e-16,0.0007727529076501961,0.0007727529076501824,1.3769367590565906e-17
238,2.424020373428264,1.0100084889284444,1.0100084889284433,1.1102230246251565e-15,0.391343942751049,0.39134394275104784,1.1657341758564144e-15,0.07114500236999237,0.07114500236999192,4.440892098500626e-16,0.005809720044857826,0.005809720044857752,7.37257477290143e-17,0.0001571382595916127,0.00015713825959160768,5.014435047745458e-18
239,5.1228492131082115,2.1345205054617553,2.1345205054617553,0.0,1.8092729723451693,1.8092729723451693,0.0,0.7735275674038989,0.7735275674038992,2.220446049250313e-16,0.1744367161208744,0.17443671612087475,3.3306690738754696e-16,0.019510118501442193,0.019510118501442287,9.367506770274758e-17
240,5.4395199310288955,2.266466637928705,2.2664666379287066,1.7763568394002505e-15,2.0573337076214795,2.0573337076214826,3.1086244689504383e-15,0.954874092171879,0.9548740921718819,2.886579864025407e-15,0.2386729727104968,0.2386729727104978,9.992007221626409e-16,0.03044272998156578,0.030442729981565973,1.942890293094024e-16
241,3.176556115290017,1.3235650480375074,1.323565048037507,4.440892098500626e-16,0.6598882646371761,0.6598882646371755,5.551115123125783e-16,0.14815258999294487,0.14815258999294462,2.498001805406602e-16,0.013161722037199473,0.013161722037199423,5.0306980803327406e-17,0.00014223276073606586,0.00014223276073606147,4.391018798566293e-18
242,1.2387312956030905,0.5161380398346215,0.516138039834621,4.440892098500626e-16,0.10604225882514726,0.10604225882514695,3.0531133177191805e-16,0.011032944052626933,0.011032944052626885,4.85722573273506e-17,0.0006093267331544617,0.000609326733154457,4.662069341687669e-18,1.6842414642127754e-05,1.6842414642127558e-05,1.9651164376299768e-19
243,1.784910442303282,0.743712684293033,0.7437126842930343,1.2212453270876722e-15,0.20886625585198126,0.20886625585198196,6.938893903907228e-16,0.026597545674991067,0.026597545674991247,1.8041124150158794e-16,0.0013753107827374426,0.001375310782737464,2.1467203015212988e-17,1.2301387454795459e-05,1.2301387454796436e-05,9.774760211314626e-19
244,4.131456187404025,1.721440078085009,1.7214400780850105,1.5543122344752192e-15,1.22587417501058,1.2258741750105813,1.3322676295501878e-15,0.4621340865432734,0.4621340865432746,1.1657341758564144e-15,0.09724987505092376,0.09724987505092408,3.191891195797325e-16,0.010829521184779829,0.010829521184779858,2.949029909160572e-17
245,5.057937135741666,2.107473806559029,2.1074738065590273,1.7763568394002505e-15,1.7232182742198812,1.7232182742198783,2.886579864025407e-15,0.6792274241542776,0.6792274241542758,1.7763568394002505e-15,0.1291327844813732,0.1291327844813725,6.938893903907228e-16,0.010246225577130313,0.010246225577130227,8.673617379884035e-17
246,2.2186453808412496,0.9244355753505207,0.9244355753505207,0.0,0.32467064188757816,0.32467064188757794,2.220446049250313e-16,0.05242041580247432,0.05242041580247426,6.245004513516506e-17,0.0035912619920190885,0.0035912619920190777,1.0842021724855044e-17,6.120384776154826e-05,6.120384776154753e-05,7.318364664277155e-19
247,2.8832280679363285,1.2013450283068061,1.2013450283068037,2.4424906541753444e-15,0.5802363270309454,0.5802363270309429,2.55351295663786e-15,0.1435900928093354,0.14359009280933432,1.0824674490095276e-15,0.01911630710600218,0.019116307106001953,2.255140518769849e-16,0.0012930074894225317,0.0012930074894225096,2.211772431870429e-17
248,0.02339455273715235,0.0097477303071468,0.009747730307146813,1.214306433183765e-17,3.7969288878500475e-05,3.7969288878500556e-05,8.131516293641283e-20,7.496625515267529e-08,7.49662551526756e-08,3.044024654195142e-22,7.822542166113041e-11,7.82254216611309e-11,4.911384887033602e-25,4.04095621199437e-14,4.0409562119944046e-14,3.470987982972452e-28
249,3.258805038807243,1.3578354328363487,1.3578354328363513,2.6645352591003757e-15,0.730188212076234,0.730188212076237,2.9976021664879227e-15,0.19716056076941443,0.19716056076941593,1.4988010832439613e-15,0.027871564297941593,0.027871564297941933,3.400058012914542e-16,0.0019327261433836102,0.0019327261433836475,3.729655473350135e-17
250,2.0528234664654725,0.8553431110272807,0.8553431110272802,4.440892098500626e-16,0.28950070927123117,0.28950070927123056,6.106226635438361e-16,0.04888791509830172,0.048887915098301565,1.5265566588595902e-16,0.004251696848378199,0.004251696848378174,2.5153490401663703e-17,0.0001758377637154847,0.000175837763715483,1.7076184216646695e-18
251,1.5843039361694453,0.6601266400706026,0.6601266400706022,4.440892098500626e-16,0.1683298443849991,0.1683298443849988,3.0531133177191805e-16,0.02050025994829549,0.020500259948295425,6.591949208711867e-17,0.001178278265631318,0.0011782782656313132,4.7704895589362195e-18,2.6678396678508283e-05,2.6678396678508032e-05,2.507217523872729e-19
252,7.658558388553541,3.191065995230636,3.191065995230642,5.773159728050814e-15,3.8511940523593826,3.8511940523594004,1.7763568394002505e-14,2.114666564913773,2.1146665649137915,1.865174681370263e-14,0.47671776269187843,0.47671776269188826,9.825473767932635e-15,0.020723324574846,0.02072332457484795,1.949829186997931e-15
253,1.0259357922746148,0.4274732467810889,0.42747324678108956,6.661338147750939e-16,0.07529358379943812,0.07529358379943832,1.942890293094024e-16,0.006998050991428915,0.0069980509914289455,3.0357660829594124e-17,0.0003622365940139006,0.0003622365940139027,2.0599841277224584e-18,9.908450160193156e-06,9.90845016019323e-06,7.453889935837843e-20
254,0.3919885300638145,0.1633285541932561,0.16332855419325604,5.551115123125783e-17,0.010788805829701731,0.010788805829701723,8.673617379884035e-18,0.00036732546576342804,0.000367325465763428,5.421010862427522e-20,6.765610061687703e-06,6.765610061687703e-06,0.0,6.362734682155456e-08,6.362734682155473e-08,1.7205356741102976e-22
255,2.063874817479725,0.8599478406165518,0.8599478406165519,1.1102230246251565e-16,0.29648728937794966,0.2964872893779497,5.551115123125783e-17,0.05204129572470653,0.052041295724706546,1.3877787807814457e-17,0.004856448636066103,0.004856448636066094,8.673617379884035e-18,0.00022612285309105704,0.00022612285309105647,5.692061405548898e-19
256,0.0976493870411438,0.040687244600476576,0.04068724460047658,6.938893903907228e-18,0.0006494277177644124,0.0006494277177644124,0.0,5.087772094381023e-06,5.087772094381025e-06,1.6940658945086007e-21,1.988487519483259e-08,1.988487519483257e-08,1.9852334701272664e-23,3.4808437675366465e-11,3.480843767536632e-11,1.4217166778255163e-25
257,4.83673616650424,2.0153067360434362,2.0153067360434336,2.6645352591003757e-15,1.5267358321657212,1.5267358321657152,5.995204332975845e-15,0.5176100902448385,0.5176100902448341,4.440892098500626e-15,0.0677186147498218,0.0677186147498202,1.5959455978986625e-15,0.0005946884699185899,0.0005946884699183877,2.0220370516854658e-16
258,3.604202275619537,1.5017509481748093,1.501750948174807,2.220446049250313e-15,0.9138891964741174,0.9138891964741145,2.886579864025407e-15,0.2877477244018277,0.28774772440182644,1.27675647831893e-15,0.04932357208208542,0.049323572082085064,3.5388358909926865e-16,0.004355780883829901,0.004355780883829864,3.642919299551295e-17
259,10.998249612546706,4.582604005227797,4.582604005227794,2.6645352591003757e-15,8.283801352011402,8.283801352011393,8.881784197001252e-15,7.449313698076132,7.449313698076104,2.842170943040401e-14,3.442203324056513,3.442203324056493,1.9984014443252818e-14,0.7555630157278578,0.75556301572785,7.771561172376096e-15
260,4.272449194168834,1.7801871642370142,1.7801871642370144,2.220446049250313e-16,1.2933958882121912,1.2933958882121912,0.0,0.49092262935811654,0.49092262935811637,1.6653345369377348e-16,0.10272172464063523,0.10272172464063523,0.0,0.011242999461171379,0.011242999461171369,1.0408340855860843e-17
261,1.73965761716237,0.7248573404843213,0.724857340484321,2.220446049250313e-16,0.21022035685723917,0.21022035685723905,1.1102230246251565e-16,0.03104950433772677,0.03104950433772673,3.8163916471489756e-17,0.002448801754165591,0.002448801754165587,3.903127820947816e-18,9.725225988461403e-05,9.725225988461376e-05,2.710505431213761e-19
262,1.3413520345149437,0.5588966810478935,0.5588966810478933,2.220446049250313e-16,0.11954678936349711,0.11954678936349694,1.6653345369377348e-16,0.011958835997032173,0.011958835997032145,2.7755575615628914e-17,0.0005342044104841727,0.0005342044104841705,2.2768245622195593e-18,7.756085272091198e-06,7.756085272091114e-06,8.470329472543003e-20
263,1.7654162073397217,0.7355900863915499,0.7355900863915508,8.881784197001252e-16,0.21371264294894307,0.2137126429489436,5.273559366969494e-16,0.03076421406914509,0.03076421406914523,1.3877787807814457e-16,0.0022423574318415846,0.0022423574318416032,1.8648277366750676e-17,7.508904460023256e-05,7.508904460023358e-05,1.0164395367051604e-18
264,5.335833271969933,2.223263863320806,2.2232638633208053,8.881784197001252e-16,1.9256204264188455,1.925620426418843,2.4424906541753444e-15,0.8098693972809189,0.8098693972809164,2.4424906541753444e-15,0.16674469231313951,0.1667446923131388,7.216449660063518e-16,0.014819019463880995,0.014819019463880877,1.1796119636642288e-16
265,5.691079233090376,2.3712830137876573,2.3712830137876564,8.881784197001252e-16,2.1124240640238527,2.1124240640238496,3.1086244689504383e-15,0.8406969759947648,0.8406969759947606,4.218847493575595e-15,0.12820376414512658,0.1282037641451248,1.7763568394002505e-15,0.0009999051897690845,0.0009999051897687863,2.981555974335137e-16
266,1.5442611531079136,0.6434421471282975,0.6434421471282973,2.220446049250313e-16,0.16219257016011412,0.16219257016011396,1.6653345369377348e-16,0.020051518249000828,0.020051518249000776,5.204170427930421e-17,0.0012375882281746708,0.0012375882281746647,6.071532165918825e-18,3.4341734301922275e-05,3.4341734301922004e-05,2.710505431213761e-19
267,1.1044331397707137,0.46018047490446307,0.46018047490446395,8.881784197001252e-16,0.08389226249982885,0.08389226249982924,3.885780586188048e-16,0.007640961004664349,0.00764096100466441,6.158268339717665e-17,0.0003590182770494612,0.0003590182770494657,4.4994390158148434e-18,8.039405111744432e-06,8.039405111744574e-06,1.4230153513872246e-19
268,8.591511964942294,3.5797966520592857,3.579796652059289,3.552713678800501e-15,4.84430392053239,4.8443039205324,9.769962616701378e-15,2.9798448726436124,2.979844872643626,1.3766765505351941e-14,0.7505386304061461,0.7505386304061551,8.992806499463768e-15,0.03559632814680129,0.03559632814680315,1.8596235662471372e-15
269,1.9366735794697112,0.8069473247790453,0.8069473247790464,1.1102230246251565e-15,0.25297176716342346,0.2529717671634243,8.326672684688674e-16,0.03821668066790186,0.03821668066790211,2.498001805406602e-16,0.0027719494342750813,0.0027719494342751195,3.8163916471489756e-17,8.256566977089054e-05,8.256566977089277e-05,2.222614453595284e-18
270,6.501386118006675,2.708910882502779,2.7089108825027814,2.6645352591003757e-15,2.870802426905789,2.8708024269057932,4.440892098500626e-15,1.4923839061432833,1.4923839061432875,4.218847493575595e-15,0.3887652571745678,0.3887652571745699,2.1094237467877974e-15,0.04602286523382816,0.04602286523382843,2.706168622523819e-16
271,7.620136949174482,3.1750570621560423,3.175057062156034,8.43769498715119e-15,4.0249111719378945,4.024911171937872,2.220446049250313e-14,2.599277138456537,2.599277138456513,2.398081733190338e-14,0.9003047768096846,0.9003047768096727,1.1879386363489175e-14,0.15842578961009293,0.15842578961008988,3.0531133177191805e-15
272,1.5087228077663037,0.6286345032359608,0.6286345032359598,9.992007221626409e-16,0.149547923728317,0.14954792372831643,5.551115123125783e-16,0.016189540709725257,0.016189540709725114,1.4224732503009818e-16,0.000718489243362876,0.0007184892433628639,1.2034644114589099e-17,6.017389437362225e-06,6.017389437361792e-06,4.3283383604694747e-19
273,6.3353094253480275,2.6397122605616765,2.6397122605616787,2.220446049250313e-15,2.8701421192127317,2.870142119212737,5.329070518200751e-15,1.6456289835457443,1.6456289835457474,3.1086244689504383e-15,0.5249470971526229,0.5249470971526242,1.3322676295501878e-15,0.0883716326153924,0.08837163261539262,2.220446049250313e-16
274,0.8619717255012413,0.3591548856255178,0.35915488562551723,5.551115123125783e-16,0.05187885174386244,0.05187885174386225,1.8735013540549517e-16,0.0038489024652373803,0.003848902465237358,2.211772431870429e-17,0.0001544631027664702,0.00015446310276646895,1.2468324983583301e-18,3.1767995162183974e-06,3.1767995162183636e-06,3.3881317890172014e-20
275,1.4912510381800002,0.6213545992416674,0.6213545992416668,5.551115123125783e-16,0.14674820202357222,0.1467482020235719,3.3306690738754696e-16,0.015958906402651626,0.015958906402651556,6.938893903907228e-17,0.0007407700993952328,0.0007407700993952264,6.396792817664476e-18,8.896945950278526e-06,8.89694595027831e-06,2.1514636860259229e-19
276,5.008011571168554,2.0866714879868917,2.0866714879868975,5.773159728050814e-15,1.7412198464841624,1.7412198464841722,9.769962616701378e-15,0.742610612833858,0.7426106128338655,7.549516567451064e-15,0.1708228594311395,0.17082285943114212,2.609024107869118e-15,0.020120615194451096,0.020120615194451515,4.198030811863873e-16
277,8.833149709641672,3.6804790456840344,3.68047904568403,4.440892098500626e-15,5.375079924957831,5.375079924957818,1.2434497875801753e-14,3.9512712182814056,3.9512712182813874,1.8207657603852567e-14,1.5255646088139796,1.5255646088139696,9.992007221626409e-15,0.29011046357301873,0.29011046357301645,2.275957200481571e-15
278,14.30346868682007,5.959778619508368,5.959778619508363,5.329070518200751e-15,13.645195548812833,13.645195548812799,3.375077994860476e-14,14.72183690549071,14.721836905490633,7.638334409421077e-14,7.230830323203459,7.23083032320339,6.838973831690964e-14,1.2421343739115818,1.2421343739115582,2.353672812205332e-14
279,1.6476792687832804,0.6865330286597011,0.6865330286597003,7.771561172376096e-16,0.18344896455559623,0.18344896455559567,5.551115123125783e-16,0.023737092913344866,0.02373709291334472,1.457167719820518e-16,0.0014927655431887792,0.0014927655431887644,1.474514954580286e-17,3.979516950786467e-05,3.979516950786401e-05,6.572975670693371e-19
280,3.03850949736178,1.2660456239007432,1.2660456239007418,1.3322676295501878e-15,0.6043136047784492,0.6043136047784473,1.887379141862766e-15,0.13015701690273507,0.1301570169027342,8.604228440844963e-16,0.011170718454426859,0.011170718454426694,1.6479873021779667e-16,0.00012992247240059621,0.0001299224724005826,1.360673726469308e-17
281,1.5665818513034289,0.6527424380430962,0.6527424380430953,8.881784197001252e-16,0.1631445857967277,0.16314458579672722,4.718447854656915e-16,0.019089109886975722,0.019089109886975604,1.1796119636642288e-16,0.00100003167724331,0.0010000316772432998,1.0191500421363742e-17,1.7210986298720138e-05,1.721098629871972e-05,4.1674021004911577e-19
282,8.008942844872843,3.33705951869701,3.337059518697018,7.993605777301127e-15,4.461511811788814,4.461511811788836,2.220446049250313e-14,3.0333493722969687,3.0333493722969926,2.398081733190338e-14,1.0945500236793582,1.094550023679372,1.3766765505351941e-14,0.19656922878800637,0.1965692287880104,4.0245584642661925e-15
283,0.9752853153222463,0.4063688813842692,0.4063688813842693,1.1102230246251565e-16,0.06226409686441467,0.0622640968644147,2.7755575615628914e-17,0.004307097437958474,0.004307097437958473,1.734723475976807e-18,0.00011903316596140268,0.00011903316596140258,1.0842021724855044e-19,4.642002676420767e-07,4.642002676420834e-07,6.670384459627615e-21
284,5.938429514115705,2.4743456308815497,2.474345630881544,5.773159728050814e-15,2.4709603092478503,2.4709603092478365,1.3766765505351941e-14,1.267185275829125,1.2671852758291136,1.1546319456101628e-14,0.3494806526926764,0.3494806526926715,4.9404924595819466e-15,0.048801505423625144,0.04880150542362422,9.228728892196614e-16
285,6.641182950829645,2.7671595628456878,2.7671595628456855,2.220446049250313e-15,2.886590156765683,2.886590156765675,7.993605777301127e-15,1.3594770909518095,1.3594770909518015,7.993605777301127e-15,0.25602382076622154,0.25602382076621766,3.885780586188048e-15,0.0069161534422301505,0.006916153442229494,6.565928356572215e-16
286,4.0039066151640945,1.668294422985043,1.6682944229850398,3.1086244689504383e-15,1.1403671334387049,1.1403671334386996,5.329070518200751e-15,0.4087038659272885,0.4087038659272857,2.831068712794149e-15,0.08099940814253,0.08099940814252923,7.632783294297951e-16,0.008418013697352449,0.008418013697352346,1.0234868508263162e-16
287,9.298900017097395,3.874541673790586,3.8745416737905813,4.440892098500626e-15,5.707527256181635,5.707527256181615,1.9539925233402755e-14,3.8671682826305025,3.867168282630475,2.7533531010703882e-14,1.1114707664835315,1.1114707664835162,1.532107773982716e-14,0.07891825653105575,0.07891825653105145,4.3021142204224816e-15
288,1.780363755535768,0.7418182314732364,0.7418182314732367,2.220446049250313e-16,0.2226167296914825,0.22261672969148255,5.551115123125783e-17,0.034557313238839066,0.03455731323883908,1.3877787807814457e-17,0.0029260161867756063,0.0029260161867756063,0.0,0.00012816135110529705,0.00012816135110529713,8.131516293641283e-20
289,12.204163861953383,5.085068275813903,5.085068275813909,6.217248937900877e-15,10.471760877782748,10.471760877782769,2.1316282072803006e-14,11.127406426067184,11.127406426067232,4.796163466380676e-14,6.401398552722071,6.401398552722108,3.6415315207705135e-14,1.8809327505685034,1.8809327505685176,1.4210854715202004e-14
290,0.9414551457942817,0.39227297741428446,0.392272977414284,4.440892098500626e-16,0.061026678066089114,0.06102667806608896,1.5265566588595902e-16,0.004754668850543119,0.004754668850543099,1.9949319973733282e-17,0.00019200736515410325,0.00019200736515410227,9.75781955236954e-19,3.7263012139785584e-06,3.7263012139785287e-06,2.964615315390051e-20
291,2.8992886249982455,1.2080369270826048,1.2080369270826024,2.4424906541753444e-15,0.5495162188150973,0.5495162188150946,2.6645352591003757e-15,0.11234073570168435,0.11234073570168306,1.2906342661267445e-15,0.009004784425588087,0.009004784425587838,2.498001805406602e-16,7.312003691665762e-05,7.312003691663924e-05,1.83772268236293e-17
292,5.294195906262152,2.205914960942563,2.2059149609425637,8.881784197001252e-16,1.91935607370267,1.9193560737026711,1.1102230246251565e-15,0.8289168850826978,0.8289168850826979,1.1102230246251565e-16,0.18273979709193033,0.18273979709193017,1.6653345369377348e-16,0.018875947723306023,0.018875947723305978,4.5102810375396984e-17
293,2.4955284336358314,1.0398035140149302,1.0398035140149298,4.440892098500626e-16,0.41747345956538173,0.41747345956538146,2.7755575615628914e-16,0.07979447754357274,0.07979447754357272,2.7755575615628914e-17,0.007119202602222689,0.0071192026022226995,1.0408340855860843e-17,0.0002411923487278068,0.00024119234872780853,1.734723475976807e-18
294,2.226434513913426,0.9276810474639285,0.9276810474639272,1.3322676295501878e-15,0.33338903519363094,0.33338903519362983,1.1102230246251565e-15,0.05742545007988786,0.057425450079887516,3.469446951953614e-16,0.004692165390284582,0.004692165390284531,5.117434254131581e-17,0.00015255933057728432,0.0001525593305772811,3.2255014631443757e-18
295,2.9400735405089087,1.2250306418787096,1.2250306418787118,2.220446049250313e-15,0.6130660934518593,0.6130660934518616,2.3314683517128287e-15,0.1599175313045408,0.15991753130454175,9.43689570931383e-16,0.022849190448118395,0.022849190448118614,2.185751579730777e-16,0.0016896930980957096,0.0016896930980957318,2.211772431870429e-17
296,4.912319111607025,2.04679962983626,2.046799629836261,8.881784197001252e-16,1.6477329790608124,1.647732979060813,6.661338147750939e-16,0.6546974757917374,0.6546974757917375,1.1102230246251565e-16,0.13132067909508924,0.13132067909508932,8.326672684688674e-17,0.01208659505072681,0.012086595050726817,6.938893903907228e-18
297,1.9876228892479588,0.8281762038533171,0.8281762038533163,8.881784197001252e-16,0.2726670687520224,0.27266706875202157,8.326672684688674e-16,0.04500699970888747,0.04500699970888724,2.2898349882893854e-16,0.003844792849342928,0.003844792849342901,2.7321894746634712e-17,0.00015696157907776524,0.0001569615790777635,1.734723475976807e-18
298,11.132049010091379,4.638353754204745,4.638353754204742,3.552713678800501e-15,8.255561771207242,8.255561771207224,1.7763568394002505e-14,6.918154406672901,6.918154406672868,3.2862601528904634e-14,2.639604620001194,2.639604620001171,2.2648549702353193e-14,0.3537650510367894,0.35376505103678324,6.161737786669619e-15
299,0.8041313779244763,0.3350547408018651,0.33505474080186515,5.551115123125783e-17,0.04302563470419915,0.043025634704199164,1.3877787807814457e-17,0.002592956178290287,0.0025929561782902883,1.3010426069826053e-18,7.047842621237966e-05,7.047842621237965e-05,1.3552527156068805e-20,6.486055040986842e-07,6.486055040986864e-07,2.2234614865425384e-21
300,3.9247062629013376,1.6352942762088896,1.635294276208891,1.3322676295501878e-15,1.0536413731125285,1.05364137311253,1.5543122344752192e-15,0.33744859344045325,0.3374485934404541,8.326672684688674e-16,0.05553459355134241,0.0555345935513427,2.914335439641036e-16,0.0043471689814791456,0.004347168981479183,3.729655473350135e-17
301,1.3341092694266867,0.555878862261118,0.5558788622611195,1.4432899320127035e-15,0.12412827167584292,0.12412827167584356,6.38378239159465e-16,0.014266156077833153,0.014266156077833277,1.231653667943533e-16,0.000893176176268922,0.0008931761762689339,1.1926223897340549e-17,2.8992295321410565e-05,2.8992295321411056e-05,4.912791094074942e-19
302,0.7866292965279333,0.3277622068866396,0.32776220688663893,6.661338147750939e-16,0.04265783960628588,0.042657839606285684,1.942890293094024e-16,0.0027892816346311543,0.00278928163463113,2.42861286636753e-17,9.516408655723366e-05,9.51640865572325e-05,1.1519648082658485e-18,1.5787016583615396e-06,1.5787016583615112e-06,2.837560373301906e-20
303,8.73956421056989,3.6414850877374576,3.641485087737454,3.552713678800501e-15,5.040946271352624,5.040946271352606,1.7763568394002505e-14,3.21496549180101,3.2149654918009913,1.865174681370263e-14,0.876910289483413,0.8769102894834016,1.1435297153639112e-14,0.06269121775791722,0.06269121775791459,2.6367796834847468e-15
304,3.857975955458876,1.6074899814412011,1.6074899814411983,2.886579864025407e-15,0.9764840182765313,0.9764840182765271,4.218847493575595e-15,0.2694374800611612,0.26943748006115864,2.55351295663786e-15,0.030372173896976867,0.03037217389697626,6.071532165918825e-16,0.0006307893976066292,0.0006307893976065655,6.375108774214766e-17
305,3.998305806741646,1.6659607528090152,1.6659607528090192,3.9968028886505635e-15,1.0755776391241298,1.0755776391241358,5.995204332975845e-15,0.3337659201000852,0.3337659201000886,3.3861802251067274e-15,0.04958850185245633,0.04958850185245728,9.506284648352903e-16,0.003015511025941131,0.003015511025941249,1.1796119636642288e-16
306,2.9566565346224793,1.231940222759369,1.2319402227593663,2.6645352591003757e-15,0.5938611563899757,0.5938611563899726,3.1086244689504383e-15,0.14024607301000974,0.14024607301000847,1.27675647831893e-15,0.016520330573604667,0.01652033057360443,2.3592239273284576e-16,0.0008745183798596079,0.0008745183798595886,1.929879867024198e-17
307,4.40422842264607,1.835095176102528,1.835095176102529,8.881784197001252e-16,1.3160959913234964,1.3160959913234977,1.3322676295501878e-15,0.4619939456075812,0.4619939456075817,4.996003610813204e-16,0.08089044602087672,0.08089044602087685,1.249000902703301e-16,0.006375808783795791,0.0063758087837957975,6.938893903907228e-18
308,1.2519337719214794,0.5216390716339493,0.5216390716339497,4.440892098500626e-16,0.10244521742020063,0.10244521742020082,1.942890293094024e-16,0.00904309042359009,0.009043090423590116,2.6020852139652106e-17,0.00031339720920115464,0.00031339720920115627,1.6263032587282567e-18,1.1375735043983237e-06,1.1375735043983417e-06,1.7999450129153882e-20
309,4.548967076823796,1.8954029486765855,1.8954029486765822,3.3306690738754696e-15,1.4500323065987497,1.4500323065987442,5.551115123125783e-15,0.5726362693802312,0.5726362693802268,4.3298697960381105e-15,0.12315782536272926,0.12315782536272818,1.0824674490095276e-15,0.013688439610393103,0.013688439610392952,1.5092094240998222e-16
310,5.3320915566669385,2.2217048152778918,2.221704815277891,8.881784197001252e-16,1.9225758020171533,1.9225758020171502,3.1086244689504383e-15,0.8069881650934012,0.8069881650933994,1.7763568394002505e-15,0.1652749717205484,0.1652749717205476,8.049116928532385e-16,0.014485846111298571,0.014485846111298472,9.8879238130678e-17
311,3.2645902993825855,1.360245958076078,1.3602459580760775,4.440892098500626e-16,0.7042388751264894,0.7042388751264889,5.551115123125783e-16,0.16850312394428965,0.16850312394428935,3.0531133177191805e-16,0.01741476285678651,0.017414762856786458,5.204170427930421e-17,0.0004998626332917113,0.000499862633291708,3.2526065174565133e-18
312,4.716820808993351,1.9653420037472298,1.9653420037472298,0.0,1.5412676301367283,1.5412676301367274,8.881784197001252e-16,0.6119917232199967,0.6119917232199961,6.661338147750939e-16,0.12837448202497057,0.12837448202497043,1.3877787807814457e-16,0.013337642262149178,0.013337642262149138,3.9898639947466563e-17
313,7.525536319387296,3.1356401330780463,3.13564013307804,6.217248937900877e-15,3.9289608789756514,3.9289608789756336,1.7763568394002505e-14,2.491641117446528,2.4916411174465094,1.865174681370263e-14,0.8317696167667037,0.8317696167666943,9.43689570931383e-15,0.13645022268890258,0.1364502226889004,2.192690473634684e-15
314,3.209147035120722,1.3371445979669707,1.3371445979669674,3.3306690738754696e-15,0.7436286986331946,0.743628698633191,3.552713678800501e-15,0.22015610847385433,0.2201561084738525,1.8318679906315083e-15,0.036594370862125254,0.036594370862124824,4.3021142204224816e-16,0.003237966918973417,0.003237966918973371,4.597017211338539e-17
315,4.418346117831707,1.8409775490965419,1.8409775490965445,2.6645352591003757e-15,1.2837002716239503,1.2837002716239543,3.9968028886505635e-15,0.40773587729679556,0.407735877296798,2.4424906541753444e-15,0.053165567004237586,0.05316556700423837,7.840950111415168e-16,0.0013166084800629086,0.0013166084800629973,8.868773770931426e-17
316,1.3911156009031318,0.5796315003763057,0.579631500376305,7.771561172376096e-16,0.12780576800306254,0.1278057680030621,4.440892098500626e-16,0.012967444488686286,0.01296744448868618,1.0581813203458523e-16,0.0005580965790130307,0.0005580965790130202,1.0516761073109393e-17,5.911705335016336e-06,5.91170533501593e-06,4.0572878173480986e-19
317,3.7424925093694448,1.5593718789039352,1.5593718789039352,0.0,0.9407774889873008,0.940777488987301,1.1102230246251565e-16,0.2720050888378255,0.2720050888378256,1.1102230246251565e-16,0.037425277133466474,0.03742527713346647,6.938893903907228e-18,0.0020759463744551027,0.002075946374455103,4.336808689942018e-19
318,10.672424370370521,4.446843487654386,4.446843487654385,8.881784197001252e-16,8.037967684270289,8.037967684270283,5.329070518200751e-15,7.550514163636198,7.550514163636184,1.3322676295501878e-14,3.8844404099169374,3.8844404099169236,1.3766765505351941e-14,1.0372913073927608,1.0372913073927554,5.329070518200751e-15
319,8.187979522913613,3.411658134547346,3.411658134547339,6.661338147750939e-15,4.800761007532948,4.800761007532927,2.1316282072803006e-14,3.564454805619369,3.564454805619348,2.0872192862952943e-14,1.4719695370014698,1.471969537001459,1.0880185641326534e-14,0.3204036478222007,0.32040364782219743,3.2751579226442118e-15
320,7.10422757668538,2.96009482361891,2.960094823618909,1.3322676295501878e-15,3.31983357293474,3.319833572934735,5.329070518200751e-15,1.7007763983945825,1.7007763983945754,7.105427357601002e-15,0.3622931261638338,0.36229312616383025,3.552713678800501e-15,0.016583035088533656,0.016583035088532892,7.632783294297951e-16
321,2.4830419151200105,1.0346007979666731,1.0346007979666711,1.9984014443252818e-15,0.41202020674634565,0.41202020674634343,2.220446049250313e-15,0.07780178862821459,0.07780178862821373,8.604228440844963e-16,0.006814332854158059,0.006814332854157925,1.3357370765021415e-16,0.00022334662055055238,0.00022334662055054327,9.107298248878237e-18
322,4.016827402132568,1.673678084221906,1.6736780842219035,2.4424906541753444e-15,1.0862089185007506,1.0862089185007464,4.218847493575595e-15,0.33892461843408334,0.33892461843408084,2.4980018054066022e-15,0.05060471004515511,0.05060471004515445,6.661338147750939e-16,0.0030835350866354593,0.003083535086635376,8.326672684688674e-17
323,4.8082714126402095,2.0034464219334245,2.0034464219334205,3.9968028886505635e-15,1.5632737654522875,1.5632737654522801,7.327471962526033e-15,0.5930167705233835,0.5930167705233784,5.10702591327572e-15,0.11063406853617323,0.1106340685361716,1.6375789613221059e-15,0.009020926258634777,0.009020926258634527,2.498001805406602e-16
324,5.299468483892086,2.208111868288367,2.208111868288369,1.7763568394002505e-15,1.86544831960137,1.8654483196013734,3.3306690738754696e-15,0.7367384991109085,0.7367384991109113,2.7755575615628914e-15,0.12983878942601812,0.12983878942601892,8.049116928532385e-16,0.0074208242736992485,0.007420824273699366,1.1709383462843448e-16
325,7.7293341909324065,3.2205559128885053,3.220555912888503,2.220446049250313e-15,4.155218149008416,4.15521814900841,6.217248937900877e-15,2.7409635954744944,2.7409635954744886,5.773159728050814e-15,0.9730117589897512,0.9730117589897489,2.3314683517128287e-15,0.17602367906217256,0.17602367906217212,4.440892098500626e-16
326,4.7188539839055625,1.9661891599606454,1.966189159960651,5.551115123125783e-15,1.4656972720151278,1.4656972720151378,9.992007221626409e-15,0.5000724786796648,0.5000724786796715,6.772360450213455e-15,0.07143840707194866,0.07143840707195094,2.275957200481571e-15,0.002318818487285459,0.002318818487285741,2.8189256484623115e-16
327,6.469910405961143,2.6957960024838123,2.69579600248381,2.220446049250313e-15,2.823062480005115,2.8230624800051083,6.661338147750939e-15,1.4290652940203366,1.4290652940203301,6.439293542825908e-15,0.35120654696903264,0.35120654696902964,2.9976021664879227e-15,0.03660940293101773,0.03660940293101721,5.204170427930421e-16
328,1.153929472956678,0.48080394706528196,0.4808039470652825,5.551115123125783e-16,0.09481495949680396,0.09481495949680421,2.498001805406602e-16,0.009814561715349137,0.009814561715349165,2.7755575615628914e-17,0.0005624865178613824,0.0005624865178613849,2.4936649967166602e-18,1.692705210621171e-05,1.6927052106211807e-05,9.825582188149884e-20
329,4.371179579985187,1.8213248249938325,1.8213248249938279,4.6629367034256575e-15,1.3429400118409023,1.3429400118408952,7.105427357601002e-15,0.5118724997066268,0.5118724997066223,4.551914400963142e-15,0.10613825391814316,0.10613825391814179,1.3739009929736312e-15,0.011332136600220994,0.011332136600220817,1.7694179454963432e-16
330,2.5588221744458615,1.0661759060191083,1.066175906019109,6.661338147750939e-16,0.45839299707463677,0.4583929970746371,3.3306690738754696e-16,0.10122521164199536,0.10122521164199547,1.1102230246251565e-16,0.01204169667952765,0.01204169667952767,1.9081958235744878e-17,0.0007278360595246427,0.000727836059524644,1.3010426069826053e-18
331,0.6410953054548881,0.267123043939537,0.26712304393953673,2.7755575615628914e-16,0.02729058755327225,0.02729058755327218,6.938893903907228e-17,0.0013023584013385277,0.0013023584013385216,6.071532165918825e-18,2.767005565173083e-05,2.767005565173057e-05,2.608861477543245e-19,1.887889161733603e-07,1.8878891617335622e-07,4.0763460586613204e-21
332,0.8883855871953424,0.3701606613313926,0.3701606613313927,1.1102230246251565e-16,0.053635571454197194,0.0536355714541972,6.938893903907228e-18,0.003809255284502084,0.0038092552845020865,2.6020852139652106e-18,0.00013503698410388025,0.00013503698410388044,1.8973538018496328e-19,2.1536236300714074e-06,2.1536236300714087e-06,1.2705494208814505e-21
333,3.2393711164599877,1.3497379651916628,1.3497379651916614,1.3322676295501878e-15,0.7159347069737969,0.7159347069737958,1.1102230246251565e-15,0.1872169095132309,0.18721690951323042,4.718447854656915e-16,0.02467207595568907,0.024672075955688974,9.71445146547012e-17,0.001487717893176457,0.0014877178931764496,7.37257477290143e-18
334,4.335333063657819,1.8063887765240896,1.8063887765240914,1.7763568394002505e-15,1.3082505710171493,1.3082505710171515,2.220446049250313e-15,0.4831509265624506,0.4831509265624519,1.27675647831893e-15,0.09526184590964205,0.09526184590964243,3.7470027081099033e-16,0.009440131057886396,0.009440131057886453,5.724587470723463e-17
335,3.732257822961306,1.5551074262338729,1.5551074262338775,4.6629367034256575e-15,0.9527541558459977,0.9527541558460036,5.995204332975845e-15,0.28915654025358123,0.28915654025358484,3.608224830031759e-15,0.04464272603672245,0.044642726036723306,8.534839501805891e-16,0.003210081587293693,0.0032100815872937944,1.0148132334464322e-16
336,3.2058553559473504,1.3357730649780661,1.3357730649780628,3.3306690738754696e-15,0.7091776157421245,0.70917761574212,4.440892098500626e-15,0.1893500833111847,0.1893500833111828,1.887379141862766e-15,0.026406485210986562,0.02640648521098618,3.8163916471489756e-16,0.001792491841556373,0.0017924918415563311,4.185020385794047e-17
337,5.8821115237667225,2.4508798015694726,2.4508798015694677,4.884981308350689e-15,2.4040231711729696,2.4040231711729567,1.2878587085651816e-14,1.1947236758362334,1.1947236758362232,1.021405182655144e-14,0.31259057025076,0.3125905702507563,3.6637359812630166e-15,0.04014624513775508,0.040146245137754416,6.661338147750939e-16
338,4.060686169003322,1.6919525704180498,1.691952570418051,1.1102230246251565e-15,1.1354422210495945,1.1354422210495958,1.3322676295501878e-15,0.3837356142554256,0.38373561425542635,7.216449660063518e-16,0.06826552877627393,0.06826552877627416,2.3592239273284576e-16,0.006007536491052888,0.006007536491052909,2.0816681711721685e-17
339,5.435274829092206,2.2646978454550855,2.2646978454550863,8.881784197001252e-16,1.9772819270731854,1.9772819270731854,0.0,0.8173828353554141,0.8173828353554141,0.0,0.15511662167834886,0.15511662167834883,2.7755575615628914e-17,0.01053844859697916,0.01053844859697914,1.9081958235744878e-17
340,2.86175287311233,1.192397030463468,1.192397030463471,3.1086244689504383e-15,0.5716472733932177,0.5716472733932206,2.886579864025407e-15,0.1401257767049163,0.14012577670491758,1.27675647831893e-15,0.018380857621972183,0.018380857621972457,2.740863092043355e-16,0.0012140272749503768,0.001214027274950401,2.42861286636753e-17
341,3.7721516194072664,1.5717298414196939,1.5717298414196943,4.440892098500626e-16,0.935119913386378,0.935119913386378,0.0,0.25374732950070855,0.2537473295007084,1.6653345369377348e-16,0.02851324340475007,0.028513243404750012,5.898059818321144e-17,0.0006678958196766412,0.0006678958196766299,1.1275702593849246e-17
342,2.2594690830639537,0.9414454512766463,0.9414454512766474,1.1102230246251565e-15,0.3561742856543504,0.3561742856543513,8.881784197001252e-16,0.06874868128571741,0.06874868128571764,2.220446049250313e-16,0.007067067980918719,0.007067067980918751,3.209238430557093e-17,0.0003628690553733785,0.0003628690553733802,1.6805133673525319e-18
343,5.038858831562534,2.0995245131510543,2.0995245131510556,1.3322676295501878e-15,1.78041350188685,1.7804135018868519,1.7763568394002505e-15,0.7758759528761531,0.7758759528761542,1.1102230246251565e-15,0.18193489903082455,0.18193489903082502,4.718447854656915e-16,0.021608767320980736,0.021608767320980785,4.85722573273506e-17
344,6.038731003740761,2.5161379182253136,2.516137918225317,3.552713678800501e-15,2.4323328358934955,2.432332835893505,9.325873406851315e-15,1.1100472664093368,1.110047266409343,6.217248937900877e-15,0.23228267158063848,0.23228267158064067,2.192690473634684e-15,0.017500709666901572,0.017500709666901974,4.0245584642661925e-16
345,6.839684602456548,2.8498685843568934,2.849868584356895,1.7763568394002505e-15,3.203581259865481,3.2035812598654845,3.552713678800501e-15,1.784933687400014,1.7849336874000168,2.886579864025407e-15,0.5054847720149799,0.505484772014981,1.1102230246251565e-15,0.06644758355615706,0.06644758355615711,5.551115123125783e-17
346,2.9082533189401802,1.2117722162250757,1.211772216225075,6.661338147750939e-16,0.5712807832365716,0.5712807832365709,6.661338147750939e-16,0.13061521113824126,0.13061521113824098,2.7755575615628914e-16,0.01460550135928311,0.01460550135928306,5.0306980803327406e-17,0.0007048068632368214,0.0007048068632368171,4.336808689942018e-18
347,4.151181613971346,1.7296590058213903,1.7296590058213943,3.9968028886505635e-15,1.221788881107928,1.2217888811079343,6.217248937900877e-15,0.45096636061941714,0.4509663606194203,3.164135620181696e-15,0.09173130290477037,0.09173130290477133,9.575673587391975e-16,0.009751843710881057,0.00975184371088119,1.3357370765021415e-16
348,1.260156335987068,0.5250651399946116,0.5250651399946118,2.220446049250313e-16,0.10915965079333656,0.10915965079333663,6.938893903907228e-17,0.011393097301598574,0.011393097301598583,8.673617379884035e-18,0.0006225784505677281,0.0006225784505677293,1.1926223897340549e-18,1.6693194667301658e-05,1.6693194667301726e-05,6.776263578034403e-20
349,6.036927875599723,2.515386614833218,2.5153866148332176,4.440892098500626e-16,2.584284487906391,2.58428448790639,8.881784197001252e-16,1.3864795794959879,1.3864795794959857,2.220446049250313e-15,0.4092793232037838,0.40927932320378263,1.1657341758564144e-15,0.06298259431387615,0.0629825943138759,2.498001805406602e-16
350,1.2387807376318556,0.5161586406799408,0.5161586406799398,9.992007221626409e-16,0.10654998636192271,0.10654998636192224,4.718447854656915e-16,0.011206177632608111,0.01120617763260803,8.153200337090993e-17,0.00063044694350304,0.0006304469435030345,5.5294310796760726e-18,1.791907171421376e-05,1.791907171421352e-05,2.405573570202213e-19
351,5.3329957231557295,2.2220815513148926,2.2220815513148873,5.329070518200751e-15,2.0319174810871914,2.0319174810871807,1.0658141036401503e-14,0.9778977925787694,0.9778977925787619,7.549516567451064e-15,0.2610377190877184,0.26103771908771584,2.55351295663786e-15,0.036619972748811264,0.0366199727488108,4.649058915617843e-16
352,3.1872584312433228,1.3280243463513846,1.3280243463513843,2.220446049250313e-16,0.6875335867548454,0.6875335867548449,5.551115123125783e-16,0.17294534290585822,0.17294534290585772,4.996003610813204e-16,0.02130495947921098,0.021304959479210885,9.71445146547012e-17,0.0011326973425344357,0.0011326973425344216,1.4094628242311558e-17
353,4.2581755390361735,1.7742398079317392,1.774239807931739,2.220446049250313e-16,1.198912136600721,1.1989121366007203,6.661338147750939e-16,0.37431855528892644,0.37431855528892627,1.6653345369377348e-16,0.050305400752457846,0.050305400752457874,2.7755575615628914e-17,0.0018303895622507917,0.0018303895622508027,1.1058862159352145e-17
354,1.5822164334030966,0.6592568472512901,0.6592568472512903,2.220446049250313e-16,0.17307709068278748,0.1730770906827876,1.1102230246251565e-16,0.022820220219277914,0.022820220219277917,3.469446951953614e-18,0.0015599611662364058,0.0015599611662364054,4.336808689942018e-19,5.1049250181415534e-05,5.104925018141547e-05,6.098637220230962e-20
355,2.9190322170943452,1.2162634237893086,1.2162634237893106,1.9984014443252818e-15,0.5778224124390919,0.5778224124390943,2.3314683517128287e-15,0.13407934977460012,0.13407934977460112,9.992007221626409e-16,0.015430944872222394,0.015430944872222609,2.1510571102112408e-16,0.0007892522096997281,0.0007892522096997483,2.0166160408230382e-17
356,5.64848428421803,2.3535351184241784,2.3535351184241793,8.881784197001252e-16,2.102990156614463,2.102990156614463,0.0,0.8632981705620205,0.8632981705620213,7.771561172376096e-16,0.15029525825921566,0.15029525825921555,1.1102230246251565e-16,0.006511987108769034,0.006511987108769039,5.204170427930421e-18
357,4.759211838376458,1.9830049326568586,1.9830049326568573,1.3322676295501878e-15,1.5191952276922867,1.5191952276922835,3.1086244689504383e-15,0.5562880062333654,0.5562880062333632,2.220446049250313e-15,0.09637114493776833,0.09637114493776773,5.967448757360216e-16,0.00662792089245084,0.00662792089245074,9.974659986866641e-17
358,0.8418532393452127,0.35077218306050534,0.3507721830605053,5.551115123125783e-17,0.04641715705546047,0.04641715705546044,2.7755575615628914e-17,0.0027780076029928617,0.0027780076029928565,5.204170427930421e-18,6.689843138004584e-05,6.689843138004556e-05,2.846030702774449e-19,2.5058300750289364e-07,2.5058300750288607e-07,7.57035696608531e-21
359,12.465984566035363,5.194160235848056,5.194160235848067,1.1546319456101628e-14,10.97049747515876,10.970497475158819,5.861977570020827e-14,12.047131946069971,12.047131946070072,1.0125233984581428e-13,7.250022526155597,7.250022526155684,8.704148513061227e-14,2.266486551443379,2.2664865514434136,3.4638958368304884e-14
360,4.855431093343051,2.023096288892938,2.0230962888929382,4.440892098500626e-16,1.6227646091872319,1.6227646091872314,4.440892098500626e-16,0.6503185115030082,0.6503185115030077,5.551115123125783e-16,0.13422707879826146,0.13422707879826123,2.220446049250313e-16,0.01314781203587665,0.013147812035876564,8.673617379884035e-17
361,1.9618845270129324,0.8174518862553887,0.8174518862553886,1.1102230246251565e-16,0.25693939060966586,0.2569393906096656,2.7755575615628914e-16,0.038123411323083195,0.03812341132308312,7.632783294297951e-17,0.002586252422235325,0.002586252422235317,8.239936510889834e-18,6.229325044729766e-05,6.229325044729702e-05,6.369687763352339e-19
362,3.5566661032246296,1.4819442096769295,1.481944209676929,4.440892098500626e-16,0.8393271243001775,0.8393271243001769,6.661338147750939e-16,0.22126390916006863,0.22126390916006855,8.326672684688674e-17,0.02563775679284666,0.025637756792846675,1.3877787807814457e-17,0.0008953910793134644,0.0008953910793134663,1.951563910473908e-18
363,5.191760056117752,2.163233356715731,2.16323335671573,1.3322676295501878e-15,1.8095969506257652,1.8095969506257625,2.6645352591003757e-15,0.7245420089203818,0.7245420089203801,1.6653345369377348e-15,0.13759717794651116,0.13759717794651058,5.828670879282072e-16,0.010436525517327952,0.010436525517327858,9.367506770274758e-17
364,1.7202912263306918,0.7167880109711234,0.7167880109711215,1.887379141862766e-15,0.1985392414666528,0.19853924146665156,1.2490009027033011e-15,0.02627647849059017,0.02627647849058988,2.914335439641036e-16,0.0016424076412136464,0.0016424076412136156,3.0791341698588326e-17,4.0498855170109034e-05,4.049885517010755e-05,1.4840017235895342e-18
365,9.975934880540203,4.156639533558419,4.156639533558418,8.881784197001252e-16,6.927530968811263,6.927530968811255,7.993605777301127e-15,5.891266712592025,5.891266712592011,1.4210854715202004e-14,2.678967256517942,2.67896725651793,1.199040866595169e-14,0.6139036122727005,0.613903612272696,4.551914400963142e-15
366,5.504226081844547,2.2934275341018937,2.2934275341018946,8.881784197001252e-16,2.031282171581771,2.031282171581773,1.7763568394002505e-15,0.8592017084872662,0.8592017084872668,6.661338147750939e-16,0.17160097615643274,0.1716009761564331,3.608224830031759e-16,0.013530239870271259,0.013530239870271306,4.683753385137379e-17
367,8.02582515120473,3.3440938130019635,3.344093813001971,7.549516567451064e-15,4.317329131980905,4.317329131980925,1.9539925233402755e-14,2.6579858810852195,2.6579858810852475,2.7977620220553945e-14,0.7691182820123589,0.7691182820123728,1.3877787807814457e-14,0.08659276235224962,0.08659276235225308,3.4555691641457997e-15
368,1.4891949423396298,0.6204978926415116,0.6204978926415123,7.771561172376096e-16,0.14955250908872214,0.14955250908872256,4.163336342344337e-16,0.017417593470485854,0.017417593470485927,7.28583859910259e-17,0.000983784760061519,0.000983784760061527,8.023096076392733e-18,2.3502169972678605e-05,2.3502169972678937e-05,3.3203691532368573e-19
369,5.985937511487958,2.494140629786643,2.4941406297866493,6.217248937900877e-15,2.480770263536855,2.4807702635368685,1.3322676295501878e-14,1.2545924168727467,1.2545924168727567,9.992007221626409e-15,0.3392855572779345,0.33928555727793847,3.941291737419306e-15,0.046428186963027133,0.046428186963027925,7.91033905045424e-16
370,2.2180457214832714,0.9241857172846974,0.9241857172846966,8.881784197001252e-16,0.34351288545903386,0.34351288545903347,3.885780586188048e-16,0.06582324827689334,0.06582324827689318,1.6653345369377348e-16,0.006885091532011988,0.006885091532011961,2.688821387764051e-17,0.0003742860946195993,0.0003742860946195972,2.1141942363467336e-18
371,3.3209896282178812,1.3837456784241153,1.3837456784241173,1.9984014443252818e-15,0.7476401544235338,0.7476401544235365,2.6645352591003757e-15,0.1965793154110407,0.196579315411042,1.304512053934559e-15,0.025347537458984538,0.025347537458984853,3.157196726277789e-16,0.00141181611907748,0.0014118161190775152,3.5128150388530344e-17
372,0.9810373453815915,0.40876556057566255,0.40876556057566316,6.106226635438361e-16,0.06408163394659222,0.06408163394659239,1.6653345369377348e-16,0.004724677423369754,0.00472467742336978,2.6020852139652106e-17,0.0001581572860821073,0.00015815728608210893,1.6263032587282567e-18,1.8409421173808796e-06,1.840942117380926e-06,4.6375053862172944e-20
373,0.9365535661290592,0.3902306525537748,0.39023065255377465,1.6653345369377348e-16,0.059877356623265335,0.05987735662326522,1.1796119636642288e-16,0.004518261457396879,0.004518261457396863,1.5612511283791264e-17,0.00017026614188803824,0.00017026614188803683,1.4094628242311558e-18,2.871049984480837e-06,2.871049984480797e-06,4.0234064994579266e-20
374,1.3212931901291949,0.5505388292204979,0.5505388292204978,1.1102230246251565e-16,0.11530189107519893,0.11530189107519888,5.551115123125783e-17,0.011143354841437811,0.011143354841437794,1.734723475976807e-17,0.0004628395381741509,0.0004628395381741505,3.7947076036992655e-19,5.184756791227367e-06,5.184756791227356e-06,1.1011428314305904e-20
375,2.892520672165186,1.2052169467354943,1.2052169467354943,0.0,0.5909857620959162,0.590985762095916,2.220446049250313e-16,0.15094661736245285,0.15094661736245266,1.942890293094024e-16,0.021200158730292042,0.021200158730292042,0.0,0.0015542711936598174,0.0015542711936598163,1.0842021724855044e-18
376,3.9679301298868377,1.653304220786183,1.6533042207861826,4.440892098500626e-16,1.0281879595610586,1.0281879595610568,1.7763568394002505e-15,0.28672491384189597,0.286724913841895,9.43689570931383e-16,0.031105656543295977,0.03110565654329572,2.5673907444456745e-16,0.00028741159437622907,0.0002874115943761996,2.949029909160572e-17
377,4.964552417362225,2.068563507234259,2.0685635072342605,1.3322676295501878e-15,1.6874921032336925,1.6874921032336947,2.220446049250313e-15,0.6836660769473384,0.6836660769473395,1.1102230246251565e-15,0.1416734498232779,0.14167344982327804,1.3877787807814457e-16,0.0138176140309485,0.013817614030948533,3.2959746043559335e-17
378,3.238723403319101,1.349468084716292,1.349468084716292,0.0,0.7352431011343834,0.7352431011343832,2.220446049250313e-16,0.20705011414158836,0.2070501141415882,1.6653345369377348e-16,0.031836500835805984,0.03183650083580594,4.163336342344337e-17,0.002539399300168149,0.0025393993001681476,1.3010426069826053e-18
379,7.297671023813969,3.0406962599224845,3.040696259922487,2.6645352591003757e-15,3.687064740783989,3.6870647407839954,6.217248937900877e-15,2.25102317507534,2.251023175075347,7.105427357601002e-15,0.7157552534264591,0.7157552534264627,3.6637359812630166e-15,0.10978899791959666,0.10978899791959752,8.604228440844963e-16
380,5.217322934541816,2.1738845560590883,2.17388455605909,1.7763568394002505e-15,1.8410253100020428,1.8410253100020462,3.3306690738754696e-15,0.7579864237236354,0.7579864237236378,2.3314683517128287e-15,0.15339089202246298,0.15339089202246411,1.1379786002407855e-15,0.013540912724998754,0.0135409127249989,1.457167719820518e-16
381,19.240995179494817,8.017081324789505,8.017081324789507,1.7763568394002505e-15,25.49088404808593,25.490884048085938,7.105427357601002e-15,40.53426592088898,40.53426592088896,1.4210854715202004e-14,33.27480849403651,33.27480849403656,4.973799150320701e-14,13.021161285019796,13.021161285019824,2.842170943040401e-14
382,13.28517671221987,5.535490296758286,5.5354902967582795,6.217248937900877e-15,12.369559231598926,12.369559231598895,3.019806626980426e-14,14.286603251182816,14.286603251182758,5.861977570020827e-14,9.01168650462657,9.011686504626525,4.618527782440651e-14,2.950014358036313,2.9500143580362916,2.1316282072803006e-14
383,2.046487198086428,0.85270299920268,0.8527029992026786,1.4432899320127035e-15,0.2840574047782295,0.2840574047782283,1.2212453270876722e-15,0.04628837680897004,0.04628837680896968,3.608224830031759e-16,0.0037581743655162323,0.003758174365516191,4.119968255444917e-17,0.00013707687013684035,0.00013707687013683758,2.7647155398380363e-18
384,4.237323808628743,1.7655515869286444,1.765551586928643,1.5543122344752192e-15,1.1995267262315408,1.1995267262315379,2.886579864025407e-15,0.38617925799086716,0.3861792579908655,1.6653345369377348e-15,0.05757361096343015,0.05757361096342973,4.2327252813834093e-16,0.0031952855525539314,0.0031952855525538867,4.466912950640278e-17
385,0.6597643151343875,0.27490179797266157,0.27490179797266145,1.1102230246251565e-16,0.02992782251388952,0.029927822513889504,1.734723475976807e-17,0.0016344314051808329,0.0016344314051808316,1.3010426069826053e-18,4.661440522269151e-05,4.661440522269144e-05,6.776263578034403e-20,6.491421194792319e-07,6.491421194792306e-07,1.376428539288238e-21
386,6.137229178834831,2.557178824514514,2.557178824514513,8.881784197001252e-16,2.5881702960581707,2.5881702960581667,3.9968028886505635e-15,1.3029092732231786,1.3029092732231733,5.329070518200751e-15,0.3345431061157098,0.3345431061157081,1.7208456881689926e-15,0.040007829327988645,0.04000782932798816,4.85722573273506e-16
387,3.1040035290097774,1.2933348037540702,1.2933348037540742,3.9968028886505635e-15,0.6460221071209512,0.6460221071209556,4.440892098500626e-15,0.15410969489188892,0.15410969489189083,1.915134717478395e-15,0.017356612937791695,0.01735661293779214,4.440892098500626e-16,0.0007713420331109181,0.000771342033110956,3.7838655819744105e-17
388,4.627124093841427,1.9279683724339287,1.9279683724339285,2.220446049250313e-16,1.4797746945226664,1.4797746945226653,1.1102230246251565e-15,0.5749951262569513,0.5749951262569506,6.661338147750939e-16,0.11848210144144883,0.11848210144144851,3.191891195797325e-16,0.012197351004398239,0.012197351004398184,5.551115123125783e-17
389,3.3407603422578065,1.3919834759407514,1.3919834759407523,8.881784197001252e-16,0.7725216842297217,0.772521684229723,1.3322676295501878e-15,0.21782149497674042,0.21782149497674083,4.163336342344337e-16,0.0327895782147191,0.0327895782147192,9.71445146547012e-17,0.0024913946352011188,0.0024913946352011274,8.673617379884035e-18
390,3.0054815771093173,1.2522839904622152,1.2522839904622158,6.661338147750939e-16,0.6070633855073935,0.6070633855073935,0.0,0.1409363511659454,0.14093635116594536,5.551115123125783e-17,0.01550812342432605,0.01550812342432606,1.0408340855860843e-17,0.0006783358079380422,0.0006783358079380417,4.336808689942018e-19
391,0.9366528422124228,0.3902720175885096,0.39027201758850955,5.551115123125783e-17,0.06253857394424579,0.06253857394424575,4.163336342344337e-17,0.005264011977738831,0.00526401197773882,1.0408340855860843e-17,0.00024536855826034815,0.0002453685582603474,7.589415207398531e-19,6.003652765502253e-06,6.00365276550223e-06,2.286988957586611e-20
392,6.622317592632021,2.7592989969300086,2.7592989969300086,0.0,3.0816383465838975,3.081638346583897,4.440892098500626e-16,1.7787058419290158,1.7787058419290127,3.1086244689504383e-15,0.5583976093686543,0.5583976093686521,2.220446049250313e-15,0.09024764282274553,0.09024764282274494,5.828670879282072e-16
393,9.969715488194467,4.154048120081033,4.154048120081028,4.440892098500626e-15,6.805931643035561,6.805931643035544,1.687538997430238e-14,5.557330139138653,5.5573301391386245,2.842170943040401e-14,2.344962805818308,2.3449628058182865,2.1316282072803006e-14,0.47544043465023106,0.4754404346502241,6.938893903907228e-15
394,4.422360482283453,1.8426502009514396,1.842650200951439,6.661338147750939e-16,1.3459997017364356,1.3459997017364338,1.7763568394002505e-15,0.4921694989361325,0.4921694989361312,1.27675647831893e-15,0.09323100798714012,0.09323100798713954,5.828670879282072e-16,0.008482473273991235,0.008482473273991157,7.806255641895632e-17
395,0.7681391892124827,0.32005799550520136,0.3200579955052011,2.7755575615628914e-16,0.04071350867932516,0.040713508679325085,7.632783294297951e-17,0.0026161177324102638,0.0026161177324102542,9.540979117872439e-18,8.888070864626769e-05,8.888070864626723e-05,4.607859233063394e-19,1.5028947157276837e-06,1.5028947157276714e-06,1.2281977735187355e-20
396,2.194555493260905,0.9143981221920435,0.9143981221920436,1.1102230246251565e-16,0.31683842509650867,0.3168384250965086,5.551115123125783e-17,0.05010704161145908,0.050107041611459055,2.7755575615628914e-17,0.003279407853220303,0.0032794078532203054,2.6020852139652106e-18,4.407058358519306e-05,4.407058358519314e-05,8.131516293641283e-20
397,2.6225260157735923,1.0927191732389985,1.092719173238997,1.5543122344752192e-15,0.48596287776669733,0.48596287776669556,1.7763568394002505e-15,0.11214831835406223,0.11214831835406157,6.661338147750939e-16,0.014101374828051141,0.014101374828051037,1.0408340855860843e-16,0.0009120563975212223,0.0009120563975212127,9.540979117872439e-18
398,8.32312554765332,3.4679689781888796,3.467968978188883,3.552713678800501e-15,4.7907567115995935,4.790756711599605,1.1546319456101628e-14,3.3349572189659664,3.334957218965981,1.4654943925052066e-14,1.2143560924076666,1.2143560924076742,7.549516567451064e-15,0.21536604888700198,0.21536604888700414,2.1649348980190553e-15
399,3.7858940627006126,1.5774558594585901,1.5774558594585888,1.3322676295501878e-15,0.9407460639177694,0.9407460639177665,2.886579864025407e-15,0.25500605172903745,0.25500605172903623,1.2212453270876722e-15,0.028283317990264515,0.0282833179902642,3.157196726277789e-16,0.0005854463933816284,0.0005854463933815982,3.0140820395097023e-17
400,6.604373474188198,2.751822280911753,2.7518222809117487,4.440892098500626e-15,2.9112667562893058,2.9112667562892938,1.199040866595169e-14,1.4563484352782818,1.4563484352782707,1.1102230246251565e-14,0.3354919492838311,0.3354919492838261,4.9960036108132044e-15,0.02824548972425827,0.028245489724257385,8.847089727481716e-16
401,6.829479623972789,2.8456165099886617,2.845616509988662,4.440892098500626e-16,3.0790674482252234,3.079067448225224,4.440892098500626e-16,1.536192227849342,1.53619222784934,1.9984014443252818e-15,0.3287116832127508,0.3287116832127501,6.661338147750939e-16,0.018762281338697808,0.018762281338697683,1.249000902703301e-16
402,3.361866371082431,1.4007776546176811,1.4007776546176798,1.3322676295501878e-15,0.7842758650527302,0.7842758650527281,2.1094237467877974e-15,0.22228342890875757,0.22228342890875646,1.1102230246251565e-15,0.03316605367387665,0.03316605367387633,3.191891195797325e-16,0.0024316945627744606,0.0024316945627744354,2.5153490401663703e-17
403,2.246237588800984,0.9359323286670764,0.9359323286670767,2.220446049250313e-16,0.33636601535208166,0.33636601535208144,2.220446049250313e-16,0.056793302733553944,0.056793302733553916,2.7755575615628914e-17,0.004317552748657178,0.004317552748657172,5.204170427930421e-18,0.0001095325269182852,0.00010953252691828481,3.9302328752599536e-19
404,7.84979520757973,3.270748003158219,3.2707480031582215,2.6645352591003757e-15,4.124382026547751,4.124382026547757,5.329070518200751e-15,2.471032181885708,2.471032181885713,4.884981308350689e-15,0.688865862687657,0.6888658626876593,2.220446049250313e-15,0.07238648223070511,0.07238648223070543,3.191891195797325e-16
405,1.3165185974038325,0.5485494155849308,0.5485494155849302,5.551115123125783e-16,0.12065626207517383,0.12065626207517352,3.0531133177191805e-16,0.013559732931790521,0.01355973293179046,6.071532165918825e-17,0.0008175364282144346,0.000817536428214429,5.637851296924623e-18,2.4975626263039105e-05,2.4975626263038827e-05,2.778268066994105e-19
406,2.491884148052357,1.0382850616884827,1.038285061688482,6.661338147750939e-16,0.41195507208503246,0.41195507208503185,6.106226635438361e-16,0.0761766013380106,0.07617660133801045,1.5265566588595902e-16,0.0062287342070644364,0.006228734207064406,3.0357660829594124e-17,0.00015859735686018554,0.0001585973568601835,2.032879073410321e-18
407,2.0623244324577317,0.8593018468573875,0.8593018468573881,5.551115123125783e-16,0.27965498416985657,0.27965498416985723,6.661338147750939e-16,0.041442613478368584,0.041442613478368785,2.0122792321330962e-16,0.0025175660470752002,0.0025175660470752323,3.209238430557093e-17,2.8617072740832462e-05,2.8617072740834387e-05,1.9244588561617704e-18
408,6.029506741577935,2.512294475657477,2.512294475657473,3.9968028886505635e-15,2.4678749738531023,2.4678749738530916,1.0658141036401503e-14,1.1855733310529601,1.1855733310529513,8.881784197001252e-15,0.2829784465942496,0.2829784465942465,3.1086244689504383e-15,0.030099251232499208,0.030099251232498625,5.828670879282072e-16
409,2.6688079997034038,1.1120033332097516,1.1120033332097516,0.0,0.4864396744069436,0.4864396744069433,2.7755575615628914e-16,0.104904325873512,0.10490432587351185,1.5265566588595902e-16,0.011375259597104307,0.011375259597104271,3.642919299551295e-17,0.0005606476690801246,0.000560647669080121,3.577867169202165e-18
410,5.864013533762474,2.4433389724010333,2.4433389724010315,1.7763568394002505e-15,2.4119619078226586,2.411961907822654,4.440892098500626e-15,1.23133403917944,1.2313340391794358,4.218847493575595e-15,0.3433361946627188,0.34333619466271775,1.0547118733938987e-15,0.04966443639892081,0.04966443639892052,2.914335439641036e-16
411,3.148562420144197,1.3119010083934133,1.3119010083934155,2.220446049250313e-15,0.6899432336663782,0.6899432336663804,2.220446049250313e-15,0.18479063158969392,0.184790631589695,1.0824674490095276e-15,0.026341496151560513,0.02634149615156074,2.255140518769849e-16,0.0018772403486623688,0.0018772403486623961,2.7321894746634712e-17
412,0.9600603288470431,0.40002513701960163,0.4000251370196013,3.3306690738754696e-16,0.06143180923197901,0.06143180923197886,1.5265566588595902e-16,0.0044415006858381165,0.004441500685838096,2.0816681711721685e-17,0.00014595371212241121,0.00014595371212240978,1.4365678785432934e-18,1.6699503224878625e-06,1.6699503224878244e-06,3.8116482626443515e-20
413,4.608927726588896,1.920386552745375,1.9203865527453736,1.3322676295501878e-15,1.3920817099135654,1.3920817099135627,2.6645352591003757e-15,0.4571172810277425,0.45711728102774046,2.0539125955565396e-15,0.06074354606991142,0.0607435460699107,7.216449660063518e-16,0.0013445776406065227,0.0013445776406064212,1.0148132334464322e-16
414,4.928466934668854,2.0535278894453532,2.0535278894453555,2.220446049250313e-15,1.737592442120948,1.7375924421209519,3.774758283725532e-15,0.7748110239399233,0.7748110239399258,2.55351295663786e-15,0.19187330746830256,0.19187330746830333,7.771561172376096e-16,0.025001554701530697,0.025001554701530874,1.7694179454963432e-16
415,3.2763891012358135,1.3651621255149222,1.3651621255149222,0.0,0.7381098517957403,0.7381098517957401,2.220446049250313e-16,0.19965396964101076,0.19965396964101068,8.326672684688674e-17,0.027982973647546656,0.02798297364754665,6.938893903907228e-18,0.0018863270834661612,0.0018863270834661612,0.0
416,2.4825864791960974,1.0344110329983733,1.034411032998374,6.661338147750939e-16,0.42058326778922794,0.4205832677892286,6.661338147750939e-16,0.08422408478735027,0.08422408478735038,1.1102230246251565e-16,0.008470067428898335,0.008470067428898357,2.2551405187698492e-17,0.0003864834288572309,0.00038648342885723273,1.8431436932253575e-18
417,2.460033419240315,1.0250139246834653,1.0250139246834646,6.661338147750939e-16,0.4216790548300965,0.42167905483009566,8.326672684688674e-16,0.08851832746083262,0.08851832746083235,2.636779683484747e-16,0.00992016086075781,0.009920160860757775,3.469446951953614e-17,0.0005582793876311087,0.0005582793876311061,2.6020852139652106e-18
418,4.206853284958519,1.752855535399383,1.7528555353993829,2.220446049250313e-16,1.2245811858006785,1.2245811858006785,0.0,0.4313026976977026,0.43130269769770185,7.216449660063518e-16,0.07947836795145533,0.07947836795145506,2.636779683484747e-16,0.007132660211077042,0.007132660211077013,2.862293735361732e-17
419,5.584120686827523,2.3267169528448,2.3267169528448015,1.3322676295501878e-15,2.1952984645569313,2.195298464556932,4.440892098500626e-16,1.075007559005241,1.0750075590052415,4.440892098500626e-16,0.2883922968683119,0.288392296868312,1.1102230246251565e-16,0.0402347213627815,0.04023472136278151,6.938893903907228e-18
420,2.745042817786515,1.143767840744384,1.1437678407443814,2.6645352591003757e-15,0.5087986393943698,0.5087986393943671,2.6645352591003757e-15,0.10954008809044502,0.10954008809044388,1.1379786002407855e-15,0.011461530796264718,0.011461530796264517,2.0122792321330962e-16,0.0005090436694891483,0.0005090436694891325,1.5829351718288365e-17
421,3.795251514658767,1.5813547977744893,1.5813547977744864,2.886579864025407e-15,1.0202409297742459,1.0202409297742414,4.440892098500626e-15,0.34268586182276417,0.34268586182276184,2.3314683517128287e-15,0.06298775697712305,0.06298775697712246,5.967448757360216e-16,0.005987841488295161,0.00598784148829508,8.066464163292153e-17
422,1.316528931460938,0.5485537214420585,0.5485537214420576,8.881784197001252e-16,0.11528305696376769,0.11528305696376716,5.273559366969494e-16,0.011366025148677466,0.01136602514867736,1.0581813203458523e-16,0.0005052746838174538,0.0005052746838174439,9.974659986866641e-18,7.606373946455657e-06,7.606373946455289e-06,3.6761229910836635e-19
423,1.094502872692934,0.45604286362205626,0.4560428636220558,4.440892098500626e-16,0.0825429357349706,0.08254293573497039,2.0816681711721685e-16,0.007529593248518915,0.007529593248518874,4.0766001685454967e-17,0.0003618552391047365,0.0003618552391047337,2.8189256484623115e-18,8.610732080143338e-06,8.610732080143226e-06,1.1180834903756764e-19
424,1.2082716644184348,0.5034465268410148,0.5034465268410144,3.3306690738754696e-16,0.10001224599170824,0.1000122459917081,1.3877787807814457e-16,0.009902865595623417,0.0099028655956234,1.734723475976807e-17,0.0005063807162283279,0.0005063807162283266,1.3010426069826053e-18,1.2419903059946549e-05,1.2419903059946495e-05,5.421010862427522e-20
425,0.7477034435462043,0.3115431014775855,0.3115431014775851,3.885780586188048e-16,0.03662652136094057,0.03662652136094046,1.1102230246251565e-16,0.0019489244024798727,0.0019489244024798584,1.431146867680866e-17,4.183518149885946e-05,4.1835181498858676e-05,7.860465750519907e-19,1.4411422117457222e-07,1.4411422117455713e-07,1.5087774372967225e-20
426,2.974392343018691,1.2393301429244525,1.2393301429244548,2.220446049250313e-15,0.6025485769010226,0.6025485769010251,2.55351295663786e-15,0.14418978478879185,0.14418978478879274,8.881784197001252e-16,0.0173667363223619,0.01736673632236212,2.185751579730777e-16,0.0009565931983317357,0.0009565931983317558,2.0057740190981832e-17
427,2.979557704261072,1.2414823767754473,1.2414823767754468,4.440892098500626e-16,0.5990906930956335,0.5990906930956323,1.1102230246251565e-15,0.1397366571229125,0.13973665712291214,3.608224830031759e-16,0.015794628066184955,0.015794628066184875,7.979727989493313e-17,0.0007524900933131684,0.000752490093313159,9.324138683375338e-18
428,0.6327693458934156,0.26365389412225687,0.26365389412225654,3.3306690738754696e-16,0.027650948291846427,0.027650948291846344,8.326672684688674e-17,0.0014661495695835719,0.001466149569583564,7.806255641895632e-18,4.1138770211608994e-05,4.113877021160864e-05,3.5236570605778894e-19,5.749756596673024e-07,5.749756596672943e-07,8.152692117322641e-21
429,7.15140585634215,2.9797524401425637,2.9797524401425624,1.3322676295501878e-15,3.4058672077419025,3.405867207741901,1.3322676295501878e-15,1.8301469809771742,1.830146980977172,2.220446049250313e-15,0.44551899805362527,0.44551899805362527,0.0,0.037334270800356846,0.03733427080035692,7.632783294297951e-17
430,0.9607943651647678,0.4003309854853206,0.4003309854853199,6.661338147750939e-16,0.06595131925521987,0.06595131925521962,2.498001805406602e-16,0.005724193688337183,0.005724193688337149,3.382710778154774e-17,0.0002761775651170167,0.0002761775651170145,2.222614453595284e-18,7.026391702305835e-06,7.026391702305769e-06,6.606856988583543e-20
431,1.1981951770608703,0.4992479904420283,0.49924799044202933,1.0547118733938987e-15,0.09785071148993738,0.09785071148993787,4.996003610813204e-16,0.009459076671460466,0.009459076671460554,8.847089727481716e-17,0.00046247557454379845,0.0004624755745438058,7.37257477290143e-18,1.0444719282685388e-05,1.0444719282685681e-05,2.930733997499879e-19
432,5.066316923334341,2.1109653847226415,2.1109653847226424,8.881784197001252e-16,1.7496508488373361,1.7496508488373375,1.3322676295501878e-15,0.7161811089214899,0.7161811089214901,2.220446049250313e-16,0.14882173936752635,0.14882173936752605,3.0531133177191805e-16,0.01439929154933771,0.014399291549337655,5.551115123125783e-17
433,2.882481374894786,1.201033906206161,1.201033906206161,0.0,0.5591294223748149,0.5591294223748147,2.220446049250313e-16,0.12520779085590716,0.125207790855907,1.6653345369377348e-16,0.013454469268798256,0.013454469268798225,3.122502256758253e-17,0.000595514946873815,0.0005955149468738112,3.7947076036992655e-18
434,3.3613989116782386,1.4005828798659334,1.4005828798659328,6.661338147750939e-16,0.7682799597148732,0.768279959714872,1.2212453270876722e-15,0.2067300189651232,0.20673001896512255,6.38378239159465e-16,0.027803844559642278,0.027803844559642105,1.734723475976807e-16,0.0016865064014953777,0.0016865064014953601,1.7564075194265172e-17
435,5.232063936602916,2.1800266402512154,2.180026640251215,4.440892098500626e-16,1.9207314043566734,1.9207314043566717,1.7763568394002505e-15,0.8748931541590279,0.8748931541590262,1.6653345369377348e-15,0.21739560374659156,0.21739560374659103,5.273559366969494e-16,0.027965929225093514,0.027965929225093403,1.1102230246251565e-16
436,0.4680854616257256,0.19503560901071923,0.195035609010719,2.220446049250313e-16,0.01505707161235845,0.015057071612358416,3.469446951953614e-17,0.0005793472287725998,0.0005793472287725978,2.0599841277224584e-18,1.1436189308709525e-05,1.1436189308709471e-05,5.421010862427522e-20,1.064588853781457e-07,1.0645888537814511e-07,5.955700410381799e-22
437,2.1712695867691676,0.9046956611538213,0.9046956611538198,1.4432899320127035e-15,0.3083311673321599,0.3083311673321586,1.27675647831893e-15,0.047308734782601745,0.04730873478260128,4.649058915617843e-16,0.002867555401550716,0.0028675554015506473,6.852157730108388e-17,2.0460515225243126e-05,2.0460515225239382e-05,3.7438856268640075e-18
438,6.806911553723777,2.8362131473849015,2.8362131473849073,5.773159728050814e-15,3.2072583223997393,3.2072583223997544,1.509903313490213e-14,1.8312987193673607,1.831298719367376,1.532107773982716e-14,0.5490654473435821,0.5490654473435898,7.66053886991358e-15,0.08069432231537335,0.08069432231537507,1.7208456881689926e-15
439,2.9436414538421998,1.226517272434249,1.22651727243425,8.881784197001252e-16,0.6095357344914836,0.6095357344914842,6.661338147750939e-16,0.15627378836697486,0.15627378836697509,2.220446049250313e-16,0.021663772131559598,0.02166377213155966,6.245004513516506e-17,0.0015301239739740765,0.0015301239739740843,7.806255641895632e-18
440,6.795042057520603,2.8312675239669165,2.8312675239669183,1.7763568394002505e-15,3.2201346582233326,3.2201346582233343,1.7763568394002505e-15,1.8697815219792735,1.869781521979274,4.440892098500626e-16,0.5795412789737685,0.5795412789737686,1.1102230246251565e-16,0.09011846956734508,0.090118469567345,8.326672684688674e-17
441,2.301694489754089,0.95903937073087,0.9590393707308708,7.771561172376096e-16,0.36652268913814967,0.36652268913815034,6.661338147750939e-16,0.07069159732232261,0.07069159732232279,1.8041124150158794e-16,0.007155874868399807,0.007155874868399835,2.7755575615628914e-17,0.00035491862190299787,0.0003549186219029993,1.4094628242311558e-18
442,3.004854246613009,1.2520226027554222,1.2520226027554204,1.7763568394002505e-15,0.6100621040721149,0.6100621040721125,2.4424906541753444e-15,0.1434898371364556,0.14348983713645463,9.71445146547012e-16,0.01622657022368676,0.016226570223686586,1.734723475976807e-16,0.0007539725929778881,0.0007539725929778727,1.5395670849294163e-17
443,3.1897113928590315,1.3290464136912612,1.329046413691263,1.7763568394002505e-15,0.6919041441328598,0.6919041441328618,1.9984014443252818e-15,0.1770828103271909,0.17708281032719184,9.43689570931383e-16,0.022803779008531363,0.02280377900853157,2.0816681711721685e-16,0.001344679022665816,0.001344679022665834,1.7997756063259374e-17
444,4.126841984234302,1.7195174934309603,1.7195174934309592,1.1102230246251565e-15,1.1562477197870211,1.1562477197870196,1.5543122344752192e-15,0.38084758141239616,0.3808475814123949,1.27675647831893e-15,0.06263587246720177,0.0626358724672014,3.7470027081099033e-16,0.004644899003347742,0.004644899003347702,3.9898639947466563e-17
445,4.056614278134271,1.6902559492226126,1.690255949222613,4.440892098500626e-16,1.1394103435490623,1.1394103435490626,2.220446049250313e-16,0.3906747467775734,0.390674746777574,6.106226635438361e-16,0.07168904549036458,0.07168904549036477,1.942890293094024e-16,0.006665053901518601,0.006665053901518627,2.6020852139652106e-17
446,6.136963425933155,2.557068094138812,2.557068094138815,3.1086244689504383e-15,2.470175528395046,2.470175528395051,4.884981308350689e-15,1.0821329861277007,1.0821329861277058,5.10702591327572e-15,0.1922775250564582,0.19227752505646017,1.970645868709653e-15,0.005800335001743276,0.005800335001743521,2.454633718507182e-16
447,10.468385042492447,4.361827101038523,4.36182710103852,3.552713678800501e-15,7.546388135231802,7.546388135231786,1.5987211554602254e-14,6.566536083421745,6.566536083421723,2.220446049250313e-14,2.9967472155510615,2.9967472155510477,1.3766765505351941e-14,0.6720814287048563,0.672081428704853,3.3306690738754696e-15
448,3.459969621356712,1.4416540088986318,1.4416540088986298,1.9984014443252818e-15,0.7966713327066033,0.7966713327066004,2.886579864025407e-15,0.20680745441406118,0.2068074544140599,1.27675647831893e-15,0.024297387704212935,0.024297387704212622,3.122502256758253e-16,0.0009809841791341388,0.0009809841791341132,2.5587171270657905e-17
449,3.816720661933893,1.590300275805791,1.590300275805789,1.9984014443252818e-15,0.9611029294650617,0.9611029294650587,2.9976021664879227e-15,0.2665561348406964,0.2665561348406949,1.4988010832439613e-15,0.031072854970884783,0.0310728549708844,3.8163916471489756e-16,0.0008351873187164894,0.0008351873187164553,3.415236843329339e-17
450,2.061094554579109,0.8587893977412953,0.8587893977412956,3.3306690738754696e-16,0.3012404915923046,0.30124049159230487,2.7755575615628914e-16,0.05514384105265353,0.05514384105265362,8.326672684688674e-17,0.005545827457004609,0.005545827457004614,5.204170427930421e-18,0.00029007642606317986,0.0002900764260631803,4.336808689942018e-19
451,3.9507062727423756,1.6461276136426541,1.6461276136426566,2.4424906541753444e-15,1.120697096862101,1.1206970968621042,3.1086244689504383e-15,0.4037979690943873,0.403797969094389,1.6653345369377348e-15,0.0811905445072374,0.08119054450723795,5.551115123125783e-16,0.008635691390588365,0.00863569139058843,6.591949208711867e-17
452,3.6756299411072932,1.5315124754613714,1.5315124754613725,1.1102230246251565e-15,0.9113585946741708,0.9113585946741716,7.771561172376096e-16,0.26186822794544473,0.26186822794544506,3.3306690738754696e-16,0.0363693111421463,0.03636931114214635,4.85722573273506e-17,0.002114918465667523,0.0021149184656675266,3.469446951953614e-18
453,7.795802988594546,3.248251245247726,3.2482512452477272,1.3322676295501878e-15,4.186107065941133,4.186107065941138,4.440892098500626e-15,2.7181535751360086,2.718153575136012,3.552713678800501e-15,0.9298071485672741,0.9298071485672749,7.771561172376096e-16,0.15752829971470644,0.15752829971470672,2.7755575615628914e-16
454,0.8906316683698153,0.371096528487423,0.3710965284874231,5.551115123125783e-17,0.05479340468053578,0.054793404680535805,2.7755575615628914e-17,0.004079453315300458,0.004079453315300466,7.806255641895632e-18,0.00015948337079242075,0.00015948337079242132,5.692061405548898e-19,3.062090030166066e-06,3.0620900301660895e-06,2.371692252312041e-20
455,1.7665628260087705,0.7360678441703205,0.7360678441703211,6.661338147750939e-16,0.21617705200917803,0.2161770520091783,2.7755575615628914e-16,0.03210334002633899,0.03210334002633906,6.938893903907228e-17,0.0025098383584207626,0.0025098383584207734,1.0842021724855044e-17,9.657769434473013e-05,9.657769434473051e-05,3.7947076036992655e-19
456,2.433445058122612,1.0139354408844217,1.0139354408844217,0.0,0.4162936536011793,0.4162936536011792,1.1102230246251565e-16,0.08821654396211773,0.08821654396211763,9.71445146547012e-17,0.010128382393163573,0.010128382393163554,1.9081958235744878e-17,0.00059474586626678,0.0005947458662667778,2.2768245622195593e-18
457,5.627864756812543,2.344943648671893,2.344943648671893,0.0,2.2058483170459064,2.205848317045906,4.440892098500626e-16,1.057250372032779,1.0572503720327775,1.5543122344752192e-15,0.2697173055017807,0.26971730550178025,4.440892098500626e-16,0.0343853751618222,0.03438537516182201,1.8735013540549517e-16
458,3.5690690738222863,1.487112114092621,1.4871121140926193,1.5543122344752192e-15,0.8372653240931667,0.8372653240931647,1.9984014443252818e-15,0.21506458042956178,0.21506458042956053,1.2490009027033011e-15,0.022899812144280815,0.02289981214428054,2.740863092043355e-16,0.00051259623979557,0.0005125962397955466,2.3418766925686896e-17
459,6.5327555316083465,2.721981471503481,2.7219814715034776,3.552713678800501e-15,2.8518895239533233,2.851889523953316,7.105427357601002e-15,1.415956869009168,1.4159568690091602,7.771561172376096e-15,0.3253578215328953,0.3253578215328916,3.6637359812630166e-15,0.0277482463412217,0.027748246341221115,5.863365348801608e-16
460,0.33536644240598773,0.13973601766916136,0.13973601766916155,1.942890293094024e-16,0.007637687097590344,0.007637687097590364,2.0816681711721685e-17,0.00020350912603519882,0.0002035091260351998,9.75781955236954e-19,2.6636208163429127e-06,2.6636208163429403e-06,2.752857078576476e-20,1.507960821469882e-08,1.507960821469908e-08,2.6138907356675675e-22
461,1.0889551683037022,0.4537313201265418,0.4537313201265427,8.881784197001252e-16,0.08047992442837314,0.08047992442837348,3.469446951953614e-16,0.006964171093545961,0.00696417109354601,4.9439619065339e-17,0.00029716870555660923,0.00029716870555661313,3.903127820947816e-18,5.546610405847802e-06,5.546610405847935e-06,1.3298417271892515e-19
462,12.945481063879733,5.393950443283219,5.393950443283222,2.6645352591003757e-15,11.033104248912704,11.033104248912712,8.881784197001252e-15,10.33227470945463,10.332274709454643,1.2434497875801753e-14,4.054349967694528,4.054349967694536,7.993605777301127e-15,0.36313848441478447,0.3631384844147883,3.83026943495679e-15
463,4.795692480716281,1.9982052002984538,1.9982052002984503,3.552713678800501e-15,1.6450076960969908,1.645007696096985,5.773159728050814e-15,0.7132374714499944,0.7132374714499904,3.9968028886505635e-15,0.17154418707136057,0.17154418707135918,1.3877787807814457e-15,0.02167310242487347,0.021673102424873265,2.0469737016526324e-16
464,7.763440353958978,3.2347668141495776,3.2347668141495745,3.1086244689504383e-15,4.120910753664585,4.120910753664574,1.1546319456101628e-14,2.596694474449038,2.5966944744490275,1.0658141036401503e-14,0.829167692691616,0.8291676926916102,5.88418203051333e-15,0.12232648749440012,0.12232648749439873,1.3877787807814457e-15
465,3.0425839422036804,1.2677433092515316,1.2677433092515333,1.7763568394002505e-15,0.6181255261697145,0.6181255261697166,2.1094237467877974e-15,0.14247097661459435,0.14247097661459526,9.159339953157541e-16,0.015087380685568875,0.015087380685569045,1.700029006457271e-16,0.0005780499790092278,0.0005780499790092429,1.5070410197548512e-17
466,5.913392818819985,2.463913674508327,2.463913674508327,0.0,2.3044180379641444,2.3044180379641444,0.0,0.989553668006612,0.9895536680066108,1.2212453270876722e-15,0.1798227177755286,0.17982271777552808,5.273559366969494e-16,0.008013623121188407,0.008013623121188246,1.6132928326584306e-16
467,8.162531277909522,3.4010546991289567,3.401054699128968,1.1102230246251565e-14,4.451525772977664,4.451525772977701,3.6415315207705135e-14,2.7609875250978377,2.7609875250978764,3.863576125695545e-14,0.7929022114672017,0.7929022114672235,2.1760371282653068e-14,0.0847088696758359,0.0847088696758409,5.009881398621019e-15
468,5.50147084076347,2.2922795169847783,2.292279516984779,8.881784197001252e-16,2.1018315456223107,2.1018315456223124,1.7763568394002505e-15,0.9799437966811319,0.9799437966811327,8.881784197001252e-16,0.24306360267415306,0.24306360267415317,1.1102230246251565e-16,0.030172877160549606,0.030172877160549637,3.122502256758253e-17
469,9.698817030581743,4.041173762742401,4.0411737627423925,8.881784197001252e-15,6.38049893554099,6.380498935540959,3.108624468950438e-14,4.915824908367546,4.915824908367497,4.884981308350689e-14,1.8716429758796922,1.8716429758796607,3.1530333899354446e-14,0.31371642496372065,0.31371642496371144,9.2148511043888e-15
470,4.596163105253997,1.9150679605224976,1.9150679605224987,1.1102230246251565e-15,1.4190729232527364,1.419072923252738,1.5543122344752192e-15,0.5028953442578329,0.5028953442578336,6.661338147750939e-16,0.08413674688777117,0.0841367468877713,1.249000902703301e-16,0.005529301740762594,0.005529301740762612,1.8214596497756474e-17
471,5.503177716080119,2.292990715033382,2.292990715033383,8.881784197001252e-16,2.007297953387586,2.007297953387588,1.7763568394002505e-15,0.8146687825320821,0.814668782532085,2.886579864025407e-15,0.14330999799583766,0.14330999799583927,1.609823385706477e-15,0.007040586953265887,0.007040586953266166,2.7929047963226594e-16
472,1.5960040558467443,0.6650016899361436,0.6650016899361434,2.220446049250313e-16,0.1710934090765196,0.17109340907651954,5.551115123125783e-17,0.021060382668617404,0.021060382668617365,3.8163916471489756e-17,0.0012260317450722461,0.0012260317450722416,4.553649124439119e-18,2.8207419651460015e-05,2.8207419651459822e-05,1.9312351197398048e-19
473,0.6963201205719421,0.2901333835716431,0.29013338357164253,5.551115123125783e-16,0.033929053470306586,0.033929053470306454,1.3183898417423734e-16,0.0020501345128848105,0.002050134512884799,1.1275702593849246e-17,6.775990943057525e-05,6.775990943057474e-05,5.149960319306146e-19,1.1660177285450563e-06,1.1660177285450442e-06,1.207021949837378e-20
474,2.2722996352039813,0.9467915146683261,0.9467915146683256,5.551115123125783e-16,0.34423395430150505,0.34423395430150433,7.216449660063518e-16,0.059029019584072404,0.059029019584072195,2.0816681711721685e-16,0.004630265568569433,0.004630265568569402,3.0357660829594124e-17,0.0001297283852020447,0.00012972838520204283,1.870248747537495e-18
475,0.8964570351625547,0.37352376465106457,0.3735237646510645,5.551115123125783e-17,0.05450366810463182,0.05450366810463177,5.551115123125783e-17,0.003887544194326284,0.003887544194326276,7.806255641895632e-18,0.00013784361909218424,0.000137843619092184,2.439454888092385e-19,2.1840271503224927e-06,2.1840271503224813e-06,1.1434944787933055e-20
476,4.497592381485383,1.8739968256189115,1.8739968256189097,1.7763568394002505e-15,1.387704421410846,1.3877044214108432,2.886579864025407e-15,0.5108421305244428,0.5108421305244406,2.220446049250313e-15,0.09608358007363259,0.09608358007363206,5.273559366969494e-16,0.008466260998392565,0.00846626099839249,7.45931094670027e-17
477,2.132578298845632,0.8885742911856781,0.8885742911856801,1.9984014443252818e-15,0.3140203520530473,0.3140203520530488,1.4988010832439613e-15,0.05582389988697934,0.05582389988697973,3.885780586188048e-16,0.005180859666163715,0.005180859666163778,6.331740687315346e-17,0.0002336672415222752,0.00023366724152227932,4.119968255444917e-18
478,3.735535362365111,1.5564730676521275,1.5564730676521297,2.220446049250313e-15,0.9670120325992064,0.9670120325992096,3.219646771412954e-15,0.3036364066422148,0.30363640664221603,1.2212453270876722e-15,0.050087793000318015,0.05008779300031838,3.677613769070831e-16,0.004049563296173763,0.004049563296173805,4.163336342344337e-17
479,2.0897491537067676,0.8707288140444874,0.8707288140444864,9.992007221626409e-16,0.2937181861690949,0.29371818616909395,9.43689570931383e-16,0.04763488948642472,0.04763488948642443,2.914335439641036e-16,0.0037059477312966155,0.0037059477312965778,3.7730235602495554e-17,0.00011877934240186159,0.00011877934240185926,2.3310346708438345e-18
480,0.9923102423117502,0.41346260096322995,0.4134626009632293,6.661338147750939e-16,0.06831712340645385,0.06831712340645366,1.942890293094024e-16,0.005760971031991625,0.005760971031991593,3.209238430557093e-17,0.0002613446057649358,0.00026134460576493333,2.4936649967166602e-18,6.048614693121367e-06,6.0486146931212916e-06,7.538593230563273e-20
481,5.453149844490932,2.2721457685378943,2.2721457685378885,5.773159728050814e-15,2.133548214565427,2.133548214565415,1.199040866595169e-14,1.0590446499561073,1.0590446499560984,8.881784197001252e-15,0.2928849846821363,0.292884984682133,3.3306690738754696e-15,0.042761332572297105,0.04276133257229652,5.828670879282072e-16
482,0.5939583190002686,0.24748263291677824,0.24748263291677858,3.3306690738754696e-16,0.02351175642552892,0.023511756425528985,6.591949208711867e-17,0.0010525819884109478,0.0010525819884109526,4.7704895589362195e-18,2.1501951033247278e-05,2.1501951033247488e-05,2.1006417091906648e-19,1.554797554869126e-07,1.5547975548691607e-07,3.467541127822292e-21
483,4.321657620891796,1.8006906753715812,1.8006906753715817,4.440892098500626e-16,1.3358501957163802,1.33585019571638,2.220446049250313e-16,0.5221876379487309,0.5221876379487309,0.0,0.1133538329335043,0.11335383293350433,2.7755575615628914e-17,0.012947048512511732,0.012947048512511725,6.938893903907228e-18
484,8.42727723810206,3.5113655158758603,3.5113655158758585,1.7763568394002505e-15,4.8936427912233755,4.8936427912233675,7.993605777301127e-15,3.418278306487545,3.4182783064875326,1.2434497875801753e-14,1.238595639897472,1.2385956398974658,6.217248937900877e-15,0.2158514278728645,0.21585142787286246,2.0261570199409107e-15
485,6.490506712255469,2.704377796773106,2.704377796773112,5.773159728050814e-15,2.9359042432295883,2.9359042432296003,1.199040866595169e-14,1.6331376109207265,1.6331376109207374,1.0880185641326534e-14,0.4899936777247209,0.4899936777247256,4.6629367034256575e-15,0.07508928019925394,0.07508928019925498,1.0408340855860843e-15
486,1.9454936594582326,0.8106223581075978,0.8106223581075971,6.661338147750939e-16,0.264107298098211,0.2641072980982105,4.996003610813204e-16,0.04427152284237952,0.04427152284237935,1.734723475976807e-16,0.004035445552543989,0.004035445552543967,2.2551405187698492e-17,0.00019013892078323952,0.0001901389207832381,1.4094628242311558e-18
487,12.401491845507206,5.167288268961337,5.167288268961336,8.881784197001252e-16,10.699548852807533,10.699548852807528,5.329070518200751e-15,11.353795109988292,11.35379510998827,2.1316282072803006e-14,6.51968946660434,6.519689466604327,1.2434497875801753e-14,1.9243424399411961,1.92434243994119,6.217248937900877e-15
488,4.016812341947846,1.6736718091449347,1.673671809144936,1.3322676295501878e-15,1.1127727128531488,1.1127727128531506,1.7763568394002505e-15,0.37234485345229723,0.37234485345229823,9.992007221626409e-16,0.06526987366870651,0.06526987366870672,2.0816681711721685e-16,0.005603133933412922,0.005603133933412944,2.168404344971009e-17
489,2.397773304513577,0.9990722102139913,0.9990722102139905,7.771561172376096e-16,0.39737009231616327,0.3973700923161623,9.43689570931383e-16,0.07999754786048716,0.07999754786048685,3.0531133177191805e-16,0.008535474028639384,0.00853547402863934,4.336808689942018e-17,0.00045453275983802356,0.00045453275983801955,4.0115480381963664e-18
490,7.39223695086709,3.0800987295279563,3.080098729527955,1.3322676295501878e-15,3.746104952241451,3.746104952241444,7.105427357601002e-15,2.264572427057868,2.2645724270578613,6.661338147750939e-15,0.7001404881439223,0.7001404881439183,3.9968028886505635e-15,0.10170287556704723,0.10170287556704637,8.604228440844963e-16
491,2.939673430847643,1.2248639295198485,1.2248639295198511,2.6645352591003757e-15,0.5837740873238664,0.583774087323869,2.6645352591003757e-15,0.1349690685082628,0.13496906850826404,1.2490009027033011e-15,0.015270259353667942,0.015270259353668178,2.3592239273284576e-16,0.0007465029569219033,0.0007465029569219241,2.0816681711721685e-17
492,3.2521447730566577,1.355060322106942,1.3550603221069408,1.1102230246251565e-15,0.7049169049347621,0.7049169049347601,1.9984014443252818e-15,0.17281946539111476,0.17281946539111365,1.1102230246251565e-15,0.01933757125839495,0.0193375712583947,2.498001805406602e-16,0.0007665322276977181,0.0007665322276976936,2.45029690981724e-17
493,2.533573963992554,1.0556558183302278,1.0556558183302307,2.886579864025407e-15,0.4358437592044441,0.4358437592044469,2.7755575615628914e-15,0.08821172281676094,0.088211722816762,1.0547118733938987e-15,0.008933996224080237,0.008933996224080419,1.8214596497756474e-16,0.00041003014142333184,0.0004100301414233459,1.4040418133687282e-17
494,1.055426717114732,0.4397611321311389,0.4397611321311383,5.551115123125783e-16,0.0762434550767031,0.0762434550767029,2.0816681711721685e-16,0.006582346332932703,0.0065823463329326756,2.7755575615628914e-17,0.00029317618860174964,0.000293176188601748,1.6263032587282567e-18,6.2565113186866844e-06,6.256511318686627e-06,5.759824041329242e-20
495,6.904402725369856,2.8768344689041068,2.8768344689041068,0.0,3.111052530018069,3.111052530018068,8.881784197001252e-16,1.505949913918089,1.5059499139180885,4.440892098500626e-16,0.2816683286072283,0.2816683286072279,3.885780586188048e-16,0.0037028225582446473,0.003702822558244714,6.678685382510707e-17
496,9.998038638072927,4.165849432530394,4.165849432530386,7.993605777301127e-15,6.768333796670554,6.76833379667052,3.375077994860476e-14,5.361057360936377,5.361057360936325,5.240252676230739e-14,2.1009203229190976,2.100920322919062,3.552713678800501e-14,0.36452874373524813,0.3645287437352377,1.0436096431476471e-14
497,2.256691014367203,0.9402879226530017,0.9402879226530012,4.440892098500626e-16,0.3529003690748469,0.3529003690748466,2.7755575615628914e-16,0.06745261274786979,0.06745261274786968,1.1102230246251565e-16,0.00691270359825524,0.006912703598255224,1.5612511283791264e-17,0.0003597981817895278,0.0003597981817895273,4.87890977618477e-19
498,2.6888556341758973,1.1203565142399576,1.1203565142399572,4.440892098500626e-16,0.4715175167500862,0.47151751675008574,4.440892098500626e-16,0.08862978413130065,0.08862978413130045,2.0816681711721685e-16,0.006375400289096872,0.006375400289096823,4.9439619065339e-17,2.205534779706745e-05,2.20553477970635e-05,3.950561665994057e-18
499,2.463368698394274,1.0264036243309447,1.0264036243309476,2.886579864025407e-15,0.41384275191379716,0.41384275191379977,2.609024107869118e-15,0.08228705738678624,0.08228705738678711,8.743006318923108e-16,0.008260600342460353,0.008260600342460497,1.43982048506075e-16,0.000381229754296981,0.000381229754296992,1.100465205072787e-17
500,6.685322426874279,2.785551011197612,2.7855510111976165,4.440892098500626e-15,2.9721102320613,2.972110232061309,8.881784197001252e-15,1.4846508044990196,1.4846508044990276,7.993605777301127e-15,0.3317352302408665,0.3317352302408702,3.7192471324942744e-15,0.024210879420721854,0.02421087942072253,6.765421556309548e-16
501,3.5219440746681325,1.4674766977783902,1.4674766977783888,1.3322676295501878e-15,0.8367500541540184,0.8367500541540157,2.6645352591003757e-15,0.23018262525858818,0.2301826252585868,1.3877787807814457e-15,0.03051279221768416,0.030512792217683816,3.434752482434078e-16,0.0016785525739016326,0.0016785525739015936,3.903127820947816e-17
502,3.9214116869306257,1.6339215362210942,1.6339215362210942,0.0,1.013891154123872,1.013891154123872,0.0,0.28924523690658244,0.28924523690658255,1.1102230246251565e-16,0.03507152171760295,0.03507152171760294,1.3877787807814457e-17,0.0010733346333438227,0.0010733346333438223,4.336808689942018e-19
503,3.033863898048572,1.2641099575202406,1.2641099575202386,1.9984014443252818e-15,0.6113303203993841,0.6113303203993814,2.6645352591003757e-15,0.13825547315349912,0.13825547315349776,1.3600232051658168e-15,0.013976336643902602,0.013976336643902316,2.8622937353617317e-16,0.0004621171299320512,0.0004621171299320284,2.2768245622195593e-17
504,7.531988914065087,3.1383287141937855,3.138328714193786,4.440892098500626e-16,3.8644003091040893,3.8644003091040906,1.3322676295501878e-15,2.3407142710644955,2.3407142710644937,1.7763568394002505e-15,0.7120367934649827,0.7120367934649808,1.887379141862766e-15,0.09853563617067268,0.09853563617067233,3.469446951953614e-16
505,1.465064821711952,0.6104436757133134,0.6104436757133134,0.0,0.15221810874256256,0.15221810874256247,8.326672684688674e-17,0.01978161107964275,0.019781611079642724,2.42861286636753e-17,0.001407893024613038,0.0014078930246130353,2.8189256484623115e-18,5.184973006195321e-05,5.1849730061953035e-05,1.7618285302889447e-19
506,1.1934561278533484,0.4972733866055612,0.4972733866055618,6.106226635438361e-16,0.09641713083460968,0.09641713083460995,2.7755575615628914e-16,0.009085191445044188,0.009085191445044244,5.551115123125783e-17,0.00041935973330062433,0.00041935973330062894,4.607859233063394e-18,8.3573418190634e-06,8.357341819063561e-06,1.6093625997831706e-19
507,6.679398513063955,2.7830827137766514,2.783082713776648,3.552713678800501e-15,2.9421771778287598,2.9421771778287518,7.993605777301127e-15,1.4306933881877746,1.4306933881877666,7.993605777301127e-15,0.29617361287954774,0.2961736128795444,3.3306690738754696e-15,0.015637639858795908,0.01563763985879537,5.377642775528102e-16
508,1.780424272713748,0.7418434469640612,0.7418434469640617,4.440892098500626e-16,0.21336937813268497,0.2133693781326852,2.220446049250313e-16,0.029554118610240154,0.029554118610240248,9.367506770274758e-17,0.0019712393319664574,0.001971239331966467,9.540979117872439e-18,5.469041403726955e-05,5.469041403727013e-05,5.827586677109586e-19
509,2.461312554139096,1.025546897557959,1.0255468975579565,2.4424906541753444e-15,0.42334926221004254,0.42334926221004016,2.3869795029440866e-15,0.08931249851907415,0.08931249851907332,8.326672684688674e-16,0.010051773653667526,0.010051773653667388,1.3877787807814457e-16,0.0005660280350502532,0.0005660280350502415,1.1709383462843448e-17
510,10.438086654475661,4.3492027726981926,4.3492027726981926,0.0,7.132808797607909,7.132808797607904,5.329070518200751e-15,5.280440300192637,5.280440300192631,6.217248937900877e-15,1.5596929667227712,1.5596929667227637,7.549516567451064e-15,0.06355686147360214,0.06355686147359975,2.3869795029440866e-15
511,0.9977314458751474,0.41572143578131066,0.41572143578131143,7.771561172376096e-16,0.07042183246437544,0.07042183246437576,3.191891195797325e-16,0.006203254010306898,0.006203254010306941,4.336808689942018e-17,0.00029870114449022476,0.00029870114449022806,3.3068166260807885e-18,7.432183789474074e-06,7.432183789474178e-06,1.0333801956502464e-19
512,4.084650931221008,1.701937888008752,1.7019378880087537,1.7763568394002505e-15,1.13985874131652,1.1398587413165222,2.220446049250313e-15,0.37863839044961756,0.37863839044961883,1.27675647831893e-15,0.06437727893864698,0.06437727893864728,3.0531133177191805e-16,0.00517176869318288,0.005171768693182917,3.642919299551295e-17
513,1.142774980818009,0.4761562420075037,0.4761562420075038,5.551115123125783e-17,0.08919227744811004,0.08919227744811002,1.3877787807814457e-17,0.008258072905583525,0.00825807290558351,1.5612511283791264e-17,0.00038754207094515616,0.0003875420709451554,7.589415207398531e-19,8.41865948436131e-06,8.418659484361273e-06,3.7269449679189215e-20
514,3.6760394476313065,1.5316831031797151,1.531683103179711,4.218847493575595e-15,0.9379412309980145,0.9379412309980086,5.88418203051333e-15,0.2924896064741184,0.2924896064741153,3.1086244689504383e-15,0.048758935135334,0.04875893513533323,7.7021722333370235e-16,0.004103181508911871,0.004103181508911781,9.020562075079397e-17
515,5.298782743810488,2.2078261432543727,2.20782614325437,2.6645352591003757e-15,1.9358282843478545,1.9358282843478483,6.217248937900877e-15,0.8566328772695515,0.8566328772695466,4.884981308350689e-15,0.20024138332180402,0.2002413833218023,1.7208456881689926e-15,0.023273911384608947,0.023273911384608683,2.636779683484747e-16
516,6.548112433936977,2.7283801808070707,2.728380180807074,3.1086244689504383e-15,3.0911949490175195,3.0911949490175266,7.105427357601002e-15,1.8614504840911035,1.8614504840911104,6.8833827526759706e-15,0.6283246368398422,0.628324636839845,2.7755575615628914e-15,0.11271567176574653,0.11271567176574718,6.522560269672795e-16
517,0.16257965809115354,0.0677415242046473,0.06774152420464731,1.3877787807814457e-17,0.0018745895423185172,0.001874589542318517,2.168404344971009e-19,2.7117538117004754e-05,2.711753811700475e-05,3.3881317890172014e-21,2.163058877216336e-07,2.1630588772163366e-07,5.293955920339377e-23,9.023881351332989e-10,9.023881351332989e-10,0.0
518,1.4066890870048496,0.5861204529186874,0.5861204529186874,0.0,0.1367756681161919,0.13677566811619193,2.7755575615628914e-17,0.0161858812925654,0.016185881292565384,1.734723475976807e-17,0.0010201513125107974,0.001020151312510796,1.3010426069826053e-18,3.235786276707317e-05,3.235786276707316e-05,1.3552527156068805e-20
519,4.404379765236984,1.8351582355154101,1.8351582355154101,0.0,1.3060034704920964,1.3060034704920962,2.220446049250313e-16,0.4463540150399633,0.44635401503996314,1.6653345369377348e-16,0.07269191938390127,0.07269191938390135,8.326672684688674e-17,0.004768032519251536,0.004768032519251545,8.673617379884035e-18
520,4.428747104434148,1.8453112935142304,1.8453112935142282,2.220446049250313e-15,1.3268615175781768,1.3268615175781724,4.440892098500626e-15,0.4633682012054802,0.46336820120547706,3.164135620181696e-15,0.07922255210091997,0.07922255210091907,9.020562075079397e-16,0.0058453573264428725,0.005845357326442754,1.1882855810441129e-16
521,6.05528738229161,2.5230364092881725,2.5230364092881716,8.881784197001252e-16,2.438899741687579,2.4388997416875755,3.552713678800501e-15,1.1062791726308236,1.1062791726308192,4.440892098500626e-15,0.22645320284909967,0.22645320284909756,2.1094237467877974e-15,0.015753805826079114,0.015753805826078732,3.8163916471489756e-16
522,5.210824452838866,2.1711768553495285,2.171176855349527,1.3322676295501878e-15,1.8223875031881278,1.822387503188125,2.886579864025407e-15,0.7309138512663111,0.7309138512663091,1.9984014443252818e-15,0.1382984504174613,0.13829845041746064,6.661338147750939e-16,0.010276233307973021,0.010276233307972955,6.591949208711867e-17
523,4.821838346340192,2.0090993109750825,2.00909931097508,2.6645352591003757e-15,1.6211244762840056,1.621124476284001,4.6629367034256575e-15,0.668371528018878,0.6683715280188746,3.4416913763379853e-15,0.14746380179136878,0.14746380179136775,1.0269562977782698e-15,0.016396411343586874,0.01639641134358672,1.5265566588595902e-16
524,1.868260698052398,0.7784419575218309,0.7784419575218325,1.6653345369377348e-15,0.23885988845070277,0.2388598884507039,1.1379786002407855e-15,0.03639274733881928,0.03639274733881957,2.914335439641036e-16,0.002837591399350358,0.002837591399350402,4.423544863740858e-17,0.00010430342978111023,0.00010430342978111285,2.6156377411212794e-18
525,1.1314314062312307,0.4714297525963458,0.4714297525963462,3.885780586188048e-16,0.08906414451658871,0.08906414451658888,1.6653345369377348e-16,0.008568286317034384,0.008568286317034407,2.2551405187698492e-17,0.00043882217883558426,0.0004388221788355857,1.463672932855431e-18,1.1243742729608477e-05,1.1243742729608524e-05,4.743384504624082e-20
526,0.9023274192385045,0.3759697580160437,0.3759697580160435,2.220446049250313e-16,0.05661502293681695,0.056615022936816854,9.71445146547012e-17,0.0043408244707378585,0.004340824470737848,1.0408340855860843e-17,0.00017730092994473103,0.00017730092994473008,9.486769009248164e-19,3.6290091154829443e-06,3.6290091154829083e-06,3.5998900258307764e-20
527,4.292370430810157,1.7884876795042333,1.7884876795042322,1.1102230246251565e-15,1.2152400124410825,1.21524001244108,2.4424906541753444e-15,0.37891009164016004,0.37891009164015815,1.887379141862766e-15,0.04969411278826773,0.04969411278826719,5.342948306008566e-16,0.0015149523396891112,0.001514952339689047,6.418476861114186e-17
528,5.581047219184987,2.325436341327081,2.325436341327078,3.1086244689504383e-15,2.0950360160157024,2.095036016015696,6.661338147750939e-15,0.906920168836447,0.9069201688364419,5.10702591327572e-15,0.18791297707507337,0.1879129770750717,1.6653345369377348e-15,0.015931865110099162,0.01593186511009893,2.3245294578089215e-16
529,3.157471527834554,1.3156131365977288,1.3156131365977308,1.9984014443252818e-15,0.6854266980773831,0.6854266980773852,2.1094237467877974e-15,0.17835611621575176,0.17835611621575295,1.1934897514720433e-15,0.023937186869448703,0.023937186869448943,2.393918396847994e-16,0.0015310962413906427,0.0015310962413906698,2.710505431213761e-17
530,7.421603775928855,3.0923349066370207,3.0923349066370234,2.6645352591003757e-15,3.7180676526002925,3.7180676526002996,7.105427357601002e-15,2.1605227666611375,2.160522766661146,8.43769498715119e-15,0.6076419044157849,0.6076419044157884,3.4416913763379853e-15,0.0717396613101758,0.07173966131017652,7.216449660063518e-16
531,7.65139664133377,3.1880819338890753,3.188081933889071,4.440892098500626e-15,4.079481585726647,4.079481585726634,1.3322676295501878e-14,2.66956206624747,2.6695620662474573,1.2878587085651816e-14,0.9378331963972008,0.9378331963971946,6.106226635438361e-15,0.16701053800749005,0.1670105380074887,1.3600232051658168e-15
532,2.110724101758496,0.8794683757327089,0.8794683757327068,2.1094237467877974e-15,0.3050021939068596,0.3050021939068579,1.7208456881689926e-15,0.05239893935909468,0.052398939359094156,5.273559366969494e-16,0.004570624762338006,0.004570624762337925,8.066464163292153e-17,0.0001846882545013542,0.00018468825450134908,5.1228552649940085e-18
533,6.149697834460068,2.562374097691701,2.5623740976916944,6.661338147750939e-15,2.5867085710789954,2.586708571078981,1.4654943925052066e-14,1.2916833900036138,1.2916833900036009,1.2878587085651816e-14,0.32666961184511045,0.32666961184510573,4.718447854656915e-15,0.03810275661433666,0.03810275661433575,9.08995101411847e-16
534,7.8039111390977,3.2516296412907035,3.251629641290709,5.329070518200751e-15,4.024460114143125,4.024460114143139,1.4210854715202004e-14,2.2942272338558247,2.2942272338558403,1.554312234475219e-14,0.5560539679654798,0.5560539679654902,1.0436096431476471e-14,0.033614002876233354,0.03361400287623568,2.3245294578089215e-15
535,2.4207291416164156,1.0086371423401739,1.0086371423401732,6.661338147750939e-16,0.40221635613073925,0.4022163561307386,6.661338147750939e-16,0.08020813140243871,0.08020813140243849,2.220446049250313e-16,0.008306341611201584,0.00830634161120154,4.336808689942018e-17,0.0004162751348013222,0.00041627513480131873,3.469446951953614e-18
536,5.021423410408038,2.0922597543366876,2.0922597543366823,5.329070518200751e-15,1.6769116322281143,1.6769116322281037,1.0658141036401503e-14,0.6304529001430038,0.6304529001429962,7.66053886991358e-15,0.1068621258964857,0.10686212589648328,2.4147350785597155e-15,0.006133170378633219,0.006133170378632884,3.3480163086352377e-16
537,2.538478303229978,1.0576992930124902,1.0576992930124907,4.440892098500626e-16,0.43257496509989374,0.43257496509989396,2.220446049250313e-16,0.08453483905992806,0.08453483905992812,5.551115123125783e-17,0.00778887159638461,0.00778887159638463,1.9949319973733282e-17,0.0002811260204722258,0.0002811260204722265,7.047314121155779e-19
538,1.072427540611293,0.446844808588038,0.44684480858803877,7.771561172376096e-16,0.08159097157364406,0.08159097157364432,2.636779683484747e-16,0.007777918744219802,0.00777791874421985,4.7704895589362195e-17,0.0004075031596407258,0.00040750315964072927,3.469446951953614e-18,1.1107408392792037e-05,1.1107408392792176e-05,1.3891340334970526e-19
539,9.227622392632597,3.8448426635969195,3.8448426635969155,3.9968028886505635e-15,5.945483401886591,5.945483401886577,1.4210854715202004e-14,4.725114790999458,4.725114790999439,1.9539925233402755e-14,2.0345195024266327,2.034519502426619,1.3766765505351941e-14,0.4500576692262392,0.45005766922623525,3.941291737419306e-15
540,8.338306192743875,3.474294246976618,3.474294246976615,2.6645352591003757e-15,4.704921361819816,4.704921361819807,8.881784197001252e-15,3.1018996540730983,3.1018996540730854,1.2878587085651816e-14,1.0085974645710267,1.0085974645710196,7.105427357601002e-15,0.14418606724187122,0.14418606724186933,1.887379141862766e-15
541,4.757101570279014,1.9821256542829226,1.9821256542829229,2.220446049250313e-16,1.5108607571993966,1.510860757199396,6.661338147750939e-16,0.5445989703678484,0.5445989703678485,1.1102230246251565e-16,0.09035279442072186,0.090352794420722,1.3877787807814457e-16,0.0054632351361729795,0.005463235136173001,2.168404344971009e-17
542,4.943851090949799,2.05993795456242,2.0599379545624164,3.552713678800501e-15,1.7011486531071245,1.701148653107118,6.439293542825908e-15,0.7193095162166971,0.7193095162166928,4.3298697960381105e-15,0.16409985597781568,0.16409985597781418,1.4988010832439613e-15,0.01914772899252505,0.019147728992524857,1.942890293094024e-16
543,6.609886463288751,2.754119359703642,2.7541193597036457,3.552713678800501e-15,3.0700149360776714,3.0700149360776803,8.881784197001252e-15,1.7670796983769355,1.767079698376944,8.43769498715119e-15,0.5520593573066037,0.5520593573066074,3.6637359812630166e-15,0.08849569772483494,0.08849569772483581,8.743006318923108e-16
544,2.4613399030353094,1.025558292931379,1.025558292931379,0.0,0.40940071691949165,0.4094007169194917,5.551115123125783e-17,0.07921184541593651,0.07921184541593643,8.326672684688674e-17,0.007470593074987653,0.007470593074987641,1.1275702593849246e-17,0.00030105242168438625,0.0003010524216843851,1.1384122811097797e-18
545,4.639013586215748,1.9329223275898946,1.932922327589895,4.440892098500626e-16,1.455845654217685,1.4558456542176863,1.3322676295501878e-15,0.5330874895902045,0.5330874895902046,1.1102230246251565e-16,0.09589237431661968,0.0958923743166197,2.7755575615628914e-17,0.007511166402121019,0.0075111664021210315,1.214306433183765e-17
546,1.410950063674527,0.5878958598643871,0.5878958598643862,8.881784197001252e-16,0.13055236695666053,0.13055236695665998,5.551115123125783e-16,0.01315465047046874,0.013154650470468623,1.1796119636642288e-16,0.0005394843165159664,0.0005394843165159543,1.214306433183765e-17,3.923268557206546e-06,3.923268557206093e-06,4.531626267810507e-19
547,2.721883112368868,1.1341179634870269,1.1341179634870284,1.5543122344752192e-15,0.5172516592052245,0.517251659205226,1.4432899320127035e-15,0.12051733028476065,0.12051733028476119,5.412337245047638e-16,0.01498751584462139,0.014987515844621494,1.0408340855860843e-16,0.0009340838941752955,0.0009340838941753048,9.324138683375338e-18
548,1.7005030600434525,0.7085429416847715,0.7085429416847718,3.3306690738754696e-16,0.20041576670129807,0.20041576670129824,1.6653345369377348e-16,0.02872400842654503,0.0287240084265451,6.938893903907228e-17,0.0021773697246939873,0.0021773697246939955,8.239936510889834e-18,8.188966325758473e-05,8.188966325758515e-05,4.2012834183813297e-19
549,1.8208118568857834,0.758671607035744,0.7586716070357432,7.771561172376096e-16,0.22310764465311506,0.22310764465311445,6.106226635438361e-16,0.031493955237299004,0.031493955237298844,1.5959455978986625e-16,0.002117158427627379,0.002117158427627355,2.3852447794681098e-17,5.7270678423717424e-05,5.727067842371604e-05,1.3823577699190182e-18
550,2.6560208616188525,1.106675359007856,1.1066753590078553,6.661338147750939e-16,0.4699107156607121,0.46991071566071113,9.43689570931383e-16,0.09391780611878767,0.09391780611878724,4.3021142204224816e-16,0.008539283966406184,0.008539283966406092,9.194034422677078e-17,0.00027185939416737056,0.000271859394167364,6.559423143537302e-18
551,4.529793725154958,1.8874140521479008,1.8874140521478993,1.5543122344752192e-15,1.430602217397554,1.4306022173975514,2.6645352591003757e-15,0.5558704838279663,0.5558704838279649,1.4432899320127035e-15,0.11655213133546832,0.11655213133546802,3.0531133177191805e-16,0.012488082691137124,0.01248808269113708,4.5102810375396984e-17
552,1.4722108038235076,0.6134211682597952,0.6134211682597948,4.440892098500626e-16,0.14870918294497898,0.14870918294497873,2.498001805406602e-16,0.01802567072742435,0.01802567072742429,5.898059818321144e-17,0.0011351328818877198,0.0011351328818877153,4.553649124439119e-18,3.46315964956079e-05,3.4631596495607615e-05,2.846030702774449e-19
553,8.494529013695125,3.5393870890396335,3.539387089039636,2.6645352591003757e-15,4.809413714778787,4.809413714778792,4.440892098500626e-15,3.0687356080105923,3.0687356080106003,7.993605777301127e-15,0.8803772869989324,0.8803772869989342,1.887379141862766e-15,0.0837963956825401,0.08379639568254027,1.6653345369377348e-16
554,2.682929771881922,1.1178874049507992,1.117887404950801,1.7763568394002505e-15,0.510532643271426,0.5105326432714277,1.6653345369377348e-15,0.12164086019924468,0.12164086019924533,6.522560269672795e-16,0.015908166073571806,0.01590816607357193,1.249000902703301e-16,0.0010803151366055653,0.001080315136605575,9.75781955236954e-18
555,1.8004925986065743,0.7502052494194049,0.7502052494194059,9.992007221626409e-16,0.21677793944529342,0.21677793944529417,7.494005416219807e-16,0.029735517207941074,0.02973551720794126,1.8735013540549517e-16,0.0018967203039436799,0.0018967203039437013,2.1467203015212988e-17,4.561608886873795e-05,4.561608886873917e-05,1.2197274440461925e-18
556,1.9419620572765202,0.8091508571985504,0.8091508571985502,2.220446049250313e-16,0.2641296682933193,0.2641296682933191,2.220446049250313e-16,0.044181233703680683,0.044181233703680566,1.1796119636642288e-16,0.003955590436124554,0.003955590436124539,1.474514954580286e-17,0.00017790830948129373,0.0001779083094812925,1.2197274440461925e-18
557,1.744972927859434,0.7270720532747658,0.7270720532747641,1.6653345369377348e-15,0.21406456823187112,0.21406456823186998,1.1379786002407855e-15,0.03260543113529331,0.03260543113529304,2.706168622523819e-16,0.0027058162334098823,0.002705816233409849,3.3393426912553537e-17,0.00011588093752334526,0.00011588093752334354,1.7211709488207383e-18
558,6.12415155484209,2.5517298145175413,2.5517298145175373,3.9968028886505635e-15,2.599611245212775,2.5996112452127664,8.43769498715119e-15,1.3413296316769028,1.3413296316768957,7.105427357601002e-15,0.3655506535341421,0.36555065353413907,3.0531133177191805e-15,0.049303088854518395,0.04930308885451781,5.828670879282072e-16
559,3.2696887855945924,1.3623703273310803,1.3623703273310803,0.0,0.7231459933677653,0.7231459933677648,5.551115123125783e-16,0.1862662016847609,0.18626620168476077,1.3877787807814457e-16,0.023428189602517108,0.023428189602517076,3.122502256758253e-17,0.0012631175263814922,0.0012631175263814868,5.421010862427522e-18
560,0.8262982378040192,0.3442909324183417,0.34429093241834136,3.3306690738754696e-16,0.0478465726086037,0.04784657260860359,1.1102230246251565e-16,0.0034396458009458633,0.00343964580094585,1.3444106938820255e-17,0.00013533264604091423,0.0001353326460409136,6.2341624917916505e-19,2.7723502474883344e-06,2.7723502474883128e-06,2.159934015498466e-20
561,0.9671274741909028,0.40296978091287683,0.40296978091287616,6.661338147750939e-16,0.061724628232654725,0.06172462823265446,2.636779683484747e-16,0.004353879401692846,0.004353879401692806,3.9898639947466563e-17,0.0001311092894831391,0.00013110928948313635,2.7376104855258987e-18,1.0227499937814291e-06,1.022749993781352e-06,7.707999820014133e-20
562,4.018810188256988,1.674504245107077,1.6745042451070784,1.3322676295501878e-15,1.089474512906832,1.0894745129068342,2.220446049250313e-15,0.34256581167778755,0.3425658116777891,1.5543122344752192e-15,0.05222038049957957,0.052220380499580055,4.85722573273506e-16,0.0033617922795370486,0.003361792279537112,6.331740687315346e-17
563,3.034131338984418,1.2642213912435074,1.2642213912435074,0.0,0.6321640942338977,0.6321640942338979,1.1102230246251565e-16,0.1583896101993894,0.15838961019938952,1.1102230246251565e-16,0.020706840119841134,0.02070684011984117,3.469446951953614e-17,0.0013212339992549349,0.001321233999254941,6.071532165918825e-18
564,5.016094789716699,2.090039495715293,2.0900394957152915,1.3322676295501878e-15,1.7091026351528034,1.7091026351528005,2.886579864025407e-15,0.6857195835704438,0.6857195835704417,2.1094237467877974e-15,0.1379293741255159,0.13792937412551548,4.163336342344337e-16,0.012619751202705268,0.012619751202705167,1.0061396160665481e-16
565,3.980428812827209,1.6585120053446725,1.6585120053446705,1.9984014443252818e-15,1.129170967620723,1.1291709676207196,3.552713678800501e-15,0.4035852252215573,0.40358522522155543,1.887379141862766e-15,0.07979916240197452,0.07979916240197402,4.996003610813204e-16,0.008270320013655097,0.008270320013655028,6.938893903907228e-17
566,4.924302536942989,2.0517927237262468,2.051792723726245,1.7763568394002505e-15,1.6347283468405198,1.634728346840517,2.886579864025407e-15,0.6291798609138125,0.6291798609138108,1.6653345369377348e-15,0.11741889189846015,0.11741889189845986,2.914335439641036e-16,0.009268585761838376,0.009268585761838368,8.673617379884035e-18
567,10.246747710300916,4.269478212625382,4.2694782126253825,8.881784197001252e-16,6.93107148419238,6.931071484192383,3.552713678800501e-15,5.184290981373587,5.184290981373593,6.217248937900877e-15,1.6576294073121853,1.6576294073121902,4.884981308350689e-15,0.13828890452241388,0.13828890452241563,1.7486012637846216e-15
568,1.9850755967658484,0.8271148319857686,0.8271148319857703,1.6653345369377348e-15,0.27349725356920673,0.27349725356920795,1.2212453270876722e-15,0.04616996692724458,0.046169966927244864,2.8449465006019636e-16,0.0041938377852624225,0.004193837785262469,4.683753385137379e-17,0.0001943688541972724,0.00019436885419727516,2.7647155398380363e-18
569,3.5257351841737203,1.4690563267390513,1.4690563267390502,1.1102230246251565e-15,0.8501267317124035,0.8501267317124023,1.2212453270876722e-15,0.2440580825273372,0.24405808252733638,8.326672684688674e-16,0.035808982387866985,0.03580898238786681,1.734723475976807e-16,0.002471906522292103,0.0024719065222920857,1.734723475976807e-17
570,2.287796691843053,0.9532486216012725,0.9532486216012721,4.440892098500626e-16,0.34265057371064384,0.34265057371064345,3.885780586188048e-16,0.055647358874126016,0.05564735887412581,2.0816681711721685e-16,0.0036231424477968202,0.003623142447796789,3.122502256758253e-17,3.504003008882517e-05,3.5040030088823146e-05,2.0261028098322864e-18
571,2.3617328630744514,0.9840553596143572,0.9840553596143549,2.3314683517128287e-15,0.37283725142977164,0.3728372514297694,2.220446049250313e-15,0.0668549054759738,0.06685490547597309,7.077671781985373e-16,0.00551562976328256,0.0055156297632824505,1.0928757898653885e-16,0.00016501766188029137,0.00016501766188028506,6.315477654728063e-18
572,0.44365591724883324,0.18485663218701376,0.18485663218701387,1.1102230246251565e-16,0.013923217887297093,0.013923217887297112,1.9081958235744878e-17,0.0005449443560896047,0.0005449443560896053,5.421010862427522e-19,1.1641770897990679e-05,1.1641770897990694e-05,1.5246593050577406e-20,1.2820882493155286e-07,1.2820882493155334e-07,4.764560328305439e-22
573,4.919697280254023,2.049873866772511,2.0498738667725096,1.3322676295501878e-15,1.6405856701182764,1.6405856701182742,2.220446049250313e-15,0.6401790096485205,0.6401790096485185,1.9984014443252818e-15,0.12330768083402971,0.1233076808340288,9.159339953157541e-16,0.010436927811025076,0.01043692781102494,1.3530843112619095e-16
574,8.76683721467591,3.652848839448295,3.652848839448296,8.881784197001252e-16,5.153096749735541,5.1530967497355435,2.6645352591003757e-15,3.455178409233568,3.4551784092335693,1.3322676295501878e-15,1.0741415477572023,1.0741415477572018,4.440892098500626e-16,0.12363893918017728,0.1236389391801769,3.7470027081099033e-16
575,3.522480597589925,1.4677002489958058,1.4677002489958022,3.552713678800501e-15,0.8612380555259427,0.8612380555259379,4.773959005888173e-15,0.25802235432823273,0.2580223543282299,2.831068712794149e-15,0.04159721711716895,0.04159721711716838,5.689893001203927e-16,0.0034218380767473983,0.003421838076747335,6.331740687315346e-17
576,2.3774894352288563,0.9906205980120226,0.9906205980120235,8.881784197001252e-16,0.3915472742068081,0.3915472742068088,6.661338147750939e-16,0.07815968608283674,0.07815968608283695,2.0816681711721685e-16,0.008186746037644696,0.00818674603764473,3.2959746043559335e-17,0.0004194834486595851,0.00041948344865958784,2.7647155398380363e-18
577,4.283659227387373,1.7848580114114054,1.7848580114114052,2.220446049250313e-16,1.201561180314631,1.2015611803146307,4.440892098500626e-16,0.3655984876909243,0.36559848769092385,4.440892098500626e-16,0.044644798573418354,0.044644798573418173,1.8041124150158794e-16,0.0008198349448809588,0.000819834944880932,2.677979366039196e-17
578,3.0474662731904054,1.2697776138293368,1.2697776138293357,1.1102230246251565e-15,0.6469492990278294,0.6469492990278283,1.1102230246251565e-15,0.16918798527496287,0.1691879852749623,5.828670879282072e-16,0.0239849213760765,0.023984921376076374,1.249000902703301e-16,0.0017510162133162152,0.0017510162133162034,1.1709383462843448e-17
579,3.224903743170797,1.343709892987832,1.3437098929878324,4.440892098500626e-16,0.7053883579556282,0.7053883579556279,2.220446049250313e-16,0.18103698895823017,0.18103698895823023,5.551115123125783e-17,0.023107003668133667,0.02310700366813367,3.469446951953614e-18,0.0013190577216873048,0.001319057721687305,2.168404344971009e-19
580,6.11913963077326,2.549641512822195,2.549641512822192,3.1086244689504383e-15,2.4726226594217087,2.4726226594217002,8.43769498715119e-15,1.1064718455848572,1.1064718455848488,8.43769498715119e-15,0.2128419173231533,0.21284191732314972,3.58046925441613e-15,0.011067337129622937,0.011067337129622268,6.696032617270475e-16
581,4.756391235928553,1.9818296816368983,1.981829681636897,1.3322676295501878e-15,1.5747227858007742,1.5747227858007717,2.4424906541753444e-15,0.6424028995550689,0.6424028995550674,1.5543122344752192e-15,0.1423347201428983,0.14233472014289783,4.718447854656915e-16,0.01629580334004989,0.016295803340049795,9.367506770274758e-17
582,7.831889386735011,3.263287244472913,3.2632872444729215,8.43769498715119e-15,4.041982390337022,4.04198239033705,2.7533531010703882e-14,2.2952297790037965,2.2952297790038254,2.886579864025407e-14,0.5477263075070463,0.5477263075070627,1.6431300764452317e-14,0.030364927672078552,0.0303649276720818,3.247402347028583e-15
583,1.1877916268221829,0.4949131778425763,0.49491317784257616,1.6653345369377348e-16,0.09240719361443825,0.09240719361443815,9.71445146547012e-17,0.007804933370474736,0.007804933370474718,1.8214596497756474e-17,0.0002654759012080765,0.0002654759012080746,1.8973538018496328e-18,1.4200619499576913e-06,1.4200619499576469e-06,4.446922973085077e-20
584,4.516631820158348,1.881929925065978,1.8819299250659782,2.220446049250313e-16,1.3714593473514316,1.371459347351432,4.440892098500626e-16,0.47999656769056287,0.4799965676905623,5.551115123125783e-16,0.08036878291347291,0.08036878291347269,2.220446049250313e-16,0.005503460921332753,0.0055034609213327115,4.163336342344337e-17
585,20.532662684989567,8.555276118745649,8.555276118745654,5.329070518200751e-15,28.484991261049647,28.484991261049668,2.1316282072803006e-14,45.881682964712816,45.88168296471286,4.263256414560601e-14,35.807930347668545,35.80793034766855,7.105427357601002e-15,11.746520332078328,11.746520332078331,3.552713678800501e-15
586,4.563073903218076,1.90128079300753,1.9012807930075315,1.5543122344752192e-15,1.3650086259303453,1.3650086259303484,3.1086244689504383e-15,0.4437062702397667,0.4437062702397685,1.7763568394002505e-15,0.05812554601795468,0.0581255460179552,5.204170427930421e-16,0.0011956608875631689,0.0011956608875632372,6.830473686658678e-17
587,1.2223478702867778,0.5093116126194914,0.5093116126194908,6.661338147750939e-16,0.09972728493245628,0.09972728493245597,3.0531133177191805e-16,0.009232747157593573,0.009232747157593507,6.591949208711867e-17,0.00039348172705666384,0.0003934817270566583,5.5294310796760726e-18,6.1199387299978224e-06,6.1199387299976335e-06,1.8888834723770898e-19
588,1.4326304989479315,0.5969293745616392,0.5969293745616382,9.992007221626409e-16,0.14220148095014673,0.14220148095014623,4.996003610813204e-16,0.01712873991453161,0.017128739914531503,1.0755285551056204e-16,0.0010857464065662345,0.0010857464065662241,1.0408340855860843e-17,3.384302436905516e-05,3.38430243690547e-05,4.607859233063394e-19
589,2.4094307824252423,1.0039294926771867,1.0039294926771842,2.4424906541753444e-15,0.3824098631341596,0.3824098631341572,2.3869795029440866e-15,0.06677281268086463,0.06677281268086387,7.632783294297951e-16,0.004904226677280725,0.004904226677280602,1.231653667943533e-16,8.45194393198421e-05,8.451943931983441e-05,7.684282897491013e-18
590,7.256989098888599,3.023745457870252,3.02374545787025,1.7763568394002505e-15,3.524803240227145,3.5248032402271394,5.773159728050814e-15,1.9549104832072217,1.9549104832072137,7.993605777301127e-15,0.5072270443202159,0.5072270443202114,4.551914400963142e-15,0.050573759729327344,0.050573759729326234,1.1102230246251565e-15
591,1.2025529944648872,0.501063747693704,0.501063747693703,9.992007221626409e-16,0.09683653232797013,0.09683653232796968,4.440892098500626e-16,0.00890599661701676,0.00890599661701668,7.979727989493313e-17,0.0003829678452421531,0.00038296784524214684,6.2341624917916505e-18,6.308073732506761e-06,6.308073732506549e-06,2.1175823681357508e-19
592,4.896692230492066,2.040288429371695,2.0402884293716945,4.440892098500626e-16,1.6625909784057162,1.6625909784057142,1.9984014443252818e-15,0.6846115720482768,0.6846115720482759,8.881784197001252e-16,0.1478870670172961,0.1478870670172955,5.828670879282072e-16,0.015605625592807178,0.01560562559280709,8.847089727481716e-17
593,2.3991110464598577,0.9996296026916082,0.9996296026916075,6.661338147750939e-16,0.3904122096009682,0.39041220960096745,7.216449660063518e-16,0.07444343754764299,0.07444343754764275,2.3592239273284576e-16,0.007026527473248283,0.007026527473248245,3.8163916471489756e-17,0.00029320099133173396,0.00029320099133173076,3.198396408832238e-18
594,6.763274774557255,2.818031156065529,2.8180311560655227,6.217248937900877e-15,3.2783690393914764,3.2783690393914613,1.509903313490213e-14,2.0146082134860412,2.014608213486027,1.4210854715202004e-14,0.6894924162658833,0.6894924162658762,7.105427357601002e-15,0.12457761151019504,0.12457761151019343,1.609823385706477e-15
595,1.5510594935780164,0.6462747889908402,0.6462747889908401,1.1102230246251565e-16,0.15708832091051622,0.15708832091051617,5.551115123125783e-17,0.017097871522869006,0.017097871522868974,3.122502256758253e-17,0.000718767063263186,0.0007187670632631805,5.421010862427522e-18,2.055435996228297e-06,2.055435996228102e-06,1.9481757786848908e-19
596,1.4386278703752282,0.5994282793230129,0.5994282793230118,1.1102230246251565e-15,0.1364861068531158,0.13648610685311507,7.216449660063518e-16,0.014287266391042167,0.014287266391042006,1.6132928326584306e-16,0.0006351472865367497,0.000635147286536734,1.5720931501039814e-17,7.076584978253999e-06,7.076584978253436e-06,5.632769099241097e-19
597,1.4833582318915486,0.6180659299548132,0.6180659299548119,1.3322676295501878e-15,0.151243427054027,0.1512434270540263,6.938893903907228e-16,0.01849857821777711,0.018498578217776954,1.5612511283791264e-16,0.0011700219313101213,0.0011700219313101076,1.3660947373317356e-17,3.546437981746702e-05,3.546437981746638e-05,6.369687763352339e-19
598,1.9633705448874927,0.8180710603697872,0.8180710603697887,1.5543122344752192e-15,0.25208072634013023,0.25208072634013134,1.1102230246251565e-15,0.03495648930256571,0.03495648930256606,3.5388358909926865e-16,0.0019119775305164472,0.0019119775305164977,5.0523821237824507e-17,1.1964398830299867e-05,1.196439883030258e-05,2.7121994971082697e-18
599,7.746923289240764,3.2278847038503233,3.227884703850318,5.329070518200751e-15,4.050669158822114,4.0506691588220995,1.4210854715202004e-14,2.4602038803028834,2.4602038803028647,1.865174681370263e-14,0.7270659811729163,0.7270659811729058,1.0547118733938987e-14,0.09157379326511121,0.09157379326510871,2.4980018054066022e-15
600,3.359630521524685,1.399846050635286,1.3998460506352854,6.661338147750939e-16,0.7756868705648513,0.7756868705648503,9.992007221626409e-16,0.21533288988387936,0.2153328898838787,6.661338147750939e-16,0.031127518789285512,0.03112751878928536,1.5265566588595902e-16,0.002186135773066851,0.0021861357730668268,2.42861286636753e-17
601,10.683104817763969,4.451293674068318,4.45129367406832,1.7763568394002505e-15,7.514454761806071,7.514454761806082,1.0658141036401503e-14,5.812304754495198,5.812304754495216,1.7763568394002505e-14,1.8900748770365914,1.890074877036605,1.354472090042691e-14,0.1440950312530475,0.14409503125305229,4.773959005888173e-15
602,3.4678534869468924,1.4449389528945424,1.4449389528945384,3.9968028886505635e-15,0.8308399506687834,0.8308399506687785,4.884981308350689e-15,0.2418305658665298,0.24183056586652726,2.525757381022231e-15,0.03734405499415359,0.03734405499415301,5.759281940243e-16,0.002884266806027305,0.002884266806027242,6.331740687315346e-17
603,1.0973509201855565,0.4572295500773161,0.45722955007731525,8.326672684688674e-16,0.08065850252459739,0.08065850252459698,4.0245584642661925e-16,0.006780708178623482,0.006780708178623415,6.678685382510707e-17,0.00026772865815362075,0.0002677286581536155,5.2583805365546965e-18,4.109559378782677e-06,4.109559378782515e-06,1.6263032587282567e-19
604,4.326500391970771,1.8027084966544868,1.8027084966544882,1.3322676295501878e-15,1.3175602179181478,1.3175602179181494,1.5543122344752192e-15,0.5004374396423255,0.5004374396423259,4.440892098500626e-16,0.10447812261445588,0.1044781226144561,2.220446049250313e-16,0.011401766481929844,0.011401766481929873,2.949029909160572e-17
605,2.79074315522344,1.1628096480097692,1.1628096480097667,2.4424906541753444e-15,0.5209327795457861,0.5209327795457832,2.886579864025407e-15,0.11041146258969045,0.11041146258968922,1.2351231148954867e-15,0.010730587031021163,0.010730587031020937,2.255140518769849e-16,0.00037237009924751414,0.000372370099247496,1.81603863891322e-17
606,10.095297707512284,4.206374044796786,4.206374044796785,8.881784197001252e-16,6.636318363948696,6.636318363948694,2.6645352591003757e-15,4.655817464059249,4.655817464059244,4.440892098500626e-15,1.2276788981841413,1.227678898184139,2.4424906541753444e-15,0.0018003597906582052,0.0018003597906580745,1.3075478200175183e-16
607,0.6629970301079753,0.27624876254498953,0.27624876254498976,2.220446049250313e-16,0.02879861601855567,0.02879861601855572,4.85722573273506e-17,0.0013589230567907233,0.0013589230567907274,4.119968255444917e-18,2.587463825839017e-05,2.5874638258390364e-05,1.9312351197398048e-19,7.930086701998771e-08,7.930086701999083e-08,3.1234339930002325e-21
608,5.163740214574806,2.151558422739504,2.151558422739502,1.7763568394002505e-15,1.7535951160262355,1.7535951160262317,3.774758283725532e-15,0.6530783279892376,0.6530783279892344,3.219646771412954e-15,0.10136795684476674,0.10136795684476582,9.159339953157541e-16,0.003457736874983035,0.0034577368749829033,1.3183898417423734e-16
609,8.204251873862104,3.418438280775879,3.418438280775877,2.220446049250313e-15,4.623553629328411,4.623553629328402,8.881784197001252e-15,3.1100658240898027,3.11006582408979,1.2878587085651816e-14,1.0674552380800086,1.06745523808,8.659739592076221e-15,0.17086227519377262,0.1708622751937701,2.525757381022231e-15
610,6.873154949385983,2.86381456224416,2.8638145622441598,4.440892098500626e-16,3.2720936421784694,3.272093642178469,4.440892098500626e-16,1.8892240738934865,1.889224073893482,4.440892098500626e-15,0.5733578546399103,0.5733578546399092,1.1102230246251565e-15,0.08540696980011439,0.08540696980011378,6.106226635438361e-16
611,8.094947861136482,3.3728949421402,3.372894942140201,8.881784197001252e-16,4.309692772718174,4.309692772718172,1.7763568394002505e-15,2.5141581187470505,2.514158118747049,1.3322676295501878e-15,0.608697015720321,0.6086970157203202,7.771561172376096e-16,0.03115945586979767,0.03115945586979763,4.163336342344337e-17
612,3.1556884690303857,1.314870195429325,1.3148701954293271,2.220446049250313e-15,0.6852493454124935,0.685249345412496,2.55351295663786e-15,0.1788427841415551,0.17884278414155624,1.1379786002407855e-15,0.02421918981883838,0.02421918981883861,2.2898349882893854e-16,0.001580543208222642,0.0015805432082226635,2.1467203015212988e-17
613,0.9914756849492277,0.41311486872884395,0.4131148687288449,9.43689570931383e-16,0.06750559926792649,0.06750559926792683,3.469446951953614e-16,0.005524374386219014,0.005524374386219052,3.8163916471489756e-17,0.00023554553802811537,0.0002355455380281183,2.927345865710862e-18,4.8880043220187066e-06,4.888004322018785e-06,7.877406409464993e-20
614,7.23100543253226,3.012918930221776,3.012918930221775,8.881784197001252e-16,3.6314576403701135,3.6314576403701118,1.7763568394002505e-15,2.238332298831434,2.2383322988314345,4.440892098500626e-16,0.7447080764441939,0.7447080764441932,6.661338147750939e-16,0.12699500578154463,0.1269950057815446,2.7755575615628914e-17
615,8.41523209240398,3.506346705168326,3.5063467051683253,8.881784197001252e-16,4.964229845035467,4.964229845035466,8.881784197001252e-16,3.604626213604816,3.6046262136048157,4.440892098500626e-16,1.4021190287137046,1.4021190287137049,2.220446049250313e-16,0.2741897582259896,0.2741897582259902,5.551115123125783e-16
616,11.52789407196435,4.8032891966518,4.803289196651813,1.3322676295501878e-14,9.131030635868608,9.131030635868658,4.973799150320701e-14,8.642253384219421,8.64225338421951,8.881784197001252e-14,4.185079550313484,4.185079550313556,7.194245199571014e-14,0.9504235083047643,0.9504235083047909,2.6645352591003757e-14
617,14.455756104120933,6.023231710050401,6.023231710050389,1.1546319456101628e-14,14.480709095088155,14.480709095088091,6.394884621840902e-14,17.628273869207852,17.628273869207714,1.3855583347321954e-13,11.333238739176622,11.333238739176503,1.1901590823981678e-13,3.605768592291214,3.6057685922911586,5.551115123125783e-14
618,4.318392846340191,1.7993303526417495,1.7993303526417463,3.1086244689504383e-15,1.242968604236654,1.2429686042366483,5.551115123125783e-15,0.40427420661068914,0.4042742066106855,3.608224830031759e-15,0.05977602192340516,0.059776021923404046,1.1171619185290638e-15,0.0030795084730575145,0.0030795084730573775,1.3704315460216776e-16
619,0.9314665485398276,0.38811106189159494,0.38811106189159483,1.1102230246251565e-16,0.05844499911824309,0.05844499911824302,7.632783294297951e-17,0.00421955738516469,0.004219557385164682,7.806255641895632e-18,0.0001440535485133289,0.00014405354851332837,5.421010862427522e-19,1.9294675495257324e-06,1.929467549525719e-06,1.3552527156068805e-20
620,1.596592567209023,0.6652469030037601,0.6652469030037597,4.440892098500626e-16,0.16693737650870277,0.16693737650870238,3.885780586188048e-16,0.018922742222324748,0.018922742222324658,9.020562075079397e-17,0.0008577118015034569,0.0008577118015034464,1.0408340855860843e-17,5.5276963035252835e-06,5.527696303524878e-06,4.0572878173480986e-19
621,4.321364739966455,1.8005686416526907,1.8005686416526896,1.1102230246251565e-15,1.2402513643734214,1.2402513643734192,2.220446049250313e-15,0.3994758582744964,0.39947585827449456,1.8318679906315083e-15,0.05750189687501315,0.05750189687501273,4.163336342344337e-16,0.0027048060076988664,0.002704806007698814,5.2475385148298415e-17
622,13.417742940942826,5.590726225392845,5.590726225392844,8.881784197001252e-16,12.479927579245459,12.47992757924546,1.7763568394002505e-15,14.100668658007518,14.100668658007516,1.7763568394002505e-15,8.39969574959122,8.399695749591219,1.7763568394002505e-15,2.467920884607252,2.467920884607252,0.0
623,6.982574993914632,2.909406247464433,2.90940624746443,3.1086244689504383e-15,3.3598100770531274,3.3598100770531176,9.769962616701378e-15,1.955272979104221,1.9552729791042098,1.1102230246251565e-14,0.599245837291654,0.5992458372916486,5.440092820663267e-15,0.09086909783216014,0.09086909783215885,1.2906342661267445e-15
624,9.90466175676503,4.1269423986520986,4.126942398652096,2.6645352591003757e-15,6.429704854963745,6.429704854963732,1.3322676295501878e-14,4.534019714070418,4.534019714070397,2.042810365310288e-14,1.2876886804745173,1.2876886804745042,1.3100631690576847e-14,0.05710788214419829,0.057107882144194155,4.135580766728708e-15
625,4.194457616422079,1.747690673509203,1.7476906735091995,3.552713678800501e-15,1.2546318400459489,1.2546318400459435,5.329070518200751e-15,0.47379115600278066,0.47379115600277766,2.9976021664879227e-15,0.09934649969012947,0.09934649969012865,8.187894806610529e-16,0.010976946276872596,0.010976946276872467,1.2836953722228372e-16
626,4.648155042368575,1.9367312676535775,1.936731267653573,4.440892098500626e-15,1.5104082534265748,1.5104082534265675,7.327471962526033e-15,0.606891788106684,0.6068917881066793,4.6629367034256575e-15,0.13266582544681263,0.13266582544681105,1.582067810090848e-15,0.01498458547370718,0.014984585473706949,2.3071822230491534e-16
627,5.224558318246887,2.1768992992695386,2.176899299269536,2.6645352591003757e-15,1.8832621076929899,1.8832621076929843,5.551115123125783e-15,0.8195544121613936,0.8195544121613896,3.9968028886505635e-15,0.18645753741672122,0.18645753741671997,1.2490009027033011e-15,0.020687027373007812,0.02068702737300762,1.9081958235744878e-16
628,5.815697103141907,2.4232071263091277,2.4232071263091277,0.0,2.3676699361788405,2.3676699361788396,8.881784197001252e-16,1.1898699135093154,1.1898699135093147,6.661338147750939e-16,0.3232846680577198,0.3232846680577195,3.3306690738754696e-16,0.044897180511978114,0.04489718051197799,1.249000902703301e-16
629,0.1669774797202146,0.06957394988342261,0.06957394988342273,1.249000902703301e-16,0.0018760323972223717,0.0018760323972223814,9.75781955236954e-18,2.4335207987682432e-05,2.4335207987682676e-05,2.439454888092385e-19,1.5157706919391673e-07,1.515770691939194e-07,2.6734477397713854e-21,3.8975191791491083e-10,3.8975191791492484e-10,1.4010371625116906e-23
630,8.45693536949019,3.523723070620919,3.5237230706209126,6.217248937900877e-15,4.844936715492204,4.844936715492182,2.220446049250313e-14,3.2360925574117525,3.236092557411725,2.7533531010703882e-14,1.0554715081011667,1.05547150810115,1.6653345369377348e-14,0.14716393859121468,0.14716393859121063,4.052314039881821e-15
631,8.618493902824648,3.591039126176936,3.5910391261769368,8.881784197001252e-16,5.05124868635831,5.051248686358313,2.6645352591003757e-15,3.4897239417964308,3.4897239417964285,2.220446049250313e-15,1.209474396180714,1.209474396180711,2.886579864025407e-15,0.19065428412666097,0.1906542841266597,1.27675647831893e-15
632,8.315123471535124,3.464634779806304,3.464634779806301,3.1086244689504383e-15,4.564063323456477,4.564063323456464,1.2434497875801753e-14,2.7698531794441736,2.769853179444161,1.2434497875801753e-14,0.7182533529813189,0.718253352981314,4.884981308350689e-15,0.04845651156898663,0.04845651156898535,1.27675647831893e-15
633,3.171773470980572,1.3215722795752411,1.3215722795752385,2.6645352591003757e-15,0.6830379218151705,0.6830379218151671,3.4416913763379853e-15,0.17233012784353352,0.17233012784353202,1.4988010832439613e-15,0.021464042875231463,0.02146404287523115,3.122502256758253e-16,0.0011719612297959364,0.001171961229795909,2.7321894746634712e-17
634,7.01061106193974,2.92108794247489,2.921087942474892,1.7763568394002505e-15,3.306353721929182,3.306353721929189,7.105427357601002e-15,1.7974523179392377,1.7974523179392459,8.215650382226158e-15,0.46675481768973237,0.46675481768973703,4.6629367034256575e-15,0.04926894607158158,0.049268946071582734,1.1518563880486e-15
635,0.8262346254948224,0.34426442728950907,0.3442644272895094,3.3306690738754696e-16,0.045202716021742514,0.04520271602174258,6.245004513516506e-17,0.002756325138742827,0.0027563251387428362,9.107298248878237e-18,7.365700142407252e-05,7.365700142407297e-05,4.472333961502706e-19,5.892345846332994e-07,5.892345846333093e-07,9.846758011831241e-21
636,5.5387008142801495,2.3077920059500654,2.3077920059500623,3.1086244689504383e-15,2.0162972702369286,2.016297270236921,7.549516567451064e-15,0.8035934979823081,0.8035934979823014,6.661338147750939e-15,0.13268527841451477,0.13268527841451205,2.7200464103316335e-15,0.00458178138962873,0.004581781389628344,3.859759734048396e-16
637,4.0427164383067264,1.6844651826278056,1.6844651826278028,2.886579864025407e-15,1.0766569602101197,1.0766569602101146,5.10702591327572e-15,0.31570005299719384,0.31570005299719084,2.9976021664879227e-15,0.03907319110348195,0.0390731911034811,8.534839501805891e-16,0.001165629091019754,0.0011656290910196632,9.085614205428527e-17
638,1.9506181637960829,0.8127575682483699,0.8127575682483679,1.9984014443252818e-15,0.2513330123085895,0.25133301230858796,1.5543122344752192e-15,0.03588674360518419,0.035886743605183735,4.579669976578771e-16,0.0022071392668469407,0.0022071392668468856,5.5077470362263625e-17,3.711493133460939e-05,3.711493133460668e-05,2.710505431213761e-18
639,3.04533681615274,1.268890340063643,1.2688903400636415,1.5543122344752192e-15,0.6218906276420282,0.6218906276420264,1.7763568394002505e-15,0.1449398880032034,0.1449398880032027,6.938893903907228e-16,0.015686264417069645,0.015686264417069547,9.71445146547012e-17,0.0006319697733486974,0.0006319697733486877,9.64939933512099e-18
640,4.047850881833714,1.6866045340973828,1.686604534097381,1.7763568394002505e-15,1.118866237598269,1.1188662375982668,2.220446049250313e-15,0.3666110239279746,0.3666110239279733,1.3322676295501878e-15,0.060775505593995145,0.06077550559399487,2.7755575615628914e-16,0.004645897495153413,0.004645897495153385,2.7755575615628914e-17
641,7.066580043127953,2.944408351303315,2.9444083513033137,1.3322676295501878e-15,3.3329468989213282,3.3329468989213256,2.6645352591003757e-15,1.7781256135002055,1.778125613500201,4.440892098500626e-15,0.4311762682783305,0.43117626827832894,1.5543122344752192e-15,0.036237733327497496,0.0362377333274972,2.983724378680108e-16
642,3.2019793251335855,1.3341580521389904,1.334158052138994,3.552713678800501e-15,0.7095855561193452,0.7095855561193495,4.3298697960381105e-15,0.19178797062172218,0.1917879706217241,1.915134717478395e-15,0.02769827116564986,0.027698271165650292,4.3368086899420177e-16,0.0020221083234950345,0.002022108323495081,4.640385298237959e-17
643,2.0949091112135,0.8728787963389578,0.8728787963389584,5.551115123125783e-16,0.3127030832403668,0.31270308324036716,3.885780586188048e-16,0.05880938886691759,0.05880938886691768,9.020562075079397e-17,0.006120297251070718,0.006120297251070729,1.0408340855860843e-17,0.0003340457505444295,0.00033404575054443004,5.421010862427522e-19
644,3.540988853857669,1.475412022440693,1.4754120224406957,2.6645352591003757e-15,0.8362112292743272,0.8362112292743302,2.9976021664879227e-15,0.2234462008603435,0.22344620086034497,1.4710455076283324e-15,0.02724381293620597,0.027243812936206303,3.3306690738754696e-16,0.0011731516802778153,0.0011731516802778426,2.7321894746634712e-17
645,2.2171991654435312,0.9238329856014704,0.9238329856014714,9.992007221626409e-16,0.34432215457585236,0.3443221545758531,7.216449660063518e-16,0.06582677295571289,0.0658267729557131,2.0816681711721685e-16,0.006752274154797381,0.006752274154797411,3.0357660829594124e-17,0.00034941208904330453,0.00034941208904330627,1.734723475976807e-18
646,6.9265474951279336,2.8860614563033034,2.8860614563033056,2.220446049250313e-15,3.312871359740987,3.3128713597409907,3.552713678800501e-15,1.9057464898864023,1.9057464898864052,2.886579864025407e-15,0.5662173819490399,0.5662173819490416,1.6653345369377348e-15,0.08001457957886739,0.08001457957886758,1.942890293094024e-16
647,7.2476324565302805,3.0198468568876233,3.019846856887617,6.217248937900877e-15,3.45222985034543,3.452229850345412,1.8207657603852567e-14,1.800343382427565,1.800343382427546,1.887379141862766e-14,0.3891588584687683,0.38915885846875886,9.43689570931383e-15,0.017683839098142695,0.017683839098140863,1.8318679906315083e-15
648,6.571791553014325,2.738246480422633,2.7382464804226356,2.6645352591003757e-15,2.9379025808389607,2.937902580838966,5.329070518200751e-15,1.5450393518579388,1.5450393518579422,3.3306690738754696e-15,0.4047069741900237,0.4047069741900258,2.1094237467877974e-15,0.047378928162736554,0.04737892816273684,2.8449465006019636e-16
649,2.04843140257079,0.8535130844044957,0.8535130844044959,2.220446049250313e-16,0.2829768648715967,0.28297686487159684,1.6653345369377348e-16,0.045359290746415544,0.04535929074641556,1.3877787807814457e-17,0.0035323839910485736,0.0035323839910485705,3.0357660829594124e-18,0.00011691462328325345,0.00011691462328325321,2.303929616531697e-19
650,4.075032085508072,1.6979300356283673,1.6979300356283635,3.774758283725532e-15,1.1981345112481745,1.1981345112481687,5.773159728050814e-15,0.449758960967523,0.4497589609675197,3.2751579226442118e-15,0.09472869156256564,0.0947286915625647,9.298117831235686e-16,0.010614611942721832,0.010614611942721711,1.214306433183765e-16
651,4.6240562399621785,1.9266900999842433,1.9266900999842411,2.220446049250313e-15,1.461104154552138,1.461104154552134,3.9968028886505635e-15,0.5476858936044118,0.5476858936044096,2.220446049250313e-15,0.10394417375252588,0.10394417375252521,6.661338147750939e-16,0.00910353647092865,0.009103536470928562,8.847089727481716e-17
652,2.4950650856132257,1.0396104523388463,1.039610452338844,2.220446049250313e-15,0.4428173350690966,0.4428173350690945,2.1094237467877974e-15,0.09872976618165935,0.09872976618165859,7.632783294297951e-16,0.012128202115946205,0.012128202115946073,1.3183898417423734e-16,0.0007768808513587874,0.000776880851358776,1.1384122811097797e-17
653,1.5297649163456004,0.6374020484773353,0.6374020484773335,1.7763568394002505e-15,0.16302218242368716,0.16302218242368618,9.71445146547012e-16,0.02141509930320886,0.021415099303208635,2.255140518769849e-16,0.0015274118145976712,0.0015274118145976495,2.168404344971009e-17,5.6238729156806385e-05,5.6238729156805294e-05,1.0909784360635388e-18
654,2.3766804372294104,0.9902835155122551,0.9902835155122545,6.661338147750939e-16,0.3903565501113521,0.39035655011135134,7.771561172376096e-16,0.07797019163707541,0.07797019163707507,3.469446951953614e-16,0.008280567776270266,0.008280567776270217,4.85722573273506e-17,0.00044137908934515616,0.00044137908934515166,4.4994390158148434e-18
655,2.1845059495596217,0.9102108123165109,0.910210812316509,1.887379141862766e-15,0.3224837266139172,0.3224837266139157,1.4988010832439613e-15,0.0554354184240871,0.05543541842408661,4.85722573273506e-16,0.00466205263036445,0.004662052630364384,6.591949208711867e-17,0.0001691902885796218,0.00016919028857961753,4.2825985813177425e-18
656,3.14756022374022,1.3114834265584245,1.311483426558425,4.440892098500626e-16,0.6691885918685336,0.6691885918685341,4.440892098500626e-16,0.16521006853606196,0.1652100685360621,1.3877787807814457e-16,0.019786634722033663,0.019786634722033705,4.163336342344337e-17,0.0010000941358402505,0.0010000941358402544,3.903127820947816e-18
657,2.700960883874697,1.1254003682811253,1.1254003682811238,1.5543122344752192e-15,0.47558601229572217,0.4755860122957203,1.887379141862766e-15,0.08964038664830382,0.08964038664830301,8.049116928532385e-16,0.006427290441790883,0.006427290441790729,1.5352302762394743e-16,1.5629341927798035e-05,1.5629341927786793e-05,1.1241821275959074e-17
658,4.90164223614698,2.0423509317279125,2.0423509317279085,3.9968028886505635e-15,1.5668203641447156,1.5668203641447076,7.993605777301127e-15,0.5369380185153936,0.5369380185153875,6.106226635438361e-15,0.070508659476745,0.07050865947674304,1.970645868709653e-15,0.0004770155533542501,0.0004770155533540089,2.4118077326940046e-16
659,2.148162264295644,0.8950676101231869,0.8950676101231851,1.7763568394002505e-15,0.322500763384853,0.3225007633848516,1.3877787807814457e-15,0.05984318143314674,0.059843181433146264,4.787836793695988e-16,0.006038061287219303,0.006038061287219235,6.765421556309548e-17,0.00031458989073706553,0.0003145898907370609,4.607859233063394e-18
660,2.55324669785658,1.0638527907735758,1.0638527907735753,4.440892098500626e-16,0.44871374739304826,0.44871374739304765,6.106226635438361e-16,0.09506971170987416,0.09506971170987386,3.0531133177191805e-16,0.01053649389796928,0.010536493897969219,6.071532165918825e-17,0.0005713450157538021,0.0005713450157537969,5.204170427930421e-18
661,2.107143963766451,0.8779766515693541,0.8779766515693547,5.551115123125783e-16,0.3111123755468045,0.3111123755468047,2.220446049250313e-16,0.05700471358061339,0.057004713580613486,9.71445146547012e-17,0.005711873951923571,0.005711873951923587,1.5612511283791264e-17,0.0002976487974901277,0.00029764879749012864,9.215718466126788e-19
662,1.0047392037681306,0.418641334903388,0.41864133490338784,1.6653345369377348e-16,0.06675077991958013,0.06675077991958003,9.71445146547012e-17,0.0049263819775664085,0.004926381977566385,2.3418766925686896e-17,0.00015777620138242738,0.00015777620138242556,1.81603863891322e-18,1.4389693498772142e-06,1.4389693498771517e-06,6.246867986000465e-20
663,0.7228706302666873,0.30119609594445296,0.30119609594445307,1.1102230246251565e-16,0.034258790072324755,0.03425879007232477,1.3877787807814457e-17,0.0017669700564226438,0.0017669700564226446,8.673617379884035e-19,3.701116661996113e-05,3.701116661996113e-05,0.0,1.342734498775119e-07,1.3427344987751095e-07,9.529120656610879e-22
664,2.6943469763921852,1.1226445734967445,1.122644573496744,4.440892098500626e-16,0.4861694071566146,0.48616940715661344,1.1657341758564144e-15,0.09975951575579937,0.09975951575579889,4.85722573273506e-16,0.009408443786533546,0.009408443786533442,1.0408340855860843e-16,0.00031862668599266905,0.00031862668599266005,8.998878031629687e-18
665,0.950082108843619,0.39586754535150837,0.395867545351508,3.885780586188048e-16,0.06036475745360072,0.060364757453600544,1.734723475976807e-16,0.004369681180457177,0.004369681180457151,2.6020852139652106e-17,0.00014707073121110546,0.00014707073121110364,1.81603863891322e-18,1.8651160195477573e-06,1.8651160195477018e-06,5.548065804515667e-20
666,1.5135458295341142,0.630644095639214,0.6306440956392143,3.3306690738754696e-16,0.14984355776702774,0.14984355776702787,1.3877787807814457e-16,0.016045373329089774,0.016045373329089802,2.7755575615628914e-17,0.0006821738681294954,0.0006821738681294982,2.8189256484623115e-18,3.7366621991988104e-06,3.7366621991988807e-06,7.030373462210693e-20
667,10.388592581314306,4.328580242214304,4.328580242214294,1.0658141036401503e-14,7.706431748045414,7.706431748045376,3.8191672047105385e-14,7.225373461462746,7.225373461462687,5.861977570020827e-14,3.7645303554979717,3.764530355497933,3.863576125695545e-14,1.034046923043107,1.0340469230430933,1.3766765505351941e-14
668,1.7209564790053422,0.7170651995855593,0.7170651995855593,0.0,0.1950409089289704,0.1950409089289704,0.0,0.024315095356851987,0.024315095356851966,2.0816681711721685e-17,0.0012754822197865161,0.0012754822197865174,1.3010426069826053e-18,1.5771629923132362e-05,1.577162992313258e-05,2.168404344971009e-19
669,1.4629527679988281,0.6095636533328438,0.609563653332845,1.2212453270876722e-15,0.1520635131009594,0.15206351310096,6.106226635438361e-16,0.01987562066350976,0.019875620663509883,1.214306433183765e-16,0.0014364846099718274,0.0014364846099718404,1.3010426069826053e-17,5.4473542832007e-05,5.4473542832007654e-05,6.572975670693371e-19
670,4.780761263202118,1.9919838596675525,1.991983859667549,3.552713678800501e-15,1.5604581255323784,1.5604581255323728,5.551115123125783e-15,0.6024648290794018,0.6024648290793976,4.218847493575595e-15,0.11692579681778931,0.11692579681778793,1.3739009929736312e-15,0.010313266615287324,0.01031326661528714,1.8388068845354155e-16
671,9.479273916843619,3.9496974653515116,3.949697465351508,3.552713678800501e-15,6.193535641511728,6.193535641511713,1.509903313490213e-14,4.895940686718443,4.895940686718423,2.042810365310288e-14,2.039042343640602,2.03904234364059,1.199040866595169e-14,0.42041044436025177,0.4204104443602484,3.3861802251067274e-15
672,4.029909468061023,1.6791289450254254,1.6791289450254263,8.881784197001252e-16,1.09847427264341,1.0984742726434105,4.440892098500626e-16,0.34959406827263995,0.3495940682726401,1.6653345369377348e-16,0.05479782543418945,0.05479782543418951,6.245004513516506e-17,0.00376614759202048,0.0037661475920204805,4.336808689942018e-19
673,2.5878722476623324,1.0782801031926388,1.0782801031926386,2.220446049250313e-16,0.4627248823038008,0.4627248823038006,2.220446049250313e-16,0.10061541993942699,0.10061541993942685,1.3877787807814457e-16,0.011635395714484117,0.011635395714484091,2.6020852139652106e-17,0.0006757220165452639,0.0006757220165452621,1.734723475976807e-18
674,1.4541558631478906,0.6058982763116219,0.6058982763116212,6.661338147750939e-16,0.14686315384116544,0.14686315384116497,4.718447854656915e-16,0.018005724771024443,0.018005724771024356,8.673617379884035e-17,0.0011578087453640515,0.0011578087453640422,9.324138683375338e-18,3.629492483092408e-05,3.629492483092365e-05,4.2690460541616737e-19
675,2.602832290862523,1.084513454526051,1.0845134545260513,2.220446049250313e-16,0.4722740778690435,0.4722740778690439,3.885780586188048e-16,0.1051121441310422,0.10511214413104235,1.5265566588595902e-16,0.01253172859027291,0.01253172859027293,2.0816681711721685e-17,0.0007543474989641322,0.0007543474989641342,1.951563910473908e-18
676,1.643856891887838,0.6849403716199312,0.6849403716199326,1.4432899320127035e-15,0.18196002573148137,0.1819600257314823,9.159339953157541e-16,0.023270501397085426,0.02327050139708567,2.42861286636753e-16,0.0014297740726516447,0.001429774072651673,2.8406096919120216e-17,3.6266604094908e-05,3.6266604094909364e-05,1.362028979184915e-18
677,7.145507573513504,2.977294822297293,2.977294822297293,0.0,3.5675972481556304,3.5675972481556313,8.881784197001252e-16,2.192170939799936,2.1921709397999365,4.440892098500626e-16,0.7249472915723457,0.7249472915723464,6.661338147750939e-16,0.12178943935356903,0.12178943935356948,4.440892098500626e-16
678,2.09287905716553,0.8720329404856386,0.8720329404856377,8.881784197001252e-16,0.2856621910880224,0.28566219108802127,1.1102230246251565e-15,0.04179810982114831,0.04179810982114798,3.2612801348363973e-16,0.0023418095149805355,0.002341809514980485,5.0306980803327406e-17,6.494596541933645e-06,6.494596541930939e-06,2.7062702664774896e-18
679,2.748323160713298,1.1451346502972088,1.1451346502972073,1.5543122344752192e-15,0.494233856910387,0.4942338569103852,1.8318679906315083e-15,0.09612229284662656,0.09612229284662577,7.91033905045424e-16,0.007407130015891797,0.007407130015891644,1.5265566588595902e-16,7.045356395297647e-05,7.045356395296671e-05,9.75781955236954e-18
680,4.029367985844107,1.6789033274350433,1.678903327435045,1.5543122344752192e-15,1.0685689240402283,1.06856892404023,1.7763568394002505e-15,0.3112163885334406,0.3112163885334412,6.106226635438361e-16,0.0379295117565827,0.0379295117565828,1.0408340855860843e-16,0.0010459042873048575,0.0010459042873048597,2.168404344971009e-18
681,4.55964168544955,1.8998507022706455,1.8998507022706463,8.881784197001252e-16,1.3811216260801251,1.381121626080126,8.881784197001252e-16,0.46970680240188445,0.4697068024018843,1.6653345369377348e-16,0.07147389533319072,0.07147389533319075,2.7755575615628914e-17,0.0035709196636307984,0.00357091966363079,8.239936510889834e-18
682,0.5159681060758865,0.2149867108649528,0.21498671086495275,5.551115123125783e-17,0.0185574896817369,0.018557489681736875,2.42861286636753e-17,0.0008174515271608303,0.0008174515271608282,2.0599841277224584e-18,1.921536707030624e-05,1.921536707030616e-05,8.131516293641283e-20,2.265756132704846e-07,2.265756132704829e-07,1.6940658945086007e-21
683,2.027748100011078,0.8448950416712837,0.8448950416712826,1.1102230246251565e-15,0.27583260316906855,0.27583260316906755,9.992007221626409e-16,0.04296993748151494,0.04296993748151464,2.983724378680108e-16,0.0031458465812660903,0.003145846581266048,4.206704429243757e-17,8.938282441057508e-05,8.938282441057264e-05,2.439454888092385e-18
684,2.4998359917018016,1.0415983298757512,1.0415983298757507,4.440892098500626e-16,0.41785757861849604,0.41785757861849565,3.885780586188048e-16,0.0795670653704736,0.07956706537047337,2.3592239273284576e-16,0.007043665550739047,0.007043665550739022,2.5153490401663703e-17,0.00023492876665380625,0.00023492876665380497,1.2739375526704677e-18
685,4.5288866447564535,1.8870361019818533,1.887036101981856,2.6645352591003757e-15,1.3669917509695095,1.3669917509695133,3.774758283725532e-15,0.4667216786883007,0.46672167868830294,2.220446049250313e-15,0.07275751125280196,0.07275751125280269,7.355227538141662e-16,0.004025063952870453,0.004025063952870543,8.933825901280557e-17
686,3.10575329130132,1.2940638713755506,1.2940638713755501,4.440892098500626e-16,0.6589353486809194,0.6589353486809186,7.771561172376096e-16,0.1664760833786979,0.16647608337869738,5.273559366969494e-16,0.02155416241549441,0.021554162415494283,1.2836953722228372e-16,0.0013220481847412003,0.0013220481847411886,1.1709383462843448e-17
687,2.172756764590421,0.905315318579342,0.9053153185793422,2.220446049250313e-16,0.32823727057492574,0.32823727057492574,0.0,0.0603719646947649,0.060371964694764864,3.469446951953614e-17,0.005859025305011249,0.005859025305011244,5.204170427930421e-18,0.00028009712704463895,0.00028009712704463874,2.168404344971009e-19
688,0.6115553070089901,0.25481471125374605,0.2548147112537459,1.6653345369377348e-16,0.025257754664111218,0.025257754664111173,4.5102810375396984e-17,0.0012126284442697287,0.0012126284442697246,4.119968255444917e-18,2.835950436821871e-05,2.835950436821853e-05,1.7957098481791167e-19,2.8321604128901273e-07,2.832160412890099e-07,2.80579663777987e-21
689,1.7274472890275652,0.7197697037614871,0.7197697037614855,1.5543122344752192e-15,0.1951168869669586,0.19511688696695756,1.0547118733938987e-15,0.023812429737961466,0.023812429737961188,2.7755575615628914e-16,0.0011492717989027292,0.0011492717989026995,2.970713952610282e-17,6.6932276531316645e-06,6.693227653130428e-06,1.2366681029912785e-18
690,8.453779704875235,3.5224082103646817,3.5224082103646817,0.0,4.696705372630286,4.696705372630282,4.440892098500626e-15,2.856541144679968,2.8565411446799627,5.329070518200751e-15,0.7198336015215507,0.719833601521548,2.7755575615628914e-15,0.0380036723708177,0.03800367237081699,7.077671781985373e-16
691,6.302110746865772,2.6258794778607366,2.6258794778607384,1.7763568394002505e-15,2.6846943996712085,2.684694399671212,3.552713678800501e-15,1.3327285038349426,1.332728503834945,2.4424906541753444e-15,0.32423499841656156,0.3242349984165627,1.1657341758564144e-15,0.034181603279070945,0.03418160327907114,1.942890293094024e-16
692,4.422259427554132,1.8426080948142207,1.8426080948142216,8.881784197001252e-16,1.346298253528363,1.3462982535283645,1.5543122344752192e-15,0.49228020809233347,0.49228020809233414,6.661338147750939e-16,0.09313947635328577,0.09313947635328591,1.3877787807814457e-16,0.008441061000198381,0.008441061000198381,0.0
693,5.180650812089016,2.1586045050370926,2.15860450503709,2.6645352591003757e-15,1.8157386111207097,1.8157386111207057,3.9968028886505635e-15,0.7427715150165861,0.7427715150165822,3.885780586188048e-15,0.14940954161856312,0.14940954161856193,1.1934897514720433e-15,0.0131186847230607,0.0131186847230605,1.9949319973733282e-16
694,2.069949752651042,0.8624790636046006,0.8624790636046008,2.220446049250313e-16,0.28721255165771953,0.28721255165771986,3.3306690738754696e-16,0.045616344103982284,0.04561634410398238,9.71445146547012e-17,0.00340592300327656,0.00340592300327658,1.9949319973733282e-17,9.8991810046057e-05,9.899181004605816e-05,1.1655173354219173e-18
695,6.339042083247135,2.641267534686301,2.6412675346863064,5.329070518200751e-15,2.804103764026978,2.8041037640269906,1.2434497875801753e-14,1.5338902908249903,1.5338902908250023,1.199040866595169e-14,0.4578526682472768,0.45785266824728116,4.385380947269368e-15,0.07101067816226372,0.07101067816226474,1.0130785099704553e-15
696,8.6187061758534,3.5911275732722534,3.5911275732722507,2.6645352591003757e-15,5.132434128913346,5.132434128913335,1.0658141036401503e-14,3.713204958860466,3.713204958860451,1.4654943925052066e-14,1.4250527527994545,1.4250527527994459,8.659739592076221e-15,0.27345082917174307,0.2734508291717407,2.3869795029440866e-15
697,2.244334841999726,0.9351395174998876,0.935139517499886,1.5543122344752192e-15,0.3294765501002928,0.3294765501002913,1.4988010832439613e-15,0.05232351852808646,0.052323518528085894,5.689893001203927e-16,0.003301807049261975,0.0033018070492618922,8.283304597789254e-17,2.7217126818519838e-05,2.721712681851482e-05,5.017823179534475e-18
698,1.2327839441182227,0.5136599767159267,0.5136599767159261,5.551115123125783e-16,0.10215399199897117,0.10215399199897088,2.914335439641036e-16,0.009754777993853821,0.009754777993853766,5.551115123125783e-17,0.00044548424517586844,0.0004454842451758645,3.957337929572091e-18,8.315145173324206e-06,8.315145173324041e-06,1.6432439176733427e-19
699,4.04520820313819,1.6855034179742487,1.6855034179742463,2.4424906541753444e-15,1.0941873467855456,1.0941873467855419,3.774758283725532e-15,0.33716883495481653,0.33716883495481415,2.3869795029440866e-15,0.04830745599809508,0.048307455998094426,6.522560269672795e-16,0.0026086988312284953,0.002608698831228421,7.41594285980085e-17
700,5.7203146272150045,2.383464428006251,2.383464428006252,8.881784197001252e-16,2.230357068886198,2.2303570688861973,4.440892098500626e-16,1.0284956587319585,1.028495658731958,4.440892098500626e-16,0.23920022054539813,0.23920022054539825,1.1102230246251565e-16,0.025533710487017778,0.025533710487017844,6.591949208711867e-17
701,1.27824093407379,0.5326003891974129,0.5326003891974125,4.440892098500626e-16,0.1098792835352202,0.10987928353521997,2.220446049250313e-16,0.010872483640272095,0.010872483640272067,2.7755575615628914e-17,0.0005117560865170461,0.0005117560865170452,8.673617379884035e-19,9.672661035724109e-06,9.672661035724072e-06,3.7269449679189215e-20
702,4.392358688139825,1.8301494533915936,1.8301494533915939,2.220446049250313e-16,1.2805869758297423,1.2805869758297428,4.440892098500626e-16,0.4182929465800421,0.418292946580042,1.1102230246251565e-16,0.060741604166609155,0.06074160416660926,1.0408340855860843e-16,0.002816419074745005,0.0028164190747450206,1.5612511283791264e-17
703,2.4772556873761173,1.0321898697400504,1.032189869740049,1.5543122344752192e-15,0.43969188309459745,0.4396918830945961,1.3322676295501878e-15,0.09895582087404528,0.09895582087404482,4.579669976578771e-16,0.012412864728623229,0.012412864728623163,6.591949208711867e-17,0.0008230957171471134,0.0008230957171471077,5.7462715141731735e-18
704,6.961842083075618,2.9007675346148414,2.9007675346148414,0.0,3.369947419288887,3.3699474192888847,2.220446049250313e-15,1.9887153986768007,1.9887153986767974,3.3306690738754696e-15,0.621423715432241,0.6214237154322395,1.4432899320127035e-15,0.09626966105254561,0.09626966105254524,3.7470027081099033e-16
705,4.032176645560706,1.680073602316963,1.680073602316961,1.9984014443252818e-15,1.0669899898721487,1.0669899898721464,2.220446049250313e-15,0.3078775265235817,0.30787752652357964,2.0539125955565396e-15,0.03629247134087633,0.03629247134087583,4.996003610813204e-16,0.0007856308860561953,0.0007856308860561478,4.7488055154865094e-17
706,5.1927131418933445,2.1636304757888944,2.163630475788894,4.440892098500626e-16,1.8337034625250346,1.8337034625250335,1.1102230246251565e-15,0.7624480108740892,0.7624480108740884,7.771561172376096e-16,0.1584770846086556,0.15847708460865548,1.1102230246251565e-16,0.014857780052451267,0.014857780052451261,5.204170427930421e-18
707,0.5198721760049919,0.21661340666874665,0.21661340666874662,2.7755575615628914e-17,0.018733582811027282,0.01873358281102728,3.469446951953614e-18,0.0008189140504531118,0.0008189140504531113,4.336808689942018e-19,1.8804816745642098e-05,1.8804816745642087e-05,1.0164395367051604e-20,2.115543335802727e-07,2.115543335802726e-07,1.0587911840678754e-22
708,6.611349889830709,2.7547291207627884,2.754729120762796,7.549516567451064e-15,2.9928568912846636,2.9928568912846836,1.9984014443252818e-14,1.6154788009564938,1.6154788009565118,1.7985612998927536e-14,0.4465220404409522,0.44652204044096,7.827072323607354e-15,0.05822003676863212,0.0582200367686337,1.582067810090848e-15
709,0.37060936640327263,0.15442056933469672,0.15442056933469694,2.220446049250313e-16,0.009370771039611937,0.009370771039611963,2.6020852139652106e-17,0.0002803301525730966,0.00028033015257309806,1.463672932855431e-18,4.225722862999808e-06,4.225722862999845e-06,3.6422416731934915e-20,2.9139331367268748e-08,2.9139331367269102e-08,3.5403330217269584e-22
710,6.7076325772230945,2.7948469071762925,2.7948469071762894,3.1086244689504383e-15,3.0320584252028224,3.032058425202813,9.325873406851315e-15,1.5876843620939622,1.5876843620939514,1.0880185641326534e-14,0.4022886306751513,0.4022886306751469,4.385380947269368e-15,0.042896823054370876,0.042896823054369926,9.506284648352903e-16
711,2.3898037127447345,0.9957515469769695,0.9957515469769728,3.219646771412954e-15,0.38251168303031347,0.38251168303031624,2.7755575615628914e-15,0.06996969375517964,0.0699696937551806,9.575673587391975e-16,0.005995149457284681,0.005995149457284849,1.682681771697503e-16,0.00019790699179298078,0.0001979069917929923,1.1519648082658485e-17
712,2.48312566074265,1.0346356919761042,1.0346356919761042,0.0,0.421290039934677,0.42129003993467706,5.551115123125783e-17,0.08484419431437856,0.08484419431437851,5.551115123125783e-17,0.008669776691270543,0.008669776691270524,1.9081958235744878e-17,0.0004108258187489126,0.0004108258187489107,1.8973538018496328e-18
713,1.4107587966001658,0.5878161652500697,0.5878161652500691,6.661338147750939e-16,0.13457095025605476,0.13457095025605428,4.718447854656915e-16,0.014975493685176536,0.014975493685176453,8.326672684688674e-17,0.0008193039166633782,0.0008193039166633691,9.107298248878237e-18,1.9573409878344404e-05,1.9573409878344017e-05,3.8624702394796095e-19
714,1.4413129764832815,0.6005470735347016,0.6005470735347007,8.881784197001252e-16,0.14824947514266446,0.14824947514266398,4.718447854656915e-16,0.019236232505942703,0.01923623250594261,9.367506770274758e-17,0.0013823939912552443,0.001382393991255235,9.324138683375338e-18,5.21245835222682e-05,5.2124583522267734e-05,4.675621868843738e-19
715,5.696180097541047,2.3734083739754332,2.3734083739754364,3.1086244689504383e-15,2.2660854083249626,2.2660854083249684,5.773159728050814e-15,1.1088836450507422,1.1088836450507469,4.6629367034256575e-15,0.2918425924667018,0.2918425924667036,1.7763568394002505e-15,0.038990746812758076,0.03899074681275838,3.0531133177191805e-16
716,1.5090635922490017,0.6287764967704174,0.6287764967704175,1.1102230246251565e-16,0.14937386431130759,0.14937386431130764,5.551115123125783e-17,0.016100573463986335,0.016100573463986335,0.0,0.0007054811268446566,0.000705481126844658,1.4094628242311558e-18,5.389722098884015e-06,5.389722098884081e-06,6.606856988583543e-20
717,2.9264730265219394,1.2193637610508086,1.2193637610508081,4.440892098500626e-16,0.5711791470400954,0.5711791470400949,5.551115123125783e-16,0.12630406738750738,0.12630406738750713,2.498001805406602e-16,0.012807754518754324,0.012807754518754284,3.9898639947466563e-17,0.0004680057183931916,0.00046800571839318876,2.8189256484623115e-18
718,7.248005984921804,3.0200024937174197,3.0200024937174184,1.3322676295501878e-15,3.5828515298684787,3.582851529868475,3.552713678800501e-15,2.0908538712857676,2.090853871285763,4.440892098500626e-15,0.6110798040042045,0.6110798040042006,3.885780586188048e-15,0.08057698331570093,0.08057698331570012,8.049116928532385e-16
719,4.698976238561973,1.957906766067492,1.957906766067489,3.1086244689504383e-15,1.5652271918860619,1.565227191886057,4.884981308350689e-15,0.6516594812498788,0.6516594812498755,3.3306690738754696e-15,0.14841846526553454,0.14841846526553343,1.1102230246251565e-15,0.017464335277402276,0.0174643352774021,1.7694179454963432e-16
720,4.9802131563502385,2.0750888151459326,2.0750888151459326,0.0,1.6404440374555531,1.640444037455553,2.220446049250313e-16,0.6006089146452755,0.6006089146452754,1.1102230246251565e-16,0.09558051408850277,0.09558051408850242,3.469446951953614e-16,0.004367835092135953,0.004367835092135928,2.5153490401663703e-17
721,0.45806317608878944,0.19085965670366217,0.19085965670366226,8.326672684688674e-17,0.01507307664153536,0.015073076641535376,1.5612511283791264e-17,0.0006306377089446561,0.0006306377089446566,5.421010862427522e-19,1.4747082647816445e-05,1.4747082647816465e-05,2.0328790734103208e-20,1.8281087252897088e-07,1.828108725289711e-07,2.117582368135751e-22
722,5.624323738252919,2.343468224272054,2.34346822427205,3.9968028886505635e-15,2.1871840024533036,2.1871840024532947,8.881784197001252e-15,1.0283436952005014,1.0283436952004952,6.217248937900877e-15,0.252788707580438,0.2527887075804354,2.55351295663786e-15,0.03024457567220331,0.030244575672202907,4.0245584642661925e-16
723,2.1589101090774525,0.8995458787822714,0.8995458787822719,4.440892098500626e-16,0.30518296465557193,0.30518296465557215,2.220446049250313e-16,0.04678946075273923,0.04678946075273931,8.326672684688674e-17,0.0028774292342932726,0.002877429234293278,5.204170427930421e-18,2.641897883617254e-05,2.64189788361725e-05,4.0657581468206416e-20
724,2.768228868379075,1.1534286951579458,1.1534286951579478,1.9984014443252818e-15,0.5293172096500143,0.529317209650016,1.7763568394002505e-15,0.12230979711954537,0.12230979711954613,7.632783294297951e-16,0.014784065000039896,0.014784065000040031,1.3530843112619095e-16,0.0008714436132130296,0.0008714436132130414,1.1817803680091998e-17
725,2.315155162010547,0.9646479841710618,0.9646479841710613,4.440892098500626e-16,0.3537894867761726,0.35378948677617233,2.7755575615628914e-16,0.05977835613867179,0.059778356138671634,1.5265566588595902e-16,0.004317436722767534,0.004317436722767517,1.734723475976807e-17,8.137437180316841e-05,8.137437180316678e-05,1.6263032587282567e-18
726,3.1880720214656053,1.3283633422773344,1.3283633422773355,1.1102230246251565e-15,0.676412437117119,0.6764124371171206,1.6653345369377348e-15,0.1618204266616137,0.16182042666161442,7.216449660063518e-16,0.017528119514478923,0.017528119514479086,1.6306400674181987e-16,0.0006534752777357808,0.0006534752777357934,1.2576745200831851e-17
727,3.3131992050150894,1.3804996687562885,1.3804996687562874,1.1102230246251565e-15,0.7465097615599574,0.7465097615599554,1.9984014443252818e-15,0.19720045028676877,0.19720045028676755,1.2212453270876722e-15,0.025680304833646916,0.02568030483364665,2.671474153004283e-16,0.0014567543462522062,0.0014567543462521745,3.165870343657673e-17
728,0.6781192463713164,0.28254968598804875,0.2825496859880486,1.6653345369377348e-16,0.030104675914782754,0.030104675914782695,5.898059818321144e-17,0.001445532898708675,0.0014455328987086678,7.15573433840433e-18,2.745158786873763e-05,2.745158786873734e-05,2.879912020664621e-19,6.161200643313525e-08,6.161200643313054e-08,4.711620769102046e-21
729,7.766339236551682,3.235974681896529,3.2359746818965345,5.329070518200751e-15,4.133617865266887,4.133617865266903,1.5987211554602254e-14,2.623094610833274,2.6230946108332946,2.042810365310288e-14,0.8504803958060224,0.8504803958060332,1.0769163338864018e-14,0.1293337454514047,0.12933374545140744,2.7478019859472624e-15
730,2.7710504040878745,1.1546043350366164,1.1546043350366144,1.9984014443252818e-15,0.505022303089474,0.5050223030894719,2.1094237467877974e-15,0.1009477613175355,0.1009477613175345,9.992007221626409e-16,0.008412774290066233,0.00841277429006605,1.8214596497756474e-16,0.0001545085031754338,0.00015450850317541963,1.417594340524797e-17
731,2.8341998452658266,1.1809166021940944,1.1809166021940944,0.0,0.5356655122505022,0.5356655122505021,1.1102230246251565e-16,0.11465373711484822,0.11465373711484798,2.3592239273284576e-16,0.011238380264664014,0.011238380264663962,5.204170427930421e-17,0.00039495503380161006,0.000394955033801606,4.065758146820642e-18
732,9.44884619490291,3.937019247876212,3.9370192478762123,4.440892098500626e-16,6.20698587967555,6.206985879675552,2.6645352591003757e-15,4.993946858392221,4.993946858392222,1.7763568394002505e-15,2.1537380685686247,2.1537380685686296,4.884981308350689e-15,0.47043655643973337,0.47043655643973487,1.4988010832439613e-15
733,13.714392867523859,5.714330361468281,5.714330361468276,5.329070518200751e-15,12.321983469219543,12.321983469219505,3.730349362740526e-14,11.994613271301882,11.994613271301803,7.815970093361102e-14,4.645851491195947,4.645851491195866,8.171241461241152e-14,0.23461314792063356,0.23461314792060545,2.811639809863209e-14
734,2.812440946095869,1.1718503942066134,1.1718503942066119,1.5543122344752192e-15,0.554881591500872,0.5548815915008707,1.3322676295501878e-15,0.13498526792533908,0.13498526792533833,7.494005416219807e-16,0.0176472180534824,0.01764721805348229,1.0755285551056204e-16,0.001165680497957342,0.001165680497957332,9.974659986866641e-18
735,5.172351663201912,2.1551465263341325,2.15514652633413,2.6645352591003757e-15,1.7529222020261404,1.7529222020261352,5.10702591327572e-15,0.6452834953701356,0.6452834953701316,3.9968028886505635e-15,0.09575640090056728,0.09575640090056589,1.3877787807814457e-15,0.0022548428483646463,0.0022548428483644585,1.8778381627448937e-16
736,2.37990465132995,0.991626938054145,0.9916269380541459,8.881784197001252e-16,0.3902737907501871,0.3902737907501878,7.216449660063518e-16,0.0774342638834353,0.07743426388343543,1.249000902703301e-16,0.0081003651399555,0.008100365139955528,2.7755575615628914e-17,0.0004201538128159666,0.00042015381281596724,6.505213034913027e-19
737,5.023013701312287,2.09292237554679,2.0929223755467863,3.552713678800501e-15,1.7666782543765565,1.7666782543765496,6.8833827526759706e-15,0.7658267131409378,0.7658267131409325,5.218048215738236e-15,0.17871525849956124,0.1787152584995594,1.8318679906315083e-15,0.02116413471002699,0.021164134710026726,2.636779683484747e-16
738,6.000948889014441,2.500395370422683,2.5003953704226833,4.440892098500626e-16,2.5457388795501297,2.54573887955013,4.440892098500626e-16,1.3484876990692563,1.3484876990692565,2.220446049250313e-16,0.39129874662186015,0.39129874662186037,2.220446049250313e-16,0.05889718308308488,0.0588971830830849,2.0816681711721685e-17
739,3.145048074229459,1.3104366975956103,1.310436697595608,2.220446049250313e-15,0.6768621922720215,0.6768621922720188,2.6645352591003757e-15,0.17261148488626185,0.17261148488626063,1.2212453270876722e-15,0.022142165309594713,0.02214216530959446,2.5326962749261384e-16,0.0012886838409605647,0.001288683840960541,2.3635607360183997e-17
740,4.766788113213231,1.9861617138388472,1.9861617138388463,8.881784197001252e-16,1.5745307683210616,1.5745307683210594,2.220446049250313e-15,0.6344469053916599,0.634446905391658,1.887379141862766e-15,0.13637954046310743,0.13637954046310674,6.938893903907228e-16,0.01476580377732111,0.01476580377732099,1.196959198423997e-16
741,7.059446281430637,2.941435950596106,2.941435950596099,7.105427357601002e-15,3.2694193913460015,3.269419391345983,1.865174681370263e-14,1.6493754088999466,1.6493754088999273,1.9317880628477724e-14,0.33862760568596467,0.33862760568595585,8.826273045769994e-15,0.012259683276611677,0.012259683276610108,1.5681900222830336e-15
742,1.7087818284885183,0.7119924285368814,0.7119924285368826,1.2212453270876722e-15,0.2012966850051408,0.20129668500514147,6.661338147750939e-16,0.02862886788426027,0.02862886788426044,1.700029006457271e-16,0.0021320294086629435,0.002132029408662963,1.951563910473908e-17,7.771691660363522e-05,7.771691660363624e-05,1.0164395367051604e-18
743,11.014148551114157,4.589228562964232,4.589228562964233,8.881784197001252e-16,8.03608489654507,8.036084896545077,7.105427357601002e-15,6.54053898507171,6.5405389850717155,5.329070518200751e-15,2.338262443863636,2.3382624438636412,5.329070518200751e-15,0.25291091527472725,0.25291091527473086,3.608224830031759e-15
744,0.8395779049286833,0.3498241270536171,0.34982412705361804,9.43689570931383e-16,0.04637274345116488,0.04637274345116518,3.0531133177191805e-16,0.0028103956673263125,0.0028103956673263494,3.686287386450715e-17,7.108100737081916e-05,7.10810073708213e-05,2.1412992906588713e-18,3.987491843777416e-07,3.9874918437779046e-07,4.886321314473245e-20
745,1.1984163103188235,0.49934012929951055,0.4993401292995097,8.326672684688674e-16,0.0992245553526028,0.09922455535260241,3.885780586188048e-16,0.00996926952313469,0.009969269523134617,7.28583859910259e-17,0.0005297285453701346,0.0005297285453701288,5.854691731421724e-18,1.4001139254476169e-05,1.400113925447593e-05,2.388632911257127e-19
746,1.4257398086540567,0.5940582536058567,0.594058253605857,2.220446049250313e-16,0.1359348309208405,0.13593483092084055,5.551115123125783e-17,0.014763050599173492,0.014763050599173502,1.0408340855860843e-17,0.0007449348836431127,0.0007449348836431146,1.8431436932253575e-18,1.4127162401411489e-05,1.4127162401411611e-05,1.2197274440461925e-19
747,4.27998545220679,1.783327271752827,1.7833272717528292,2.220446049250313e-15,1.2353440418446762,1.2353440418446795,3.3306690738754696e-15,0.4131162612429644,0.41311626124296613,1.7208456881689926e-15,0.06677157048647217,0.06677157048647267,4.996003610813204e-16,0.00452048545611921,0.004520485456119272,6.158268339717665e-17
748,4.5149183624986895,1.881215984374454,1.8812159843744543,2.220446049250313e-16,1.4125248099942147,1.4125248099942143,4.440892098500626e-16,0.5392897899679848,0.5392897899679842,6.661338147750939e-16,0.109947471129177,0.10994747112917692,6.938893903907228e-17,0.011308870775413066,0.011308870775413035,3.122502256758253e-17
749,4.782502429781374,1.9927093457422433,1.9927093457422391,4.218847493575595e-15,1.6357766619563985,1.6357766619563912,7.327471962526033e-15,0.7071243638803429,0.707124363880338,4.9960036108132044e-15,0.16955199653803163,0.16955199653803013,1.4988010832439613e-15,0.021354048909837945,0.021354048909837706,2.393918396847994e-16
750,4.391102418498263,1.8296260077076116,1.8296260077076096,1.9984014443252818e-15,1.290538847813353,1.290538847813349,3.9968028886505635e-15,0.4330984538656001,0.4330984538655974,2.6645352591003757e-15,0.06799811145155578,0.06799811145155502,7.632783294297951e-16,0.004102872115931892,0.004102872115931792,9.974659986866641e-17
751,2.053636027806676,0.85568167825278,0.8556816782527816,1.6653345369377348e-15,0.2900203997300782,0.2900203997300794,1.2212453270876722e-15,0.04920270888405773,0.049202708884058116,3.885780586188048e-16,0.00433061311872115,0.004330613118721211,6.158268339717665e-17,0.00018374980688394373,0.00018374980688394755,3.821812658011403e-18
752,3.4463336419067323,1.4359723507944717,1.4359723507944722,4.440892098500626e-16,0.8154442566941418,0.8154442566941418,0.0,0.23095190220642706,0.2309519022064269,1.6653345369377348e-16,0.03369091998740881,0.03369091998740879,1.3877787807814457e-17,0.002339390489922022,0.0023393904899220155,6.5052130349130266e-18
753,3.0847848645529568,1.2853270268970662,1.2853270268970656,6.661338147750939e-16,0.6430669355051325,0.6430669355051318,6.661338147750939e-16,0.1557371442030829,0.15573714420308252,3.885780586188048e-16,0.018302747920870478,0.018302747920870423,5.551115123125783e-17,0.0009077855812820635,0.00090778558128206,3.577867169202165e-18
754,1.3175255296642907,0.5489689706934542,0.5489689706934545,3.3306690738754696e-16,0.11861144929794565,0.11861144929794566,1.3877787807814457e-17,0.012711695035276277,0.012711695035276272,5.204170427930421e-18,0.0006972147412906666,0.000697214741290665,1.6263032587282567e-18,1.8061410207992942e-05,1.8061410207992827e-05,1.1519648082658485e-19
755,8.436542818715395,3.5152261744647544,3.515226174464748,6.217248937900877e-15,4.777905595476949,4.777905595476929,2.042810365310288e-14,3.109499676981801,3.1094996769817733,2.7533531010703882e-14,0.9614817420724938,0.9614817420724788,1.4988010832439613e-14,0.11940408590039621,0.11940408590039286,3.344546861683284e-15
756,3.984595298001036,1.6602480408337634,1.6602480408337652,1.7763568394002505e-15,1.1332094783373368,1.1332094783373392,2.4424906541753444e-15,0.40704285325917616,0.40704285325917705,8.881784197001252e-16,0.08116865061291377,0.08116865061291412,3.469446951953614e-16,0.008522746773225927,0.008522746773225964,3.642919299551295e-17
757,6.210926785544128,2.5878861606433907,2.5878861606433867,3.9968028886505635e-15,2.5722737971175933,2.5722737971175835,9.769962616701378e-15,1.204793517494584,1.2047935174945743,9.769962616701378e-15,0.2570422413677204,0.25704224136771625,4.163336342344337e-15,0.019240187723066765,0.019240187723066047,7.181755190543981e-16
758,4.0680130848797456,1.6950054520332296,1.6950054520332272,2.4424906541753444e-15,1.1556540986782173,1.1556540986782136,3.774758283725532e-15,0.4031539862857913,0.4031539862857893,1.9984014443252818e-15,0.07533987058018696,0.07533987058018655,4.0245584642661925e-16,0.007099336735303374,0.007099336735303318,5.637851296924623e-17
759,0.63118665977358,0.2629944415723252,0.262994441572325,2.220446049250313e-16,0.027456052496525003,0.027456052496524955,4.85722573273506e-17,0.0014457893168408208,0.0014457893168408156,5.204170427930421e-18,4.018648837838925e-05,4.018648837838911e-05,1.3552527156068805e-19,5.548891027034586e-07,5.548891027034554e-07,3.1763735522036263e-21
760,3.8516115096582384,1.6048381290242653,1.604838129024266,6.661338147750939e-16,0.9928889110585704,0.9928889110585709,5.551115123125783e-16,0.29187962587589145,0.29187962587589183,3.885780586188048e-16,0.039941284984029,0.03994128498402915,1.5265566588595902e-16,0.00206358860296805,0.0020635886029680595,9.540979117872439e-18
761,6.630651586635082,2.762771494431279,2.762771494431285,6.217248937900877e-15,3.0062854998988144,3.006285499898829,1.4654943925052066e-14,1.619492439665017,1.6194924396650303,1.3322676295501878e-14,0.4432319050937713,0.44323190509377747,6.161737786669619e-15,0.056357600359378014,0.056357600359379235,1.2212453270876722e-15
762,2.745955696431131,1.1441482068463045,1.1441482068463047,2.220446049250313e-16,0.5215095634832867,0.5215095634832867,0.0,0.12023395050423624,0.12023395050423628,4.163336342344337e-17,0.014646155684049835,0.014646155684049847,1.214306433183765e-17,0.0008851385790044522,0.0008851385790044536,1.4094628242311558e-18
763,2.6566032506512287,1.1069180211046812,1.1069180211046787,2.4424906541753444e-15,0.4797809354245418,0.4797809354245394,2.3869795029440866e-15,0.101861971052675,0.10186197105267401,9.853229343548264e-16,0.010763901925207058,0.010763901925206891,1.6653345369377348e-16,0.0005079656072609047,0.0005079656072608925,1.22514845490862e-17
764,4.7235179389348145,1.9681324745561724,1.9681324745561728,4.440892098500626e-16,1.583632610697718,1.5836326106977188,6.661338147750939e-16,0.6654208071509778,0.6654208071509782,3.3306690738754696e-16,0.15365405990264258,0.15365405990264264,5.551115123125783e-17,0.01845054095351599,0.018450540953515972,1.734723475976807e-17
765,5.7124383108157275,2.380182629506549,2.3801826295065536,4.440892098500626e-15,2.2551757052184653,2.2551757052184747,9.325873406851315e-15,1.0753537310410224,1.0753537310410284,5.995204332975845e-15,0.2676003259579435,0.2676003259579462,2.7200464103316335e-15,0.032311009562460184,0.03231100956246057,3.885780586188048e-16
766,5.102598795039418,2.1260828312664253,2.126082831266424,1.3322676295501878e-15,1.7779542453665802,1.7779542453665778,2.4424906541753444e-15,0.7329840351674424,0.7329840351674407,1.6653345369377348e-15,0.15197428723649817,0.1519742872364975,6.661338147750939e-16,0.014332290897497449,0.014332290897497343,1.0581813203458523e-16
767,5.401053384068158,2.2504389100284,2.2504389100283997,4.440892098500626e-16,1.9341049085530306,1.934104908553028,2.6645352591003757e-15,0.7728629096491599,0.7728629096491567,3.219646771412954e-15,0.13544197791911144,0.13544197791910992,1.5265566588595902e-15,0.007091330047261472,0.007091330047261215,2.5760643618255585e-16
768,2.026958508581836,0.8445660452424321,0.8445660452424316,4.440892098500626e-16,0.27292732459675223,0.2729273245967519,3.3306690738754696e-16,0.04124302792991825,0.04124302792991807,1.8041124150158794e-16,0.002783596301995039,0.002783596301995016,2.2985086056692694e-17,6.117152729515126e-05,6.117152729514991e-05,1.3417001884508117e-18
769,3.1567949216587063,1.3153312173577953,1.315331217357794,1.3322676295501878e-15,0.6901980465885885,0.6901980465885871,1.4432899320127035e-15,0.1828505181425727,0.18285051814257205,6.38378239159465e-16,0.025403268987418758,0.02540326898741858,1.7694179454963432e-16,0.0017247658976320714,0.0017247658976320519,1.951563910473908e-17
770,1.221413131152362,0.5089221379801503,0.5089221379801507,4.440892098500626e-16,0.10290050739775289,0.10290050739775307,1.8041124150158794e-16,0.010464671654887557,0.010464671654887596,3.8163916471489756e-17,0.0005564747636380646,0.0005564747636380677,3.0357660829594124e-18,1.4439108046158605e-05,1.4439108046158719e-05,1.1350241493207625e-19
771,11.710810503399411,4.879504376416414,4.879504376416422,7.993605777301127e-15,9.345750338219384,9.345750338219414,3.019806626980426e-14,8.838854197980467,8.83885419798052,5.3290705182007514e-14,4.244733961436941,4.244733961436984,4.3520742565306136e-14,0.9499671045079668,0.9499671045079774,1.0547118733938987e-14
772,3.4423826959367254,1.434326123306969,1.434326123306969,0.0,0.7826471213156094,0.7826471213156092,2.220446049250313e-16,0.19713848489805383,0.19713848489805344,3.885780586188048e-16,0.021374614879140708,0.021374614879140618,9.020562075079397e-17,0.0006313983859539957,0.0006313983859539846,1.1058862159352145e-17
773,4.1694549612730505,1.7372729005304368,1.737272900530438,1.1102230246251565e-15,1.239565527055072,1.2395655270550734,1.3322676295501878e-15,0.4651305708320502,0.4651305708320514,1.1657341758564144e-15,0.09687035800596261,0.09687035800596291,3.0531133177191805e-16,0.010624818197287361,0.010624818197287385,2.42861286636753e-17
774,1.83328633853455,0.7638693077227288,0.7638693077227292,4.440892098500626e-16,0.2228653986991634,0.22286539869916377,3.885780586188048e-16,0.03022168619882496,0.03022168619882509,1.2836953722228372e-16,0.001793587257523169,0.0017935872575231898,2.0816681711721685e-17,3.141374664696954e-05,3.141374664697069e-05,1.1519648082658485e-18
775,1.0839470006521563,0.45164458360506443,0.4516445836050652,7.771561172376096e-16,0.08409330221259319,0.08409330221259341,2.220446049250313e-16,0.008253246176152368,0.00825324617615241,4.163336342344337e-17,0.00044979440129823043,0.00044979440129823373,3.3068166260807885e-18,1.2892696047524207e-05,1.2892696047524322e-05,1.1519648082658485e-19
776,0.27636768172376247,0.1151532007182345,0.11515320071823436,1.3877787807814457e-16,0.005065204185978854,0.005065204185978835,1.9081958235744878e-17,0.00010383652944471101,0.00010383652944471039,6.2341624917916505e-19,9.424759276869521e-07,9.424759276869399e-07,1.2176098616780567e-20,2.685991004454967e-09,2.685991004454888e-09,7.899574849881414e-23
777,2.0649810808647033,0.8604087836936278,0.8604087836936265,1.3322676295501878e-15,0.28100989001065113,0.2810098900106499,1.2212453270876722e-15,0.042056552030399486,0.04205655203039906,4.2327252813834093e-16,0.0026386731125752298,0.0026386731125751747,5.5077470362263625e-17,3.76681894158005e-05,3.766818941579747e-05,3.028989819381378e-18
778,3.9411101592278066,1.6421292330115889,1.6421292330115862,2.6645352591003757e-15,1.0932601648515372,1.0932601648515334,3.774758283725532e-15,0.37648609933433075,0.37648609933432875,1.9984014443252818e-15,0.07048949801388066,0.07048949801388017,4.85722573273506e-16,0.006782757106677792,0.006782757106677724,6.765421556309548e-17
779,1.227469330518339,0.5114455543826406,0.5114455543826413,6.661338147750939e-16,0.1046403115151486,0.10464031151514881,2.0816681711721685e-16,0.010878655699225387,0.010878655699225425,3.8163916471489756e-17,0.0006005158996409537,0.000600515899640957,3.3610267347050637e-18,1.653275269491999e-05,1.653275269492006e-05,7.115076756936123e-20
780,4.021963859396806,1.6758182747486647,1.675818274748669,4.218847493575595e-15,1.106756909579814,1.1067569095798204,6.439293542825908e-15,0.36320103618139077,0.36320103618139415,3.3861802251067274e-15,0.06115586709570903,0.06115586709571004,1.0130785099704553e-15,0.0048819573687269345,0.004881957368727045,1.1015494072452725e-16
781,2.128935315819853,0.8870563815916066,0.8870563815916055,1.1102230246251565e-15,0.3088277949455633,0.3088277949455624,8.881784197001252e-16,0.05307716948762212,0.05307716948762185,2.636779683484747e-16,0.004629336601894709,0.004629336601894677,3.209238430557093e-17,0.0001879524772989551,0.00018795247729895353,1.5720931501039814e-18
782,3.612723023403031,1.5053012597512647,1.505301259751263,1.7763568394002505e-15,0.8761040924083079,0.8761040924083052,2.6645352591003757e-15,0.24403416713110498,0.24403416713110354,1.4432899320127035e-15,0.032243686532711195,0.032243686532710814,3.8163916471489756e-16,0.0017025500145933692,0.0017025500145933284,4.0766001685454967e-17
783,0.4077431017720968,0.1698929590717072,0.16989295907170704,1.6653345369377348e-16,0.011731606740468557,0.01173160674046853,2.6020852139652106e-17,0.0004202663481844936,0.00042026634818449234,1.2468324983583301e-18,8.213162258514432e-06,8.213162258514395e-06,3.7269449679189215e-20,8.280292245362554e-08,8.280292245362512e-08,4.235164736271502e-22
784,1.3480964289062212,0.5617068453775931,0.5617068453775922,8.881784197001252e-16,0.11991565940125766,0.11991565940125715,5.134781488891349e-16,0.011777137708506108,0.011777137708505995,1.1275702593849246e-16,0.000491714482460635,0.0004917144824606256,9.432558900623889e-18,5.165570441428161e-06,5.1655704414278134e-06,3.4728350837426314e-19
785,4.57458079392641,1.9060753308026686,1.906075330802671,2.4424906541753444e-15,1.4869973238618068,1.4869973238618106,3.774758283725532e-15,0.6069113937383881,0.6069113937383898,1.6653345369377348e-15,0.13650051394038537,0.1365005139403861,7.216449660063518e-16,0.01602256031671097,0.01602256031671107,9.71445146547012e-17
786,7.239207352149914,3.016336396729135,3.016336396729131,3.9968028886505635e-15,3.5757871309918503,3.5757871309918396,1.0658141036401503e-14,2.091420638708138,2.091420638708127,1.1102230246251565e-14,0.617796576827798,0.6177965768277931,4.884981308350689e-15,0.08390781225464283,0.08390781225464189,9.43689570931383e-16
787,3.7903979518232926,1.579332479926373,1.579332479926372,1.1102230246251565e-15,0.9601620722203983,0.9601620722203964,1.887379141862766e-15,0.2768213872466143,0.27682138724661326,1.0547118733938987e-15,0.03703167012659659,0.0370316701265963,2.914335439641036e-16,0.0018559835300009499,0.0018559835300009213,2.862293735361732e-17
788,3.2649194431609097,1.3603831013170469,1.3603831013170458,1.1102230246251565e-15,0.7106260831379341,0.7106260831379323,1.7763568394002505e-15,0.1742985393522686,0.17429853935226758,1.0269562977782698e-15,0.019204249822699655,0.019204249822699394,2.6020852139652106e-16,0.0006985779171989401,0.0006985779171989144,2.5695591487906455e-17
789,3.5103198373147584,1.4626332655478143,1.462633265547816,1.7763568394002505e-15,0.8527224159028428,0.8527224159028448,1.9984014443252818e-15,0.25223799856663376,0.2522379985666348,1.0547118733938987e-15,0.03971099309809478,0.03971099309809505,2.706168622523819e-16,0.003139820839990894,0.003139820839990925,3.122502256758253e-17
790,2.7469071929112765,1.1445446637130334,1.1445446637130319,1.5543122344752192e-15,0.5145843358837041,0.5145843358837021,1.9984014443252818e-15,0.11439018658618867,0.11439018658618788,7.91033905045424e-16,0.012942150803346751,0.012942150803346614,1.3704315460216776e-16,0.0006851648871274767,0.0006851648871274645,1.214306433183765e-17
791,4.598462964592487,1.9160262352468693,1.9160262352468698,4.440892098500626e-16,1.4676705869341626,1.467670586934163,4.440892098500626e-16,0.5731387758838353,0.5731387758838354,1.1102230246251565e-16,0.11999164605159421,0.11999164605159417,4.163336342344337e-17,0.012742163829161263,0.012742163829161251,1.214306433183765e-17
792,1.1508373513867933,0.47951556307783066,0.4795155630778306,5.551115123125783e-17,0.08988506127224644,0.08988506127224638,5.551115123125783e-17,0.008250690682900044,0.008250690682900026,1.734723475976807e-17,0.00037808004958982626,0.000378080049589825,1.2468324983583301e-18,7.81250737058672e-06,7.812507370586677e-06,4.404571325722362e-20
793,2.5269368357377853,1.0528903482240792,1.052890348224077,2.220446049250313e-15,0.44859065013052574,0.4485906501305238,1.942890293094024e-15,0.09857077228016194,0.09857077228016124,6.938893903907228e-16,0.011725195845573171,0.01172519584557306,1.1102230246251565e-16,0.0007126831407245455,0.0007126831407245367,8.782037597132586e-18
794,8.155625686333542,3.398177369305647,3.398177369305643,3.9968028886505635e-15,4.480834365477076,4.48083436547706,1.5987211554602254e-14,2.8475948365338484,2.8475948365338284,1.9984014443252818e-14,0.8719449056245705,0.871944905624559,1.1546319456101628e-14,0.11106757240729757,0.11106757240729476,2.8171909249863347e-15
795,2.4428657592391145,1.017860733016295,1.0178607330162979,2.886579864025407e-15,0.39125560260390946,0.39125560260391207,2.609024107869118e-15,0.0681965764775872,0.06819657647758816,9.575673587391975e-16,0.004826607135861905,0.0048266071358620665,1.6132928326584306e-16,5.903659983781885e-05,5.9036599837828966e-05,1.0116961522005363e-17
796,5.027757137807001,2.094898807419584,2.094898807419584,0.0,1.7139870632372096,1.7139870632372087,8.881784197001252e-16,0.6838421805088108,0.6838421805088098,9.992007221626409e-16,0.13464933446706295,0.13464933446706256,3.885780586188048e-16,0.011638733467818423,0.011638733467818352,7.112366251504909e-17
797,1.5352182794759495,0.6396742831149785,0.6396742831149789,3.3306690738754696e-16,0.16820059152660957,0.1682005915266098,2.220446049250313e-16,0.0232528994020742,0.02325289940207424,3.8163916471489756e-17,0.0017812178812726385,0.0017812178812726422,3.686287386450715e-18,7.164175219166266e-05,7.164175219166283e-05,1.6263032587282567e-19
798,10.815345929242621,4.506394137184417,4.506394137184426,8.881784197001252e-15,8.035284712031016,8.035284712031048,3.197442310920451e-14,7.184020310797692,7.184020310797737,4.529709940470639e-14,3.355598287746683,3.355598287746714,3.108624468950438e-14,0.7665032459929396,0.7665032459929498,1.021405182655144e-14
799,3.3067889176093654,1.3778287156705706,1.3778287156705689,1.7763568394002505e-15,0.7400480863724703,0.7400480863724676,2.7755575615628914e-15,0.19327289320249819,0.19327289320249674,1.4432899320127035e-15,0.024782709671262115,0.024782709671261803,3.122502256758253e-16,0.0013808396410447262,0.0013808396410446913,3.491130995403324e-17
800,4.513482514897551,1.8806177145406455,1.8806177145406462,6.661338147750939e-16,1.4479538882564071,1.4479538882564074,2.220446049250313e-16,0.5838270780864865,0.5838270780864866,1.1102230246251565e-16,0.12996045416722865,0.1299604541672288,1.3877787807814457e-16,0.015139056517919042,0.015139056517919046,3.469446951953614e-18
801,5.006219746198502,2.0859248942493793,2.085924894249376,3.1086244689504383e-15,1.761618953794562,1.7616189537945557,6.217248937900877e-15,0.7685394776182768,0.7685394776182721,4.6629367034256575e-15,0.1820832922410025,0.1820832922410011,1.4155343563970746e-15,0.02214973637552049,0.022149736375520236,2.5326962749261384e-16
802,8.297445364497188,3.4572689018738316,3.457268901873828,3.552713678800501e-15,4.65142901298649,4.65142901298648,1.0658141036401503e-14,3.0370667540545933,3.037066754054579,1.4210854715202004e-14,0.9714886571675476,0.9714886571675404,7.216449660063518e-15,0.13465033790353748,0.13465033790353573,1.7486012637846216e-15
803,10.78726560075108,4.494694000312958,4.4946940003129505,7.105427357601002e-15,7.603362484017122,7.603362484017091,3.108624468950438e-14,5.776618059077558,5.776618059077503,5.5067062021407764e-14,1.7181937124307296,1.7181937124306907,3.885780586188048e-14,0.0505507383863584,0.05055073838634805,1.0352829704629585e-14
804,2.784067474790291,1.1600281144959521,1.1600281144959546,2.4424906541753444e-15,0.5172171036579635,0.5172171036579657,2.220446049250313e-15,0.10895976041754282,0.10895976041754378,9.575673587391975e-16,0.010546088394511873,0.010546088394512041,1.682681771697503e-16,0.00036998682457767187,0.00036998682457768537,1.349831704744453e-17
805,6.705579314052106,2.793991380855049,2.793991380855045,3.9968028886505635e-15,3.1035964283239363,3.1035964283239252,1.1102230246251565e-14,1.7332121244360794,1.7332121244360699,9.547918011776346e-15,0.5048269016787266,0.5048269016787227,3.885780586188048e-15,0.07135129350530654,0.0713512935053057,8.465450562766819e-16
806,2.2650064168724815,0.9437526736968656,0.9437526736968674,1.887379141862766e-15,0.35209701059439025,0.35209701059439186,1.609823385706477e-15,0.06551000549220759,0.06551000549220808,4.85722573273506e-16,0.006280869068778958,0.006280869068779034,7.632783294297951e-17,0.00028702189174434345,0.00028702189174434914,5.692061405548898e-18
807,0.3810070897097946,0.15875295404574769,0.15875295404574774,5.551115123125783e-17,0.010464569801853646,0.010464569801853653,6.938893903907228e-18,0.00036664506535901277,0.0003666450653590131,3.2526065174565133e-19,7.202147972782039e-06,7.202147972782051e-06,1.1858461261560205e-20,7.521292660368183e-08,7.521292660368186e-08,2.6469779601696886e-23
808,0.7203316598788746,0.30013819161619837,0.30013819161619776,6.106226635438361e-16,0.03521138371348161,0.03521138371348142,1.942890293094024e-16,0.002010906828764939,0.002010906828764919,1.9949319973733282e-17,5.6235368915841905e-05,5.6235368915841e-05,9.0801931945661e-19,6.753483599163468e-07,6.753483599163267e-07,2.0117032497289633e-20
809,5.84852200647415,2.436884169364231,2.4368841693642294,1.7763568394002505e-15,2.3102757551950432,2.3102757551950397,3.552713678800501e-15,1.0604517388764836,1.0604517388764807,2.886579864025407e-15,0.23673618851206854,0.2367361885120673,1.2490009027033011e-15,0.022464545885080928,0.022464545885080758,1.700029006457271e-16
810,8.03892430320151,3.349551793000631,3.3495517930006296,1.3322676295501878e-15,4.349294267381212,4.349294267381204,7.993605777301127e-15,2.717938038382794,2.7179380383827847,9.325873406851315e-15,0.8163415005699903,0.8163415005699852,5.10702591327572e-15,0.10145349476837523,0.10145349476837405,1.1796119636642288e-15
811,3.2307930800779,1.3461637833657933,1.3461637833657916,1.7763568394002505e-15,0.7221267246646195,0.7221267246646174,2.1094237467877974e-15,0.19619172791147366,0.19619172791147263,1.0269562977782698e-15,0.02824792805977068,0.02824792805977043,2.498001805406602e-16,0.0020280868531560815,0.002028086853156059,2.2551405187698492e-17
812,1.3562661070245061,0.5651108779268773,0.5651108779268775,2.220446049250313e-16,0.12685978860658376,0.12685978860658384,8.326672684688674e-17,0.014258076335472963,0.014258076335472984,2.0816681711721685e-17,0.0008273296654992958,0.0008273296654992971,1.3010426069826053e-18,2.2845611141194497e-05,2.2845611141194606e-05,1.0842021724855044e-19
813,7.078476852655498,2.94936535527313,2.949365355273124,5.773159728050814e-15,3.4727331627511924,3.472733162751175,1.7319479184152442e-14,2.0698829358652473,2.069882935865231,1.6431300764452317e-14,0.6508078100564532,0.6508078100564454,7.771561172376096e-15,0.1010395589442692,0.10103955894426751,1.6930901125533637e-15
814,1.6739214904244621,0.6974672876768601,0.6974672876768593,7.771561172376096e-16,0.19305977819865194,0.19305977819865136,5.828670879282072e-16,0.026705343714773056,0.02670534371477293,1.249000902703301e-16,0.0019003864359231548,0.0019003864359231396,1.5178830414797062e-17,6.395007229359918e-05,6.395007229359831e-05,8.673617379884035e-19
815,2.537309907443864,1.057212461434945,1.0572124614349434,1.5543122344752192e-15,0.4480013907856833,0.44800139078568174,1.5543122344752192e-15,0.09629969055063353,0.09629969055063296,5.689893001203927e-16,0.010904646300983168,0.01090464630098308,8.847089727481716e-17,0.0006059427763093851,0.0006059427763093774,7.697835424647081e-18
816,3.7460872793642226,1.5608696997350902,1.5608696997350926,2.4424906541753444e-15,0.9665085588253942,0.9665085588253974,3.219646771412954e-15,0.2997175336450413,0.2997175336450428,1.4988010832439613e-15,0.04814611002979366,0.04814611002979398,3.191891195797325e-16,0.0037113212216690907,0.0037113212216691267,3.599551212651875e-17
817,8.529583590380199,3.553993162658413,3.5539931626584167,3.552713678800501e-15,4.898416523085924,4.898416523085935,1.0658141036401503e-14,3.2524236302356284,3.252423630235644,1.554312234475219e-14,1.0404178214709277,1.0404178214709376,9.992007221626409e-15,0.13856514422575797,0.13856514422576086,2.886579864025407e-15
818,1.6357019482829944,0.6815424784512492,0.6815424784512477,1.4432899320127035e-15,0.18606947761657489,0.18606947761657402,8.604228440844963e-16,0.026041228807648767,0.026041228807648562,2.0469737016526324e-16,0.0019748572559056036,0.001974857255905583,2.0383000842727483e-17,7.715484692600058e-05,7.715484692599955e-05,1.0299920638612292e-18
819,1.5792178630981062,0.6580074429575447,0.6580074429575442,4.440892098500626e-16,0.17258565170967732,0.172585651709677,3.3306690738754696e-16,0.022881620256063516,0.022881620256063415,1.0061396160665481e-16,0.0015984960395705225,0.0015984960395705118,1.0625181290357943e-17,5.5102534999765554e-05,5.510253499976502e-05,5.353248226647178e-19
820,0.7371506729312602,0.3071461137213589,0.3071461137213584,4.996003610813204e-16,0.03708235153456982,0.03708235153456968,1.3877787807814457e-16,0.002207191364973384,0.00220719136497337,1.3877787807814457e-17,6.617365798479196e-05,6.617365798479128e-05,6.776263578034403e-19,9.064579424120404e-07,9.064579424120271e-07,1.3234889800848443e-20
821,5.094927621404945,2.122886508918727,2.1228865089187265,4.440892098500626e-16,1.7675511594934261,1.7675511594934246,1.5543122344752192e-15,0.7248249332234602,0.7248249332234588,1.4432899320127035e-15,0.14997976654065936,0.149979766540659,3.608224830031759e-16,0.014278126757348523,0.014278126757348427,9.540979117872439e-17
822,3.4876498284643676,1.4531874285268178,1.4531874285268198,1.9984014443252818e-15,0.8453464276334359,0.8453464276334384,2.4424906541753444e-15,0.2497829080996019,0.24978290809960318,1.27675647831893e-15,0.03910577002831392,0.039105770028314224,3.0531133177191805e-16,0.0030401733559999432,0.003040173355999978,3.469446951953614e-17
823,8.8271818996698,3.677992458195751,3.6779924581957495,1.3322676295501878e-15,5.114678769284368,5.114678769284362,6.217248937900877e-15,3.230427926151192,3.2304279261511852,6.661338147750939e-15,0.8312964019819679,0.8312964019819631,4.773959005888173e-15,0.03800610783677971,0.03800610783677851,1.2004286453759505e-15
824,3.4940133688380577,1.4558389036825266,1.455838903682524,2.4424906541753444e-15,0.8147213011150964,0.8147213011150927,3.774758283725532e-15,0.2155362739612256,0.21553627396122377,1.8318679906315083e-15,0.02624361777541879,0.026243617775418383,4.0592529337857286e-16,0.0011657800881040294,0.0011657800881039906,3.881443777498106e-17
825,3.4540038599906793,1.4391682749961165,1.4391682749961163,2.220446049250313e-16,0.8064244734269435,0.8064244734269436,1.1102230246251565e-16,0.2195346389310102,0.21953463893101044,2.498001805406602e-16,0.029350026080953842,0.029350026080953932,9.020562075079397e-17,0.0017095154331339256,0.0017095154331339363,1.0625181290357943e-17
826,2.0321910808577126,0.8467462836907143,0.8467462836907135,7.771561172376096e-16,0.2879656590589329,0.2879656590589323,6.106226635438361e-16,0.04984112756302438,0.04984112756302426,1.249000902703301e-16,0.004568802708849134,0.004568802708849116,1.8214596497756474e-17,0.00020720252743237054,0.00020720252743236994,5.963111948670274e-19
827,2.227151208410097,0.9279796701708733,0.9279796701708737,3.3306690738754696e-16,0.3373065328715414,0.3373065328715415,1.1102230246251565e-16,0.060065289610825356,0.060065289610825356,0.0,0.005322642282787185,0.005322642282787187,1.734723475976807e-18,0.00021043964736948618,0.00021043964736948607,1.0842021724855044e-19
828,5.395158035323898,2.2479825147182924,2.2479825147182906,1.7763568394002505e-15,1.9172142717614773,1.917214271761474,3.3306690738754696e-15,0.7497150951944389,0.7497150951944364,2.55351295663786e-15,0.12350019956098059,0.12350019956098005,5.412337245047638e-16,0.004833482482984281,0.004833482482984163,1.1796119636642288e-16
829,3.3662526143341385,1.4026052559725597,1.4026052559725577,1.9984014443252818e-15,0.7422348424489247,0.7422348424489219,2.7755575615628914e-15,0.17733145179088067,0.17733145179087936,1.304512053934559e-15,0.016881508399551905,0.016881508399551593,3.122502256758253e-16,0.000215181225644366,0.0002151812256443399,2.610216730258852e-17
830,5.0349684254181835,2.0979035105909096,2.0979035105909096,0.0,1.7609807418461554,1.7609807418461558,4.440892098500626e-16,0.7510730475734293,0.7510730475734296,3.3306690738754696e-16,0.17001710851378496,0.17001710851378496,0.0,0.01917646236205741,0.019176462362057452,4.163336342344337e-17
831,8.780175201281759,3.658406333867392,3.6584063338673998,7.993605777301127e-15,5.156417151509552,5.156417151509577,2.4868995751603507e-14,3.452981536325344,3.452981536325377,3.2862601528904634e-14,1.0779415950159117,1.0779415950159332,2.1538326677728037e-14,0.12793595835835608,0.12793595835836125,5.162537064506978e-15
832,3.077960917542166,1.2824837156425708,1.2824837156425692,1.5543122344752192e-15,0.6526968913262778,0.6526968913262761,1.7763568394002505e-15,0.1663830939071253,0.16638309390712447,8.326672684688674e-16,0.02196803505578502,0.021968035055784853,1.6653345369377348e-16,0.0013910110018660147,0.0013910110018659997,1.496198998029996e-17
833,3.4375576243705974,1.432315676821084,1.4323156768210823,1.7763568394002505e-15,0.7946799243581211,0.7946799243581187,2.3314683517128287e-15,0.21192349499933252,0.2119234949993314,1.1102230246251565e-15,0.027094111055310503,0.027094111055310274,2.2898349882893854e-16,0.001424733151557902,0.0014247331515578818,2.0166160408230382e-17
834,2.2836282311464524,0.9515117629776884,0.9515117629776887,3.3306690738754696e-16,0.3569458933696851,0.35694589336968546,3.885780586188048e-16,0.06666957798478118,0.06666957798478126,8.326672684688674e-17,0.006421692140453347,0.006421692140453365,1.734723475976807e-17,0.00029612729378022793,0.00029612729378022923,1.3010426069826053e-18
835,3.7731155276979247,1.5721314698741349,1.5721314698741353,4.440892098500626e-16,0.9773047984750092,0.9773047984750096,4.440892098500626e-16,0.3041989772658609,0.3041989772658616,6.661338147750939e-16,0.049337067914700265,0.04933706791470038,1.1796119636642288e-16,0.003896433385716163,0.00389643338571618,1.691355389077387e-17
836,3.922421767800065,1.6343424032500267,1.6343424032500273,6.661338147750939e-16,1.0254565135959415,1.0254565135959417,2.220446049250313e-16,0.30260473921525377,0.30260473921525355,2.220446049250313e-16,0.040412304619410484,0.04041230461941048,6.938893903907228e-18,0.0018443485591051177,0.0018443485591051131,4.553649124439119e-18
837,5.20043312560631,2.1668471356693013,2.166847135669296,5.329070518200751e-15,1.8482381530909715,1.8482381530909606,1.0880185641326534e-14,0.777941317055244,0.7779413170552355,8.548717289613705e-15,0.16490223340808657,0.1649022334080836,2.9698465908722937e-15,0.015932199513869517,0.015932199513869056,4.614364446098307e-16
838,4.015330369893419,1.673054320788927,1.6730543207889246,2.4424906541753444e-15,1.1182964917442553,1.1182964917442515,3.774758283725532e-15,0.37787889697264326,0.377878896972641,2.275957200481571e-15,0.06702533721030506,0.06702533721030451,5.412337245047638e-16,0.005812504679535835,0.0058125046795357614,7.37257477290143e-17
839,7.030222941059749,2.929259558774894,2.9292595587748953,1.3322676295501878e-15,3.266829079408209,3.266829079408211,2.220446049250313e-15,1.684824570208381,1.6848245702083817,6.661338147750939e-16,0.37601090521097685,0.3760109052109766,2.7755575615628914e-16,0.023536345230550607,0.02353634523055041,1.97758476261356e-16
840,2.9745867474968324,1.2394111447903478,1.2394111447903469,8.881784197001252e-16,0.5981387450914659,0.5981387450914645,1.4432899320127035e-15,0.13991622211186244,0.1399162221118619,5.551115123125783e-16,0.015943633957806725,0.015943633957806583,1.4224732503009818e-16,0.0007745134607309383,0.0007745134607309225,1.5829351718288365e-17
841,1.0803449049731984,0.4501437104055005,0.45014371040549933,1.1657341758564144e-15,0.0787233018087522,0.0787233018087517,4.996003610813204e-16,0.006656001476567915,0.006656001476567839,7.632783294297951e-17,0.00027325618389071774,0.0002732561838907127,5.041540102057596e-18,4.759192647814296e-06,4.759192647814133e-06,1.6347735882007997e-19
842,5.956728075838561,2.4819700315994058,2.481970031599401,4.884981308350689e-15,2.428868169902058,2.4288681699020445,1.3322676295501878e-14,1.17758551459248,1.177585514592471,9.103828801926284e-15,0.29003971036056087,0.29003971036055703,3.83026943495679e-15,0.03313883927547149,0.033138839275470816,6.730727086790012e-16
843,6.355483417446792,2.648118090602834,2.6481180906028303,3.552713678800501e-15,2.694012618489908,2.6940126184898974,1.0658141036401503e-14,1.2922446897825766,1.2922446897825692,7.327471962526033e-15,0.2828345558524066,0.28283455585240297,3.608224830031759e-15,0.021858373591797847,0.021858373591797264,5.828670879282072e-16
844,3.0035533271091053,1.2514805529621287,1.2514805529621273,1.3322676295501878e-15,0.6358710857785369,0.6358710857785352,1.6653345369377348e-15,0.16751459332156138,0.16751459332156068,6.938893903907228e-16,0.02407992744442204,0.024079927444421903,1.3530843112619095e-16,0.00178764304783879,0.0017876430478387783,1.1709383462843448e-17
845,0.9062574039311644,0.3776072516379847,0.3776072516379852,4.996003610813204e-16,0.05523379122074217,0.05523379122074231,1.3877787807814457e-16,0.0038833869616862774,0.003883386961686294,1.6479873021779667e-17,0.00013089659361128228,0.00013089659361128301,7.318364664277155e-19,1.8146724144091502e-06,1.8146724144091642e-06,1.3976043629695956e-20
846,0.06778931810954522,0.02824554921231051,0.02824554921231051,0.0,0.00031319970785294293,0.00031319970785294277,1.6263032587282567e-19,1.7066768409684244e-06,1.7066768409684214e-06,2.964615315390051e-21,4.650461770441333e-09,4.650461770441323e-09,9.926167350636332e-24,5.701814208152843e-12,5.701814208152803e-12,4.0389678347315804e-26
847,3.5863318142351623,1.494304922597986,1.4943049225979843,1.7763568394002505e-15,0.8775011321172025,0.8775011321172005,1.9984014443252818e-15,0.2535497986334502,0.2535497986334495,6.661338147750939e-16,0.03669768546989383,0.036697685469893694,1.3877787807814457e-16,0.0023961853486146397,0.0023961853486146266,1.3010426069826053e-17
848,2.4211527594896625,1.008813649787359,1.0088136497873594,4.440892098500626e-16,0.39475483485653673,0.39475483485653695,2.220446049250313e-16,0.07418404011607563,0.07418404011607563,0.0,0.006638688232142618,0.006638688232142614,3.469446951953614e-18,0.0002386527396932952,0.00023865273969329506,1.3552527156068805e-19
849,0.33808473848620274,0.14086864103591787,0.14086864103591784,2.7755575615628914e-17,0.007972727765518654,0.007972727765518647,6.938893903907228e-18,0.00023212631160647875,0.00023212631160647842,3.2526065174565133e-19,3.6761007419286635e-06,3.676100741928658e-06,5.505714157152952e-21,3.0112607410084394e-08,3.011260741008436e-08,3.3087224502121107e-23
850,5.7979285404253265,2.4158035585105555,2.415803558510553,2.6645352591003757e-15,2.2906859477039587,2.290685947703953,5.773159728050814e-15,1.0711138154049018,1.071113815404896,5.773159728050814e-15,0.2533015135450797,0.2533015135450778,1.887379141862766e-15,0.027673935414252598,0.027673935414252317,2.8102520310824275e-16
851,1.446931817752135,0.6028882573967229,0.6028882573967228,1.1102230246251565e-16,0.14502814907926986,0.1450281490792698,5.551115123125783e-17,0.017761264505488126,0.01776126450548812,6.938893903907228e-18,0.0011659403321778884,0.0011659403321778877,6.505213034913027e-19,3.886424722968356e-05,3.886424722968354e-05,2.0328790734103208e-20
852,1.3285179058745522,0.5535491274477304,0.5535491274477301,3.3306690738754696e-16,0.11774775009676755,0.1177477500967673,2.498001805406602e-16,0.01182500145094853,0.01182500145094848,5.0306980803327406e-17,0.0005442881973512774,0.0005442881973512729,4.553649124439119e-18,9.0002018657615e-06,9.000201865761347e-06,1.5246593050577406e-19
853,1.7816915984082515,0.7423714993367715,0.7423714993367716,1.1102230246251565e-16,0.20863131434830762,0.2086313143483076,2.7755575615628914e-17,0.026739003261159293,0.026739003261159237,5.551115123125783e-17,0.001418184178203616,0.00141818417820361,6.071532165918825e-18,1.557273725942055e-05,1.557273725942013e-05,4.2012834183813297e-19
854,4.159116932328501,1.7329653884702079,1.7329653884702083,4.440892098500626e-16,1.1899139066948747,1.189913906694875,2.220446049250313e-16,0.41069268898808353,0.4106926889880838,2.7755575615628914e-16,0.07437592921464843,0.07437592921464856,1.249000902703301e-16,0.006631040076712123,0.00663104007671213,6.938893903907228e-18
855,10.468723446967573,4.361968102903157,4.361968102903155,1.7763568394002505e-15,7.464621081734045,7.464621081734043,1.7763568394002505e-15,6.2572694715920045,6.257269471592003,1.7763568394002505e-15,2.5994399072822287,2.599439907282229,4.440892098500626e-16,0.47567234226067723,0.475672342260679,1.7763568394002505e-15
856,1.8683835714304868,0.7784931547627043,0.7784931547627028,1.5543122344752192e-15,0.24091887406444912,0.24091887406444806,1.0547118733938987e-15,0.037478447227100295,0.03747844722710004,2.5673907444456745e-16,0.003040555915736211,0.003040555915736174,3.729655473350135e-17,0.00011969122441931361,0.00011969122441931145,2.15485181781494e-18
857,4.505245240548787,1.8771855168953286,1.8771855168953278,8.881784197001252e-16,1.3858500457113512,1.3858500457113492,1.9984014443252818e-15,0.5068115833122255,0.5068115833122242,1.3322676295501878e-15,0.0946297876784954,0.09462978767849489,5.134781488891349e-16,0.008311062923091654,0.00831106292309159,6.418476861114186e-17
858,4.01676827439689,1.673653447665367,1.6736534476653708,3.774758283725532e-15,1.0566952600207242,1.0566952600207298,5.551115123125783e-15,0.30137047971242625,0.30137047971243003,3.774758283725532e-15,0.0343621809698226,0.03436218096982357,9.645062526431047e-16,0.000554548082473105,0.0005545480824732161,1.1102230246251565e-16
859,6.054373999451762,2.5226558331048996,2.5226558331049014,1.7763568394002505e-15,2.4976564734161495,2.4976564734161535,3.9968028886505635e-15,1.220718362507897,1.2207183625079003,3.3306690738754696e-15,0.3027302065633535,0.3027302065633549,1.4432899320127035e-15,0.03493628709307223,0.03493628709307247,2.42861286636753e-16
860,1.9360419466017138,0.8066841444173806,0.8066841444173808,2.220446049250313e-16,0.2625528669713181,0.2625528669713181,0.0,0.04386075759726896,0.04386075759726899,3.469446951953614e-17,0.003937280407042505,0.003937280407042511,6.071532165918825e-18,0.00017875258067780975,0.00017875258067780983,8.131516293641283e-20
861,0.8275957524342644,0.344831563514277,0.3448315635142769,1.1102230246251565e-16,0.04471095846621986,0.04471095846621981,5.551115123125783e-17,0.002597304841743949,0.0025973048417439392,9.974659986866641e-18,5.851942756239906e-05,5.851942756239866e-05,3.9979955110402976e-19,1.039027800668446e-07,1.0390278006683407e-07,1.0521737391674512e-20
862,3.209005357532549,1.337085565638564,1.3370855656385623,1.7763568394002505e-15,0.6811233733137131,0.6811233733137104,2.6645352591003757e-15,0.16035962647934499,0.16035962647934346,1.5265566588595902e-15,0.016252721534359794,0.016252721534359478,3.157196726277789e-16,0.00044543881403279954,0.00044543881403277287,2.667137344314341e-17
863,1.7265644817122898,0.7194018673801219,0.7194018673801208,1.1102230246251565e-15,0.2069493070406895,0.20694930704068876,7.494005416219807e-16,0.0303609929060889,0.030360992906088718,1.8388068845354155e-16,0.0023892719542479334,0.0023892719542479143,1.9081958235744878e-17,9.544137063475907e-05,9.544137063475779e-05,1.2874900798265365e-18
864,2.8994848120565937,1.2081186716902441,1.2081186716902472,3.1086244689504383e-15,0.5610904337859244,0.561090433785928,3.6637359812630166e-15,0.12312131482492886,0.12312131482493047,1.609823385706477e-15,0.012404492257490957,0.012404492257491264,3.0704605524789486e-16,0.0004515812775151796,0.0004515812775152046,2.4990860075790877e-17
865,3.6466037528948747,1.5194182303728625,1.5194182303728645,1.9984014443252818e-15,0.9134399380428844,0.9134399380428867,2.3314683517128287e-15,0.2749170150427337,0.274917015042735,1.3322676295501878e-15,0.04304053252821027,0.043040532528210565,2.983724378680108e-16,0.0032687477218773762,0.003268747721877412,3.5561831257524545e-17
866,1.502776356355526,0.6261568151481363,0.6261568151481359,3.3306690738754696e-16,0.15004600622936323,0.15004600622936293,3.0531133177191805e-16,0.01682920720689726,0.016829207206897182,7.632783294297951e-17,0.0008459104201788427,0.0008459104201788347,8.023096076392733e-18,1.4057678383238177e-05,1.4057678383237857e-05,3.2017845406212553e-19
867,5.6515724072075315,2.354821836336469,2.354821836336472,3.1086244689504383e-15,2.2014358816462076,2.2014358816462134,5.773159728050814e-15,1.0287274969016005,1.0287274969016045,3.9968028886505635e-15,0.24732316288981746,0.2473231628898186,1.1379786002407855e-15,0.028111490373692063,0.02811149037369229,2.255140518769849e-16
868,4.360244739031533,1.8167686412631405,1.8167686412631388,1.7763568394002505e-15,1.3228569626077573,1.3228569626077544,2.886579864025407e-15,0.4939670385249397,0.4939670385249375,2.220446049250313e-15,0.09995801673624678,0.09995801673624619,5.967448757360216e-16,0.010418945177506364,0.010418945177506281,8.326672684688674e-17
869,5.631131856151637,2.3463049400631864,2.346304940063182,4.440892098500626e-15,2.1763252648416413,2.1763252648416316,9.769962616701378e-15,1.0100127484430397,1.010012748443031,8.659739592076221e-15,0.24383194379094225,0.2438319437909394,2.858824288409778e-15,0.02857959741280351,0.02857959741280297,5.377642775528102e-16
870,1.6564733813509325,0.6901972422295573,0.6901972422295551,2.1094237467877974e-15,0.18640999641158001,0.1864099964115787,1.304512053934559e-15,0.024593109049769975,0.02459310904976966,3.157196726277789e-16,0.0016029605259959235,0.0016029605259958895,3.404394821604484e-17,4.5847093602013466e-05,4.584709360201176e-05,1.7076184216646695e-18
871,3.394959432331542,1.4145664301381449,1.4145664301381426,2.220446049250313e-15,0.7897843702309022,0.7897843702308996,2.55351295663786e-15,0.2182177840901362,0.2182177840901349,1.304512053934559e-15,0.030459715175426925,0.03045971517542665,2.740863092043355e-16,0.0019449013870605192,0.0019449013870604932,2.6020852139652106e-17
872,2.245645663727015,0.9356856932195912,0.9356856932195895,1.6653345369377348e-15,0.3309678688099515,0.3309678688099499,1.609823385706477e-15,0.053160965989731225,0.0531609659897307,5.273559366969494e-16,0.003477951685995528,0.0034779516859954483,7.979727989493313e-17,4.035395379373914e-05,4.0353953793734224e-05,4.912791094074942e-18
873,6.335553460991848,2.6398139420799307,2.639813942079937,6.217248937900877e-15,2.7639676826529445,2.763967682652959,1.4654943925052066e-14,1.453205193819905,1.4532051938199189,1.3766765505351941e-14,0.3989647580286815,0.39896475802868736,5.88418203051333e-15,0.053393184361771685,0.0533931843617728,1.1171619185290638e-15
874,2.652904098604017,1.105376707751673,1.1053767077516738,8.881784197001252e-16,0.4597200230583389,0.45972002305833937,4.440892098500626e-16,0.08572649437974464,0.08572649437974478,1.3877787807814457e-16,0.0062091342525003815,0.006209134252500412,3.0357660829594124e-17,3.6343941362754546e-05,3.6343941362755136e-05,5.89534931288993e-19
875,2.813441004011292,1.1722670850047048,1.172267085004705,2.220446049250313e-16,0.5465630020622259,0.5465630020622261,2.220446049250313e-16,0.1286489464814041,0.12864894648140413,2.7755575615628914e-17,0.015964014374795756,0.01596401437479578,2.42861286636753e-17,0.0009803070303210529,0.000980307030321057,4.119968255444917e-18
876,2.1254599521169686,0.885608313382072,0.8856083133820702,1.7763568394002505e-15,0.31332216561675164,0.3133221656167503,1.3322676295501878e-15,0.056326843914983826,0.05632684391498339,4.371503159461554e-16,0.005389257612277095,0.005389257612277038,5.724587470723463e-17,0.00025850202503713927,0.0002585020250371354,3.848917712323541e-18
877,5.23381194801216,2.180754978338398,2.1807549783384,1.7763568394002505e-15,1.9181726675817292,1.9181726675817325,3.3306690738754696e-15,0.8694801908991083,0.8694801908991109,2.55351295663786e-15,0.21399120086927403,0.2139912008692749,8.604228440844963e-16,0.027099952261509547,0.02709995226150971,1.6306400674181987e-16
878,1.9669226716388133,0.8195511131828379,0.8195511131828389,9.992007221626409e-16,0.2608180461455243,0.2608180461455249,6.106226635438361e-16,0.040083332321975924,0.0400833323219761,1.734723475976807e-16,0.002983127569862145,0.002983127569862166,2.1250362580715887e-17,9.356849223105244e-05,9.356849223105332e-05,8.809142651444724e-19
879,5.977069497643991,2.4904456240183297,2.49044562401833,4.440892098500626e-16,2.475795422338769,2.475795422338769,0.0,1.2458964350896082,1.2458964350896076,6.661338147750939e-16,0.3308040030762514,0.3308040030762512,2.220446049250313e-16,0.043391176331616446,0.043391176331616384,6.245004513516506e-17
880,3.2429217467808837,1.3512173944920352,1.351217394492035,2.220446049250313e-16,0.7133823993276437,0.7133823993276429,7.771561172376096e-16,0.18393307078027415,0.18393307078027385,3.0531133177191805e-16,0.023493347912659772,0.023493347912659675,9.71445146547012e-17,0.0013290434955583036,0.001329043495558295,8.673617379884035e-18
881,12.670407970480047,5.279336654366693,5.279336654366687,6.217248937900877e-15,10.48051282624499,10.480512826244949,4.085620730620576e-14,9.319139037433334,9.319139037433258,7.638334409421077e-14,3.208426605695693,3.208426605695631,6.17284001691587e-14,0.08232150663990064,0.08232150663987947,2.1163626406917047e-14
882,9.637983106822311,4.015826294509298,4.015826294509297,1.7763568394002505e-15,6.1272784867614964,6.127278486761488,8.881784197001252e-15,4.288733885796775,4.288733885796765,9.769962616701378e-15,1.2605371769210498,1.2605371769210447,5.10702591327572e-15,0.0848963243220563,0.08489632432205499,1.304512053934559e-15
883,11.848113986421417,4.936714161008919,4.936714161008924,4.440892098500626e-15,9.80506316481733,9.805063164817343,1.2434497875801753e-14,9.988842404135063,9.988842404135085,2.1316282072803006e-14,5.483170328411779,5.483170328411794,1.509903313490213e-14,1.5324619805964041,1.532461980596411,6.8833827526759706e-15
884,0.8375896479288606,0.3489956866370244,0.34899568663702524,8.326672684688674e-16,0.04848244839773393,0.04848244839773417,2.42861286636753e-16,0.003379640885136726,0.003379640885136756,3.0357660829594124e-17,0.00012194258128682342,0.00012194258128682521,1.7889335846010823e-18,2.1002059689260783e-06,2.1002059689261304e-06,5.209252625613947e-20
885,1.1979370087518983,0.4991404203132906,0.49914042031329103,4.440892098500626e-16,0.09396334341797016,0.09396334341797033,1.6653345369377348e-16,0.007990507938150922,0.00799050793815096,3.8163916471489756e-17,0.00027199076570823613,0.0002719907657082393,3.144186300207963e-18,1.3401311690661738e-06,1.3401311690662873e-06,1.1350241493207625e-19
886,7.4929366548309675,3.1220569395129028,3.122056939512903,4.440892098500626e-16,3.696960755668743,3.696960755668743,0.0,2.006260445476981,2.006260445476981,0.0,0.45807662823076845,0.45807662823076845,0.0,0.024654258071914924,0.02465425807191518,2.5673907444456745e-16
887,3.707760852686159,1.5449003552858995,1.5449003552858995,0.0,0.9456882620274404,0.9456882620274402,2.220446049250313e-16,0.29097572448225567,0.2909757244822555,1.6653345369377348e-16,0.04696963911655419,0.04696963911655418,1.3877787807814457e-17,0.003731546822865845,0.0037315468228658433,1.734723475976807e-18
888,6.878504652613707,2.8660436052557134,2.8660436052557112,2.220446049250313e-15,3.158501471293281,3.158501471293275,6.217248937900877e-15,1.6465163212550213,1.6465163212550147,6.661338147750939e-15,0.39565072030585946,0.3956507203058561,3.3861802251067274e-15,0.03486056576458548,0.03486056576458491,5.689893001203927e-16
889,7.539061371856653,3.1412755716069385,3.141275571606939,4.440892098500626e-16,3.875887193883532,3.8758871938835346,2.6645352591003757e-15,2.3538447708853574,2.3538447708853587,1.3322676295501878e-15,0.7175193380314697,0.7175193380314723,2.55351295663786e-15,0.0992213968388282,0.09922139683882905,8.465450562766819e-16
890,2.6882459564966408,1.1201024818736016,1.1201024818736003,1.3322676295501878e-15,0.49755701103970684,0.49755701103970557,1.27675647831893e-15,0.11097185679406357,0.11097185679406309,4.85722573273506e-16,0.012923218697478712,0.012923218697478624,8.847089727481716e-17,0.0007336350892003789,0.0007336350892003706,8.348356728138384e-18
891,8.200152818381788,3.4167303409924106,3.4167303409924124,1.7763568394002505e-15,4.43266388149483,4.432663881494833,3.552713678800501e-15,2.642237678456518,2.642237678456523,5.329070518200751e-15,0.6680000785948665,0.6680000785948691,2.55351295663786e-15,0.04202725283857995,0.04202725283858054,5.898059818321144e-16
892,1.2429623300022985,0.5179009708342921,0.5179009708342911,9.992007221626409e-16,0.10766402403032162,0.10766402403032119,4.3021142204224816e-16,0.01140945588992409,0.011409455889924008,8.153200337090993e-17,0.0006437214164689391,0.0006437214164689325,6.613633252161577e-18,1.8148442026692297e-05,1.814844202669205e-05,2.473336205982557e-19
893,1.8009168583326334,0.7503820243052655,0.7503820243052638,1.6653345369377348e-15,0.23341975976436347,0.23341975976436238,1.0824674490095276e-15,0.038522511053546676,0.038522511053546434,2.42861286636753e-16,0.003556984670529527,0.0035569846705294952,3.165870343657673e-17,0.00017420858426882781,0.000174208584268826,1.81603863891322e-18
894,8.166789878595246,3.4028291160813557,3.402829116081353,2.6645352591003757e-15,4.634922514373619,4.63492251437361,8.881784197001252e-15,3.229460622705394,3.2294606227053824,1.1546319456101628e-14,1.214354527510483,1.2143545275104768,6.217248937900877e-15,0.23387997555033413,0.23387997555033224,1.887379141862766e-15
895,3.4973372688279984,1.4572238620116662,1.4572238620116664,2.220446049250313e-16,0.7967831054482095,0.7967831054482096,1.1102230246251565e-16,0.1939289882822434,0.19392898828224348,8.326672684688674e-17,0.017811834963406156,0.017811834963406145,1.0408340855860843e-17,2.465260143486983e-05,2.465260143486979e-05,4.0657581468206416e-20
896,2.082575398184718,0.867739749243634,0.8677397492436326,1.3322676295501878e-15,0.29426835972560217,0.29426835972560106,1.1102230246251565e-15,0.04884576271484989,0.048845762714849555,3.3306690738754696e-16,0.004044519369298931,0.004044519369298886,4.5102810375396984e-17,0.00015079885687153833,0.00015079885687153613,2.1955093992831465e-18
897,3.2033792576696567,1.3347413573623588,1.3347413573623572,1.5543122344752192e-15,0.6690647754642504,0.6690647754642479,2.4424906541753444e-15,0.14972795095866706,0.14972795095866587,1.1934897514720433e-15,0.01280843663342284,0.012808436633422595,2.445960101127298e-16,5.029563238566238e-05,5.0295632385642284e-05,2.0098397772450038e-17
898,2.19700619428385,0.9154192476182732,0.9154192476182708,2.4424906541753444e-15,0.33623665184235285,0.3362366518423508,2.0539125955565396e-15,0.0632198020670725,0.06321980206707184,6.661338147750939e-16,0.006400491139173785,0.006400491139173698,8.673617379884035e-17,0.00033017592097639155,0.0003301759209763855,6.071532165918825e-18
899,3.6766210979942815,1.5319254574976195,1.5319254574976175,1.9984014443252818e-15,0.8812672174624916,0.8812672174624883,3.3306690738754696e-15,0.22610033307601277,0.22610033307601066,2.1094237467877974e-15,0.02205414394239912,0.02205414394239861,5.100087019371813e-16,6.951550568932e-05,6.951550568927217e-05,4.7826868333766814e-17
900,3.4380903506072866,1.4325376460863688,1.4325376460863695,6.661338147750939e-16,0.7819106540304719,0.7819106540304726,6.661338147750939e-16,0.19767702410207727,0.1976770241020776,3.3306690738754696e-16,0.021721458885369582,0.021721458885369672,9.020562075079397e-17,0.000684823402400424,0.0006848234024004327,8.782037597132586e-18
901,11.268380657568382,4.695158607320161,4.69515860732016,1.7763568394002505e-15,8.80028281309292,8.800282813092908,1.2434497875801753e-14,8.38519269941668,8.385192699416658,2.1316282072803006e-14,4.262586836620369,4.262586836620352,1.687538997430238e-14,1.0914109569678385,1.0914109569678316,6.8833827526759706e-15
902,6.207558616860975,2.5864827570254065,2.586482757025406,4.440892098500626e-16,2.6131435720846987,2.6131435720846974,1.3322676295501878e-15,1.2854910683210505,1.2854910683210499,6.661338147750939e-16,0.31041945764303097,0.31041945764303025,7.216449660063518e-16,0.03244244961664099,0.03244244961664087,1.249000902703301e-16
903,3.5036419914275636,1.4598508297614823,1.459850829761485,2.6645352591003757e-15,0.8537382733570397,0.8537382733570427,2.9976021664879227e-15,0.25416463094056196,0.25416463094056363,1.6653345369377348e-15,0.0402751987538915,0.040275198753891926,4.2327252813834093e-16,0.0031929653904795,0.003192965390479545,4.466912950640278e-17
904,6.152245844962925,2.563435768734549,2.5634357687345526,3.552713678800501e-15,2.67950296639742,2.6795029663974264,6.217248937900877e-15,1.4593112228228438,1.4593112228228486,4.884981308350689e-15,0.4360179845895739,0.43601798458957647,2.55351295663786e-15,0.06767148053739558,0.06767148053739606,4.85722573273506e-16
905,1.8133981939415598,0.7555825808089828,0.7555825808089833,5.551115123125783e-16,0.22164584156645745,0.22164584156645764,1.942890293094024e-16,0.031226199917373555,0.031226199917373604,4.85722573273506e-17,0.0020901647103454294,0.0020901647103454307,1.3010426069826053e-18,5.56804889907722e-05,5.5680488990772165e-05,3.3881317890172014e-20
906,2.6071811512459133,1.0863254796857995,1.0863254796857973,2.220446049250313e-15,0.4560750008864231,0.45607500088642056,2.55351295663786e-15,0.09126657436386064,0.0912665743638596,1.0408340855860843e-15,0.008543142499559614,0.00854314249955944,1.734723475976807e-16,0.00030523891714015207,0.0003052389171401392,1.2847795743953228e-17
907,4.799963208737515,1.9999846703072968,1.9999846703072979,1.1102230246251565e-15,1.5123888729064472,1.5123888729064487,1.5543122344752192e-15,0.5198704720512622,0.5198704720512634,1.1102230246251565e-15,0.07310965644769785,0.07310965644769807,2.220446049250313e-16,0.0019138801709525665,0.0019138801709526047,3.8163916471489756e-17
908,1.4384329067775068,0.5993470444906281,0.5993470444906278,3.3306690738754696e-16,0.13813415274298857,0.13813415274298835,2.220446049250313e-16,0.015047901369436088,0.015047901369436024,6.418476861114186e-17,0.0007531712917512806,0.0007531712917512735,7.15573433840433e-18,1.3645960756278122e-05,1.3645960756277836e-05,2.862971361719535e-19
909,0.7957576672230502,0.3315656946762713,0.3315656946762709,3.885780586188048e-16,0.044218477117362646,0.04421847711736248,1.6653345369377348e-16,0.0030289767199563446,0.0030289767199563247,1.9949319973733282e-17,0.00011223258393609561,0.00011223258393609458,1.0299920638612292e-18,2.130970815003469e-06,2.130970815003442e-06,2.710505431213761e-20
910,9.694334981307465,4.039306242211443,4.0393062422114445,1.7763568394002505e-15,6.499350243008998,6.4993502430089976,8.881784197001252e-16,5.284454896837307,5.284454896837306,8.881784197001252e-16,2.264680439470894,2.264680439470896,1.7763568394002505e-15,0.4794527664637655,0.47945276646376495,5.551115123125783e-16
911,3.525041076456163,1.4687671151900703,1.4687671151900679,2.4424906541753444e-15,0.824445708212477,0.8244457082124735,3.4416913763379853e-15,0.2159024842964021,0.21590248429640022,1.887379141862766e-15,0.02510531670361497,0.02510531670361452,4.510281037539698e-16,0.0009281255198765703,0.0009281255198765256,4.466912950640278e-17
912,6.615012291288607,2.756255121370255,2.756255121370253,2.220446049250313e-15,2.9016953281412343,2.901695328141227,7.105427357601002e-15,1.423455487989665,1.4234554879896577,7.327471962526033e-15,0.30902740231706954,0.3090274023170668,2.7200464103316335e-15,0.021020614517002018,0.02102061451700155,4.683753385137379e-16
913,4.161670395224636,1.734029331343601,1.7340293313435986,2.4424906541753444e-15,1.1405985973676616,1.1405985973676576,3.9968028886505635e-15,0.34396376596311384,0.3439637659631113,2.55351295663786e-15,0.04369951333073365,0.043699513330732964,6.869504964868156e-16,0.0013213292399280798,0.0013213292399279985,8.131516293641283e-17
914,0.9079760778902842,0.3783233657876188,0.3783233657876184,4.440892098500626e-16,0.05568793599109598,0.055687935991095824,1.5265566588595902e-16,0.0039708119970191325,0.003970811997019116,1.6479873021779667e-17,0.00013791369283315346,0.00013791369283315232,1.1384122811097797e-18,2.0443106663917616e-06,2.044310666391734e-06,2.752857078576476e-20
915,2.719841067138713,1.1332671113077986,1.133267111307797,1.5543122344752192e-15,0.49023303296557774,0.490233032965576,1.7208456881689926e-15,0.09845938821559966,0.09845938821559891,7.494005416219807e-16,0.008631492639984152,0.008631492639984016,1.3530843112619095e-16,0.00022058134133224122,0.00022058134133222992,1.1302807648161384e-17
916,5.599916707416264,2.3332986280901133,2.33329862809011,3.552713678800501e-15,2.1820564287080417,2.1820564287080346,7.105427357601002e-15,1.035254323645387,1.0352543236453813,5.773159728050814e-15,0.258863507652847,0.2588635076528449,2.1094237467877974e-15,0.03179341235049404,0.0317934123504937,3.400058012914542e-16
917,2.4275004337801387,1.0114585140750587,1.0114585140750576,1.1102230246251565e-15,0.39009877982010316,0.3900987798201022,9.43689570931383e-16,0.06962821219247738,0.06962821219247717,2.0816681711721685e-16,0.005366377561514382,0.005366377561514347,3.5561831257524545e-17,0.00011352885190436606,0.00011352885190436446,1.599198204416119e-18
918,3.9259805684138,1.6358252368390842,1.6358252368390833,8.881784197001252e-16,1.0228275695166587,1.0228275695166569,1.7763568394002505e-15,0.29847548530549006,0.2984754853054891,9.43689570931383e-16,0.03871208958800768,0.038712089588007474,2.0816681711721685e-16,0.001602916434713626,0.0016029164347136006,2.5370330836160804e-17
919,0.2831508520958636,0.11797952170660968,0.11797952170660984,1.6653345369377348e-16,0.005517759044027322,0.00551775904402734,1.734723475976807e-17,0.00012882698258868911,0.0001288269825886898,6.776263578034403e-19,1.546098848022479e-06,1.5460988480224936e-06,1.461131834013668e-20,8.771193894072563e-09,8.771193894072677e-09,1.1415092453231782e-22
920,9.121759930991939,3.8007333045799805,3.8007333045799743,6.217248937900877e-15,5.5198474782104245,5.519847478210403,2.1316282072803006e-14,3.739042482928202,3.7390424829281717,3.019806626980426e-14,1.1239224357945918,1.1239224357945732,1.865174681370263e-14,0.10714063052038716,0.1071406305203821,5.065392549852277e-15
921,6.407835217167769,2.6699313404865728,2.66993134048657,2.6645352591003757e-15,2.8338563303179756,2.8338563303179702,5.329070518200751e-15,1.5207579343669468,1.5207579343669402,6.661338147750939e-15,0.4323793418795849,0.4323793418795822,2.6645352591003757e-15,0.061391094763848394,0.061391094763847895,4.996003610813204e-16
922,6.3871057426995845,2.6612940594581636,2.6612940594581604,3.1086244689504383e-15,2.7487790118686064,2.7487790118685975,8.881784197001252e-15,1.3677828111201875,1.367782811120178,9.547918011776346e-15,0.32728744891481565,0.3272874489148117,3.941291737419306e-15,0.032377231641616676,0.03237723164161588,7.979727989493313e-16
923,10.078635453443853,4.199431438934946,4.199431438934939,7.105427357601002e-15,6.998722143523089,6.998722143523065,2.398081733190338e-14,5.834882868082989,5.834882868082953,3.552713678800501e-14,2.510073907668534,2.5100739076685126,2.1316282072803006e-14,0.5138334437452232,0.5138334437452157,7.549516567451064e-15
924,5.391102095573898,2.2462925398224582,2.2462925398224574,8.881784197001252e-16,1.9096276125512484,1.9096276125512466,1.7763568394002505e-15,0.7398252912199426,0.7398252912199411,1.4432899320127035e-15,0.1183241027809346,0.11832410278093398,6.106226635438361e-16,0.0038357071377449117,0.003835707137744836,7.546047120499111e-17
925,1.313469760992115,0.5472790670800487,0.5472790670800479,7.771561172376096e-16,0.11275437121122617,0.11275437121122577,4.0245584642661925e-16,0.010447966175794519,0.010447966175794432,8.673617379884035e-17,0.00038153527709967384,0.00038153527709966685,6.993104012531504e-18,1.584272800882732e-06,1.5842728008825004e-06,2.3166351107405114e-19
926,9.217176725958822,3.8404903024828396,3.840490302482843,3.552713678800501e-15,5.721262189429246,5.721262189429257,1.0658141036401503e-14,4.100687862937985,4.1006878629379875,2.6645352591003757e-15,1.4087741248058867,1.4087741248058894,2.6645352591003757e-15,0.19836972197953384,0.19836972197953429,4.440892098500626e-16
927,6.183213095937484,2.5763387899739563,2.576338789973952,4.440892098500626e-15,2.570977439266773,2.570977439266763,9.769962616701378e-15,1.2309769076249355,1.2309769076249284,7.105427357601002e-15,0.28077280631386287,0.28077280631385954,3.3306690738754696e-15,0.02583716199045548,0.02583716199045496,5.204170427930421e-16
928,3.9450333246791383,1.6437638852829748,1.6437638852829746,2.220446049250313e-16,1.0496709355289324,1.0496709355289318,6.661338147750939e-16,0.3237042049379376,0.32370420493793695,6.661338147750939e-16,0.04829399551866403,0.048293995518663965,6.245004513516506e-17,0.0030255511611760096,0.0030255511611760023,7.37257477290143e-18
929,1.2953574132469747,0.539732255519574,0.5397322555195728,1.2212453270876722e-15,0.11601336596771819,0.11601336596771754,6.522560269672795e-16,0.012615533947798983,0.01261553394779886,1.231653667943533e-16,0.0007256432236077951,0.0007256432236077851,1.0083080204115191e-17,2.0754861820098082e-05,2.075486182009766e-05,4.2351647362715017e-19
930,2.49470709918822,1.0394612913284242,1.0394612913284251,8.881784197001252e-16,0.4186504346665767,0.4186504346665775,7.771561172376096e-16,0.0810516969895243,0.08105169698952464,3.3306690738754696e-16,0.00751932965382395,0.007519329653824016,6.591949208711867e-17,0.0002863555864769153,0.0002863555864769205,5.204170427930421e-18
931,0.8006798858540505,0.3336166191058536,0.3336166191058544,7.771561172376096e-16,0.041818543394945756,0.041818543394946,2.42861286636753e-16,0.002342310774370504,0.0023423107743705293,2.5153490401663703e-17,5.030145288781389e-05,5.030145288781529e-05,1.395910297075087e-18,5.6488249990611404e-08,5.648824999063616e-08,2.4755861372487012e-20
932,3.706804896442489,1.5445020401843697,1.5445020401843705,8.881784197001252e-16,0.9808526085571994,0.9808526085572007,1.3322676295501878e-15,0.3279902527332984,0.32799025273329885,4.440892098500626e-16,0.06095366524336458,0.060953665243364694,1.1102230246251565e-16,0.005973763702419871,0.005973763702419886,1.474514954580286e-17
933,3.4857885161508655,1.4524118817295282,1.4524118817295273,8.881784197001252e-16,0.8056337617125786,0.8056337617125772,1.4432899320127035e-15,0.20800163554649684,0.2080016355464958,1.0269562977782698e-15,0.023662301142042267,0.02366230114204201,2.5673907444456745e-16,0.0008248310404238996,0.0008248310404238724,2.721347452938616e-17
934,1.3830711574187782,0.5762796489244901,0.5762796489244908,6.661338147750939e-16,0.13322862313926265,0.13322862313926304,3.885780586188048e-16,0.015702628762365955,0.01570262876236604,8.673617379884035e-17,0.0009864944197251386,0.0009864944197251475,8.890457814381136e-18,3.10471568485008e-05,3.104715684850123e-05,4.336808689942018e-19
935,0.6823574152076453,0.2843155896698526,0.2843155896698522,3.885780586188048e-16,0.033393432074697506,0.03339343207469743,7.632783294297951e-17,0.002073540456025324,0.0020735404560253156,8.239936510889834e-18,7.178299348001582e-05,7.178299348001546e-05,3.6591823321385775e-19,1.3135001338666794e-06,1.313500133866672e-06,7.411538288475128e-21
936,1.2228526968907043,0.5095219570377942,0.5095219570377935,7.771561172376096e-16,0.10430233784073806,0.1043023378407377,3.608224830031759e-16,0.01090467747782955,0.010904677477829498,5.204170427930421e-17,0.0006090289428539578,0.0006090289428539533,4.553649124439119e-18,1.7085522187408406e-05,1.7085522187408206e-05,1.9989977555201488e-19
937,5.547110959026576,2.3112962329277438,2.3112962329277402,3.552713678800501e-15,2.0634310437858154,2.0634310437858066,8.881784197001252e-15,0.8775952824096559,0.8775952824096496,6.328271240363392e-15,0.1745158258288032,0.17451582582880096,2.248201624865942e-15,0.013244012510803387,0.01324401251080306,3.2612801348363973e-16
938,2.0997371628377484,0.8748904845157284,0.8748904845157286,2.220446049250313e-16,0.3025927387195737,0.302592738719574,2.7755575615628914e-16,0.052122508114820755,0.052122508114820866,1.1102230246251565e-16,0.004608386163489621,0.0046083861634896445,2.3418766925686896e-17,0.00019263292909525378,0.00019263292909525593,2.1412992906588713e-18
939,6.387209054181948,2.6613371059091477,2.661337105909145,2.6645352591003757e-15,2.7708150178041215,2.7708150178041153,6.217248937900877e-15,1.410518306819662,1.410518306819656,5.995204332975845e-15,0.35608046922556424,0.35608046922556175,2.4980018054066022e-15,0.03983967132959157,0.03983967132959115,4.163336342344337e-16
940,3.353596781429346,1.3973319922622245,1.3973319922622278,3.3306690738754696e-15,0.7905271088308059,0.79052710883081,4.107825191113079e-15,0.23118481107029082,0.2311848110702928,1.970645868709653e-15,0.036773012613811024,0.03677301261381146,4.371503159461554e-16,0.003010797954551014,0.003010797954551068,5.377642775528102e-17
941,2.667590736169613,1.1114961400706744,1.1114961400706724,1.9984014443252818e-15,0.4834871003893133,0.4834871003893108,2.4980018054066022e-15,0.10315346455303592,0.10315346455303491,1.0130785099704553e-15,0.011015477129619236,0.011015477129619068,1.682681771697503e-16,0.0005328452841307216,0.0005328452841307085,1.3010426069826053e-17
942,6.746755121278175,2.8111479671992448,2.8111479671992394,5.329070518200751e-15,3.1671365281042934,3.167136528104279,1.4210854715202004e-14,1.8189049360468135,1.8189049360468013,1.2212453270876722e-14,0.5575529153812816,0.5575529153812765,5.10702591327572e-15,0.08588672309840042,0.08588672309839934,1.0824674490095276e-15
943,6.517104632405715,2.7154602635023806,2.715460263502381,4.440892098500626e-16,2.8423478914453293,2.8423478914453306,1.3322676295501878e-15,1.4083205271203147,1.4083205271203176,2.886579864025407e-15,0.3201436279103517,0.3201436279103535,1.7763568394002505e-15,0.02600236057150612,0.026002360571506553,4.3368086899420177e-16
944,2.8601586630844227,1.1917327762851775,1.1917327762851762,1.3322676295501878e-15,0.5419404994568384,0.5419404994568376,7.771561172376096e-16,0.11458158221969596,0.11458158221969554,4.163336342344337e-16,0.010652360975895567,0.0106523609758955,6.765421556309548e-17,0.0003012415492661564,0.0003012415492661511,5.2583805365546965e-18
945,1.7182319235993997,0.7159299681664153,0.7159299681664166,1.3322676295501878e-15,0.19978872809523465,0.19978872809523546,8.049116928532385e-16,0.027132343560550026,0.02713234356055024,2.1510571102112408e-16,0.001814723856405676,0.0018147238564057032,2.710505431213761e-17,5.317219890897054e-05,5.3172198908972015e-05,1.4772254600114998e-18
946,1.0902085021883225,0.4542535425784684,0.45425354257846773,6.661338147750939e-16,0.08009075664811595,0.08009075664811563,3.191891195797325e-16,0.006797743637468151,0.006797743637468099,5.204170427930421e-17,0.0002766385108179859,0.000276638510817982,3.903127820947816e-18,4.613114814148324e-06,4.613114814148214e-06,1.0926725019580474e-19
947,4.123057896861384,1.717940790358906,1.71794079035891,3.9968028886505635e-15,1.1825320825673493,1.1825320825673546,5.329070518200751e-15,0.41719384308594976,0.4171938430859529,3.164135620181696e-15,0.0796826181354998,0.07968261813550069,8.881784197001252e-16,0.007828541797995352,0.007828541797995456,1.0408340855860843e-16
948,1.2246332110462812,0.5102638379359516,0.5102638379359506,9.992007221626409e-16,0.10709739291473555,0.10709739291473507,4.85722573273506e-16,0.011824426113191108,0.011824426113191027,8.153200337090993e-17,0.0007236873649339403,0.000723687364933934,6.288372600415926e-18,2.3262110748868208e-05,2.3262110748867886e-05,3.2187251995663413e-19
949,1.3632888556422245,0.5680370231842609,0.5680370231842602,6.661338147750939e-16,0.12253779923284001,0.12253779923283957,4.440892098500626e-16,0.012146407018531926,0.012146407018531834,9.194034422677078e-17,0.0005104949744812242,0.000510494974481215,9.215718466126788e-18,5.32157166320032e-06,5.321571663199938e-06,3.8201185921168945e-19
950,2.9542191462607135,1.2309246442752977,1.2309246442752975,2.220446049250313e-16,0.6035174066430624,0.6035174066430622,2.220446049250313e-16,0.15015962949909148,0.15015962949909137,1.1102230246251565e-16,0.0199188631168621,0.01991886311686208,1.734723475976807e-17,0.0013315723250014334,0.001331572325001434,6.505213034913027e-19
951,0.6805136564452012,0.28354735685216753,0.2835473568521672,3.3306690738754696e-16,0.031100939329973185,0.03110093932997309,9.367506770274758e-17,0.0016265550784795107,0.0016265550784794998,1.0842021724855044e-17,3.973817624025237e-05,3.973817624025189e-05,4.811147140404426e-19,3.6787709702577917e-07,3.678770970257692e-07,9.952637130238029e-21
952,0.9521538661706164,0.39673077757109043,0.3967307775710902,2.220446049250313e-16,0.059550245669518005,0.059550245669517866,1.3877787807814457e-16,0.0040721396552670965,0.004072139655267072,2.42861286636753e-17,0.00011489377082416903,0.0001148937708241672,1.8295911660692887e-18,6.553085497561875e-07,6.553085497561367e-07,5.082197683525802e-20
953,6.463741057788678,2.69322544074528,2.6932254407452825,2.6645352591003757e-15,2.8598982289169808,2.859898228916985,4.440892098500626e-15,1.5086639952325924,1.5086639952325958,3.3306690738754696e-15,0.4076475473004053,0.4076475473004069,1.609823385706477e-15,0.05200750102397321,0.05200750102397346,2.498001805406602e-16
954,1.0418451412937144,0.4341021422057144,0.43410214220571436,5.551115123125783e-17,0.07401159705676302,0.07401159705676298,4.163336342344337e-17,0.006202128997439716,0.006202128997439704,1.214306433183765e-17,0.00025977637670256896,0.0002597763767025679,1.0842021724855044e-18,4.88729616594995e-06,4.887296165949898e-06,5.251604272976662e-20
955,0.8575513198766567,0.3573130499486074,0.357313049948607,3.885780586188048e-16,0.04918362819119746,0.04918362819119731,1.5265566588595902e-16,0.0032040740963172635,0.003204074096317247,1.6479873021779667e-17,9.587082894597193e-05,9.587082894597103e-05,8.944667923005412e-19,1.0314779374442155e-06,1.0314779374441958e-06,1.9693516023662483e-20
956,0.4237416890358389,0.17655903709826637,0.1765590370982662,1.6653345369377348e-16,0.012295763342977464,0.012295763342977443,2.0816681711721685e-17,0.0004256003670769547,0.00042560036707695346,1.2468324983583301e-18,7.550764310247039e-06,7.550764310247011e-06,2.795208725939191e-20,6.331113705057369e-08,6.331113705057344e-08,2.514629062161204e-22
957,2.0056683422038986,0.8356951425849576,0.8356951425849578,2.220446049250313e-16,0.27190682719183606,0.27190682719183606,0.0,0.042975027099232156,0.042975027099232135,2.0816681711721685e-17,0.0033342957606099363,0.003334295760609936,4.336808689942018e-19,0.00011259679693371134,0.00011259679693371122,1.2197274440461925e-19
958,0.678155457364841,0.28256477390201673,0.28256477390201706,3.3306690738754696e-16,0.031629318675312774,0.03162931867531285,7.632783294297951e-17,0.0017723808377190873,0.0017723808377190925,5.204170427930421e-18,5.1531595607811245e-05,5.153159560781148e-05,2.371692252312041e-19,7.223587890678559e-07,7.223587890678613e-07,5.399835038746165e-21
959,2.535940721350937,1.0566419672295568,1.0566419672295573,4.440892098500626e-16,0.42163798611277964,0.4216379861127799,2.7755575615628914e-16,0.07627888855189197,0.07627888855189201,4.163336342344337e-17,0.005598161310642929,0.005598161310642936,6.938893903907228e-18,7.020737809550181e-05,7.020737809550212e-05,3.1170812458958252e-19
960,2.31240618993101,0.9635025791379213,0.9635025791379211,1.1102230246251565e-16,0.3532302158598365,0.3532302158598361,3.885780586188048e-16,0.05960879406054334,0.05960879406054321,1.3183898417423734e-16,0.004269631812403437,0.004269631812403412,2.5153490401663703e-17,7.550996024071795e-05,7.550996024071638e-05,1.5720931501039814e-18
961,5.2624552182491735,2.192689674270488,2.1926896742704893,1.3322676295501878e-15,1.8481457440416138,1.8481457440416154,1.5543122344752192e-15,0.7363996087505998,0.7363996087506001,2.220446049250313e-16,0.13505028896633753,0.13505028896633764,1.1102230246251565e-16,0.009036856959407601,0.009036856959407577,2.42861286636753e-17
962,8.42924178188916,3.5121840757871525,3.5121840757871507,1.7763568394002505e-15,4.727346995683414,4.7273469956834075,6.217248937900877e-15,2.9876475340069,2.9876475340068906,9.325873406851315e-15,0.8535621495164325,0.8535621495164278,4.6629367034256575e-15,0.08343311967694975,0.0834331196769485,1.2490009027033011e-15
963,4.788203788974956,1.995084912072898,1.9950849120728988,8.881784197001252e-16,1.6311808434361332,1.631180843436134,6.661338147750939e-16,0.6985505250008742,0.6985505250008741,1.1102230246251565e-16,0.16501909822839467,0.16501909822839478,1.1102230246251565e-16,0.020362462557753813,0.020362462557753813,0.0
964,2.6215381591900258,1.0923075663291777,1.0923075663291772,4.440892098500626e-16,0.4649157661463841,0.46491576614638347,6.106226635438361e-16,0.09594924926652545,0.0959492492665252,2.498001805406602e-16,0.009640989936113824,0.009640989936113772,5.204170427930421e-17,0.0004118017892275619,0.0004118017892275576,4.2825985813177425e-18
965,2.302086671025977,0.959202779594156,0.9592027795941571,1.1102230246251565e-15,0.35255430352877737,0.3525543035287784,1.0547118733938987e-15,0.06081986573218363,0.06081986573218391,2.8449465006019636e-16,0.004737499662426446,0.004737499662426488,4.163336342344337e-17,0.00012566402010947105,0.00012566402010947387,2.8189256484623115e-18
966,0.9728430363550022,0.40535126514791775,0.4053512651479176,1.6653345369377348e-16,0.06369590514335323,0.06369590514335317,5.551115123125783e-17,0.004816757027422715,0.004816757027422709,6.071532165918825e-18,0.00017502917411890006,0.0001750291741188996,4.607859233063394e-19,2.6298480051706066e-06,2.629848005170588e-06,1.8634724839594607e-20
967,3.845229590953102,1.602178996230456,1.602178996230459,2.886579864025407e-15,1.0383034795545432,1.0383034795545465,3.3306690738754696e-15,0.3468169124761494,0.3468169124761515,2.1094237467877974e-15,0.06265659292345815,0.06265659292345875,5.967448757360216e-16,0.005777387303708461,0.005777387303708532,7.112366251504909e-17
968,9.535682087904702,3.9732008699602916,3.9732008699602925,8.881784197001252e-16,6.039698430680634,6.039698430680634,0.0,4.293667644799925,4.293667644799924,8.881784197001252e-16,1.3644299053826436,1.3644299053826416,1.9984014443252818e-15,0.1417879846426806,0.14178798464267947,1.1379786002407855e-15
969,10.079537072153457,4.199807113397274,4.199807113397274,0.0,6.7814205379466195,6.781420537946616,3.552713678800501e-15,5.172818530106659,5.172818530106651,7.993605777301127e-15,1.8100190473624644,1.8100190473624596,4.884981308350689e-15,0.22794849262194608,0.22794849262194414,1.942890293094024e-15
970,2.243434121511017,0.9347642172962564,0.9347642172962569,5.551115123125783e-16,0.34889898847744916,0.3488989884774495,3.3306690738754696e-16,0.06607978000309384,0.066079780003094,1.6653345369377348e-16,0.006642069754437042,0.0066420697544370836,4.163336342344337e-17,0.00033320317738296185,0.00033320317738296483,2.9815559743351372e-18
971,6.901261783455261,2.87552574310636,2.8755257431063592,8.881784197001252e-16,3.3092285046516485,3.3092285046516454,3.1086244689504383e-15,1.93831623084542,1.9383162308454154,4.6629367034256575e-15,0.6049687459114279,0.6049687459114262,1.6653345369377348e-15,0.09471951024410998,0.0947195102441096,3.7470027081099033e-16
972,7.502142378371791,3.125892657654906,3.125892657654913,7.105427357601002e-15,3.6750170773600983,3.6750170773601196,2.1316282072803006e-14,1.935910073400461,1.935910073400486,2.4868995751603507e-14,0.395254126320762,0.3952541263207741,1.2101430968414206e-14,0.0061751471143678405,0.006175147114370177,2.336672522140759e-15
973,1.7272605844318072,0.7196919101799211,0.7196919101799197,1.3322676295501878e-15,0.20555051601498714,0.20555051601498622,9.159339953157541e-16,0.029445356325078862,0.029445356325078633,2.2898349882893854e-16,0.0021930029922498113,0.0021930029922497883,2.2985086056692694e-17,7.891247258786902e-05,7.891247258786769e-05,1.328147661294743e-18
974,2.1038408320174034,0.8766003466739195,0.8766003466739182,1.3322676295501878e-15,0.29144975649166005,0.29144975649165883,1.2212453270876722e-15,0.04426131350204261,0.04426131350204217,4.440892098500626e-16,0.0027825500831913964,0.002782550083191338,5.854691731421724e-17,3.573280438872037e-05,3.573280438871678e-05,3.5914196963582334e-18
975,4.589645211224276,1.9123521713434442,1.9123521713434484,4.218847493575595e-15,1.4518858990052075,1.451885899005215,7.549516567451064e-15,0.5561280424873807,0.5561280424873851,4.440892098500626e-15,0.11248825245841751,0.11248825245841879,1.27675647831893e-15,0.011310081821833975,0.011310081821834147,1.717376241217039e-16
976,4.480871670332215,1.8670298626384214,1.8670298626384234,1.9984014443252818e-15,1.4070960244574855,1.4070960244574884,2.886579864025407e-15,0.5478266292774172,0.5478266292774193,2.1094237467877974e-15,0.11634478470386893,0.11634478470386946,5.273559366969494e-16,0.012800112029780208,0.012800112029780299,9.020562075079397e-17
977,0.7251777302747184,0.3021573876144661,0.3021573876144661,0.0,0.03501639497447427,0.03501639497447425,2.0816681711721685e-17,0.0019072662390073158,0.001907266239007313,2.8189256484623115e-18,4.703519385834194e-05,4.703519385834181e-05,1.3552527156068805e-19,3.9849370730097475e-07,3.9849370730097285e-07,1.9058241313221758e-21
978,3.5661173943351465,1.4858822476396465,1.4858822476396445,1.9984014443252818e-15,0.8745521784595696,0.8745521784595667,2.886579864025407e-15,0.25739398523851204,0.25739398523851054,1.4988010832439613e-15,0.03918712926273024,0.03918712926272988,3.608224830031759e-16,0.002859462050575823,0.0028594620505757833,3.9898639947466563e-17
979,3.5757736470735946,1.4899056862806657,1.4899056862806646,1.1102230246251565e-15,0.8666805042745693,0.8666805042745676,1.7763568394002505e-15,0.2446173484941542,0.2446173484941535,6.938893903907228e-16,0.033527936675217154,0.033527936675216946,2.0816681711721685e-16,0.001932131316228779,0.0019321313162287558,2.3201926491189795e-17
980,3.2490452918059245,1.3537688715858056,1.353768871585802,3.552713678800501e-15,0.7079416703823802,0.7079416703823757,4.551914400963142e-15,0.17618998568854172,0.17618998568853952,2.192690473634684e-15,0.020419056748703025,0.020419056748702546,4.787836793695988e-16,0.0008898210616394072,0.0008898210616393635,4.369334755116583e-17
981,2.572418134967036,1.0718408895695983,1.0718408895695983,0.0,0.4585292410755961,0.4585292410755961,0.0,0.0997453849085721,0.09974538490857199,1.1102230246251565e-16,0.011588584268739346,0.011588584268739332,1.3877787807814457e-17,0.0006794739613252348,0.0006794739613252336,1.1926223897340549e-18
982,3.1952789309856513,1.3313662212440214,1.3313662212440214,0.0,0.6675862825744042,0.6675862825744043,1.1102230246251565e-16,0.15071201158570435,0.15071201158570424,1.1102230246251565e-16,0.013458710083421518,0.013458710083421473,4.5102810375396984e-17,0.0001456606005995453,0.000145660600599541,4.2825985813177425e-18
983,5.755862815211538,2.3982761730048012,2.3982761730048074,6.217248937900877e-15,2.2549642375632972,2.254964237563311,1.3766765505351941e-14,1.0363976767297198,1.03639767672973,1.021405182655144e-14,0.23483257877366703,0.23483257877367114,4.107825191113079e-15,0.023147901133626407,0.02314790113362715,7.424616477180734e-16
984,1.2649875453552106,0.5270781438980052,0.5270781438980043,8.881784197001252e-16,0.109179416027395,0.10917941602739467,3.3306690738754696e-16,0.01118603344608738,0.01118603344608732,6.071532165918825e-17,0.0005833835794115419,0.0005833835794115369,4.9873299934333204e-18,1.4232623249081982e-05,1.4232623249081793e-05,1.8973538018496328e-19
985,2.0463764159377225,0.8526568399740495,0.8526568399740512,1.6653345369377348e-15,0.28469989230614184,0.28469989230614284,9.992007221626409e-16,0.04656539615109069,0.046565396151091024,3.3306690738754696e-16,0.0037908407769161366,0.0037908407769161848,4.8138576458356397e-17,0.0001378139661448223,0.00013781396614482504,2.7376104855258987e-18
986,4.819805754701357,2.0082523977922326,2.008252397792232,4.440892098500626e-16,1.6326538251705598,1.6326538251705582,1.5543122344752192e-15,0.6869014913385356,0.6869014913385337,1.887379141862766e-15,0.15765205304779234,0.15765205304779167,6.661338147750939e-16,0.01871303630625564,0.018713036306255506,1.3530843112619095e-16
987,0.3999196891090071,0.16663320379541985,0.1666332037954196,2.498001805406602e-16,0.010433577138645487,0.01043357713864545,3.642919299551295e-17,0.000292033117611871,0.0002920331176118685,2.4936649967166602e-18,3.1398702456412816e-06,3.139870245641213e-06,6.860966872759833e-20,1.917286168573149e-09,1.9172861685723895e-09,7.593518023236794e-22
988,4.816426525292306,2.006844385538462,2.006844385538461,1.3322676295501878e-15,1.6080993218784263,1.608099321878424,2.220446049250313e-15,0.6549664031571664,0.6549664031571646,1.7763568394002505e-15,0.14221577155679782,0.14221577155679713,6.938893903907228e-16,0.015531798387205167,0.015531798387205057,1.0928757898653885e-16
989,6.521478424628643,2.7172826769286065,2.717282676928601,5.329070518200751e-15,2.790292948364645,2.7902929483646317,1.3322676295501878e-14,1.3001744919658198,1.3001744919658058,1.3988810110276972e-14,0.24618807779194546,0.24618807779193952,5.9396931817445875e-15,0.008070602702581819,0.00807060270258081,1.0096090630185017e-15
990,3.6301415801701853,1.5125589917375803,1.5125589917375772,3.1086244689504383e-15,0.8955788867510652,0.8955788867510607,4.551914400963142e-15,0.260131129935272,0.2601311299352694,2.609024107869118e-15,0.037816962729732576,0.03781696272973196,6.175615574477433e-16,0.00248925429979905,0.002489254299798981,6.895525817007808e-17
991,0.5727396505268361,0.23864152105284847,0.23864152105284833,1.3877787807814457e-16,0.021499225479237973,0.021499225479237938,3.469446951953614e-17,0.0008774820421363658,0.0008774820421363628,2.927345865710862e-18,1.4495984668939933e-05,1.4495984668939817e-05,1.1519648082658485e-19,3.994248719215873e-08,3.994248719215671e-08,2.0183206946293875e-21
992,2.1891495728492574,0.9121456553538592,0.9121456553538572,1.9984014443252818e-15,0.3420162783961926,0.34201627839619103,1.5543122344752192e-15,0.06741892253410964,0.06741892253410912,5.134781488891349e-16,0.007362660368617057,0.00736266036861697,8.673617379884035e-17,0.00042206625311552834,0.0004220662531155224,5.9631119486702744e-18
993,2.4410580866403064,1.017107536100127,1.0171075361001278,8.881784197001252e-16,0.40592466570464875,0.4059246657046494,6.661338147750939e-16,0.07977891719203409,0.07977891719203425,1.6653345369377348e-16,0.007900863691970577,0.00790086369197061,3.2959746043559335e-17,0.0003586774287072657,0.0003586774287072681,2.3852447794681098e-18
994,1.7361821283562044,0.7234092201484201,0.7234092201484186,1.5543122344752192e-15,0.21375586034299326,0.21375586034299227,9.992007221626409e-16,0.0329599478872301,0.032959947887229855,2.42861286636753e-16,0.002791750817355919,0.0027917508173558913,2.7755575615628914e-17,0.00012295231674686985,0.00012295231674686825,1.599198204416119e-18
995,2.194357996387757,0.9143158318282327,0.9143158318282321,6.661338147750939e-16,0.3240665350593605,0.3240665350593599,6.106226635438361e-16,0.05529168411143965,0.05529168411143942,2.2898349882893854e-16,0.004537960481821611,0.004537960481821577,3.382710778154774e-17,0.0001544898375550161,0.0001544898375550141,2.0057740190981832e-18
996,6.454392527418828,2.6893302197578475,2.6893302197578453,2.220446049250313e-15,2.8684931726353016,2.8684931726352945,7.105427357601002e-15,1.5326260466846495,1.5326260466846435,5.995204332975845e-15,0.42468557320882677,0.4246855732088243,2.4980018054066022e-15,0.05661572778145625,0.05661572778145571,5.412337245047638e-16
997,2.774331583177845,1.1559714929907714,1.1559714929907687,2.6645352591003757e-15,0.5137625874882966,0.5137625874882936,2.9976021664879227e-15,0.10754481162722426,0.10754481162722296,1.304512053934559e-15,0.010201662201296313,0.010201662201296077,2.3592239273284576e-16,0.0003309646808383273,0.0003309646808383092,1.8106176280507924e-17
998,10.88324245736592,4.534684357235798,4.5346843572358,2.6645352591003757e-15,7.967969679952428,7.96796967995243,2.6645352591003757e-15,6.73423417277353,6.734234172773533,2.6645352591003757e-15,2.7331578930766853,2.7331578930766818,3.552713678800501e-15,0.4582282457890705,0.45822824578906945,1.0547118733938987e-15
999,1.119883464976216,0.46661811040675605,0.4666181104067566,5.551115123125783e-16,0.08728866519146976,0.08728866519146998,2.220446049250313e-16,0.008302922954728367,0.0083029229547284,3.2959746043559335e-17,0.0004185889638650151,0.0004185889638650175,2.3852447794681098e-18,1.0471484933996667e-05,1.0471484933996764e-05,9.656175598699024e-20
1000,10.95269507399119,4.563622947496333,4.563622947496329,3.552713678800501e-15,8.060835436138827,8.060835436138806,2.1316282072803006e-14,6.8315432573803125,6.831543257380283,2.930988785010413e-14,2.76415539987997,2.764155399879951,1.9095836023552692e-14,0.45504235314357966,0.45504235314357405,5.6066262743570405e-15
1001,3.0479763464496266,1.2699901443540107,1.2699901443540111,4.440892098500626e-16,0.6151381252871458,0.6151381252871462,3.3306690738754696e-16,0.1383594192029529,0.13835941920295294,5.551115123125783e-17,0.013635138475356103,0.013635138475356126,2.2551405187698492e-17,0.00040176258666714,0.00040176258666714206,2.0599841277224584e-18
1002,1.8590188561990262,0.7745911900829288,0.7745911900829275,1.2212453270876722e-15,0.2390716635066261,0.23907166350662515,9.43689570931383e-16,0.03747300909273028,0.03747300909273001,2.706168622523819e-16,0.003135787358254767,0.0031357873582547333,3.382710778154774e-17,0.00013250279234847676,0.00013250279234847462,2.1412992906588713e-18
1003,3.015157061704074,1.256315442376696,1.2563154423766978,1.7763568394002505e-15,0.6560251346987735,0.656025134698775,1.4432899320127035e-15,0.18226078194062773,0.18226078194062817,4.440892098500626e-16,0.028415890936993524,0.02841589093699362,9.71445146547012e-17,0.00235734474814399,0.0023573447481440015,1.1709383462843448e-17
1004,3.6932436786621277,1.5388515327758885,1.5388515327758867,1.7763568394002505e-15,0.9016571152797241,0.9016571152797213,2.886579864025407e-15,0.24437970564092273,0.2443797056409212,1.5265566588595902e-15,0.02868895414010992,0.028688954140109624,2.949029909160572e-16,0.0009496477331347446,0.0009496477331347184,2.6237692574149207e-17
1005,7.020372583835899,2.925155243264959,2.9251552432649586,4.440892098500626e-16,3.369876116437334,3.369876116437332,2.220446049250313e-15,1.928610582976276,1.9286105829762725,3.552713678800501e-15,0.5667017069757311,0.5667017069757297,1.3322676295501878e-15,0.07910825953609903,0.07910825953609878,2.498001805406602e-16
1006,2.3023240022659195,0.9593016676108006,0.9593016676107998,7.771561172376096e-16,0.3699881290144452,0.36998812901444444,7.771561172376096e-16,0.07337882900505505,0.0733788290050548,2.498001805406602e-16,0.007899420780943175,0.007899420780943144,3.122502256758253e-17,0.0004382777010945501,0.00043827770109454797,2.1141942363467336e-18
1007,3.788166174123394,1.5784025725514121,1.5784025725514141,1.9984014443252818e-15,0.9627889788216157,0.9627889788216181,2.3314683517128287e-15,0.28083661797141757,0.28083661797141884,1.27675647831893e-15,0.038793975070065705,0.03879397507006599,2.8449465006019636e-16,0.0021327457722047833,0.002132745772204812,2.862293735361732e-17
1008,8.110443498486118,3.3793514577025463,3.3793514577025494,3.1086244689504383e-15,4.622897941636978,4.622897941636989,1.0658141036401503e-14,3.267107727433447,3.267107727433458,1.1102230246251565e-14,1.2543706168076094,1.254370616807617,7.549516567451064e-15,0.24745242281999083,0.24745242281999316,2.3314683517128287e-15
1009,6.20568746996844,2.585703112486848,2.5857031124868506,2.6645352591003757e-15,2.6738055394704543,2.673805539470459,4.884981308350689e-15,1.4007952642688835,1.400795264268888,4.440892098500626e-15,0.38681487145107374,0.3868148714510748,1.0547118733938987e-15,0.05258173824420541,0.05258173824420564,2.2898349882893854e-16
1010,3.4262521245029283,1.427605051876222,1.42760505187622,1.9984014443252818e-15,0.7688733211504195,0.7688733211504165,2.9976021664879227e-15,0.1870634961828992,0.18706349618289767,1.5265566588595902e-15,0.01819601084258012,0.018196010842579758,3.608224830031759e-16,0.0002505657612009238,0.0002505657612008899,3.393552799879629e-17
1011,8.187145609081403,3.411310670450587,3.411310670450585,1.7763568394002505e-15,4.570961071401221,4.570961071401217,4.440892098500626e-15,3.0206342108590407,3.0206342108590323,8.43769498715119e-15,1.0081530622862207,1.0081530622862143,6.439293542825908e-15,0.15482493298223388,0.1548249329822323,1.582067810090848e-15
1012,6.001857315098748,2.500773881291149,2.5007738812911446,4.440892098500626e-15,2.421107074631844,2.4211070746318355,8.43769498715119e-15,1.1218772991095802,1.1218772991095716,8.659739592076221e-15,0.24577553252666784,0.24577553252666492,2.914335439641036e-15,0.021224854245957644,0.021224854245957124,5.204170427930421e-16
1013,1.5700995732176457,0.6542081555073528,0.6542081555073525,3.3306690738754696e-16,0.16130703649963696,0.16130703649963674,2.220446049250313e-16,0.01794798654681231,0.017947986546812254,5.551115123125783e-17,0.0007972456111345191,0.0007972456111345143,4.7704895589362195e-18,4.968751745895712e-06,4.968751745895565e-06,1.4738373282224826e-19
1014,8.942602352720272,3.7260843136334505,3.7260843136334465,3.9968028886505635e-15,5.675806285594464,5.675806285594448,1.5987211554602254e-14,4.5276172044125,4.527617204412481,1.865174681370263e-14,1.9975396928164344,1.997539692816423,1.1324274851176597e-14,0.46284010446640583,0.46284010446640317,2.6645352591003757e-15
1015,3.0474427553024332,1.2697678147093479,1.2697678147093474,4.440892098500626e-16,0.6238715802304522,0.623871580230451,1.2212453270876722e-15,0.14656059484938222,0.14656059484938141,8.049116928532385e-16,0.016239349164598096,0.016239349164597926,1.700029006457271e-16,0.0007045574886423994,0.0007045574886423816,1.7780915628762273e-17
1016,2.147342441976326,0.8947260174901359,0.8947260174901358,1.1102230246251565e-16,0.30894951904628143,0.30894951904628126,1.6653345369377348e-16,0.05087370709890931,0.05087370709890923,7.632783294297951e-17,0.003941521390615689,0.003941521390615682,6.938893903907228e-18,0.0001193447552057802,0.00011934475520577993,2.710505431213761e-19
1017,3.2195128015046364,1.3414636672935996,1.3414636672935987,8.881784197001252e-16,0.6877762820391997,0.6877762820391985,1.2212453270876722e-15,0.16455095038041873,0.16455095038041814,5.828670879282072e-16,0.017493552527464238,0.017493552527464155,8.326672684688674e-17,0.00059320816153335,0.000593208161533345,4.9873299934333204e-18
1018,5.041513800113835,2.1006307500474337,2.100630750047431,2.6645352591003757e-15,1.7840122880803508,1.7840122880803446,6.217248937900877e-15,0.7841124908487448,0.7841124908487408,3.9968028886505635e-15,0.18836654977326528,0.18836654977326373,1.5543122344752192e-15,0.023491150238213587,0.02349115023821329,2.949029909160572e-16
1019,7.075510134864237,2.9481292228600973,2.9481292228600986,1.3322676295501878e-15,3.333740922340189,3.333740922340191,2.220446049250313e-15,1.7734347236378767,1.7734347236378798,3.1086244689504383e-15,0.42863957069200764,0.42863957069201014,2.4980018054066022e-15,0.03612106564749726,0.03612106564749781,5.551115123125783e-16
1020,8.665193092312895,3.61049712179704,3.6104971217970405,4.440892098500626e-16,4.9667746020550645,4.9667746020550645,0.0,3.155780028668773,3.155780028668769,3.9968028886505635e-15,0.8603993208497401,0.8603993208497372,2.886579864025407e-15,0.06206526169227638,0.06206526169227551,8.673617379884035e-16
1021,5.444023351693508,2.2683430632056285,2.268343063205628,4.440892098500626e-16,1.98625319539414,1.9862531953941396,4.440892098500626e-16,0.8292650425045696,0.8292650425045679,1.6653345369377348e-15,0.16267328117443125,0.16267328117443072,5.273559366969494e-16,0.012405579124395013,0.01240557912439492,9.367506770274758e-17
1022,6.613849064606605,2.7557704435860866,2.7557704435860852,1.3322676295501878e-15,2.895775486489485,2.8957754864894825,2.6645352591003757e-15,1.4114900737185385,1.4114900737185379,6.661338147750939e-16,0.30021065575709943,0.30021065575709954,1.1102230246251565e-16,0.01867380315559422,0.018673803155594255,3.469446951953614e-17
1023,8.067862322971434,3.361609301238104,3.3616093012380976,6.217248937900877e-15,4.426332276394689,4.426332276394673,1.5987211554602254e-14,2.850143559938736,2.850143559938713,2.3092638912203256e-14,0.9078812559828865,0.9078812559828757,1.0769163338864018e-14,0.1271311674021086,0.12713116740210623,2.3869795029440866e-15
