target,row,column,row_monomial,column_monomial,gram_entry
e4_residual_1_over_16,0,0,f0^4,f0^4,0.00012513780083127195
e4_residual_1_over_16,1,0,f0^3*f1,f0^4,-6.220214690725836e-06
e4_residual_1_over_16,1,1,f0^3*f1,f0^3*f1,0.00020728083994444801
e4_residual_1_over_16,2,0,f0^3*f2,f0^4,-3.356290346900754e-05
e4_residual_1_over_16,2,1,f0^3*f2,f0^3*f1,0.0001683142875763156
e4_residual_1_over_16,2,2,f0^3*f2,f0^3*f2,0.00043886464135581244
e4_residual_1_over_16,3,0,f0^3*f3,f0^4,1.2641037227224131e-05
e4_residual_1_over_16,3,1,f0^3*f3,f0^3*f1,0.00014550778749608084
e4_residual_1_over_16,3,2,f0^3*f3,f0^3*f2,0.00026117149296145506
e4_residual_1_over_16,3,3,f0^3*f3,f0^3*f3,0.0004226515939957808
e4_residual_1_over_16,4,0,f0^2*f1^2,f0^4,-4.49705439216243e-05
e4_residual_1_over_16,4,1,f0^2*f1^2,f0^3*f1,-1.617414802973755e-05
e4_residual_1_over_16,4,2,f0^2*f1^2,f0^3*f2,-9.509696677391132e-06
e4_residual_1_over_16,4,3,f0^2*f1^2,f0^3*f3,-2.6431678819350894e-05
e4_residual_1_over_16,4,4,f0^2*f1^2,f0^2*f1^2,0.00018878604765009313
e4_residual_1_over_16,5,0,f0^2*f1*f2,f0^4,1.576015584317954e-06
e4_residual_1_over_16,5,1,f0^2*f1*f2,f0^3*f1,-4.133409967114543e-05
e4_residual_1_over_16,5,2,f0^2*f1*f2,f0^3*f2,4.03682852142445e-05
e4_residual_1_over_16,5,3,f0^2*f1*f2,f0^3*f3,3.161814018526912e-05
e4_residual_1_over_16,5,4,f0^2*f1*f2,f0^2*f1^2,0.00018216597320804535
e4_residual_1_over_16,5,5,f0^2*f1*f2,f0^2*f1*f2,0.0006267401853136475
e4_residual_1_over_16,6,0,f0^2*f1*f3,f0^4,2.86825194456884e-05
e4_residual_1_over_16,6,1,f0^2*f1*f3,f0^3*f1,7.225426450725028e-06
e4_residual_1_over_16,6,2,f0^2*f1*f3,f0^3*f2,1.848115654101503e-05
e4_residual_1_over_16,6,3,f0^2*f1*f3,f0^3*f3,-1.1170705805880498e-07
e4_residual_1_over_16,6,4,f0^2*f1*f3,f0^2*f1^2,0.00016028662388666438
e4_residual_1_over_16,6,5,f0^2*f1*f3,f0^2*f1*f2,0.00037899999646976486
e4_residual_1_over_16,6,6,f0^2*f1*f3,f0^2*f1*f3,0.0006148202648732861
e4_residual_1_over_16,7,0,f0^2*f2^2,f0^4,-5.014697234568304e-05
e4_residual_1_over_16,7,1,f0^2*f2^2,f0^3*f1,-4.390941104009214e-05
e4_residual_1_over_16,7,2,f0^2*f2^2,f0^3*f2,-6.713026831986451e-05
e4_residual_1_over_16,7,3,f0^2*f2^2,f0^3*f3,-4.868849861518453e-05
e4_residual_1_over_16,7,4,f0^2*f2^2,f0^2*f1^2,4.344981122348191e-05
e4_residual_1_over_16,7,5,f0^2*f2^2,f0^2*f1*f2,0.000283600619754915
e4_residual_1_over_16,7,6,f0^2*f2^2,f0^2*f1*f3,7.628624099161956e-06
e4_residual_1_over_16,7,7,f0^2*f2^2,f0^2*f2^2,0.0005701114327671083
e4_residual_1_over_16,8,0,f0^2*f2*f3,f0^4,3.491861988301295e-05
e4_residual_1_over_16,8,1,f0^2*f2*f3,f0^3*f1,6.451975342585382e-06
e4_residual_1_over_16,8,2,f0^2*f2*f3,f0^3*f2,4.322809734689012e-05
e4_residual_1_over_16,8,3,f0^2*f2*f3,f0^3*f3,2.8264117839033655e-05
e4_residual_1_over_16,8,4,f0^2*f2*f3,f0^2*f1^2,3.7495294149265715e-05
e4_residual_1_over_16,8,5,f0^2*f2*f3,f0^2*f1*f2,0.0004225855894764206
e4_residual_1_over_16,8,6,f0^2*f2*f3,f0^2*f1*f3,0.00032000216194744005
e4_residual_1_over_16,8,7,f0^2*f2*f3,f0^2*f2^2,0.0004931191013698772
e4_residual_1_over_16,8,8,f0^2*f2*f3,f0^2*f2*f3,0.0011441260406475353
e4_residual_1_over_16,9,0,f0^2*f3^2,f0^4,-4.6759993549658714e-05
e4_residual_1_over_16,9,1,f0^2*f3^2,f0^3*f1,-1.938476141541102e-05
e4_residual_1_over_16,9,2,f0^2*f3^2,f0^3*f2,-1.829483220604494e-05
e4_residual_1_over_16,9,3,f0^2*f3^2,f0^3*f3,1.3918041265331559e-06
e4_residual_1_over_16,9,4,f0^2*f3^2,f0^2*f1^2,1.6787312827149483e-05
e4_residual_1_over_16,9,5,f0^2*f3^2,f0^2*f1*f2,8.72342018527676e-05
e4_residual_1_over_16,9,6,f0^2*f3^2,f0^2*f1*f3,0.000296733214458815
e4_residual_1_over_16,9,7,f0^2*f3^2,f0^2*f2^2,4.879582596200339e-05
e4_residual_1_over_16,9,8,f0^2*f3^2,f0^2*f2*f3,0.0004182163342424838
e4_residual_1_over_16,9,9,f0^2*f3^2,f0^2*f3^2,0.0005817015036888325
e4_residual_1_over_16,10,0,f0*f1^3,f0^4,5.031549687492143e-06
e4_residual_1_over_16,10,1,f0*f1^3,f0^3*f1,-8.80080096401565e-05
e4_residual_1_over_16,10,2,f0*f1^3,f0^3*f2,-3.596326792118606e-05
e4_residual_1_over_16,10,3,f0*f1^3,f0^3*f3,-2.080402528013771e-05
e4_residual_1_over_16,10,4,f0*f1^3,f0^2*f1^2,-8.755487048435078e-06
e4_residual_1_over_16,10,5,f0*f1^3,f0^2*f1*f2,1.1868450365926678e-05
e4_residual_1_over_16,10,6,f0*f1^3,f0^2*f1*f3,-1.847974047877187e-05
e4_residual_1_over_16,10,7,f0*f1^3,f0^2*f2^2,3.43991532007037e-06
e4_residual_1_over_16,10,8,f0*f1^3,f0^2*f2*f3,-3.539968345625854e-06
e4_residual_1_over_16,10,9,f0*f1^3,f0^2*f3^2,-2.4294541612181544e-06
e4_residual_1_over_16,10,10,f0*f1^3,f0*f1^3,6.808783513152642e-05
e4_residual_1_over_16,11,0,f0*f1^2*f2,f0^4,-2.1676156750033238e-06
e4_residual_1_over_16,11,1,f0*f1^2*f2,f0^3*f1,0.00016604501239554284
e4_residual_1_over_16,11,2,f0*f1^2*f2,f0^3*f2,0.00012158783842987108
e4_residual_1_over_16,11,3,f0*f1^2*f2,f0^3*f3,0.00020658461351401902
e4_residual_1_over_16,11,4,f0*f1^2*f2,f0^2*f1^2,-1.4410053586996456e-05
e4_residual_1_over_16,11,5,f0*f1^2*f2,f0^2*f1*f2,3.156944029713406e-05
e4_residual_1_over_16,11,6,f0*f1^2*f2,f0^2*f1*f3,0.00010677968180433355
e4_residual_1_over_16,11,7,f0*f1^2*f2,f0^2*f2^2,-0.00012905874627601132
e4_residual_1_over_16,11,8,f0*f1^2*f2,f0^2*f2*f3,-4.9199042438187304e-05
e4_residual_1_over_16,11,9,f0*f1^2*f2,f0^2*f3^2,2.9354436500957453e-05
e4_residual_1_over_16,11,10,f0*f1^2*f2,f0*f1^3,3.237095139328341e-05
e4_residual_1_over_16,11,11,f0*f1^2*f2,f0*f1^2*f2,0.0007190081416809445
e4_residual_1_over_16,12,0,f0*f1^2*f3,f0^4,-1.306076457975988e-06
e4_residual_1_over_16,12,1,f0*f1^2*f3,f0^3*f1,3.983187929892261e-05
e4_residual_1_over_16,12,2,f0*f1^2*f3,f0^3*f2,2.9570021193444006e-05
e4_residual_1_over_16,12,3,f0*f1^2*f3,f0^3*f3,1.0255204838256816e-06
e4_residual_1_over_16,12,4,f0*f1^2*f3,f0^2*f1^2,1.0222783608987471e-05
e4_residual_1_over_16,12,5,f0*f1^2*f3,f0^2*f1*f2,1.551321734382238e-05
e4_residual_1_over_16,12,6,f0*f1^2*f3,f0^2*f1*f3,-2.4966914441855006e-05
e4_residual_1_over_16,12,7,f0*f1^2*f3,f0^2*f2^2,6.052439768056592e-06
e4_residual_1_over_16,12,8,f0*f1^2*f3,f0^2*f2*f3,-4.252965271111994e-05
e4_residual_1_over_16,12,9,f0*f1^2*f3,f0^2*f3^2,-4.524070168072396e-05
e4_residual_1_over_16,12,10,f0*f1^2*f3,f0*f1^3,-3.2311834581745824e-06
e4_residual_1_over_16,12,11,f0*f1^2*f3,f0*f1^2*f2,0.0001416000731401281
e4_residual_1_over_16,12,12,f0*f1^2*f3,f0*f1^2*f3,0.0004584758634743422
e4_residual_1_over_16,13,0,f0*f1*f2^2,f0^4,-5.5350307346622885e-06
e4_residual_1_over_16,13,1,f0*f1*f2^2,f0^3*f1,9.905537724266994e-06
e4_residual_1_over_16,13,2,f0*f1*f2^2,f0^3*f2,9.713483557452766e-05
e4_residual_1_over_16,13,3,f0*f1*f2^2,f0^3*f3,3.173137418898306e-05
e4_residual_1_over_16,13,4,f0*f1*f2^2,f0^2*f1^2,1.9634995986625174e-05
e4_residual_1_over_16,13,5,f0*f1*f2^2,f0^2*f1*f2,0.00010453681871417742
e4_residual_1_over_16,13,6,f0*f1*f2^2,f0^2*f1*f3,1.9209882222386747e-05
e4_residual_1_over_16,13,7,f0*f1*f2^2,f0^2*f2^2,2.0081677228496704e-05
e4_residual_1_over_16,13,8,f0*f1*f2^2,f0^2*f2*f3,3.156472115151465e-05
e4_residual_1_over_16,13,9,f0*f1*f2^2,f0^2*f3^2,-5.447799017419019e-06
e4_residual_1_over_16,13,10,f0*f1*f2^2,f0*f1^3,1.5788661445949582e-05
e4_residual_1_over_16,13,11,f0*f1*f2^2,f0*f1^2*f2,0.00021838226500507928
e4_residual_1_over_16,13,12,f0*f1*f2^2,f0*f1^2*f3,0.0001612130541175755
e4_residual_1_over_16,13,13,f0*f1*f2^2,f0*f1*f2^2,0.000702650733094787
e4_residual_1_over_16,14,0,f0*f1*f2*f3,f0^4,2.782969998247909e-05
e4_residual_1_over_16,14,1,f0*f1*f2*f3,f0^3*f1,-0.00013308584768831173
e4_residual_1_over_16,14,2,f0*f1*f2*f3,f0^3*f2,-0.0003512428180063399
e4_residual_1_over_16,14,3,f0*f1*f2*f3,f0^3*f3,-0.00029916535057584597
e4_residual_1_over_16,14,4,f0*f1*f2*f3,f0^2*f1^2,3.80536880986631e-05
e4_residual_1_over_16,14,5,f0*f1*f2*f3,f0^2*f1*f2,-9.659610724738385e-06
e4_residual_1_over_16,14,6,f0*f1*f2*f3,f0^2*f1*f3,5.179940355659111e-05
e4_residual_1_over_16,14,7,f0*f1*f2*f3,f0^2*f2^2,2.5099618274196883e-05
e4_residual_1_over_16,14,8,f0*f1*f2*f3,f0^2*f2*f3,-7.426269256218517e-05
e4_residual_1_over_16,14,9,f0*f1*f2*f3,f0^2*f3^2,9.08720322621817e-06
e4_residual_1_over_16,14,10,f0*f1*f2*f3,f0*f1^3,6.514273185284049e-05
e4_residual_1_over_16,14,11,f0*f1*f2*f3,f0*f1^2*f2,0.00019143061284840403
e4_residual_1_over_16,14,12,f0*f1*f2*f3,f0*f1^2*f3,0.00018474361634866082
e4_residual_1_over_16,14,13,f0*f1*f2*f3,f0*f1*f2^2,0.0003013251036712947
e4_residual_1_over_16,14,14,f0*f1*f2*f3,f0*f1*f2*f3,0.0013214311064912799
e4_residual_1_over_16,15,0,f0*f1*f3^2,f0^4,-1.8799503919892824e-05
e4_residual_1_over_16,15,1,f0*f1*f3^2,f0^3*f1,6.023825746451167e-06
e4_residual_1_over_16,15,2,f0*f1*f3^2,f0^3*f2,0.00010201227222408446
e4_residual_1_over_16,15,3,f0*f1*f3^2,f0^3*f3,0.00017560790707446262
e4_residual_1_over_16,15,4,f0*f1*f3^2,f0^2*f1^2,-1.4105491674732283e-05
e4_residual_1_over_16,15,5,f0*f1*f3^2,f0^2*f1*f2,4.8425625595790135e-05
e4_residual_1_over_16,15,6,f0*f1*f3^2,f0^2*f1*f3,-6.535122092453817e-06
e4_residual_1_over_16,15,7,f0*f1*f3^2,f0^2*f2^2,7.327964073713856e-05
e4_residual_1_over_16,15,8,f0*f1*f3^2,f0^2*f2*f3,5.779333001730813e-05
e4_residual_1_over_16,15,9,f0*f1*f3^2,f0^2*f3^2,-1.3469158228603741e-06
e4_residual_1_over_16,15,10,f0*f1*f3^2,f0*f1^3,3.7447496988600334e-05
e4_residual_1_over_16,15,11,f0*f1*f3^2,f0*f1^2*f2,0.00013953173024935516
e4_residual_1_over_16,15,12,f0*f1*f3^2,f0*f1^2*f3,0.00021033590819504055
e4_residual_1_over_16,15,13,f0*f1*f3^2,f0*f1*f2^2,5.867861762446416e-05
e4_residual_1_over_16,15,14,f0*f1*f3^2,f0*f1*f2*f3,0.00016163678322386578
e4_residual_1_over_16,15,15,f0*f1*f3^2,f0*f1*f3^2,0.0006980633998568655
e4_residual_1_over_16,16,0,f0*f2^3,f0^4,-6.111842162332293e-06
e4_residual_1_over_16,16,1,f0*f2^3,f0^3*f1,-1.1653331936303612e-05
e4_residual_1_over_16,16,2,f0*f2^3,f0^3*f2,-9.016714045745181e-05
e4_residual_1_over_16,16,3,f0*f2^3,f0^3*f3,4.2991583641448354e-06
e4_residual_1_over_16,16,4,f0*f2^3,f0^2*f1^2,2.8560444779897643e-05
e4_residual_1_over_16,16,5,f0*f2^3,f0^2*f1*f2,-3.48477941227723e-06
e4_residual_1_over_16,16,6,f0*f2^3,f0^2*f1*f3,-7.952083658745156e-06
e4_residual_1_over_16,16,7,f0*f2^3,f0^2*f2^2,-3.881759849042133e-05
e4_residual_1_over_16,16,8,f0*f2^3,f0^2*f2*f3,-5.804109612282843e-05
e4_residual_1_over_16,16,9,f0*f2^3,f0^2*f3^2,-8.144924107906227e-06
e4_residual_1_over_16,16,10,f0*f2^3,f0*f1^3,-6.641392370986185e-06
e4_residual_1_over_16,16,11,f0*f2^3,f0*f1^2*f2,3.4614279944931126e-05
e4_residual_1_over_16,16,12,f0*f2^3,f0*f1^2*f3,1.5066029783531711e-06
e4_residual_1_over_16,16,13,f0*f2^3,f0*f1*f2^2,0.00014723916602382554
e4_residual_1_over_16,16,14,f0*f2^3,f0*f1*f2*f3,0.0001402882279885611
e4_residual_1_over_16,16,15,f0*f2^3,f0*f1*f3^2,2.6826752100002906e-05
e4_residual_1_over_16,16,16,f0*f2^3,f0*f2^3,0.00017813996679796477
e4_residual_1_over_16,17,0,f0*f2^2*f3,f0^4,-5.308928624147226e-06
e4_residual_1_over_16,17,1,f0*f2^2*f3,f0^3*f1,1.8172794444000553e-05
e4_residual_1_over_16,17,2,f0*f2^2*f3,f0^3*f2,0.000120129152506401
e4_residual_1_over_16,17,3,f0*f2^2*f3,f0^3*f3,8.599067788112914e-06
e4_residual_1_over_16,17,4,f0*f2^2*f3,f0^2*f1^2,3.527181859007818e-05
e4_residual_1_over_16,17,5,f0*f2^2*f3,f0^2*f1*f2,4.5502210597944796e-05
e4_residual_1_over_16,17,6,f0*f2^2*f3,f0^2*f1*f3,-3.8867042484333196e-05
e4_residual_1_over_16,17,7,f0*f2^2*f3,f0^2*f2^2,9.626727865393609e-05
e4_residual_1_over_16,17,8,f0*f2^2*f3,f0^2*f2*f3,3.5676974947485085e-05
e4_residual_1_over_16,17,9,f0*f2^2*f3,f0^2*f3^2,-0.00011783378489064778
e4_residual_1_over_16,17,10,f0*f2^2*f3,f0*f1^3,-1.1330102430310075e-06
e4_residual_1_over_16,17,11,f0*f2^2*f3,f0*f1^2*f2,-1.5406700581548115e-05
e4_residual_1_over_16,17,12,f0*f2^2*f3,f0*f1^2*f3,2.4522792681433845e-05
e4_residual_1_over_16,17,13,f0*f2^2*f3,f0*f1*f2^2,0.00018604024666620317
e4_residual_1_over_16,17,14,f0*f2^2*f3,f0*f1*f2*f3,0.00034189974426227746
e4_residual_1_over_16,17,15,f0*f2^2*f3,f0*f1*f3^2,0.0001080784212140027
e4_residual_1_over_16,17,16,f0*f2^2*f3,f0*f2^3,0.00013535841862912922
e4_residual_1_over_16,17,17,f0*f2^2*f3,f0*f2^2*f3,0.0006657456422029035
e4_residual_1_over_16,18,0,f0*f2*f3^2,f0^4,3.642855218935845e-06
e4_residual_1_over_16,18,1,f0*f2*f3^2,f0^3*f1,-9.865734775126502e-06
e4_residual_1_over_16,18,2,f0*f2*f3^2,f0^3*f2,-4.2026638779175646e-05
e4_residual_1_over_16,18,3,f0*f2*f3^2,f0^3*f3,6.406560904257537e-05
e4_residual_1_over_16,18,4,f0*f2*f3^2,f0^2*f1^2,1.6465250590400731e-06
e4_residual_1_over_16,18,5,f0*f2*f3^2,f0^2*f1*f2,2.131843508245336e-05
e4_residual_1_over_16,18,6,f0*f2*f3^2,f0^2*f1*f3,5.639063614671408e-05
e4_residual_1_over_16,18,7,f0*f2*f3^2,f0^2*f2^2,8.926928803276436e-05
e4_residual_1_over_16,18,8,f0*f2*f3^2,f0^2*f2*f3,0.00012198247347769576
e4_residual_1_over_16,18,9,f0*f2*f3^2,f0^2*f3^2,5.5266346454072885e-05
e4_residual_1_over_16,18,10,f0*f2*f3^2,f0*f1^3,1.457971892081203e-05
e4_residual_1_over_16,18,11,f0*f2*f3^2,f0*f1^2*f2,7.53911610863833e-05
e4_residual_1_over_16,18,12,f0*f2*f3^2,f0*f1^2*f3,0.00013159245880949884
e4_residual_1_over_16,18,13,f0*f2*f3^2,f0*f1*f2^2,3.824509114180967e-05
e4_residual_1_over_16,18,14,f0*f2*f3^2,f0*f1*f2*f3,0.0004510095402094277
e4_residual_1_over_16,18,15,f0*f2*f3^2,f0*f1*f3^2,0.00022348774307380642
e4_residual_1_over_16,18,16,f0*f2*f3^2,f0*f2^3,-8.640879615595468e-06
e4_residual_1_over_16,18,17,f0*f2*f3^2,f0*f2^2*f3,0.0002548619763777669
e4_residual_1_over_16,18,18,f0*f2*f3^2,f0*f2*f3^2,0.0007058604614952498
e4_residual_1_over_16,19,0,f0*f3^3,f0^4,7.16861669294611e-07
e4_residual_1_over_16,19,1,f0*f3^3,f0^3*f1,1.956637588777524e-05
e4_residual_1_over_16,19,2,f0*f3^3,f0^3*f2,2.531121142809574e-05
e4_residual_1_over_16,19,3,f0*f3^3,f0^3*f3,-8.797715524825116e-05
e4_residual_1_over_16,19,4,f0*f3^3,f0^2*f1^2,-1.5811330625039206e-05
e4_residual_1_over_16,19,5,f0*f3^3,f0^2*f1*f2,-2.7830988006077686e-06
e4_residual_1_over_16,19,6,f0*f3^3,f0^2*f1*f3,2.3363740859342617e-05
e4_residual_1_over_16,19,7,f0*f3^3,f0^2*f2^2,4.219114745861369e-05
e4_residual_1_over_16,19,8,f0*f3^3,f0^2*f2*f3,8.388262137938333e-05
e4_residual_1_over_16,19,9,f0*f3^3,f0^2*f3^2,1.0435768391597675e-05
e4_residual_1_over_16,19,10,f0*f3^3,f0*f1^3,-3.195055003887891e-06
e4_residual_1_over_16,19,11,f0*f3^3,f0*f1^2*f2,2.0920775982980678e-05
e4_residual_1_over_16,19,12,f0*f3^3,f0*f1^2*f3,1.813840611256245e-05
e4_residual_1_over_16,19,13,f0*f3^3,f0*f1*f2^2,-1.3829784754661886e-05
e4_residual_1_over_16,19,14,f0*f3^3,f0*f1*f2*f3,0.00011020026266787609
e4_residual_1_over_16,19,15,f0*f3^3,f0*f1*f3^2,0.00023376939158842826
e4_residual_1_over_16,19,16,f0*f3^3,f0*f2^3,-4.119864769499041e-05
e4_residual_1_over_16,19,17,f0*f3^3,f0*f2^2*f3,6.028408411219876e-05
e4_residual_1_over_16,19,18,f0*f3^3,f0*f2*f3^2,0.00010276268204805332
e4_residual_1_over_16,19,19,f0*f3^3,f0*f3^3,0.0002453359762299189
e4_residual_1_over_16,20,0,f1^4,f0^4,-2.629845452172228e-05
e4_residual_1_over_16,20,1,f1^4,f0^3*f1,6.21670568001729e-06
e4_residual_1_over_16,20,2,f1^4,f0^3*f2,1.346772506314946e-05
e4_residual_1_over_16,20,3,f1^4,f0^3*f3,-3.245550210843864e-06
e4_residual_1_over_16,20,4,f1^4,f0^2*f1^2,-4.2544849131880645e-05
e4_residual_1_over_16,20,5,f1^4,f0^2*f1*f2,-2.26440501804352e-05
e4_residual_1_over_16,20,6,f1^4,f0^2*f1*f3,-3.6714665974784015e-05
e4_residual_1_over_16,20,7,f1^4,f0^2*f2^2,1.2757745578348841e-05
e4_residual_1_over_16,20,8,f1^4,f0^2*f2*f3,-2.4092681221116377e-05
e4_residual_1_over_16,20,9,f1^4,f0^2*f3^2,-4.195209833910668e-06
e4_residual_1_over_16,20,10,f1^4,f0*f1^3,5.113921728293139e-06
e4_residual_1_over_16,20,11,f1^4,f0*f1^2*f2,6.60490782668739e-06
e4_residual_1_over_16,20,12,f1^4,f0*f1^2*f3,-5.2874507440260275e-06
e4_residual_1_over_16,20,13,f1^4,f0*f1*f2^2,-6.590519750235677e-06
e4_residual_1_over_16,20,14,f1^4,f0*f1*f2*f3,-1.2812440277047706e-05
e4_residual_1_over_16,20,15,f1^4,f0*f1*f3^2,8.064295683099225e-06
e4_residual_1_over_16,20,16,f1^4,f0*f2^3,-6.972570815619498e-06
e4_residual_1_over_16,20,17,f1^4,f0*f2^2*f3,-1.4176175718255383e-06
e4_residual_1_over_16,20,18,f1^4,f0*f2*f3^2,-8.82532040788945e-06
e4_residual_1_over_16,20,19,f1^4,f0*f3^3,1.0446683895759002e-05
e4_residual_1_over_16,20,20,f1^4,f1^4,3.927784322643605e-05
e4_residual_1_over_16,21,0,f1^3*f2,f0^4,3.558735180600101e-05
e4_residual_1_over_16,21,1,f1^3*f2,f0^3*f1,-1.4038273475809046e-05
e4_residual_1_over_16,21,2,f1^3*f2,f0^3*f2,-2.472800180305938e-05
e4_residual_1_over_16,21,3,f1^3*f2,f0^3*f3,1.47567182404178e-06
e4_residual_1_over_16,21,4,f1^3*f2,f0^2*f1^2,0.00019033272049211674
e4_residual_1_over_16,21,5,f1^3*f2,f0^2*f1*f2,0.00017045814639640434
e4_residual_1_over_16,21,6,f1^3*f2,f0^2*f1*f3,0.00017919101735257742
e4_residual_1_over_16,21,7,f1^3*f2,f0^2*f2^2,-4.0059148647251455e-06
e4_residual_1_over_16,21,8,f1^3*f2,f0^2*f2*f3,-6.097129081803049e-06
e4_residual_1_over_16,21,9,f1^3*f2,f0^2*f3^2,-0.00012061460968637214
e4_residual_1_over_16,21,10,f1^3*f2,f0*f1^3,1.6299849796807316e-05
e4_residual_1_over_16,21,11,f1^3*f2,f0*f1^2*f2,1.8758618226992919e-06
e4_residual_1_over_16,21,12,f1^3*f2,f0*f1^2*f3,0.00010345204080629702
e4_residual_1_over_16,21,13,f1^3*f2,f0*f1*f2^2,-2.9741800602760615e-06
e4_residual_1_over_16,21,14,f1^3*f2,f0*f1*f2*f3,7.825473558781684e-05
e4_residual_1_over_16,21,15,f1^3*f2,f0*f1*f3^2,2.8878350735581454e-05
e4_residual_1_over_16,21,16,f1^3*f2,f0*f2^3,3.1770224004416574e-05
e4_residual_1_over_16,21,17,f1^3*f2,f0*f2^2*f3,6.775158663272114e-05
e4_residual_1_over_16,21,18,f1^3*f2,f0*f2*f3^2,3.0808288453728365e-05
e4_residual_1_over_16,21,19,f1^3*f2,f0*f3^3,-1.4915425656531142e-05
e4_residual_1_over_16,21,20,f1^3*f2,f1^4,-1.889690629083945e-05
e4_residual_1_over_16,21,21,f1^3*f2,f1^3*f2,0.0005191991890246353
e4_residual_1_over_16,22,0,f1^3*f3,f0^4,5.765475912262169e-05
e4_residual_1_over_16,22,1,f1^3*f3,f0^3*f1,-2.9164066343566963e-05
e4_residual_1_over_16,22,2,f1^3*f3,f0^3*f2,-3.0025329533967914e-05
e4_residual_1_over_16,22,3,f1^3*f3,f0^3*f3,2.0827171660635577e-06
e4_residual_1_over_16,22,4,f1^3*f3,f0^2*f1^2,5.6172505220094225e-05
e4_residual_1_over_16,22,5,f1^3*f3,f0^2*f1*f2,7.120311377994872e-06
e4_residual_1_over_16,22,6,f1^3*f3,f0^2*f1*f3,7.422098414096459e-06
e4_residual_1_over_16,22,7,f1^3*f3,f0^2*f2^2,-6.235737646959938e-05
e4_residual_1_over_16,22,8,f1^3*f3,f0^2*f2*f3,-4.078253090925102e-05
e4_residual_1_over_16,22,9,f1^3*f3,f0^2*f3^2,4.334830605569395e-05
e4_residual_1_over_16,22,10,f1^3*f3,f0*f1^3,-1.3049473075660185e-05
e4_residual_1_over_16,22,11,f1^3*f3,f0*f1^2*f2,3.5548527544301576e-06
e4_residual_1_over_16,22,12,f1^3*f3,f0*f1^2*f3,9.91401905102789e-06
e4_residual_1_over_16,22,13,f1^3*f3,f0*f1*f2^2,3.750813630501877e-05
e4_residual_1_over_16,22,14,f1^3*f3,f0*f1*f2*f3,4.285652457674618e-05
e4_residual_1_over_16,22,15,f1^3*f3,f0*f1*f3^2,-2.5832204266079856e-05
e4_residual_1_over_16,22,16,f1^3*f3,f0*f2^3,1.4096129686437121e-05
e4_residual_1_over_16,22,17,f1^3*f3,f0*f2^2*f3,2.244348850697729e-06
e4_residual_1_over_16,22,18,f1^3*f3,f0*f2*f3^2,1.4510356773691987e-05
e4_residual_1_over_16,22,19,f1^3*f3,f0*f3^3,-3.8023681308128083e-05
e4_residual_1_over_16,22,20,f1^3*f3,f1^4,-0.00010170295673180169
e4_residual_1_over_16,22,21,f1^3*f3,f1^3*f2,-0.00012879980600553987
e4_residual_1_over_16,22,22,f1^3*f3,f1^3*f3,0.00041036455323064964
e4_residual_1_over_16,23,0,f1^2*f2^2,f0^4,-4.689434782435182e-06
e4_residual_1_over_16,23,1,f1^2*f2^2,f0^3*f1,-1.8970045520237146e-05
e4_residual_1_over_16,23,2,f1^2*f2^2,f0^3*f2,-4.973359914479544e-05
e4_residual_1_over_16,23,3,f1^2*f2^2,f0^3*f3,8.72025564794609e-06
e4_residual_1_over_16,23,4,f1^2*f2^2,f0^2*f1^2,-3.259966360951792e-05
e4_residual_1_over_16,23,5,f1^2*f2^2,f0^2*f1*f2,0.0002067292296690001
e4_residual_1_over_16,23,6,f1^2*f2^2,f0^2*f1*f3,6.816796335082439e-05
e4_residual_1_over_16,23,7,f1^2*f2^2,f0^2*f2^2,0.00019986210093810787
e4_residual_1_over_16,23,8,f1^2*f2^2,f0^2*f2*f3,0.0004548933587371832
e4_residual_1_over_16,23,9,f1^2*f2^2,f0^2*f3^2,3.5551987351160655e-05
e4_residual_1_over_16,23,10,f1^2*f2^2,f0*f1^3,1.8841629472880184e-05
e4_residual_1_over_16,23,11,f1^2*f2^2,f0*f1^2*f2,6.38079919675112e-05
e4_residual_1_over_16,23,12,f1^2*f2^2,f0*f1^2*f3,-7.265933708753009e-05
e4_residual_1_over_16,23,13,f1^2*f2^2,f0*f1*f2^2,1.899994991229555e-05
e4_residual_1_over_16,23,14,f1^2*f2^2,f0*f1*f2*f3,5.493520176151888e-05
e4_residual_1_over_16,23,15,f1^2*f2^2,f0*f1*f3^2,5.269216255562984e-06
e4_residual_1_over_16,23,16,f1^2*f2^2,f0*f2^3,-1.2908392436787182e-05
e4_residual_1_over_16,23,17,f1^2*f2^2,f0*f2^2*f3,-2.7396047336733098e-05
e4_residual_1_over_16,23,18,f1^2*f2^2,f0*f2*f3^2,0.00011893261929278165
e4_residual_1_over_16,23,19,f1^2*f2^2,f0*f3^3,1.941079121511255e-05
e4_residual_1_over_16,23,20,f1^2*f2^2,f1^4,3.2407579193291425e-06
e4_residual_1_over_16,23,21,f1^2*f2^2,f1^3*f2,-4.251255425183225e-05
e4_residual_1_over_16,23,22,f1^2*f2^2,f1^3*f3,-5.0018826017935205e-05
e4_residual_1_over_16,23,23,f1^2*f2^2,f1^2*f2^2,0.0008902328786012737
e4_residual_1_over_16,24,0,f1^2*f2*f3,f0^4,1.4512296717317021e-05
e4_residual_1_over_16,24,1,f1^2*f2*f3,f0^3*f1,5.787059240963638e-05
e4_residual_1_over_16,24,2,f1^2*f2*f3,f0^3*f2,-2.887585233652604e-05
e4_residual_1_over_16,24,3,f1^2*f2*f3,f0^3*f3,-2.0758516318437498e-05
e4_residual_1_over_16,24,4,f1^2*f2*f3,f0^2*f1^2,-0.00023170374200127362
e4_residual_1_over_16,24,5,f1^2*f2*f3,f0^2*f1*f2,-0.0005127678021422615
e4_residual_1_over_16,24,6,f1^2*f2*f3,f0^2*f1*f3,-0.00036799526657744114
e4_residual_1_over_16,24,7,f1^2*f2*f3,f0^2*f2^2,9.153950522514777e-05
e4_residual_1_over_16,24,8,f1^2*f2*f3,f0^2*f2*f3,0.00012335687576441658
e4_residual_1_over_16,24,9,f1^2*f2*f3,f0^2*f3^2,0.00019675716232469564
e4_residual_1_over_16,24,10,f1^2*f2*f3,f0*f1^3,-1.904555105006769e-06
e4_residual_1_over_16,24,11,f1^2*f2*f3,f0*f1^2*f2,-7.577952987326044e-05
e4_residual_1_over_16,24,12,f1^2*f2*f3,f0*f1^2*f3,-1.565103334922643e-05
e4_residual_1_over_16,24,13,f1^2*f2*f3,f0*f1*f2^2,-8.225023479371354e-05
e4_residual_1_over_16,24,14,f1^2*f2*f3,f0*f1*f2*f3,-2.6486503936804775e-05
e4_residual_1_over_16,24,15,f1^2*f2*f3,f0*f1*f3^2,1.80498153736305e-05
e4_residual_1_over_16,24,16,f1^2*f2*f3,f0*f2^3,-7.557876326930903e-05
e4_residual_1_over_16,24,17,f1^2*f2*f3,f0*f2^2*f3,-6.74776049310129e-05
e4_residual_1_over_16,24,18,f1^2*f2*f3,f0*f2*f3^2,3.645495093900825e-05
e4_residual_1_over_16,24,19,f1^2*f2*f3,f0*f3^3,8.621102272316304e-05
e4_residual_1_over_16,24,20,f1^2*f2*f3,f1^4,3.8649064751700647e-05
e4_residual_1_over_16,24,21,f1^2*f2*f3,f1^3*f2,-0.00025179572625432477
e4_residual_1_over_16,24,22,f1^2*f2*f3,f1^3*f3,-0.00010537743239232803
e4_residual_1_over_16,24,23,f1^2*f2*f3,f1^2*f2^2,-0.00019545287479828488
e4_residual_1_over_16,24,24,f1^2*f2*f3,f1^2*f2*f3,0.001242733258281393
e4_residual_1_over_16,25,0,f1^2*f3^2,f0^4,-4.4214686936590515e-06
e4_residual_1_over_16,25,1,f1^2*f3^2,f0^3*f1,5.948424933138536e-06
e4_residual_1_over_16,25,2,f1^2*f3^2,f0^3*f2,2.3599196133347338e-05
e4_residual_1_over_16,25,3,f1^2*f3^2,f0^3*f3,3.763775217828388e-05
e4_residual_1_over_16,25,4,f1^2*f3^2,f0^2*f1^2,1.618708466321222e-05
e4_residual_1_over_16,25,5,f1^2*f3^2,f0^2*f1*f2,0.00012381229581557432
e4_residual_1_over_16,25,6,f1^2*f3^2,f0^2*f1*f3,0.00018989334204197567
e4_residual_1_over_16,25,7,f1^2*f3^2,f0^2*f2^2,2.7044015331692893e-05
e4_residual_1_over_16,25,8,f1^2*f3^2,f0^2*f2*f3,0.00023349240661194064
e4_residual_1_over_16,25,9,f1^2*f3^2,f0^2*f3^2,2.001810011813618e-06
e4_residual_1_over_16,25,10,f1^2*f3^2,f0*f1^3,6.302453542498541e-06
e4_residual_1_over_16,25,11,f1^2*f3^2,f0*f1^2*f2,5.9239446379689715e-05
e4_residual_1_over_16,25,12,f1^2*f3^2,f0*f1^2*f3,-1.543471825723893e-05
e4_residual_1_over_16,25,13,f1^2*f3^2,f0*f1*f2^2,4.3262269021781536e-05
e4_residual_1_over_16,25,14,f1^2*f3^2,f0*f1*f2*f3,-8.253283793234898e-06
e4_residual_1_over_16,25,15,f1^2*f3^2,f0*f1*f3^2,6.978842615369827e-05
e4_residual_1_over_16,25,16,f1^2*f3^2,f0*f2^3,1.0477910320604737e-06
e4_residual_1_over_16,25,17,f1^2*f3^2,f0*f2^2*f3,-6.14694629845909e-05
e4_residual_1_over_16,25,18,f1^2*f3^2,f0*f2*f3^2,8.406849455349308e-06
e4_residual_1_over_16,25,19,f1^2*f3^2,f0*f3^3,2.5271777085973412e-05
e4_residual_1_over_16,25,20,f1^2*f3^2,f1^4,-1.4890368565599969e-05
e4_residual_1_over_16,25,21,f1^2*f3^2,f1^3*f2,-5.518126548322538e-05
e4_residual_1_over_16,25,22,f1^2*f3^2,f1^3*f3,-0.00011694927696578481
e4_residual_1_over_16,25,23,f1^2*f3^2,f1^2*f2^2,0.00013872879762316643
e4_residual_1_over_16,25,24,f1^2*f3^2,f1^2*f2*f3,-0.00017678738870710592
e4_residual_1_over_16,25,25,f1^2*f3^2,f1^2*f3^2,0.0006122180963827526
e4_residual_1_over_16,26,0,f1*f2^3,f0^4,8.827008456790996e-07
e4_residual_1_over_16,26,1,f1*f2^3,f0^3*f1,-6.758777152390196e-06
e4_residual_1_over_16,26,2,f1*f2^3,f0^3*f2,-4.686708060422298e-08
e4_residual_1_over_16,26,3,f1*f2^3,f0^3*f3,1.5520636143217236e-05
e4_residual_1_over_16,26,4,f1*f2^3,f0^2*f1^2,4.669774485327855e-05
e4_residual_1_over_16,26,5,f1*f2^3,f0^2*f1*f2,0.0001026426753695928
e4_residual_1_over_16,26,6,f1*f2^3,f0^2*f1*f3,7.057032215877303e-05
e4_residual_1_over_16,26,7,f1*f2^3,f0^2*f2^2,4.9532736713912395e-05
e4_residual_1_over_16,26,8,f1*f2^3,f0^2*f2*f3,-2.580455261339416e-05
e4_residual_1_over_16,26,9,f1*f2^3,f0^2*f3^2,-1.4312788175360569e-05
e4_residual_1_over_16,26,10,f1*f2^3,f0*f1^3,-4.437192022405313e-06
e4_residual_1_over_16,26,11,f1*f2^3,f0*f1^2*f2,-3.162932919802362e-05
e4_residual_1_over_16,26,12,f1*f2^3,f0*f1^2*f3,-2.9361161662646484e-06
e4_residual_1_over_16,26,13,f1*f2^3,f0*f1*f2^2,3.293176142341981e-05
e4_residual_1_over_16,26,14,f1*f2^3,f0*f1*f2*f3,2.037179062685942e-06
e4_residual_1_over_16,26,15,f1*f2^3,f0*f1*f3^2,9.311971813614825e-06
e4_residual_1_over_16,26,16,f1*f2^3,f0*f2^3,8.120432143922218e-06
e4_residual_1_over_16,26,17,f1*f2^3,f0*f2^2*f3,-1.7479148606610006e-05
e4_residual_1_over_16,26,18,f1*f2^3,f0*f2*f3^2,3.281670164266725e-05
e4_residual_1_over_16,26,19,f1*f2^3,f0*f3^3,-8.424127595430763e-06
e4_residual_1_over_16,26,20,f1*f2^3,f1^4,2.060656115902848e-06
e4_residual_1_over_16,26,21,f1*f2^3,f1^3*f2,7.17387133398881e-05
e4_residual_1_over_16,26,22,f1*f2^3,f1^3*f3,-2.5601322177902254e-05
e4_residual_1_over_16,26,23,f1*f2^3,f1^2*f2^2,-1.6209029112774457e-05
e4_residual_1_over_16,26,24,f1*f2^3,f1^2*f2*f3,1.7146013293892752e-05
e4_residual_1_over_16,26,25,f1*f2^3,f1^2*f3^2,-6.503249926363199e-05
e4_residual_1_over_16,26,26,f1*f2^3,f1*f2^3,0.00047115623543555834
e4_residual_1_over_16,27,0,f1*f2^2*f3,f0^4,-2.7091581011179054e-05
e4_residual_1_over_16,27,1,f1*f2^2*f3,f0^3*f1,2.7160510685676345e-05
e4_residual_1_over_16,27,2,f1*f2^2*f3,f0^3*f2,0.00011293321938471514
e4_residual_1_over_16,27,3,f1*f2^2*f3,f0^3*f3,-7.679656680450774e-06
e4_residual_1_over_16,27,4,f1*f2^2*f3,f0^2*f1^2,2.8873204801448672e-06
e4_residual_1_over_16,27,5,f1*f2^2*f3,f0^2*f1*f2,-0.0003032399080774204
e4_residual_1_over_16,27,6,f1*f2^2*f3,f0^2*f1*f3,7.652190616237052e-05
e4_residual_1_over_16,27,7,f1*f2^2*f3,f0^2*f2^2,-0.0006744159583868757
e4_residual_1_over_16,27,8,f1*f2^2*f3,f0^2*f2*f3,-0.000698881581675815
e4_residual_1_over_16,27,9,f1*f2^2*f3,f0^2*f3^2,5.775072114754815e-05
e4_residual_1_over_16,27,10,f1*f2^2*f3,f0*f1^3,-1.8457264760771758e-06
e4_residual_1_over_16,27,11,f1*f2^2*f3,f0*f1^2*f2,0.00016166146690929024
e4_residual_1_over_16,27,12,f1*f2^2*f3,f0*f1^2*f3,3.2680768807617025e-06
e4_residual_1_over_16,27,13,f1*f2^2*f3,f0*f1*f2^2,0.0001291744144110807
e4_residual_1_over_16,27,14,f1*f2^2*f3,f0*f1*f2*f3,4.323265923180786e-05
e4_residual_1_over_16,27,15,f1*f2^2*f3,f0*f1*f3^2,-1.2348253255784788e-05
e4_residual_1_over_16,27,16,f1*f2^2*f3,f0*f2^3,9.33150935082483e-05
e4_residual_1_over_16,27,17,f1*f2^2*f3,f0*f2^2*f3,-7.543356003035164e-05
e4_residual_1_over_16,27,18,f1*f2^2*f3,f0*f2*f3^2,-0.0003032443385651023
e4_residual_1_over_16,27,19,f1*f2^2*f3,f0*f3^3,-2.2840740260281338e-05
e4_residual_1_over_16,27,20,f1*f2^2*f3,f1^4,8.608908516785054e-06
e4_residual_1_over_16,27,21,f1*f2^2*f3,f1^3*f2,2.1797965832920377e-05
e4_residual_1_over_16,27,22,f1*f2^2*f3,f1^3*f3,2.6331373127680265e-05
e4_residual_1_over_16,27,23,f1*f2^2*f3,f1^2*f2^2,-0.00035184343427971295
e4_residual_1_over_16,27,24,f1*f2^2*f3,f1^2*f2*f3,-0.00017207517250293205
e4_residual_1_over_16,27,25,f1*f2^2*f3,f1^2*f3^2,-4.805985400914549e-05
e4_residual_1_over_16,27,26,f1*f2^2*f3,f1*f2^3,-0.00010276612803120728
e4_residual_1_over_16,27,27,f1*f2^2*f3,f1*f2^2*f3,0.0014299542628201554
e4_residual_1_over_16,28,0,f1*f2*f3^2,f0^4,-2.589068389641834e-05
e4_residual_1_over_16,28,1,f1*f2*f3^2,f0^3*f1,1.4264964871955013e-05
e4_residual_1_over_16,28,2,f1*f2*f3^2,f0^3*f2,7.258026284175537e-05
e4_residual_1_over_16,28,3,f1*f2*f3^2,f0^3*f3,8.505881239857173e-05
e4_residual_1_over_16,28,4,f1*f2*f3^2,f0^2*f1^2,2.693216509056787e-05
e4_residual_1_over_16,28,5,f1*f2*f3^2,f0^2*f1*f2,-8.510832455599453e-05
e4_residual_1_over_16,28,6,f1*f2*f3^2,f0^2*f1*f3,-0.0004009626003564865
e4_residual_1_over_16,28,7,f1*f2*f3^2,f0^2*f2^2,6.927047230399765e-05
e4_residual_1_over_16,28,8,f1*f2*f3^2,f0^2*f2*f3,-0.0006663649146447262
e4_residual_1_over_16,28,9,f1*f2*f3^2,f0^2*f3^2,-0.0006420939698543466
e4_residual_1_over_16,28,10,f1*f2*f3^2,f0*f1^3,-2.0151240948774324e-07
e4_residual_1_over_16,28,11,f1*f2*f3^2,f0*f1^2*f2,-3.4931603723324e-05
e4_residual_1_over_16,28,12,f1*f2*f3^2,f0*f1^2*f3,9.879987590778414e-05
e4_residual_1_over_16,28,13,f1*f2*f3^2,f0*f1*f2^2,4.772755519190154e-05
e4_residual_1_over_16,28,14,f1*f2*f3^2,f0*f1*f2*f3,-3.001116428305163e-05
e4_residual_1_over_16,28,15,f1*f2*f3^2,f0*f1*f3^2,8.345562798228657e-05
e4_residual_1_over_16,28,16,f1*f2*f3^2,f0*f2^3,3.115046614876741e-05
e4_residual_1_over_16,28,17,f1*f2*f3^2,f0*f2^2*f3,0.0003102961889599547
e4_residual_1_over_16,28,18,f1*f2*f3^2,f0*f2*f3^2,2.6286730731651182e-05
e4_residual_1_over_16,28,19,f1*f2*f3^2,f0*f3^3,-6.745928255968658e-05
e4_residual_1_over_16,28,20,f1*f2*f3^2,f1^4,-1.4330792962317719e-06
e4_residual_1_over_16,28,21,f1*f2*f3^2,f1^3*f2,7.825975303381046e-05
e4_residual_1_over_16,28,22,f1*f2*f3^2,f1^3*f3,6.952465414330775e-05
e4_residual_1_over_16,28,23,f1*f2*f3^2,f1^2*f2^2,-0.00022093458838484993
e4_residual_1_over_16,28,24,f1*f2*f3^2,f1^2*f2*f3,-0.00022257457367405326
e4_residual_1_over_16,28,25,f1*f2*f3^2,f1^2*f3^2,-0.00023824407445030685
e4_residual_1_over_16,28,26,f1*f2*f3^2,f1*f2^3,-6.19056237664678e-05
e4_residual_1_over_16,28,27,f1*f2*f3^2,f1*f2^2*f3,-9.923179234837836e-05
e4_residual_1_over_16,28,28,f1*f2*f3^2,f1*f2*f3^2,0.0012957824533565815
e4_residual_1_over_16,29,0,f1*f3^3,f0^4,1.2065364647471307e-05
e4_residual_1_over_16,29,1,f1*f3^3,f0^3*f1,-1.3820934428545618e-05
e4_residual_1_over_16,29,2,f1*f3^3,f0^3*f2,-2.4481956382802022e-05
e4_residual_1_over_16,29,3,f1*f3^3,f0^3*f3,-4.05507737627229e-05
e4_residual_1_over_16,29,4,f1*f3^3,f0^2*f1^2,-1.9523524890267616e-06
e4_residual_1_over_16,29,5,f1*f3^3,f0^2*f1*f2,0.00010129209123239142
e4_residual_1_over_16,29,6,f1*f3^3,f0^2*f1*f3,0.00011066995010933548
e4_residual_1_over_16,29,7,f1*f3^3,f0^2*f2^2,-2.3258580626412984e-05
e4_residual_1_over_16,29,8,f1*f3^3,f0^2*f2*f3,0.00016816792115724596
e4_residual_1_over_16,29,9,f1*f3^3,f0^2*f3^2,0.0001841894805750364
e4_residual_1_over_16,29,10,f1*f3^3,f0*f1^3,5.92038190132919e-06
e4_residual_1_over_16,29,11,f1*f3^3,f0*f1^2*f2,2.821512019497594e-05
e4_residual_1_over_16,29,12,f1*f3^3,f0*f1^2*f3,-1.345731972149388e-06
e4_residual_1_over_16,29,13,f1*f3^3,f0*f1*f2^2,8.656203010218291e-07
e4_residual_1_over_16,29,14,f1*f3^3,f0*f1*f2*f3,3.238172815910172e-05
e4_residual_1_over_16,29,15,f1*f3^3,f0*f1*f3^2,-2.7732581561902773e-05
e4_residual_1_over_16,29,16,f1*f3^3,f0*f2^3,1.357318000760283e-05
e4_residual_1_over_16,29,17,f1*f3^3,f0*f2^2*f3,-3.1979489114505726e-05
e4_residual_1_over_16,29,18,f1*f3^3,f0*f2*f3^2,4.020432066668844e-05
e4_residual_1_over_16,29,19,f1*f3^3,f0*f3^3,2.217831107162592e-05
e4_residual_1_over_16,29,20,f1*f3^3,f1^4,-7.326203601944401e-06
e4_residual_1_over_16,29,21,f1*f3^3,f1^3*f2,-0.00010096264246029589
e4_residual_1_over_16,29,22,f1*f3^3,f1^3*f3,1.0171186515529016e-05
e4_residual_1_over_16,29,23,f1*f3^3,f1^2*f2^2,-4.628520265950045e-05
e4_residual_1_over_16,29,24,f1*f3^3,f1^2*f2*f3,8.701611245055246e-06
e4_residual_1_over_16,29,25,f1*f3^3,f1^2*f3^2,8.734339737851435e-05
e4_residual_1_over_16,29,26,f1*f3^3,f1*f2^3,2.5447135584609843e-05
e4_residual_1_over_16,29,27,f1*f3^3,f1*f2^2*f3,-8.691028084131616e-05
e4_residual_1_over_16,29,28,f1*f3^3,f1*f2*f3^2,-0.0002152066572491651
e4_residual_1_over_16,29,29,f1*f3^3,f1*f3^3,0.00039934137014442195
e4_residual_1_over_16,30,0,f2^4,f0^4,1.1025687275328218e-11
e4_residual_1_over_16,30,1,f2^4,f0^3*f1,3.508860947616453e-11
e4_residual_1_over_16,30,2,f2^4,f0^3*f2,6.99404367318128e-11
e4_residual_1_over_16,30,3,f2^4,f0^3*f3,2.495212278162307e-11
e4_residual_1_over_16,30,4,f2^4,f0^2*f1^2,-7.481552409387596e-11
e4_residual_1_over_16,30,5,f2^4,f0^2*f1*f2,-3.2915310862898484e-10
e4_residual_1_over_16,30,6,f2^4,f0^2*f1*f3,-2.149417169011694e-10
e4_residual_1_over_16,30,7,f2^4,f0^2*f2^2,-2.733738707882837e-10
e4_residual_1_over_16,30,8,f2^4,f0^2*f2*f3,-6.859704452716945e-10
e4_residual_1_over_16,30,9,f2^4,f0^2*f3^2,-2.3540141498599245e-10
e4_residual_1_over_16,30,10,f2^4,f0*f1^3,-1.5178749673135747e-11
e4_residual_1_over_16,30,11,f2^4,f0*f1^2*f2,-6.1913647823567225e-12
e4_residual_1_over_16,30,12,f2^4,f0*f1^2*f3,1.8284595096430147e-11
e4_residual_1_over_16,30,13,f2^4,f0*f1*f2^2,-2.2717438303115464e-11
e4_residual_1_over_16,30,14,f2^4,f0*f1*f2*f3,-1.4313973558508813e-10
e4_residual_1_over_16,30,15,f2^4,f0*f1*f3^2,-3.4179435729033535e-11
e4_residual_1_over_16,30,16,f2^4,f0*f2^3,-1.2097909234023373e-15
e4_residual_1_over_16,30,17,f2^4,f0*f2^2*f3,-2.8120222643949658e-11
e4_residual_1_over_16,30,18,f2^4,f0*f2*f3^2,-2.3864510443057203e-10
e4_residual_1_over_16,30,19,f2^4,f0*f3^3,-5.7933608555592734e-11
e4_residual_1_over_16,30,20,f2^4,f1^4,1.815250655527432e-11
e4_residual_1_over_16,30,21,f2^4,f1^3*f2,-3.126876770262503e-11
e4_residual_1_over_16,30,22,f2^4,f1^3*f3,4.61977619712496e-11
e4_residual_1_over_16,30,23,f2^4,f1^2*f2^2,-4.282320312088945e-10
e4_residual_1_over_16,30,24,f2^4,f1^2*f2*f3,7.668820082613631e-11
e4_residual_1_over_16,30,25,f2^4,f1^2*f3^2,-2.3391208323898454e-10
e4_residual_1_over_16,30,26,f2^4,f1*f2^3,3.512362996952405e-15
e4_residual_1_over_16,30,27,f2^4,f1*f2^2*f3,5.490219776735709e-10
e4_residual_1_over_16,30,28,f2^4,f1*f2*f3^2,4.276123025904609e-10
e4_residual_1_over_16,30,29,f2^4,f1*f3^3,-1.6333288639366926e-10
e4_residual_1_over_16,30,30,f2^4,f2^4,-7.629745690088619e-16
e4_residual_1_over_16,31,0,f2^3*f3,f0^4,2.9029064903870133e-05
e4_residual_1_over_16,31,1,f2^3*f3,f0^3*f1,-1.8131757787011075e-05
e4_residual_1_over_16,31,2,f2^3*f3,f0^3*f2,-4.758449763789248e-05
e4_residual_1_over_16,31,3,f2^3*f3,f0^3*f3,-3.486543463614922e-05
e4_residual_1_over_16,31,4,f2^3*f3,f0^2*f1^2,-4.030174226550768e-05
e4_residual_1_over_16,31,5,f2^3*f3,f0^2*f1*f2,3.5868394062513844e-05
e4_residual_1_over_16,31,6,f2^3*f3,f0^2*f1*f3,1.5303680111395992e-05
e4_residual_1_over_16,31,7,f2^3*f3,f0^2*f2^2,0.00020692828429385665
e4_residual_1_over_16,31,8,f2^3*f3,f0^2*f2*f3,0.00015857996860822084
e4_residual_1_over_16,31,9,f2^3*f3,f0^2*f3^2,2.509200211252356e-05
e4_residual_1_over_16,31,10,f2^3*f3,f0*f1^3,-4.769169190247401e-06
e4_residual_1_over_16,31,11,f2^3*f3,f0*f1^2*f2,-4.199220788003765e-05
e4_residual_1_over_16,31,12,f2^3*f3,f0*f1^2*f3,8.522585476504088e-06
e4_residual_1_over_16,31,13,f2^3*f3,f0*f1*f2^2,1.4259520019187117e-05
e4_residual_1_over_16,31,14,f2^3*f3,f0*f1*f2*f3,6.192556489934905e-05
e4_residual_1_over_16,31,15,f2^3*f3,f0*f1*f3^2,3.800314573546744e-05
e4_residual_1_over_16,31,16,f2^3*f3,f0*f2^3,-4.591684589296781e-06
e4_residual_1_over_16,31,17,f2^3*f3,f0*f2^2*f3,9.29568267925739e-05
e4_residual_1_over_16,31,18,f2^3*f3,f0*f2*f3^2,1.4395637245501278e-05
e4_residual_1_over_16,31,19,f2^3*f3,f0*f3^3,1.762122255981977e-05
e4_residual_1_over_16,31,20,f2^3*f3,f1^4,-1.7446591487757535e-06
e4_residual_1_over_16,31,21,f2^3*f3,f1^3*f2,-5.6147164316783476e-05
e4_residual_1_over_16,31,22,f2^3*f3,f1^3*f3,4.7069739858573806e-05
e4_residual_1_over_16,31,23,f2^3*f3,f1^2*f2^2,1.7749850997407243e-05
e4_residual_1_over_16,31,24,f2^3*f3,f1^2*f2*f3,3.502187182391714e-05
e4_residual_1_over_16,31,25,f2^3*f3,f1^2*f3^2,-3.147091231681068e-05
e4_residual_1_over_16,31,26,f2^3*f3,f1*f2^3,-0.00016581455791974257
e4_residual_1_over_16,31,27,f2^3*f3,f1*f2^2*f3,-0.00019943064020580605
e4_residual_1_over_16,31,28,f2^3*f3,f1*f2*f3^2,6.297947722313673e-05
e4_residual_1_over_16,31,29,f2^3*f3,f1*f3^3,-4.429636830081174e-05
e4_residual_1_over_16,31,30,f2^3*f3,f2^4,5.571669699545282e-15
e4_residual_1_over_16,31,31,f2^3*f3,f2^3*f3,0.00027167526098139907
e4_residual_1_over_16,32,0,f2^2*f3^2,f0^4,-4.4529229491116865e-05
e4_residual_1_over_16,32,1,f2^2*f3^2,f0^3*f1,1.5626992404409775e-05
e4_residual_1_over_16,32,2,f2^2*f3^2,f0^3*f2,1.2692824715739912e-05
e4_residual_1_over_16,32,3,f2^2*f3^2,f0^3*f3,2.3814914260536208e-05
e4_residual_1_over_16,32,4,f2^2*f3^2,f0^2*f1^2,5.846709326506474e-05
e4_residual_1_over_16,32,5,f2^2*f3^2,f0^2*f1*f2,0.00011733023245799827
e4_residual_1_over_16,32,6,f2^2*f3^2,f0^2*f1*f3,8.744864023256834e-05
e4_residual_1_over_16,32,7,f2^2*f3^2,f0^2*f2^2,2.304708584919004e-06
e4_residual_1_over_16,32,8,f2^2*f3^2,f0^2*f2*f3,0.0002660230180035865
e4_residual_1_over_16,32,9,f2^2*f3^2,f0^2*f3^2,5.762432247476271e-05
e4_residual_1_over_16,32,10,f2^2*f3^2,f0*f1^3,4.5199987604928567e-07
e4_residual_1_over_16,32,11,f2^2*f3^2,f0*f1^2*f2,5.557150232407169e-05
e4_residual_1_over_16,32,12,f2^2*f3^2,f0*f1^2*f3,2.6193519840572618e-05
e4_residual_1_over_16,32,13,f2^2*f3^2,f0*f1*f2^2,-3.1424060884931465e-05
e4_residual_1_over_16,32,14,f2^2*f3^2,f0*f1*f2*f3,5.1927867585283826e-05
e4_residual_1_over_16,32,15,f2^2*f3^2,f0*f1*f3^2,-4.031970889200876e-05
e4_residual_1_over_16,32,16,f2^2*f3^2,f0*f2^3,3.4726347083161454e-06
e4_residual_1_over_16,32,17,f2^2*f3^2,f0*f2^2*f3,-1.1898753867452194e-05
e4_residual_1_over_16,32,18,f2^2*f3^2,f0*f2*f3^2,0.00018466903330347377
e4_residual_1_over_16,32,19,f2^2*f3^2,f0*f3^3,-2.795222249449156e-05
e4_residual_1_over_16,32,20,f2^2*f3^2,f1^4,6.310791492951978e-06
e4_residual_1_over_16,32,21,f2^2*f3^2,f1^3*f2,6.610300475876546e-05
e4_residual_1_over_16,32,22,f2^2*f3^2,f1^3*f3,-3.0934252471116034e-05
e4_residual_1_over_16,32,23,f2^2*f3^2,f1^2*f2^2,0.00014045305891843954
e4_residual_1_over_16,32,24,f2^2*f3^2,f1^2*f2*f3,-0.00015244871685660464
e4_residual_1_over_16,32,25,f2^2*f3^2,f1^2*f3^2,5.0018216793494995e-05
e4_residual_1_over_16,32,26,f2^2*f3^2,f1*f2^3,5.1285820152680695e-05
e4_residual_1_over_16,32,27,f2^2*f3^2,f1*f2^2*f3,-0.00033178399977792065
e4_residual_1_over_16,32,28,f2^2*f3^2,f1*f2*f3^2,-0.000302727231309985
e4_residual_1_over_16,32,29,f2^2*f3^2,f1*f3^3,4.070176879685828e-05
e4_residual_1_over_16,32,30,f2^2*f3^2,f2^4,-3.1207593189265246e-10
e4_residual_1_over_16,32,31,f2^2*f3^2,f2^3*f3,-8.5756612250557e-05
e4_residual_1_over_16,32,32,f2^2*f3^2,f2^2*f3^2,0.0005406092387531448
e4_residual_1_over_16,33,0,f2*f3^3,f0^4,2.2598736238081872e-05
e4_residual_1_over_16,33,1,f2*f3^3,f0^3*f1,-1.6676358493049137e-05
e4_residual_1_over_16,33,2,f2*f3^3,f0^3*f2,-3.689137691262128e-05
e4_residual_1_over_16,33,3,f2*f3^3,f0^3*f3,-1.1992823849351682e-05
e4_residual_1_over_16,33,4,f2*f3^3,f0^2*f1^2,-2.0889068444911058e-05
e4_residual_1_over_16,33,5,f2*f3^3,f0^2*f1*f2,-3.847287524020894e-05
e4_residual_1_over_16,33,6,f2*f3^3,f0^2*f1*f3,-3.394778229133318e-05
e4_residual_1_over_16,33,7,f2*f3^3,f0^2*f2^2,4.3929089507800706e-05
e4_residual_1_over_16,33,8,f2*f3^3,f0^2*f2*f3,1.2845974865701222e-05
e4_residual_1_over_16,33,9,f2*f3^3,f0^2*f3^2,7.191100296438768e-05
e4_residual_1_over_16,33,10,f2*f3^3,f0*f1^3,8.02755504305298e-06
e4_residual_1_over_16,33,11,f2*f3^3,f0*f1^2*f2,-2.8430328148638617e-05
e4_residual_1_over_16,33,12,f2*f3^3,f0*f1^2*f3,-7.739950647742387e-06
e4_residual_1_over_16,33,13,f2*f3^3,f0*f1*f2^2,1.8862198576421586e-05
e4_residual_1_over_16,33,14,f2*f3^3,f0*f1*f2*f3,6.258100420751265e-05
e4_residual_1_over_16,33,15,f2*f3^3,f0*f1*f3^2,7.82311630798671e-05
e4_residual_1_over_16,33,16,f2*f3^3,f0*f2^3,-1.2322752171988167e-05
e4_residual_1_over_16,33,17,f2*f3^3,f0*f2^2*f3,-2.874057106957742e-06
e4_residual_1_over_16,33,18,f2*f3^3,f0*f2*f3^2,2.898032693418802e-06
e4_residual_1_over_16,33,19,f2*f3^3,f0*f3^3,7.332231090577546e-05
e4_residual_1_over_16,33,20,f2*f3^3,f1^4,4.093648546361985e-06
e4_residual_1_over_16,33,21,f2*f3^3,f1^3*f2,3.044604210452491e-05
e4_residual_1_over_16,33,22,f2*f3^3,f1^3*f3,-2.674410931656186e-05
e4_residual_1_over_16,33,23,f2*f3^3,f1^2*f2^2,-3.117031977515285e-05
e4_residual_1_over_16,33,24,f2*f3^3,f1^2*f2*f3,0.00012248202470794997
e4_residual_1_over_16,33,25,f2*f3^3,f1^2*f3^2,5.323577007574217e-06
e4_residual_1_over_16,33,26,f2*f3^3,f1*f2^3,-8.602507045876215e-05
e4_residual_1_over_16,33,27,f2*f3^3,f1*f2^2*f3,7.850175948136568e-05
e4_residual_1_over_16,33,28,f2*f3^3,f1*f2*f3^2,-5.1513100391870536e-05
e4_residual_1_over_16,33,29,f2*f3^3,f1*f3^3,-0.00014440386953109188
e4_residual_1_over_16,33,30,f2*f3^3,f2^4,6.710770980733746e-12
e4_residual_1_over_16,33,31,f2*f3^3,f2^3*f3,2.2281710965903408e-05
e4_residual_1_over_16,33,32,f2*f3^3,f2^2*f3^2,-0.00016967379338438227
e4_residual_1_over_16,33,33,f2*f3^3,f2*f3^3,0.0003247180160051984
e4_residual_1_over_16,34,0,f3^4,f0^4,5.8548893886724295e-08
e4_residual_1_over_16,34,1,f3^4,f0^3*f1,2.0041982580293e-06
e4_residual_1_over_16,34,2,f3^4,f0^3*f2,5.203556737500447e-06
e4_residual_1_over_16,34,3,f3^4,f0^3*f3,-1.382962543770691e-05
e4_residual_1_over_16,34,4,f3^4,f0^2*f1^2,3.4338852868148297e-06
e4_residual_1_over_16,34,5,f3^4,f0^2*f1*f2,1.617722890496281e-05
e4_residual_1_over_16,34,6,f3^4,f0^2*f1*f3,8.206929034351754e-06
e4_residual_1_over_16,34,7,f3^4,f0^2*f2^2,-1.486649633154401e-05
e4_residual_1_over_16,34,8,f3^4,f0^2*f2*f3,-1.1884736156740304e-05
e4_residual_1_over_16,34,9,f3^4,f0^2*f3^2,-3.983622751675516e-06
e4_residual_1_over_16,34,10,f3^4,f0*f1^3,-1.5780949484025286e-06
e4_residual_1_over_16,34,11,f3^4,f0*f1^2*f2,7.880924790397402e-06
e4_residual_1_over_16,34,12,f3^4,f0*f1^2*f3,6.209825166895015e-06
e4_residual_1_over_16,34,13,f3^4,f0*f1*f2^2,-2.3021291515056337e-06
e4_residual_1_over_16,34,14,f3^4,f0*f1*f2*f3,5.274387064704011e-06
e4_residual_1_over_16,34,15,f3^4,f0*f1*f3^2,-6.011726274399569e-06
e4_residual_1_over_16,34,16,f3^4,f0*f2^3,2.9057415683772757e-06
e4_residual_1_over_16,34,17,f3^4,f0*f2^2*f3,1.6487689395422466e-05
e4_residual_1_over_16,34,18,f3^4,f0*f2*f3^2,1.6025069337850176e-05
e4_residual_1_over_16,34,19,f3^4,f0*f3^3,7.088626922702129e-06
e4_residual_1_over_16,34,20,f3^4,f1^4,-2.2893867325459146e-06
e4_residual_1_over_16,34,21,f3^4,f1^3*f2,-2.044955750727945e-05
e4_residual_1_over_16,34,22,f3^4,f1^3*f3,1.5848628263199526e-05
e4_residual_1_over_16,34,23,f3^4,f1^2*f2^2,-2.1861013235531218e-05
e4_residual_1_over_16,34,24,f3^4,f1^2*f2*f3,-2.121190071202969e-05
e4_residual_1_over_16,34,25,f3^4,f1^2*f3^2,-1.7383281552154244e-05
e4_residual_1_over_16,34,26,f3^4,f1*f2^3,1.929688897332736e-05
e4_residual_1_over_16,34,27,f3^4,f1*f2^2*f3,-1.734846044121739e-05
e4_residual_1_over_16,34,28,f3^4,f1*f2*f3^2,3.075962428195335e-05
e4_residual_1_over_16,34,29,f3^4,f1*f3^3,9.464295577033108e-05
e4_residual_1_over_16,34,30,f3^4,f2^4,2.6277649584038377e-13
e4_residual_1_over_16,34,31,f3^4,f2^3*f3,-8.800326628155382e-06
e4_residual_1_over_16,34,32,f3^4,f2^2*f3^2,8.355427094178912e-06
e4_residual_1_over_16,34,33,f3^4,f2*f3^3,-7.890060796921701e-05
e4_residual_1_over_16,34,34,f3^4,f3^4,3.573996280855581e-05
e4,0,0,f0^4,f0^4,0.000281472345560171
e4,1,0,f0^3*f1,f0^4,-8.679915037903534e-06
e4,1,1,f0^3*f1,f0^3*f1,0.0005991293399911862
e4,2,0,f0^3*f2,f0^4,-4.468036906315027e-05
e4,2,1,f0^3*f2,f0^3*f1,0.00022162324263754664
e4,2,2,f0^3*f2,f0^3*f2,0.000899039088889641
e4,3,0,f0^3*f3,f0^4,1.5335282455255577e-05
e4,3,1,f0^3*f3,f0^3*f1,0.00023603885146138934
e4,3,2,f0^3*f3,f0^3*f2,0.0003903026292653599
e4,3,3,f0^3*f3,f0^3*f3,0.000879493883083942
e4,4,0,f0^2*f1^2,f0^4,1.611290580317909e-05
e4,4,1,f0^2*f1^2,f0^3*f1,-1.627770231345227e-05
e4,4,2,f0^2*f1^2,f0^3*f2,-2.3476782507506942e-05
e4,4,3,f0^2*f1^2,f0^3*f3,-1.4905400773424415e-05
e4,4,4,f0^2*f1^2,f0^2*f1^2,0.0005441267723121867
e4,5,0,f0^2*f1*f2,f0^4,4.512070577667216e-06
e4,5,1,f0^2*f1*f2,f0^3*f1,-2.8823417619035075e-05
e4,5,2,f0^2*f1*f2,f0^3*f2,2.236261043855015e-05
e4,5,3,f0^2*f1*f2,f0^3*f3,4.080253319772622e-05
e4,5,4,f0^2*f1*f2,f0^2*f1^2,0.00021764004743208488
e4,5,5,f0^2*f1*f2,f0^2*f1*f2,0.0012081257225195956
e4,6,0,f0^2*f1*f3,f0^4,-4.947232355273368e-06
e4,6,1,f0^2*f1*f3,f0^3*f1,-1.2106152328930845e-05
e4,6,2,f0^2*f1*f3,f0^3*f2,4.263952989314256e-05
e4,6,3,f0^2*f1*f3,f0^3*f3,-5.499797019779387e-05
e4,6,4,f0^2*f1*f3,f0^2*f1^2,0.00022374624492660938
e4,6,5,f0^2*f1*f3,f0^2*f1*f2,0.0006348947126392784
e4,6,6,f0^2*f1*f3,f0^2*f1*f3,0.001169275296872449
e4,7,0,f0^2*f2^2,f0^4,1.3276609618764424e-05
e4,7,1,f0^2*f2^2,f0^3*f1,-3.094047066744566e-05
e4,7,2,f0^2*f2^2,f0^3*f2,-9.188748758925511e-05
e4,7,3,f0^2*f2^2,f0^3*f3,-6.708174920715936e-05
e4,7,4,f0^2*f2^2,f0^2*f1^2,4.677405578794563e-05
e4,7,5,f0^2*f2^2,f0^2*f1*f2,0.00026078922400365404
e4,7,6,f0^2*f2^2,f0^2*f1*f3,3.312145615825567e-05
e4,7,7,f0^2*f2^2,f0^2*f2^2,0.0010047821185020158
e4,8,0,f0^2*f2*f3,f0^4,3.88207253869142e-06
e4,8,1,f0^2*f2*f3,f0^3*f1,8.520818858323065e-06
e4,8,2,f0^2*f2*f3,f0^3*f2,6.637750224786888e-05
e4,8,3,f0^2*f2*f3,f0^3*f3,5.713032866322494e-05
e4,8,4,f0^2*f2*f3,f0^2*f1^2,-3.209513842426691e-05
e4,8,5,f0^2*f2*f3,f0^2*f1*f2,0.0006659058658759088
e4,8,6,f0^2*f2*f3,f0^2*f1*f3,0.0006205813773528552
e4,8,7,f0^2*f2*f3,f0^2*f2^2,0.000522894466953621
e4,8,8,f0^2*f2*f3,f0^2*f2*f3,0.0017450304974608731
e4,9,0,f0^2*f3^2,f0^4,1.6213392841779284e-05
e4,9,1,f0^2*f3^2,f0^3*f1,2.098978459313087e-05
e4,9,2,f0^2*f3^2,f0^3*f2,-3.818069025168752e-05
e4,9,3,f0^2*f3^2,f0^3*f3,6.673278025105365e-06
e4,9,4,f0^2*f3^2,f0^2*f1^2,7.286462635014655e-05
e4,9,5,f0^2*f3^2,f0^2*f1*f2,0.00010173079834795547
e4,9,6,f0^2*f3^2,f0^2*f1*f3,0.00017274306745284162
e4,9,7,f0^2*f3^2,f0^2*f2^2,0.00023010991623057393
e4,9,8,f0^2*f3^2,f0^2*f2*f3,0.0004828080783066103
e4,9,9,f0^2*f3^2,f0^2*f3^2,0.0009848250895746831
e4,10,0,f0*f1^3,f0^4,8.704394781880851e-07
e4,10,1,f0*f1^3,f0^3*f1,5.077258175962379e-05
e4,10,2,f0*f1^3,f0^3*f2,-5.04500262911131e-05
e4,10,3,f0*f1^3,f0^3*f3,-3.767911486701183e-05
e4,10,4,f0*f1^3,f0^2*f1^2,7.031729413416146e-06
e4,10,5,f0*f1^3,f0^2*f1*f2,1.7608693721770056e-05
e4,10,6,f0*f1^3,f0^2*f1*f3,3.18927100736619e-06
e4,10,7,f0*f1^3,f0^2*f2^2,2.065012995697416e-05
e4,10,8,f0*f1^3,f0^2*f2*f3,-5.712717321877772e-05
e4,10,9,f0*f1^3,f0^2*f3^2,9.493805721745506e-06
e4,10,10,f0*f1^3,f0*f1^3,0.0005119958597133027
e4,11,0,f0*f1^2*f2,f0^4,-1.8651425191699562e-05
e4,11,1,f0*f1^2*f2,f0^3*f1,0.00029534762323009747
e4,11,2,f0*f1^2*f2,f0^3*f2,0.0005416657079243709
e4,11,3,f0*f1^2*f2,f0^3*f3,0.0004814142673467521
e4,11,4,f0*f1^2*f2,f0^2*f1^2,-1.1278205857526923e-05
e4,11,5,f0*f1^2*f2,f0^2*f1*f2,8.314861012597619e-05
e4,11,6,f0*f1^2*f2,f0^2*f1*f3,0.000395720156688428
e4,11,7,f0*f1^2*f2,f0^2*f2^2,-3.617672411103915e-05
e4,11,8,f0*f1^2*f2,f0^2*f2*f3,0.0002363638893272864
e4,11,9,f0*f1^2*f2,f0^2*f3^2,6.258071005289512e-05
e4,11,10,f0*f1^2*f2,f0*f1^3,1.7950547270664346e-05
e4,11,11,f0*f1^2*f2,f0*f1^2*f2,0.0018974972531312674
e4,12,0,f0*f1^2*f3,f0^4,2.7709657320447958e-06
e4,12,1,f0*f1^2*f3,f0^3*f1,0.0001429896584893437
e4,12,2,f0*f1^2*f3,f0^3*f2,0.00014319034018686863
e4,12,3,f0*f1^2*f3,f0^3*f3,0.0002130748411978494
e4,12,4,f0*f1^2*f3,f0^2*f1^2,-0.00012880143391550227
e4,12,5,f0*f1^2*f3,f0^2*f1*f2,-0.00010284979726171962
e4,12,6,f0*f1^2*f3,f0^2*f1*f3,-4.695209609618952e-06
e4,12,7,f0*f1^2*f3,f0^2*f2^2,8.647114923978186e-05
e4,12,8,f0*f1^2*f3,f0^2*f2*f3,0.00028488539176581913
e4,12,9,f0*f1^2*f3,f0^2*f3^2,1.8912554049786682e-05
e4,12,10,f0*f1^2*f3,f0*f1^3,-8.132986959511363e-05
e4,12,11,f0*f1^2*f3,f0*f1^2*f2,7.296243364591995e-05
e4,12,12,f0*f1^2*f3,f0*f1^2*f3,0.001983916726443924
e4,13,0,f0*f1*f2^2,f0^4,-1.902549923508128e-06
e4,13,1,f0*f1*f2^2,f0^3*f1,0.00013165495002675983
e4,13,2,f0*f1*f2^2,f0^3*f2,0.00019087704996858872
e4,13,3,f0*f1*f2^2,f0^3*f3,0.00024821162291178723
e4,13,4,f0*f1*f2^2,f0^2*f1^2,-4.475797239187525e-05
e4,13,5,f0*f1*f2^2,f0^2*f1*f2,-7.564692292318118e-05
e4,13,6,f0*f1*f2^2,f0^2*f1*f3,-0.00013628582408643574
e4,13,7,f0*f1*f2^2,f0^2*f2^2,9.715714992986459e-05
e4,13,8,f0*f1*f2^2,f0^2*f2*f3,0.00011403293294873484
e4,13,9,f0*f1*f2^2,f0^2*f3^2,1.116314894113834e-05
e4,13,10,f0*f1*f2^2,f0*f1^3,-4.2572104384247175e-05
e4,13,11,f0*f1*f2^2,f0*f1^2*f2,0.00027504534063261957
e4,13,12,f0*f1*f2^2,f0*f1^2*f3,0.000633735735439934
e4,13,13,f0*f1*f2^2,f0*f1*f2^2,0.002711119148375425
e4,14,0,f0*f1*f2*f3,f0^4,2.1148963666763393e-05
e4,14,1,f0*f1*f2*f3,f0^3*f1,-0.0005163374089300017
e4,14,2,f0*f1*f2*f3,f0^3*f2,-0.0009430527647147439
e4,14,3,f0*f1*f2*f3,f0^3*f3,-0.0009975906983511523
e4,14,4,f0*f1*f2*f3,f0^2*f1^2,1.754018840918445e-05
e4,14,5,f0*f1*f2*f3,f0^2*f1*f2,-3.737312257126821e-05
e4,14,6,f0*f1*f2*f3,f0^2*f1*f3,2.8249003960900808e-05
e4,14,7,f0*f1*f2*f3,f0^2*f2^2,0.00010202871618123344
e4,14,8,f0*f1*f2*f3,f0^2*f2*f3,-0.0002825606996649906
e4,14,9,f0*f1*f2*f3,f0^2*f3^2,-0.00010927388614509397
e4,14,10,f0*f1*f2*f3,f0*f1^3,0.0001398591278362412
e4,14,11,f0*f1*f2*f3,f0*f1^2*f2,-0.0004465118783468403
e4,14,12,f0*f1*f2*f3,f0*f1^2*f3,-0.00016930314812666885
e4,14,13,f0*f1*f2*f3,f0*f1*f2^2,0.00014564556483404249
e4,14,14,f0*f1*f2*f3,f0*f1*f2*f3,0.005163084155023713
e4,15,0,f0*f1*f3^2,f0^4,-1.2514792658020725e-05
e4,15,1,f0*f1*f3^2,f0^3*f1,0.0002518956331952775
e4,15,2,f0*f1*f3^2,f0^3*f2,0.00043683894239052856
e4,15,3,f0*f1*f3^2,f0^3*f3,0.00042993928616841064
e4,15,4,f0*f1*f3^2,f0^2*f1^2,-2.3247016425311194e-05
e4,15,5,f0*f1*f3^2,f0^2*f1*f2,-0.00018527304595585114
e4,15,6,f0*f1*f3^2,f0^2*f1*f3,-6.753749989026659e-05
e4,15,7,f0*f1*f3^2,f0^2*f2^2,7.544901512681141e-05
e4,15,8,f0*f1*f3^2,f0^2*f2*f3,0.0001796009483902339
e4,15,9,f0*f1*f3^2,f0^2*f3^2,-1.8330221420634526e-05
e4,15,10,f0*f1*f3^2,f0*f1^3,-3.8475885630038794e-05
e4,15,11,f0*f1*f3^2,f0*f1^2*f2,0.00040318919756252876
e4,15,12,f0*f1*f3^2,f0*f1^2*f3,0.00017263885332727895
e4,15,13,f0*f1*f3^2,f0*f1*f2^2,0.00011297874108213837
e4,15,14,f0*f1*f3^2,f0*f1*f2*f3,1.6014494685743916e-05
e4,15,15,f0*f1*f3^2,f0*f1*f3^2,0.0025724901423694
e4,16,0,f0*f2^3,f0^4,-4.8231202983904265e-06
e4,16,1,f0*f2^3,f0^3*f1,3.429113881221734e-05
e4,16,2,f0*f2^3,f0^3*f2,0.00011065082456563655
e4,16,3,f0*f2^3,f0^3*f3,7.669030781799197e-05
e4,16,4,f0*f2^3,f0^2*f1^2,-5.2320935220979546e-06
e4,16,5,f0*f2^3,f0^2*f1*f2,-1.7355258665198404e-05
e4,16,6,f0*f2^3,f0^2*f1*f3,1.8082611638923693e-05
e4,16,7,f0*f2^3,f0^2*f2^2,-5.11685603617174e-05
e4,16,8,f0*f2^3,f0^2*f2*f3,-5.9661683326134124e-05
e4,16,9,f0*f2^3,f0^2*f3^2,-3.284092005877335e-05
e4,16,10,f0*f2^3,f0*f1^3,-5.933620238486029e-06
e4,16,11,f0*f2^3,f0*f1^2*f2,0.00010644722664626601
e4,16,12,f0*f2^3,f0*f1^2*f3,2.7472596550886787e-05
e4,16,13,f0*f2^3,f0*f1*f2^2,0.00016053912106188278
e4,16,14,f0*f2^3,f0*f1*f2*f3,9.76459397966753e-05
e4,16,15,f0*f2^3,f0*f1*f3^2,6.749042710372612e-06
e4,16,16,f0*f2^3,f0*f2^3,0.0007014965169795019
e4,17,0,f0*f2^2*f3,f0^4,-7.96764360856707e-06
e4,17,1,f0*f2^2*f3,f0^3*f1,0.00013418856115730192
e4,17,2,f0*f2^2*f3,f0^3*f2,0.0002547901629257563
e4,17,3,f0*f2^2*f3,f0^3*f3,0.00022236188256210713
e4,17,4,f0*f2^2*f3,f0^2*f1^2,-5.514451749652678e-07
e4,17,5,f0*f2^2*f3,f0^2*f1*f2,8.351136011846141e-05
e4,17,6,f0*f2^2*f3,f0^2*f1*f3,0.00015233523691803578
e4,17,7,f0*f2^2*f3,f0^2*f2^2,5.41822113894998e-05
e4,17,8,f0*f2^2*f3,f0^2*f2*f3,9.273487534654457e-05
e4,17,9,f0*f2^2*f3,f0^2*f3^2,-7.346939885484807e-05
e4,17,10,f0*f2^2*f3,f0*f1^3,-1.17965596394806e-05
e4,17,11,f0*f2^2*f3,f0*f1^2*f2,0.0006210782964590574
e4,17,12,f0*f2^2*f3,f0*f1^2*f3,1.3158259266018685e-05
e4,17,13,f0*f2^2*f3,f0*f1*f2^2,0.00014664313228815348
e4,17,14,f0*f2^2*f3,f0*f1*f2*f3,0.0004066805830132982
e4,17,15,f0*f2^2*f3,f0*f1*f3^2,0.0004123176767930171
e4,17,16,f0*f2^2*f3,f0*f2^3,0.0002355476811053794
e4,17,17,f0*f2^2*f3,f0*f2^2*f3,0.0023279489854884515
e4,18,0,f0*f2*f3^2,f0^4,-1.1475668599863923e-06
e4,18,1,f0*f2*f3^2,f0^3*f1,6.905286671945601e-05
e4,18,2,f0*f2*f3^2,f0^3*f2,7.69011331718414e-05
e4,18,3,f0*f2*f3^2,f0^3*f3,0.00010979557127280443
e4,18,4,f0*f2*f3^2,f0^2*f1^2,4.3215895176951214e-05
e4,18,5,f0*f2*f3^2,f0^2*f1*f2,3.259590043040693e-05
e4,18,6,f0*f2*f3^2,f0^2*f1*f3,2.7520849249044827e-05
e4,18,7,f0*f2*f3^2,f0^2*f2^2,4.445101417850207e-05
e4,18,8,f0*f2*f3^2,f0^2*f2*f3,2.4600001099298097e-05
e4,18,9,f0*f2*f3^2,f0^2*f3^2,3.53469033057387e-05
e4,18,10,f0*f2*f3^2,f0*f1^3,-2.562921287155097e-05
e4,18,11,f0*f2*f3^2,f0*f1^2*f2,7.321834097321313e-05
e4,18,12,f0*f2*f3^2,f0*f1^2*f3,0.0005400428006617647
e4,18,13,f0*f2*f3^2,f0*f1*f2^2,0.0004029255721502844
e4,18,14,f0*f2*f3^2,f0*f1*f2*f3,0.0003020245871997104
e4,18,15,f0*f2*f3^2,f0*f1*f3^2,0.00037891259264631914
e4,18,16,f0*f2*f3^2,f0*f2^3,0.00010142899411435955
e4,18,17,f0*f2*f3^2,f0*f2^2*f3,0.0003747573811279039
e4,18,18,f0*f2*f3^2,f0*f2*f3^2,0.0017174834077722052
e4,19,0,f0*f3^3,f0^4,-1.966526742031622e-06
e4,19,1,f0*f3^3,f0^3*f1,5.5051534185818455e-05
e4,19,2,f0*f3^3,f0^3*f2,0.00011762255594464064
e4,19,3,f0*f3^3,f0^3*f3,0.00012761016635439657
e4,19,4,f0*f3^3,f0^2*f1^2,-2.0020573142154184e-05
e4,19,5,f0*f3^3,f0^2*f1*f2,-6.733153843788336e-05
e4,19,6,f0*f3^3,f0^2*f1*f3,2.4887458731747097e-06
e4,19,7,f0*f3^3,f0^2*f2^2,4.036756766951295e-05
e4,19,8,f0*f3^3,f0^2*f2*f3,0.00012730208186270605
e4,19,9,f0*f3^3,f0^2*f3^2,-5.314409754062925e-06
e4,19,10,f0*f3^3,f0*f1^3,-9.397991468256375e-06
e4,19,11,f0*f3^3,f0*f1^2*f2,8.629477168328312e-05
e4,19,12,f0*f3^3,f0*f1^2*f3,3.0520392240305915e-05
e4,19,13,f0*f3^3,f0*f1*f2^2,-3.0689194971458145e-05
e4,19,14,f0*f3^3,f0*f1*f2*f3,7.797260968063164e-05
e4,19,15,f0*f3^3,f0*f1*f3^2,0.0005519401972597564
e4,19,16,f0*f3^3,f0*f2^3,-1.324028963711554e-05
e4,19,17,f0*f3^3,f0*f2^2*f3,0.00014283161451561017
e4,19,18,f0*f3^3,f0*f2*f3^2,0.00017685282308959764
e4,19,19,f0*f3^3,f0*f3^3,0.0008109310533318191
e4,20,0,f1^4,f0^4,3.2974350882246596e-06
e4,20,1,f1^4,f0^3*f1,-9.792963611039976e-06
e4,20,2,f1^4,f0^3*f2,6.265808830166265e-06
e4,20,3,f1^4,f0^3*f3,-7.095865334615367e-07
e4,20,4,f1^4,f0^2*f1^2,-3.2310113246284584e-05
e4,20,5,f1^4,f0^2*f1*f2,-9.348335494027793e-06
e4,20,6,f1^4,f0^2*f1*f3,-4.165068352774288e-05
e4,20,7,f1^4,f0^2*f2^2,-1.669990686681106e-05
e4,20,8,f1^4,f0^2*f2*f3,2.485610461082218e-05
e4,20,9,f1^4,f0^2*f3^2,-2.5702376608586753e-05
e4,20,10,f1^4,f0*f1^3,6.696433046063886e-06
e4,20,11,f1^4,f0*f1^2*f2,-3.186914561022951e-06
e4,20,12,f1^4,f0*f1^2*f3,-3.478518569494754e-06
e4,20,13,f1^4,f0*f1*f2^2,-2.0853454950076937e-06
e4,20,14,f1^4,f0*f1*f2*f3,1.0670872571504225e-05
e4,20,15,f1^4,f0*f1*f3^2,-9.959051077621805e-06
e4,20,16,f1^4,f0*f2^3,1.6837762127425109e-07
e4,20,17,f1^4,f0*f2^2*f3,-1.2207951466218466e-05
e4,20,18,f1^4,f0*f2*f3^2,-7.643643325775643e-06
e4,20,19,f1^4,f0*f3^3,1.898636539682555e-06
e4,20,20,f1^4,f1^4,0.00016924250766133198
e4,21,0,f1^3*f2,f0^4,3.4655301033754365e-06
e4,21,1,f1^3*f2,f0^3*f1,-1.5809715622555108e-05
e4,21,2,f1^3*f2,f0^3*f2,-5.376700089257465e-05
e4,21,3,f1^3*f2,f0^3*f3,1.4994710316296536e-05
e4,21,4,f1^3*f2,f0^2*f1^2,0.00024790189430054803
e4,21,5,f1^3*f2,f0^2*f1*f2,0.0004719348034015664
e4,21,6,f1^3*f2,f0^2*f1*f3,0.00031764031257393554
e4,21,7,f1^3*f2,f0^2*f2^2,1.3895982283799234e-05
e4,21,8,f1^3*f2,f0^2*f2*f3,-0.00019420250140164095
e4,21,9,f1^3*f2,f0^2*f3^2,6.538548697367586e-05
e4,21,10,f1^3*f2,f0*f1^3,3.2813152592160376e-05
e4,21,11,f1^3*f2,f0*f1^2*f2,3.4129433474255586e-05
e4,21,12,f1^3*f2,f0*f1^2*f3,7.371781146797628e-05
e4,21,13,f1^3*f2,f0*f1*f2^2,-9.747273522652309e-05
e4,21,14,f1^3*f2,f0*f1*f2*f3,0.0001573359523701294
e4,21,15,f1^3*f2,f0*f1*f3^2,-0.0001161044421180963
e4,21,16,f1^3*f2,f0*f2^3,-1.7687354151858195e-05
e4,21,17,f1^3*f2,f0*f2^2*f3,-0.0001784428691869018
e4,21,18,f1^3*f2,f0*f2*f3^2,0.00027310948729187363
e4,21,19,f1^3*f2,f0*f3^3,-4.528136342680838e-05
e4,21,20,f1^3*f2,f1^4,-2.4375516856325164e-05
e4,21,21,f1^3*f2,f1^3*f2,0.0011655727192850583
e4,22,0,f1^3*f3,f0^4,-3.865234313672328e-06
e4,22,1,f1^3*f3,f0^3*f1,7.339789491338258e-05
e4,22,2,f1^3*f3,f0^3*f2,-1.4234960808177131e-05
e4,22,3,f1^3*f3,f0^3*f3,7.463507758945334e-06
e4,22,4,f1^3*f3,f0^2*f1^2,0.00013860287778376016
e4,22,5,f1^3*f3,f0^2*f1*f2,-0.0001283322443349742
e4,22,6,f1^3*f3,f0^2*f1*f3,0.00013249681678821268
e4,22,7,f1^3*f3,f0^2*f2^2,6.706146536784104e-05
e4,22,8,f1^3*f3,f0^2*f2*f3,-0.00011359880227032628
e4,22,9,f1^3*f3,f0^2*f3^2,0.00015089157458130097
e4,22,10,f1^3*f3,f0*f1^3,-2.0693182579740975e-05
e4,22,11,f1^3*f3,f0*f1^2*f2,1.077668862205764e-06
e4,22,12,f1^3*f3,f0*f1^2*f3,3.033483515960257e-05
e4,22,13,f1^3*f3,f0*f1*f2^2,6.231475695416847e-05
e4,22,14,f1^3*f3,f0*f1*f2*f3,-0.00013151820985533242
e4,22,15,f1^3*f3,f0*f1*f3^2,9.278377388233565e-05
e4,22,16,f1^3*f3,f0*f2^3,1.2820120064503018e-05
e4,22,17,f1^3*f3,f0*f2^2*f3,0.00014152563323177115
e4,22,18,f1^3*f3,f0*f2*f3^2,1.650217106158418e-05
e4,22,19,f1^3*f3,f0*f3^3,5.784211114141622e-06
e4,22,20,f1^3*f3,f1^4,-0.00013362829290651477
e4,22,21,f1^3*f3,f1^3*f2,-0.00014341114626021187
e4,22,22,f1^3*f3,f1^3*f3,0.0009687142919754177
e4,23,0,f1^2*f2^2,f0^4,3.451408310979454e-06
e4,23,1,f1^2*f2^2,f0^3*f1,8.569230565647306e-06
e4,23,2,f1^2*f2^2,f0^3*f2,6.507574890667892e-05
e4,23,3,f1^2*f2^2,f0^3*f3,3.5378152181465955e-05
e4,23,4,f1^2*f2^2,f0^2*f1^2,3.9262188900300836e-05
e4,23,5,f1^2*f2^2,f0^2*f1*f2,0.0002485510521020845
e4,23,6,f1^2*f2^2,f0^2*f1*f3,0.0004072338482941488
e4,23,7,f1^2*f2^2,f0^2*f2^2,-2.3831115995426886e-05
e4,23,8,f1^2*f2^2,f0^2*f2*f3,0.00025264112864937285
e4,23,9,f1^2*f2^2,f0^2*f3^2,0.0001323304446284347
e4,23,10,f1^2*f2^2,f0*f1^3,-1.2688394643727426e-05
e4,23,11,f1^2*f2^2,f0*f1^2*f2,0.00015536908139908906
e4,23,12,f1^2*f2^2,f0*f1^2*f3,-0.0001195714600166528
e4,23,13,f1^2*f2^2,f0*f1*f2^2,0.00011885467736175066
e4,23,14,f1^2*f2^2,f0*f1*f2*f3,-3.5195132388681605e-05
e4,23,15,f1^2*f2^2,f0*f1*f3^2,4.1445238626691365e-05
e4,23,16,f1^2*f2^2,f0*f2^3,5.1726482977732934e-05
e4,23,17,f1^2*f2^2,f0*f2^2*f3,0.00019714604569729617
e4,23,18,f1^2*f2^2,f0*f2*f3^2,-7.898864694183591e-05
e4,23,19,f1^2*f2^2,f0*f3^3,-1.8979961019493895e-06
e4,23,20,f1^2*f2^2,f1^4,2.7933787006685305e-06
e4,23,21,f1^2*f2^2,f1^3*f2,-4.7984713992221845e-05
e4,23,22,f1^2*f2^2,f1^3*f3,-3.467547104810929e-05
e4,23,23,f1^2*f2^2,f1^2*f2^2,0.0014900554078711823
e4,24,0,f1^2*f2*f3,f0^4,1.1821746948579842e-06
e4,24,1,f1^2*f2*f3,f0^3*f1,-1.0118882654465685e-05
e4,24,2,f1^2*f2*f3,f0^3*f2,-0.00017714094453582876
e4,24,3,f1^2*f2*f3,f0^3*f3,-0.00016133076759922485
e4,24,4,f1^2*f2*f3,f0^2*f1^2,-0.000237438759221421
e4,24,5,f1^2*f2*f3,f0^2*f1*f2,-0.0006739629830143387
e4,24,6,f1^2*f2*f3,f0^2*f1*f3,-0.0006130812389844395
e4,24,7,f1^2*f2*f3,f0^2*f2^2,0.00036039114176473396
e4,24,8,f1^2*f2*f3,f0^2*f2*f3,0.00018372404727409148
e4,24,9,f1^2*f2*f3,f0^2*f3^2,0.00019243776383654366
e4,24,10,f1^2*f2*f3,f0*f1^3,3.588935958364001e-05
e4,24,11,f1^2*f2*f3,f0*f1^2*f2,-0.0001971704462626776
e4,24,12,f1^2*f2*f3,f0*f1^2*f3,0.0002539927580927618
e4,24,13,f1^2*f2*f3,f0*f1*f2^2,0.00010351423920671089
e4,24,14,f1^2*f2*f3,f0*f1*f2*f3,0.0003181817806995467
e4,24,15,f1^2*f2*f3,f0*f1*f3^2,-5.329286253236518e-05
e4,24,16,f1^2*f2*f3,f0*f2^3,-5.946595461114085e-05
e4,24,17,f1^2*f2*f3,f0*f2^2*f3,-5.458822310585973e-05
e4,24,18,f1^2*f2*f3,f0*f2*f3^2,-0.0002032668694909067
e4,24,19,f1^2*f2*f3,f0*f3^3,0.00012136547799792553
e4,24,20,f1^2*f2*f3,f1^4,2.5471685410117996e-05
e4,24,21,f1^2*f2*f3,f1^3*f2,-0.0003656470550762109
e4,24,22,f1^2*f2*f3,f1^3*f3,-0.00010730832568709251
e4,24,23,f1^2*f2*f3,f1^2*f2^2,-0.00034294256667370974
e4,24,24,f1^2*f2*f3,f1^2*f2*f3,0.002358823467666545
e4,25,0,f1^2*f3^2,f0^4,5.152621877440864e-06
e4,25,1,f1^2*f3^2,f0^3*f1,-2.6225828802498112e-05
e4,25,2,f1^2*f3^2,f0^3*f2,2.2204787638961085e-05
e4,25,3,f1^2*f3^2,f0^3*f3,8.915055787372992e-06
e4,25,4,f1^2*f3^2,f0^2*f1^2,3.0114348797431503e-05
e4,25,5,f1^2*f3^2,f0^2*f1*f2,0.00037367937365504167
e4,25,6,f1^2*f3^2,f0^2*f1*f3,0.0002143890761788608
e4,25,7,f1^2*f3^2,f0^2*f2^2,0.0001010763678838287
e4,25,8,f1^2*f3^2,f0^2*f2*f3,0.00016368651473234848
e4,25,9,f1^2*f3^2,f0^2*f3^2,-0.00011603469606893816
e4,25,10,f1^2*f3^2,f0*f1^3,9.319742001772531e-06
e4,25,11,f1^2*f3^2,f0*f1^2*f2,0.00013974684458535437
e4,25,12,f1^2*f3^2,f0*f1^2*f3,-0.00013187297373819134
e4,25,13,f1^2*f3^2,f0*f1*f2^2,-0.00011649316286993459
e4,25,14,f1^2*f3^2,f0*f1*f2*f3,7.882711708516168e-05
e4,25,15,f1^2*f3^2,f0*f1*f3^2,3.59908440235819e-05
e4,25,16,f1^2*f3^2,f0*f2^3,-3.3923280534829925e-05
e4,25,17,f1^2*f3^2,f0*f2^2*f3,-9.140115177475933e-05
e4,25,18,f1^2*f3^2,f0*f2*f3^2,-0.00021054620543094798
e4,25,19,f1^2*f3^2,f0*f3^3,-4.2999817443651566e-05
e4,25,20,f1^2*f3^2,f1^4,-7.298193896301936e-07
e4,25,21,f1^2*f3^2,f1^3*f2,-0.00011838544711694466
e4,25,22,f1^2*f3^2,f1^3*f3,-0.00012897351673027836
e4,25,23,f1^2*f3^2,f1^2*f2^2,0.0003022577786164397
e4,25,24,f1^2*f3^2,f1^2*f2*f3,-0.00014889463958559285
e4,25,25,f1^2*f3^2,f1^2*f3^2,0.0012784028957297624
e4,26,0,f1*f2^3,f0^4,2.8615585574424957e-06
e4,26,1,f1*f2^3,f0^3*f1,-1.3276576961295371e-05
e4,26,2,f1*f2^3,f0^3*f2,-5.9343261858652706e-05
e4,26,3,f1*f2^3,f0^3*f3,-2.0184819896639736e-05
e4,26,4,f1*f2^3,f0^2*f1^2,4.8977981189306286e-05
e4,26,5,f1*f2^3,f0^2*f1*f2,0.0001571651440140993
e4,26,6,f1*f2^3,f0^2*f1*f3,2.7527091238576274e-05
e4,26,7,f1*f2^3,f0^2*f2^2,9.884158957274784e-05
e4,26,8,f1*f2^3,f0^2*f2*f3,-5.669028918410305e-05
e4,26,9,f1*f2^3,f0^2*f3^2,-9.144547436118466e-06
e4,26,10,f1*f2^3,f0*f1^3,4.451875663583422e-06
e4,26,11,f1*f2^3,f0*f1^2*f2,-7.552716637201536e-05
e4,26,12,f1*f2^3,f0*f1^2*f3,0.00023758659130415386
e4,26,13,f1*f2^3,f0*f1*f2^2,-2.53320502021506e-05
e4,26,14,f1*f2^3,f0*f1*f2*f3,-9.276704151919877e-05
e4,26,15,f1*f2^3,f0*f1*f3^2,-0.00014874620143022022
e4,26,16,f1*f2^3,f0*f2^3,1.0973526252087548e-05
e4,26,17,f1*f2^3,f0*f2^2*f3,2.6823504855394114e-05
e4,26,18,f1*f2^3,f0*f2*f3^2,6.792790768258422e-05
e4,26,19,f1*f2^3,f0*f3^3,-4.828386705603533e-05
e4,26,20,f1*f2^3,f1^4,-3.103223010173725e-06
e4,26,21,f1*f2^3,f1^3*f2,0.00028387006062030953
e4,26,22,f1*f2^3,f1^3*f3,-7.454724656747521e-05
e4,26,23,f1*f2^3,f1^2*f2^2,-2.1366488685364075e-05
e4,26,24,f1*f2^3,f1^2*f2*f3,0.00012555844647861236
e4,26,25,f1*f2^3,f1^2*f3^2,-1.3808259285458662e-05
e4,26,26,f1*f2^3,f1*f2^3,0.001097464029029154
e4,27,0,f1*f2^2*f3,f0^4,-1.322248443275503e-06
e4,27,1,f1*f2^2*f3,f0^3*f1,-1.0194685116703166e-05
e4,27,2,f1*f2^2*f3,f0^3*f2,-3.3705453484139736e-05
e4,27,3,f1*f2^2*f3,f0^3*f3,-4.234267776006952e-05
e4,27,4,f1*f2^2*f3,f0^2*f1^2,-4.978775499555842e-06
e4,27,5,f1*f2^2*f3,f0^2*f1*f2,-0.0006875266074130011
e4,27,6,f1*f2^2*f3,f0^2*f1*f3,-0.00038067007890494464
e4,27,7,f1*f2^2*f3,f0^2*f2^2,-0.0006444826996003319
e4,27,8,f1*f2^2*f3,f0^2*f2*f3,-0.0010711443378256106
e4,27,9,f1*f2^2*f3,f0^2*f3^2,-0.0001359878824329353
e4,27,10,f1*f2^2*f3,f0*f1^3,6.25311094995152e-05
e4,27,11,f1*f2^2*f3,f0*f1^2*f2,0.0001198655477893428
e4,27,12,f1*f2^2*f3,f0*f1^2*f3,-0.0005245413322308159
e4,27,13,f1*f2^2*f3,f0*f1*f2^2,-0.00011353137044210807
e4,27,14,f1*f2^2*f3,f0*f1*f2*f3,0.0004668910087058052
e4,27,15,f1*f2^2*f3,f0*f1*f3^2,1.2492149512166675e-05
e4,27,16,f1*f2^2*f3,f0*f2^3,4.121168983295474e-05
e4,27,17,f1*f2^2*f3,f0*f2^2*f3,-0.00023450366853125398
e4,27,18,f1*f2^2*f3,f0*f2*f3^2,-0.00031953678435564655
e4,27,19,f1*f2^2*f3,f0*f3^3,4.319843017606841e-05
e4,27,20,f1*f2^2*f3,f1^4,7.380619013412114e-07
e4,27,21,f1*f2^2*f3,f1^3*f2,0.00016369122789718971
e4,27,22,f1*f2^2*f3,f1^3*f3,-2.703747622162126e-06
e4,27,23,f1*f2^2*f3,f1^2*f2^2,-0.0005170876191599714
e4,27,24,f1*f2^2*f3,f1^2*f2*f3,-0.00026700208580887006
e4,27,25,f1*f2^2*f3,f1^2*f3^2,-0.00020411409869196972
e4,27,26,f1*f2^2*f3,f1*f2^3,-9.499996314326805e-05
e4,27,27,f1*f2^2*f3,f1*f2^2*f3,0.002458744037733308
e4,28,0,f1*f2*f3^2,f0^4,-2.730500982988685e-06
e4,28,1,f1*f2*f3^2,f0^3*f1,5.286491302161413e-05
e4,28,2,f1*f2*f3^2,f0^3*f2,0.00010858401807760373
e4,28,3,f1*f2*f3^2,f0^3*f3,0.00016630740299066973
e4,28,4,f1*f2*f3^2,f0^2*f1^2,4.878214511833856e-05
e4,28,5,f1*f2*f3^2,f0^2*f1*f2,-9.478385324341775e-06
e4,28,6,f1*f2*f3^2,f0^2*f1*f3,-0.0004951723986526226
e4,28,7,f1*f2*f3^2,f0^2*f2^2,2.9711393163312867e-05
e4,28,8,f1*f2*f3^2,f0^2*f2*f3,-0.0008841866730728488
e4,28,9,f1*f2*f3^2,f0^2*f3^2,-0.0006585513074380852
e4,28,10,f1*f2*f3^2,f0*f1^3,7.654885336024342e-06
e4,28,11,f1*f2*f3^2,f0*f1^2*f2,-5.543072439089477e-05
e4,28,12,f1*f2*f3^2,f0*f1^2*f3,0.00012290183122684706
e4,28,13,f1*f2*f3^2,f0*f1*f2^2,0.00022136409395786828
e4,28,14,f1*f2*f3^2,f0*f1*f2*f3,4.432076769493284e-05
e4,28,15,f1*f2*f3^2,f0*f1*f3^2,0.0003246227537699793
e4,28,16,f1*f2*f3^2,f0*f2^3,4.820978097495005e-05
e4,28,17,f1*f2*f3^2,f0*f2^2*f3,0.0005050917299087383
e4,28,18,f1*f2*f3^2,f0*f2*f3^2,0.00021450124789596536
e4,28,19,f1*f2*f3^2,f0*f3^3,-1.642302245204045e-05
e4,28,20,f1*f2*f3^2,f1^4,8.206063292594526e-06
e4,28,21,f1*f2*f3^2,f1^3*f2,0.0003878655921952225
e4,28,22,f1*f2*f3^2,f1^3*f3,-0.00011159957539270942
e4,28,23,f1*f2*f3^2,f1^2*f2^2,-0.00014563030530660473
e4,28,24,f1*f2*f3^2,f1^2*f2*f3,-0.0004759675370849768
e4,28,25,f1*f2*f3^2,f1^2*f3^2,-0.0002420576475558439
e4,28,26,f1*f2*f3^2,f1*f2^3,0.0002077877404173781
e4,28,27,f1*f2*f3^2,f1*f2^2*f3,-1.5328860427860361e-06
e4,28,28,f1*f2*f3^2,f1*f2*f3^2,0.002280724289625324
e4,29,0,f1*f3^3,f0^4,1.0241991261802798e-06
e4,29,1,f1*f3^3,f0^3*f1,5.977953292226121e-06
e4,29,2,f1*f3^3,f0^3*f2,8.29790791827255e-08
e4,29,3,f1*f3^3,f0^3*f3,-4.905657060937123e-06
e4,29,4,f1*f3^3,f0^2*f1^2,3.815005714522002e-05
e4,29,5,f1*f3^3,f0^2*f1*f2,7.128309430216109e-05
e4,29,6,f1*f3^3,f0^2*f1*f3,0.00011425230622635993
e4,29,7,f1*f3^3,f0^2*f2^2,2.1104196111000523e-05
e4,29,8,f1*f3^3,f0^2*f2*f3,4.8129662145249376e-05
e4,29,9,f1*f3^3,f0^2*f3^2,-3.437956780760741e-06
e4,29,10,f1*f3^3,f0*f1^3,2.9924195172727182e-06
e4,29,11,f1*f3^3,f0*f1^2*f2,7.020842155682836e-05
e4,29,12,f1*f3^3,f0*f1^2*f3,-6.0312663125407034e-06
e4,29,13,f1*f3^3,f0*f1*f2^2,-1.78854311586127e-05
e4,29,14,f1*f3^3,f0*f1*f2*f3,8.087145706880161e-06
e4,29,15,f1*f3^3,f0*f1*f3^2,4.435626136071596e-05
e4,29,16,f1*f3^3,f0*f2^3,4.738858962151109e-07
e4,29,17,f1*f3^3,f0*f2^2*f3,-1.592086013472957e-05
e4,29,18,f1*f3^3,f0*f2*f3^2,-9.221712956636251e-05
e4,29,19,f1*f3^3,f0*f3^3,1.8190936619178293e-05
e4,29,20,f1*f3^3,f1^4,-2.8190796791409697e-05
e4,29,21,f1*f3^3,f1^3*f2,-3.122808005071875e-05
e4,29,22,f1*f3^3,f1^3*f3,0.00013408258150856292
e4,29,23,f1*f3^3,f1^2*f2^2,0.0001590163427952677
e4,29,24,f1*f3^3,f1^2*f2*f3,-6.160110549183594e-05
e4,29,25,f1*f3^3,f1^2*f3^2,0.00010638134459997827
e4,29,26,f1*f3^3,f1*f2^3,2.8489127449557592e-05
e4,29,27,f1*f3^3,f1*f2^2*f3,1.0971987420757395e-06
e4,29,28,f1*f3^3,f1*f2*f3^2,-9.010436578812484e-05
e4,29,29,f1*f3^3,f1*f3^3,0.0009352347693317564
e4,30,0,f2^4,f0^4,3.14062097282356e-17
e4,30,1,f2^4,f0^3*f1,-3.444702507826573e-18
e4,30,2,f2^4,f0^3*f2,-2.7963205418935484e-17
e4,30,3,f2^4,f0^3*f3,-2.5479515138232805e-18
e4,30,4,f2^4,f0^2*f1^2,2.4676518484297626e-17
e4,30,5,f2^4,f0^2*f1*f2,8.98872641646962e-18
e4,30,6,f2^4,f0^2*f1*f3,4.164275284178454e-18
e4,30,7,f2^4,f0^2*f2^2,7.197348145754673e-18
e4,30,8,f2^4,f0^2*f2*f3,-1.2326868771818709e-17
e4,30,9,f2^4,f0^2*f3^2,1.7080553504320115e-17
e4,30,10,f2^4,f0*f1^3,1.5008635117236876e-17
e4,30,11,f2^4,f0*f1^2*f2,-8.743447761934517e-18
e4,30,12,f2^4,f0*f1^2*f3,7.67019863834189e-18
e4,30,13,f2^4,f0*f1*f2^2,8.901166271121114e-20
e4,30,14,f2^4,f0*f1*f2*f3,-4.309149675246866e-18
e4,30,15,f2^4,f0*f1*f3^2,5.151825013051105e-18
e4,30,16,f2^4,f0*f2^3,3.0102100608462546e-19
e4,30,17,f2^4,f0*f2^2*f3,8.350939171514514e-18
e4,30,18,f2^4,f0*f2*f3^2,1.4385993638073153e-17
e4,30,19,f2^4,f0*f3^3,1.4868794146899446e-17
e4,30,20,f2^4,f1^4,2.442242239661279e-17
e4,30,21,f2^4,f1^3*f2,9.891385495599754e-18
e4,30,22,f2^4,f1^3*f3,9.113940935789797e-18
e4,30,23,f2^4,f1^2*f2^2,-8.893841476962784e-18
e4,30,24,f2^4,f1^2*f2*f3,9.860081551290985e-18
e4,30,25,f2^4,f1^2*f3^2,2.2717973235178132e-17
e4,30,26,f2^4,f1*f2^3,-6.798182852315829e-20
e4,30,27,f2^4,f1*f2^2*f3,-1.534360113422741e-17
e4,30,28,f2^4,f1*f2*f3^2,3.141906141125376e-18
e4,30,29,f2^4,f1*f3^3,-2.8398842405331424e-17
e4,30,30,f2^4,f2^4,0.00011773756992669826
e4,31,0,f2^3*f3,f0^4,-7.94684381234585e-07
e4,31,1,f2^3*f3,f0^3*f1,-1.8312165413260466e-06
e4,31,2,f2^3*f3,f0^3*f2,-6.088928587637759e-06
e4,31,3,f2^3*f3,f0^3*f3,-1.2076121349886798e-05
e4,31,4,f2^3*f3,f0^2*f1^2,-2.4406108027459428e-05
e4,31,5,f2^3*f3,f0^2*f1*f2,3.8968280965182235e-05
e4,31,6,f2^3*f3,f0^2*f1*f3,-6.353332506551894e-05
e4,31,7,f2^3*f3,f0^2*f2^2,0.0002156475230595074
e4,31,8,f2^3*f3,f0^2*f2*f3,0.0002991914637236396
e4,31,9,f2^3*f3,f0^2*f3^2,6.984581323894832e-05
e4,31,10,f2^3*f3,f0*f1^3,6.07287565046517e-06
e4,31,11,f2^3*f3,f0*f1^2*f2,4.825568720590131e-05
e4,31,12,f2^3*f3,f0*f1^2*f3,-5.965259321273934e-05
e4,31,13,f2^3*f3,f0*f1*f2^2,5.072682038694442e-05
e4,31,14,f2^3*f3,f0*f1*f2*f3,7.804174512397094e-05
e4,31,15,f2^3*f3,f0*f1*f3^2,0.000159643640222952
e4,31,16,f2^3*f3,f0*f2^3,-6.2050171753270945e-06
e4,31,17,f2^3*f3,f0*f2^2*f3,7.334083015201565e-05
e4,31,18,f2^3*f3,f0*f2*f3^2,-2.031466941100528e-05
e4,31,19,f2^3*f3,f0*f3^3,6.617239157867163e-05
e4,31,20,f2^3*f3,f1^4,-2.0416337413278627e-06
e4,31,21,f2^3*f3,f1^3*f2,-0.00013202782681467242
e4,31,22,f2^3*f3,f1^3*f3,3.9051938009693386e-05
e4,31,23,f2^3*f3,f1^2*f2^2,-1.7066846403146005e-05
e4,31,24,f2^3*f3,f1^2*f2*f3,0.00018243254330479946
e4,31,25,f2^3*f3,f1^2*f3^2,2.836549633954031e-05
e4,31,26,f2^3*f3,f1*f2^3,-0.00022407298499601096
e4,31,27,f2^3*f3,f1*f2^2*f3,-0.00020914098947647452
e4,31,28,f2^3*f3,f1*f2*f3^2,2.688335179793559e-05
e4,31,29,f2^3*f3,f1*f3^3,1.7277727174331076e-05
e4,31,30,f2^3*f3,f2^4,-1.4466145156540134e-18
e4,31,31,f2^3*f3,f2^3*f3,0.0008278954585780881
e4,32,0,f2^2*f3^2,f0^4,6.373280381529336e-06
e4,32,1,f2^2*f3^2,f0^3*f1,1.527980157092418e-07
e4,32,2,f2^2*f3^2,f0^3*f2,3.599827077243591e-05
e4,32,3,f2^2*f3^2,f0^3*f3,1.2452791359390598e-05
e4,32,4,f2^2*f3^2,f0^2*f1^2,4.324940753903137e-05
e4,32,5,f2^2*f3^2,f0^2*f1*f2,0.00020622041537155122
e4,32,6,f2^2*f3^2,f0^2*f1*f3,0.0003919504341573124
e4,32,7,f2^2*f3^2,f0^2*f2^2,-0.0002206385545652628
e4,32,8,f2^2*f3^2,f0^2*f2*f3,0.00015967828643963968
e4,32,9,f2^2*f3^2,f0^2*f3^2,0.00010497825448986901
e4,32,10,f2^2*f3^2,f0*f1^3,-4.289191319060363e-05
e4,32,11,f2^2*f3^2,f0*f1^2*f2,-2.532372579117979e-05
e4,32,12,f2^2*f3^2,f0*f1^2*f3,0.00018316452094498673
e4,32,13,f2^2*f3^2,f0*f1*f2^2,6.575288769915404e-05
e4,32,14,f2^2*f3^2,f0*f1*f2*f3,-0.00010583565777886194
e4,32,15,f2^2*f3^2,f0*f1*f3^2,-0.00027702400813340726
e4,32,16,f2^2*f3^2,f0*f2^3,5.377041815763552e-05
e4,32,17,f2^2*f3^2,f0*f2^2*f3,3.456453187240779e-05
e4,32,18,f2^2*f3^2,f0*f2*f3^2,0.00015411301397296286
e4,32,19,f2^2*f3^2,f0*f3^3,-0.00013592962435680553
e4,32,20,f2^2*f3^2,f1^4,-9.058491540860991e-06
e4,32,21,f2^2*f3^2,f1^3*f2,-5.979240536021326e-05
e4,32,22,f2^2*f3^2,f1^3*f3,8.01344312473133e-05
e4,32,23,f2^2*f3^2,f1^2*f2^2,0.00018314644888281064
e4,32,24,f2^2*f3^2,f1^2*f2*f3,-0.00037805354040107257
e4,32,25,f2^2*f3^2,f1^2*f3^2,0.00010744275580221491
e4,32,26,f2^2*f3^2,f1*f2^3,1.3859744897870348e-05
e4,32,27,f2^2*f3^2,f1*f2^2*f3,-0.0004701717691794358
e4,32,28,f2^2*f3^2,f1*f2*f3^2,-0.0004514288479838605
e4,32,29,f2^2*f3^2,f1*f3^3,5.5363425596911695e-05
e4,32,30,f2^2*f3^2,f2^4,1.4497225333392065e-17
e4,32,31,f2^2*f3^2,f2^3*f3,-0.00011304279820617687
e4,32,32,f2^2*f3^2,f2^2*f3^2,0.0010961038741304564
e4,33,0,f2*f3^3,f0^4,-2.9875318002530794e-06
e4,33,1,f2*f3^3,f0^3*f1,1.7863691524197414e-05
e4,33,2,f2*f3^3,f0^3*f2,2.7555003999372397e-05
e4,33,3,f2*f3^3,f0^3*f3,1.3739101436428645e-05
e4,33,4,f2*f3^3,f0^2*f1^2,-3.7800907285753665e-05
e4,33,5,f2*f3^3,f0^2*f1*f2,-7.635956748702672e-05
e4,33,6,f2*f3^3,f0^2*f1*f3,-5.4383401624729755e-05
e4,33,7,f2*f3^3,f0^2*f2^2,0.00011824143549091714
e4,33,8,f2*f3^3,f0^2*f2*f3,0.0002378260778151272
e4,33,9,f2*f3^3,f0^2*f3^2,7.697062651235731e-05
e4,33,10,f2*f3^3,f0*f1^3,5.2855181508422485e-06
e4,33,11,f2*f3^3,f0*f1^2*f2,1.5617809302118224e-05
e4,33,12,f2*f3^3,f0*f1^2*f3,2.266041519838872e-05
e4,33,13,f2*f3^3,f0*f1*f2^2,-2.024113386774089e-05
e4,33,14,f2*f3^3,f0*f1*f2*f3,2.899922392683436e-05
e4,33,15,f2*f3^3,f0*f1*f3^2,0.0001872223372208818
e4,33,16,f2*f3^3,f0*f2^3,-2.6753536132645816e-05
e4,33,17,f2*f3^3,f0*f2^2*f3,3.8124466829967555e-05
e4,33,18,f2*f3^3,f0*f2*f3^2,0.00012099503167965905
e4,33,19,f2*f3^3,f0*f3^3,0.00013012461135229658
e4,33,20,f2*f3^3,f1^4,1.3717793525698744e-05
e4,33,21,f2*f3^3,f1^3*f2,9.667338424140956e-06
e4,33,22,f2*f3^3,f1^3*f3,-6.74384881211869e-05
e4,33,23,f2*f3^3,f1^2*f2^2,-6.656365836087857e-05
e4,33,24,f2*f3^3,f1^2*f2*f3,0.0003959357109310135
e4,33,25,f2*f3^3,f1^2*f3^2,-0.0001585006214406816
e4,33,26,f2*f3^3,f1*f2^3,-8.239016591213272e-06
e4,33,27,f2*f3^3,f1*f2^2*f3,9.050538131932391e-05
e4,33,28,f2*f3^3,f1*f2*f3^2,-9.501427900087662e-05
e4,33,29,f2*f3^3,f1*f3^3,-0.00019464464580560165
e4,33,30,f2*f3^3,f2^4,1.6863910425451397e-17
e4,33,31,f2*f3^3,f2^3*f3,0.00018757964370247116
e4,33,32,f2*f3^3,f2^2*f3^2,-0.00021423033080205758
e4,33,33,f2*f3^3,f2*f3^3,0.0008953684528357538
e4,34,0,f3^4,f0^4,2.0431736050398275e-06
e4,34,1,f3^4,f0^3*f1,1.4510463410972619e-06
e4,34,2,f3^4,f0^3*f2,6.234571202609777e-07
e4,34,3,f3^4,f0^3*f3,3.319840485846694e-06
e4,34,4,f3^4,f0^2*f1^2,1.0399389919438727e-05
e4,34,5,f3^4,f0^2*f1*f2,7.36079027901771e-06
e4,34,6,f3^4,f0^2*f1*f3,6.5020808887459236e-06
e4,34,7,f3^4,f0^2*f2^2,-9.060806561368856e-06
e4,34,8,f3^4,f0^2*f2*f3,-3.805564116290284e-05
e4,34,9,f3^4,f0^2*f3^2,-1.6133245222960417e-05
e4,34,10,f3^4,f0*f1^3,-6.965468904981552e-08
e4,34,11,f3^4,f0*f1^2*f2,6.861318710296948e-06
e4,34,12,f3^4,f0*f1^2*f3,4.2451454989235373e-07
e4,34,13,f3^4,f0*f1*f2^2,4.213062039913876e-06
e4,34,14,f3^4,f0*f1*f2*f3,-6.805919795116922e-07
e4,34,15,f3^4,f0*f1*f3^2,9.766178993243595e-07
e4,34,16,f3^4,f0*f2^3,3.9385401056488405e-06
e4,34,17,f3^4,f0*f2^2*f3,6.799097311624028e-06
e4,34,18,f3^4,f0*f2*f3^2,-1.1432784398788834e-05
e4,34,19,f3^4,f0*f3^3,8.584074443093375e-06
e4,34,20,f3^4,f1^4,-3.4722259976260663e-06
e4,34,21,f3^4,f1^3*f2,4.482422749644971e-06
e4,34,22,f3^4,f1^3*f3,2.6801791731868396e-05
e4,34,23,f3^4,f1^2*f2^2,1.8719238161968403e-05
e4,34,24,f3^4,f1^2*f2*f3,-5.454738138648385e-05
e4,34,25,f3^4,f1^2*f3^2,6.879323311375592e-06
e4,34,26,f3^4,f1*f2^3,7.422569581782627e-06
e4,34,27,f3^4,f1*f2^2*f3,4.0069673084771975e-06
e4,34,28,f3^4,f1*f2*f3^2,4.113903394138104e-05
e4,34,29,f3^4,f1*f3^3,0.0001255975632372814
e4,34,30,f3^4,f2^4,7.615254766151953e-17
e4,34,31,f3^4,f2^3*f3,-1.7503316110114523e-05
e4,34,32,f3^4,f2^2*f3^2,1.1575268322965995e-05
e4,34,33,f3^4,f2*f3^3,-0.0001048739422039271
e4,34,34,f3^4,f3^4,0.0001652228335947617
e5,0,0,f0^5,f0^5,6.839718599696935e-06
e5,1,0,f0^4*f1,f0^5,-3.4048806511657314e-07
e5,1,1,f0^4*f1,f0^4*f1,1.409191504083961e-05
e5,2,0,f0^4*f2,f0^5,-1.9860969992780917e-06
e5,2,1,f0^4*f2,f0^4*f1,9.709473903666223e-06
e5,2,2,f0^4*f2,f0^4*f2,2.5889093190178412e-05
e5,3,0,f0^4*f3,f0^5,8.512187819340772e-07
e5,3,1,f0^4*f3,f0^4*f1,9.243236910695513e-06
e5,3,2,f0^4*f3,f0^4*f2,1.5730843970142955e-05
e5,3,3,f0^4*f3,f0^4*f3,2.563132858531446e-05
e5,4,0,f0^3*f1^2,f0^5,-1.8231386058399743e-06
e5,4,1,f0^3*f1^2,f0^4*f1,-9.115919639120082e-07
e5,4,2,f0^3*f1^2,f0^4*f2,-1.1557684827973092e-06
e5,4,3,f0^3*f1^2,f0^4*f3,-1.0085339788063554e-06
e5,4,4,f0^3*f1^2,f0^3*f1^2,1.3472478250972513e-05
e5,5,0,f0^3*f1*f2,f0^5,3.739634814000105e-07
e5,5,1,f0^3*f1*f2,f0^4*f1,-2.526591857278906e-06
e5,5,2,f0^3*f1*f2,f0^4*f2,3.5619688579806947e-07
e5,5,3,f0^3*f1*f2,f0^4*f3,2.1698681031134027e-06
e5,5,4,f0^3*f1*f2,f0^3*f1^2,1.492605187479459e-05
e5,5,5,f0^3*f1*f2,f0^3*f1*f2,5.812811252394215e-05
e5,6,0,f0^3*f1*f3,f0^5,1.0999323340940613e-06
e5,6,1,f0^3*f1*f3,f0^4*f1,7.203743542528055e-08
e5,6,2,f0^3*f1*f3,f0^4*f2,-1.7620412165746026e-06
e5,6,3,f0^3*f1*f3,f0^4*f3,-1.2950440387342642e-06
e5,6,4,f0^3*f1*f3,f0^3*f1^2,1.2950281033553769e-05
e5,6,5,f0^3*f1*f3,f0^3*f1*f2,3.392045729042462e-05
e5,6,6,f0^3*f1*f3,f0^3*f1*f3,5.377724026922261e-05
e5,7,0,f0^3*f2^2,f0^5,-1.0772040557416487e-06
e5,7,1,f0^3*f2^2,f0^4*f1,-1.4712433793806675e-06
e5,7,2,f0^3*f2^2,f0^4*f2,-5.449299932984309e-06
e5,7,3,f0^3*f2^2,f0^4*f3,-6.615952776239255e-07
e5,7,4,f0^3*f2^2,f0^3*f1^2,1.6031049826954672e-06
e5,7,5,f0^3*f2^2,f0^3*f1*f2,1.9567962764436714e-05
e5,7,6,f0^3*f2^2,f0^3*f1*f3,7.149802906795317e-06
e5,7,7,f0^3*f2^2,f0^3*f2^2,4.002453135798753e-05
e5,8,0,f0^3*f2*f3,f0^5,1.7001176672880597e-06
e5,8,1,f0^3*f2*f3,f0^4*f1,2.4343094214082503e-06
e5,8,2,f0^3*f2*f3,f0^4*f2,-1.3044466650582963e-06
e5,8,3,f0^3*f2*f3,f0^4*f3,2.2727445826127606e-06
e5,8,4,f0^3*f2*f3,f0^3*f1^2,4.108328213813127e-06
e5,8,5,f0^3*f2*f3,f0^3*f1*f2,3.437500985740882e-05
e5,8,6,f0^3*f2*f3,f0^3*f1*f3,2.8859409257683477e-05
e5,8,7,f0^3*f2*f3,f0^3*f2^2,4.2573941609793426e-05
e5,8,8,f0^3*f2*f3,f0^3*f2*f3,9.769550593120293e-05
e5,9,0,f0^3*f3^2,f0^5,-1.2693417054990278e-06
e5,9,1,f0^3*f3^2,f0^4*f1,2.794146876640177e-07
e5,9,2,f0^3*f3^2,f0^4*f2,-2.7571177940466124e-06
e5,9,3,f0^3*f3^2,f0^4*f3,3.630628931991032e-07
e5,9,4,f0^3*f3^2,f0^3*f1^2,3.0903218486150246e-06
e5,9,5,f0^3*f3^2,f0^3*f1*f2,1.1835126672624946e-05
e5,9,6,f0^3*f3^2,f0^3*f1*f3,2.1599139749992165e-05
e5,9,7,f0^3*f3^2,f0^3*f2^2,8.807188838229286e-06
e5,9,8,f0^3*f3^2,f0^3*f2*f3,3.329890084569894e-05
e5,9,9,f0^3*f3^2,f0^3*f3^2,3.437637311904913e-05
e5,10,0,f0^2*f1^3,f0^5,1.5974759027293956e-07
e5,10,1,f0^2*f1^3,f0^4*f1,-2.804669971465905e-06
e5,10,2,f0^2*f1^3,f0^4*f2,5.805986438625787e-07
e5,10,3,f0^2*f1^3,f0^4*f3,9.116679618576945e-07
e5,10,4,f0^2*f1^3,f0^3*f1^2,-6.73402342319909e-07
e5,10,5,f0^2*f1^3,f0^3*f1*f2,6.364304164288808e-07
e5,10,6,f0^2*f1^3,f0^3*f1*f3,-1.15768521977132e-07
e5,10,7,f0^2*f1^3,f0^3*f2^2,2.2972014157579543e-07
e5,10,8,f0^2*f1^3,f0^3*f2*f3,-9.725361125685325e-07
e5,10,9,f0^2*f1^3,f0^3*f3^2,-7.95463446006888e-07
e5,10,10,f0^2*f1^3,f0^2*f1^3,8.73780933178326e-06
e5,11,0,f0^2*f1^2*f2,f0^5,-4.102219749238063e-07
e5,11,1,f0^2*f1^2*f2,f0^4*f1,8.718257617381717e-06
e5,11,2,f0^2*f1^2*f2,f0^4*f2,1.1685452887932256e-05
e5,11,3,f0^2*f1^2*f2,f0^4*f3,1.5340655919772316e-05
e5,11,4,f0^2*f1^2*f2,f0^3*f1^2,-2.604731083930249e-06
e5,11,5,f0^2*f1^2*f2,f0^3*f1*f2,2.6170415487984753e-07
e5,11,6,f0^2*f1^2*f2,f0^3*f1*f3,6.212219655864145e-06
e5,11,7,f0^2*f1^2*f2,f0^3*f2^2,-3.2688089142936742e-06
e5,11,8,f0^2*f1^2*f2,f0^3*f2*f3,2.6755563999881264e-06
e5,11,9,f0^2*f1^2*f2,f0^3*f3^2,2.6761127304290653e-06
e5,11,10,f0^2*f1^2*f2,f0^2*f1^3,8.088700008776274e-06
e5,11,11,f0^2*f1^2*f2,f0^2*f1^2*f2,6.663790206894262e-05
e5,12,0,f0^2*f1^2*f3,f0^5,-2.3415794040927003e-07
e5,12,1,f0^2*f1^2*f3,f0^4*f1,3.1021469464045736e-06
e5,12,2,f0^2*f1^2*f3,f0^4*f2,5.915037726002977e-06
e5,12,3,f0^2*f1^2*f3,f0^4*f3,-4.922625592486204e-08
e5,12,4,f0^2*f1^2*f3,f0^3*f1^2,-3.024713980019473e-06
e5,12,5,f0^2*f1^2*f3,f0^3*f1*f2,-3.464993416931558e-07
e5,12,6,f0^2*f1^2*f3,f0^3*f1*f3,-3.5556642276031358e-06
e5,12,7,f0^2*f1^2*f3,f0^3*f2^2,-9.802030938460636e-07
e5,12,8,f0^2*f1^2*f3,f0^3*f2*f3,-3.66303151180216e-06
e5,12,9,f0^2*f1^2*f3,f0^3*f3^2,-3.625808446338931e-06
e5,12,10,f0^2*f1^2*f3,f0^2*f1^3,2.168714747025584e-06
e5,12,11,f0^2*f1^2*f3,f0^2*f1^2*f2,2.5177593011737547e-05
e5,12,12,f0^2*f1^2*f3,f0^2*f1^2*f3,5.2565927811888315e-05
e5,13,0,f0^2*f1*f2^2,f0^5,-6.684394735396916e-07
e5,13,1,f0^2*f1*f2^2,f0^4*f1,-1.3958547806848451e-06
e5,13,2,f0^2*f1*f2^2,f0^4*f2,6.444625183077684e-06
e5,13,3,f0^2*f1*f2^2,f0^4*f3,3.150608237797925e-06
e5,13,4,f0^2*f1*f2^2,f0^3*f1^2,-2.5447939688705626e-06
e5,13,5,f0^2*f1*f2^2,f0^3*f1*f2,-5.908388412711399e-06
e5,13,6,f0^2*f1*f2^2,f0^3*f1*f3,-8.394669363652409e-07
e5,13,7,f0^2*f1*f2^2,f0^3*f2^2,-1.3659192061337727e-06
e5,13,8,f0^2*f1*f2^2,f0^3*f2*f3,6.316860558280519e-06
e5,13,9,f0^2*f1*f2^2,f0^3*f3^2,1.7799167699080295e-06
e5,13,10,f0^2*f1*f2^2,f0^2*f1^3,-7.16409316833382e-07
e5,13,11,f0^2*f1*f2^2,f0^2*f1^2*f2,2.9143730838071876e-05
e5,13,12,f0^2*f1*f2^2,f0^2*f1^2*f3,1.2768417695048043e-05
e5,13,13,f0^2*f1*f2^2,f0^2*f1*f2^2,8.222998875300277e-05
e5,14,0,f0^2*f1*f2*f3,f0^5,1.3466673501912817e-06
e5,14,1,f0^2*f1*f2*f3,f0^4*f1,-1.566362785430894e-05
e5,14,2,f0^2*f1*f2*f3,f0^4*f2,-2.5828749356562747e-05
e5,14,3,f0^2*f1*f2*f3,f0^4*f3,-2.3164140921077755e-05
e5,14,4,f0^2*f1*f2*f3,f0^3*f1^2,1.918315715938796e-06
e5,14,5,f0^2*f1*f2*f3,f0^3*f1*f2,4.1291602667387955e-06
e5,14,6,f0^2*f1*f2*f3,f0^3*f1*f3,7.106839675783772e-06
e5,14,7,f0^2*f1*f2*f3,f0^3*f2^2,6.682187633091208e-06
e5,14,8,f0^2*f1*f2*f3,f0^3*f2*f3,8.239778262562096e-06
e5,14,9,f0^2*f1*f2*f3,f0^3*f3^2,5.294219100349537e-06
e5,14,10,f0^2*f1*f2*f3,f0^2*f1^3,2.2230768578556805e-06
e5,14,11,f0^2*f1*f2*f3,f0^2*f1^2*f2,1.718165246039857e-05
e5,14,12,f0^2*f1*f2*f3,f0^2*f1^2*f3,2.1272742567221846e-05
e5,14,13,f0^2*f1*f2*f3,f0^2*f1*f2^2,2.8105772777493102e-05
e5,14,14,f0^2*f1*f2*f3,f0^2*f1*f2*f3,9.436149270072257e-05
e5,15,0,f0^2*f1*f3^2,f0^5,-1.327659892900277e-06
e5,15,1,f0^2*f1*f3^2,f0^4*f1,2.2518881142274168e-06
e5,15,2,f0^2*f1*f3^2,f0^4*f2,1.0808951216224896e-05
e5,15,3,f0^2*f1*f3^2,f0^4*f3,1.1550018982141023e-05
e5,15,4,f0^2*f1*f3^2,f0^3*f1^2,-3.1132408994921057e-06
e5,15,5,f0^2*f1*f3^2,f0^3*f1*f2,-8.989340859259127e-07
e5,15,6,f0^2*f1*f3^2,f0^3*f1*f3,-2.9619434755122443e-06
e5,15,7,f0^2*f1*f3^2,f0^3*f2^2,-2.2461412460198986e-07
e5,15,8,f0^2*f1*f3^2,f0^3*f2*f3,-7.66105778599681e-07
e5,15,9,f0^2*f1*f3^2,f0^3*f3^2,-2.7430525218654467e-06
e5,15,10,f0^2*f1*f3^2,f0^2*f1^3,-1.0757008821801738e-06
e5,15,11,f0^2*f1*f3^2,f0^2*f1^2*f2,1.2830762441365327e-05
e5,15,12,f0^2*f1*f3^2,f0^2*f1^2*f3,2.5425338868381182e-05
e5,15,13,f0^2*f1*f3^2,f0^2*f1*f2^2,4.6823979037908424e-06
e5,15,14,f0^2*f1*f3^2,f0^2*f1*f2*f3,2.1731454813193555e-05
e5,15,15,f0^2*f1*f3^2,f0^2*f1*f3^2,7.039869316614861e-05
e5,16,0,f0^2*f2^3,f0^5,-3.7046102850471657e-07
e5,16,1,f0^2*f2^3,f0^4*f1,2.8735428092915706e-06
e5,16,2,f0^2*f2^3,f0^4*f2,5.385137989142326e-07
e5,16,3,f0^2*f2^3,f0^4*f3,4.3001184701391845e-06
e5,16,4,f0^2*f2^3,f0^3*f1^2,-2.063978183170768e-07
e5,16,5,f0^2*f2^3,f0^3*f1*f2,-1.79294941342327e-06
e5,16,6,f0^2*f2^3,f0^3*f1*f3,-4.3031619279276546e-07
e5,16,7,f0^2*f2^3,f0^3*f2^2,-6.76518012212176e-06
e5,16,8,f0^2*f2^3,f0^3*f2*f3,-1.7969948577804674e-06
e5,16,9,f0^2*f2^3,f0^3*f3^2,7.794704339400483e-08
e5,16,10,f0^2*f2^3,f0^2*f1^3,-2.007144364734851e-06
e5,16,11,f0^2*f2^3,f0^2*f1^2*f2,9.945937562764948e-06
e5,16,12,f0^2*f2^3,f0^2*f1^2*f3,2.5629320876931314e-06
e5,16,13,f0^2*f2^3,f0^2*f1*f2^2,1.7470722529809712e-05
e5,16,14,f0^2*f2^3,f0^2*f1*f2*f3,-1.7966208010496637e-06
e5,16,15,f0^2*f2^3,f0^2*f1*f3^2,3.555809708180073e-06
e5,16,16,f0^2*f2^3,f0^2*f2^3,3.009334648583149e-05
e5,17,0,f0^2*f2^2*f3,f0^5,3.2864110867636624e-08
e5,17,1,f0^2*f2^2*f3,f0^4*f1,2.4884728993758578e-06
e5,17,2,f0^2*f2^2*f3,f0^4*f2,3.4782448393910007e-06
e5,17,3,f0^2*f2^2*f3,f0^4*f3,1.093501735765804e-06
e5,17,4,f0^2*f2^2*f3,f0^3*f1^2,-2.073091672653694e-06
e5,17,5,f0^2*f2^2*f3,f0^3*f1*f2,1.4426865836210298e-06
e5,17,6,f0^2*f2^2*f3,f0^3*f1*f3,1.4218694254021167e-06
e5,17,7,f0^2*f2^2*f3,f0^3*f2^2,-3.925980217090103e-06
e5,17,8,f0^2*f2^2*f3,f0^3*f2*f3,-3.733604176166649e-06
e5,17,9,f0^2*f2^2*f3,f0^3*f3^2,-2.9764486536369855e-06
e5,17,10,f0^2*f2^2*f3,f0^2*f1^3,-3.6586459350284583e-07
e5,17,11,f0^2*f2^2*f3,f0^2*f1^2*f2,1.7459691770292698e-05
e5,17,12,f0^2*f2^2*f3,f0^2*f1^2*f3,7.301115969546206e-06
e5,17,13,f0^2*f2^2*f3,f0^2*f1*f2^2,1.8976453504352926e-05
e5,17,14,f0^2*f2^2*f3,f0^2*f1*f2*f3,1.9921588722036382e-06
e5,17,15,f0^2*f2^2*f3,f0^2*f1*f3^2,4.630921833646742e-06
e5,17,16,f0^2*f2^2*f3,f0^2*f2^3,3.3321090267000195e-05
e5,17,17,f0^2*f2^2*f3,f0^2*f2^2*f3,9.600272128010348e-05
e5,18,0,f0^2*f2*f3^2,f0^5,6.745839128955345e-07
e5,18,1,f0^2*f2*f3^2,f0^4*f1,-1.5227241672196189e-06
e5,18,2,f0^2*f2*f3^2,f0^4*f2,-4.666844725390229e-06
e5,18,3,f0^2*f2*f3^2,f0^4*f3,2.988634787896794e-06
e5,18,4,f0^2*f2*f3^2,f0^3*f1^2,-1.4848673416138344e-06
e5,18,5,f0^2*f2*f3^2,f0^3*f1*f2,3.2019549317162224e-06
e5,18,6,f0^2*f2*f3^2,f0^3*f1*f3,7.464676116079208e-06
e5,18,7,f0^2*f2*f3^2,f0^3*f2^2,2.0888991471920385e-06
e5,18,8,f0^2*f2*f3^2,f0^3*f2*f3,1.0783583629612493e-05
e5,18,9,f0^2*f2*f3^2,f0^3*f3^2,6.572164161880328e-06
e5,18,10,f0^2*f2*f3^2,f0^2*f1^3,7.04921726668561e-07
e5,18,11,f0^2*f2*f3^2,f0^2*f1^2*f2,9.456399331859959e-06
e5,18,12,f0^2*f2*f3^2,f0^2*f1^2*f3,1.1443819445755472e-05
e5,18,13,f0^2*f2*f3^2,f0^2*f1*f2^2,3.4441100638618166e-06
e5,18,14,f0^2*f2*f3^2,f0^2*f1*f2*f3,1.4888806913310055e-05
e5,18,15,f0^2*f2*f3^2,f0^2*f1*f3^2,2.6534725324161918e-05
e5,18,16,f0^2*f2*f3^2,f0^2*f2^3,1.1487321857958439e-05
e5,18,17,f0^2*f2*f3^2,f0^2*f2^2*f3,5.0764322097927876e-05
e5,18,18,f0^2*f2*f3^2,f0^2*f2*f3^2,8.764306269562453e-05
e5,19,0,f0^2*f3^3,f0^5,3.117783007968876e-07
e5,19,1,f0^2*f3^3,f0^4*f1,3.6660985233789475e-06
e5,19,2,f0^2*f3^3,f0^4*f2,7.33181780713756e-06
e5,19,3,f0^2*f3^3,f0^4*f3,3.437138686974694e-06
e5,19,4,f0^2*f3^3,f0^3*f1^2,-2.3925423480686718e-06
e5,19,5,f0^2*f3^3,f0^3*f1*f2,-2.9717564319957026e-06
e5,19,6,f0^2*f3^3,f0^3*f1*f3,-5.74369531494846e-07
e5,19,7,f0^2*f3^3,f0^3*f2^2,-3.051300672881149e-06
e5,19,8,f0^2*f3^3,f0^3*f2*f3,4.846930681616641e-07
e5,19,9,f0^2*f3^3,f0^3*f3^2,2.1567401022408808e-07
e5,19,10,f0^2*f3^3,f0^2*f1^3,-3.218788964323694e-07
e5,19,11,f0^2*f3^3,f0^2*f1^2*f2,7.67902480501811e-06
e5,19,12,f0^2*f3^3,f0^2*f1^2*f3,5.2147051528408296e-06
e5,19,13,f0^2*f3^3,f0^2*f1*f2^2,2.6995199669659407e-06
e5,19,14,f0^2*f3^3,f0^2*f1*f2*f3,6.33199864884153e-08
e5,19,15,f0^2*f3^3,f0^2*f1*f3^2,2.565535837826985e-05
e5,19,16,f0^2*f3^3,f0^2*f2^3,4.474633875915386e-06
e5,19,17,f0^2*f3^3,f0^2*f2^2*f3,1.0950150584767795e-05
e5,19,18,f0^2*f3^3,f0^2*f2*f3^2,2.2228777255522288e-05
e5,19,19,f0^2*f3^3,f0^2*f3^3,3.12423369409523e-05
e5,20,0,f0*f1^4,f0^5,-2.2419634249245832e-06
e5,20,1,f0*f1^4,f0^4*f1,4.266644993289588e-08
e5,20,2,f0*f1^4,f0^4*f2,1.0265545622207573e-06
e5,20,3,f0*f1^4,f0^4*f3,2.4567253898471345e-09
e5,20,4,f0*f1^4,f0^3*f1^2,-3.4948432012664947e-06
e5,20,5,f0*f1^4,f0^3*f1*f2,-2.094244214913601e-06
e5,20,6,f0*f1^4,f0^3*f1*f3,-3.4401662842961716e-06
e5,20,7,f0*f1^4,f0^3*f2^2,7.542404097850418e-07
e5,20,8,f0*f1^4,f0^3*f2*f3,-9.69965550379935e-07
e5,20,9,f0*f1^4,f0^3*f3^2,-8.892699598262573e-07
e5,20,10,f0*f1^4,f0^2*f1^3,2.2077812196471016e-08
e5,20,11,f0*f1^4,f0^2*f1^2*f2,7.176338168613847e-07
e5,20,12,f0*f1^4,f0^2*f1^2*f3,1.6048988388524742e-07
e5,20,13,f0*f1^4,f0^2*f1*f2^2,1.9860937851003853e-07
e5,20,14,f0*f1^4,f0^2*f1*f2*f3,1.4992177913388687e-08
e5,20,15,f0*f1^4,f0^2*f1*f3^2,1.0448052765360831e-06
e5,20,16,f0*f1^4,f0^2*f2^3,-2.1919834443397072e-07
e5,20,17,f0*f1^4,f0^2*f2^2*f3,-2.7795891064961815e-07
e5,20,18,f0*f1^4,f0^2*f2*f3^2,-7.156879863109528e-07
e5,20,19,f0*f1^4,f0^2*f3^3,3.046970501359507e-08
e5,20,20,f0*f1^4,f0*f1^4,3.695271181616934e-06
e5,21,0,f0*f1^3*f2,f0^5,4.881387599054523e-07
e5,21,1,f0*f1^3*f2,f0^4*f1,-8.779427901120319e-07
e5,21,2,f0*f1^3*f2,f0^4*f2,1.1101796167375507e-06
e5,21,3,f0*f1^3*f2,f0^4*f3,4.238635564092702e-06
e5,21,4,f0*f1^3*f2,f0^3*f1^2,1.4367923177364979e-05
e5,21,5,f0*f1^3*f2,f0^3*f1*f2,1.1145926746249852e-05
e5,21,6,f0*f1^3*f2,f0^3*f1*f3,9.1429138295051e-06
e5,21,7,f0*f1^3*f2,f0^3*f2^2,1.4302814173561434e-06
e5,21,8,f0*f1^3*f2,f0^3*f2*f3,1.6970453190504865e-06
e5,21,9,f0*f1^3*f2,f0^3*f3^2,-3.2571829457240105e-06
e5,21,10,f0*f1^3*f2,f0^2*f1^3,-7.350848837685124e-07
e5,21,11,f0*f1^3*f2,f0^2*f1^2*f2,3.8137810552908286e-06
e5,21,12,f0*f1^3*f2,f0^2*f1^2*f3,7.004790839191453e-06
e5,21,13,f0*f1^3*f2,f0^2*f1*f2^2,-4.265720548365925e-07
e5,21,14,f0*f1^3*f2,f0^2*f1*f2*f3,5.464460334974688e-06
e5,21,15,f0*f1^3*f2,f0^2*f1*f3^2,9.767798595060787e-07
e5,21,16,f0*f1^3*f2,f0^2*f2^3,2.239887121443093e-06
e5,21,17,f0*f1^3*f2,f0^2*f2^2*f3,-1.1171421673108059e-06
e5,21,18,f0*f1^3*f2,f0^2*f2*f3^2,-1.3547891458282492e-06
e5,21,19,f0*f1^3*f2,f0^2*f3^3,-4.746913373471817e-06
e5,21,20,f0*f1^3*f2,f0*f1^4,4.6853346135848757e-07
e5,21,21,f0*f1^3*f2,f0*f1^3*f2,5.265737406228656e-05
e5,22,0,f0*f1^3*f3,f0^5,8.46761723441345e-07
e5,22,1,f0*f1^3*f3,f0^4*f1,2.8352062579000708e-08
e5,22,2,f0*f1^3*f3,f0^4*f2,-3.3065414940056313e-07
e5,22,3,f0*f1^3*f3,f0^4*f3,1.8475318075442855e-06
e5,22,4,f0*f1^3*f3,f0^3*f1^2,7.409697848093192e-06
e5,22,5,f0*f1^3*f3,f0^3*f1*f2,3.141260885746249e-06
e5,22,6,f0*f1^3*f3,f0^3*f1*f3,-1.5759104419183248e-06
e5,22,7,f0*f1^3*f3,f0^3*f2^2,-3.1369704944403433e-06
e5,22,8,f0*f1^3*f3,f0^3*f2*f3,-4.4534157105109566e-06
e5,22,9,f0*f1^3*f3,f0^3*f3^2,2.5810947349520116e-06
e5,22,10,f0*f1^3*f3,f0^2*f1^3,-1.6135739276858784e-06
e5,22,11,f0*f1^3*f3,f0^2*f1^2*f2,-1.6388848325114304e-06
e5,22,12,f0*f1^3*f3,f0^2*f1^2*f3,-1.677092775038913e-07
e5,22,13,f0*f1^3*f3,f0^2*f1*f2^2,-3.3891769002390426e-06
e5,22,14,f0*f1^3*f3,f0^2*f1*f2*f3,-4.4938882047403105e-06
e5,22,15,f0*f1^3*f3,f0^2*f1*f3^2,-1.9518805574663895e-06
e5,22,16,f0*f1^3*f3,f0^2*f2^3,-5.040921473149881e-07
e5,22,17,f0*f1^3*f3,f0^2*f2^2*f3,-2.6161350247441322e-06
e5,22,18,f0*f1^3*f3,f0^2*f2*f3^2,3.85328459683391e-06
e5,22,19,f0*f1^3*f3,f0^2*f3^3,-1.2393375818993304e-06
e5,22,20,f0*f1^3*f3,f0*f1^4,-3.1713705864821177e-06
e5,22,21,f0*f1^3*f3,f0*f1^3*f2,1.412195721550454e-05
e5,22,22,f0*f1^3*f3,f0*f1^3*f3,3.758462890688745e-05
e5,23,0,f0*f1^2*f2^2,f0^5,4.5391826424002596e-08
e5,23,1,f0*f1^2*f2^2,f0^4*f1,-1.2935543608802542e-06
e5,23,2,f0*f1^2*f2^2,f0^4*f2,-2.54290445006434e-06
e5,23,3,f0*f1^2*f2^2,f0^4*f3,2.7723657171354642e-06
e5,23,4,f0*f1^2*f2^2,f0^3*f1^2,9.63830329036553e-06
e5,23,5,f0*f1^2*f2^2,f0^3*f1*f2,3.779825879689244e-05
e5,23,6,f0*f1^2*f2^2,f0^3*f1*f3,1.8003602321773936e-05
e5,23,7,f0*f1^2*f2^2,f0^3*f2^2,2.3420280863497898e-05
e5,23,8,f0*f1^2*f2^2,f0^3*f2*f3,3.260483471356814e-05
e5,23,9,f0*f1^2*f2^2,f0^3*f3^2,6.604512705991626e-06
e5,23,10,f0*f1^2*f2^2,f0^2*f1^3,-1.284413259247359e-06
e5,23,11,f0*f1^2*f2^2,f0^2*f1^2*f2,1.6336685502044782e-06
e5,23,12,f0*f1^2*f2^2,f0^2*f1^2*f3,-2.406092909372753e-06
e5,23,13,f0*f1^2*f2^2,f0^2*f1*f2^2,-2.4460125028251237e-07
e5,23,14,f0*f1^2*f2^2,f0^2*f1*f2*f3,1.1114871447696633e-05
e5,23,15,f0*f1^2*f2^2,f0^2*f1*f3^2,1.2834243585656335e-06
e5,23,16,f0*f1^2*f2^2,f0^2*f2^3,3.768845309088067e-07
e5,23,17,f0*f1^2*f2^2,f0^2*f2^2*f3,6.1810375922913495e-06
e5,23,18,f0*f1^2*f2^2,f0^2*f2*f3^2,3.695145741272338e-06
e5,23,19,f0*f1^2*f2^2,f0^2*f3^3,-3.182526070026048e-06
e5,23,20,f0*f1^2*f2^2,f0*f1^4,-3.012769151606081e-07
e5,23,21,f0*f1^2*f2^2,f0*f1^3*f2,2.6087214676039995e-05
e5,23,22,f0*f1^2*f2^2,f0*f1^3*f3,1.2718241610859603e-05
e5,23,23,f0*f1^2*f2^2,f0*f1^2*f2^2,8.879056548256592e-05
e5,24,0,f0*f1^2*f2*f3,f0^5,2.363619746062096e-07
e5,24,1,f0*f1^2*f2*f3,f0^4*f1,-1.3135454369329407e-07
e5,24,2,f0*f1^2*f2*f3,f0^4*f2,-3.9303897478885175e-07
e5,24,3,f0*f1^2*f2*f3,f0^4*f3,-2.687133458595277e-06
e5,24,4,f0*f1^2*f2*f3,f0^3*f1^2,-7.788345962260615e-06
e5,24,5,f0*f1^2*f2*f3,f0^3*f1*f2,-1.2283925483107004e-05
e5,24,6,f0*f1^2*f2*f3,f0^3*f1*f3,-6.945303851056582e-06
e5,24,7,f0*f1^2*f2*f3,f0^3*f2^2,9.761890788750072e-06
e5,24,8,f0*f1^2*f2*f3,f0^3*f2*f3,1.9733482778592008e-05
e5,24,9,f0*f1^2*f2*f3,f0^3*f3^2,1.3791939112022807e-05
e5,24,10,f0*f1^2*f2*f3,f0^2*f1^3,1.7533329435962832e-06
e5,24,11,f0*f1^2*f2*f3,f0^2*f1^2*f2,7.411254905544032e-06
e5,24,12,f0*f1^2*f2*f3,f0^2*f1^2*f3,1.0320554431348388e-05
e5,24,13,f0*f1^2*f2*f3,f0^2*f1*f2^2,9.666351102047155e-06
e5,24,14,f0*f1^2*f2*f3,f0^2*f1*f2*f3,1.4848948137431154e-05
e5,24,15,f0*f1^2*f2*f3,f0^2*f1*f3^2,7.390928289499884e-06
e5,24,16,f0*f1^2*f2*f3,f0^2*f2^3,-2.25969442173171e-06
e5,24,17,f0*f1^2*f2*f3,f0^2*f2^2*f3,-5.545987281121652e-07
e5,24,18,f0*f1^2*f2*f3,f0^2*f2*f3^2,6.544526467630904e-06
e5,24,19,f0*f1^2*f2*f3,f0^2*f3^3,3.6985480999517905e-06
e5,24,20,f0*f1^2*f2*f3,f0*f1^4,2.042447855563018e-06
e5,24,21,f0*f1^2*f2*f3,f0*f1^3*f2,-2.4674961265337923e-06
e5,24,22,f0*f1^2*f2*f3,f0*f1^3*f3,-1.3243115561548324e-07
e5,24,23,f0*f1^2*f2*f3,f0*f1^2*f2^2,6.743665724734991e-06
e5,24,24,f0*f1^2*f2*f3,f0*f1^2*f2*f3,6.669597319890262e-05
e5,25,0,f0*f1^2*f3^2,f0^5,-1.0468868592744471e-06
e5,25,1,f0*f1^2*f3^2,f0^4*f1,2.9175548842741664e-07
e5,25,2,f0*f1^2*f3^2,f0^4*f2,2.482694404085809e-06
e5,25,3,f0*f1^2*f3^2,f0^4*f3,3.0282887207839917e-06
e5,25,4,f0*f1^2*f3^2,f0^3*f1^2,8.44513265210066e-06
e5,25,5,f0*f1^2*f3^2,f0^3*f1*f2,1.892242698021923e-05
e5,25,6,f0*f1^2*f3^2,f0^3*f1*f3,2.5360000527594584e-05
e5,25,7,f0*f1^2*f3^2,f0^3*f2^2,7.581460243080958e-06
e5,25,8,f0*f1^2*f3^2,f0^3*f2*f3,2.14626305859078e-05
e5,25,9,f0*f1^2*f3^2,f0^3*f3^2,9.447815706285063e-06
e5,25,10,f0*f1^2*f3^2,f0^2*f1^3,-2.543607023772047e-06
e5,25,11,f0*f1^2*f3^2,f0^2*f1^2*f2,-1.0128266458126187e-07
e5,25,12,f0*f1^2*f3^2,f0^2*f1^2*f3,-1.5008404793776942e-06
e5,25,13,f0*f1^2*f3^2,f0^2*f1*f2^2,1.124237411542595e-06
e5,25,14,f0*f1^2*f3^2,f0^2*f1*f2*f3,5.193153523574473e-06
e5,25,15,f0*f1^2*f3^2,f0^2*f1*f3^2,9.609169178465061e-07
e5,25,16,f0*f1^2*f3^2,f0^2*f2^3,-5.722927658735093e-07
e5,25,17,f0*f1^2*f3^2,f0^2*f2^2*f3,3.6545067461412307e-07
e5,25,18,f0*f1^2*f3^2,f0^2*f2*f3^2,3.3161482506217114e-06
e5,25,19,f0*f1^2*f3^2,f0^2*f3^3,-1.6388117770754138e-06
e5,25,20,f0*f1^2*f3^2,f0*f1^4,-5.0491596975534e-07
e5,25,21,f0*f1^2*f3^2,f0*f1^3*f2,1.8784125124120654e-05
e5,25,22,f0*f1^2*f3^2,f0*f1^3*f3,7.058966203369261e-06
e5,25,23,f0*f1^2*f3^2,f0*f1^2*f2^2,2.676721873492615e-05
e5,25,24,f0*f1^2*f3^2,f0*f1^2*f2*f3,3.852708992655429e-06
e5,25,25,f0*f1^2*f3^2,f0*f1^2*f3^2,6.516499864220424e-05
e5,26,0,f0*f1*f2^3,f0^5,4.6819548584600995e-07
e5,26,1,f0*f1*f2^3,f0^4*f1,8.366057667883821e-07
e5,26,2,f0*f1*f2^3,f0^4*f2,1.4079276826391477e-06
e5,26,3,f0*f1*f2^3,f0^4*f3,2.577587588288118e-06
e5,26,4,f0*f1*f2^3,f0^3*f1^2,3.680771108691983e-06
e5,26,5,f0*f1*f2^3,f0^3*f1*f2,6.9741211603702436e-06
e5,26,6,f0*f1*f2^3,f0^3*f1*f3,8.260480265229357e-06
e5,26,7,f0*f1*f2^3,f0^3*f2^2,1.295609772316175e-05
e5,26,8,f0*f1*f2^3,f0^3*f2*f3,7.108292050935883e-06
e5,26,9,f0*f1*f2^3,f0^3*f3^2,2.5736883732918313e-06
e5,26,10,f0*f1*f2^3,f0^2*f1^3,-5.590260710383083e-07
e5,26,11,f0*f1*f2^3,f0^2*f1^2*f2,1.115802429977131e-06
e5,26,12,f0*f1*f2^3,f0^2*f1^2*f3,2.7186568368809317e-06
e5,26,13,f0*f1*f2^3,f0^2*f1*f2^2,-3.576811723428087e-06
e5,26,14,f0*f1*f2^3,f0^2*f1*f2*f3,-3.5870737645015905e-06
e5,26,15,f0*f1*f2^3,f0^2*f1*f3^2,-1.9768259584535127e-06
e5,26,16,f0*f1*f2^3,f0^2*f2^3,1.7109300259330917e-06
e5,26,17,f0*f1*f2^3,f0^2*f2^2*f3,7.231930155331285e-06
e5,26,18,f0*f1*f2^3,f0^2*f2*f3^2,3.8896978484058547e-07
e5,26,19,f0*f1*f2^3,f0^2*f3^3,-1.984707558722795e-06
e5,26,20,f0*f1*f2^3,f0*f1^4,3.2331272832627513e-07
e5,26,21,f0*f1*f2^3,f0*f1^3*f2,1.7416666448121333e-05
e5,26,22,f0*f1*f2^3,f0*f1^3*f3,6.3298087750190355e-06
e5,26,23,f0*f1*f2^3,f0*f1^2*f2^2,2.590352293327933e-05
e5,26,24,f0*f1*f2^3,f0*f1^2*f2*f3,6.353256188330042e-06
e5,26,25,f0*f1*f2^3,f0*f1^2*f3^2,5.558475661878553e-06
e5,26,26,f0*f1*f2^3,f0*f1*f2^3,5.74804905315087e-05
e5,27,0,f0*f1*f2^2*f3,f0^5,-3.8755705950734953e-07
e5,27,1,f0*f1*f2^2*f3,f0^4*f1,-2.264717510727866e-06
e5,27,2,f0*f1*f2^2*f3,f0^4*f2,-7.146684457114722e-07
e5,27,3,f0*f1*f2^2*f3,f0^4*f3,-3.461869281859315e-06
e5,27,4,f0*f1*f2^2*f3,f0^3*f1^2,3.1475890711181594e-06
e5,27,5,f0*f1*f2^2*f3,f0^3*f1*f2,-6.300047269030301e-06
e5,27,6,f0*f1*f2^2*f3,f0^3*f1*f3,1.9264817508312495e-06
e5,27,7,f0*f1*f2^2*f3,f0^3*f2^2,-2.4114994662736016e-05
e5,27,8,f0*f1*f2^2*f3,f0^3*f2*f3,-2.3576744619015064e-05
e5,27,9,f0*f1*f2^2*f3,f0^3*f3^2,8.72007093606738e-07
e5,27,10,f0*f1*f2^2*f3,f0^2*f1^3,-9.942155256217597e-07
e5,27,11,f0*f1*f2^2*f3,f0^2*f1^2*f2,2.6618653454988404e-06
e5,27,12,f0*f1*f2^2*f3,f0^2*f1^2*f3,-2.055752191176601e-06
e5,27,13,f0*f1*f2^2*f3,f0^2*f1*f2^2,4.603425251055884e-06
e5,27,14,f0*f1*f2^2*f3,f0^2*f1*f2*f3,4.721328380233602e-06
e5,27,15,f0*f1*f2^2*f3,f0^2*f1*f3^2,-1.9707667058975005e-06
e5,27,16,f0*f1*f2^2*f3,f0^2*f2^3,6.957843298231963e-06
e5,27,17,f0*f1*f2^2*f3,f0^2*f2^2*f3,1.335281102461776e-05
e5,27,18,f0*f1*f2^2*f3,f0^2*f2*f3^2,4.804823328332866e-06
e5,27,19,f0*f1*f2^2*f3,f0^2*f3^3,1.0120905805997804e-06
e5,27,20,f0*f1*f2^2*f3,f0*f1^4,-4.967402046258697e-07
e5,27,21,f0*f1*f2^2*f3,f0*f1^3*f2,8.031241450592182e-06
e5,27,22,f0*f1*f2^2*f3,f0*f1^3*f3,6.445694991858398e-06
e5,27,23,f0*f1*f2^2*f3,f0*f1^2*f2^2,2.447415259942158e-06
e5,27,24,f0*f1*f2^2*f3,f0*f1^2*f2*f3,-1.3640980257012114e-05
e5,27,25,f0*f1*f2^2*f3,f0*f1^2*f3^2,6.778645301252086e-06
e5,27,26,f0*f1*f2^2*f3,f0*f1*f2^3,2.7036503746098762e-06
e5,27,27,f0*f1*f2^2*f3,f0*f1*f2^2*f3,7.568366473333256e-05
e5,28,0,f0*f1*f2*f3^2,f0^5,-1.35009125514642e-07
e5,28,1,f0*f1*f2*f3^2,f0^4*f1,-1.9451872108550133e-06
e5,28,2,f0*f1*f2*f3^2,f0^4*f2,-1.8868733085624591e-06
e5,28,3,f0*f1*f2*f3^2,f0^4*f3,2.5153772741600377e-07
e5,28,4,f0*f1*f2*f3^2,f0^3*f1^2,9.735338484144385e-08
e5,28,5,f0*f1*f2*f3^2,f0^3*f1*f2,-2.33810022051041e-06
e5,28,6,f0*f1*f2*f3^2,f0^3*f1*f3,-6.96361579162214e-06
e5,28,7,f0*f1*f2*f3^2,f0^3*f2^2,6.339845505659738e-06
e5,28,8,f0*f1*f2*f3^2,f0^3*f2*f3,-1.1041123365874402e-05
e5,28,9,f0*f1*f2*f3^2,f0^3*f3^2,-1.5384079074411536e-05
e5,28,10,f0*f1*f2*f3^2,f0^2*f1^3,8.198127633590712e-07
e5,28,11,f0*f1*f2*f3^2,f0^2*f1^2*f2,7.223979738655649e-06
e5,28,12,f0*f1*f2*f3^2,f0^2*f1^2*f3,1.2075136135071412e-05
e5,28,13,f0*f1*f2*f3^2,f0^2*f1*f2^2,3.0861132581176758e-06
e5,28,14,f0*f1*f2*f3^2,f0^2*f1*f2*f3,9.999903683976793e-06
e5,28,15,f0*f1*f2*f3^2,f0^2*f1*f3^2,1.1114472285812303e-05
e5,28,16,f0*f1*f2*f3^2,f0^2*f2^3,-1.004672038133615e-06
e5,28,17,f0*f1*f2*f3^2,f0^2*f2^2*f3,3.1714287366215984e-06
e5,28,18,f0*f1*f2*f3^2,f0^2*f2*f3^2,9.6117719788037e-06
e5,28,19,f0*f1*f2*f3^2,f0^2*f3^3,3.2740821857963564e-06
e5,28,20,f0*f1*f2*f3^2,f0*f1^4,1.0260024783054794e-06
e5,28,21,f0*f1*f2*f3^2,f0*f1^3*f2,1.0751937780993272e-05
e5,28,22,f0*f1*f2*f3^2,f0*f1^3*f3,5.042535501628081e-06
e5,28,23,f0*f1*f2*f3^2,f0*f1^2*f2^2,5.338616696371899e-06
e5,28,24,f0*f1*f2*f3^2,f0*f1^2*f2*f3,9.504533777703956e-07
e5,28,25,f0*f1*f2*f3^2,f0*f1^2*f3^2,5.768408481679821e-07
e5,28,26,f0*f1*f2*f3^2,f0*f1*f2^3,8.874876217130914e-06
e5,28,27,f0*f1*f2*f3^2,f0*f1*f2^2*f3,2.4292462301160437e-06
e5,28,28,f0*f1*f2*f3^2,f0*f1*f2*f3^2,6.32570961885832e-05
e5,29,0,f0*f1*f3^3,f0^5,1.3152091029076508e-06
e5,29,1,f0*f1*f3^3,f0^4*f1,6.202009234694786e-07
e5,29,2,f0*f1*f3^3,f0^4*f2,-4.6570266022414875e-07
e5,29,3,f0*f1*f3^3,f0^4*f3,3.7833864725904904e-07
e5,29,4,f0*f1*f3^3,f0^3*f1^2,6.485831028705461e-06
e5,29,5,f0*f1*f3^3,f0^3*f1*f2,1.1464342904088932e-05
e5,29,6,f0*f1*f3^3,f0^3*f1*f3,1.3436660095165267e-05
e5,29,7,f0*f1*f3^3,f0^3*f2^2,4.327599617992955e-07
e5,29,8,f0*f1*f3^3,f0^3*f2*f3,1.7395064341277815e-05
e5,29,9,f0*f1*f3^3,f0^3*f3^2,2.3260474644162947e-05
e5,29,10,f0*f1*f3^3,f0^2*f1^3,-4.590245365014624e-07
e5,29,11,f0*f1*f3^3,f0^2*f1^2*f2,3.608094646074964e-06
e5,29,12,f0*f1*f3^3,f0^2*f1^2*f3,-4.146007969453287e-06
e5,29,13,f0*f1*f3^3,f0^2*f1*f2^2,-4.411723344295012e-06
e5,29,14,f0*f1*f3^3,f0^2*f1*f2*f3,4.06728500293496e-06
e5,29,15,f0*f1*f3^3,f0^2*f1*f3^2,-4.230645419299606e-06
e5,29,16,f0*f1*f3^3,f0^2*f2^3,-2.2608143822269382e-06
e5,29,17,f0*f1*f3^3,f0^2*f2^2*f3,-2.0454639793676496e-06
e5,29,18,f0*f1*f3^3,f0^2*f2*f3^2,1.532265986210267e-06
e5,29,19,f0*f1*f3^3,f0^2*f3^3,-2.06238207811839e-06
e5,29,20,f0*f1*f3^3,f0*f1^4,-1.057110754090786e-06
e5,29,21,f0*f1*f3^3,f0*f1^3*f2,1.3470350492947597e-05
e5,29,22,f0*f1*f3^3,f0*f1^3*f3,1.2483653013834667e-05
e5,29,23,f0*f1*f3^3,f0*f1^2*f2^2,1.3348492964034781e-05
e5,29,24,f0*f1*f3^3,f0*f1^2*f2*f3,1.1750674823635752e-05
e5,29,25,f0*f1*f3^3,f0*f1^2*f3^2,2.97256276815146e-05
e5,29,26,f0*f1*f3^3,f0*f1*f2^3,7.694191552947759e-06
e5,29,27,f0*f1*f3^3,f0*f1*f2^2*f3,9.898327175730063e-06
e5,29,28,f0*f1*f3^3,f0*f1*f2*f3^2,8.077926090382545e-07
e5,29,29,f0*f1*f3^3,f0*f1*f3^3,6.384315541982305e-05
e5,30,0,f0*f2^4,f0^5,-2.2882556603638733e-06
e5,30,1,f0*f2^4,f0^4*f1,6.770284546297347e-07
e5,30,2,f0*f2^4,f0^4*f2,6.855105142350533e-07
e5,30,3,f0*f2^4,f0^4*f3,-3.715327876368583e-07
e5,30,4,f0*f2^4,f0^3*f1^2,4.3914717845668024e-07
e5,30,5,f0*f2^4,f0^3*f1*f2,-9.785491761418108e-07
e5,30,6,f0*f2^4,f0^3*f1*f3,-9.999127032162206e-07
e5,30,7,f0*f2^4,f0^3*f2^2,-7.822931528107191e-07
e5,30,8,f0*f2^4,f0^3*f2*f3,-2.2086344054045595e-06
e5,30,9,f0*f2^4,f0^3*f3^2,1.6120497624225903e-07
e5,30,10,f0*f2^4,f0^2*f1^3,-2.585339445359346e-07
e5,30,11,f0*f2^4,f0^2*f1^2*f2,3.454504235285758e-07
e5,30,12,f0*f2^4,f0^2*f1^2*f3,5.918176323937288e-07
e5,30,13,f0*f2^4,f0^2*f1*f2^2,-5.695576908135734e-07
e5,30,14,f0*f2^4,f0^2*f1*f2*f3,-1.1109732903186255e-06
e5,30,15,f0*f2^4,f0^2*f1*f3^2,3.66890425304967e-07
e5,30,16,f0*f2^4,f0^2*f2^3,-1.8379570841314282e-06
e5,30,17,f0*f2^4,f0^2*f2^2*f3,-1.4527110228394993e-06
e5,30,18,f0*f2^4,f0^2*f2*f3^2,-5.863716049859519e-07
e5,30,19,f0*f2^4,f0^2*f3^3,3.5731641948999395e-07
e5,30,20,f0*f2^4,f0*f1^4,1.4199925889929824e-06
e5,30,21,f0*f2^4,f0*f1^3*f2,2.561614740798802e-06
e5,30,22,f0*f2^4,f0*f1^3*f3,2.690729894796913e-07
e5,30,23,f0*f2^4,f0*f1^2*f2^2,2.1802099338786834e-06
e5,30,24,f0*f2^4,f0*f1^2*f2*f3,2.4336639385413688e-06
e5,30,25,f0*f2^4,f0*f1^2*f3^2,1.764338034107858e-06
e5,30,26,f0*f2^4,f0*f1*f2^3,8.874537191573932e-06
e5,30,27,f0*f2^4,f0*f1*f2^2*f3,9.225735372113421e-07
e5,30,28,f0*f2^4,f0*f1*f2*f3^2,1.8119595494263802e-06
e5,30,29,f0*f2^4,f0*f1*f3^3,1.9077733236316156e-06
e5,30,30,f0*f2^4,f0*f2^4,8.731495791864418e-06
e5,31,0,f0*f2^3*f3,f0^5,1.0483533389511751e-06
e5,31,1,f0*f2^3*f3,f0^4*f1,2.08068922447524e-06
e5,31,2,f0*f2^3*f3,f0^4*f2,1.4369916465385661e-06
e5,31,3,f0*f2^3*f3,f0^4*f3,2.6800370393375667e-06
e5,31,4,f0*f2^3*f3,f0^3*f1^2,-1.8761938213166076e-06
e5,31,5,f0*f2^3*f3,f0^3*f1*f2,-9.054301926964294e-07
e5,31,6,f0*f2^3*f3,f0^3*f1*f3,2.145451744635629e-06
e5,31,7,f0*f2^3*f3,f0^3*f2^2,1.863858127419952e-05
e5,31,8,f0*f2^3*f3,f0^3*f2*f3,9.796283496423605e-06
e5,31,9,f0*f2^3*f3,f0^3*f3^2,5.474014518458339e-06
e5,31,10,f0*f2^3*f3,f0^2*f1^3,-9.097255264423253e-08
e5,31,11,f0*f2^3*f3,f0^2*f1^2*f2,2.317614771102431e-06
e5,31,12,f0*f2^3*f3,f0^2*f1^2*f3,-1.7885617509369815e-07
e5,31,13,f0*f2^3*f3,f0^2*f1*f2^2,3.525373254852386e-06
e5,31,14,f0*f2^3*f3,f0^2*f1*f2*f3,-2.5791482717364323e-06
e5,31,15,f0*f2^3*f3,f0^2*f1*f3^2,3.3704270915978258e-06
e5,31,16,f0*f2^3*f3,f0^2*f2^3,7.113410793786207e-07
e5,31,17,f0*f2^3*f3,f0^2*f2^2*f3,3.0425775785160037e-06
e5,31,18,f0*f2^3*f3,f0^2*f2*f3^2,-1.3167617387597614e-06
e5,31,19,f0*f2^3*f3,f0^2*f3^3,2.9206324547002928e-06
e5,31,20,f0*f2^3*f3,f0*f1^4,7.159733524431939e-07
e5,31,21,f0*f2^3*f3,f0*f1^3*f2,6.704425442214721e-06
e5,31,22,f0*f2^3*f3,f0*f1^3*f3,9.666045414161027e-07
e5,31,23,f0*f2^3*f3,f0*f1^2*f2^2,1.4851476134504703e-05
e5,31,24,f0*f2^3*f3,f0*f1^2*f2*f3,9.692734394358079e-06
e5,31,25,f0*f2^3*f3,f0*f1^2*f3^2,8.563033886096395e-06
e5,31,26,f0*f2^3*f3,f0*f1*f2^3,1.9044982421725252e-05
e5,31,27,f0*f2^3*f3,f0*f1*f2^2*f3,-5.937250232088425e-06
e5,31,28,f0*f2^3*f3,f0*f1*f2*f3^2,3.738344868966268e-06
e5,31,29,f0*f2^3*f3,f0*f1*f3^3,8.66361688542591e-06
e5,31,30,f0*f2^3*f3,f0*f2^4,1.0979961001302091e-05
e5,31,31,f0*f2^3*f3,f0*f2^3*f3,5.4272404510332794e-05
e5,32,0,f0*f2^2*f3^2,f0^5,-6.90364748723372e-07
e5,32,1,f0*f2^2*f3^2,f0^4*f1,4.4362830522671594e-07
e5,32,2,f0*f2^2*f3^2,f0^4*f2,-3.910870825013415e-07
e5,32,3,f0*f2^2*f3^2,f0^4*f3,-1.061069425433391e-06
e5,32,4,f0*f2^2*f3^2,f0^3*f1^2,4.25834579264772e-06
e5,32,5,f0*f2^2*f3^2,f0^3*f1*f2,1.3640989735482711e-05
e5,32,6,f0*f2^2*f3^2,f0^3*f1*f3,1.3240878678644097e-05
e5,32,7,f0*f2^2*f3^2,f0^3*f2^2,1.1908413179881751e-05
e5,32,8,f0*f2^2*f3^2,f0^3*f2*f3,3.7224569303969846e-05
e5,32,9,f0*f2^2*f3^2,f0^3*f3^2,1.650505275599701e-05
e5,32,10,f0*f2^2*f3^2,f0^2*f1^3,-9.745143215317543e-07
e5,32,11,f0*f2^2*f3^2,f0^2*f1^2*f2,1.15328448547558e-06
e5,32,12,f0*f2^2*f3^2,f0^2*f1^2*f3,-1.6505650868247046e-06
e5,32,13,f0*f2^2*f3^2,f0^2*f1*f2^2,1.2354649961308386e-05
e5,32,14,f0*f2^2*f3^2,f0^2*f1*f2*f3,8.738352572744015e-06
e5,32,15,f0*f2^2*f3^2,f0^2*f1*f3^2,-6.37640678998522e-06
e5,32,16,f0*f2^2*f3^2,f0^2*f2^3,2.90115139714738e-06
e5,32,17,f0*f2^2*f3^2,f0^2*f2^2*f3,1.1872798044974131e-05
e5,32,18,f0*f2^2*f3^2,f0^2*f2*f3^2,1.2940649870777046e-05
e5,32,19,f0*f2^2*f3^2,f0^2*f3^3,-1.8736394043705553e-06
e5,32,20,f0*f2^2*f3^2,f0*f1^4,3.0245060581111333e-07
e5,32,21,f0*f2^2*f3^2,f0*f1^3*f2,1.0340278735665265e-05
e5,32,22,f0*f2^2*f3^2,f0*f1^3*f3,1.984486820476815e-06
e5,32,23,f0*f2^2*f3^2,f0*f1^2*f2^2,2.0297241465843725e-05
e5,32,24,f0*f2^2*f3^2,f0*f1^2*f2*f3,1.1632300009897762e-05
e5,32,25,f0*f2^2*f3^2,f0*f1^2*f3^2,9.783240779563006e-06
e5,32,26,f0*f2^2*f3^2,f0*f1*f2^3,1.648944712672931e-05
e5,32,27,f0*f2^2*f3^2,f0*f1*f2^2*f3,-1.0544860941236257e-05
e5,32,28,f0*f2^2*f3^2,f0*f1*f2*f3^2,-5.158920093343367e-06
e5,32,29,f0*f2^2*f3^2,f0*f1*f3^3,1.9603053461714634e-05
e5,32,30,f0*f2^2*f3^2,f0*f2^4,3.2737365956786627e-06
e5,32,31,f0*f2^2*f3^2,f0*f2^3*f3,1.839765252113946e-05
e5,32,32,f0*f2^2*f3^2,f0*f2^2*f3^2,6.780858728361429e-05
e5,33,0,f0*f2*f3^3,f0^5,5.232236632959495e-07
e5,33,1,f0*f2*f3^3,f0^4*f1,-1.4408384015491193e-07
e5,33,2,f0*f2*f3^3,f0^4*f2,4.902466059564779e-07
e5,33,3,f0*f2*f3^3,f0^4*f3,-2.0738338367585547e-06
e5,33,4,f0*f2*f3^3,f0^3*f1^2,-1.8598038238136702e-06
e5,33,5,f0*f2*f3^3,f0^3*f1*f2,-5.0519077006846566e-08
e5,33,6,f0*f2*f3^3,f0^3*f1*f3,-7.774788085476383e-06
e5,33,7,f0*f2*f3^3,f0^3*f2^2,5.079898530839457e-06
e5,33,8,f0*f2*f3^3,f0^3*f2*f3,3.0039920541721647e-06
e5,33,9,f0*f2*f3^3,f0^3*f3^2,9.243101269420949e-06
e5,33,10,f0*f2*f3^3,f0^2*f1^3,-1.300602259907504e-06
e5,33,11,f0*f2*f3^3,f0^2*f1^2*f2,-4.3618298111988e-06
e5,33,12,f0*f2*f3^3,f0^2*f1^2*f3,3.121049099126197e-06
e5,33,13,f0*f2*f3^3,f0^2*f1*f2^2,-3.531283511814724e-06
e5,33,14,f0*f2*f3^3,f0^2*f1*f2*f3,2.85493966582948e-06
e5,33,15,f0*f2*f3^3,f0^2*f1*f3^2,1.1744082583194504e-05
e5,33,16,f0*f2*f3^3,f0^2*f2^3,-7.688517078552734e-07
e5,33,17,f0*f2*f3^3,f0^2*f2^2*f3,4.845448754320598e-06
e5,33,18,f0*f2*f3^3,f0^2*f2*f3^2,1.0100824121026733e-05
e5,33,19,f0*f2*f3^3,f0^2*f3^3,8.41305705133397e-06
e5,33,20,f0*f2*f3^3,f0*f1^4,6.394396078170947e-07
e5,33,21,f0*f2*f3^3,f0*f1^3*f2,1.0748226987097995e-06
e5,33,22,f0*f2*f3^3,f0*f1^3*f3,3.7878325359297863e-06
e5,33,23,f0*f2*f3^3,f0*f1^2*f2^2,8.274426454966649e-06
e5,33,24,f0*f2*f3^3,f0*f1^2*f2*f3,9.299488420724528e-06
e5,33,25,f0*f2*f3^3,f0*f1^2*f3^2,8.606605230678009e-06
e5,33,26,f0*f2*f3^3,f0*f1*f2^3,-2.28391943060531e-07
e5,33,27,f0*f2*f3^3,f0*f1*f2^2*f3,7.756323193790274e-06
e5,33,28,f0*f2*f3^3,f0*f1*f2*f3^2,3.4936845812310693e-06
e5,33,29,f0*f2*f3^3,f0*f1*f3^3,1.7640386443497245e-05
e5,33,30,f0*f2*f3^3,f0*f2^4,2.8609427498432526e-06
e5,33,31,f0*f2*f3^3,f0*f2^3*f3,1.5334893444408675e-05
e5,33,32,f0*f2*f3^3,f0*f2^2*f3^2,1.0746551829068008e-05
e5,33,33,f0*f2*f3^3,f0*f2*f3^3,5.776587465991118e-05
e5,34,0,f0*f3^4,f0^5,-2.0919782020131535e-06
e5,34,1,f0*f3^4,f0^4*f1,-1.3861832608969507e-07
e5,34,2,f0*f3^4,f0^4*f2,1.7893702367954884e-06
e5,34,3,f0*f3^4,f0^4*f3,-3.043501804408908e-07
e5,34,4,f0*f3^4,f0^3*f1^2,8.208731899252596e-07
e5,34,5,f0*f3^4,f0^3*f1*f2,-4.9362102122174644e-08
e5,34,6,f0*f3^4,f0^3*f1*f3,2.1121115254211175e-06
e5,34,7,f0*f3^4,f0^3*f2^2,-1.8852663519419802e-06
e5,34,8,f0*f3^4,f0^3*f2*f3,-2.704003024693605e-07
e5,34,9,f0*f3^4,f0^3*f3^2,1.6741820909725014e-06
e5,34,10,f0*f3^4,f0^2*f1^3,1.0303353292545938e-06
e5,34,11,f0*f3^4,f0^2*f1^2*f2,3.3068657976869615e-06
e5,34,12,f0*f3^4,f0^2*f1^2*f3,2.2414987117026346e-07
e5,34,13,f0*f3^4,f0^2*f1*f2^2,-2.059425652551654e-06
e5,34,14,f0*f3^4,f0^2*f1*f2*f3,-2.4119808478521584e-06
e5,34,15,f0*f3^4,f0^2*f1*f3^2,1.049733741779275e-06
e5,34,16,f0*f3^4,f0^2*f2^3,-1.2881342151059282e-06
e5,34,17,f0*f3^4,f0^2*f2^2*f3,5.258555992990512e-07
e5,34,18,f0*f3^4,f0^2*f2*f3^2,1.8344000503415884e-06
e5,34,19,f0*f3^4,f0^2*f3^3,1.7281148479232942e-07
e5,34,20,f0*f3^4,f0*f1^4,9.770273141148938e-07
e5,34,21,f0*f3^4,f0*f1^3*f2,2.1365123658509806e-06
e5,34,22,f0*f3^4,f0*f1^3*f3,4.414370137909916e-06
e5,34,23,f0*f3^4,f0*f1^2*f2^2,1.24115647482919e-06
e5,34,24,f0*f3^4,f0*f1^2*f2*f3,2.6902431223724777e-06
e5,34,25,f0*f3^4,f0*f1^2*f3^2,3.5479429118278064e-06
e5,34,26,f0*f3^4,f0*f1*f2^3,1.2815627813010583e-06
e5,34,27,f0*f3^4,f0*f1*f2^2*f3,3.884665120108335e-06
e5,34,28,f0*f3^4,f0*f1*f2*f3^2,1.5875993920558046e-06
e5,34,29,f0*f3^4,f0*f1*f3^3,1.6771277269978718e-05
e5,34,30,f0*f3^4,f0*f2^4,1.6814111411985689e-06
e5,34,31,f0*f3^4,f0*f2^3*f3,1.4260132851866746e-06
e5,34,32,f0*f3^4,f0*f2^2*f3^2,4.556882817071611e-06
e5,34,33,f0*f3^4,f0*f2*f3^3,7.444126077761921e-06
e5,34,34,f0*f3^4,f0*f3^4,1.2254185284607068e-05
e5,35,0,f1^5,f0^5,9.722604299811725e-08
e5,35,1,f1^5,f0^4*f1,-1.868609993410484e-06
e5,35,2,f1^5,f0^4*f2,-5.508149227970404e-08
e5,35,3,f1^5,f0^4*f3,-2.0000817744814013e-07
e5,35,4,f1^5,f0^3*f1^2,-2.053283411219383e-08
e5,35,5,f1^5,f0^3*f1*f2,-1.3792855390075452e-08
e5,35,6,f1^5,f0^3*f1*f3,-6.70073692656646e-07
e5,35,7,f1^5,f0^3*f2^2,-1.4609492052559797e-08
e5,35,8,f1^5,f0^3*f2*f3,-2.2979306503701237e-07
e5,35,9,f1^5,f0^3*f3^2,-2.07634583498813e-07
e5,35,10,f1^5,f0^2*f1^3,-1.4317167425163622e-06
e5,35,11,f1^5,f0^2*f1^2*f2,7.046931514071386e-07
e5,35,12,f1^5,f0^2*f1^2*f3,-4.598292732436771e-07
e5,35,13,f1^5,f0^2*f1*f2^2,7.109387978602843e-07
e5,35,14,f1^5,f0^2*f1*f2*f3,1.494122979233674e-06
e5,35,15,f1^5,f0^2*f1*f3^2,1.3127041964818712e-06
e5,35,16,f1^5,f0^2*f2^3,-1.8524704602289456e-07
e5,35,17,f1^5,f0^2*f2^2*f3,3.4427984754319374e-07
e5,35,18,f1^5,f0^2*f2*f3^2,1.0487973166337401e-06
e5,35,19,f1^5,f0^2*f3^3,1.0338049620912235e-06
e5,35,20,f1^5,f0*f1^4,2.67422026139368e-07
e5,35,21,f1^5,f0*f1^3*f2,5.485751959161965e-07
e5,35,22,f1^5,f0*f1^3*f3,1.5015980281078458e-07
e5,35,23,f1^5,f0*f1^2*f2^2,8.966453962533247e-08
e5,35,24,f1^5,f0*f1^2*f2*f3,3.4416355720087616e-07
e5,35,25,f1^5,f0*f1^2*f3^2,1.6606123984096797e-07
e5,35,26,f1^5,f0*f1*f2^3,1.5750882931316224e-07
e5,35,27,f1^5,f0*f1*f2^2*f3,4.1319397110190507e-07
e5,35,28,f1^5,f0*f1*f2*f3^2,8.00038874908176e-07
e5,35,29,f1^5,f0*f1*f3^3,3.7173193140122095e-07
e5,35,30,f1^5,f0*f2^4,7.2633933729249e-08
e5,35,31,f1^5,f0*f2^3*f3,-2.1661127522356876e-08
e5,35,32,f1^5,f0*f2^2*f3^2,-4.0497194164081267e-07
e5,35,33,f1^5,f0*f2*f3^3,7.667580170436183e-07
e5,35,34,f1^5,f0*f3^4,2.5554269797820454e-07
e5,35,35,f1^5,f1^5,1.964740804629333e-06
e5,36,0,f1^4*f2,f0^5,-8.262748324488935e-07
e5,36,1,f1^4*f2,f0^4*f1,3.7523760736600883e-06
e5,36,2,f1^4*f2,f0^4*f2,4.328177489940541e-06
e5,36,3,f1^4*f2,f0^4*f3,5.0588823253672524e-06
e5,36,4,f1^4*f2,f0^3*f1^2,8.861036225473682e-07
e5,36,5,f1^4*f2,f0^3*f1*f2,1.748754672116266e-06
e5,36,6,f1^4*f2,f0^3*f1*f3,1.381235400803412e-06
e5,36,7,f1^4*f2,f0^3*f2^2,1.1256766884628243e-06
e5,36,8,f1^4*f2,f0^3*f2*f3,-1.6304623925977038e-07
e5,36,9,f1^4*f2,f0^3*f3^2,-2.7825001096359805e-07
e5,36,10,f1^4*f2,f0^2*f1^3,9.018977292085048e-06
e5,36,11,f1^4*f2,f0^2*f1^2*f2,6.816899269756557e-06
e5,36,12,f1^4*f2,f0^2*f1^2*f3,-1.0225698502504014e-06
e5,36,13,f1^4*f2,f0^2*f1*f2^2,-1.1926271673882493e-05
e5,36,14,f1^4*f2,f0^2*f1*f2*f3,-1.2451338734062086e-05
e5,36,15,f1^4*f2,f0^2*f1*f3^2,-2.522796911825182e-06
e5,36,16,f1^4*f2,f0^2*f2^3,-5.911487546416527e-06
e5,36,17,f1^4*f2,f0^2*f2^2*f3,-8.467539653374158e-06
e5,36,18,f1^4*f2,f0^2*f2*f3^2,1.0084463881556574e-06
e5,36,19,f1^4*f2,f0^2*f3^3,4.060125259238623e-06
e5,36,20,f1^4*f2,f0*f1^4,6.532834525653595e-07
e5,36,21,f1^4*f2,f0*f1^3*f2,-3.7314405740059684e-07
e5,36,22,f1^4*f2,f0*f1^3*f3,4.024314181430895e-06
e5,36,23,f1^4*f2,f0*f1^2*f2^2,-1.0803786377964852e-06
e5,36,24,f1^4*f2,f0*f1^2*f2*f3,-1.7457510178489813e-08
e5,36,25,f1^4*f2,f0*f1^2*f3^2,-1.3545408878094159e-06
e5,36,26,f1^4*f2,f0*f1*f2^3,9.536170068643798e-07
e5,36,27,f1^4*f2,f0*f1*f2^2*f3,-3.350616745850545e-06
e5,36,28,f1^4*f2,f0*f1*f2*f3^2,5.482055487905451e-07
e5,36,29,f1^4*f2,f0*f1*f3^3,2.110284287303045e-06
e5,36,30,f1^4*f2,f0*f2^4,1.1847660653417025e-06
e5,36,31,f1^4*f2,f0*f2^3*f3,1.4375111196670698e-06
e5,36,32,f1^4*f2,f0*f2^2*f3^2,-3.2018099126518765e-06
e5,36,33,f1^4*f2,f0*f2*f3^3,3.326705694015788e-07
e5,36,34,f1^4*f2,f0*f3^4,2.863612812303421e-06
e5,36,35,f1^4*f2,f1^5,-1.0129353883332432e-06
e5,36,36,f1^4*f2,f1^4*f2,2.5761685822300785e-05
e5,37,0,f1^4*f3,f0^5,-9.84341532000663e-08
e5,37,1,f1^4*f3,f0^4*f1,4.058047266588324e-06
e5,37,2,f1^4*f3,f0^4*f2,-1.8907310063864572e-07
e5,37,3,f1^4*f3,f0^4*f3,-3.847058515679309e-07
e5,37,4,f1^4*f3,f0^3*f1^2,-2.681000804996706e-07
e5,37,5,f1^4*f3,f0^3*f1*f2,-1.9023950577988268e-07
e5,37,6,f1^4*f3,f0^3*f1*f3,1.4094527588678962e-06
e5,37,7,f1^4*f3,f0^3*f2^2,-3.958052091444406e-07
e5,37,8,f1^4*f3,f0^3*f2*f3,1.0913026199131167e-06
e5,37,9,f1^4*f3,f0^3*f3^2,1.0692057826754517e-06
e5,37,10,f1^4*f3,f0^2*f1^3,1.4462868063403815e-06
e5,37,11,f1^4*f3,f0^2*f1^2*f2,-6.647475842360342e-06
e5,37,12,f1^4*f3,f0^2*f1^2*f3,-1.1131189952986235e-06
e5,37,13,f1^4*f3,f0^2*f1*f2^2,-2.4207726565571292e-06
e5,37,14,f1^4*f3,f0^2*f1*f2*f3,-7.499875568934159e-06
e5,37,15,f1^4*f3,f0^2*f1*f3^2,-5.770767515036209e-06
e5,37,16,f1^4*f3,f0^2*f2^3,1.7307136736944134e-06
e5,37,17,f1^4*f3,f0^2*f2^2*f3,1.9679419928794723e-06
e5,37,18,f1^4*f3,f0^2*f2*f3^2,-2.690071848530182e-06
e5,37,19,f1^4*f3,f0^2*f3^3,-6.951294635260081e-06
e5,37,20,f1^4*f3,f0*f1^4,-1.2094593874599198e-06
e5,37,21,f1^4*f3,f0*f1^3*f2,-2.5739083457357425e-07
e5,37,22,f1^4*f3,f0*f1^3*f3,8.637738301314886e-07
e5,37,23,f1^4*f3,f0*f1^2*f2^2,1.31092938612715e-06
e5,37,24,f1^4*f3,f0*f1^2*f2*f3,-2.034957563504164e-06
e5,37,25,f1^4*f3,f0*f1^2*f3^2,8.180584430192195e-07
e5,37,26,f1^4*f3,f0*f1*f2^3,5.186517338569008e-08
e5,37,27,f1^4*f3,f0*f1*f2^2*f3,-4.3113036283586123e-07
e5,37,28,f1^4*f3,f0*f1*f2*f3^2,-3.535085107864129e-06
e5,37,29,f1^4*f3,f0*f1*f3^3,-1.2339229414737852e-06
e5,37,30,f1^4*f3,f0*f2^4,-4.38140785146018e-07
e5,37,31,f1^4*f3,f0*f2^3*f3,4.7267812233324503e-07
e5,37,32,f1^4*f3,f0*f2^2*f3^2,3.7994218485737255e-06
e5,37,33,f1^4*f3,f0*f2*f3^3,-2.9374296087413134e-06
e5,37,34,f1^4*f3,f0*f3^4,-1.2206782142731344e-06
e5,37,35,f1^4*f3,f1^5,-5.287942685194001e-06
e5,37,36,f1^4*f3,f1^4*f2,-5.1446690463585006e-06
e5,37,37,f1^4*f3,f1^4*f3,2.265724902479542e-05
e5,38,0,f1^3*f2^2,f0^5,-2.1171776558200831e-07
e5,38,1,f1^3*f2^2,f0^4*f1,-6.409571590512654e-06
e5,38,2,f1^3*f2^2,f0^4*f2,-2.487253731089823e-06
e5,38,3,f1^3*f2^2,f0^4*f3,-1.8304346216216777e-06
e5,38,4,f1^3*f2^2,f0^3*f1^2,-2.4278831584379382e-06
e5,38,5,f1^3*f2^2,f0^3*f1*f2,-1.1099354763470134e-06
e5,38,6,f1^3*f2^2,f0^3*f1*f3,-4.075893476293738e-06
e5,38,7,f1^3*f2^2,f0^3*f2^2,1.8365330611678725e-06
e5,38,8,f1^3*f2^2,f0^3*f2*f3,-1.1648467617821732e-07
e5,38,9,f1^3*f2^2,f0^3*f3^2,-3.108157452653663e-06
e5,38,10,f1^3*f2^2,f0^2*f1^3,1.4117999340581877e-06
e5,38,11,f1^3*f2^2,f0^2*f1^2*f2,2.557446888435898e-05
e5,38,12,f1^3*f2^2,f0^2*f1^2*f3,2.3414736929623474e-05
e5,38,13,f1^3*f2^2,f0^2*f1*f2^2,2.3282939046686495e-05
e5,38,14,f1^3*f2^2,f0^2*f1*f2*f3,3.228284606555017e-05
e5,38,15,f1^3*f2^2,f0^2*f1*f3^2,1.5575669079820976e-05
e5,38,16,f1^3*f2^2,f0^2*f2^3,3.716556427454404e-06
e5,38,17,f1^3*f2^2,f0^2*f2^2*f3,-6.142985772247498e-07
e5,38,18,f1^3*f2^2,f0^2*f2*f3^2,3.6460748240516994e-06
e5,38,19,f1^3*f2^2,f0^2*f3^3,5.728118776095406e-06
e5,38,20,f1^3*f2^2,f0*f1^4,1.3446667161981502e-06
e5,38,21,f1^3*f2^2,f0*f1^3*f2,6.140324922111576e-06
e5,38,22,f1^3*f2^2,f0*f1^3*f3,-6.8807976507912905e-06
e5,38,23,f1^3*f2^2,f0*f1^2*f2^2,2.245833161400306e-06
e5,38,24,f1^3*f2^2,f0*f1^2*f2*f3,1.1831024228501074e-05
e5,38,25,f1^3*f2^2,f0*f1^2*f3^2,3.9090956239994344e-07
e5,38,26,f1^3*f2^2,f0*f1*f2^3,8.197311049244625e-07
e5,38,27,f1^3*f2^2,f0*f1*f2^2*f3,1.513457882543539e-07
e5,38,28,f1^3*f2^2,f0*f1*f2*f3^2,1.0232017304461185e-05
e5,38,29,f1^3*f2^2,f0*f1*f3^3,-2.689904129622148e-06
e5,38,30,f1^3*f2^2,f0*f2^4,-1.0149028387321464e-07
e5,38,31,f1^3*f2^2,f0*f2^3*f3,-1.2684604979529012e-06
e5,38,32,f1^3*f2^2,f0*f2^2*f3^2,-2.624229809464159e-06
e5,38,33,f1^3*f2^2,f0*f2*f3^3,4.62027542409133e-08
e5,38,34,f1^3*f2^2,f0*f3^4,-8.231717473641053e-07
e5,38,35,f1^3*f2^2,f1^5,1.3169477173984276e-06
e5,38,36,f1^3*f2^2,f1^4*f2,-4.054718056307807e-06
e5,38,37,f1^3*f2^2,f1^4*f3,-9.318575613952542e-06
e5,38,38,f1^3*f2^2,f1^3*f2^2,7.639453020574377e-05
e5,39,0,f1^3*f2*f3,f0^5,2.1710282542282117e-07
e5,39,1,f1^3*f2*f3,f0^4*f1,-1.4863384744358686e-06
e5,39,2,f1^3*f2*f3,f0^4*f2,-6.930772044248771e-06
e5,39,3,f1^3*f2*f3,f0^4*f3,-8.262871871273598e-06
e5,39,4,f1^3*f2*f3,f0^3*f1^2,5.9039454394264105e-06
e5,39,5,f1^3*f2*f3,f0^3*f1*f2,1.2000376341822447e-06
e5,39,6,f1^3*f2*f3,f0^3*f1*f3,1.946797495165705e-06
e5,39,7,f1^3*f2*f3,f0^3*f2^2,2.090548031275717e-06
e5,39,8,f1^3*f2*f3,f0^3*f2*f3,-1.1442868235925562e-06
e5,39,9,f1^3*f2*f3,f0^3*f3^2,1.3695107440096161e-06
e5,39,10,f1^3*f2*f3,f0^2*f1^3,-1.1965769662893748e-05
e5,39,11,f1^3*f2*f3,f0^2*f1^2*f2,-3.8278106952320876e-05
e5,39,12,f1^3*f2*f3,f0^2*f1^2*f3,-2.762112898192079e-05
e5,39,13,f1^3*f2*f3,f0^2*f1*f2^2,-4.9203173105086895e-06
e5,39,14,f1^3*f2*f3,f0^2*f1*f2*f3,1.3372594934327907e-05
e5,39,15,f1^3*f2*f3,f0^2*f1*f3^2,4.938789707872069e-07
e5,39,16,f1^3*f2*f3,f0^2*f2^3,-1.3841444541942452e-05
e5,39,17,f1^3*f2*f3,f0^2*f2^2*f3,-1.8274444037935234e-05
e5,39,18,f1^3*f2*f3,f0^2*f2*f3^2,-1.462221469264024e-05
e5,39,19,f1^3*f2*f3,f0^2*f3^3,-1.1896553198187799e-05
e5,39,20,f1^3*f2*f3,f0*f1^4,1.5390564953602405e-07
e5,39,21,f1^3*f2*f3,f0*f1^3*f2,-1.0158781405282387e-08
e5,39,22,f1^3*f2*f3,f0*f1^3*f3,4.546217277332336e-06
e5,39,23,f1^3*f2*f3,f0*f1^2*f2^2,6.814192654121547e-06
e5,39,24,f1^3*f2*f3,f0*f1^2*f2*f3,-5.640813816245734e-06
e5,39,25,f1^3*f2*f3,f0*f1^2*f3^2,3.6756743746850843e-06
e5,39,26,f1^3*f2*f3,f0*f1*f2^3,-2.312753729469491e-06
e5,39,27,f1^3*f2*f3,f0*f1*f2^2*f3,4.064042319450271e-06
e5,39,28,f1^3*f2*f3,f0*f1*f2*f3^2,-2.2632396976126734e-06
e5,39,29,f1^3*f2*f3,f0*f1*f3^3,5.366806776441559e-06
e5,39,30,f1^3*f2*f3,f0*f2^4,8.390090191580964e-07
e5,39,31,f1^3*f2*f3,f0*f2^3*f3,-2.834124519304821e-07
e5,39,32,f1^3*f2*f3,f0*f2^2*f3^2,1.6106070080423416e-07
e5,39,33,f1^3*f2*f3,f0*f2*f3^3,1.6295731125640813e-06
e5,39,34,f1^3*f2*f3,f0*f3^4,-1.4540331672795784e-06
e5,39,35,f1^3*f2*f3,f1^5,8.322560475763914e-07
e5,39,36,f1^3*f2*f3,f1^4*f2,-1.3760971550087048e-05
e5,39,37,f1^3*f2*f3,f1^4*f3,-2.222351910247579e-07
e5,39,38,f1^3*f2*f3,f1^3*f2^2,-2.8185086711182216e-05
e5,39,39,f1^3*f2*f3,f1^3*f2*f3,0.00010571418089684278
e5,40,0,f1^3*f3^2,f0^5,-4.2396153586328476e-07
e5,40,1,f1^3*f3^2,f0^4*f1,-1.664894017317966e-06
e5,40,2,f1^3*f3^2,f0^4*f2,-1.1893808542892656e-06
e5,40,3,f1^3*f3^2,f0^4*f3,-1.381541892956848e-07
e5,40,4,f1^3*f3^2,f0^3*f1^2,-1.0561914595401861e-06
e5,40,5,f1^3*f3^2,f0^3*f1*f2,-6.717746600787751e-07
e5,40,6,f1^3*f3^2,f0^3*f1*f3,-1.1396316211875864e-06
e5,40,7,f1^3*f3^2,f0^3*f2^2,3.8661684869686026e-07
e5,40,8,f1^3*f3^2,f0^3*f2*f3,-3.518772627666601e-07
e5,40,9,f1^3*f3^2,f0^3*f3^2,-1.2877217039339947e-07
e5,40,10,f1^3*f3^2,f0^2*f1^3,-6.648201257368885e-07
e5,40,11,f1^3*f3^2,f0^2*f1^2*f2,1.3875086034217816e-05
e5,40,12,f1^3*f3^2,f0^2*f1^2*f3,1.686725053308882e-05
e5,40,13,f1^3*f3^2,f0^2*f1*f2^2,1.4018841427065073e-05
e5,40,14,f1^3*f3^2,f0^2*f1*f2*f3,1.6491240458858325e-05
e5,40,15,f1^3*f3^2,f0^2*f1*f3^2,3.046109729483624e-06
e5,40,16,f1^3*f3^2,f0^2*f2^3,5.323019818943802e-06
e5,40,17,f1^3*f3^2,f0^2*f2^2*f3,6.430027076283552e-07
e5,40,18,f1^3*f3^2,f0^2*f2*f3^2,-7.973319724844742e-06
e5,40,19,f1^3*f3^2,f0^2*f3^3,5.316334814198318e-06
e5,40,20,f1^3*f3^2,f0*f1^4,1.1472575138451942e-06
e5,40,21,f1^3*f3^2,f0*f1^3*f2,3.3042507250433255e-06
e5,40,22,f1^3*f3^2,f0*f1^3*f3,-4.067854973231237e-06
e5,40,23,f1^3*f3^2,f0*f1^2*f2^2,8.446734168963177e-07
e5,40,24,f1^3*f3^2,f0*f1^2*f2*f3,6.650901486406584e-06
e5,40,25,f1^3*f3^2,f0*f1^2*f3^2,3.194593333722343e-06
e5,40,26,f1^3*f3^2,f0*f1*f2^3,1.552641176019683e-06
e5,40,27,f1^3*f3^2,f0*f1*f2^2*f3,7.331230931543241e-07
e5,40,28,f1^3*f3^2,f0*f1*f2*f3^2,3.2149660776871748e-06
e5,40,29,f1^3*f3^2,f0*f1*f3^3,1.3069101852612374e-07
e5,40,30,f1^3*f3^2,f0*f2^4,-4.139739296795245e-07
e5,40,31,f1^3*f3^2,f0*f2^3*f3,-1.1722378640902189e-06
e5,40,32,f1^3*f3^2,f0*f2^2*f3^2,-2.162482287520276e-06
e5,40,33,f1^3*f3^2,f0*f2*f3^3,-4.3917462395756435e-08
e5,40,34,f1^3*f3^2,f0*f3^4,-1.046128697579225e-06
e5,40,35,f1^3*f3^2,f1^5,6.112463142482282e-07
e5,40,36,f1^3*f3^2,f1^4*f2,-6.026349932996078e-06
e5,40,37,f1^3*f3^2,f1^4*f3,-1.4005009857707995e-05
e5,40,38,f1^3*f3^2,f1^3*f2^2,2.1952743156732142e-05
e5,40,39,f1^3*f3^2,f1^3*f2*f3,-2.108860036667351e-05
e5,40,40,f1^3*f3^2,f1^3*f3^2,5.301946872486933e-05
e5,41,0,f1^2*f2^3,f0^5,5.435653196027968e-07
e5,41,1,f1^2*f2^3,f0^4*f1,2.2656834601106703e-06
e5,41,2,f1^2*f2^3,f0^4*f2,-2.6343722697351554e-06
e5,41,3,f1^2*f2^3,f0^4*f3,5.163897283472734e-07
e5,41,4,f1^2*f2^3,f0^3*f1^2,-1.3598936939919965e-06
e5,41,5,f1^2*f2^3,f0^3*f1*f2,-1.7414504253244069e-06
e5,41,6,f1^2*f2^3,f0^3*f1*f3,1.8170673673952745e-06
e5,41,7,f1^2*f2^3,f0^3*f2^2,-4.536941990080798e-06
e5,41,8,f1^2*f2^3,f0^3*f2*f3,-1.576210325405395e-06
e5,41,9,f1^2*f2^3,f0^3*f3^2,5.345616313139604e-07
e5,41,10,f1^2*f2^3,f0^2*f1^3,3.037300311999085e-06
e5,41,11,f1^2*f2^3,f0^2*f1^2*f2,1.5383482617501564e-05
e5,41,12,f1^2*f2^3,f0^2*f1^2*f3,4.256619806185266e-06
e5,41,13,f1^2*f2^3,f0^2*f1*f2^2,1.7934728074241546e-05
e5,41,14,f1^2*f2^3,f0^2*f1*f2*f3,3.4064743182927127e-06
e5,41,15,f1^2*f2^3,f0^2*f1*f3^2,-5.127328411842567e-07
e5,41,16,f1^2*f2^3,f0^2*f2^3,2.0867759303351214e-05
e5,41,17,f1^2*f2^3,f0^2*f2^2*f3,4.637592665698527e-05
e5,41,18,f1^2*f2^3,f0^2*f2*f3^2,2.0226735682803907e-05
e5,41,19,f1^2*f2^3,f0^2*f3^3,6.466721778557993e-06
e5,41,20,f1^2*f2^3,f0*f1^4,-3.72253042260769e-07
e5,41,21,f1^2*f2^3,f0*f1^3*f2,-1.2409847176545508e-06
e5,41,22,f1^2*f2^3,f0*f1^3*f3,3.858076199265165e-06
e5,41,23,f1^2*f2^3,f0*f1^2*f2^2,3.941401570269448e-06
e5,41,24,f1^2*f2^3,f0*f1^2*f2*f3,-2.673901734451955e-06
e5,41,25,f1^2*f2^3,f0*f1^2*f3^2,-2.2234860427419275e-06
e5,41,26,f1^2*f2^3,f0*f1*f2^3,3.949559864144499e-06
e5,41,27,f1^2*f2^3,f0*f1*f2^2*f3,8.328122817736276e-06
e5,41,28,f1^2*f2^3,f0*f1*f2*f3^2,-2.6329966837976806e-07
e5,41,29,f1^2*f2^3,f0*f1*f3^3,-1.2841423184290833e-06
e5,41,30,f1^2*f2^3,f0*f2^4,-9.65519010859846e-07
e5,41,31,f1^2*f2^3,f0*f2^3*f3,2.1921952636113446e-06
e5,41,32,f1^2*f2^3,f0*f2^2*f3^2,1.088750418559121e-05
e5,41,33,f1^2*f2^3,f0*f2*f3^3,-3.1711719913147472e-06
e5,41,34,f1^2*f2^3,f0*f3^4,-4.4546901972354266e-07
e5,41,35,f1^2*f2^3,f1^5,3.9939576019995546e-08
e5,41,36,f1^2*f2^3,f1^4*f2,4.612075683940774e-06
e5,41,37,f1^2*f2^3,f1^4*f3,2.469835871085036e-07
e5,41,38,f1^2*f2^3,f1^3*f2^2,-5.425569778197985e-06
e5,41,39,f1^2*f2^3,f1^3*f2*f3,-1.6358117918484867e-05
e5,41,40,f1^2*f2^3,f1^3*f3^2,-6.016526411157401e-06
e5,41,41,f1^2*f2^3,f1^2*f2^3,8.18667563521682e-05
e5,42,0,f1^2*f2^2*f3,f0^5,-7.297809064659545e-07
e5,42,1,f1^2*f2^2*f3,f0^4*f1,6.495531334090943e-06
e5,42,2,f1^2*f2^2*f3,f0^4*f2,8.444045691644066e-06
e5,42,3,f1^2*f2^2*f3,f0^4*f3,2.7011718711120606e-06
e5,42,4,f1^2*f2^2*f3,f0^3*f1^2,4.1323453974841095e-08
e5,42,5,f1^2*f2^2*f3,f0^3*f1*f2,7.430284729926429e-06
e5,42,6,f1^2*f2^2*f3,f0^3*f1*f3,-1.7397534703478477e-06
e5,42,7,f1^2*f2^2*f3,f0^3*f2^2,2.9251801957615858e-06
e5,42,8,f1^2*f2^2*f3,f0^3*f2*f3,2.4710705312563057e-06
e5,42,9,f1^2*f2^2*f3,f0^3*f3^2,-1.6810054782818253e-06
e5,42,10,f1^2*f2^2*f3,f0^2*f1^3,-1.234191723124247e-06
e5,42,11,f1^2*f2^2*f3,f0^2*f1^2*f2,-1.818203663840943e-05
e5,42,12,f1^2*f2^2*f3,f0^2*f1^2*f3,-3.571841307385554e-06
e5,42,13,f1^2*f2^2*f3,f0^2*f1*f2^2,-4.0523888364842726e-05
e5,42,14,f1^2*f2^2*f3,f0^2*f1*f2*f3,-3.1330324563668584e-05
e5,42,15,f1^2*f2^2*f3,f0^2*f1*f3^2,1.5818864018299496e-05
e5,42,16,f1^2*f2^2*f3,f0^2*f2^3,2.07384404058824e-06
e5,42,17,f1^2*f2^2*f3,f0^2*f2^2*f3,1.3840551032448174e-05
e5,42,18,f1^2*f2^2*f3,f0^2*f2*f3^2,3.500989044094484e-05
e5,42,19,f1^2*f2^2*f3,f0^2*f3^3,2.017297236226572e-05
e5,42,20,f1^2*f2^2*f3,f0*f1^4,5.6484022853836e-07
e5,42,21,f1^2*f2^2*f3,f0*f1^3*f2,-6.447806734502019e-07
e5,42,22,f1^2*f2^2*f3,f0*f1^3*f3,2.439025494657141e-06
e5,42,23,f1^2*f2^2*f3,f0*f1^2*f2^2,-1.75916599478655e-06
e5,42,24,f1^2*f2^2*f3,f0*f1^2*f2*f3,-2.777183432397436e-06
e5,42,25,f1^2*f2^2*f3,f0*f1^2*f3^2,-2.143284770785423e-06
e5,42,26,f1^2*f2^2*f3,f0*f1*f2^3,6.420635968816981e-06
e5,42,27,f1^2*f2^2*f3,f0*f1*f2^2*f3,-1.168779380837164e-06
e5,42,28,f1^2*f2^2*f3,f0*f1*f2*f3^2,3.1925020027193353e-06
e5,42,29,f1^2*f2^2*f3,f0*f1*f3^3,2.290681393791531e-06
e5,42,30,f1^2*f2^2*f3,f0*f2^4,1.8047890012714792e-06
e5,42,31,f1^2*f2^2*f3,f0*f2^3*f3,5.846489359530533e-06
e5,42,32,f1^2*f2^2*f3,f0*f2^2*f3^2,-1.8403249517626246e-06
e5,42,33,f1^2*f2^2*f3,f0*f2*f3^3,1.4032161593018096e-05
e5,42,34,f1^2*f2^2*f3,f0*f3^4,3.0149180758030285e-06
e5,42,35,f1^2*f2^2*f3,f1^5,-1.5251640527486974e-07
e5,42,36,f1^2*f2^2*f3,f1^4*f2,9.767327385268162e-06
e5,42,37,f1^2*f2^2*f3,f1^4*f3,1.6983187360863708e-06
e5,42,38,f1^2*f2^2*f3,f1^3*f2^2,-2.450058654061013e-05
e5,42,39,f1^2*f2^2*f3,f1^3*f2*f3,-1.581293036599884e-05
e5,42,40,f1^2*f2^2*f3,f1^3*f3^2,-1.4090760380145366e-05
e5,42,41,f1^2*f2^2*f3,f1^2*f2^3,-7.591680885881442e-06
e5,42,42,f1^2*f2^2*f3,f1^2*f2^2*f3,0.00012603713960946796
e5,43,0,f1^2*f2*f3^2,f0^5,3.7522348999705466e-07
e5,43,1,f1^2*f2*f3^2,f0^4*f1,4.820785155120361e-06
e5,43,2,f1^2*f2*f3^2,f0^4*f2,1.0703116875380248e-06
e5,43,3,f1^2*f2*f3^2,f0^4*f3,6.241197931663938e-06
e5,43,4,f1^2*f2*f3^2,f0^3*f1^2,1.155193545697301e-06
e5,43,5,f1^2*f2*f3^2,f0^3*f1*f2,1.5856770976629472e-06
e5,43,6,f1^2*f2*f3^2,f0^3*f1*f3,5.509429406302387e-06
e5,43,7,f1^2*f2*f3^2,f0^3*f2^2,-1.122193460399709e-06
e5,43,8,f1^2*f2*f3^2,f0^3*f2*f3,3.2545113477434286e-06
e5,43,9,f1^2*f2*f3^2,f0^3*f3^2,5.867871240527366e-07
e5,43,10,f1^2*f2*f3^2,f0^2*f1^3,-3.5959281947971824e-08
e5,43,11,f1^2*f2*f3^2,f0^2*f1^2*f2,3.97271892412684e-06
e5,43,12,f1^2*f2*f3^2,f0^2*f1^2*f3,-2.077323229563425e-05
e5,43,13,f1^2*f2*f3^2,f0^2*f1*f2^2,1.2204221989366925e-05
e5,43,14,f1^2*f2*f3^2,f0^2*f1*f2*f3,-3.139025301477276e-05
e5,43,15,f1^2*f2*f3^2,f0^2*f1*f3^2,-2.9611037180095985e-05
e5,43,16,f1^2*f2*f3^2,f0^2*f2^3,1.4562565477243753e-05
e5,43,17,f1^2*f2*f3^2,f0^2*f2^2*f3,2.679847508592404e-05
e5,43,18,f1^2*f2*f3^2,f0^2*f2*f3^2,8.254502474978408e-06
e5,43,19,f1^2*f2*f3^2,f0^2*f3^3,7.96161111508006e-06
e5,43,20,f1^2*f2*f3^2,f0*f1^4,-3.55814717505454e-07
e5,43,21,f1^2*f2*f3^2,f0*f1^3*f2,2.783276581539706e-06
e5,43,22,f1^2*f2*f3^2,f0*f1^3*f3,2.882612391985554e-06
e5,43,23,f1^2*f2*f3^2,f0*f1^2*f2^2,2.4081054362111506e-06
e5,43,24,f1^2*f2*f3^2,f0*f1^2*f2*f3,-1.1081335962427252e-05
e5,43,25,f1^2*f2*f3^2,f0*f1^2*f3^2,7.66301247134099e-06
e5,43,26,f1^2*f2*f3^2,f0*f1*f2^3,3.933775015250222e-06
e5,43,27,f1^2*f2*f3^2,f0*f1*f2^2*f3,7.324086758697767e-06
e5,43,28,f1^2*f2*f3^2,f0*f1*f2*f3^2,-4.16113544057368e-06
e5,43,29,f1^2*f2*f3^2,f0*f1*f3^3,-9.022434938446225e-07
e5,43,30,f1^2*f2*f3^2,f0*f2^4,1.425727916611391e-07
e5,43,31,f1^2*f2*f3^2,f0*f2^3*f3,3.105198046523161e-06
e5,43,32,f1^2*f2*f3^2,f0*f2^2*f3^2,1.0707951855475197e-05
e5,43,33,f1^2*f2*f3^2,f0*f2*f3^3,-1.6470415073708456e-06
e5,43,34,f1^2*f2*f3^2,f0*f3^4,-7.524005797512194e-07
e5,43,35,f1^2*f2*f3^2,f1^5,-1.291009848329264e-06
e5,43,36,f1^2*f2*f3^2,f1^4*f2,-2.7810730041510564e-07
e5,43,37,f1^2*f2*f3^2,f1^4*f3,9.048780989912089e-06
e5,43,38,f1^2*f2*f3^2,f1^3*f2^2,-2.0114346054141737e-05
e5,43,39,f1^2*f2*f3^2,f1^3*f2*f3,-1.647279953949955e-05
e5,43,40,f1^2*f2*f3^2,f1^3*f3^2,-1.2399978939539785e-05
e5,43,41,f1^2*f2*f3^2,f1^2*f2^3,1.9125441567482903e-05
e5,43,42,f1^2*f2*f3^2,f1^2*f2^2*f3,-8.288557414809188e-06
e5,43,43,f1^2*f2*f3^2,f1^2*f2*f3^2,0.00010190424513863836
e5,44,0,f1^2*f3^3,f0^5,3.2309330557005295e-07
e5,44,1,f1^2*f3^3,f0^4*f1,1.5983472725483894e-06
e5,44,2,f1^2*f3^3,f0^4*f2,-4.248864948470763e-07
e5,44,3,f1^2*f3^3,f0^4*f3,-1.844891138943493e-06
e5,44,4,f1^2*f3^3,f0^3*f1^2,-1.4224237512261684e-06
e5,44,5,f1^2*f3^3,f0^3*f1*f2,-1.973118746001262e-06
e5,44,6,f1^2*f3^3,f0^3*f1*f3,7.13537924573255e-07
e5,44,7,f1^2*f3^3,f0^3*f2^2,-3.5941445941667806e-06
e5,44,8,f1^2*f3^3,f0^3*f2*f3,9.362558794530274e-07
e5,44,9,f1^2*f3^3,f0^3*f3^2,5.316719218361269e-07
e5,44,10,f1^2*f3^3,f0^2*f1^3,8.536754139081666e-07
e5,44,11,f1^2*f3^3,f0^2*f1^2*f2,9.969884572066646e-06
e5,44,12,f1^2*f3^3,f0^2*f1^2*f3,1.1920214104794415e-05
e5,44,13,f1^2*f3^3,f0^2*f1*f2^2,3.997072802693704e-06
e5,44,14,f1^2*f3^3,f0^2*f1*f2*f3,1.1771826123022343e-05
e5,44,15,f1^2*f3^3,f0^2*f1*f3^2,1.915949387478617e-05
e5,44,16,f1^2*f3^3,f0^2*f2^3,6.23541314297394e-06
e5,44,17,f1^2*f3^3,f0^2*f2^2*f3,1.4314005640985714e-05
e5,44,18,f1^2*f3^3,f0^2*f2*f3^2,2.664179872398701e-05
e5,44,19,f1^2*f3^3,f0^2*f3^3,4.491927895403264e-06
e5,44,20,f1^2*f3^3,f0*f1^4,1.0954170762266864e-07
e5,44,21,f1^2*f3^3,f0*f1^3*f2,8.108967012237808e-07
e5,44,22,f1^2*f3^3,f0*f1^3*f3,5.745493705288821e-07
e5,44,23,f1^2*f3^3,f0*f1^2*f2^2,-2.7547292280634256e-06
e5,44,24,f1^2*f3^3,f0*f1^2*f2*f3,4.798017511761446e-06
e5,44,25,f1^2*f3^3,f0*f1^2*f3^2,-1.2970261326456561e-06
e5,44,26,f1^2*f3^3,f0*f1*f2^3,-2.8304019363962004e-06
e5,44,27,f1^2*f3^3,f0*f1*f2^2*f3,2.3227885682377677e-06
e5,44,28,f1^2*f3^3,f0*f1*f2*f3^2,6.0858628721003756e-06
e5,44,29,f1^2*f3^3,f0*f1*f3^3,4.718539547378562e-06
e5,44,30,f1^2*f3^3,f0*f2^4,-1.3446952352283702e-07
e5,44,31,f1^2*f3^3,f0*f2^3*f3,-1.6608153792156468e-06
e5,44,32,f1^2*f3^3,f0*f2^2*f3^2,1.461167851985783e-06
e5,44,33,f1^2*f3^3,f0*f2*f3^3,7.455946710774329e-06
e5,44,34,f1^2*f3^3,f0*f3^4,3.6836305445415116e-06
e5,44,35,f1^2*f3^3,f1^5,-4.300866912778773e-07
e5,44,36,f1^2*f3^3,f1^4*f2,-7.331018700273787e-07
e5,44,37,f1^2*f3^3,f1^4*f3,-9.013103027193068e-07
e5,44,38,f1^2*f3^3,f1^3*f2^2,3.1534422972487166e-06
e5,44,39,f1^2*f3^3,f1^3*f2*f3,-1.631832158599954e-05
e5,44,40,f1^2*f3^3,f1^3*f3^2,-1.35048928815579e-06
e5,44,41,f1^2*f3^3,f1^2*f2^3,7.5785080601134604e-06
e5,44,42,f1^2*f3^3,f1^2*f2^2*f3,8.58562060121354e-06
e5,44,43,f1^2*f3^3,f1^2*f2*f3^2,-1.5779867769622993e-05
e5,44,44,f1^2*f3^3,f1^2*f3^3,5.270910001705496e-05
e5,45,0,f1*f2^4,f0^5,-2.0342695886593263e-07
e5,45,1,f1*f2^4,f0^4*f1,-1.5421215994884175e-06
e5,45,2,f1*f2^4,f0^4*f2,1.2131834899297688e-06
e5,45,3,f1*f2^4,f0^4*f3,-1.1837594938868987e-06
e5,45,4,f1*f2^4,f0^3*f1^2,1.0141541370080182e-06
e5,45,5,f1*f2^4,f0^3*f1*f2,2.407787219271156e-06
e5,45,6,f1*f2^4,f0^3*f1*f3,-1.250629132402257e-06
e5,45,7,f1*f2^4,f0^3*f2^2,2.7320491237890983e-07
e5,45,8,f1*f2^4,f0^3*f2*f3,-1.4763247160712734e-06
e5,45,9,f1*f2^4,f0^3*f3^2,-1.085879348643947e-06
e5,45,10,f1*f2^4,f0^2*f1^3,-1.2366345021657922e-06
e5,45,11,f1*f2^4,f0^2*f1^2*f2,-7.373075165567889e-06
e5,45,12,f1*f2^4,f0^2*f1^2*f3,-3.863765365458049e-06
e5,45,13,f1*f2^4,f0^2*f1*f2^2,2.26998025964594e-06
e5,45,14,f1*f2^4,f0^2*f1*f2*f3,-3.949998279596113e-06
e5,45,15,f1*f2^4,f0^2*f1*f3^2,2.733822480050092e-06
e5,45,16,f1*f2^4,f0^2*f2^3,4.4232675130654777e-07
e5,45,17,f1*f2^4,f0^2*f2^2*f3,-1.9450095760350418e-06
e5,45,18,f1*f2^4,f0^2*f2*f3^2,1.1740180290045115e-05
e5,45,19,f1*f2^4,f0^2*f3^3,7.05790188310842e-06
e5,45,20,f1*f2^4,f0*f1^4,-1.7732626652808861e-07
e5,45,21,f1*f2^4,f0*f1^3*f2,-1.4119447573033943e-06
e5,45,22,f1*f2^4,f0*f1^3*f3,1.5824748421573405e-06
e5,45,23,f1*f2^4,f0*f1^2*f2^2,-2.1566998923064384e-06
e5,45,24,f1*f2^4,f0*f1^2*f2*f3,-1.4804430037900597e-06
e5,45,25,f1*f2^4,f0*f1^2*f3^2,-1.1628818801700711e-06
e5,45,26,f1*f2^4,f0*f1*f2^3,1.913596104331676e-06
e5,45,27,f1*f2^4,f0*f1*f2^2*f3,9.359102320095293e-07
e5,45,28,f1*f2^4,f0*f1*f2*f3^2,-5.795588102028681e-07
e5,45,29,f1*f2^4,f0*f1*f3^3,8.537006095256797e-07
e5,45,30,f1*f2^4,f0*f2^4,3.65789764494146e-07
e5,45,31,f1*f2^4,f0*f2^3*f3,-1.3202579619203644e-06
e5,45,32,f1*f2^4,f0*f2^2*f3^2,-1.2623739993631766e-06
e5,45,33,f1*f2^4,f0*f2*f3^3,3.0389357090793446e-06
e5,45,34,f1*f2^4,f0*f3^4,7.970692590924256e-07
e5,45,35,f1*f2^4,f1^5,8.288992184017311e-07
e5,45,36,f1*f2^4,f1^4*f2,1.7021440586046025e-06
e5,45,37,f1*f2^4,f1^4*f3,-2.5477652011303663e-06
e5,45,38,f1*f2^4,f1^3*f2^2,1.3496604246908257e-06
e5,45,39,f1*f2^4,f1^3*f2*f3,-1.1549022931588707e-06
e5,45,40,f1*f2^4,f1^3*f3^2,-3.7990714544522578e-06
e5,45,41,f1*f2^4,f1^2*f2^3,-7.674613745823109e-07
e5,45,42,f1*f2^4,f1^2*f2^2*f3,1.5188240000195925e-05
e5,45,43,f1*f2^4,f1^2*f2*f3^2,1.1772951225574383e-06
e5,45,44,f1*f2^4,f1^2*f3^3,1.5627652715450522e-06
e5,45,45,f1*f2^4,f1*f2^4,2.1930444678471703e-05
e5,46,0,f1*f2^3*f3,f0^5,-5.703214176995304e-07
e5,46,1,f1*f2^3*f3,f0^4*f1,-8.800698155142917e-07
e5,46,2,f1*f2^3*f3,f0^4*f2,-2.3436793187950159e-07
e5,46,3,f1*f2^3*f3,f0^4*f3,-4.5629646213726704e-06
e5,46,4,f1*f2^3*f3,f0^3*f1^2,2.1588106671508437e-06
e5,46,5,f1*f2^3*f3,f0^3*f1*f2,-1.3594778222874951e-06
e5,46,6,f1*f2^3*f3,f0^3*f1*f3,2.6598083923982295e-06
e5,46,7,f1*f2^3*f3,f0^3*f2^2,4.315734990184773e-06
e5,46,8,f1*f2^3*f3,f0^3*f2*f3,-2.51263824249638e-06
e5,46,9,f1*f2^3*f3,f0^3*f3^2,4.884777835341802e-06
e5,46,10,f1*f2^3*f3,f0^2*f1^3,-1.6497998674732385e-06
e5,46,11,f1*f2^3*f3,f0^2*f1^2*f2,-1.9812303262854884e-05
e5,46,12,f1*f2^3*f3,f0^2*f1^2*f3,-1.0110330006676226e-05
e5,46,13,f1*f2^3*f3,f0^2*f1*f2^2,-2.0089922991528436e-05
e5,46,14,f1*f2^3*f3,f0^2*f1*f2*f3,1.019402030663395e-05
e5,46,15,f1*f2^3*f3,f0^2*f1*f3^2,-9.270487822330844e-06
e5,46,16,f1*f2^3*f3,f0^2*f2^3,-4.4943069436366636e-05
e5,46,17,f1*f2^3*f3,f0^2*f2^2*f3,-5.3212054454687095e-05
e5,46,18,f1*f2^3*f3,f0^2*f2*f3^2,-1.4896123467679961e-05
e5,46,19,f1*f2^3*f3,f0^2*f3^3,-1.3135865959532131e-05
e5,46,20,f1*f2^3*f3,f0*f1^4,4.184067324920767e-07
e5,46,21,f1*f2^3*f3,f0*f1^3*f2,2.6467297713891176e-07
e5,46,22,f1*f2^3*f3,f0*f1^3*f3,1.8788965457773867e-06
e5,46,23,f1*f2^3*f3,f0*f1^2*f2^2,2.891590422929599e-06
e5,46,24,f1*f2^3*f3,f0*f1^2*f2*f3,1.2721221814569012e-06
e5,46,25,f1*f2^3*f3,f0*f1^2*f3^2,4.911164311751255e-06
e5,46,26,f1*f2^3*f3,f0*f1*f2^3,-7.976794656576738e-06
e5,46,27,f1*f2^3*f3,f0*f1*f2^2*f3,-6.2355927527731234e-06
e5,46,28,f1*f2^3*f3,f0*f1*f2*f3^2,1.0397392778368934e-06
e5,46,29,f1*f2^3*f3,f0*f1*f3^3,7.058039561185031e-06
e5,46,30,f1*f2^3*f3,f0*f2^4,3.379699860663528e-06
e5,46,31,f1*f2^3*f3,f0*f2^3*f3,-1.0303746009448831e-06
e5,46,32,f1*f2^3*f3,f0*f2^2*f3^2,-7.516946689080118e-06
e5,46,33,f1*f2^3*f3,f0*f2*f3^3,1.6041669189247e-06
e5,46,34,f1*f2^3*f3,f0*f3^4,-1.2850815522859661e-06
e5,46,35,f1*f2^3*f3,f1^5,-5.520919330548296e-07
e5,46,36,f1*f2^3*f3,f1^4*f2,3.7628463564628893e-06
e5,46,37,f1*f2^3*f3,f1^4*f3,1.3447042314423634e-06
e5,46,38,f1*f2^3*f3,f1^3*f2^2,-8.134552103448334e-06
e5,46,39,f1*f2^3*f3,f1^3*f2*f3,3.474064056286598e-05
e5,46,40,f1*f2^3*f3,f1^3*f3^2,-7.914642667097844e-06
e5,46,41,f1*f2^3*f3,f1^2*f2^3,-4.743266863991438e-05
e5,46,42,f1*f2^3*f3,f1^2*f2^2*f3,-1.7743592421611383e-05
e5,46,43,f1*f2^3*f3,f1^2*f2*f3^2,-2.2137832044977034e-05
e5,46,44,f1*f2^3*f3,f1^2*f3^3,-1.449304822577111e-05
e5,46,45,f1*f2^3*f3,f1*f2^4,-3.179594830252995e-06
e5,46,46,f1*f2^3*f3,f1*f2^3*f3,0.00011955343203381351
e5,47,0,f1*f2^2*f3^2,f0^5,-8.14477878204233e-07
e5,47,1,f1*f2^2*f3^2,f0^4*f1,4.676847594051759e-06
e5,47,2,f1*f2^2*f3^2,f0^4*f2,1.2039819382444922e-05
e5,47,3,f1*f2^2*f3^2,f0^4*f3,1.0060490121484205e-05
e5,47,4,f1*f2^2*f3^2,f0^3*f1^2,6.727392358621807e-07
e5,47,5,f1*f2^2*f3^2,f0^3*f1*f2,2.223719875286642e-06
e5,47,6,f1*f2^2*f3^2,f0^3*f1*f3,-1.1058817370110902e-06
e5,47,7,f1*f2^2*f3^2,f0^3*f2^2,-1.1646235720305717e-07
e5,47,8,f1*f2^2*f3^2,f0^3*f2*f3,4.461202019824401e-06
e5,47,9,f1*f2^2*f3^2,f0^3*f3^2,-1.271058315295759e-06
e5,47,10,f1*f2^2*f3^2,f0^2*f1^3,4.194184722099151e-06
e5,47,11,f1*f2^2*f3^2,f0^2*f1^2*f2,1.5829216526277502e-05
e5,47,12,f1*f2^2*f3^2,f0^2*f1^2*f3,1.0301026424704737e-05
e5,47,13,f1*f2^2*f3^2,f0^2*f1*f2^2,-2.7834792716628146e-07
e5,47,14,f1*f2^2*f3^2,f0^2*f1*f2*f3,-1.299317139038093e-05
e5,47,15,f1*f2^2*f3^2,f0^2*f1*f3^2,-4.907158493627883e-07
e5,47,16,f1*f2^2*f3^2,f0^2*f2^3,-5.691046362525884e-08
e5,47,17,f1*f2^2*f3^2,f0^2*f2^2*f3,-4.4895474252505536e-05
e5,47,18,f1*f2^2*f3^2,f0^2*f2*f3^2,-4.783690712733973e-05
e5,47,19,f1*f2^2*f3^2,f0^2*f3^3,1.4293321369287332e-06
e5,47,20,f1*f2^2*f3^2,f0*f1^4,7.919225678679969e-07
e5,47,21,f1*f2^2*f3^2,f0*f1^3*f2,8.070594483430365e-06
e5,47,22,f1*f2^2*f3^2,f0*f1^3*f3,1.7504967306007209e-06
e5,47,23,f1*f2^2*f3^2,f0*f1^2*f2^2,5.887867532660325e-06
e5,47,24,f1*f2^2*f3^2,f0*f1^2*f2*f3,6.010748876003139e-06
e5,47,25,f1*f2^2*f3^2,f0*f1^2*f3^2,-9.706542919365995e-07
e5,47,26,f1*f2^2*f3^2,f0*f1*f2^3,5.430069986160112e-06
e5,47,27,f1*f2^2*f3^2,f0*f1*f2^2*f3,-1.2742219328337045e-05
e5,47,28,f1*f2^2*f3^2,f0*f1*f2*f3^2,2.5679856295877393e-06
e5,47,29,f1*f2^2*f3^2,f0*f1*f3^3,-5.003301220060027e-08
e5,47,30,f1*f2^2*f3^2,f0*f2^4,9.718944538442107e-07
e5,47,31,f1*f2^2*f3^2,f0*f2^3*f3,4.999784686640796e-06
e5,47,32,f1*f2^2*f3^2,f0*f2^2*f3^2,-7.056893840694515e-06
e5,47,33,f1*f2^2*f3^2,f0*f2*f3^3,-1.0760948187052476e-05
e5,47,34,f1*f2^2*f3^2,f0*f3^4,1.4118284134396654e-06
e5,47,35,f1*f2^2*f3^2,f1^5,-7.351058532456854e-07
e5,47,36,f1*f2^2*f3^2,f1^4*f2,8.489772512212451e-06
e5,47,37,f1*f2^2*f3^2,f1^4*f3,-1.7328172164914842e-06
e5,47,38,f1*f2^2*f3^2,f1^3*f2^2,1.4996906676625509e-05
e5,47,39,f1*f2^2*f3^2,f1^3*f2*f3,-1.4067657290490052e-05
e5,47,40,f1*f2^2*f3^2,f1^3*f3^2,1.2421316371279453e-05
e5,47,41,f1*f2^2*f3^2,f1^2*f2^3,-1.6125096977267338e-05
e5,47,42,f1*f2^2*f3^2,f1^2*f2^2*f3,-2.6525899830660295e-05
e5,47,43,f1*f2^2*f3^2,f1^2*f2*f3^2,-2.119651882675987e-05
e5,47,44,f1*f2^2*f3^2,f1^2*f3^3,-9.397373788356887e-06
e5,47,45,f1*f2^2*f3^2,f1*f2^4,-3.3146838058633072e-06
e5,47,46,f1*f2^2*f3^2,f1*f2^3*f3,-1.2893384253236241e-05
e5,47,47,f1*f2^2*f3^2,f1*f2^2*f3^2,0.00011099782102019178
e5,48,0,f1*f2*f3^3,f0^5,1.3599956766991803e-06
e5,48,1,f1*f2*f3^3,f0^4*f1,-9.051164137816951e-07
e5,48,2,f1*f2*f3^3,f0^4*f2,-8.705361661562869e-06
e5,48,3,f1*f2*f3^3,f0^4*f3,-3.1619243159586346e-06
e5,48,4,f1*f2*f3^3,f0^3*f1^2,3.139308198366677e-06
e5,48,5,f1*f2*f3^3,f0^3*f1*f2,4.541592466405915e-06
e5,48,6,f1*f2*f3^3,f0^3*f1*f3,-4.592028430695079e-07
e5,48,7,f1*f2*f3^3,f0^3*f2^2,5.548116334554557e-06
e5,48,8,f1*f2*f3^3,f0^3*f2*f3,2.693926855722442e-06
e5,48,9,f1*f2*f3^3,f0^3*f3^2,4.313474812728364e-06
e5,48,10,f1*f2*f3^3,f0^2*f1^3,-4.75056023177761e-06
e5,48,11,f1*f2*f3^3,f0^2*f1^2*f2,-1.9498837599973066e-05
e5,48,12,f1*f2*f3^3,f0^2*f1^2*f3,-1.5553142094968304e-05
e5,48,13,f1*f2*f3^3,f0^2*f1*f2^2,-4.351898435548639e-06
e5,48,14,f1*f2*f3^3,f0^2*f1*f2*f3,2.495241969496397e-06
e5,48,15,f1*f2*f3^3,f0^2*f1*f3^2,-2.9623013302786015e-05
e5,48,16,f1*f2*f3^3,f0^2*f2^3,-7.956410770632867e-06
e5,48,17,f1*f2*f3^3,f0^2*f2^2*f3,-7.748753074968614e-06
e5,48,18,f1*f2*f3^3,f0^2*f2*f3^2,-3.704425901931527e-05
e5,48,19,f1*f2*f3^3,f0^2*f3^3,-3.8062066308563345e-05
e5,48,20,f1*f2*f3^3,f0*f1^4,-6.370096365470977e-07
e5,48,21,f1*f2*f3^3,f0*f1^3*f2,2.153142166637037e-06
e5,48,22,f1*f2*f3^3,f0*f1^3*f3,-2.232046808646749e-06
e5,48,23,f1*f2*f3^3,f0*f1^2*f2^2,8.193198813754035e-06
e5,48,24,f1*f2*f3^3,f0*f1^2*f2*f3,-1.7425717218782479e-06
e5,48,25,f1*f2*f3^3,f0*f1^2*f3^2,7.518440731035902e-06
e5,48,26,f1*f2*f3^3,f0*f1*f2^3,3.1960168389438605e-06
e5,48,27,f1*f2*f3^3,f0*f1*f2^2*f3,3.5576433717841e-06
e5,48,28,f1*f2*f3^3,f0*f1*f2*f3^2,-1.4275577960391866e-05
e5,48,29,f1*f2*f3^3,f0*f1*f3^3,9.364738824686134e-06
e5,48,30,f1*f2*f3^3,f0*f2^4,4.3639594443784554e-07
e5,48,31,f1*f2*f3^3,f0*f2^3*f3,-4.832645478156988e-07
e5,48,32,f1*f2*f3^3,f0*f2^2*f3^2,6.035661695311874e-06
e5,48,33,f1*f2*f3^3,f0*f2*f3^3,-3.6177861512389876e-06
e5,48,34,f1*f2*f3^3,f0*f3^4,-3.919810865936435e-06
e5,48,35,f1*f2*f3^3,f1^5,-1.0237241930332789e-06
e5,48,36,f1*f2*f3^3,f1^4*f2,-8.724598599311003e-06
e5,48,37,f1*f2*f3^3,f1^4*f3,5.893593761365808e-06
e5,48,38,f1*f2*f3^3,f1^3*f2^2,-1.3683789797090364e-05
e5,48,39,f1*f2*f3^3,f1^3*f2*f3,3.476566561875668e-05
e5,48,40,f1*f2*f3^3,f1^3*f3^2,5.569736072975309e-07
e5,48,41,f1*f2*f3^3,f1^2*f2^3,-1.1527081883751524e-05
e5,48,42,f1*f2*f3^3,f1^2*f2^2*f3,-2.3947192270448277e-05
e5,48,43,f1*f2*f3^3,f1^2*f2*f3^2,-5.3668680946505e-06
e5,48,44,f1*f2*f3^3,f1^2*f3^3,-2.8894262685598064e-05
e5,48,45,f1*f2*f3^3,f1*f2^4,-2.878638033001769e-06
e5,48,46,f1*f2*f3^3,f1*f2^3*f3,2.5382139645237792e-05
e5,48,47,f1*f2*f3^3,f1*f2^2*f3^2,-2.091447018985967e-05
e5,48,48,f1*f2*f3^3,f1*f2*f3^3,9.83475593084201e-05
e5,49,0,f1*f3^4,f0^5,-4.5077624554345883e-07
e5,49,1,f1*f3^4,f0^4*f1,-1.4056835278629682e-07
e5,49,2,f1*f3^4,f0^4*f2,3.41980781010726e-07
e5,49,3,f1*f3^4,f0^4*f3,8.521504720715945e-07
e5,49,4,f1*f3^4,f0^3*f1^2,-3.721093999008866e-07
e5,49,5,f1*f3^4,f0^3*f1*f2,4.993789877065209e-07
e5,49,6,f1*f3^4,f0^3*f1*f3,1.9870149581770066e-06
e5,49,7,f1*f3^4,f0^3*f2^2,-1.5992292785719768e-06
e5,49,8,f1*f3^4,f0^3*f2*f3,1.7844382759256355e-06
e5,49,9,f1*f3^4,f0^3*f3^2,6.852726749288299e-07
e5,49,10,f1*f3^4,f0^2*f1^3,-9.975745887978596e-07
e5,49,11,f1*f3^4,f0^2*f1^2*f2,-2.7816523678840184e-07
e5,49,12,f1*f3^4,f0^2*f1^2*f3,-1.0268641457608966e-06
e5,49,13,f1*f3^4,f0^2*f1*f2^2,1.0406625476747294e-07
e5,49,14,f1*f3^4,f0^2*f1*f2*f3,5.612836570129878e-07
e5,49,15,f1*f3^4,f0^2*f1*f3^2,9.261140490325672e-06
e5,49,16,f1*f3^4,f0^2*f2^3,7.2628495552349505e-06
e5,49,17,f1*f3^4,f0^2*f2^2*f3,1.125830057252389e-05
e5,49,18,f1*f3^4,f0^2*f2*f3^2,1.26397095581806e-05
e5,49,19,f1*f3^4,f0^2*f3^3,1.0033271654419978e-05
e5,49,20,f1*f3^4,f0*f1^4,3.5923101450917077e-07
e5,49,21,f1*f3^4,f0*f1^3*f2,1.9797113259347297e-07
e5,49,22,f1*f3^4,f0*f1^3*f3,1.340367833820099e-06
e5,49,23,f1*f3^4,f0*f1^2*f2^2,2.3662000792446934e-07
e5,49,24,f1*f3^4,f0*f1^2*f2*f3,-1.4048829421565012e-06
e5,49,25,f1*f3^4,f0*f1^2*f3^2,-1.2114671895034188e-06
e5,49,26,f1*f3^4,f0*f1*f2^3,1.319920721692458e-07
e5,49,27,f1*f3^4,f0*f1*f2^2*f3,-2.2539121045071202e-08
e5,49,28,f1*f3^4,f0*f1*f2*f3^2,6.09324245876903e-07
e5,49,29,f1*f3^4,f0*f1*f3^3,-2.2254971702093326e-06
e5,49,30,f1*f3^4,f0*f2^4,1.5220757320843815e-07
e5,49,31,f1*f3^4,f0*f2^3*f3,9.553935427211082e-07
e5,49,32,f1*f3^4,f0*f2^2*f3^2,1.7783974431364468e-06
e5,49,33,f1*f3^4,f0*f2*f3^3,3.878380588856759e-06
e5,49,34,f1*f3^4,f0*f3^4,1.401613371700204e-06
e5,49,35,f1*f3^4,f1^5,2.524904837942734e-07
e5,49,36,f1*f3^4,f1^4*f2,-2.3264558400838978e-06
e5,49,37,f1*f3^4,f1^4*f3,-4.299263399748263e-08
e5,49,38,f1*f3^4,f1^3*f2^2,-2.859905150800462e-06
e5,49,39,f1*f3^4,f1^3*f2*f3,-8.062057793395778e-06
e5,49,40,f1*f3^4,f1^3*f3^2,-1.430170513158769e-06
e5,49,41,f1*f3^4,f1^2*f2^3,6.666907420052346e-06
e5,49,42,f1*f3^4,f1^2*f2^2*f3,1.0513060269998215e-05
e5,49,43,f1*f3^4,f1^2*f2*f3^2,5.6401430840641285e-06
e5,49,44,f1*f3^4,f1^2*f3^3,1.2059578097174275e-05
e5,49,45,f1*f3^4,f1*f2^4,2.3660576883006064e-06
e5,49,46,f1*f3^4,f1*f2^3*f3,-9.155371791872479e-06
e5,49,47,f1*f3^4,f1*f2^2*f3^2,-7.2785044387220465e-06
e5,49,48,f1*f3^4,f1*f2*f3^3,-1.4787984113961659e-05
e5,49,49,f1*f3^4,f1*f3^4,2.185215263145262e-05
e5,50,0,f2^5,f0^5,3.989144898448885e-13
e5,50,1,f2^5,f0^4*f1,-2.784845944342365e-12
e5,50,2,f2^5,f0^4*f2,-2.940210163480972e-12
e5,50,3,f2^5,f0^4*f3,-5.505170075344199e-12
e5,50,4,f2^5,f0^3*f1^2,2.730737375836629e-12
e5,50,5,f2^5,f0^3*f1*f2,7.766637182989995e-13
e5,50,6,f2^5,f0^3*f1*f3,-1.6362916869083805e-12
e5,50,7,f2^5,f0^3*f2^2,5.921835315866396e-12
e5,50,8,f2^5,f0^3*f2*f3,-2.5224506870598054e-13
e5,50,9,f2^5,f0^3*f3^2,1.3554581632012061e-12
e5,50,10,f2^5,f0^2*f1^3,-2.7459677655071547e-12
e5,50,11,f2^5,f0^2*f1^2*f2,-3.092588337491185e-11
e5,50,12,f2^5,f0^2*f1^2*f3,-1.6722122572407887e-11
e5,50,13,f2^5,f0^2*f1*f2^2,-2.807240574606325e-11
e5,50,14,f2^5,f0^2*f1*f2*f3,-4.0978937643900166e-12
e5,50,15,f2^5,f0^2*f1*f3^2,-1.5609697836017236e-11
e5,50,16,f2^5,f0^2*f2^3,-3.2519785505813455e-11
e5,50,17,f2^5,f0^2*f2^2*f3,-6.112154109145517e-11
e5,50,18,f2^5,f0^2*f2*f3^2,-3.924562481835294e-11
e5,50,19,f2^5,f0^2*f3^3,-1.9089546960344172e-11
e5,50,20,f2^5,f0*f1^4,-2.1760121336517003e-14
e5,50,21,f2^5,f0*f1^3*f2,-6.684800121524333e-13
e5,50,22,f2^5,f0*f1^3*f3,5.768980093381281e-13
e5,50,23,f2^5,f0*f1^2*f2^2,-1.203471243882318e-12
e5,50,24,f2^5,f0*f1^2*f2*f3,-1.7695384539501369e-12
e5,50,25,f2^5,f0*f1^2*f3^2,1.9062672143391772e-12
e5,50,26,f2^5,f0*f1*f2^3,-5.556129780047425e-12
e5,50,27,f2^5,f0*f1*f2^2*f3,-1.0164338915826357e-11
e5,50,28,f2^5,f0*f1*f2*f3^2,-5.6933584050589164e-12
e5,50,29,f2^5,f0*f1*f3^3,3.977003558306493e-12
e5,50,30,f2^5,f0*f2^4,3.4549113495268675e-16
e5,50,31,f2^5,f0*f2^3*f3,-2.6355435504353518e-12
e5,50,32,f2^5,f0*f2^2*f3^2,-1.1053769444699515e-11
e5,50,33,f2^5,f0*f2*f3^3,-2.359061113895402e-12
e5,50,34,f2^5,f0*f3^4,-1.7583932517400005e-12
e5,50,35,f2^5,f1^5,-3.378270919026714e-13
e5,50,36,f2^5,f1^4*f2,1.2653448731830563e-12
e5,50,37,f2^5,f1^4*f3,1.6622192443172342e-12
e5,50,38,f2^5,f1^3*f2^2,-1.3075375266008952e-11
e5,50,39,f2^5,f1^3*f2*f3,4.0061325589687964e-11
e5,50,40,f2^5,f1^3*f3^2,-7.294377357275726e-12
e5,50,41,f2^5,f1^2*f2^3,-4.8428652588809667e-11
e5,50,42,f2^5,f1^2*f2^2*f3,-1.0216357694370856e-11
e5,50,43,f2^5,f1^2*f2*f3^2,-2.4344154189297605e-11
e5,50,44,f2^5,f1^2*f3^3,-2.0417825643689858e-11
e5,50,45,f2^5,f1*f2^4,3.416317832575941e-20
e5,50,46,f2^5,f1*f2^3*f3,6.961351909190062e-11
e5,50,47,f2^5,f1*f2^2*f3^2,1.2852897374057309e-11
e5,50,48,f2^5,f1*f2*f3^3,3.5225322387361784e-11
e5,50,49,f2^5,f1*f3^4,-1.291586913509695e-11
e5,50,50,f2^5,f2^5,-9.759378179040791e-17
e5,51,0,f2^4*f3,f0^5,1.299888300638123e-07
e5,51,1,f2^4*f3,f0^4*f1,1.747375800128729e-06
e5,51,2,f2^4*f3,f0^4*f2,3.947324010625754e-06
e5,51,3,f2^4*f3,f0^4*f3,2.1129673271142847e-06
e5,51,4,f2^4*f3,f0^3*f1^2,-4.1938510982886435e-07
e5,51,5,f2^4*f3,f0^3*f1*f2,-1.1857119130972526e-06
e5,51,6,f2^4*f3,f0^3*f1*f3,-2.4940999449765037e-07
e5,51,7,f2^4*f3,f0^3*f2^2,-5.8507686323803e-08
e5,51,8,f2^4*f3,f0^3*f2*f3,1.6550705080281353e-06
e5,51,9,f2^4*f3,f0^3*f3^2,3.8813832938826466e-07
e5,51,10,f2^4*f3,f0^2*f1^3,2.3844079287502593e-07
e5,51,11,f2^4*f3,f0^2*f1^2*f2,4.955118583313869e-06
e5,51,12,f2^4*f3,f0^2*f1^2*f3,2.0564173865967797e-06
e5,51,13,f2^4*f3,f0^2*f1*f2^2,-1.9730032920476093e-06
e5,51,14,f2^4*f3,f0^2*f1*f2*f3,-1.908806299165858e-06
e5,51,15,f2^4*f3,f0^2*f1*f3^2,-1.3030434682804757e-06
e5,51,16,f2^4*f3,f0^2*f2^3,5.226824407792808e-06
e5,51,17,f2^4*f3,f0^2*f2^2*f3,6.210333394850015e-07
e5,51,18,f2^4*f3,f0^2*f2*f3^2,-8.530785692163556e-06
e5,51,19,f2^4*f3,f0^2*f3^3,-3.861586987241882e-06
e5,51,20,f2^4*f3,f0*f1^4,2.2819357795565125e-07
e5,51,21,f2^4*f3,f0*f1^3*f2,3.00191422095781e-06
e5,51,22,f2^4*f3,f0*f1^3*f3,-1.0102400088613871e-06
e5,51,23,f2^4*f3,f0*f1^2*f2^2,1.774246635666152e-06
e5,51,24,f2^4*f3,f0*f1^2*f2*f3,1.0938538625569959e-06
e5,51,25,f2^4*f3,f0*f1^2*f3^2,1.6286370326156731e-06
e5,51,26,f2^4*f3,f0*f1*f2^3,2.2064452439084526e-06
e5,51,27,f2^4*f3,f0*f1*f2^2*f3,-8.974715697034023e-07
e5,51,28,f2^4*f3,f0*f1*f2*f3^2,6.455823663042984e-09
e5,51,29,f2^4*f3,f0*f1*f3^3,-2.1011760176311582e-07
e5,51,30,f2^4*f3,f0*f2^4,-2.0683127038127413e-07
e5,51,31,f2^4*f3,f0*f2^3*f3,4.9449945827108336e-06
e5,51,32,f2^4*f3,f0*f2^2*f3^2,5.559247461152209e-07
e5,51,33,f2^4*f3,f0*f2*f3^3,-5.680314028821699e-07
e5,51,34,f2^4*f3,f0*f3^4,-1.5437928566940377e-06
e5,51,35,f2^4*f3,f1^5,2.253902224935925e-07
e5,51,36,f2^4*f3,f1^4*f2,-1.307309628302605e-06
e5,51,37,f2^4*f3,f1^4*f3,6.47331175993938e-07
e5,51,38,f2^4*f3,f1^3*f2^2,-2.2923771086729857e-06
e5,51,39,f2^4*f3,f1^3*f2*f3,-2.6373545300221215e-06
e5,51,40,f2^4*f3,f1^3*f3^2,1.538241107434784e-06
e5,51,41,f2^4*f3,f1^2*f2^3,-8.457832273985122e-07
e5,51,42,f2^4*f3,f1^2*f2^2*f3,-5.5070818444961936e-06
e5,51,43,f2^4*f3,f1^2*f2*f3^2,5.669976959835272e-07
e5,51,44,f2^4*f3,f1^2*f3^3,-1.0076933827877654e-06
e5,51,45,f2^4*f3,f1*f2^4,-7.469169113364288e-06
e5,51,46,f2^4*f3,f1*f2^3*f3,-4.9335788366497534e-06
e5,51,47,f2^4*f3,f1*f2^2*f3^2,6.084471171368024e-06
e5,51,48,f2^4*f3,f1*f2*f3^3,7.758591670048297e-07
e5,51,49,f2^4*f3,f1*f3^4,-2.645477594269051e-06
e5,51,50,f2^4*f3,f2^5,5.872927824766747e-17
e5,51,51,f2^4*f3,f2^4*f3,1.2944783059671662e-05
e5,52,0,f2^3*f3^2,f0^5,5.162536984631581e-07
e5,52,1,f2^3*f3^2,f0^4*f1,-3.083201795984689e-06
e5,52,2,f2^3*f3^2,f0^4*f2,-7.236221297868145e-06
e5,52,3,f2^3*f3^2,f0^4*f3,-4.148682207114446e-06
e5,52,4,f2^3*f3^2,f0^3*f1^2,-1.451491233033368e-07
e5,52,5,f2^3*f3^2,f0^3*f1*f2,2.2807411126568214e-07
e5,52,6,f2^3*f3^2,f0^3*f1*f3,1.4117350405598947e-06
e5,52,7,f2^3*f3^2,f0^3*f2^2,3.210446995977894e-07
e5,52,8,f2^3*f3^2,f0^3*f2*f3,-2.366546371703647e-06
e5,52,9,f2^3*f3^2,f0^3*f3^2,-1.0155982982454067e-06
e5,52,10,f2^3*f3^2,f0^2*f1^3,1.6759691011106937e-07
e5,52,11,f2^3*f3^2,f0^2*f1^2*f2,8.872470764230847e-06
e5,52,12,f2^3*f3^2,f0^2*f1^2*f3,9.92798048684183e-07
e5,52,13,f2^3*f3^2,f0^2*f1*f2^2,1.5150087290385116e-05
e5,52,14,f2^3*f3^2,f0^2*f1*f2*f3,7.899029036574433e-06
e5,52,15,f2^3*f3^2,f0^2*f1*f3^2,3.8010446381644427e-07
e5,52,16,f2^3*f3^2,f0^2*f2^3,5.647206930068603e-06
e5,52,17,f2^3*f3^2,f0^2*f2^2*f3,2.8899084958604607e-05
e5,52,18,f2^3*f3^2,f0^2*f2*f3^2,1.418216106023632e-05
e5,52,19,f2^3*f3^2,f0^2*f3^3,6.123146034980143e-06
e5,52,20,f2^3*f3^2,f0*f1^4,-1.1309996436290439e-06
e5,52,21,f2^3*f3^2,f0*f1^3*f2,-3.502857593862187e-06
e5,52,22,f2^3*f3^2,f0*f1^3*f3,-1.2712998558594236e-06
e5,52,23,f2^3*f3^2,f0*f1^2*f2^2,1.3106354296307995e-06
e5,52,24,f2^3*f3^2,f0*f1^2*f2*f3,-1.8217467456391775e-07
e5,52,25,f2^3*f3^2,f0*f1^2*f3^2,-3.1113897897915626e-06
e5,52,26,f2^3*f3^2,f0*f1*f2^3,3.898402144391539e-06
e5,52,27,f2^3*f3^2,f0*f1*f2^2*f3,7.4808929597539984e-06
e5,52,28,f2^3*f3^2,f0*f1*f2*f3^2,2.7360640303807477e-07
e5,52,29,f2^3*f3^2,f0*f1*f3^3,1.38407257981337e-06
e5,52,30,f2^3*f3^2,f0*f2^4,-3.7920593147976494e-07
e5,52,31,f2^3*f3^2,f0*f2^3*f3,-1.803909284887037e-06
e5,52,32,f2^3*f3^2,f0*f2^2*f3^2,1.1123148057002309e-05
e5,52,33,f2^3*f3^2,f0*f2*f3^3,-1.8408073782147308e-06
e5,52,34,f2^3*f3^2,f0*f3^4,1.905764432386576e-06
e5,52,35,f2^3*f3^2,f1^5,4.228780744276019e-07
e5,52,36,f2^3*f3^2,f1^4*f2,-5.0504274425062125e-06
e5,52,37,f2^3*f3^2,f1^4*f3,-8.973871593343703e-07
e5,52,38,f2^3*f3^2,f1^3*f2^2,5.413984903307304e-06
e5,52,39,f2^3*f3^2,f1^3*f2*f3,-8.523245202113042e-06
e5,52,40,f2^3*f3^2,f1^3*f3^2,5.883835607789995e-06
e5,52,41,f2^3*f3^2,f1^2*f2^3,1.603495748267216e-05
e5,52,42,f2^3*f3^2,f1^2*f2^2*f3,-6.551770208246807e-06
e5,52,43,f2^3*f3^2,f1^2*f2*f3^2,1.1231931176630926e-05
e5,52,44,f2^3*f3^2,f1^2*f3^3,4.9075665922131535e-06
e5,52,45,f2^3*f3^2,f1*f2^4,-2.080846537109195e-06
e5,52,46,f2^3*f3^2,f1*f2^3*f3,-3.2981550854751124e-05
e5,52,47,f2^3*f3^2,f1*f2^2*f3^2,-1.6777992301823896e-05
e5,52,48,f2^3*f3^2,f1*f2*f3^3,-7.0062336277687816e-06
e5,52,49,f2^3*f3^2,f1*f3^4,-1.514412502903298e-06
e5,52,50,f2^3*f3^2,f2^5,-2.7126799539766816e-11
e5,52,51,f2^3*f3^2,f2^4*f3,-4.06043671823394e-06
e5,52,52,f2^3*f3^2,f2^3*f3^2,4.255295321998239e-05
e5,53,0,f2^2*f3^3,f0^5,-3.2741260869505806e-07
e5,53,1,f2^2*f3^3,f0^4*f1,-3.3175671869776797e-06
e5,53,2,f2^2*f3^3,f0^4*f2,-1.7224514926807107e-06
e5,53,3,f2^2*f3^3,f0^4*f3,-5.384679935244868e-06
e5,53,4,f2^2*f3^3,f0^3*f1^2,-8.854024890892307e-07
e5,53,5,f2^2*f3^3,f0^3*f1*f2,-1.4424755320295525e-06
e5,53,6,f2^2*f3^3,f0^3*f1*f3,3.4573932911016577e-07
e5,53,7,f2^2*f3^3,f0^3*f2^2,1.4293154728367563e-06
e5,53,8,f2^2*f3^3,f0^3*f2*f3,5.426054619086216e-06
e5,53,9,f2^2*f3^3,f0^3*f3^2,2.4845822454943465e-07
e5,53,10,f2^2*f3^3,f0^2*f1^3,1.0663514825142897e-06
e5,53,11,f2^2*f3^3,f0^2*f1^2*f2,-1.674214259519222e-06
e5,53,12,f2^2*f3^3,f0^2*f1^2*f3,8.727061942337281e-06
e5,53,13,f2^2*f3^3,f0^2*f1*f2^2,-3.1235125749087955e-06
e5,53,14,f2^2*f3^3,f0^2*f1*f2*f3,8.05562748152872e-06
e5,53,15,f2^2*f3^3,f0^2*f1*f3^2,1.9184315092118593e-05
e5,53,16,f2^2*f3^3,f0^2*f2^3,6.3164434722696245e-06
e5,53,17,f2^2*f3^3,f0^2*f2^2*f3,3.956977504555979e-06
e5,53,18,f2^2*f3^3,f0^2*f2*f3^2,2.0298101468882255e-05
e5,53,19,f2^2*f3^3,f0^2*f3^3,6.985593061963858e-06
e5,53,20,f2^2*f3^3,f0*f1^4,3.3518249826772363e-07
e5,53,21,f2^2*f3^3,f0*f1^3*f2,1.0765824302199355e-06
e5,53,22,f2^2*f3^3,f0*f1^3*f3,1.8085481152667534e-06
e5,53,23,f2^2*f3^3,f0*f1^2*f2^2,-1.580449808086379e-06
e5,53,24,f2^2*f3^3,f0*f1^2*f2*f3,4.70889127335372e-06
e5,53,25,f2^2*f3^3,f0*f1^2*f3^2,2.8302393390891723e-06
e5,53,26,f2^2*f3^3,f0*f1*f2^3,-2.1746610932012977e-07
e5,53,27,f2^2*f3^3,f0*f1*f2^2*f3,-5.575688721508914e-08
e5,53,28,f2^2*f3^3,f0*f1*f2*f3^2,8.826426847159272e-06
e5,53,29,f2^2*f3^3,f0*f1*f3^3,-1.8242468229367272e-06
e5,53,30,f2^2*f3^3,f0*f2^4,3.981478434856681e-07
e5,53,31,f2^2*f3^3,f0*f2^3*f3,5.960540479998647e-06
e5,53,32,f2^2*f3^3,f0*f2^2*f3^2,2.3745715628742649e-07
e5,53,33,f2^2*f3^3,f0*f2*f3^3,1.4730811512500883e-05
e5,53,34,f2^2*f3^3,f0*f3^4,9.628103722785134e-07
e5,53,35,f2^2*f3^3,f1^5,5.52355329140691e-07
e5,53,36,f2^2*f3^3,f1^4*f2,1.0058139515292233e-06
e5,53,37,f2^2*f3^3,f1^4*f3,-1.000912166979893e-06
e5,53,38,f2^2*f3^3,f1^3*f2^2,5.158593640895747e-06
e5,53,39,f2^2*f3^3,f1^3*f2*f3,-1.5668278158897234e-06
e5,53,40,f2^2*f3^3,f1^3*f3^2,-4.842647628270116e-06
e5,53,41,f2^2*f3^3,f1^2*f2^3,-9.86661235482671e-07
e5,53,42,f2^2*f3^3,f1^2*f2^2*f3,1.3388068683657042e-05
e5,53,43,f2^2*f3^3,f1^2*f2*f3^2,-8.81553832480439e-06
e5,53,44,f2^2*f3^3,f1^2*f3^3,1.1079576126338778e-05
e5,53,45,f2^2*f3^3,f1*f2^4,-3.7919880280240804e-06
e5,53,46,f2^2*f3^3,f1*f2^3*f3,-2.923786186226409e-06
e5,53,47,f2^2*f3^3,f1*f2^2*f3^2,-1.5204099086370296e-05
e5,53,48,f2^2*f3^3,f1*f2*f3^3,-2.6465697310555487e-05
e5,53,49,f2^2*f3^3,f1*f3^4,4.480600837626554e-06
e5,53,50,f2^2*f3^3,f2^5,-8.619739200813138e-12
e5,53,51,f2^2*f3^3,f2^4*f3,1.3892602945560119e-06
e5,53,52,f2^2*f3^3,f2^3*f3^2,-1.3019250908911492e-05
e5,53,53,f2^2*f3^3,f2^2*f3^3,4.760800954576368e-05
e5,54,0,f2*f3^4,f0^5,-1.1140146836242008e-08
e5,54,1,f2*f3^4,f0^4*f1,4.7674492513911404e-07
e5,54,2,f2*f3^4,f0^4*f2,2.196606152406474e-06
e5,54,3,f2*f3^4,f0^4*f3,6.270885770707033e-06
e5,54,4,f2*f3^4,f0^3*f1^2,-5.675026031018181e-07
e5,54,5,f2*f3^4,f0^3*f1*f2,-5.081800361803916e-07
e5,54,6,f2*f3^4,f0^3*f1*f3,-1.2555503672705078e-06
e5,54,7,f2*f3^4,f0^3*f2^2,-3.436355681621967e-07
e5,54,8,f2*f3^4,f0^3*f2*f3,-2.130405575362935e-06
e5,54,9,f2*f3^4,f0^3*f3^2,1.9072684646299557e-06
e5,54,10,f2*f3^4,f0^2*f1^3,1.3302100224379191e-06
e5,54,11,f2*f3^4,f0^2*f1^2*f2,3.0428121229423826e-06
e5,54,12,f2*f3^4,f0^2*f1^2*f3,1.6189950753324798e-06
e5,54,13,f2*f3^4,f0^2*f1*f2^2,5.22456940656291e-07
e5,54,14,f2*f3^4,f0^2*f1*f2*f3,-5.389436830049998e-06
e5,54,15,f2*f3^4,f0^2*f1*f3^2,-8.376421447488904e-06
e5,54,16,f2*f3^4,f0^2*f2^3,-6.371952519290876e-06
e5,54,17,f2*f3^4,f0^2*f2^2*f3,-8.179039821177684e-06
e5,54,18,f2*f3^4,f0^2*f2*f3^2,-7.694225390692727e-06
e5,54,19,f2*f3^4,f0^2*f3^3,-4.208918323766451e-06
e5,54,20,f2*f3^4,f0*f1^4,5.724579723461146e-08
e5,54,21,f2*f3^4,f0*f1^3*f2,2.9582501762895166e-07
e5,54,22,f2*f3^4,f0*f1^3*f3,7.811619280063605e-08
e5,54,23,f2*f3^4,f0*f1^2*f2^2,-5.250538368238542e-09
e5,54,24,f2*f3^4,f0*f1^2*f2*f3,1.5125271761780845e-06
e5,54,25,f2*f3^4,f0*f1^2*f3^2,1.829130275559707e-06
e5,54,26,f2*f3^4,f0*f1*f2^3,1.692462090535898e-07
e5,54,27,f2*f3^4,f0*f1*f2^2*f3,6.63020666625145e-07
e5,54,28,f2*f3^4,f0*f1*f2*f3^2,-5.047688614386003e-07
e5,54,29,f2*f3^4,f0*f1*f3^3,4.811064313119338e-06
e5,54,30,f2*f3^4,f0*f2^4,1.0335662635815293e-06
e5,54,31,f2*f3^4,f0*f2^3*f3,-5.544769213105438e-08
e5,54,32,f2*f3^4,f0*f2^2*f3^2,7.712259899601747e-08
e5,54,33,f2*f3^4,f0*f2*f3^3,-3.3340203062569694e-06
e5,54,34,f2*f3^4,f0*f3^4,2.7116663179888905e-06
e5,54,35,f2*f3^4,f1^5,1.714613011096482e-07
e5,54,36,f2*f3^4,f1^4*f2,3.0841601367703357e-06
e5,54,37,f2*f3^4,f1^4*f3,-9.600313800760248e-07
e5,54,38,f2*f3^4,f1^3*f2^2,4.025808673949115e-07
e5,54,39,f2*f3^4,f1^3*f2*f3,-9.027184396241763e-08
e5,54,40,f2*f3^4,f1^3*f3^2,3.643127238619641e-07
e5,54,41,f2*f3^4,f1^2*f2^3,-3.5773962743921153e-06
e5,54,42,f2*f3^4,f1^2*f2^2*f3,-5.252375659024001e-06
e5,54,43,f2*f3^4,f1^2*f2*f3^2,-1.3279281286083679e-06
e5,54,44,f2*f3^4,f1^2*f3^3,-5.79138896651175e-06
e5,54,45,f2*f3^4,f1*f2^4,-6.391747241559466e-07
e5,54,46,f2*f3^4,f1*f2^3*f3,3.0803469031540668e-06
e5,54,47,f2*f3^4,f1*f2^2*f3^2,1.1058644215958068e-05
e5,54,48,f2*f3^4,f1*f2*f3^3,4.613791561647529e-06
e5,54,49,f2*f3^4,f1*f3^4,-8.684609720487688e-06
e5,54,50,f2*f3^4,f2^5,5.978641941204898e-12
e5,54,51,f2*f3^4,f2^4*f3,-2.41294866828896e-06
e5,54,52,f2*f3^4,f2^3*f3^2,1.8438799993447522e-06
e5,54,53,f2*f3^4,f2^2*f3^3,-1.3968655519328574e-05
e5,54,54,f2*f3^4,f2*f3^4,1.893236989796554e-05
e5,55,0,f3^5,f0^5,-2.743758686728769e-07
e5,55,1,f3^5,f0^4*f1,-1.8267904229462954e-07
e5,55,2,f3^5,f0^4*f2,-3.3595728818740827e-07
e5,55,3,f3^5,f0^4*f3,-8.547901321553029e-07
e5,55,4,f3^5,f0^3*f1^2,1.9052921843184095e-07
e5,55,5,f3^5,f0^3*f1*f2,3.81030817450387e-07
e5,55,6,f3^5,f0^3*f1*f3,4.793071522928824e-07
e5,55,7,f3^5,f0^3*f2^2,5.9152667117507375e-08
e5,55,8,f3^5,f0^3*f2*f3,5.989165221094651e-07
e5,55,9,f3^5,f0^3*f3^2,-4.879948209993537e-08
e5,55,10,f3^5,f0^2*f1^3,-6.021829598941633e-07
e5,55,11,f3^5,f0^2*f1^2*f2,-1.4509271476002036e-06
e5,55,12,f3^5,f0^2*f1^2*f3,-1.4116868695369544e-06
e5,55,13,f3^5,f0^2*f1*f2^2,-4.4977278615396945e-07
e5,55,14,f3^5,f0^2*f1*f2*f3,5.574902089066768e-07
e5,55,15,f3^5,f0^2*f1*f3^2,1.3237429449591404e-06
e5,55,16,f3^5,f0^2*f2^3,1.5416266270589032e-06
e5,55,17,f3^5,f0^2*f2^2*f3,1.997283664784542e-06
e5,55,18,f3^5,f0^2*f2*f3^2,3.7586743901146546e-07
e5,55,19,f3^5,f0^2*f3^3,8.77087991783342e-07
e5,55,20,f3^5,f0*f1^4,1.707819584510542e-07
e5,55,21,f3^5,f0*f1^3*f2,1.199257187811044e-07
e5,55,22,f3^5,f0*f1^3*f3,2.8026496090669153e-07
e5,55,23,f3^5,f0*f1^2*f2^2,6.960761570122804e-07
e5,55,24,f3^5,f0*f1^2*f2*f3,-5.12244089729021e-07
e5,55,25,f3^5,f0*f1^2*f3^2,-1.445815368935368e-07
e5,55,26,f3^5,f0*f1*f2^3,2.288018435735975e-07
e5,55,27,f3^5,f0*f1*f2^2*f3,-5.062475710750591e-08
e5,55,28,f3^5,f0*f1*f2*f3^2,-7.997187937514426e-07
e5,55,29,f3^5,f0*f1*f3^3,-2.7632781388454766e-07
e5,55,30,f3^5,f0*f2^4,4.285572357688486e-08
e5,55,31,f3^5,f0*f2^3*f3,3.6875601033065335e-07
e5,55,32,f3^5,f0*f2^2*f3^2,7.600141957333473e-07
e5,55,33,f3^5,f0*f2*f3^3,1.6880254271488413e-06
e5,55,34,f3^5,f0*f3^4,4.165548800200517e-07
e5,55,35,f3^5,f1^5,2.2837133968794354e-08
e5,55,36,f3^5,f1^4*f2,-1.141173237590222e-06
e5,55,37,f3^5,f1^4*f3,1.4088202337864573e-07
e5,55,38,f3^5,f1^3*f2^2,-1.0810148186185345e-06
e5,55,39,f3^5,f1^3*f2*f3,3.7836314411083164e-07
e5,55,40,f3^5,f1^3*f3^2,3.263435804811686e-07
e5,55,41,f3^5,f1^2*f2^3,6.866552256847138e-07
e5,55,42,f3^5,f1^2*f2^2*f3,1.2860070453362106e-06
e5,55,43,f3^5,f1^2*f2*f3^2,8.672636070984835e-07
e5,55,44,f3^5,f1^2*f3^3,2.0345198851136284e-07
e5,55,45,f3^5,f1*f2^4,5.06136762406797e-07
e5,55,46,f3^5,f1*f2^3*f3,-5.094499992358135e-07
e5,55,47,f3^5,f1*f2^2*f3^2,-2.268554712110772e-06
e5,55,48,f3^5,f1*f2*f3^3,1.5150711942777732e-06
e5,55,49,f3^5,f1*f3^4,4.800051907288265e-06
e5,55,50,f3^5,f2^5,-8.441480647732142e-13
e5,55,51,f3^5,f2^4*f3,-1.3382926734279467e-07
e5,55,52,f3^5,f2^3*f3^2,-1.0149640025317473e-06
e5,55,53,f3^5,f2^2*f3^3,7.758535190268595e-07
e5,55,54,f3^5,f2*f3^4,-3.990029129238083e-06
e5,55,55,f3^5,f3^5,1.7385568645690632e-06
