probe_id,time_index,time,initial_energy,current_energy,field_norm,velocity_norm,harmonic_field_norm,oscillatory_field_norm,initial_field_max_abs,initial_velocity_max_abs,wave_equation_max_abs,harmonic_linear_field_max_abs,harmonic_constant_velocity_max_abs,oscillatory_field_has_no_harmonic_part_max_abs,oscillatory_velocity_has_no_harmonic_part_max_abs,energy_conservation_max_abs,sector_reconstruction_max_abs,all_checks_pass
0,0,0.0,336.48633188716144,336.4863318871618,10.905268022683378,10.402326905606158,6.380780177242021,8.84367089936503,4.218847493575595e-15,3.774758283725532e-15,0.0,3.3306690738754696e-15,2.4424906541753444e-15,3.795574965437254e-15,2.831068712794149e-15,3.410605131648481e-13,2.7755575615628914e-15,True
0,1,0.25,336.48633188716144,336.48633188716167,9.733374027912392,19.60261274741957,6.354253286723378,7.3730614493170075,0.0,0.0,0.0,3.552713678800501e-15,7.882583474838611e-15,3.0808688933348094e-15,6.817463260588852e-15,2.2737367544323206e-13,2.7755575615628914e-15,True
0,2,0.5,336.48633188716144,336.48633188716155,8.8615290793115,22.61427972213069,6.694912019938905,5.805587883131292,0.0,0.0,0.0,3.83026943495679e-15,8.604228440844963e-15,2.8033131371785203e-15,8.826273045769994e-15,1.1368683772161603e-13,3.885780586188048e-15,True
0,3,0.75,336.48633188716144,336.48633188716144,9.868666552583417,17.074602788163837,7.351890371798764,6.583334070752544,0.0,0.0,0.0,5.329070518200751e-15,7.216449660063518e-15,2.7200464103316335e-15,7.0360384185619296e-15,0.0,4.85722573273506e-15,True
0,4,1.0,336.48633188716144,336.4863318871614,10.641183677602625,19.45824261145061,8.249961823215285,6.721080268525803,0.0,0.0,0.0,5.773159728050814e-15,1.1018963519404679e-14,3.2335245592207684e-15,8.0629947163402e-15,5.684341886080802e-14,7.438494264988549e-15,True
0,5,1.25,336.48633188716144,336.4863318871614,11.75607759792825,20.322584705022546,9.319687821564058,7.1658062628779655,0.0,0.0,0.0,7.327471962526033e-15,9.43689570931383e-15,4.4825254619240695e-15,9.325873406851315e-15,5.684341886080802e-14,9.325873406851315e-15,True
0,6,1.5,336.48633188716144,336.48633188716144,13.254978429238149,14.194457668814307,10.508778476095427,8.078367910656342,0.0,0.0,0.0,8.659739592076221e-15,8.493206138382448e-15,5.245803791353865e-15,6.744604874597826e-15,0.0,1.099120794378905e-14,True
0,7,1.75,336.48633188716144,336.48633188716144,13.75394709727186,19.295650669946422,11.781146038871645,7.097581191175763,0.0,0.0,0.0,9.43689570931383e-15,1.3100631690576847e-14,6.300515664747763e-15,1.1324274851176597e-14,0.0,1.1712852909795402e-14,True
0,8,2.0,336.48633188716144,336.48633188716144,14.538260150287712,22.97296121166703,13.112570757869449,6.278654021150609,0.0,0.0,0.0,1.1809997424450103e-14,1.3988810110276972e-14,9.034439862887211e-15,1.2712053631958042e-14,0.0,1.021405182655144e-14,True
0,9,2.25,336.48633188716144,336.48633188716144,16.441333544809687,15.73217030617991,14.48677861818777,7.775004437252887,0.0,0.0,0.0,1.3433698597964394e-14,8.215650382226158e-15,1.0498546476611637e-14,7.049916206369744e-15,0.0,1.0658141036401503e-14,True
0,10,2.5,336.48633188716144,336.48633188716167,17.737792468987326,16.218440925774132,15.892675374082518,7.877318777788203,0.0,0.0,0.0,1.3655743202889425e-14,8.271161533457416e-15,1.1338152638984411e-14,8.659739592076221e-15,2.2737367544323206e-13,1.1324274851176597e-14,True
0,11,2.75,336.48633188716144,336.4863318871616,18.587324968380848,21.81240902237296,17.322547137210886,6.7392885499361945,0.0,0.0,0.0,1.4210854715202004e-14,9.270362255620057e-15,1.1546319456101628e-14,9.159339953157541e-15,1.7053025658242404e-13,1.2434497875801753e-14,True
0,12,3.0,336.48633188716144,336.4863318871618,20.0322370196042,17.58936291846816,18.77091582894012,6.995944464648524,0.0,0.0,0.0,1.509903313490213e-14,9.159339953157541e-15,1.2656542480726785e-14,8.049116928532385e-15,3.410605131648481e-13,1.4377388168895777e-14,True
0,13,3.25,336.48633188716144,336.4863318871617,21.326108361374747,17.710127765634923,20.233809719248466,6.737643659792671,0.0,0.0,0.0,1.7319479184152442e-14,8.659739592076221e-15,1.3711254354120683e-14,7.528699885739343e-15,2.8421709430404007e-13,1.5654144647214707e-14,True
0,14,3.5,336.48633188716144,336.48633188716155,22.534527428981686,22.62945662196744,21.70829250341191,6.046070048704221,0.0,0.0,0.0,1.865174681370263e-14,1.04638520070921e-14,1.4155343563970746e-14,9.658940314238862e-15,1.1368683772161603e-13,1.84297022087776e-14,True
0,15,3.75,336.48633188716144,336.4863318871616,24.369083233480872,16.944268583343124,23.192153932611852,7.481725309469411,0.0,0.0,0.0,2.1316282072803006e-14,9.992007221626409e-15,1.6903145549918008e-14,8.409939411535561e-15,1.7053025658242404e-13,1.9317880628477724e-14,True
0,16,4.0,336.48633188716144,336.48633188716155,25.900965854219052,14.053179475658721,24.683702672321566,7.84696467214213,0.0,0.0,0.0,2.220446049250313e-14,1.1546319456101628e-14,1.790234627208065e-14,8.93729534823251e-15,1.1368683772161603e-13,2.0317081350640365e-14,True
0,17,4.25,336.48633188716144,336.4863318871613,26.891186267781396,22.44598909672312,26.181624933501034,6.136645234164319,0.0,0.0,0.0,2.2648549702353193e-14,1.482147737874584e-14,1.84297022087776e-14,1.176836406102666e-14,1.1368683772161603e-13,2.3092638912203256e-14,True
0,18,4.5,336.48633188716144,336.4863318871613,28.41635415617887,20.688551239957253,27.684886195590707,6.405955031576102,0.0,0.0,0.0,2.4202861936828413e-14,1.1934897514720433e-14,1.874889132835733e-14,9.2148511043888e-15,1.1368683772161603e-13,2.5979218776228663e-14,True
0,19,4.75,336.48633188716144,336.48633188716127,30.197127553777445,15.196501373560688,29.192661682834476,7.723665992951326,0.0,0.0,0.0,2.4868995751603507e-14,9.992007221626409e-15,1.9484414082171497e-14,8.021361352916756e-15,1.7053025658242404e-13,2.864375403532904e-14,True
0,20,5.0,336.48633188716144,336.4863318871613,31.611040156760122,19.90391099188634,30.70428637104912,7.5169580441098915,0.0,0.0,0.0,2.6645352591003757e-14,1.2656542480726785e-14,2.0511370379949767e-14,1.0880185641326534e-14,1.1368683772161603e-13,3.019806626980426e-14,True
0,21,5.25,336.48633188716144,336.48633188716116,33.10507272389886,18.78013527096129,32.21921848747562,7.607088806563352,0.0,0.0,0.0,2.708944180085382e-14,9.103828801926284e-15,2.2037927038809357e-14,7.549516567451064e-15,2.8421709430404007e-13,3.1252778143198157e-14,True
0,22,5.5,336.48633188716144,336.4863318871613,34.56157851770124,15.277416029316985,33.7370124832257,7.50444523878359,0.0,0.0,0.0,2.9753977059954195e-14,7.549516567451064e-15,2.2343238370581275e-14,6.661338147750939e-15,1.1368683772161603e-13,3.2862601528904634e-14,True
0,23,5.75,336.48633188716144,336.48633188716144,35.736662059969305,22.17802828744452,35.257298756488694,5.8336866203242295,0.0,0.0,0.0,3.1530333899354446e-14,9.270362255620057e-15,2.1885271372923398e-14,9.076073226310655e-15,0.0,3.3084646133829665e-14,True
0,24,6.0,336.48633188716144,336.48633188716167,37.30529054474241,21.744990391495225,36.779768254797496,6.23965942588522,0.0,0.0,0.0,3.3306690738754696e-14,8.770761894538737e-15,2.325917236589703e-14,8.43769498715119e-15,2.2737367544323206e-13,3.26405569239796e-14,True
0,25,6.25,336.48633188716144,336.48633188716184,39.15828524036461,13.352802069099603,38.30416065012072,8.134038348538802,0.0,0.0,0.0,3.419486915845482e-14,6.050715484207103e-15,2.3370194668359545e-14,5.564992910933597e-15,3.979039320256561e-13,3.2612801348363973e-14,True
0,26,6.5,336.48633188716144,336.486331887162,40.58168925337801,18.175489714260085,39.83025516244205,7.773305368534938,0.0,0.0,0.0,3.552713678800501e-14,9.325873406851315e-15,2.5202062658991053e-14,7.771561172376096e-15,5.684341886080801e-13,3.5083047578154947e-14,True
0,27,6.75,336.48633188716144,336.48633188716184,41.926943804514146,21.2897161450915,41.35786336915345,6.884457445966422,0.0,0.0,0.0,3.552713678800501e-14,1.176836406102666e-14,2.481348460037225e-14,9.880984919163893e-15,3.979039320256561e-13,3.452793606584237e-14,True
0,28,7.0,336.48633188716144,336.48633188716167,43.47280384153982,16.177800317420594,42.88682351934244,7.113722110525233,0.0,0.0,0.0,3.730349362740526e-14,1.0103029524088925e-14,2.5895952049381776e-14,7.896461262646426e-15,2.2737367544323206e-13,3.4583447217073626e-14,True
0,29,7.25,336.48633188716144,336.4863318871619,44.85239894645923,19.89360310780141,44.41699599993478,6.2344332215619795,0.0,0.0,0.0,3.730349362740526e-14,9.270362255620057e-15,2.6201263381153694e-14,8.493206138382448e-15,4.547473508864641e-13,3.47499806707674e-14,True
0,30,7.5,336.48633188716144,336.48633188716167,46.346378422855224,22.488542384564827,45.948259691728865,6.061701429132294,0.0,0.0,0.0,3.597122599785507e-14,9.43689570931383e-15,2.584044089815052e-14,9.270362255620057e-15,2.2737367544323206e-13,3.674838211509268e-14,True
0,31,7.75,336.48633188716144,336.4863318871613,48.12741396800625,14.640955519476663,47.48050901896722,7.864428685391956,0.0,0.0,0.0,3.730349362740526e-14,5.88418203051333e-15,2.7554347692415604e-14,4.669875597329565e-15,1.1368683772161603e-13,3.7664316110408436e-14,True
0,32,8.0,336.48633188716144,336.4863318871615,49.623933104058764,16.17456665955956,49.01365154386315,7.7586531726106935,0.0,0.0,0.0,3.863576125695545e-14,6.994405055138486e-15,2.7755575615628914e-14,5.773159728050814e-15,5.684341886080802e-14,3.9190872769268026e-14,True
0,33,8.25,336.48633188716144,336.48633188716127,50.94164773627467,22.531569029037495,50.54760599264406,6.323843965430681,0.0,0.0,0.0,3.863576125695545e-14,9.769962616701378e-15,2.980948821118545e-14,9.159339953157541e-15,1.7053025658242404e-13,3.852473895449293e-14,True
0,34,8.5,336.48633188716144,336.48633188716116,52.53113949907913,18.206801226968384,52.082300625771786,6.852341103480149,0.0,0.0,0.0,3.9968028886505635e-14,7.105427357601002e-15,2.736699755701011e-14,6.411537967210279e-15,2.8421709430404007e-13,4.107825191113079e-14,True
0,35,8.75,336.48633188716144,336.48633188716144,54.09679168455266,17.10744662316843,53.61767188455958,7.183880026948972,0.0,0.0,0.0,4.085620730620576e-14,7.271960811294775e-15,2.8782531913407183e-14,6.022959908591474e-15,0.0,4.1522341120980855e-14,True
0,36,9.0,336.48633188716144,336.4863318871614,55.57247592312158,21.853826800965678,55.15366326118918,6.809809769536746,0.0,0.0,0.0,4.085620730620576e-14,9.547918011776346e-15,2.9032332093947844e-14,9.242606680004428e-15,5.684341886080802e-14,4.446443213623752e-14,True
0,37,9.25,336.48633188716144,336.4863318871619,57.23534298072966,17.201838070282555,56.690224350397,7.880542444744223,0.0,0.0,0.0,4.3520742565306136e-14,8.43769498715119e-15,2.983724378680108e-14,8.215650382226158e-15,4.547473508864641e-13,4.529709940470639e-14,True
0,38,9.5,336.48633188716144,336.4863318871616,58.789335051151824,15.12695669785905,58.22731004974711,8.109641183628767,0.0,0.0,0.0,4.0745185003743245e-14,1.021405182655144e-14,3.03368441478824e-14,8.493206138382448e-15,1.7053025658242404e-13,4.796163466380676e-14,True
0,39,9.75,336.48633188716144,336.4863318871619,60.14725315506354,21.84508897868327,59.764879882099244,6.7713510304480815,0.0,0.0,0.0,4.3520742565306136e-14,1.4876988529977098e-14,3.1710745140856034e-14,1.3489209749195652e-14,4.547473508864641e-13,4.96269692007445e-14,True
0,40,10.0,336.48633188716144,336.4863318871618,61.68443043947671,18.99370200373887,61.3028974190899,6.850089537165317,0.0,0.0,0.0,4.707345624410664e-14,1.1213252548714081e-14,3.4583447217073626e-14,9.492406860545088e-15,3.410605131648481e-13,5.079270337660091e-14,True
0,41,10.25,336.48633188716144,336.48633188716144,63.23109139031386,15.49991351725335,62.84132978852775,7.009863680537408,0.0,0.0,0.0,4.929390229335695e-14,8.659739592076221e-15,3.583244811977693e-14,7.216449660063518e-15,0.0,5.206945985491984e-14,True
0,42,10.5,336.48633188716144,336.48633188716167,64.63101699379936,22.375128856231157,64.3801472518267,5.689024299991429,0.0,0.0,0.0,4.8405723873656825e-14,1.176836406102666e-14,3.6665115388245795e-14,9.769962616701378e-15,2.2737367544323206e-13,5.162537064506978e-14,True
0,43,10.75,336.48633188716144,336.48633188716184,66.24676630866178,20.56353392210477,65.91932284015522,6.578519791703693,0.0,0.0,0.0,5.3290705182007514e-14,1.3156142841808105e-14,3.645694857112858e-14,1.099120794378905e-14,3.979039320256561e-13,5.5594417958104714e-14,True
0,44,11.0,336.48633188716144,336.4863318871611,67.95194821594495,13.34151694179942,67.45883204002028,8.171489835935619,0.0,0.0,0.0,5.3290705182007514e-14,1.2656542480726785e-14,4.061334601956901e-14,1.0894063429134349e-14,3.410605131648481e-13,5.395683899678261e-14,True
0,45,11.25,336.48633188716144,336.48633188716167,69.41156917227039,19.37453883388024,68.99865252064032,7.559886592589578,0.0,0.0,0.0,5.950795411990839e-14,1.0158540675320182e-14,4.4027281820291364e-14,8.604228440844963e-15,2.2737367544323206e-13,5.784261958297066e-14,True
0,46,11.5,336.48633188716144,336.48633188716104,70.88141177823735,20.600230776866564,70.53876389678088,6.961129476618721,0.0,0.0,0.0,6.217248937900877e-14,1.3100631690576847e-14,4.132805209167145e-14,1.086630785351872e-14,3.979039320256561e-13,5.88418203051333e-14,True
0,47,11.75,336.48633188716144,336.48633188716127,72.43218211121838,15.678839219704516,72.07914752179626,7.142653423192066,0.0,0.0,0.0,5.950795411990839e-14,9.880984919163893e-15,4.324318680914985e-14,9.769962616701378e-15,1.7053025658242404e-13,6.161737786669619e-14,True
0,48,12.0,336.48633188716144,336.4863318871611,73.86278878882385,20.966954850257,73.61978630649017,5.986537550966043,0.0,0.0,0.0,5.861977570020827e-14,1.2212453270876722e-14,4.390932062392494e-14,1.176836406102666e-14,3.410605131648481e-13,6.111777750561487e-14,True
1,0,0.0,505.58608902296044,505.58608902296066,12.972676410204183,11.348689559545797,6.963874156618846,10.94508062896954,3.816391647148976e-15,3.774758283725532e-15,0.0,2.6645352591003757e-15,3.1086244689504383e-15,5.023759186428833e-15,4.0245584642661925e-15,2.2737367544323206e-13,2.4424906541753444e-15,True
1,1,0.25,505.58608902296044,505.5860890229607,11.757617479989284,22.28077389607702,7.2311536043370275,9.271029411895595,0.0,0.0,0.0,3.497202527569243e-15,8.881784197001252e-15,3.941291737419306e-15,8.1601392309949e-15,2.8421709430404007e-13,2.609024107869118e-15,True
1,2,0.5,505.58608902296044,505.58608902296055,10.20099387238423,28.410227254494533,7.856789963900185,6.506237580013347,0.0,0.0,0.0,4.8433479449272454e-15,1.2823075934420558e-14,3.2751579226442118e-15,1.1879386363489175e-14,1.1368683772161603e-13,3.635980405647388e-15,True
1,3,0.75,505.58608902296044,505.5860890229605,11.448429669381202,23.16635468544715,8.764373424906237,7.365616088526821,0.0,0.0,0.0,7.271960811294775e-15,1.2434497875801753e-14,3.83026943495679e-15,1.1324274851176597e-14,5.684341886080802e-14,5.995204332975845e-15,True
1,4,1.0,505.58608902296044,505.58608902296066,13.110757364783776,21.849323290217633,9.876480214762566,8.622476282694878,0.0,0.0,0.0,8.631984016460592e-15,1.1088352458443751e-14,4.884981308350689e-15,1.0019762797242038e-14,2.2737367544323206e-13,7.549516567451064e-15,True
1,5,1.25,505.58608902296044,505.58608902296055,14.4408743708451,23.293478515434373,11.131981325937616,9.198795809969207,0.0,0.0,0.0,9.603429163007604e-15,1.0880185641326534e-14,4.829470157119431e-15,9.43689570931383e-15,1.1368683772161603e-13,8.881784197001252e-15,True
1,6,1.5,505.58608902296044,505.5860890229605,15.779434838285827,20.351917466483705,12.48770122786756,9.646133000286879,0.0,0.0,0.0,9.159339953157541e-15,7.993605777301127e-15,5.495603971894525e-15,7.327471962526033e-15,5.684341886080802e-14,9.325873406851315e-15,True
1,7,1.75,505.58608902296044,505.5860890229605,16.52129327573592,23.02326266420756,13.91437683042183,8.907482749009242,0.0,0.0,0.0,1.021405182655144e-14,1.2545520178264269e-14,6.772360450213455e-15,8.659739592076221e-15,5.684341886080802e-14,9.992007221626409e-15,True
1,8,2.0,505.58608902296044,505.58608902296055,17.408395663809866,25.332971711439725,15.392290606290814,8.132012633982178,0.0,0.0,0.0,1.2656542480726785e-14,1.1657341758564144e-14,5.88418203051333e-15,1.021405182655144e-14,1.1368683772161603e-13,1.021405182655144e-14,True
1,9,2.25,505.58608902296044,505.58608902296055,18.96493432006149,21.545682504275973,16.908011844834707,8.589986566879812,0.0,0.0,0.0,1.4654943925052066e-14,6.494804694057166e-15,7.327471962526033e-15,7.216449660063518e-15,1.1368683772161603e-13,1.1324274851176597e-14,True
1,10,2.5,505.58608902296044,505.5860890229606,20.31050668272588,23.16227959411563,18.45222604155571,8.487168893122485,0.0,0.0,0.0,1.4876988529977098e-14,9.103828801926284e-15,6.2450045135165055e-15,8.715250743307479e-15,1.7053025658242404e-13,1.199040866595169e-14,True
1,11,2.75,505.58608902296044,505.58608902296055,21.763067199164222,24.909390570248885,20.018340444185093,8.537982184101892,0.0,0.0,0.0,1.3322676295501878e-14,9.769962616701378e-15,7.889522368742519e-15,9.658940314238862e-15,1.1368683772161603e-13,1.3877787807814457e-14,True
1,12,3.0,505.58608902296044,505.58608902296055,23.54460661783312,18.970962289917253,21.601592286147795,9.365880177087018,0.0,0.0,0.0,1.4432899320127035e-14,7.105427357601002e-15,9.936496070395151e-15,7.216449660063518e-15,1.1368683772161603e-13,1.4876988529977098e-14,True
1,13,3.25,505.58608902296044,505.58608902296055,24.662070277403146,22.067797952870507,23.198473039440707,8.369501717899029,0.0,0.0,0.0,1.3766765505351941e-14,1.3766765505351941e-14,1.0325074129013956e-14,1.354472090042691e-14,1.1368683772161603e-13,1.6292522886374172e-14,True
1,14,3.5,505.58608902296044,505.58608902296055,25.739254874488964,28.314884265279655,24.80635080646462,6.866891666577823,0.0,0.0,0.0,1.554312234475219e-14,1.709743457922741e-14,1.2601031329495527e-14,1.5987211554602254e-14,1.1368683772161603e-13,1.7819079545233762e-14,True
1,15,3.75,505.58608902296044,505.586089022961,27.832089564868316,21.590759149537636,26.42321812747555,8.74292590239099,0.0,0.0,0.0,1.7541523789077473e-14,1.1324274851176597e-14,1.3850032232198828e-14,1.0769163338864018e-14,5.684341886080801e-13,1.865174681370263e-14,True
1,16,4.0,505.58608902296044,505.58608902296083,29.666441741655834,16.204034722051134,28.047520371646954,9.666145385473389,0.0,0.0,0.0,1.84297022087776e-14,8.715250743307479e-15,1.4058199049316045e-14,7.105427357601002e-15,3.979039320256561e-13,1.9484414082171497e-14,True
1,17,4.25,505.58608902296044,505.5860890229608,30.66371658799667,26.138799159226238,29.67803680654741,7.712175198878669,0.0,0.0,0.0,1.9984014443252818e-14,1.7486012637846216e-14,1.6014967130217883e-14,1.587618925213974e-14,3.410605131648481e-13,1.837419105754634e-14,True
1,18,4.5,505.58608902296044,505.58608902296055,32.169841624257224,26.70967488849394,31.313796724297884,7.371895606907611,0.0,0.0,0.0,2.220446049250313e-14,1.7041923427996153e-14,1.625088952295073e-14,1.63202784619898e-14,1.1368683772161603e-13,2.0317081350640365e-14,True
1,19,4.75,505.58608902296044,505.58608902296044,34.250105627253525,19.71055964599256,32.954019311725055,9.33286379845305,0.0,0.0,0.0,2.4868995751603507e-14,7.216449660063518e-15,1.74721348500384e-14,7.66053886991358e-15,0.0,2.1413426587457707e-14,True
1,20,5.0,505.58608902296044,505.5860890229606,35.94201964380072,21.098826320881564,34.59806987696685,9.736649159945927,0.0,0.0,0.0,2.6645352591003757e-14,1.021405182655144e-14,1.8179902028236938e-14,1.2323475573339238e-14,1.7053025658242404e-13,2.120525977034049e-14,True
1,21,5.25,505.58608902296044,505.58608902296044,37.35599665947262,23.032234366859928,36.245427525861075,9.040988324850419,0.0,0.0,0.0,2.5757174171303632e-14,9.325873406851315e-15,1.7430501486614958e-14,9.547918011776346e-15,0.0,2.3092638912203256e-14,True
1,22,5.5,505.58608902296044,505.58608902296083,38.76655960416876,22.983051284334387,37.89566097537354,8.170986646857296,0.0,0.0,0.0,2.6645352591003757e-14,9.769962616701378e-15,1.942890293094024e-14,9.43689570931383e-15,3.979039320256561e-13,2.375877272697835e-14,True
1,23,5.75,505.58608902296044,505.5860890229604,40.25392421406115,26.023417595786057,39.54841023221393,7.503443391929844,0.0,0.0,0.0,2.7533531010703882e-14,1.1338152638984411e-14,2.0636270470220097e-14,9.547918011776346e-15,5.684341886080802e-14,2.3869795029440866e-14,True
1,24,6.0,505.58608902296044,505.58608902296044,42.11569668901662,23.178788418318728,41.20337255538133,8.718600671191123,0.0,0.0,0.0,2.7533531010703882e-14,1.1005085731596864e-14,2.1010970741031088e-14,9.769962616701378e-15,0.0,2.4424906541753444e-14,True
1,25,6.25,505.58608902296044,505.58608902296044,43.961728519548835,17.83097829737803,42.86029158657992,9.779007083536664,0.0,0.0,0.0,2.930988785010413e-14,7.882583474838611e-15,2.270406085358445e-14,7.771561172376096e-15,0.0,2.5979218776228663e-14,True
1,26,6.5,505.58608902296044,505.5860890229603,45.350196179456916,24.00006788717636,44.51894885038043,8.643117884909346,0.0,0.0,0.0,3.375077994860476e-14,8.881784197001252e-15,2.4702462297909733e-14,8.215650382226158e-15,1.1368683772161603e-13,2.731148640577885e-14,True
1,27,6.75,505.58608902296044,505.5860890229612,46.83653593650977,25.557824172703526,46.17915704629047,7.819626143621802,0.0,0.0,0.0,3.375077994860476e-14,9.547918011776346e-15,2.6006974351844292e-14,1.021405182655144e-14,7.389644451905042e-13,2.9753977059954195e-14,True
1,28,7.0,505.58608902296044,505.5860890229606,48.57076073907735,20.0399488122627,47.84075470951688,8.38933773289267,0.0,0.0,0.0,3.108624468950438e-14,7.771561172376096e-15,2.5618396293225487e-14,7.105427357601002e-15,1.7053025658242404e-13,2.90878432451791e-14,True
1,29,7.25,505.58608902296044,505.5860890229607,50.10072693897165,24.42703704825274,49.50360192706586,7.71208376899537,0.0,0.0,0.0,3.4638958368304884e-14,6.8833827526759706e-15,2.4716340085717547e-14,7.16093850883226e-15,2.8421709430404007e-13,3.1058489113888754e-14,True
1,30,7.5,505.58608902296044,505.58608902296044,51.79084796403453,26.813013000551667,51.167576874791216,8.010680969560049,0.0,0.0,0.0,3.8191672047105385e-14,8.548717289613705e-15,2.5451862839531714e-14,8.93729534823251e-15,0.0,3.297362383136715e-14,True
1,31,7.75,505.58608902296044,505.58608902295964,53.79615858169522,17.220257103390985,52.83257299837831,10.13636564642021,0.0,0.0,0.0,3.375077994860476e-14,6.439293542825908e-15,2.4175106361212784e-14,6.328271240363392e-15,7.958078640513122e-13,3.5110803153770576e-14,True
1,32,8.0,505.58608902296044,505.58608902295987,55.359625487429234,18.145120884510774,54.49849670337073,9.726355493252031,0.0,0.0,0.0,3.4638958368304884e-14,8.43769498715119e-15,2.388367281724868e-14,7.66053886991358e-15,5.684341886080801e-13,3.533284775869561e-14,True
1,33,8.25,505.58608902296044,505.5860890229603,56.5804860139016,27.864332878644788,56.16526545056724,6.84210160963955,0.0,0.0,0.0,3.8191672047105385e-14,1.2101430968414206e-14,2.475797344914099e-14,1.0658141036401503e-14,1.1368683772161603e-13,3.8191672047105385e-14,True
1,34,8.5,505.58608902296044,505.5860890229608,58.23996949822268,25.896473797084894,57.83280617646948,6.8746328562928545,0.0,0.0,0.0,3.552713678800501e-14,9.103828801926284e-15,2.4341639814906557e-14,8.548717289613705e-15,3.410605131648481e-13,3.7247982476174e-14,True
1,35,8.75,505.58608902296044,505.58608902296163,60.173182844567684,20.493192407427756,59.50105397608119,8.968640330688295,0.0,0.0,0.0,4.085620730620576e-14,8.43769498715119e-15,2.7033930649622562e-14,7.521760991835436e-15,1.1937117960769683e-12,3.863576125695545e-14,True
1,36,9.0,505.58608902296044,505.5860890229615,61.9363863160425,21.801698551633677,61.169950998762445,9.713549541699882,0.0,0.0,0.0,3.907985046680551e-14,9.547918011776346e-15,2.4924506902834764e-14,9.103828801926284e-15,1.0800249583553523e-12,3.808064974464287e-14,True
1,37,9.25,505.58608902296044,505.58608902296055,63.569603732798576,21.32709855588708,62.83944551811788,9.607216335678775,0.0,0.0,0.0,4.263256414560601e-14,1.0436096431476471e-14,2.806088694740083e-14,9.547918011776346e-15,1.1368683772161603e-13,3.9968028886505635e-14,True
1,38,9.5,505.58608902296044,505.58608902296095,65.08313858167965,23.11598736113496,64.50949114483113,8.622092546306424,0.0,0.0,0.0,4.440892098500626e-14,1.2101430968414206e-14,2.937580734219125e-14,1.1712852909795402e-14,5.115907697472721e-13,4.8183679268731794e-14,True
1,39,9.75,505.58608902296044,505.5860890229607,66.63472156412023,26.214618844590234,66.18004615752864,7.7709464362591225,0.0,0.0,0.0,4.085620730620576e-14,1.1213252548714081e-14,2.7533531010703882e-14,9.769962616701378e-15,2.8421709430404007e-13,4.440892098500626e-14,True
1,40,10.0,505.58608902296044,505.5860890229604,68.41122612630978,21.24156742442729,67.85107293158471,8.73657611068907,0.0,0.0,0.0,4.618527782440651e-14,9.353628982466944e-15,2.5632274081033302e-14,8.659739592076221e-15,5.684341886080802e-14,4.529709940470639e-14,True
1,41,10.25,505.58608902296044,505.5860890229611,70.0748710954555,19.731247656800452,69.52253744958442,8.780908017730257,0.0,0.0,0.0,4.707345624410664e-14,9.103828801926284e-15,2.980948821118545e-14,8.770761894538737e-15,6.821210263296962e-13,4.518607710224387e-14,True
1,42,10.5,505.58608902296044,505.5860890229603,71.56836810908433,26.954241368748853,71.19440888017502,7.306672156314301,0.0,0.0,0.0,4.796163466380676e-14,1.3822276656583199e-14,3.223810107755298e-14,1.199040866595169e-14,1.1368683772161603e-13,4.829470157119431e-14,True
1,43,10.75,505.58608902296044,505.58608902296055,73.3274533718143,24.243676806737483,72.86665921443945,8.207642348588804,0.0,0.0,0.0,5.1514348342607263e-14,1.0824674490095276e-14,3.530509218307998e-14,1.0436096431476471e-14,1.1368683772161603e-13,4.4853010194856324e-14,True
1,44,11.0,505.58608902296044,505.58608902296015,75.1569936112609,17.34636705279694,74.53926295085023,9.616234576335891,0.0,0.0,0.0,5.1514348342607263e-14,8.881784197001252e-15,3.630429290524262e-14,8.1601392309949e-15,2.8421709430404007e-13,4.75175454539567e-14,True
1,45,11.25,505.58608902296044,505.58608902296055,76.70415904975557,24.22347044010559,76.21219682141283,8.673469385685923,0.0,0.0,0.0,5.684341886080802e-14,1.1546319456101628e-14,3.752553823233029e-14,1.0935696792557792e-14,1.1368683772161603e-13,4.8627768478581856e-14,True
1,46,11.5,505.58608902296044,505.5860890229609,78.31466586996231,25.618024048347916,77.88543955286238,8.18811309040491,0.0,0.0,0.0,5.861977570020827e-14,1.1879386363489175e-14,3.988476215965875e-14,1.1518563880485999e-14,4.547473508864641e-13,4.796163466380676e-14,True
1,47,11.75,505.58608902296044,505.5860890229618,80.06921964620528,18.818450635771725,79.55897165779874,9.024963352049863,0.0,0.0,0.0,5.1514348342607263e-14,8.992806499463768e-15,3.900352263386253e-14,8.604228440844963e-15,1.3642420526593924e-12,5.0182080713057076e-14,True
1,48,12.0,505.58608902296044,505.58608902296095,81.6304978630758,23.258570868797506,81.23277525147901,8.04825486154115,0.0,0.0,0.0,5.861977570020827e-14,1.304512053934559e-14,4.365952044338428e-14,1.1879386363489175e-14,5.115907697472721e-13,5.218048215738236e-14,True
2,0,0.0,217.86839787312144,217.86839787312155,9.88367620915622,11.452350349952932,6.905671501258899,7.070979884297602,3.9968028886505635e-15,4.884981308350689e-15,0.0,2.6645352591003757e-15,2.6645352591003757e-15,1.7312540290248535e-15,2.733924198139448e-15,1.1368683772161603e-13,3.1086244689504383e-15,True
2,1,0.25,217.86839787312144,217.86839787312147,9.291346195080884,15.87840733409882,6.98051988065899,6.132002634748995,0.0,0.0,0.0,2.886579864025407e-15,3.83026943495679e-15,1.6930901125533637e-15,4.385380947269368e-15,2.842170943040401e-14,2.886579864025407e-15,True
2,2,0.5,217.86839787312144,217.86839787312147,9.037334582783865,17.454095864276564,7.420480513538233,5.158477033910356,0.0,0.0,0.0,3.219646771412954e-15,5.9396931817445875e-15,1.6514567491299204e-15,6.217248937900877e-15,2.842170943040401e-14,3.3306690738754696e-15,True
2,3,0.75,217.86839787312144,217.8683978731215,9.791902586157638,15.49494983325401,8.166756922173882,5.4023548227532805,0.0,0.0,0.0,4.801714581503802e-15,7.993605777301127e-15,2.3314683517128287e-15,6.661338147750939e-15,5.684341886080802e-14,4.6629367034256575e-15,True
2,4,1.0,217.86839787312144,217.86839787312152,10.860411654464514,16.019665779304336,9.144660766069922,5.858644960904365,0.0,0.0,0.0,6.938893903907228e-15,8.243405957841787e-15,3.3306690738754696e-15,7.022160630754115e-15,8.526512829121202e-14,5.773159728050814e-15,True
2,5,1.25,217.86839787312144,217.86839787312155,12.182157884002228,14.974190069446257,10.28835442399178,6.523398957375401,0.0,0.0,0.0,8.715250743307479e-15,6.8833827526759706e-15,4.246603069191224e-15,7.729927808952652e-15,1.1368683772161603e-13,7.993605777301127e-15,True
2,6,1.5,217.86839787312144,217.8683978731215,13.401297436996137,12.902134153836938,11.548686821772987,6.798720886126018,0.0,0.0,0.0,1.0158540675320182e-14,8.715250743307479e-15,5.530298441414061e-15,8.104628079763643e-15,5.684341886080802e-14,7.327471962526033e-15,True
2,7,1.75,217.86839787312144,217.8683978731215,14.21382636800754,16.464166466326024,12.891493791941418,5.98683955290288,0.0,0.0,0.0,1.0824674490095276e-14,1.0769163338864018e-14,6.217248937900877e-15,1.0325074129013956e-14,5.684341886080802e-14,9.325873406851315e-15,True
2,8,2.0,217.86839787312144,217.86839787312147,15.367243378527608,17.57456523016344,14.293549992723444,5.643278981267569,0.0,0.0,0.0,1.1102230246251565e-14,1.0325074129013956e-14,7.993605777301127e-15,9.325873406851315e-15,2.842170943040401e-14,8.881784197001252e-15,True
2,9,2.25,217.86839787312144,217.8683978731214,17.007030035225135,13.961308917785368,15.739029351515097,6.443758661774678,0.0,0.0,0.0,1.3766765505351941e-14,8.548717289613705e-15,1.0824674490095276e-14,8.909539772616881e-15,2.842170943040401e-14,9.603429163007604e-15,True
2,10,2.5,217.86839787312144,217.86839787312147,18.438407288256276,14.549932371949687,17.216998367537016,6.599229541382084,0.0,0.0,0.0,1.4210854715202004e-14,9.103828801926284e-15,1.1018963519404679e-14,8.049116928532385e-15,2.842170943040401e-14,1.1657341758564144e-14,True
2,11,2.75,217.86839787312144,217.86839787312147,19.746260195332482,16.157764886560518,18.71976321896834,6.283729523740842,0.0,0.0,0.0,1.554312234475219e-14,1.1546319456101628e-14,1.0380585280245214e-14,9.575673587391975e-15,2.842170943040401e-14,1.2878587085651816e-14,True
2,12,3.0,217.86839787312144,217.86839787312152,21.158202689219937,14.109505355644108,20.241802081021756,6.159463414199094,0.0,0.0,0.0,1.687538997430238e-14,9.2148511043888e-15,1.0602629885170245e-14,7.327471962526033e-15,8.526512829121202e-14,1.432187701766452e-14,True
2,13,3.25,217.86839787312144,217.86839787312152,22.44362335292626,15.925825069858352,21.77907441391444,5.421083552316308,0.0,0.0,0.0,1.865174681370263e-14,8.548717289613705e-15,1.1712852909795402e-14,8.43769498715119e-15,8.526512829121202e-14,1.5654144647214707e-14,True
2,14,3.5,217.86839787312144,217.86839787312147,23.860108524057864,18.06231659144575,23.328568912235863,5.008258308721782,0.0,0.0,0.0,1.865174681370263e-14,9.492406860545088e-15,1.2073675392798577e-14,8.43769498715119e-15,2.842170943040401e-14,1.8540724511240114e-14,True
2,15,3.75,217.86839787312144,217.86839787312167,25.633076632103087,14.221853933198428,24.888002872581037,6.135302000852724,0.0,0.0,0.0,1.9095836023552692e-14,1.0075273948473296e-14,1.2739809207573671e-14,8.715250743307479e-15,2.2737367544323206e-13,1.6986412276764895e-14,True
2,16,4.0,217.86839787312144,217.8683978731217,27.25912745941579,12.826002609966759,26.455618700094988,6.569647558572706,0.0,0.0,0.0,2.042810365310288e-14,7.438494264988549e-15,1.3877787807814457e-14,6.217248937900877e-15,2.5579538487363607e-13,2.3425705819590803e-14,True
2,17,4.25,217.86839787312144,217.86839787312175,28.62780636160409,16.80966915999818,28.030043684421507,5.81961752410945,0.0,0.0,0.0,1.9984014443252818e-14,9.103828801926284e-15,1.5640266859406893e-14,7.716050021144838e-15,3.126388037344441e-13,2.170486013142181e-14,True
2,18,4.5,217.86839787312144,217.86839787312147,30.146183862401045,16.403843543218628,29.610191681630326,5.659412517461448,0.0,0.0,0.0,2.1316282072803006e-14,9.547918011776346e-15,1.6535384173010925e-14,8.104628079763643e-15,2.842170943040401e-14,2.4202861936828413e-14,True
2,19,4.75,217.86839787312144,217.8683978731215,31.783736162883454,14.973095324603989,31.195193030685846,6.0881701889841295,0.0,0.0,0.0,2.2648549702353193e-14,6.6058269965196814e-15,1.7839896226945484e-14,6.439293542825908e-15,5.684341886080802e-14,2.55351295663786e-14,True
2,20,5.0,217.86839787312144,217.8683978731214,33.39691222155908,16.06450507993144,32.784343814497205,6.367145874515595,0.0,0.0,0.0,2.4868995751603507e-14,7.688294445529209e-15,1.7888468484272835e-14,7.549516567451064e-15,2.842170943040401e-14,2.5979218776228663e-14,True
2,21,5.25,217.86839787312144,217.86839787312124,35.044675813554456,14.216125477616025,34.37706858938266,6.807823299558273,0.0,0.0,0.0,2.7533531010703882e-14,5.773159728050814e-15,1.7943979635504093e-14,5.585809592645319e-15,1.9895196601282805e-13,2.603472992745992e-14,True
2,22,5.5,217.86839787312144,217.86839787312138,36.577229033759984,13.735598226709888,35.972892635672615,6.621531485276271,0.0,0.0,0.0,2.6645352591003757e-14,6.772360450213455e-15,1.890154699424329e-14,5.218048215738236e-15,5.684341886080802e-14,2.8199664825478976e-14,True
2,23,5.75,217.86839787312144,217.86839787312135,37.99607883332558,17.460637464664416,37.571421036243585,5.664832568188261,0.0,0.0,0.0,2.842170943040401e-14,8.770761894538737e-15,1.787459069646502e-14,9.325873406851315e-15,8.526512829121202e-14,2.5854318685958333e-14,True
2,24,6.0,217.86839787312144,217.8683978731215,39.59245797776278,16.511361192025415,39.17232271788709,5.752552616588456,0.0,0.0,0.0,3.019806626980426e-14,9.2148511043888e-15,2.0844437287337314e-14,8.992806499463768e-15,5.684341886080802e-14,2.603472992745992e-14,True
2,25,6.25,217.86839787312144,217.8683978731214,41.2741738213845,13.321951160470473,40.775318145569976,6.397722623357012,0.0,0.0,0.0,3.019806626980426e-14,6.439293542825908e-15,2.2370993946196904e-14,6.8833827526759706e-15,2.842170943040401e-14,3.316791286067655e-14,True
2,26,6.5,217.86839787312144,217.86839787312152,42.82183285673115,15.782009074347254,42.380169737238596,6.13437708758317,0.0,0.0,0.0,3.197442310920451e-14,6.328271240363392e-15,2.2676305277968822e-14,5.9396931817445875e-15,8.526512829121202e-14,3.1308289294429414e-14,True
2,27,6.75,217.86839787312144,217.86839787312172,44.385457571109725,16.172686517452263,43.98667432721423,5.936440467853969,0.0,0.0,0.0,3.552713678800501e-14,6.994405055138486e-15,2.1163626406917047e-14,5.717648576819556e-15,2.8421709430404007e-13,3.108624468950438e-14,True
2,28,7.0,217.86839787312144,217.86839787312152,45.991248384173964,13.85478638952897,45.59465718816418,6.026787189587276,0.0,0.0,0.0,3.6415315207705135e-14,6.439293542825908e-15,2.0240753517697385e-14,5.329070518200751e-15,8.526512829121202e-14,3.275157922644212e-14,True
2,29,7.25,217.86839787312144,217.86839787312167,47.51502693631457,16.444841664361615,47.20396725033357,5.428007054908412,0.0,0.0,0.0,3.6415315207705135e-14,6.2727600891321345e-15,2.298161660974074e-14,5.2735593669694936e-15,2.2737367544323206e-13,3.2862601528904634e-14,True
2,30,7.5,217.86839787312144,217.86839787312158,49.11239303101763,17.21635283625732,48.81447324883742,5.4013286024536935,0.0,0.0,0.0,3.907985046680551e-14,6.8833827526759706e-15,2.1087298573974067e-14,6.050715484207103e-15,1.4210854715202004e-13,3.3861802251067274e-14,True
2,31,7.75,217.86839787312144,217.86839787312147,50.81732519354226,13.430403173590813,50.42606059647051,6.293882152321302,0.0,0.0,0.0,3.8191672047105385e-14,4.884981308350689e-15,2.167710455580618e-14,4.107825191113079e-15,2.842170943040401e-14,3.3834046675451646e-14,True
2,32,8.0,217.86839787312144,217.8683978731214,52.413734396068044,14.641470921823569,52.038628828236014,6.259445903484532,0.0,0.0,0.0,3.8191672047105385e-14,6.203371150093062e-15,2.2794266474335245e-14,5.495603971894525e-15,2.842170943040401e-14,3.375077994860476e-14,True
2,33,8.25,217.86839787312144,217.86839787312158,53.965466995412704,17.222754899800375,53.6520894997899,5.807316104665982,0.0,0.0,0.0,3.907985046680551e-14,5.9119376061289586e-15,2.3370194668359545e-14,5.578870698741412e-15,1.4210854715202004e-13,4.4075854077618715e-14,True
2,34,8.5,217.86839787312144,217.8683978731213,55.616800840617906,15.157464255026756,55.26636444882695,6.233578134137162,0.0,0.0,0.0,3.8191672047105385e-14,6.661338147750939e-15,2.4313884239290928e-14,6.38378239159465e-15,1.4210854715202004e-13,3.930189507173054e-14,True
2,35,8.75,217.86839787312144,217.868397873122,57.26045600353002,14.833135924753128,56.88138434860927,6.5778367506335265,0.0,0.0,0.0,4.3520742565306136e-14,8.18789480661053e-15,2.475797344914099e-14,6.106226635438361e-15,5.684341886080801e-13,4.418687638008123e-14,True
2,36,9.0,217.86839787312144,217.86839787312158,58.87259539825685,15.954010378680652,58.49708749813454,6.638768196167581,0.0,0.0,0.0,4.085620730620576e-14,9.992007221626409e-15,2.6423307986078726e-14,9.159339953157541e-15,1.4210854715202004e-13,3.7969627442180354e-14,True
2,37,9.25,217.86839787312144,217.86839787312186,60.495364739879044,13.794872250239816,60.11341880513164,6.787196370361394,0.0,0.0,0.0,4.374278717023117e-14,8.743006318923108e-15,2.7033930649622562e-14,9.298117831235686e-15,4.263256414560601e-13,3.9246383920499284e-14,True
2,38,9.5,217.86839787312144,217.86839787312164,62.0400481788711,14.993230766830969,61.73032892707156,6.191451250894242,0.0,0.0,0.0,4.529709940470639e-14,7.66053886991358e-15,2.736699755701011e-14,7.216449660063518e-15,1.9895196601282805e-13,4.39648317751562e-14,True
2,39,9.75,217.86839787312144,217.86839787312135,63.57232587583936,17.691406294901636,63.34777354236132,5.338558278189043,0.0,0.0,0.0,4.884981308350689e-14,7.993605777301127e-15,2.881028748902281e-14,7.105427357601002e-15,8.526512829121202e-14,4.3076653355456074e-14,True
2,40,10.0,217.86839787312144,217.86839787312147,65.21699395319214,15.02179615555021,64.9657127293366,5.719481607629723,0.0,0.0,0.0,4.618527782440651e-14,6.661338147750939e-15,3.0753177782116836e-14,7.66053886991358e-15,2.842170943040401e-14,4.907185768843192e-14,True
2,41,10.25,217.86839787312144,217.86839787312113,66.8458447421973,13.847290021620159,66.58411043495008,5.90958517023978,0.0,0.0,0.0,5.3290705182007514e-14,8.465450562766819e-15,3.0142555118573e-14,7.271960811294775e-15,3.126388037344441e-13,4.50195436485501e-14,True
2,42,10.5,217.86839787312144,217.86839787312158,68.41402573343187,17.227912891434322,68.2029340184359,5.3701683708762,0.0,0.0,0.0,5.5067062021407764e-14,8.659739592076221e-15,3.0976957110517844e-14,8.049116928532385e-15,1.4210854715202004e-13,4.75175454539567e-14,True
2,43,10.75,217.86839787312144,217.86839787312152,70.06069144314017,15.883780542840608,69.82215385792078,5.77644493886454,0.0,0.0,0.0,5.684341886080802e-14,9.658940314238862e-15,3.338995746560158e-14,7.53563877964325e-15,8.526512829121202e-14,4.829470157119431e-14,True
2,44,11.0,217.86839787312144,217.86839787312147,71.72517556220969,13.478763956502448,71.44174301010405,6.370099301270922,0.0,0.0,0.0,5.5067062021407764e-14,8.992806499463768e-15,3.59989815734707e-14,7.466249840604178e-15,2.842170943040401e-14,5.345723863570129e-14,True
2,45,11.25,217.86839787312144,217.8683978731217,73.3168571563278,16.23572771109448,73.0616769148566,6.1117026817805815,0.0,0.0,0.0,5.684341886080802e-14,8.104628079763643e-15,3.709532681028804e-14,6.994405055138486e-15,2.5579538487363607e-13,4.884981308350689e-14,True
2,46,11.5,217.86839787312144,217.86839787312138,74.93493382356439,15.934445733503088,74.6819331379858,6.152492983774618,0.0,0.0,0.0,5.5067062021407764e-14,9.71445146547012e-15,3.49442697000768e-14,8.104628079763643e-15,5.684341886080802e-14,4.973799150320701e-14,True
2,47,11.75,217.86839787312144,217.86839787312192,76.56864058962921,13.829850561342576,76.30249114654659,6.378602243046445,0.0,0.0,0.0,5.3290705182007514e-14,8.382183835919932e-15,3.624878175401136e-14,6.9111383282915995e-15,4.831690603168681e-13,5.6288307348495437e-14,True
2,48,12.0,217.86839787312144,217.86839787312104,78.14967965879768,16.54403225225852,77.92333211200355,5.943630484400356,0.0,0.0,0.0,6.217248937900877e-14,7.327471962526033e-15,3.757411048965764e-14,6.4254157550180935e-15,3.979039320256561e-13,5.950795411990839e-14,True
3,0,0.0,203.17272147044872,203.17272147044872,10.392903052803323,9.463253408531413,6.806155807726562,7.8542139635942325,3.552713678800501e-15,2.55351295663786e-15,0.0,2.9976021664879227e-15,1.887379141862766e-15,2.55351295663786e-15,2.4424906541753444e-15,0.0,3.3306690738754696e-15,True
3,1,0.25,203.17272147044872,203.1727214704487,9.982966120243614,13.379480098057268,6.846175572480872,7.2656377964152625,0.0,0.0,0.0,3.1086244689504383e-15,5.440092820663267e-15,2.373101715136272e-15,4.773959005888173e-15,2.842170943040401e-14,2.886579864025407e-15,True
3,2,0.5,203.17272147044872,203.17272147044878,9.269271621016456,17.33141507046855,7.216699885791049,5.81709885962105,0.0,0.0,0.0,3.524958103184872e-15,8.548717289613705e-15,2.0261570199409107e-15,8.104628079763643e-15,5.684341886080802e-14,2.6645352591003757e-15,True
3,3,0.75,203.17272147044872,203.17272147044872,9.617869725682635,16.073671915318467,7.871192330014444,5.52700184224,0.0,0.0,0.0,4.0245584642661925e-15,8.770761894538737e-15,2.5396351688300456e-15,8.68749516769185e-15,0.0,3.552713678800501e-15,True
3,4,1.0,203.17272147044872,203.1727214704487,10.6393843418608,14.758167293769606,8.74613367910295,6.058188247413078,0.0,0.0,0.0,5.551115123125783e-15,6.827871601444713e-15,4.371503159461554e-15,7.993605777301127e-15,2.842170943040401e-14,4.884981308350689e-15,True
3,5,1.25,203.17272147044872,203.17272147044872,11.763634547665392,14.50448068340291,9.782551515405295,6.533359290554003,0.0,0.0,0.0,6.744604874597826e-15,7.077671781985373e-15,5.64479019082853e-15,6.38378239159465e-15,0.0,5.495603971894525e-15,True
3,6,1.5,203.17272147044872,203.17272147044864,12.823861200916689,13.24650733740366,10.934626109407537,6.699654315547887,0.0,0.0,0.0,7.466249840604178e-15,6.855627177060342e-15,6.342149028171207e-15,6.6058269965196814e-15,8.526512829121202e-14,7.105427357601002e-15,True
3,7,1.75,203.17272147044872,203.17272147044866,13.627841460610082,15.088656694032421,12.169554483861543,6.133515023202327,0.0,0.0,0.0,8.049116928532385e-15,8.992806499463768e-15,6.439293542825908e-15,7.494005416219807e-15,5.684341886080802e-14,7.438494264988549e-15,True
3,8,2.0,203.17272147044872,203.17272147044872,14.61445899858962,17.179981290057967,13.464558615155973,5.682259508372206,0.0,0.0,0.0,9.353628982466944e-15,1.1046719095020308e-14,7.108896804552955e-15,9.769962616701378e-15,0.0,8.326672684688674e-15,True
3,9,2.25,203.17272147044872,203.1727214704488,16.158119544912584,15.012879889296656,14.80388108735092,6.475332576729925,0.0,0.0,0.0,1.1324274851176597e-14,1.2712053631958042e-14,7.521760991835436e-15,1.1379786002407855e-14,8.526512829121202e-14,1.0047518372857667e-14,True
3,10,2.5,203.17272147044872,203.17272147044878,17.734705782137635,12.909933808763945,16.1765177333702,7.2691170853787686,0.0,0.0,0.0,1.4432899320127035e-14,1.099120794378905e-14,9.43689570931383e-15,9.769962616701378e-15,5.684341886080802e-14,1.2601031329495527e-14,True
3,11,2.75,203.17272147044872,203.17272147044886,18.997288761700943,13.892041633673394,17.574664460234054,7.213054096957487,0.0,0.0,0.0,1.7541523789077473e-14,7.993605777301127e-15,1.2170819907453279e-14,6.38378239159465e-15,1.4210854715202004e-13,1.3489209749195652e-14,True
3,12,3.0,203.17272147044872,203.1727214704488,20.09939483416456,14.137652022122698,18.992688329558455,6.57749669067913,0.0,0.0,0.0,1.9317880628477724e-14,7.438494264988549e-15,1.371819324802459e-14,7.13318293321663e-15,8.526512829121202e-14,1.5265566588595902e-14,True
3,13,3.25,203.17272147044872,203.1727214704488,21.15019717141192,15.845911816952674,20.426450089524547,5.485524325874725,0.0,0.0,0.0,1.887379141862766e-14,9.547918011776346e-15,1.3308798507694064e-14,9.270362255620057e-15,8.526512829121202e-14,1.4654943925052066e-14,True
3,14,3.5,203.17272147044872,203.17272147044875,22.429575573521248,17.606063624665826,21.872855111258048,4.966293355231201,0.0,0.0,0.0,1.9317880628477724e-14,9.880984919163893e-15,1.301736496372996e-14,9.908740494779522e-15,2.842170943040401e-14,1.5404344466674047e-14,True
3,15,3.75,203.17272147044872,203.17272147044878,24.11813886960307,14.508935779928166,23.32955191079538,6.116913451648768,0.0,0.0,0.0,1.9095836023552692e-14,9.658940314238862e-15,1.2961853812498703e-14,8.992806499463768e-15,5.684341886080802e-14,1.687538997430238e-14,True
3,16,4.0,203.17272147044872,203.17272147044878,25.741016544761766,11.552790711552662,24.794726620413964,6.915306542492097,0.0,0.0,0.0,1.7985612998927536e-14,7.188694084447889e-15,1.3364309658925322e-14,6.231126725708691e-15,5.684341886080802e-14,1.942890293094024e-14,True
3,17,4.25,203.17272147044872,203.17272147044878,27.02756930208245,15.397348502241877,26.266960581418466,6.366811147904259,0.0,0.0,0.0,2.020605904817785e-14,9.325873406851315e-15,1.3808398868775384e-14,9.048317650695026e-15,5.684341886080802e-14,1.8540724511240114e-14,True
3,18,4.5,203.17272147044872,203.17272147044872,28.377523165615848,16.75754251070525,27.745130065881426,5.957480897358069,0.0,0.0,0.0,2.1316282072803006e-14,1.0158540675320182e-14,1.4238610290817633e-14,9.992007221626409e-15,0.0,2.0650148258027912e-14,True
3,19,4.75,203.17272147044872,203.17272147044875,29.94541141401674,14.464535621823421,29.228334552993655,6.513994474437429,0.0,0.0,0.0,2.353672812205332e-14,9.325873406851315e-15,1.5376588891058418e-14,8.826273045769994e-15,2.842170943040401e-14,2.2370993946196904e-14,True
3,20,5.0,203.17272147044872,203.17272147044898,31.487261951508586,14.202496021854158,30.715844661882997,6.927088270694527,0.0,0.0,0.0,2.4202861936828413e-14,9.103828801926284e-15,1.6160683902199935e-14,7.494005416219807e-15,2.5579538487363607e-13,2.2093438190040615e-14,True
3,21,5.25,203.17272147044872,203.17272147044898,32.95328853107872,14.27412648201505,32.20706382187438,6.973110137251155,0.0,0.0,0.0,2.4424906541753444e-14,9.103828801926284e-15,1.6819878823071122e-14,7.188694084447889e-15,2.5579538487363607e-13,2.2648549702353193e-14,True
3,22,5.5,203.17272147044872,203.17272147044886,34.35048066690973,13.76442227249832,33.70149968386884,6.645633235887109,0.0,0.0,0.0,2.5757174171303632e-14,8.104628079763643e-15,1.892930256985892e-14,8.18789480661053e-15,1.4210854715202004e-13,2.403632848313464e-14,True
3,23,5.75,203.17272147044872,203.17272147044864,35.673622475144924,15.952937046030423,35.19874253491866,5.80136746463047,0.0,0.0,0.0,2.7977620220553945e-14,8.18789480661053e-15,2.1316282072803006e-14,7.077671781985373e-15,8.526512829121202e-14,2.4202861936828413e-14,True
3,24,6.0,203.17272147044872,203.1727214704485,37.108570980760646,16.581859436565324,36.69844881353068,5.501808331341603,0.0,0.0,0.0,2.7977620220553945e-14,8.548717289613705e-15,2.2315482794965646e-14,9.547918011776346e-15,2.2737367544323206e-13,2.6978419498391304e-14,True
3,25,6.25,203.17272147044872,203.1727214704486,38.6929884613351,14.260331936043759,38.200328385778704,6.1548572109904285,0.0,0.0,0.0,2.930988785010413e-14,9.492406860545088e-15,2.148281552649678e-14,9.936496070395151e-15,1.1368683772161603e-13,2.808864252301646e-14,True
3,26,6.5,203.17272147044872,203.17272147044847,40.23966862851134,14.354117788269477,39.70413462632687,6.543135709039805,0.0,0.0,0.0,3.019806626980426e-14,9.43689570931383e-15,2.282896094385478e-14,1.0019762797242038e-14,2.5579538487363607e-13,2.7922109069322687e-14,True
3,27,6.75,203.17272147044872,203.1727214704485,41.74280549287116,15.093379903390332,41.20965661409719,6.650264067228534,0.0,0.0,0.0,3.375077994860476e-14,7.771561172376096e-15,2.3037127760971998e-14,7.549516567451064e-15,2.2737367544323206e-13,3.1530333899354446e-14,True
3,28,7.0,203.17272147044872,203.1727214704486,43.246332335255836,13.821348118086261,42.71671293838373,6.747421447569005,0.0,0.0,0.0,3.552713678800501e-14,6.5503158452884236e-15,2.4202861936828413e-14,5.329070518200751e-15,1.1368683772161603e-13,3.2862601528904634e-14,True
3,29,7.25,203.17272147044872,203.17272147044872,44.686857783498134,15.1335968447152,44.22514674312471,6.407156476290659,0.0,0.0,0.0,3.5083047578154947e-14,5.773159728050814e-15,2.4896751327219135e-14,6.13398221105399e-15,0.0,3.4638958368304884e-14,True
3,30,7.5,203.17272147044872,203.1727214704489,46.15274389265021,16.241133654208,45.734821731627065,6.196922623113331,0.0,0.0,0.0,3.730349362740526e-14,5.995204332975845e-15,2.531308496145357e-14,6.2727600891321345e-15,1.7053025658242404e-13,3.241851231905457e-14,True
3,31,7.75,203.17272147044872,203.1727214704489,47.70052997654654,13.368428280009065,47.2456189225907,6.572066087978378,0.0,0.0,0.0,3.597122599785507e-14,6.38378239159465e-15,2.4175106361212784e-14,6.716849298982197e-15,1.7053025658242404e-13,3.6415315207705135e-14,True
3,32,8.0,203.17272147044872,203.17272147044886,49.15934426639269,13.500403289027672,48.75743399847629,6.273257414289918,0.0,0.0,0.0,3.952393967665557e-14,6.161737786669619e-15,2.6173507805538065e-14,5.88418203051333e-15,1.4210854715202004e-13,3.47499806707674e-14,True
3,33,8.25,203.17272147044872,203.17272147044878,50.550121794483395,17.05368704831288,50.27017512437212,5.312655306159335,0.0,0.0,0.0,3.9968028886505635e-14,6.772360450213455e-15,2.6673108166619386e-14,5.9119376061289586e-15,5.684341886080802e-14,3.502753642692369e-14,True
3,34,8.5,203.17272147044872,203.17272147044824,52.08258251861122,16.317908919663026,51.78376114320464,5.571129478972447,0.0,0.0,0.0,3.774758283725532e-14,7.494005416219807e-15,2.824129818890242e-14,6.328271240363392e-15,4.831690603168681e-13,3.658184866139891e-14,True
3,35,8.75,203.17272147044872,203.17272147044852,53.70773173469168,13.795265918808097,53.2981200739769,6.62048673932276,0.0,0.0,0.0,3.730349362740526e-14,7.521760991835436e-15,2.6825763832505345e-14,5.828670879282072e-15,1.9895196601282805e-13,3.9745984281580604e-14,True
3,36,9.0,203.17272147044872,203.17272147044852,55.27656149059495,14.243042799292878,54.81318785553168,7.142316664620635,0.0,0.0,0.0,3.3306690738754696e-14,5.856426454897701e-15,2.6895152771544417e-14,4.884981308350689e-15,1.9895196601282805e-13,4.007905118896815e-14,True
3,37,9.25,203.17272147044872,203.17272147044855,56.795519231909935,14.00867908024591,56.32890729042871,7.265342957392915,0.0,0.0,0.0,3.419486915845482e-14,6.217248937900877e-15,2.6229018956769323e-14,6.161737786669619e-15,1.7053025658242404e-13,3.885780586188048e-14,True
3,38,9.5,203.17272147044872,203.17272147044915,58.260481842098095,13.955813176290546,57.845227152841034,6.943589857535021,0.0,0.0,0.0,3.68594044175552e-14,7.216449660063518e-15,2.8754776337791554e-14,6.217248937900877e-15,4.263256414560601e-13,4.551914400963142e-14,True
3,39,9.75,203.17272147044872,203.1727214704493,59.68476971886239,15.835288912401923,59.36210143160366,6.197793963793073,0.0,0.0,0.0,3.730349362740526e-14,1.021405182655144e-14,2.808864252301646e-14,8.493206138382448e-15,5.684341886080801e-13,4.3076653355456074e-14,True
3,40,10.0,203.17272147044872,203.172721470449,61.1584310818981,15.349133602488733,60.879488685191696,5.834513675439972,0.0,0.0,0.0,4.085620730620576e-14,1.4488410471358293e-14,3.0059288391726113e-14,1.2434497875801753e-14,2.8421709430404007e-13,4.440892098500626e-14,True
3,41,10.25,203.17272147044872,203.17272147044937,62.65910226052764,14.378797126203967,62.397351489842315,5.72133054003468,0.0,0.0,0.0,4.4853010194856324e-14,1.659783421814609e-14,2.7894353493707058e-14,1.5432100042289676e-14,6.536993168992922e-13,4.75175454539567e-14,True
3,42,10.5,203.17272147044872,203.17272147044878,64.14941362303516,16.28773800016068,63.915655965542804,5.471397506453172,0.0,0.0,0.0,4.707345624410664e-14,1.6431300764452317e-14,3.09127723419067e-14,1.554312234475219e-14,5.684341886080802e-14,4.807265696626928e-14,True
3,43,10.75,203.17272147044872,203.17272147044878,65.7099620150346,15.76011889418681,65.43437136739747,6.011834309992624,0.0,0.0,0.0,5.3290705182007514e-14,1.3489209749195652e-14,3.5034475320827596e-14,1.2045919817182948e-14,5.684341886080802e-14,4.6629367034256575e-14,True
3,44,11.0,203.17272147044872,203.17272147044855,67.30659751055985,13.017633352598624,66.95346973211699,6.885561653125825,0.0,0.0,0.0,5.5067062021407764e-14,1.2989609388114332e-14,3.785860513971784e-14,1.3086753902769033e-14,1.7053025658242404e-13,4.9960036108132044e-14,True
3,45,11.25,203.17272147044872,203.17272147044832,68.82620152198643,14.349106728558658,68.47292557116778,6.9645157527573325,0.0,0.0,0.0,5.684341886080802e-14,1.176836406102666e-14,4.153621890878867e-14,1.199040866595169e-14,3.979039320256561e-13,5.284661597215745e-14,True
3,46,11.5,203.17272147044872,203.17272147044855,70.31580655107042,15.291989139095811,69.99271560356848,6.732934974105914,0.0,0.0,0.0,5.595524044110789e-14,9.547918011776346e-15,3.938516179857743e-14,9.2148511043888e-15,1.7053025658242404e-13,5.229150445984487e-14,True
3,47,11.75,203.17272147044872,203.17272147044855,71.81438542268242,13.725873488472654,71.51281852249647,6.574400398976689,0.0,0.0,0.0,5.684341886080802e-14,7.327471962526033e-15,4.1494585545365226e-14,6.494804694057166e-15,1.7053025658242404e-13,5.540012892879531e-14,True
3,48,12.0,203.17272147044872,203.172721470449,73.27406664322744,15.491352696284512,73.03321479082767,5.936192361519751,0.0,0.0,0.0,5.861977570020827e-14,7.438494264988549e-15,4.228561945041065e-14,6.494804694057166e-15,2.8421709430404007e-13,5.828670879282072e-14,True
4,0,0.0,303.72092912486573,303.7209291248656,10.587890441754523,10.995533688639537,5.980126751346673,8.737362762551676,4.718447854656915e-15,5.218048215738236e-15,0.0,3.219646771412954e-15,2.7755575615628914e-15,3.191891195797325e-15,3.1363800445660672e-15,1.1368683772161603e-13,3.219646771412954e-15,True
4,1,0.25,303.72092912486573,303.7209291248656,9.88486234091675,17.745437603941475,6.32199864886741,7.598870743906149,0.0,0.0,0.0,3.219646771412954e-15,7.494005416219807e-15,2.5326962749261384e-15,7.93809462606987e-15,1.1368683772161603e-13,3.524958103184872e-15,True
4,2,0.5,303.72092912486573,303.7209291248657,9.198072686544052,21.373988868787308,7.050550275222338,5.907138221127882,0.0,0.0,0.0,4.9960036108132044e-15,9.769962616701378e-15,2.994132719535969e-15,1.071365218763276e-14,5.684341886080802e-14,4.6074255521944e-15,True
4,3,0.75,303.72092912486573,303.72092912486573,10.152335145817101,18.058471039673197,8.061618495292457,6.170916961793582,0.0,0.0,0.0,6.439293542825908e-15,9.603429163007604e-15,3.497202527569243e-15,8.93729534823251e-15,0.0,6.217248937900877e-15,True
4,4,1.0,303.72092912486573,303.7209291248659,11.446060467602113,18.251502661127244,9.26315106520952,6.723565465667127,0.0,0.0,0.0,7.549516567451064e-15,9.2148511043888e-15,4.9404924595819466e-15,8.548717289613705e-15,1.7053025658242404e-13,8.271161533457416e-15,True
4,5,1.25,303.72092912486573,303.72092912486596,12.895131924818362,18.464482627479025,10.590518583298472,7.356992829633543,0.0,0.0,0.0,8.43769498715119e-15,9.547918011776346e-15,5.245803791353865e-15,8.992806499463768e-15,2.2737367544323206e-13,8.93729534823251e-15,True
4,6,1.5,303.72092912486573,303.72092912486596,14.397763673739238,14.859994096518982,12.00204321699166,7.9527704243433,0.0,0.0,0.0,9.298117831235686e-15,8.43769498715119e-15,5.578870698741412e-15,8.1601392309949e-15,2.2737367544323206e-13,9.520162436160717e-15,True
4,7,1.75,303.72092912486573,303.7209291248658,15.275888736127893,18.1682399757882,13.471296901743651,7.202564575457193,0.0,0.0,0.0,1.0796918914479647e-14,8.548717289613705e-15,6.140921104957897e-15,8.770761894538737e-15,5.684341886080802e-14,1.0880185641326534e-14,True
4,8,2.0,303.72092912486573,303.72092912486573,16.318534281635525,21.129675783807365,14.981304361115152,6.4695502734383314,0.0,0.0,0.0,1.2323475573339238e-14,8.659739592076221e-15,7.188694084447889e-15,9.2148511043888e-15,0.0,1.1546319456101628e-14,True
4,9,2.25,303.72092912486573,303.72092912486573,18.10487784068144,16.687698516972034,16.520894703945512,7.405851727326361,0.0,0.0,0.0,1.2323475573339238e-14,9.325873406851315e-15,7.743805596760467e-15,8.43769498715119e-15,0.0,1.2212453270876722e-14,True
4,10,2.5,303.72092912486573,303.72092912486573,19.661928278620273,15.800100393698767,18.08251322660622,7.721019300793045,0.0,0.0,0.0,1.3433698597964394e-14,1.3322676295501878e-14,8.326672684688674e-15,1.2351231148954867e-14,0.0,1.4099832412739488e-14,True
4,11,2.75,303.72092912486573,303.72092912486573,20.871578952399627,19.3164427763926,19.660911694908005,7.005095237845137,0.0,0.0,0.0,1.5765166949677223e-14,1.3766765505351941e-14,1.1657341758564144e-14,1.3600232051658168e-14,0.0,1.609823385706477e-14,True
4,12,3.0,303.72092912486573,303.72092912486573,22.29686143585907,17.75082042468233,21.252351730399134,6.744447777045963,0.0,0.0,0.0,1.5987211554602254e-14,1.3100631690576847e-14,1.444677710793485e-14,1.226796442210798e-14,0.0,1.7763568394002505e-14,True
4,13,3.25,303.72092912486573,303.72092912486585,23.740586250848704,18.296555662453656,22.85410905686929,6.42690709056166,0.0,0.0,0.0,1.9984014443252818e-14,1.0880185641326534e-14,1.6514567491299204e-14,1.0047518372857667e-14,1.1368683772161603e-13,1.9872992140790302e-14,True
4,14,3.5,303.72092912486573,303.7209291248656,25.296825940814568,20.604277025145667,24.464157226583502,6.4369568798362495,0.0,0.0,0.0,2.1760371282653068e-14,1.1823875212257917e-14,1.9508700210835173e-14,1.0158540675320182e-14,1.1368683772161603e-13,2.3647750424515834e-14,True
4,15,3.75,303.72092912486573,303.72092912486585,27.198023727528863,15.845361022735647,26.080960836283776,7.714659845998074,0.0,0.0,0.0,2.3092638912203256e-14,1.0103029524088925e-14,2.145505995088115e-14,8.548717289613705e-15,1.1368683772161603e-13,2.5091040356528538e-14,True
4,16,4.0,303.72092912486573,303.720929124866,28.796371435752246,14.121271189016884,27.70333714182437,7.858506160347686,0.0,0.0,0.0,2.5757174171303632e-14,7.93809462606987e-15,2.2787327580431338e-14,7.605027718682322e-15,2.8421709430404007e-13,2.9753977059954195e-14,True
4,17,4.25,303.72092912486573,303.7209291248659,29.99798128129513,20.91287341809744,29.330361415373833,6.293550682761111,0.0,0.0,0.0,2.7533531010703882e-14,1.0602629885170245e-14,2.4896751327219135e-14,9.242606680004428e-15,1.7053025658242404e-13,3.108624468950438e-14,True
4,18,4.5,303.72092912486573,303.72092912486596,31.58225182084773,20.411207120191264,30.961300909883647,6.231891851041543,0.0,0.0,0.0,2.930988785010413e-14,1.1102230246251565e-14,2.6645352591003757e-14,9.2148511043888e-15,2.2737367544323206e-13,3.341771304121721e-14,True
4,19,4.75,303.72092912486573,303.7209291248656,33.461242302927694,15.632714926632817,32.59556792911149,7.561989674280012,0.0,0.0,0.0,3.108624468950438e-14,8.326672684688674e-15,2.7679247782685934e-14,6.661338147750939e-15,1.1368683772161603e-13,3.583244811977693e-14,True
4,20,5.0,303.72092912486573,303.7209291248655,35.115036736790415,17.476688086630816,34.23268590869445,7.822341113938592,0.0,0.0,0.0,3.197442310920451e-14,1.049160758270773e-14,2.7949864644938316e-14,9.103828801926284e-15,2.2737367544323206e-13,3.7136960173711486e-14,True
4,21,5.25,303.72092912486573,303.7209291248655,36.6775259680052,17.716592819390193,35.87226451924078,7.643399073404093,0.0,0.0,0.0,3.1530333899354446e-14,1.0935696792557792e-14,2.867150961094467e-14,9.325873406851315e-15,2.2737367544323206e-13,4.057865155004947e-14,True
4,22,5.5,303.72092912486573,303.7209291248654,38.190004533511335,16.51506880502839,37.513981130592924,7.153856722295691,0.0,0.0,0.0,3.3306690738754696e-14,8.326672684688674e-15,3.011479954295737e-14,6.5503158452884236e-15,3.410605131648481e-13,4.1744385725905886e-14,True
4,23,5.75,303.72092912486573,303.72092912486545,39.610608027155045,20.531413425148475,39.15756683078802,5.973711423670415,0.0,0.0,0.0,3.552713678800501e-14,9.547918011776346e-15,3.162747841400915e-14,8.104628079763643e-15,2.8421709430404007e-13,4.196643033083092e-14,True
4,24,6.0,303.72092912486573,303.7209291248655,41.2903825876854,20.050224169169688,40.80279575300967,6.3267331993383324,0.0,0.0,0.0,3.68594044175552e-14,7.771561172376096e-15,3.189115638235762e-14,6.439293542825908e-15,2.2737367544323206e-13,4.218847493575595e-14,True
4,25,6.25,303.72092912486573,303.7209291248658,43.139818211708885,14.56501700080867,42.44947683693012,7.686730879263541,0.0,0.0,0.0,3.6415315207705135e-14,5.995204332975845e-15,3.325117958752344e-14,4.773959005888173e-15,5.684341886080802e-14,4.318767565791859e-14,True
4,26,6.5,303.72092912486573,303.72092912486596,44.73452298092363,17.180084507756284,44.09744740355565,7.5228105666318115,0.0,0.0,0.0,3.6415315207705135e-14,7.993605777301127e-15,3.3306690738754696e-14,5.620504062164855e-15,2.2737367544323206e-13,4.529709940470639e-14,True
4,27,6.75,303.72092912486573,303.72092912486585,46.25309719504364,19.80624303732658,45.74656809644514,6.826456440310803,0.0,0.0,0.0,3.6415315207705135e-14,9.547918011776346e-15,3.391731340229853e-14,7.66053886991358e-15,1.1368683772161603e-13,4.4075854077618715e-14,True
4,28,7.0,303.72092912486573,303.72092912486596,47.9020326887019,17.13943978934191,47.396718863325084,6.939436338809423,0.0,0.0,0.0,3.8191672047105385e-14,6.772360450213455e-15,3.394506897791416e-14,5.662137425588298e-15,2.2737367544323206e-13,4.6629367034256575e-14,True
4,29,7.25,303.72092912486573,303.7209291248663,49.51310781907801,18.71517734897905,49.04779573771391,6.7721177762304805,0.0,0.0,0.0,3.6415315207705135e-14,6.8833827526759706e-15,3.502753642692369e-14,5.773159728050814e-15,5.684341886080801e-13,5.040412531798211e-14,True
4,30,7.5,303.72092912486573,303.7209291248661,51.18372159696196,19.666983846869087,50.69970824137931,7.022317335062864,0.0,0.0,0.0,3.6415315207705135e-14,7.716050021144838e-15,3.277239590815384e-14,9.38832345198648e-15,3.410605131648481e-13,4.904410211281629e-14,True
4,31,7.75,303.72092912486573,303.72092912486585,52.94553029719443,14.568848121474602,52.352377272732426,7.903022987732141,0.0,0.0,0.0,3.730349362740526e-14,6.439293542825908e-15,3.427813588530171e-14,6.439293542825908e-15,1.1368683772161603e-13,5.240252676230739e-14,True
4,32,8.0,303.72092912486573,303.72092912486556,54.49616756318547,16.76213910326659,54.005733378643086,7.294726952374868,0.0,0.0,0.0,3.9968028886505635e-14,6.5503158452884236e-15,3.434752482434078e-14,6.744604874597826e-15,1.7053025658242404e-13,5.051514762044462e-14,True
4,33,8.25,303.72092912486573,303.7209291248658,55.980891836660454,21.724337268614093,55.65971533107857,5.988016373656139,0.0,0.0,0.0,3.907985046680551e-14,8.548717289613705e-15,3.522182545623309e-14,8.1601392309949e-15,5.684341886080802e-14,5.35682609381638e-14,True
4,34,8.5,303.72092912486573,303.72092912486613,57.72073629300507,18.226267774513083,57.314268947805395,6.837980197782181,0.0,0.0,0.0,4.263256414560601e-14,1.1546319456101628e-14,3.733124920302089e-14,9.43689570931383e-15,3.979039320256561e-13,5.051514762044462e-14,True
4,35,8.75,303.72092912486573,303.72092912486653,59.478838537486624,15.11603995394508,58.96934610981442,7.768426684298297,0.0,0.0,0.0,4.1744385725905886e-14,1.1324274851176597e-14,3.907985046680551e-14,9.325873406851315e-15,7.958078640513122e-13,5.284661597215745e-14,True
4,36,9.0,303.72092912486573,303.72092912486613,61.077976818379135,18.622942387385788,60.62490393831438,7.425649782787513,0.0,0.0,0.0,4.707345624410664e-14,1.1213252548714081e-14,4.132805209167145e-14,8.93729534823251e-15,3.979039320256561e-13,5.5067062021407764e-14,True
4,37,9.25,303.72092912486573,303.7209291248662,62.69077821307668,17.94508801105317,62.280904101928826,7.157000573390633,0.0,0.0,0.0,4.796163466380676e-14,9.880984919163893e-15,4.331257574818892e-14,7.771561172376096e-15,4.547473508864641e-13,5.728750807065808e-14,True
4,38,9.5,303.72092912486573,303.7209291248658,64.30151804347155,17.593401123439257,63.93731223073512,6.834129601082074,0.0,0.0,0.0,4.973799150320701e-14,8.104628079763643e-15,4.669008235591576e-14,8.326672684688674e-15,5.684341886080802e-14,5.700995231450179e-14,True
4,39,9.75,303.72092912486573,303.72092912486505,65.90848200778797,20.323924305875057,65.59409741844472,6.429804385087832,0.0,0.0,0.0,5.240252676230739e-14,9.048317650695026e-15,4.250766405533568e-14,9.547918011776346e-15,6.821210263296962e-13,6.217248937900877e-14,True
4,40,10.0,303.72092912486573,303.7209291248657,67.63827968925713,17.25949682335893,67.25123179766572,7.225558872420088,0.0,0.0,0.0,5.417888360170764e-14,1.0658141036401503e-14,4.951594689828198e-14,1.1268763699945339e-14,5.684341886080802e-14,6.517009154549669e-14,True
4,41,10.25,303.72092912486573,303.72092912486556,69.31936351064797,14.7226872562928,68.90869017605372,7.5343596769726435,0.0,0.0,0.0,5.5067062021407764e-14,1.0658141036401503e-14,5.0154325137441447e-14,1.0352829704629585e-14,1.7053025658242404e-13,6.661338147750939e-14,True
4,42,10.5,303.72092912486573,303.72092912486517,70.85610323897446,20.243586310309702,70.56644972342316,6.400276528697676,0.0,0.0,0.0,5.595524044110789e-14,1.1324274851176597e-14,5.154210391822289e-14,1.0658141036401503e-14,5.684341886080801e-13,7.105427357601002e-14,True
4,43,10.75,303.72092912486573,303.7209291248654,72.50936460416925,20.20625873861753,72.22448970169677,6.421140290466439,0.0,0.0,0.0,5.950795411990839e-14,1.0436096431476471e-14,5.645484080218921e-14,9.880984919163893e-15,3.410605131648481e-13,6.972200594645983e-14,True
4,44,11.0,303.72092912486573,303.72092912486556,74.27589150881509,15.762418841735583,73.88279123101428,7.631593499632429,0.0,0.0,0.0,6.128431095930864e-14,9.103828801926284e-15,5.6614435361979076e-14,8.881784197001252e-15,1.7053025658242404e-13,7.238654120556021e-14,True
4,45,11.25,303.72092912486573,303.7209291248656,75.94892013888594,17.684562990421227,75.54133708648416,7.857789857781207,0.0,0.0,0.0,6.483702463810914e-14,1.0158540675320182e-14,5.613565168260948e-14,9.769962616701378e-15,1.1368683772161603e-13,7.294165271787278e-14,True
4,46,11.5,303.72092912486573,303.72092912486596,77.58921966688177,17.792344046350678,77.20011152100145,7.760785376530681,0.0,0.0,0.0,7.016609515630989e-14,1.3600232051658168e-14,5.975775430044905e-14,1.124100812432971e-14,2.2737367544323206e-13,8.054668043655511e-14,True
4,47,11.75,303.72092912486573,303.72092912486573,79.20045855863233,15.377224301413134,78.85910011031918,7.345404392427624,0.0,0.0,0.0,6.572520305780927e-14,8.992806499463768e-15,6.170758348744698e-14,7.549516567451064e-15,0.0,8.248957072964913e-14,True
4,48,12.0,303.72092912486573,303.72092912486585,80.71656847142218,20.39360088931745,80.51828961718368,5.654154483662125,0.0,0.0,0.0,6.750155989720952e-14,9.048317650695026e-15,6.20128948192189e-14,7.605027718682322e-15,1.1368683772161603e-13,8.465450562766819e-14,True
5,0,0.0,321.46695654360633,321.46695654360616,11.798235720625623,10.889096290084055,7.063333964467452,9.450274039722174,3.774758283725532e-15,5.925815393936773e-15,0.0,3.039235529911366e-15,3.552713678800501e-15,3.4833247397614286e-15,2.581268532253489e-15,1.7053025658242404e-13,2.6645352591003757e-15,True
5,1,0.25,321.46695654360633,321.46695654360605,10.749539070793462,17.894830223285716,7.25756124283335,7.9297159495809435,0.0,0.0,0.0,2.886579864025407e-15,7.549516567451064e-15,2.831068712794149e-15,6.661338147750939e-15,2.8421709430404007e-13,2.858824288409778e-15,True
5,2,0.5,321.46695654360633,321.4669565436061,9.568906637164977,22.940895915890458,7.8086737585132715,5.5306951067552195,0.0,0.0,0.0,3.6637359812630166e-15,1.0075273948473296e-14,2.4424906541753444e-15,9.992007221626409e-15,2.2737367544323206e-13,4.6074255521944e-15,True
5,3,0.75,321.46695654360633,321.4669565436061,10.47105901191202,19.051351917193774,8.648714280969775,5.902780541159683,0.0,0.0,0.0,6.106226635438361e-15,8.881784197001252e-15,3.1086244689504383e-15,7.549516567451064e-15,2.2737367544323206e-13,7.549516567451064e-15,True
5,4,1.0,321.46695654360633,321.4669565436061,11.90780593101536,18.115691916368576,9.70292810106037,6.90282756241075,0.0,0.0,0.0,8.215650382226158e-15,8.770761894538737e-15,4.315992008230296e-15,7.049916206369744e-15,2.2737367544323206e-13,9.658940314238862e-15,True
5,5,1.25,321.46695654360633,321.466956543606,13.325227110583793,19.25081376464457,10.909401950995449,7.651576740793623,0.0,0.0,0.0,8.881784197001252e-15,7.549516567451064e-15,5.2735593669694936e-15,8.43769498715119e-15,3.410605131648481e-13,1.0880185641326534e-14,True
5,6,1.5,321.46695654360633,321.4669565436061,14.856665384622225,15.357372659895992,12.223132589314382,8.444852636646356,0.0,0.0,0.0,1.1546319456101628e-14,6.8833827526759706e-15,5.773159728050814e-15,5.828670879282072e-15,2.2737367544323206e-13,1.482147737874584e-14,True
5,7,1.75,321.46695654360633,321.46695654360605,15.746752144439478,17.892803702754623,13.61310294668615,7.914772975981949,0.0,0.0,0.0,1.3766765505351941e-14,7.216449660063518e-15,7.216449660063518e-15,6.772360450213455e-15,2.8421709430404007e-13,1.7430501486614958e-14,True
5,8,2.0,321.46695654360633,321.4669565436061,16.642264429673993,21.927442866649287,15.05821555004877,7.086262046767794,0.0,0.0,0.0,1.509903313490213e-14,9.18709552877317e-15,7.806255641895632e-15,9.325873406851315e-15,2.2737367544323206e-13,1.9539925233402755e-14,True
5,9,2.25,321.46695654360633,321.4669565436063,18.366565978345022,17.463589725023553,16.544026760130862,7.976586011381993,0.0,0.0,0.0,1.4654943925052066e-14,8.215650382226158e-15,7.438494264988549e-15,7.993605777301127e-15,5.684341886080802e-14,1.8485213360008856e-14,True
5,10,2.5,321.46695654360633,321.46695654360616,19.911350639271113,15.486107047147145,18.060494719183662,8.383341504337116,0.0,0.0,0.0,1.5987211554602254e-14,6.994405055138486e-15,8.604228440844963e-15,6.827871601444713e-15,1.7053025658242404e-13,2.0483614804334138e-14,True
5,11,2.75,321.46695654360633,321.46695654360616,20.996804476543954,20.037891381080662,19.60050508882196,7.5290104588372415,0.0,0.0,0.0,1.5987211554602254e-14,7.66053886991358e-15,8.715250743307479e-15,7.549516567451064e-15,1.7053025658242404e-13,2.0539125955565396e-14,True
5,12,3.0,321.46695654360633,321.46695654360616,22.346904289697818,18.474908165753032,21.158918028711916,7.18918070347134,0.0,0.0,0.0,1.7763568394002505e-14,7.327471962526033e-15,9.43689570931383e-15,6.772360450213455e-15,1.7053025658242404e-13,2.5202062658991053e-14,True
5,13,3.25,321.46695654360633,321.466956543606,23.747847086169237,17.94296005721214,22.731949030562784,6.871588935608167,0.0,0.0,0.0,1.7763568394002505e-14,8.881784197001252e-15,9.645062526431047e-15,7.244205235679146e-15,3.410605131648481e-13,2.453592884421596e-14,True
5,14,3.5,321.46695654360633,321.46695654360593,25.162271053059374,21.59887431434138,24.316761369146146,6.467998226934783,0.0,0.0,0.0,2.042810365310288e-14,1.251776460264864e-14,1.1823875212257917e-14,1.2878587085651816e-14,3.979039320256561e-13,2.8310687127941492e-14,True
5,15,3.75,321.46695654360633,321.466956543606,27.038172181490083,17.716386930684457,25.911193380727024,7.724817959180145,0.0,0.0,0.0,2.1316282072803006e-14,1.2295719997723609e-14,1.2934098236883074e-14,1.2101430968414206e-14,3.410605131648481e-13,2.5479618415147343e-14,True
5,16,4.0,321.46695654360633,321.4669565436061,28.765554169720744,13.542166323554733,27.51357271450594,8.394070715375998,0.0,0.0,0.0,2.398081733190338e-14,9.2148511043888e-15,1.454392162258955e-14,8.271161533457416e-15,2.2737367544323206e-13,3.2807090377673376e-14,True
5,17,4.25,321.46695654360633,321.46695654360605,29.976868310518178,20.57936745623842,29.12258757035368,7.105457544256415,0.0,0.0,0.0,2.5757174171303632e-14,8.104628079763643e-15,1.554312234475219e-14,8.715250743307479e-15,2.8421709430404007e-13,3.2307490016592055e-14,True
5,18,4.5,321.46695654360633,321.4669565436061,31.462956695455933,21.288688907678633,30.7371959072875,6.718811783132759,0.0,0.0,0.0,2.398081733190338e-14,7.382983113757291e-15,1.4953316362920077e-14,8.659739592076221e-15,2.2737367544323206e-13,3.1530333899354446e-14,True
5,19,4.75,321.46695654360633,321.46695654360605,33.297566207935496,16.145574981826332,32.35656038373924,7.86008368309675,0.0,0.0,0.0,2.6645352591003757e-14,6.439293542825908e-15,1.572353358625378e-14,6.217248937900877e-15,2.8421709430404007e-13,3.375077994860476e-14,True
5,20,5.0,321.46695654360633,321.4669565436063,34.917378925557195,18.218443339553513,33.98000102506909,8.036347514091773,0.0,0.0,0.0,2.930988785010413e-14,7.299716386910404e-15,1.637578961322106e-14,7.049916206369744e-15,5.684341886080802e-14,3.574918139293004e-14,True
5,21,5.25,321.46695654360633,321.4669565436064,36.484685799338905,19.11928587583918,35.60696029759306,7.954663804468008,0.0,0.0,0.0,3.019806626980426e-14,8.770761894538737e-15,1.7763568394002505e-14,6.661338147750939e-15,5.684341886080802e-14,3.3861802251067274e-14,True
5,22,5.5,321.46695654360633,321.46695654360656,38.08504082590583,16.33633160471199,37.2369769957039,7.99236378878816,0.0,0.0,0.0,3.2862601528904634e-14,7.549516567451064e-15,1.8471335572201042e-14,6.716849298982197e-15,2.2737367544323206e-13,3.5638159090467525e-14,True
5,23,5.75,321.46695654360633,321.4669565436063,39.52515812393013,20.002820329412028,38.869666477811876,7.168483286257085,0.0,0.0,0.0,3.375077994860476e-14,7.13318293321663e-15,2.0761170560490427e-14,7.771561172376096e-15,5.684341886080802e-14,3.4638958368304884e-14,True
5,24,6.0,321.46695654360633,321.466956543606,41.124537020405384,20.768165181181953,40.50470553636484,7.113112859716853,0.0,0.0,0.0,3.552713678800501e-14,9.242606680004428e-15,2.042810365310288e-14,9.936496070395151e-15,3.410605131648481e-13,3.4638958368304884e-14,True
5,25,6.25,321.46695654360633,321.46695654360565,42.914754745110095,15.125965708177294,42.14182069218717,8.108213340834972,0.0,0.0,0.0,4.085620730620576e-14,7.049916206369744e-15,2.220446049250313e-14,6.38378239159465e-15,6.821210263296962e-13,4.3520742565306136e-14,True
5,26,6.5,321.46695654360633,321.4669565436059,44.45359396091235,17.58496593621222,43.780779048468595,7.70489467486976,0.0,0.0,0.0,3.907985046680551e-14,8.215650382226158e-15,2.2620794126737565e-14,6.356026815979021e-15,4.547473508864641e-13,3.930189507173054e-14,True
5,27,6.75,321.46695654360633,321.4669565436062,45.922205961289436,21.10764528694754,45.4213810787688,6.763663300930195,0.0,0.0,0.0,3.730349362740526e-14,1.0408340855860843e-14,2.508410146262463e-14,9.2148511043888e-15,1.1368683772161603e-13,3.774758283725532e-14,True
5,28,7.0,321.46695654360633,321.4669565436062,47.59627633716949,17.388767407915683,47.06345489111681,7.1018824881867655,0.0,0.0,0.0,4.263256414560601e-14,7.438494264988549e-15,2.500777362968165e-14,5.88418203051333e-15,1.1368683772161603e-13,4.463096558993129e-14,True
5,29,7.25,321.46695654360633,321.46695654360633,49.21061346246195,18.155277090379272,48.70685162938759,7.023324120718339,0.0,0.0,0.0,3.730349362740526e-14,7.494005416219807e-15,2.525757381022231e-14,6.813993813636898e-15,0.0,3.852473895449293e-14,True
5,30,7.5,321.46695654360633,321.46695654360644,50.8162799577037,21.029726004948422,50.35144175869949,6.857595902356114,0.0,0.0,0.0,3.730349362740526e-14,8.43769498715119e-15,2.248201624865942e-14,7.466249840604178e-15,1.1368683772161603e-13,4.007905118896815e-14,True
5,31,7.75,321.46695654360633,321.46695654360605,52.59016877193645,16.446249593934997,51.9971120437066,7.875670801587685,0.0,0.0,0.0,3.552713678800501e-14,6.328271240363392e-15,2.270406085358445e-14,4.9404924595819466e-15,2.8421709430404007e-13,4.3076653355456074e-14,True
5,32,8.0,321.46695654360633,321.46695654360593,54.22878166671634,16.53061058409435,53.64376307424178,7.944019403992161,0.0,0.0,0.0,3.730349362740526e-14,6.994405055138486e-15,2.145505995088115e-14,5.995204332975845e-15,3.979039320256561e-13,4.463096558993129e-14,True
5,33,8.25,321.46695654360633,321.46695654360605,55.758222787182284,21.90586055842099,55.29130722653006,7.200746736729262,0.0,0.0,0.0,4.263256414560601e-14,1.1407541578023483e-14,2.300937218535637e-14,1.0658141036401503e-14,2.8421709430404007e-13,4.729550084903167e-14,True
5,34,8.5,321.46695654360633,321.466956543606,57.51683796550313,18.568206135803084,56.93966697343097,8.127790259641152,0.0,0.0,0.0,3.907985046680551e-14,9.18709552877317e-15,2.273181642920008e-14,8.659739592076221e-15,3.410605131648481e-13,4.463096558993129e-14,True
5,35,8.75,321.46695654360633,321.4669565436065,59.272121836353115,14.269217538985194,58.5887734761998,8.97441081843455,0.0,0.0,0.0,4.263256414560601e-14,8.881784197001252e-15,2.353672812205332e-14,7.549516567451064e-15,1.7053025658242404e-13,4.796163466380676e-14,True
5,36,9.0,321.46695654360633,321.4669565436062,60.796624798279666,19.011746886674974,60.2385654047241,8.218565862945475,0.0,0.0,0.0,4.085620730620576e-14,9.103828801926284e-15,2.731148640577885e-14,9.325873406851315e-15,1.1368683772161603e-13,4.651834473179406e-14,True
5,37,9.25,321.46695654360633,321.4669565436059,62.3303758822261,19.152040217340982,61.88898794427431,7.404655890253306,0.0,0.0,0.0,4.618527782440651e-14,1.0658141036401503e-14,2.8449465006019636e-14,8.326672684688674e-15,4.547473508864641e-13,5.1181281435219717e-14,True
5,38,9.5,321.46695654360633,321.466956543606,63.90560076323784,17.847114930901757,63.53999195536129,6.826069969093976,0.0,0.0,0.0,4.618527782440651e-14,9.992007221626409e-15,2.78388423424758e-14,8.104628079763643e-15,3.410605131648481e-13,5.861977570020827e-14,True
5,39,9.75,321.46695654360633,321.466956543606,65.47373674820028,21.076120008203098,65.19153325993925,6.072412616980731,0.0,0.0,0.0,5.3290705182007514e-14,8.409939411535561e-15,3.3362201889985954e-14,7.743805596760467e-15,3.410605131648481e-13,5.5566662382489085e-14,True
5,40,10.0,321.46695654360633,321.4669565436062,67.19231528988094,18.70561608233835,66.84357203239286,6.836966576273103,0.0,0.0,0.0,5.684341886080802e-14,1.0158540675320182e-14,3.519406988061746e-14,9.520162436160717e-15,1.1368683772161603e-13,5.4289905904170155e-14,True
5,41,10.25,321.46695654360633,321.46695654360656,68.91110301388038,14.759148345643458,68.49607227784058,7.551701867690103,0.0,0.0,0.0,5.5067062021407764e-14,8.326672684688674e-15,3.512468094157839e-14,7.438494264988549e-15,2.2737367544323206e-13,6.156186671546493e-14,True
5,42,10.5,321.46695654360633,321.46695654360633,70.46472073558502,20.545172617361395,70.14900138352765,6.662917772103951,0.0,0.0,0.0,5.3290705182007514e-14,7.66053886991358e-15,3.6012859361278515e-14,9.96425164601078e-15,0.0,6.333822355486518e-14,True
5,43,10.75,321.46695654360633,321.46695654360576,72.12923166099833,21.28059797706897,71.80232973166478,6.859409968156999,0.0,0.0,0.0,6.039613253960852e-14,8.548717289613705e-15,3.649858193455202e-14,8.382183835919932e-15,5.684341886080801e-13,6.616929226765933e-14,True
5,44,11.0,321.46695654360633,321.46695654360536,73.93696902993226,15.382193474410602,73.45603036413551,8.419441339920587,0.0,0.0,0.0,6.039613253960852e-14,7.549516567451064e-15,3.877453913503359e-14,5.10702591327572e-15,9.663381206337363e-13,6.872280522429719e-14,True
5,45,11.25,321.46695654360633,321.46695654360474,75.60912737641031,17.328640614035248,75.11007869116119,8.672728615021445,0.0,0.0,0.0,6.039613253960852e-14,9.992007221626409e-15,4.157785227221211e-14,8.659739592076221e-15,1.5916157281026244e-12,6.650235917504688e-14,True
5,46,11.5,321.46695654360633,321.46695654360553,77.21061138067883,19.264822607779585,76.76445223735783,8.288388412509388,0.0,0.0,0.0,5.861977570020827e-14,1.1185496973098452e-14,4.168887457467463e-14,1.0658141036401503e-14,7.958078640513122e-13,6.727951529228449e-14,True
5,47,11.75,321.46695654360633,321.46695654360644,78.82733100705555,16.16337604726893,78.41913041971516,8.011747494248901,0.0,0.0,0.0,6.217248937900877e-14,9.880984919163893e-15,4.424238753131249e-14,7.105427357601002e-15,1.1368683772161603e-13,6.905587213168474e-14,True
5,48,12.0,321.46695654360633,321.4669565436056,80.358568742616,20.113624145591295,80.07409435292129,6.755663100036979,0.0,0.0,0.0,7.460698725481052e-14,7.882583474838611e-15,4.116151863797768e-14,7.993605777301127e-15,7.389644451905042e-13,7.593925488436071e-14,True
6,0,0.0,291.7887112249915,291.78871122499146,10.431162704933804,9.848595723961221,6.439500110570416,8.20621677161684,3.9968028886505635e-15,3.3306690738754696e-15,0.0,3.9968028886505635e-15,2.1094237467877974e-15,2.3314683517128287e-15,2.9976021664879227e-15,5.684341886080802e-14,3.219646771412954e-15,True
6,1,0.25,291.7887112249915,291.7887112249915,9.379396664241458,17.410716162674955,6.516833936685039,6.745662104408577,0.0,0.0,0.0,3.3306690738754696e-15,7.327471962526033e-15,2.921274333544943e-15,5.995204332975845e-15,0.0,3.191891195797325e-15,True
6,2,0.5,291.7887112249915,291.78871122499146,8.34676223037087,22.331333332001513,6.809249561934514,4.827272535670667,0.0,0.0,0.0,2.9976021664879227e-15,8.548717289613705e-15,2.7755575615628914e-15,7.66053886991358e-15,5.684341886080802e-14,4.8155923693116165e-15,True
6,3,0.75,291.7887112249915,291.7887112249915,9.611543719492794,16.236783272475954,7.290913988599996,6.262934286942364,0.0,0.0,0.0,3.774758283725532e-15,6.772360450213455e-15,3.247402347028583e-15,6.2727600891321345e-15,0.0,5.88418203051333e-15,True
6,4,1.0,291.7887112249915,291.7887112249915,10.647824353322216,15.079112417925513,7.927406015570478,7.108614304032729,0.0,0.0,0.0,4.718447854656915e-15,7.105427357601002e-15,3.941291737419306e-15,7.993605777301127e-15,0.0,7.327471962526033e-15,True
6,5,1.25,291.7887112249915,291.78871122499146,11.06578645992273,19.025123478820582,8.68475086783294,6.857603979545932,0.0,0.0,0.0,6.439293542825908e-15,9.547918011776346e-15,4.6074255521944e-15,9.992007221626409e-15,5.684341886080802e-14,7.993605777301127e-15,True
6,6,1.5,291.7887112249915,291.78871122499146,11.931570085050721,15.64780974520404,9.534192220163657,7.173670148776572,0.0,0.0,0.0,7.882583474838611e-15,8.104628079763643e-15,5.440092820663267e-15,6.994405055138486e-15,5.684341886080802e-14,8.243405957841787e-15,True
6,7,1.75,291.7887112249915,291.7887112249915,12.420900146127364,16.477320615725944,10.453302688615478,6.7087423068896594,0.0,0.0,0.0,9.159339953157541e-15,9.825473767932635e-15,6.1201044232461754e-15,9.658940314238862e-15,0.0,8.659739592076221e-15,True
6,8,2.0,291.7887112249915,291.78871122499146,12.82746404661285,20.658547789867143,11.425280962089474,5.831534000969317,0.0,0.0,0.0,9.880984919163893e-15,1.2434497875801753e-14,6.855627177060342e-15,1.099120794378905e-14,5.684341886080802e-14,9.992007221626409e-15,True
6,9,2.25,291.7887112249915,291.7887112249914,14.172004942089302,16.756043752987093,12.4377387486486,6.793259813886763,0.0,0.0,0.0,1.1546319456101628e-14,8.43769498715119e-15,7.438494264988549e-15,8.104628079763643e-15,1.1368683772161603e-13,1.3489209749195652e-14,True
6,10,2.5,291.7887112249915,291.7887112249915,15.383333482068492,14.824655582156668,13.481559162451042,7.409083045145457,0.0,0.0,0.0,1.1546319456101628e-14,5.773159728050814e-15,8.743006318923108e-15,7.382983113757291e-15,0.0,1.3655743202889425e-14,True
6,11,2.75,291.7887112249915,291.7887112249914,16.112700691889515,18.982323156978183,14.549993878891588,6.922196306854798,0.0,0.0,0.0,1.2878587085651816e-14,8.125444761475364e-15,8.715250743307479e-15,9.423017921506016e-15,1.1368683772161603e-13,1.5987211554602254e-14,True
6,12,3.0,291.7887112249915,291.78871122499123,17.132431899875417,16.362761197664817,15.63799854377087,6.998087192146798,0.0,0.0,0.0,1.4654943925052066e-14,6.161737786669619e-15,9.103828801926284e-15,7.341349750333848e-15,2.8421709430404007e-13,1.7763568394002505e-14,True
6,13,3.25,291.7887112249915,291.78871122499146,17.98450205801521,16.068100680426223,16.74175818688883,6.569311005462767,0.0,0.0,0.0,1.687538997430238e-14,7.327471962526033e-15,9.811595980124821e-15,7.13318293321663e-15,5.684341886080802e-14,1.8041124150158794e-14,True
6,14,3.5,291.7887112249915,291.7887112249914,18.71976475609781,21.25330416669947,17.858351773767385,5.613275732406268,0.0,0.0,0.0,1.7985612998927536e-14,1.0935696792557792e-14,1.1227130336521896e-14,1.0824674490095276e-14,1.1368683772161603e-13,1.970645868709653e-14,True
6,15,3.75,291.7887112249915,291.78871122499123,20.209519603164402,16.96586990093817,18.985515034285065,6.926391663313733,0.0,0.0,0.0,1.8207657603852567e-14,1.049160758270773e-14,1.2240208846492351e-14,1.0547118733938987e-14,2.8421709430404007e-13,1.9095836023552692e-14,True
6,16,4.0,291.7887112249915,291.7887112249913,21.56650941902502,10.892678651788657,20.121471773023718,7.761488401608585,0.0,0.0,0.0,2.0872192862952943e-14,7.66053886991358e-15,1.3489209749195652e-14,6.689093723366568e-15,2.2737367544323206e-13,2.020605904817785e-14,True
6,17,4.25,291.7887112249915,291.7887112249915,22.126497537068232,19.780071372121434,21.264812805717288,6.114706010568995,0.0,0.0,0.0,2.19824158875781e-14,8.548717289613705e-15,1.4405143744511406e-14,8.43769498715119e-15,0.0,2.0650148258027912e-14,True
6,18,4.5,291.7887112249915,291.7887112249914,23.090971703794516,20.9397760532981,22.414408160062763,5.548628754886274,0.0,0.0,0.0,2.19824158875781e-14,7.771561172376096e-15,1.494117329858824e-14,8.826273045769994e-15,1.1368683772161603e-13,2.2648549702353193e-14,True
6,19,4.75,291.7887112249915,291.7887112249915,24.623922250781227,13.975267312910388,23.569342689681875,7.129069517746241,0.0,0.0,0.0,2.2648549702353193e-14,7.271960811294775e-15,1.6410484082740595e-14,7.78543896018391e-15,0.0,2.4313884239290928e-14,True
6,20,5.0,291.7887112249915,291.78871122499163,25.760771295520215,16.47822120259806,24.7288683250066,7.218061312054883,0.0,0.0,0.0,2.4868995751603507e-14,1.021405182655144e-14,1.6153745008296028e-14,8.770761894538737e-15,1.1368683772161603e-13,2.3647750424515834e-14,True
6,21,5.25,291.7887112249915,291.78871122499163,26.754306579623222,18.914096800372626,25.89236826946217,6.736333272264587,0.0,0.0,0.0,2.4868995751603507e-14,1.1268763699945339e-14,2.0289325775024736e-14,9.103828801926284e-15,1.1368683772161603e-13,2.5757174171303632e-14,True
6,22,5.5,291.7887112249915,291.78871122499163,27.913441035397312,15.580232754223186,27.05932986460438,6.852215533324389,0.0,0.0,0.0,2.6645352591003757e-14,6.661338147750939e-15,2.167710455580618e-14,6.772360450213455e-15,1.1368683772161603e-13,2.708944180085382e-14,True
6,23,5.75,291.7887112249915,291.7887112249915,28.912477390894225,18.451798518126186,28.229323813998295,6.247929727789698,0.0,0.0,0.0,2.842170943040401e-14,9.020562075079397e-15,2.285671651947041e-14,1.021405182655144e-14,0.0,2.6867397195928788e-14,True
6,24,6.0,291.7887112249915,291.7887112249914,30.061730172637986,19.7036793380619,29.40198812025735,6.263442787216866,0.0,0.0,0.0,3.064215547965432e-14,9.325873406851315e-15,2.2717938641392266e-14,1.0935696792557792e-14,1.1368683772161603e-13,2.886579864025407e-14,True
6,25,6.25,291.7887112249915,291.78871122499123,31.457372939845733,14.287910908551504,30.577015550998752,7.390022481056422,0.0,0.0,0.0,3.2862601528904634e-14,8.770761894538737e-15,2.325917236589703e-14,6.661338147750939e-15,2.8421709430404007e-13,2.864375403532904e-14,True
6,26,6.5,291.7887112249915,291.7887112249913,32.55906507002078,16.635518902880943,31.754143772779756,7.194933737810236,0.0,0.0,0.0,3.552713678800501e-14,9.048317650695026e-15,2.3203661214665772e-14,7.771561172376096e-15,2.2737367544323206e-13,2.90878432451791e-14,True
6,27,6.75,291.7887112249915,291.7887112249913,33.5832456211081,19.688385665191138,32.93314752089142,6.57587871047514,0.0,0.0,0.0,3.5083047578154947e-14,1.2295719997723609e-14,2.4289598110627253e-14,1.1129985821867194e-14,2.2737367544323206e-13,3.219646771412954e-14,True
6,28,7.0,291.7887112249915,291.7887112249913,34.819779105567946,15.03198648343092,34.11383233641902,6.975920031310406,0.0,0.0,0.0,3.597122599785507e-14,1.0880185641326534e-14,2.4792667918660527e-14,9.492406860545088e-15,2.2737367544323206e-13,3.5138558729386205e-14,True
6,29,7.25,291.7887112249915,291.7887112249917,35.86716586725539,17.16924767501232,35.29602951998854,6.375255875124393,0.0,0.0,0.0,4.04121180963557e-14,8.215650382226158e-15,2.525757381022231e-14,8.1601392309949e-15,1.7053025658242404e-13,3.4861002973229915e-14,True
6,30,7.5,291.7887112249915,291.7887112249915,36.92673991471295,21.154298653688056,36.479592037584226,5.729178431527156,0.0,0.0,0.0,3.8191672047105385e-14,6.6058269965196814e-15,2.6756374893466273e-14,6.050715484207103e-15,0.0,3.519406988061746e-14,True
6,31,7.75,291.7887112249915,291.7887112249914,38.33968258534402,14.794912417141342,37.66439117701674,7.164139725716881,0.0,0.0,0.0,3.8191672047105385e-14,4.884981308350689e-15,2.7661900547926166e-14,4.551914400963142e-15,1.1368683772161603e-13,3.624878175401136e-14,True
6,32,8.0,291.7887112249915,291.7887112249915,39.53159896787754,13.42786715003253,38.85031380048528,7.307560096292092,0.0,0.0,0.0,4.1744385725905886e-14,6.772360450213455e-15,2.6895152771544417e-14,6.855627177060342e-15,0.0,3.708144902248023e-14,True
6,33,8.25,291.7887112249915,291.7887112249915,40.441584811861055,21.281831355898728,40.03726007372506,5.704348155911587,0.0,0.0,0.0,3.907985046680551e-14,1.0047518372857667e-14,2.864375403532904e-14,8.548717289613705e-15,0.0,3.730349362740526e-14,True
6,34,8.5,291.7887112249915,291.78871122499174,41.70350132740991,18.803703916926292,41.22514157865445,6.298390650410261,0.0,0.0,0.0,3.8191672047105385e-14,7.882583474838611e-15,2.980948821118545e-14,7.438494264988549e-15,2.2737367544323206e-13,3.7969627442180354e-14,True
6,35,8.75,291.7887112249915,291.78871122499163,43.0860809176246,13.08610925482541,42.41387973651068,7.581106419046177,0.0,0.0,0.0,3.9968028886505635e-14,6.8833827526759706e-15,3.026745520884333e-14,5.773159728050814e-15,1.1368683772161603e-13,4.285460875053104e-14,True
6,36,9.0,291.7887112249915,291.78871122499123,44.1807784948413,17.931360119822234,43.60340448382855,7.1192911044479015,0.0,0.0,0.0,4.618527782440651e-14,7.771561172376096e-15,2.749189764728044e-14,8.493206138382448e-15,2.8421709430404007e-13,4.3076653355456074e-14,True
6,37,9.25,291.7887112249915,291.78871122499146,45.28879287931438,18.29571848255712,44.793653155459545,6.6785775022699445,0.0,0.0,0.0,4.707345624410664e-14,7.771561172376096e-15,2.9878877150224525e-14,7.771561172376096e-15,5.684341886080802e-14,4.2521541843143495e-14,True
6,38,9.5,291.7887112249915,291.78871122499106,46.46147774436442,16.067279983396265,45.98456953801943,6.639900495724784,0.0,0.0,0.0,4.973799150320701e-14,7.93809462606987e-15,3.189115638235762e-14,7.882583474838611e-15,4.547473508864641e-13,4.75175454539567e-14,True
6,39,9.75,291.7887112249915,291.7887112249916,47.57382323588957,19.5231103608453,47.17610306433079,6.138726003276762,0.0,0.0,0.0,4.529709940470639e-14,1.099120794378905e-14,3.377853552422039e-14,9.880984919163893e-15,5.684341886080802e-14,4.4853010194856324e-14,True
6,40,10.0,291.7887112249915,291.78871122499186,48.839737500910275,17.691275183391106,48.368208125067625,6.7702586308030455,0.0,0.0,0.0,4.973799150320701e-14,1.049160758270773e-14,3.6887159993170826e-14,1.0436096431476471e-14,3.410605131648481e-13,4.951594689828198e-14,True
6,41,10.25,291.7887112249915,291.78871122499174,50.108489683763196,13.48373010057498,49.56084347826857,7.388066872353291,0.0,0.0,0.0,4.796163466380676e-14,7.327471962526033e-15,3.6089187194221495e-14,7.049916206369744e-15,2.2737367544323206e-13,4.8905324234738146e-14,True
6,42,10.5,291.7887112249915,291.78871122499163,51.157248403575494,19.209238706185307,50.75397174092979,6.410804687870862,0.0,0.0,0.0,4.884981308350689e-14,8.992806499463768e-15,3.7386760354252146e-14,9.242606680004428e-15,1.1368683772161603e-13,4.7128967395337895e-14,True
6,43,10.75,291.7887112249915,291.78871122499123,52.32726704798121,19.505797563171093,51.947558949722,6.292376011960566,0.0,0.0,0.0,5.1514348342607263e-14,9.353628982466944e-15,3.702593787124897e-14,1.0325074129013956e-14,2.8421709430404007e-13,4.912736883966318e-14,True
6,44,11.0,291.7887112249915,291.7887112249907,53.62853136169871,13.533547555868612,53.141574180152666,7.210580397446069,0.0,0.0,0.0,5.595524044110789e-14,6.328271240363392e-15,3.708144902248023e-14,6.050715484207103e-15,7.958078640513122e-13,5.290212712338871e-14,True
6,45,11.25,291.7887112249915,291.7887112249911,54.73118111495306,18.105501116555015,54.33598921533111,6.565246547481293,0.0,0.0,0.0,5.417888360170764e-14,9.992007221626409e-15,3.799738301779598e-14,9.076073226310655e-15,3.979039320256561e-13,5.2735593669694936e-14,True
6,46,11.5,291.7887112249915,291.78871122499146,55.878718402903594,20.24387362203775,55.53077825698618,6.226061076188351,0.0,0.0,0.0,5.773159728050814e-14,1.0880185641326534e-14,4.082845173059013e-14,9.936496070395151e-15,5.684341886080802e-14,5.639932965095795e-14,True
6,47,11.75,291.7887112249915,291.78871122499163,57.19190814663738,13.504428622185246,56.72591767260043,7.285919410394607,0.0,0.0,0.0,5.773159728050814e-14,7.577272143066693e-15,4.093947403305265e-14,6.855627177060342e-15,1.1368683772161603e-13,5.639932965095795e-14,True
6,48,12.0,291.7887112249915,291.78871122499186,58.310587517802105,16.54288498712052,57.921385773518885,6.725896724338138,0.0,0.0,0.0,5.595524044110789e-14,7.271960811294775e-15,4.514444373882043e-14,6.328271240363392e-15,3.410605131648481e-13,5.46229728115577e-14,True
7,0,0.0,292.3809643558501,292.38096435585004,10.857760738519577,11.112560733409454,5.686593370891983,9.249520208587283,4.884981308350689e-15,3.9968028886505635e-15,0.0,2.6645352591003757e-15,2.6645352591003757e-15,2.858824288409778e-15,2.8033131371785203e-15,5.684341886080802e-14,2.7824964554667986e-15,True
7,1,0.25,292.3809643558501,292.38096435585,9.927849713353524,17.980696557569303,6.009725085015452,7.902240462898459,0.0,0.0,0.0,2.6367796834847468e-15,7.105427357601002e-15,2.609024107869118e-15,6.938893903907228e-15,1.1368683772161603e-13,2.6645352591003757e-15,True
7,2,0.5,292.3809643558501,292.38096435585,9.209656950709615,21.100561159579236,6.858990756967485,6.145895129725897,0.0,0.0,0.0,3.3306690738754696e-15,7.771561172376096e-15,2.831068712794149e-15,7.854827899222983e-15,1.1368683772161603e-13,4.385380947269368e-15,True
7,3,0.75,292.3809643558501,292.3809643558499,10.171283871230482,18.12976194484656,8.069957867670489,6.191186930078637,0.0,0.0,0.0,5.162537064506978e-15,6.994405055138486e-15,3.58046925441613e-15,6.217248937900877e-15,1.7053025658242404e-13,4.274358644806853e-15,True
7,4,1.0,292.3809643558501,292.38096435585,11.6165187525222,18.589444178648108,9.505377054220325,6.677672871951849,0.0,0.0,0.0,4.884981308350689e-15,8.493206138382448e-15,4.3021142204224816e-15,6.2727600891321345e-15,1.1368683772161603e-13,5.10702591327572e-15,True
7,5,1.25,292.3809643558501,292.38096435585,13.372878179610485,18.115936442210156,11.078342523813289,7.490273541852294,0.0,0.0,0.0,6.716849298982197e-15,8.021361352916756e-15,5.10702591327572e-15,6.5503158452884236e-15,1.1368683772161603e-13,6.217248937900877e-15,True
7,6,1.5,292.3809643558501,292.3809643558499,15.120976063977066,14.242158674204692,12.738000643039367,8.147837550251975,0.0,0.0,0.0,8.631984016460592e-15,6.494804694057166e-15,5.9674487573602164e-15,5.10702591327572e-15,1.7053025658242404e-13,7.993605777301127e-15,True
7,7,1.75,292.3809643558501,292.3809643558499,16.1897451771645,17.85518391075402,14.454520222557472,7.2920980545518095,0.0,0.0,0.0,9.325873406851315e-15,7.771561172376096e-15,6.411537967210279e-15,6.106226635438361e-15,1.7053025658242404e-13,7.605027718682322e-15,True
7,8,2.0,292.3809643558501,292.38096435584987,17.383291066062537,20.828874966685973,16.20984751691651,6.278507128750039,0.0,0.0,0.0,1.0241807402167069e-14,9.325873406851315e-15,6.356026815979021e-15,8.43769498715119e-15,2.2737367544323206e-13,9.103828801926284e-15,True
7,9,2.25,292.3809643558501,292.38096435584987,19.270697127604468,17.313143756705287,17.992628083583458,6.901094292190699,0.0,0.0,0.0,1.1102230246251565e-14,9.325873406851315e-15,6.2450045135165055e-15,5.773159728050814e-15,2.2737367544323206e-13,1.0880185641326534e-14,True
7,10,2.5,292.3809643558501,292.38096435585,21.114038817438512,17.112050722682316,19.795445975318103,7.344586701956926,0.0,0.0,0.0,1.1546319456101628e-14,9.325873406851315e-15,6.716849298982197e-15,7.271960811294775e-15,1.1368683772161603e-13,1.2989609388114332e-14,True
7,11,2.75,292.3809643558501,292.38096435585,22.852520976105335,18.98699245441902,21.61328768476535,7.423173877722714,0.0,0.0,0.0,1.3100631690576847e-14,1.0880185641326534e-14,6.772360450213455e-15,9.658940314238862e-15,1.1368683772161603e-13,1.5931700403370996e-14,True
7,12,3.0,292.3809643558501,292.3809643558502,24.721899774489252,16.118343661331526,23.44265844357741,7.8494645395504685,0.0,0.0,0.0,1.3100631690576847e-14,7.93809462606987e-15,8.104628079763643e-15,7.105427357601002e-15,1.1368683772161603e-13,1.4988010832439613e-14,True
7,13,3.25,292.3809643558501,292.3809643558502,26.37855904119628,17.661096287430485,25.281055603655943,7.529714779109141,0.0,0.0,0.0,1.587618925213974e-14,8.659739592076221e-15,1.0103029524088925e-14,8.215650382226158e-15,1.1368683772161603e-13,1.532107773982716e-14,True
7,14,3.5,292.3809643558501,292.38096435585,28.059899887165923,20.83017118876084,27.126644044982143,7.176570527390435,0.0,0.0,0.0,1.687538997430238e-14,1.0658141036401503e-14,1.1650402864660236e-14,9.547918011776346e-15,1.1368683772161603e-13,1.554312234475219e-14,True
7,15,3.75,292.3809643558501,292.38096435584987,30.113151849108196,16.103222914030688,28.978049779553785,8.189905082548341,0.0,0.0,0.0,1.709743457922741e-14,9.2148511043888e-15,1.3586354263850353e-14,8.049116928532385e-15,2.2737367544323206e-13,1.7985612998927536e-14,True
7,16,4.0,292.3809643558501,292.38096435584976,31.944554640468898,13.646281166061046,30.83422494703798,8.348960599581469,0.0,0.0,0.0,1.7985612998927536e-14,9.71445146547012e-15,1.432187701766452e-14,8.465450562766819e-15,3.410605131648481e-13,1.8096635301390052e-14,True
7,17,4.25,292.3809643558501,292.3809643558498,33.383186162499406,19.770753958377973,32.694357224418575,6.746563869274591,0.0,0.0,0.0,1.9539925233402755e-14,1.049160758270773e-14,1.3572476476042539e-14,9.43689570931383e-15,2.8421709430404007e-13,1.9984014443252818e-14,True
7,18,4.5,292.3809643558501,292.38096435585015,35.039879797641234,19.820612754520045,34.55780762326153,5.7923318712581935,0.0,0.0,0.0,1.9539925233402755e-14,1.1435297153639112e-14,1.4349632593280148e-14,8.992806499463768e-15,5.684341886080802e-14,2.3203661214665772e-14,True
7,19,4.75,292.3809643558501,292.38096435585004,36.933646902742126,17.34057431019343,36.424066883173886,6.114051457626775,0.0,0.0,0.0,2.0872192862952943e-14,9.076073226310655e-15,1.4349632593280148e-14,9.2148511043888e-15,5.684341886080802e-14,2.3647750424515834e-14,True
7,20,5.0,292.3809643558501,292.3809643558502,38.8195044249915,19.374393445088224,38.29272432288681,6.373475326172292,0.0,0.0,0.0,2.2648549702353193e-14,1.2073675392798577e-14,1.4099832412739488e-14,1.2101430968414206e-14,1.1368683772161603e-13,2.4424906541753444e-14,True
7,21,5.25,292.3809643558501,292.38096435584976,40.82941175154429,17.772925075173767,40.163445208328426,7.34428573618585,0.0,0.0,0.0,2.220446049250313e-14,9.298117831235686e-15,1.5792922525292852e-14,9.325873406851315e-15,3.410605131648481e-13,2.531308496145357e-14,True
7,22,5.5,292.3809643558501,292.38096435584987,42.80164133400967,14.901523795946396,42.03595405258815,8.059718839631023,0.0,0.0,0.0,2.4868995751603507e-14,8.049116928532385e-15,1.6764367671839864e-14,6.7307270867900115e-15,2.2737367544323206e-13,2.398081733190338e-14,True
7,23,5.75,292.3809643558501,292.38096435584976,44.55514339948471,18.877386567641345,43.91002211790965,7.55451924038401,0.0,0.0,0.0,2.6645352591003757e-14,9.43689570931383e-15,1.6764367671839864e-14,8.770761894538737e-15,3.410605131648481e-13,2.5979218776228663e-14,True
7,24,6.0,292.3809643558501,292.38096435584964,46.38127306163109,19.23038817871328,45.785457940861924,7.410420498402877,0.0,0.0,0.0,2.7533531010703882e-14,8.43769498715119e-15,1.9206858326015208e-14,9.547918011776346e-15,4.547473508864641e-13,2.886579864025407e-14,True
7,25,6.25,292.3809643558501,292.38096435585,48.30546068831026,16.024828047079435,47.662100063768364,7.857591858910753,0.0,0.0,0.0,3.019806626980426e-14,8.215650382226158e-15,1.970645868709653e-14,6.994405055138486e-15,1.1368683772161603e-13,2.7727820040013285e-14,True
7,26,6.5,292.3809643558501,292.38096435584987,50.12053959660689,18.668973867701233,49.53981139748123,7.607599894646646,0.0,0.0,0.0,3.241851231905457e-14,6.8833827526759706e-15,2.1760371282653068e-14,6.217248937900877e-15,2.2737367544323206e-13,2.864375403532904e-14,True
7,27,6.75,292.3809643558501,292.38096435585,51.98760042300991,18.961418676560204,51.41847480509768,7.671443570807008,0.0,0.0,0.0,3.1530333899354446e-14,7.66053886991358e-15,2.0261570199409107e-14,7.105427357601002e-15,1.1368683772161603e-13,3.219646771412954e-14,True
7,28,7.0,292.3809643558501,292.38096435585,53.90898789026015,14.828336401856925,53.297989609759455,8.093409597332187,0.0,0.0,0.0,3.597122599785507e-14,7.105427357601002e-15,2.3037127760971998e-14,6.8833827526759706e-15,1.1368683772161603e-13,2.986499936241671e-14,True
7,29,7.25,292.3809643558501,292.3809643558501,55.65692187838433,17.973638459509058,55.17826880916706,7.2836532179860285,0.0,0.0,0.0,3.597122599785507e-14,8.881784197001252e-15,2.3425705819590803e-14,7.716050021144838e-15,0.0,3.419486915845482e-14,True
7,30,7.5,292.3809643558501,292.38096435585055,57.415851161945284,20.338996522668655,57.059236835822475,6.389323623371444,0.0,0.0,0.0,3.5083047578154947e-14,8.93729534823251e-15,2.19824158875781e-14,9.658940314238862e-15,4.547473508864641e-13,3.5083047578154947e-14,True
7,31,7.75,292.3809643558501,292.38096435585055,59.3264972748831,16.223974336407707,58.94082774250268,6.7536733660533,0.0,0.0,0.0,3.863576125695545e-14,7.049916206369744e-15,2.0317081350640365e-14,8.18789480661053e-15,4.547473508864641e-13,3.1308289294429414e-14,True
7,32,8.0,292.3809643558501,292.38096435585044,61.15802979145209,17.452032152449124,60.822983721874216,6.392906939786079,0.0,0.0,0.0,3.774758283725532e-14,7.771561172376096e-15,2.0650148258027912e-14,6.661338147750939e-15,3.410605131648481e-13,3.497202527569243e-14,True
7,33,8.25,292.3809643558501,292.3809643558502,62.979090389010594,20.91569437069482,62.705653890749666,5.862320049321639,0.0,0.0,0.0,3.952393967665557e-14,9.880984919163893e-15,2.0941581801992015e-14,9.769962616701378e-15,1.1368683772161603e-13,3.7470027081099033e-14,True
7,34,8.5,292.3809643558501,292.3809643558495,64.97609320530151,17.37145727367107,64.58879328549739,7.083817484048918,0.0,0.0,0.0,3.9968028886505635e-14,6.8833827526759706e-15,2.1843638009499955e-14,6.689093723366568e-15,5.684341886080801e-13,3.530509218307998e-14,True
7,35,8.75,292.3809643558501,292.380964355849,66.9469766695113,15.657378226070525,66.4723620271015,7.957560664301985,0.0,0.0,0.0,4.1744385725905886e-14,7.632783294297951e-15,2.223221606811876e-14,6.994405055138486e-15,1.0800249583553523e-12,3.6415315207705135e-14,True
7,36,9.0,292.3809643558501,292.3809643558491,68.80578164179049,18.80042191510918,68.35632462342082,7.851654049642439,0.0,0.0,0.0,4.263256414560601e-14,7.882583474838611e-15,2.3078761124395442e-14,7.438494264988549e-15,1.0231815394945443e-12,3.9246383920499284e-14,True
7,37,9.25,292.3809643558501,292.38096435584947,70.69231133499538,17.206406800443627,70.24064938308899,7.9783492105744545,0.0,0.0,0.0,4.440892098500626e-14,8.43769498715119e-15,2.3064883336587627e-14,7.799316747991725e-15,6.252776074688882e-13,3.902433931557425e-14,True
7,38,9.5,292.3809643558501,292.3809643558501,72.54493213178252,16.95492291620212,72.12530792078952,7.7914783793723466,0.0,0.0,0.0,4.707345624410664e-14,9.131584377541913e-15,2.425837308805967e-14,8.659739592076221e-15,0.0,4.2299497238218464e-14,True
7,39,9.75,292.3809643558501,292.38096435585055,74.36484480283248,19.964109741598932,74.01027473773135,7.253232092997241,0.0,0.0,0.0,4.529709940470639e-14,1.201816424156732e-14,2.4591439995447217e-14,1.0658141036401503e-14,4.547473508864641e-13,4.6851411639181606e-14,True
7,40,10.0,292.3809643558501,292.38096435585044,76.2802339071794,17.337954375347266,75.89552686433741,7.651345431925085,0.0,0.0,0.0,4.529709940470639e-14,1.1129985821867194e-14,2.634004125923184e-14,9.492406860545088e-15,3.410605131648481e-13,4.368727601899991e-14,True
7,41,10.25,292.3809643558501,292.3809643558509,78.16804256228538,15.61774799336089,77.78104355465636,7.768664078714178,0.0,0.0,0.0,4.973799150320701e-14,8.021361352916756e-15,2.886579864025407e-14,6.8833827526759706e-15,7.958078640513122e-13,4.4297898682543746e-14,True
7,42,10.5,292.3809643558501,292.3809643558506,79.96960205903787,19.973787308404955,79.66680602397999,6.952501090860681,0.0,0.0,0.0,4.529709940470639e-14,1.1934897514720433e-14,2.7894353493707058e-14,1.074140776324839e-14,5.115907697472721e-13,4.440892098500626e-14,True
7,43,10.75,292.3809643558501,292.3809643558508,81.86160618792417,18.523356900775024,81.5527972227113,7.1037900319558895,0.0,0.0,0.0,5.417888360170764e-14,1.0824674490095276e-14,3.161360062620133e-14,9.880984919163893e-15,6.821210263296962e-13,4.618527782440651e-14,True
7,44,11.0,292.3809643558501,292.38096435585044,83.77605332823424,14.773018816782582,83.43900164077942,7.50733750707629,0.0,0.0,0.0,5.417888360170764e-14,8.604228440844963e-15,3.3612002070526614e-14,7.827072323607354e-15,3.410605131648481e-13,4.6851411639181606e-14,True
7,45,11.25,292.3809643558501,292.3809643558495,85.57849588472551,18.868673892682757,85.32540513789797,6.576792223079299,0.0,0.0,0.0,5.595524044110789e-14,9.325873406851315e-15,3.211320098728265e-14,9.2148511043888e-15,5.684341886080801e-13,4.951594689828198e-14,True
7,46,11.5,292.3809643558501,292.38096435585,87.41811832775883,19.57969661118982,87.21199479577318,5.999614629963749,0.0,0.0,0.0,5.861977570020827e-14,8.965050923848139e-15,3.316791286067655e-14,8.992806499463768e-15,1.1368683772161603e-13,4.937716902020384e-14,True
7,47,11.75,292.3809643558501,292.38096435584964,89.3276135990507,16.568437633901922,89.09875878902368,6.390127820058226,0.0,0.0,0.0,5.5067062021407764e-14,1.1268763699945339e-14,3.438568874081227e-14,9.880984919163893e-15,4.547473508864641e-13,4.929390229335695e-14,True
7,48,12.0,292.3809643558501,292.38096435584964,91.20401519210617,19.609114564847662,90.98568627210759,6.306923240023158,0.0,0.0,0.0,5.684341886080802e-14,1.149080830487037e-14,3.3556490919295356e-14,1.0325074129013956e-14,4.547473508864641e-13,5.262457136723242e-14,True
8,0,0.0,172.83553277044416,172.83553277044422,8.835806756856716,9.571113011132155,5.816385163461937,6.651401707518099,3.9968028886505635e-15,2.942091015256665e-15,0.0,2.55351295663786e-15,2.55351295663786e-15,1.734723475976807e-15,2.55351295663786e-15,5.684341886080802e-14,3.3306690738754696e-15,True
8,1,0.25,172.83553277044416,172.83553277044416,8.208167918460116,12.869543810975884,5.695190031754185,5.910907805053778,0.0,0.0,0.0,2.55351295663786e-15,4.385380947269368e-15,1.8457457784393227e-15,4.551914400963142e-15,0.0,3.1086244689504383e-15,True
8,2,0.5,172.83553277044416,172.83553277044413,7.439634251613587,16.231928585744974,5.924930122003544,4.499262255876746,0.0,0.0,0.0,2.4980018054066022e-15,6.217248937900877e-15,2.022687572988957e-15,5.828670879282072e-15,2.842170943040401e-14,2.9976021664879227e-15,True
8,3,0.75,172.83553277044416,172.83553277044416,7.951330759003393,15.631699593987472,6.468319621682144,4.624338018661186,0.0,0.0,0.0,3.219646771412954e-15,6.217248937900877e-15,2.5673907444456745e-15,5.717648576819556e-15,0.0,4.718447854656915e-15,True
8,4,1.0,172.83553277044416,172.83553277044427,9.38881788554759,13.453099362124805,7.255223968330136,5.959163234661915,0.0,0.0,0.0,4.3298697960381105e-15,4.9960036108132044e-15,3.1086244689504383e-15,4.9404924595819466e-15,1.1368683772161603e-13,5.773159728050814e-15,True
8,5,1.25,172.83553277044416,172.83553277044425,10.738522851386854,11.267107934698865,8.215968917772663,6.9147471227768795,0.0,0.0,0.0,5.495603971894525e-15,7.993605777301127e-15,3.774758283725532e-15,5.342948306008566e-15,8.526512829121202e-14,6.8833827526759706e-15,True
8,6,1.5,172.83553277044416,172.83553277044416,11.4912025227153,11.216685564884106,9.296815046550169,6.7540332697061025,0.0,0.0,0.0,6.716849298982197e-15,9.43689570931383e-15,4.6351811278100286e-15,6.772360450213455e-15,0.0,8.43769498715119e-15,True
8,7,1.75,172.83553277044416,172.83553277044416,11.80456112389378,14.91057851510688,10.460599843531785,5.470238956503378,0.0,0.0,0.0,7.494005416219807e-15,8.826273045769994e-15,6.022959908591474e-15,6.772360450213455e-15,0.0,9.325873406851315e-15,True
8,8,2.0,172.83553277044416,172.83553277044413,12.573352367488884,16.623731761726745,11.682563181426133,4.648323059881365,0.0,0.0,0.0,9.658940314238862e-15,8.382183835919932e-15,7.244205235679146e-15,7.216449660063518e-15,2.842170943040401e-14,1.0047518372857667e-14,True
8,9,2.25,172.83553277044416,172.83553277044416,14.12321315285788,13.888055095083343,12.94624154781264,5.644464504870907,0.0,0.0,0.0,1.1324274851176597e-14,6.744604874597826e-15,7.757683384568281e-15,5.995204332975845e-15,0.0,1.099120794378905e-14,True
8,10,2.5,172.83553277044416,172.83553277044422,15.695070641494747,11.199852271167169,14.240534128514549,6.598668818490795,0.0,0.0,0.0,1.3766765505351941e-14,6.328271240363392e-15,9.46465128492946e-15,5.88418203051333e-15,5.684341886080802e-14,1.2462253451417382e-14,True
8,11,2.75,172.83553277044416,172.83553277044422,16.83581642099529,12.174783944334665,15.557802179011205,6.434244782428537,0.0,0.0,0.0,1.4654943925052066e-14,5.995204332975845e-15,1.0103029524088925e-14,6.994405055138486e-15,5.684341886080802e-14,1.432187701766452e-14,True
8,12,3.0,172.83553277044416,172.83553277044425,17.738806590935702,13.82926482749703,16.892671764462964,5.413215304118203,0.0,0.0,0.0,1.5987211554602254e-14,7.327471962526033e-15,1.2531642390456454e-14,7.827072323607354e-15,8.526512829121202e-14,1.5654144647214707e-14,True
8,13,3.25,172.83553277044416,172.8355327704442,18.7320252459659,15.75937159820472,18.241279131883914,4.259636774209771,0.0,0.0,0.0,1.7319479184152442e-14,7.993605777301127e-15,1.3378187446733136e-14,8.43769498715119e-15,2.842170943040401e-14,1.6611712005953905e-14,True
8,14,3.5,172.83553277044416,172.83553277044422,20.12444853141784,15.97187202792394,19.60078885446969,4.560976318309755,0.0,0.0,0.0,1.7541523789077473e-14,7.66053886991358e-15,1.6431300764452317e-14,7.882583474838611e-15,5.684341886080802e-14,1.9040324872321435e-14,True
8,15,3.75,172.83553277044416,172.83553277044427,21.83951946679673,12.232166877454265,20.96908050898951,6.104283180530671,0.0,0.0,0.0,1.9317880628477724e-14,7.216449660063518e-15,1.777744618181032e-14,6.661338147750939e-15,1.1368683772161603e-13,1.992850329202156e-14,True
8,16,4.0,172.83553277044416,172.83553277044425,23.332137087061607,9.966925502932586,22.344540840935725,6.716406454138336,0.0,0.0,0.0,2.2426505097428162e-14,7.716050021144838e-15,1.8762769116165146e-14,7.022160630754115e-15,8.526512829121202e-14,1.9539925233402755e-14,True
8,17,4.25,172.83553277044416,172.83553277044422,24.430289073317038,13.900781100347547,23.725923116220077,5.824053269763921,0.0,0.0,0.0,2.398081733190338e-14,9.381384558082573e-15,1.9317880628477724e-14,8.382183835919932e-15,5.684341886080802e-14,2.1621593404574924e-14,True
8,18,4.5,172.83553277044416,172.83553277044405,25.565040934058306,16.040466398928643,25.11225008568743,4.790220620594479,0.0,0.0,0.0,2.5757174171303632e-14,8.659739592076221e-15,1.9373391779708982e-14,8.548717289613705e-15,1.1368683772161603e-13,2.2343238370581275e-14,True
8,19,4.75,172.83553277044416,172.8355327704441,27.003840477907637,14.99184239961666,26.502745807561357,5.178017498625494,0.0,0.0,0.0,2.6867397195928788e-14,7.216449660063518e-15,1.9539925233402755e-14,7.216449660063518e-15,5.684341886080802e-14,2.398081733190338e-14,True
8,20,5.0,172.83553277044416,172.83553277044416,28.593812003005706,13.220905584432332,27.896786923212048,6.274979221012516,0.0,0.0,0.0,2.90878432451791e-14,5.995204332975845e-15,2.1843638009499955e-14,5.773159728050814e-15,0.0,2.4980018054066022e-14,True
8,21,5.25,172.83553277044416,172.8355327704441,30.107544352631436,11.304341951464691,29.293867280759606,6.9522346539016455,0.0,0.0,0.0,3.019806626980426e-14,5.551115123125783e-15,2.170486013142181e-14,6.217248937900877e-15,5.684341886080802e-14,2.6978419498391304e-14,True
8,22,5.5,172.83553277044416,172.83553277044433,31.39062084066499,11.938638369216614,30.693571871178555,6.57842857764588,0.0,0.0,0.0,3.064215547965432e-14,5.551115123125783e-15,2.3779589408690072e-14,6.161737786669619e-15,1.7053025658242404e-13,2.6756374893466273e-14,True
8,23,5.75,172.83553277044416,172.8355327704442,32.53565273702436,15.281182621601376,32.095557363666835,5.333281967026688,0.0,0.0,0.0,3.219646771412954e-14,6.106226635438361e-15,2.576411306520754e-14,5.9674487573602164e-15,2.842170943040401e-14,2.986499936241671e-14,True
8,24,6.0,172.83553277044416,172.8355327704443,33.83999677959168,15.762406618778282,33.499537386095845,4.788149638465936,0.0,0.0,0.0,3.352873534367973e-14,6.8833827526759706e-15,2.71657696337968e-14,5.995204332975845e-15,1.4210854715202004e-13,2.8477220581635265e-14,True
8,25,6.25,172.83553277044416,172.83553277044402,35.33439524878635,13.191886376420229,34.905271263882476,5.490129833823236,0.0,0.0,0.0,3.708144902248023e-14,6.050715484207103e-15,2.824129818890242e-14,5.2735593669694936e-15,1.4210854715202004e-13,3.169686735304822e-14,True
8,26,6.5,172.83553277044416,172.83553277044422,36.792112048278476,12.517719657084937,36.312555311528094,5.920965775977005,0.0,0.0,0.0,3.597122599785507e-14,5.88418203051333e-15,2.9504176879413535e-14,4.9404924595819466e-15,5.684341886080802e-14,3.175237850427948e-14,True
8,27,6.75,172.83553277044416,172.83553277044422,38.15285060285575,13.411678965143443,37.7212160305727,5.722750239063072,0.0,0.0,0.0,3.7969627442180354e-14,6.8833827526759706e-15,2.980948821118545e-14,5.10702591327572e-15,5.684341886080802e-14,3.3334446314370325e-14,True
8,28,7.0,172.83553277044416,172.83553277044422,39.48340847798468,13.80721871152335,39.131104747020146,5.262716628997831,0.0,0.0,0.0,3.708144902248023e-14,5.717648576819556e-15,3.175237850427948e-14,4.468647674116255e-15,5.684341886080802e-14,3.674838211509268e-14,True
8,29,7.25,172.83553277044416,172.83553277044422,40.83447557929407,15.112513650679796,40.54209334684349,4.877813330970464,0.0,0.0,0.0,4.04121180963557e-14,6.2727600891321345e-15,3.076705556992465e-14,4.884981308350689e-15,5.684341886080802e-14,3.708144902248023e-14,True
8,30,7.5,172.83553277044416,172.8355327704443,42.29579666993463,14.95202971562624,41.95407085719882,5.36566440001546,0.0,0.0,0.0,4.085620730620576e-14,5.9396931817445875e-15,2.9934388301455783e-14,5.35682609381638e-15,1.4210854715202004e-13,4.18554080283684e-14,True
8,31,7.75,172.83553277044416,172.8355327704443,43.83235828588096,12.068705386915296,43.36694068483884,6.370564224580712,0.0,0.0,0.0,4.263256414560601e-14,5.6066262743570405e-15,2.8255175976710234e-14,4.163336342344337e-15,1.4210854715202004e-13,3.7969627442180354e-14,True
8,32,8.0,172.83553277044416,172.83553277044422,45.26156296702766,11.921699043397528,44.78061836954221,6.580676307160882,0.0,0.0,0.0,4.574118861455645e-14,6.106226635438361e-15,2.933764342571976e-14,5.10702591327572e-15,5.684341886080802e-14,4.118927421359331e-14,True
8,33,8.25,172.83553277044416,172.83553277044427,46.582556105290536,14.461211598938132,46.19502974433085,5.996145447112506,0.0,0.0,0.0,4.618527782440651e-14,6.9111383282915995e-15,3.0531133177191805e-14,5.134781488891349e-15,1.1368683772161603e-13,3.9621084191310274e-14,True
8,34,8.5,172.83553277044416,172.83553277044427,47.944697595469435,14.543389303708697,47.610109419380926,5.654335380536752,0.0,0.0,0.0,4.529709940470639e-14,7.827072323607354e-15,3.1252778143198157e-14,5.9396931817445875e-15,1.1368683772161603e-13,4.0495384823202585e-14,True
8,35,8.75,172.83553277044416,172.8355327704444,49.36168265508905,13.682814006132238,49.02579952531132,5.748625526654447,0.0,0.0,0.0,4.6629367034256575e-14,6.328271240363392e-15,3.0808688933348094e-14,5.3013149425851225e-15,2.2737367544323206e-13,4.318767565791859e-14,True
8,36,9.0,172.83553277044416,172.83553277044425,50.78112244753724,13.685208765767529,50.44204866568555,5.858508636195895,0.0,0.0,0.0,4.574118861455645e-14,6.106226635438361e-15,3.337607967779377e-14,5.662137425588298e-15,8.526512829121202e-14,4.618527782440651e-14,True
8,37,9.25,172.83553277044416,172.83553277044408,52.192167682591865,13.165495372216554,51.85881103931658,5.889489366341083,0.0,0.0,0.0,4.973799150320701e-14,6.938893903907228e-15,3.4514058278034554e-14,6.994405055138486e-15,8.526512829121202e-14,4.579669976578771e-14,True
8,38,9.5,172.83553277044416,172.83553277044385,53.573438490748806,13.69930433901442,53.27604570120118,5.637044098246034,0.0,0.0,0.0,4.929390229335695e-14,7.327471962526033e-15,3.49442697000768e-14,8.18789480661053e-15,3.126388037344441e-13,4.3520742565306136e-14,True
8,39,9.75,172.83553277044416,172.83553277044382,54.9585528252678,14.829637931493446,54.69371593726458,5.388874244363235,0.0,0.0,0.0,5.417888360170764e-14,7.271960811294775e-15,3.6110003875933216e-14,7.716050021144838e-15,3.410605131648481e-13,4.418687638008123e-14,True
8,40,10.0,172.83553277044416,172.835532770444,56.398386435211364,13.451226936660142,56.111788733034395,5.678481986829462,0.0,0.0,0.0,5.46229728115577e-14,9.103828801926284e-15,3.905209489118988e-14,7.993605777301127e-15,1.7053025658242404e-13,4.6851411639181606e-14,True
8,41,10.25,172.83553277044416,172.83553277044382,57.821950874943035,12.375214327216035,57.53023432022472,5.800874248280485,0.0,0.0,0.0,5.1958437552457326e-14,8.992806499463768e-15,4.007905118896815e-14,7.438494264988549e-15,3.410605131648481e-13,4.696243394164412e-14,True
8,42,10.5,172.83553277044416,172.835532770444,59.18706839095074,14.442391959593964,58.949025788252165,5.302963636596282,0.0,0.0,0.0,5.684341886080802e-14,9.103828801926284e-15,4.1300296516055823e-14,7.605027718682322e-15,1.7053025658242404e-13,5.1514348342607263e-14,True
8,43,10.75,172.83553277044416,172.83553277044433,60.586653865310176,14.948126083827272,60.36813875011268,5.141055382122341,0.0,0.0,0.0,5.773159728050814e-14,9.547918011776346e-15,4.193867475521529e-14,8.43769498715119e-15,1.7053025658242404e-13,5.639932965095795e-14,True
8,44,11.0,172.83553277044416,172.83553277044416,62.046056780279656,13.532812205010602,61.78755105396615,5.657888010133873,0.0,0.0,0.0,6.217248937900877e-14,9.992007221626409e-15,4.353462035311395e-14,1.0658141036401503e-14,0.0,5.77871084317394e-14,True
8,45,11.25,172.83553277044416,172.83553277044447,63.50028941030763,13.426412473875933,63.20724253331157,6.093541378210023,0.0,0.0,0.0,6.306066779870889e-14,1.0436096431476471e-14,4.701794509287538e-14,1.049160758270773e-14,3.126388037344441e-13,5.81756864903582e-14,True
8,46,11.5,172.83553277044416,172.83553277044442,64.93475333163545,13.121420654529384,64.62719478987194,6.312518026294321,0.0,0.0,0.0,6.084022174945858e-14,8.215650382226158e-15,4.729550084903167e-14,8.826273045769994e-15,2.5579538487363607e-13,5.3512749786932545e-14,True
8,47,11.75,172.83553277044416,172.83553277044416,66.33540849214063,12.678725581597512,66.0473910043085,6.174832900018616,0.0,0.0,0.0,6.705747068735946e-14,7.494005416219807e-15,5.230538224765269e-14,5.828670879282072e-15,0.0,5.592748486549226e-14,True
8,48,12.0,172.83553277044416,172.83553277044456,67.69684702261095,14.635902231161388,67.46781577069727,5.563895392082838,0.0,0.0,0.0,6.616929226765933e-14,9.325873406851315e-15,5.440092820663267e-14,6.716849298982197e-15,3.979039320256561e-13,6.283862319378386e-14,True
9,0,0.0,258.3843558554373,258.3843558554375,10.588449310068635,10.756180138379877,6.693000729075224,8.204815661091446,3.774758283725532e-15,3.774758283725532e-15,0.0,2.275957200481571e-15,2.886579864025407e-15,3.3306690738754696e-15,3.1086244689504383e-15,1.7053025658242404e-13,2.55351295663786e-15,True
9,1,0.25,258.3843558554373,258.38435585543743,10.017675607283394,15.481881581666814,6.694719001755845,7.45215150545733,0.0,0.0,0.0,2.220446049250313e-15,6.161737786669619e-15,2.8449465006019636e-15,5.995204332975845e-15,1.1368683772161603e-13,2.55351295663786e-15,True
9,2,0.5,258.3843558554373,258.38435585543755,9.176097692563614,19.570851265335968,7.002287281713838,5.930323910868607,0.0,0.0,0.0,3.552713678800501e-15,8.715250743307479e-15,2.7998436902265667e-15,8.326672684688674e-15,2.2737367544323206e-13,3.552713678800501e-15,True
9,3,0.75,258.3843558554373,258.38435585543766,9.706603739249905,17.892822682694153,7.578558751434418,6.064948755090768,0.0,0.0,0.0,5.440092820663267e-15,9.298117831235686e-15,4.08006961549745e-15,7.993605777301127e-15,3.410605131648481e-13,5.662137425588298e-15,True
9,4,1.0,258.3843558554373,258.38435585543766,10.965447494715022,16.2518385218208,8.368204062542114,7.086197818788692,0.0,0.0,0.0,6.661338147750939e-15,8.604228440844963e-15,5.662137425588298e-15,6.217248937900877e-15,3.410605131648481e-13,7.771561172376096e-15,True
9,5,1.25,258.3843558554373,258.38435585543766,12.173891884236731,15.172749095153279,9.317128668525553,7.835480647875043,0.0,0.0,0.0,8.215650382226158e-15,7.549516567451064e-15,6.994405055138486e-15,5.467848396278896e-15,3.410605131648481e-13,9.853229343548264e-15,True
9,6,1.5,258.3843558554373,258.38435585543755,12.989242465061665,13.95764057368598,10.3817481634591,7.806390003495526,0.0,0.0,0.0,9.992007221626409e-15,7.993605777301127e-15,7.625844400394044e-15,6.38378239159465e-15,2.2737367544323206e-13,1.0769163338864018e-14,True
9,7,1.75,258.3843558554373,258.38435585543743,13.301684659461477,17.468633420364167,11.53005915610251,6.632688040043006,0.0,0.0,0.0,9.325873406851315e-15,1.0880185641326534e-14,7.716050021144838e-15,9.409140133698202e-15,1.1368683772161603e-13,1.1324274851176597e-14,True
9,8,2.0,258.3843558554373,258.3843558554375,14.002346527628553,19.447468847807155,12.739450312594789,5.811377978820509,0.0,0.0,0.0,1.1102230246251565e-14,1.1324274851176597e-14,7.78543896018391e-15,1.049160758270773e-14,1.7053025658242404e-13,1.2656542480726785e-14,True
9,9,2.25,258.3843558554373,258.3843558554374,15.502590918495494,15.942336782000886,13.994094658141734,6.670505219635765,0.0,0.0,0.0,1.2545520178264269e-14,9.43689570931383e-15,9.728329253277934e-15,9.131584377541913e-15,5.684341886080802e-14,1.4432899320127035e-14,True
9,10,2.5,258.3843558554373,258.3843558554375,16.899415623662193,14.437066583773152,15.28285108365261,7.21281575920085,0.0,0.0,0.0,1.3211653993039363e-14,8.826273045769994e-15,1.0477729794899915e-14,9.603429163007604e-15,1.7053025658242404e-13,1.5432100042289676e-14,True
9,11,2.75,258.3843558554373,258.3843558554374,17.91923574397783,16.65406214529905,16.59777545634606,6.753729306758528,0.0,0.0,0.0,1.5987211554602254e-14,9.103828801926284e-15,9.603429163007604e-15,9.769962616701378e-15,5.684341886080802e-14,1.6431300764452317e-14,True
9,12,3.0,258.3843558554373,258.3843558554373,18.956039599152362,16.63000434492139,17.933112497934566,6.142875012651269,0.0,0.0,0.0,1.8207657603852567e-14,8.715250743307479e-15,1.199040866595169e-14,9.2148511043888e-15,0.0,1.6431300764452317e-14,True
9,13,3.25,258.3843558554373,258.38435585543755,20.08394123858007,17.943178038766153,19.28462233329918,5.609637879289141,0.0,0.0,0.0,1.9206858326015208e-14,1.1324274851176597e-14,1.3211653993039363e-14,1.3655743202889425e-14,2.2737367544323206e-13,1.759703494030873e-14,True
9,14,3.5,258.3843558554373,258.38435585543755,21.52846999611899,19.011840929833557,20.649129621427086,6.090030069818871,0.0,0.0,0.0,2.1094237467877974e-14,1.1102230246251565e-14,1.482147737874584e-14,1.3211653993039363e-14,2.2737367544323206e-13,2.0261570199409107e-14,True
9,15,3.75,258.3843558554373,258.3843558554378,23.333036528561774,14.250161561421193,22.024218728870373,7.704828552672235,0.0,0.0,0.0,2.398081733190338e-14,7.93809462606987e-15,1.609823385706477e-14,8.153200337090993e-15,4.547473508864641e-13,2.098321516541546e-14,True
9,16,4.0,258.3843558554373,258.3843558554379,24.773238851832428,11.79933500976229,23.40802486374839,8.11034741475829,0.0,0.0,0.0,2.5979218776228663e-14,8.659739592076221e-15,1.774969060619469e-14,5.870304242705515e-15,5.684341886080801e-13,2.4424906541753444e-14,True
9,17,4.25,258.3843558554373,258.3843558554377,25.67631479056789,18.06180710259704,24.799088820694863,6.65419678756367,0.0,0.0,0.0,2.731148640577885e-14,9.103828801926284e-15,1.715294573045867e-14,8.43769498715119e-15,3.979039320256561e-13,2.6423307986078726e-14,True
9,18,4.5,258.3843558554373,258.38435585543766,26.807541138934145,19.72081695742449,26.196254418555213,5.692145145195521,0.0,0.0,0.0,2.8199664825478976e-14,1.1324274851176597e-14,1.7770507287906412e-14,8.659739592076221e-15,3.410605131648481e-13,2.964295475749168e-14,True
9,19,4.75,258.3843558554373,258.3843558554374,28.401080807229842,16.670549316676535,27.598594994976565,6.703651640863634,0.0,0.0,0.0,2.9753977059954195e-14,8.43769498715119e-15,1.96787031114809e-14,7.462780393652224e-15,5.684341886080802e-14,3.241851231905457e-14,True
9,20,5.0,258.3843558554373,258.38435585543743,30.022683120969493,15.217394542739012,29.005359965736147,7.749231900015461,0.0,0.0,0.0,3.2862601528904634e-14,6.994405055138486e-15,2.0095036745715333e-14,7.382983113757291e-15,1.1368683772161603e-13,3.497202527569243e-14,True
9,21,5.25,258.3843558554373,258.3843558554375,31.458054180845547,14.31810148156801,30.415935440114676,8.029946708901008,0.0,0.0,0.0,3.2862601528904634e-14,5.551115123125783e-15,2.0872192862952943e-14,5.828670879282072e-15,1.7053025658242404e-13,3.672062653947705e-14,True
9,22,5.5,258.3843558554373,258.38435585543743,32.64171383677115,15.179028067277477,31.82981482136882,7.2349409561534985,0.0,0.0,0.0,3.4638958368304884e-14,5.35682609381638e-15,2.185751579730777e-14,7.549516567451064e-15,1.1368683772161603e-13,3.8191672047105385e-14,True
9,23,5.75,258.3843558554373,258.38435585543743,33.72247009225064,19.10980370907823,33.24657659576618,5.645363919588491,0.0,0.0,0.0,3.419486915845482e-14,7.771561172376096e-15,2.0559942637277118e-14,8.881784197001252e-15,1.1368683772161603e-13,4.0190073491430667e-14,True
9,24,6.0,258.3843558554373,258.3843558554376,35.10147273227573,18.753152063808077,34.66586736292309,5.512805814729985,0.0,0.0,0.0,3.552713678800501e-14,7.494005416219807e-15,2.190608805463512e-14,7.993605777301127e-15,2.8421709430404007e-13,4.0745185003743245e-14,True
9,25,6.25,258.3843558554373,258.3843558554375,36.705121738312684,14.56417107593858,36.08738873373239,6.705694311914265,0.0,0.0,0.0,3.8191672047105385e-14,4.6629367034256575e-15,2.148281552649678e-14,4.801714581503802e-15,1.7053025658242404e-13,4.296563105299356e-14,True
9,26,6.5,258.3843558554373,258.38435585543766,38.145402856434416,15.511874582817077,37.510887114614704,6.928571783153246,0.0,0.0,0.0,3.597122599785507e-14,8.215650382226158e-15,2.1420365481361614e-14,7.41073868937292e-15,3.410605131648481e-13,4.2577052994374753e-14,True
9,27,6.75,258.3843558554373,258.38435585543766,39.485357389862976,17.39089788041655,38.93614566879122,6.562774463889247,0.0,0.0,0.0,3.6415315207705135e-14,1.0325074129013956e-14,2.1739554600941347e-14,9.43689570931383e-15,3.410605131648481e-13,4.529709940470639e-14,True
9,28,7.0,258.3843558554373,258.3843558554378,40.884062258741245,16.277546898657253,40.362977936066656,6.506654970814637,0.0,0.0,0.0,3.8191672047105385e-14,7.771561172376096e-15,2.1788126858268697e-14,7.452372052796363e-15,4.547473508864641e-13,4.546363285840016e-14,True
9,29,7.25,258.3843558554373,258.3843558554377,42.28213663606859,17.549784109502912,41.79122272802733,6.424389574705622,0.0,0.0,0.0,3.774758283725532e-14,9.325873406851315e-15,2.3696322681843185e-14,7.882583474838611e-15,3.979039320256561e-13,4.651834473179406e-14,True
9,30,7.5,258.3843558554373,258.38435585543743,43.76898575038871,17.75723489876972,43.2207400127518,6.905921109297834,0.0,0.0,0.0,4.3520742565306136e-14,1.1102230246251565e-14,2.4646951146678475e-14,7.771561172376096e-15,1.1368683772161603e-13,4.8905324234738146e-14,True
9,31,7.75,258.3843558554373,258.3843558554373,45.32478335453782,13.60696094293601,44.65140757362853,7.783815762818238,0.0,0.0,0.0,4.440892098500626e-14,9.325873406851315e-15,2.5868196473766147e-14,6.467049118441537e-15,0.0,4.668487818548783e-14,True
9,32,8.0,258.3843558554373,258.384355855437,46.67610533893235,14.865193124247275,46.08311827852809,7.416536883094374,0.0,0.0,0.0,4.6629367034256575e-14,9.2148511043888e-15,2.681188604469753e-14,7.022160630754115e-15,3.410605131648481e-13,4.757305660518796e-14,True
9,33,8.25,258.3843558554373,258.3843558554373,47.92190006924971,19.33675854174756,47.51577783378316,6.2257018156763575,0.0,0.0,0.0,5.062616992290714e-14,9.769962616701378e-15,2.969846590872294e-14,9.381384558082573e-15,0.0,4.9460435747050724e-14,True
9,34,8.5,258.3843558554373,258.38435585543766,49.377815954789135,17.921225513003822,48.9493029259476,6.491105570613356,0.0,0.0,0.0,4.973799150320701e-14,9.353628982466944e-15,2.7318425299682758e-14,8.43769498715119e-15,3.410605131648481e-13,5.1181281435219717e-14,True
9,35,8.75,258.3843558554373,258.38435585543783,50.936181787313686,14.735740943142607,50.38361967577393,7.482344782034079,0.0,0.0,0.0,5.062616992290714e-14,7.41073868937292e-15,2.881028748902281e-14,5.88418203051333e-15,5.115907697472721e-13,5.168088179630104e-14,True
9,36,9.0,258.3843558554373,258.38435585543766,52.37855125728776,15.279692486184405,51.818662345143544,7.637988254267191,0.0,0.0,0.0,4.884981308350689e-14,9.825473767932635e-15,2.781108676686017e-14,8.659739592076221e-15,3.410605131648481e-13,5.490052856771399e-14,True
9,37,9.25,258.3843558554373,258.38435585543766,53.72026244177077,15.719229937770262,53.25437225014555,7.059634059613447,0.0,0.0,0.0,5.3290705182007514e-14,9.742207041085749e-15,2.6367796834847468e-14,9.423017921506016e-15,3.410605131648481e-13,5.5844218138645374e-14,True
9,38,9.5,258.3843558554373,258.38435585543743,55.013408767339385,17.498369390583264,54.690696843103574,5.95002714431737,0.0,0.0,0.0,5.240252676230739e-14,9.658940314238862e-15,3.009398286124565e-14,9.048317650695026e-15,1.1368683772161603e-13,5.823119764158946e-14,True
9,39,9.75,258.3843558554373,258.3843558554375,56.38756865099134,19.336460535106184,56.12758893379936,5.408480271638775,0.0,0.0,0.0,5.240252676230739e-14,1.2212453270876722e-14,2.906008766956347e-14,1.1129985821867194e-14,1.7053025658242404e-13,6.084022174945858e-14,True
9,40,10.0,258.3843558554373,258.3843558554378,57.93939247918945,15.996856216709226,57.565006025961345,6.575962445801293,0.0,0.0,0.0,5.5067062021407764e-14,9.992007221626409e-15,3.13915560212763e-14,9.370976217226712e-15,4.547473508864641e-13,6.275535646693697e-14,True
9,41,10.25,258.3843558554373,258.38435585543783,59.45203851455779,13.167020429439596,59.002909749659686,7.293937524408641,0.0,0.0,0.0,5.595524044110789e-14,1.1324274851176597e-14,3.419486915845482e-14,8.881784197001252e-15,5.115907697472721e-13,6.150635556423367e-14,True
9,42,10.5,258.3843558554373,258.38435585543755,60.79544024708187,17.429106382171316,60.441265373866194,6.552785273636268,0.0,0.0,0.0,5.3290705182007514e-14,1.4654943925052066e-14,3.497202527569243e-14,1.1601830607332886e-14,2.2737367544323206e-13,6.461498003318411e-14,True
9,43,10.75,258.3843558554373,258.3843558554374,62.1817574148959,18.49094930194171,61.880041386313394,6.1181233424230355,0.0,0.0,0.0,6.128431095930864e-14,1.432187701766452e-14,3.522182545623309e-14,1.176836406102666e-14,5.684341886080802e-14,6.583622536027178e-14,True
9,44,11.0,258.3843558554373,258.38435585543766,63.67918173257131,16.10912118544149,63.31920913008717,6.76135646672544,0.0,0.0,0.0,6.217248937900877e-14,1.1324274851176597e-14,3.880229471064922e-14,8.43769498715119e-15,3.410605131648481e-13,6.877831637552845e-14,True
9,45,11.25,258.3843558554373,258.38435585543766,65.16495842245024,16.584983458546603,64.75874248823612,7.264783378875735,0.0,0.0,0.0,6.927791673660977e-14,8.104628079763643e-15,4.1522341120980855e-14,9.325873406851315e-15,3.410605131648481e-13,7.033262861000367e-14,True
9,46,11.5,258.3843558554373,258.3843558554377,66.64090215437079,15.867391517526354,66.19861760917486,7.665041851331611,0.0,0.0,0.0,6.394884621840902e-14,7.438494264988549e-15,3.747696597500294e-14,6.415007414162233e-15,3.979039320256561e-13,7.51620987671231e-14,True
9,47,11.75,258.3843558554373,258.38435585543783,68.06462913861331,13.955501271180456,67.63881266687008,7.601628824996912,0.0,0.0,0.0,7.194245199571014e-14,6.328271240363392e-15,4.356237592872958e-14,5.551115123125783e-15,5.115907697472721e-13,7.399636459126668e-14,True
9,48,12.0,258.3843558554373,258.3843558554376,69.37682114846115,17.808534196253245,69.07930765078818,6.418143590893427,0.0,0.0,0.0,7.460698725481052e-14,1.0658141036401503e-14,4.266031972122164e-14,7.549516567451064e-15,2.8421709430404007e-13,7.605027718682322e-14,True
10,0,0.0,336.6775627524393,336.6775627524395,11.423067320308295,11.859029998732805,5.83269214016885,9.821719269166056,3.552713678800501e-15,4.551914400963142e-15,0.0,1.887379141862766e-15,2.3869795029440866e-15,3.941291737419306e-15,3.70536934468646e-15,1.7053025658242404e-13,2.4424906541753444e-15,True
10,1,0.25,336.6775627524393,336.67756275243926,10.165427203904878,19.574380212597482,6.057429339491684,8.16354457542523,0.0,0.0,0.0,2.6645352591003757e-15,5.689893001203927e-15,2.914335439641036e-15,8.992806499463768e-15,5.684341886080802e-14,2.3314683517128287e-15,True
10,2,0.5,336.6775627524393,336.67756275243926,9.23647308565527,23.05695145731934,6.849902285123205,6.196069217358536,0.0,0.0,0.0,3.9968028886505635e-15,6.5503158452884236e-15,2.9282132274488504e-15,9.769962616701378e-15,5.684341886080802e-14,3.2751579226442118e-15,True
10,3,0.75,336.6775627524393,336.67756275243937,10.442759231725429,19.75860421328895,8.044030764510532,6.659188346292266,0.0,0.0,0.0,5.440092820663267e-15,6.661338147750939e-15,4.0245584642661925e-15,7.327471962526033e-15,5.684341886080802e-14,4.6074255521944e-15,True
10,4,1.0,336.6775627524393,336.67756275243937,12.225129139107455,18.965725113394992,9.489376116315656,7.707497868371563,0.0,0.0,0.0,5.440092820663267e-15,9.575673587391975e-15,4.5102810375396984e-15,7.382983113757291e-15,5.684341886080802e-14,6.022959908591474e-15,True
10,5,1.25,336.6775627524393,336.67756275243937,13.993297329906364,18.519261941022158,11.08813084903251,8.53614224564575,0.0,0.0,0.0,6.300515664747763e-15,1.0547118733938987e-14,5.2111093218343285e-15,7.105427357601002e-15,5.684341886080802e-14,6.994405055138486e-15,True
10,6,1.5,336.6775627524393,336.67756275243926,15.552068405864706,16.393807705704003,12.782863172446348,8.85806078186473,0.0,0.0,0.0,7.993605777301127e-15,1.1435297153639112e-14,5.7592819402429996e-15,7.16093850883226e-15,5.684341886080802e-14,7.494005416219807e-15,True
10,7,1.75,336.6775627524393,336.6775627524393,16.62496514346623,20.246140290050242,14.54005139459824,8.06079223550073,0.0,0.0,0.0,9.769962616701378e-15,8.493206138382448e-15,5.9119376061289586e-15,7.549516567451064e-15,0.0,9.159339953157541e-15,True
10,8,2.0,336.6775627524393,336.67756275243914,18.102620791207123,21.96484106245201,16.33955803384796,7.792542766565921,0.0,0.0,0.0,9.43689570931383e-15,1.0380585280245214e-14,6.439293542825908e-15,9.353628982466944e-15,1.7053025658242404e-13,1.1435297153639112e-14,True
10,9,2.25,336.6775627524393,336.67756275243937,20.2162970226936,16.83680171592302,18.168813319456703,8.865262989472049,0.0,0.0,0.0,1.0269562977782698e-14,7.66053886991358e-15,7.022160630754115e-15,7.549516567451064e-15,5.684341886080802e-14,1.1546319456101628e-14,True
10,10,2.5,336.6775627524393,336.67756275243926,21.93454056947825,16.477624483406316,20.0196642490553,8.96309730780517,0.0,0.0,0.0,1.176836406102666e-14,1.058875209736243e-14,8.229528170033973e-15,9.520162436160717e-15,5.684341886080802e-14,1.3822276656583199e-14,True
10,11,2.75,336.6775627524393,336.67756275243926,23.2594978900899,20.410029048350477,21.886632778122664,7.872709046745168,0.0,0.0,0.0,1.2434497875801753e-14,1.3031242751537775e-14,9.381384558082573e-15,1.2878587085651816e-14,5.684341886080802e-14,1.5376588891058418e-14,True
10,12,3.0,336.6775627524393,336.67756275243926,24.822596318415865,19.620048710961242,23.765920781567413,7.165353961340276,0.0,0.0,0.0,1.426636586643326e-14,1.4765966227514582e-14,1.0956513474269514e-14,1.554312234475219e-14,5.684341886080802e-14,1.5987211554602254e-14,True
10,13,3.25,336.6775627524393,336.67756275243914,26.551969981864087,20.18631838721234,25.65482109348917,6.843775608454354,0.0,0.0,0.0,1.6486811915683575e-14,1.4210854715202004e-14,1.1629586182948515e-14,1.509903313490213e-14,1.7053025658242404e-13,1.4155343563970746e-14,True
10,14,3.5,336.6775627524393,336.67756275243926,28.504111166592427,21.2713869982188,27.551356746882536,7.308015791134358,0.0,0.0,0.0,2.0539125955565396e-14,1.3988810110276972e-14,1.3433698597964394e-14,1.3100631690576847e-14,5.684341886080802e-14,1.609823385706477e-14,True
10,15,3.75,336.6775627524393,336.67756275243937,30.706262486568253,16.207314954672828,29.45405286816905,8.67947726151358,0.0,0.0,0.0,2.2315482794965646e-14,1.2712053631958042e-14,1.4349632593280148e-14,1.0824674490095276e-14,5.684341886080802e-14,1.9317880628477724e-14,True
10,16,4.0,336.6775627524393,336.67756275243937,32.53867659412869,15.583248857547265,31.36178822452029,8.672007487176115,0.0,0.0,0.0,2.531308496145357e-14,1.27675647831893e-14,1.559863349598345e-14,1.0547118733938987e-14,5.684341886080802e-14,2.1316282072803006e-14,True
10,17,4.25,336.6775627524393,336.67756275243926,34.02684908321754,22.15166503681659,33.27369605905355,7.119523095108777,0.0,0.0,0.0,2.7755575615628914e-14,1.7541523789077473e-14,1.6264767310758543e-14,1.3433698597964394e-14,5.684341886080802e-14,2.3425705819590803e-14,True
10,18,4.5,336.6775627524393,336.67756275243937,35.8971737395349,21.594301167267297,35.18909627615841,7.094687149805036,0.0,0.0,0.0,3.0309088572266774e-14,1.4932499681208355e-14,1.6542323066914832e-14,1.1823875212257917e-14,5.684341886080802e-14,2.886579864025407e-14,True
10,19,4.75,336.6775627524393,336.67756275243914,38.058356426954234,17.189430518271095,37.10744807376371,8.454335655391166,0.0,0.0,0.0,3.197442310920451e-14,1.021405182655144e-14,1.700029006457271e-14,8.798517470154366e-15,1.7053025658242404e-13,3.186340080674199e-14,True
10,20,5.0,336.6775627524393,336.677562752439,40.04100687349918,18.167153995691432,39.028316218782095,8.948338648618465,0.0,0.0,0.0,3.26405569239796e-14,9.159339953157541e-15,1.8859913630819847e-14,8.1601392309949e-15,3.410605131648481e-13,3.5083047578154947e-14,True
10,21,5.25,336.6775627524393,336.67756275243886,41.89487057175696,18.157609177372322,40.95134661658006,8.841232409171532,0.0,0.0,0.0,3.3084646133829665e-14,8.659739592076221e-15,1.9692580899288714e-14,9.492406860545088e-15,4.547473508864641e-13,3.3639757646142243e-14,True
10,22,5.5,336.6775627524393,336.67756275243926,43.6471662039676,18.14050518882006,42.876248332394596,8.167156578369278,0.0,0.0,0.0,3.141931159689193e-14,7.743805596760467e-15,1.9921564398117653e-14,7.771561172376096e-15,5.684341886080802e-14,3.197442310920451e-14,True
10,23,5.75,336.6775627524393,336.67756275243914,45.356556898027435,21.955311529756344,44.80278016957109,7.065984908071105,0.0,0.0,0.0,3.341771304121721e-14,1.2212453270876722e-14,1.9539925233402755e-14,1.304512053934559e-14,1.7053025658242404e-13,3.552713678800501e-14,True
10,24,6.0,336.6775627524393,336.67756275243937,47.33508077414347,20.612094118488052,46.730740517313755,7.539745526088946,0.0,0.0,0.0,3.4861002973229915e-14,1.1712852909795402e-14,2.2370993946196904e-14,1.2295719997723609e-14,5.684341886080802e-14,3.597122599785507e-14,True
10,25,6.25,336.6775627524393,336.67756275243937,49.42409909516586,15.419555891934628,48.65995957850725,8.657361329343681,0.0,0.0,0.0,3.730349362740526e-14,7.771561172376096e-15,2.0539125955565396e-14,6.827871601444713e-15,5.684341886080802e-14,3.5083047578154947e-14,True
10,26,6.5,336.6775627524393,336.67756275243954,51.25894839806314,18.56751542491738,50.59029335336241,8.252394155397221,0.0,0.0,0.0,3.652633751016765e-14,9.325873406851315e-15,1.9872992140790302e-14,8.881784197001252e-15,2.2737367544323206e-13,3.752553823233029e-14,True
10,27,6.75,336.6775627524393,336.67756275243937,53.04663491817903,21.166829756373538,52.5216189343819,7.444798227900291,0.0,0.0,0.0,3.941291737419306e-14,1.3655743202889425e-14,2.1649348980190553e-14,1.2656542480726785e-14,5.684341886080802e-14,4.0190073491430667e-14,True
10,28,7.0,336.6775627524393,336.67756275243914,54.983877919795184,18.790253061101307,54.45383079186841,7.616242064791782,0.0,0.0,0.0,4.063416270128073e-14,1.2406742300186124e-14,2.1746493494845254e-14,1.1324274851176597e-14,1.7053025658242404e-13,4.1522341120980855e-14,True
10,29,7.25,336.6775627524393,336.6775627524389,56.922654956905575,19.671076913724022,56.38683781559579,7.791865534044025,0.0,0.0,0.0,4.1300296516055823e-14,1.2989609388114332e-14,2.353672812205332e-14,9.325873406851315e-15,3.979039320256561e-13,4.529709940470639e-14,True
10,30,7.5,336.6775627524393,336.6775627524396,58.89835006166086,19.726967007019145,58.320560939406484,8.229690862901162,0.0,0.0,0.0,4.3298697960381105e-14,1.0602629885170245e-14,2.425837308805967e-14,8.854028621385623e-15,2.8421709430404007e-13,4.596323321948148e-14,True
10,31,7.75,336.6775627524393,336.6775627524395,60.8837999052352,15.485200519217372,60.25493121930853,8.728135806523431,0.0,0.0,0.0,4.263256414560601e-14,6.716849298982197e-15,2.4480417692984702e-14,8.326672684688674e-15,1.7053025658242404e-13,4.718447854656915e-14,True
10,32,8.0,336.6775627524393,336.6775627524396,62.66509877760086,18.812629023091127,62.18988826740271,7.702752890651461,0.0,0.0,0.0,4.3298697960381105e-14,6.661338147750939e-15,2.4966140266258208e-14,6.439293542825908e-15,2.8421709430404007e-13,5.051514762044462e-14,True
10,33,8.25,336.6775627524393,336.6775627524395,64.44569275810424,23.293074911008432,64.12537896724133,6.417405034720323,0.0,0.0,0.0,4.551914400963142e-14,8.784639682346551e-15,2.4605317783255032e-14,9.103828801926284e-15,1.7053025658242404e-13,5.459521723594207e-14,True
10,34,8.5,336.6775627524393,336.6775627524395,66.50271422720405,19.71013212849146,66.06135641344686,7.649064544159063,0.0,0.0,0.0,4.463096558993129e-14,8.56259507742152e-15,2.430694534538702e-14,9.2148511043888e-15,1.7053025658242404e-13,5.2235993308613615e-14,True
10,35,8.75,336.6775627524393,336.6775627524398,68.59983233974289,16.2326066969716,67.99777903129227,9.068574521521297,0.0,0.0,0.0,4.8183679268731794e-14,8.215650382226158e-15,2.65898414397725e-14,8.243405957841787e-15,5.115907697472721e-13,5.218048215738236e-14,True
10,36,9.0,336.6775627524393,336.6775627524398,70.53998854816572,18.39093657287057,69.93460984165351,9.22173143563899,0.0,0.0,0.0,4.951594689828198e-14,9.547918011776346e-15,2.6881274983736603e-14,9.325873406851315e-15,5.115907697472721e-13,5.551115123125783e-14,True
10,37,9.25,336.6775627524393,336.6775627524397,72.41160335140323,17.899369288889957,71.87181584412627,8.825099840168921,0.0,0.0,0.0,4.929390229335695e-14,1.0047518372857667e-14,2.512226537909612e-14,7.993605777301127e-15,3.979039320256561e-13,5.4511950509095186e-14,True
10,38,9.5,336.6775627524393,336.6775627524394,74.2194555825649,19.16851416414678,73.80936749675855,7.791332151870307,0.0,0.0,0.0,5.1514348342607263e-14,8.1601392309949e-15,2.5979218776228663e-14,8.340550472496489e-15,1.1368683772161603e-13,5.595524044110789e-14,True
10,39,9.75,336.6775627524393,336.67756275243914,76.04934751732668,22.110336341068063,75.7472382752201,6.771938532514389,0.0,0.0,0.0,5.240252676230739e-14,1.2656542480726785e-14,3.1211144779774713e-14,1.354472090042691e-14,1.7053025658242404e-13,6.006306563222097e-14,True
10,40,10.0,336.6775627524393,336.67756275243914,78.03998763036205,18.949442598562626,77.68540429763003,7.430856509234196,0.0,0.0,0.0,5.639932965095795e-14,1.3322676295501878e-14,3.021194405761207e-14,1.3225531780847177e-14,1.7053025658242404e-13,5.950795411990839e-14,True
10,41,10.25,336.6775627524393,336.6775627524394,80.02255921162349,16.54126779138209,79.62384400392482,7.978311150640473,0.0,0.0,0.0,5.750955267558311e-14,1.1102230246251565e-14,3.166217288352868e-14,1.1352030426792226e-14,1.1368683772161603e-13,6.461498003318411e-14,True
10,42,10.5,336.6775627524393,336.67756275243886,81.90010618699878,21.042703757242837,81.56253788074723,7.428311241012217,0.0,0.0,0.0,6.084022174945858e-14,1.1546319456101628e-14,3.3209546224099995e-14,1.0658141036401503e-14,4.547473508864641e-13,6.167288901792745e-14,True
10,43,10.75,336.6775627524393,336.6775627524392,83.86468427287329,20.49275417075371,83.50146822449983,7.796798865019127,0.0,0.0,0.0,5.950795411990839e-14,1.0699774399824946e-14,3.357036870710317e-14,1.1324274851176597e-14,1.1368683772161603e-13,6.275535646693697e-14,True
10,44,11.0,336.6775627524393,336.6775627524389,85.88854598246598,16.65746469559597,85.44061893653299,8.760306314526671,0.0,0.0,0.0,6.59472476627343e-14,8.215650382226158e-15,3.7136960173711486e-14,9.409140133698202e-15,3.979039320256561e-13,6.306066779870889e-14,True
10,45,11.25,336.6775627524393,336.67756275243846,87.81381989773618,18.826238102539456,87.37997534550107,8.718192109128509,0.0,0.0,0.0,6.394884621840902e-14,9.658940314238862e-15,3.858025010572419e-14,8.881784197001252e-15,8.526512829121202e-13,7.083222897108499e-14,True
10,46,11.5,336.6775627524393,336.67756275243914,89.71189754978232,19.106124176654607,89.31952405277787,8.381359374700152,0.0,0.0,0.0,6.661338147750939e-14,9.43689570931383e-15,3.6887159993170826e-14,9.71445146547012e-15,1.7053025658242404e-13,6.783462680459706e-14,True
10,47,11.75,336.6775627524393,336.67756275243926,91.59853217112658,17.513758387773628,91.25925279751644,7.876539515796082,0.0,0.0,0.0,6.94999613415348e-14,1.1601830607332886e-14,4.013456234019941e-14,1.176836406102666e-14,5.684341886080802e-14,6.772360450213455e-14,True
10,48,12.0,336.6775627524393,336.6775627524387,93.43762330204312,21.64926027177538,93.19915033850421,6.671418478509782,0.0,0.0,0.0,7.083222897108499e-14,1.509903313490213e-14,4.272970866026071e-14,1.0880185641326534e-14,6.252776074688882e-13,7.355227538141662e-14,True
11,0,0.0,241.907753612535,241.90775361253495,11.423925415826973,9.469201099438974,7.785548726259593,8.360101849703453,5.10702591327572e-15,3.552713678800501e-15,0.0,3.552713678800501e-15,2.6922908347160046e-15,3.164135620181696e-15,2.9282132274488504e-15,5.684341886080802e-14,3.941291737419306e-15,True
11,1,0.25,241.907753612535,241.90775361253498,10.345509757256096,15.821800724015018,7.587179956848075,7.033084134281623,0.0,0.0,0.0,2.9976021664879227e-15,5.551115123125783e-15,2.5951463200613034e-15,5.689893001203927e-15,2.842170943040401e-14,3.4416913763379853e-15,True
11,2,0.5,241.907753612535,241.90775361253512,9.192215262107,19.298127805097828,7.666675331741721,5.071381545750215,0.0,0.0,0.0,3.552713678800501e-15,7.521760991835436e-15,2.275957200481571e-15,7.743805596760467e-15,1.1368683772161603e-13,4.884981308350689e-15,True
11,3,0.75,241.907753612535,241.9077536125351,9.501362711453973,17.65102333457286,8.015772065321086,5.101302928804183,0.0,0.0,0.0,4.773959005888173e-15,6.994405055138486e-15,2.6506574712925612e-15,5.856426454897701e-15,8.526512829121202e-14,7.271960811294775e-15,True
11,4,1.0,241.907753612535,241.90775361253503,10.683607807610406,16.162710492485022,8.601707573507237,6.33641086157631,0.0,0.0,0.0,6.661338147750939e-15,7.743805596760467e-15,2.9976021664879227e-15,7.271960811294775e-15,2.842170943040401e-14,8.992806499463768e-15,True
11,5,1.25,241.907753612535,241.9077536125351,11.934018925680052,14.11534328127343,9.380203876952073,7.377844058077056,0.0,0.0,0.0,7.105427357601002e-15,7.743805596760467e-15,4.08006961549745e-15,7.66053886991358e-15,8.526512829121202e-14,9.325873406851315e-15,True
11,6,1.5,241.907753612535,241.90775361253503,12.679649309103574,13.46359192991707,10.307723152197422,7.38406053736723,0.0,0.0,0.0,7.771561172376096e-15,6.827871601444713e-15,5.3013149425851225e-15,7.549516567451064e-15,2.842170943040401e-14,8.659739592076221e-15,True
11,7,1.75,241.907753612535,241.90775361253506,12.955806623324934,17.86977477118194,11.347782541431243,6.251460361657787,0.0,0.0,0.0,7.993605777301127e-15,8.271161533457416e-15,5.731526364627371e-15,7.993605777301127e-15,5.684341886080802e-14,8.43769498715119e-15,True
11,8,2.0,241.907753612535,241.90775361253503,13.84942333942881,18.763354775362853,12.472259652884949,6.020736332520613,0.0,0.0,0.0,7.993605777301127e-15,8.992806499463768e-15,6.328271240363392e-15,7.771561172376096e-15,2.842170943040401e-14,8.992806499463768e-15,True
11,9,2.25,241.907753612535,241.90775361253506,15.46317894490601,14.572121313275678,13.660323323642704,7.246065813648653,0.0,0.0,0.0,7.93809462606987e-15,5.773159728050814e-15,6.772360450213455e-15,5.412337245047638e-15,5.684341886080802e-14,1.0547118733938987e-14,True
11,10,2.5,241.907753612535,241.90775361253503,16.801055021590436,14.11308424281705,14.89676763529716,7.7692833555272225,0.0,0.0,0.0,9.43689570931383e-15,1.0436096431476471e-14,8.409939411535561e-15,7.716050021144838e-15,2.842170943040401e-14,1.2156942119645464e-14,True
11,11,2.75,241.907753612535,241.90775361253495,17.784639450862233,15.958778797769828,16.170498411295863,7.403268300382163,0.0,0.0,0.0,1.1102230246251565e-14,1.2212453270876722e-14,1.0200174038743626e-14,9.423017921506016e-15,5.684341886080802e-14,1.6264767310758543e-14,True
11,12,3.0,241.907753612535,241.90775361253498,18.74804933550379,15.488988022567534,17.473363499209654,6.79491883034462,0.0,0.0,0.0,1.2434497875801753e-14,9.2148511043888e-15,1.0436096431476471e-14,7.716050021144838e-15,2.842170943040401e-14,1.8096635301390052e-14,True
11,13,3.25,241.907753612535,241.9077536125348,19.71012176655178,17.656642093026704,18.799306511076605,5.9224129166152455,0.0,0.0,0.0,1.509903313490213e-14,8.881784197001252e-15,1.2545520178264269e-14,8.992806499463768e-15,1.9895196601282805e-13,1.8707257964933888e-14,True
11,14,3.5,241.907753612535,241.90775361253492,21.029437966542147,18.549702278569274,20.14377072038419,6.038688794203349,0.0,0.0,0.0,1.6431300764452317e-14,1.021405182655144e-14,1.5709655798445965e-14,8.826273045769994e-15,8.526512829121202e-14,2.015054789694659e-14,True
11,15,3.75,241.907753612535,241.90775361253517,22.729485760348435,13.419946566247654,21.50328236780405,7.364670416275908,0.0,0.0,0.0,1.687538997430238e-14,9.2148511043888e-15,1.734723475976807e-14,8.1601392309949e-15,1.7053025658242404e-13,2.1371793224034263e-14,True
11,16,4.0,241.907753612535,241.9077536125352,24.058345925494866,12.301626806931692,22.87515872206624,7.451920699460812,0.0,0.0,0.0,1.8207657603852567e-14,8.791578576250458e-15,1.912359159916832e-14,8.659739592076221e-15,1.9895196601282805e-13,2.353672812205332e-14,True
11,17,4.25,241.907753612535,241.907753612535,24.963118750213173,17.977046564675945,24.257302008798053,5.894115454519562,0.0,0.0,0.0,2.042810365310288e-14,9.853229343548264e-15,2.0095036745715333e-14,1.049160758270773e-14,0.0,2.55351295663786e-14,True
11,18,4.5,241.907753612535,241.90775361253498,26.15532356542226,18.653985865214874,25.64805246307131,5.126241865487342,0.0,0.0,0.0,2.1760371282653068e-14,9.867107131356079e-15,2.120525977034049e-14,9.686695889854491e-15,2.842170943040401e-14,2.786659791809143e-14,True
11,19,4.75,241.907753612535,241.90775361253498,27.73380029895217,16.248557530875743,27.046082336763373,6.137842394129703,0.0,0.0,0.0,2.398081733190338e-14,7.993605777301127e-15,2.3342439092743916e-14,7.105427357601002e-15,2.842170943040401e-14,2.892130979148533e-14,True
11,20,5.0,241.907753612535,241.90775361253498,29.348323031006515,15.308562315687691,28.450318532515833,7.204404217608368,0.0,0.0,0.0,2.5757174171303632e-14,8.992806499463768e-15,2.4868995751603507e-14,7.993605777301127e-15,2.842170943040401e-14,2.8033131371785203e-14,True
11,21,5.25,241.907753612535,241.90775361253526,30.836655941189797,13.73797851652364,29.859885459464667,7.699778567138591,0.0,0.0,0.0,2.930988785010413e-14,8.659739592076221e-15,2.5757174171303632e-14,7.271960811294775e-15,2.5579538487363607e-13,2.90878432451791e-14,True
11,22,5.5,241.907753612535,241.90775361253517,32.07903209253419,15.101186380337818,31.274062334771767,7.141241143852284,0.0,0.0,0.0,2.842170943040401e-14,7.771561172376096e-15,2.6922908347160046e-14,6.800116025829084e-15,1.7053025658242404e-13,2.90878432451791e-14,True
11,23,5.75,241.907753612535,241.90775361253517,33.257478608210626,18.803138354767732,32.692250922843094,6.105457638330818,0.0,0.0,0.0,3.108624468950438e-14,1.0325074129013956e-14,2.7700064464397656e-14,8.049116928532385e-15,1.7053025658242404e-13,3.352873534367973e-14,True
11,24,6.0,241.907753612535,241.90775361253498,34.73475750388152,17.178118453407187,34.1139509013715,6.5377161725076025,0.0,0.0,0.0,3.2862601528904634e-14,9.880984919163893e-15,2.8144153674247718e-14,8.049116928532385e-15,2.842170943040401e-14,3.26405569239796e-14,True
11,25,6.25,241.907753612535,241.90775361253495,36.315614728056346,13.343833661124249,35.53874086143657,7.471396861382855,0.0,0.0,0.0,3.4638958368304884e-14,9.992007221626409e-15,3.019806626980426e-14,8.43769498715119e-15,5.684341886080802e-14,3.6415315207705135e-14,True
11,26,6.5,241.907753612535,241.90775361253515,37.680078862512346,15.667183623789725,36.96626351347403,7.299568818604836,0.0,0.0,0.0,3.552713678800501e-14,7.66053886991358e-15,2.936539900133539e-14,6.328271240363392e-15,1.4210854715202004e-13,3.419486915845482e-14,True
11,27,6.75,241.907753612535,241.90775361253515,38.99615981226343,16.809829831219574,38.39621406460495,6.814046199478075,0.0,0.0,0.0,3.907985046680551e-14,6.2727600891321345e-15,3.23491233800155e-14,5.995204332975845e-15,1.4210854715202004e-13,3.630429290524262e-14,True
11,28,7.0,241.907753612535,241.9077536125353,40.36938141444853,15.46089079227728,39.82833101020475,6.587184886336835,0.0,0.0,0.0,4.1744385725905886e-14,5.440092820663267e-15,3.3639757646142243e-14,4.6629367034256575e-15,2.8421709430404007e-13,3.68594044175552e-14,True
11,29,7.25,241.907753612535,241.9077536125351,41.722963992477546,17.35182418451166,41.262388780074446,6.182313198113253,0.0,0.0,0.0,3.907985046680551e-14,5.440092820663267e-15,3.1308289294429414e-14,6.439293542825908e-15,8.526512829121202e-14,3.885780586188048e-14,True
11,30,7.5,241.907753612535,241.90775361253503,43.186132502541454,17.104916593254142,42.69819182159467,6.473519575422182,0.0,0.0,0.0,3.907985046680551e-14,6.439293542825908e-15,3.1252778143198157e-14,7.382983113757291e-15,2.842170943040401e-14,3.952393967665557e-14,True
11,31,7.75,241.907753612535,241.90775361253486,44.71043851745866,13.108652540721453,44.135569805378964,7.146662884030008,0.0,0.0,0.0,3.730349362740526e-14,6.5503158452884236e-15,3.277933480205775e-14,8.104628079763643e-15,1.4210854715202004e-13,3.9745984281580604e-14,True
11,32,8.0,241.907753612535,241.90775361253495,46.04330154926504,15.29485866021381,45.574373714548955,6.554546367459953,0.0,0.0,0.0,3.730349362740526e-14,6.38378239159465e-15,3.1835645231126364e-14,7.743805596760467e-15,5.684341886080802e-14,4.207745263329343e-14,True
11,33,8.25,241.907753612535,241.9077536125349,47.33219700541574,18.815249735232857,47.0144726346831,5.475055820913692,0.0,0.0,0.0,3.907985046680551e-14,8.104628079763643e-15,3.277933480205775e-14,9.547918011776346e-15,1.1368683772161603e-13,4.168887457467463e-14,True
11,34,8.5,241.907753612535,241.9077536125353,48.82759914068231,16.987237710581123,48.45575110322269,6.014534301647447,0.0,0.0,0.0,3.9968028886505635e-14,8.049116928532385e-15,3.527733660746435e-14,7.882583474838611e-15,2.8421709430404007e-13,4.263256414560601e-14,True
11,35,8.75,241.907753612535,241.9077536125352,50.39771153721141,15.031473370610604,49.89810690851581,7.078718466947229,0.0,0.0,0.0,4.1744385725905886e-14,8.049116928532385e-15,3.669980985776533e-14,5.773159728050814e-15,1.9895196601282805e-13,4.451994328746878e-14,True
11,36,9.0,241.907753612535,241.90775361253517,51.89804109491222,15.199251247279053,51.341449252489774,7.580386411207221,0.0,0.0,0.0,3.9968028886505635e-14,8.382183835919932e-15,3.699818229563334e-14,8.326672684688674e-15,1.7053025658242404e-13,4.651834473179406e-14,True
11,37,9.25,241.907753612535,241.9077536125347,53.321390451673935,14.472611896956856,52.78569720913422,7.539287091328029,0.0,0.0,0.0,3.9968028886505635e-14,8.243405957841787e-15,3.758104938356155e-14,8.215650382226158e-15,3.126388037344441e-13,4.54081217071689e-14,True
11,38,9.5,241.907753612535,241.9077536125349,54.65400095318371,16.67335907327878,54.23077842497672,6.788408621443356,0.0,0.0,0.0,4.3520742565306136e-14,7.494005416219807e-15,3.963496197911809e-14,7.66053886991358e-15,1.1368683772161603e-13,4.5852210917018965e-14,True
11,39,9.75,241.907753612535,241.90775361253483,56.035675594980596,18.4047059353586,55.67662801858195,6.333248129227092,0.0,0.0,0.0,4.529709940470639e-14,7.605027718682322e-15,4.0273340218277554e-14,8.326672684688674e-15,1.7053025658242404e-13,4.9182879990894435e-14,True
11,40,10.0,241.907753612535,241.90775361253515,57.55565482776986,14.815218490520916,57.12318764456582,7.042360114131574,0.0,0.0,0.0,4.707345624410664e-14,7.549516567451064e-15,4.0842329518397946e-14,7.993605777301127e-15,1.4210854715202004e-13,4.973799150320701e-14,True
11,41,10.25,241.907753612535,241.9077536125348,59.00733859344758,13.757617063037596,58.570404694257604,7.167545035272235,0.0,0.0,0.0,4.884981308350689e-14,1.0880185641326534e-14,4.2521541843143495e-14,7.494005416219807e-15,1.9895196601282805e-13,4.9960036108132044e-14,True
11,42,10.5,241.907753612535,241.907753612535,60.348014609272624,17.86094595240235,60.01823161038696,6.300376309628533,0.0,0.0,0.0,4.618527782440651e-14,1.4210854715202004e-14,4.118927421359331e-14,1.049160758270773e-14,0.0,5.3734794391857577e-14,True
11,43,10.75,241.907753612535,241.90775361253475,61.784426007321386,17.21760314188982,61.46662529733595,6.258535899958652,0.0,0.0,0.0,4.973799150320701e-14,1.1546319456101628e-14,4.4700354528970365e-14,8.978928711655954e-15,2.5579538487363607e-13,5.706546346573305e-14,True
11,44,11.0,241.907753612535,241.90775361253492,63.28532379163051,14.674022816514707,62.91554661182123,6.831266496577661,0.0,0.0,0.0,5.1514348342607263e-14,9.325873406851315e-15,4.8655524054197485e-14,9.492406860545088e-15,8.526512829121202e-14,5.906386491005833e-14,True
11,45,11.25,241.907753612535,241.907753612535,64.72610505130382,16.245699431524073,64.36495992154045,6.827928632529176,0.0,0.0,0.0,4.973799150320701e-14,1.1102230246251565e-14,4.758693439299577e-14,1.0547118733938987e-14,0.0,6.061817714453355e-14,True
11,46,11.5,241.907753612535,241.90775361253523,66.16413520151178,15.832516887535386,65.8148327214684,6.789740849919387,0.0,0.0,0.0,5.773159728050814e-14,1.1435297153639112e-14,5.065392549852277e-14,1.0005885009434223e-14,2.2737367544323206e-13,6.661338147750939e-14,True
11,47,11.75,241.907753612535,241.9077536125349,67.58301321358928,14.73856249158612,67.26513529923457,6.547155733893159,0.0,0.0,0.0,5.684341886080802e-14,1.0241807402167069e-14,5.274947145750275e-14,1.0241807402167069e-14,1.1368683772161603e-13,6.838973831690964e-14,True
11,48,12.0,241.907753612535,241.9077536125348,68.95398439897083,17.973883698756183,68.71584044243296,5.725839395547874,0.0,0.0,0.0,6.394884621840902e-14,1.0796918914479647e-14,5.734301922188934e-14,1.0547118733938987e-14,1.9895196601282805e-13,6.761258219967203e-14,True
12,0,0.0,321.68736928515784,321.68736928515773,12.44873909033782,10.031017826412915,8.540878333574796,9.056737946434,4.551914400963142e-15,2.886579864025407e-15,0.0,3.3306690738754696e-15,2.1094237467877974e-15,3.885780586188048e-15,3.25434124093249e-15,1.1368683772161603e-13,3.3861802251067274e-15,True
12,1,0.25,321.68736928515784,321.68736928515784,11.501789546945924,18.574134364879672,8.563136461943701,7.678792660071301,0.0,0.0,0.0,3.552713678800501e-15,5.995204332975845e-15,3.2751579226442118e-15,6.5503158452884236e-15,0.0,2.9976021664879227e-15,True
12,2,0.5,321.68736928515784,321.68736928515796,10.604658796982578,21.950048886489622,8.848222270209288,5.84531871307223,0.0,0.0,0.0,4.440892098500626e-15,9.103828801926284e-15,2.4702462297909733e-15,7.827072323607354e-15,1.1368683772161603e-13,4.274358644806853e-15,True
12,3,0.75,321.68736928515784,321.6873692851579,11.18683825542782,17.76978454784476,9.372182058645738,6.107990963705028,0.0,0.0,0.0,5.773159728050814e-15,6.8833827526759706e-15,3.191891195797325e-15,7.105427357601002e-15,5.684341886080802e-14,5.218048215738236e-15,True
12,4,1.0,321.68736928515784,321.68736928515784,11.940573396378202,19.404746269945445,10.097899962764043,6.3725747838926745,0.0,0.0,0.0,5.995204332975845e-15,9.325873406851315e-15,3.948230631323213e-15,1.0103029524088925e-14,0.0,7.327471962526033e-15,True
12,5,1.25,321.68736928515784,321.6873692851579,13.116205701522754,19.269096148239832,10.98546306242002,7.166202153781547,0.0,0.0,0.0,6.439293542825908e-15,9.769962616701378e-15,5.530298441414061e-15,8.326672684688674e-15,5.684341886080802e-14,9.797718192317006e-15,True
12,6,1.5,321.68736928515784,321.6873692851579,14.450878586769646,13.436642063951437,11.999010028073767,8.05305223351635,0.0,0.0,0.0,8.326672684688674e-15,7.105427357601002e-15,7.147060721024445e-15,6.661338147750939e-15,5.684341886080802e-14,1.1324274851176597e-14,True
12,7,1.75,321.68736928515784,321.68736928515784,14.806299806168884,18.522945954739455,13.10935210191757,6.882688531243156,0.0,0.0,0.0,8.881784197001252e-15,8.548717289613705e-15,6.6058269965196814e-15,8.548717289613705e-15,0.0,1.176836406102666e-14,True
12,8,2.0,321.68736928515784,321.68736928515784,15.328877391862227,22.440328216131586,14.29395016538472,5.536918887273219,0.0,0.0,0.0,9.769962616701378e-15,1.0769163338864018e-14,7.216449660063518e-15,9.325873406851315e-15,0.0,1.1324274851176597e-14,True
12,9,2.25,321.68736928515784,321.6873692851579,16.93605832085192,17.10261295228995,15.535827562417424,6.743006258200315,0.0,0.0,0.0,1.1324274851176597e-14,8.326672684688674e-15,7.348288644237755e-15,7.605027718682322e-15,5.684341886080802e-14,1.176836406102666e-14,True
12,10,2.5,321.68736928515784,321.68736928515796,18.35502195366617,17.01478362357462,16.822303429912665,7.34281541586847,0.0,0.0,0.0,1.1546319456101628e-14,9.992007221626409e-15,7.716050021144838e-15,8.132383655379272e-15,1.1368683772161603e-13,1.2878587085651816e-14,True
12,11,2.75,321.68736928515784,321.68736928515796,19.545389756558514,20.211670805904284,18.14389360768932,7.267832241365592,0.0,0.0,0.0,1.3100631690576847e-14,1.0186296250935811e-14,8.354428260304303e-15,8.965050923848139e-15,1.1368683772161603e-13,1.2934098236883074e-14,True
12,12,3.0,321.68736928515784,321.68736928515807,21.009727166099854,15.73466828283668,19.493457510828165,7.836692533683539,0.0,0.0,0.0,1.354472090042691e-14,8.049116928532385e-15,8.631984016460592e-15,6.938893903907228e-15,2.2737367544323206e-13,1.354472090042691e-14,True
12,13,3.25,321.68736928515784,321.68736928515807,22.083856756153878,17.365782834605767,20.86556790806309,7.233588673703476,0.0,0.0,0.0,1.3766765505351941e-14,9.353628982466944e-15,9.325873406851315e-15,9.2148511043888e-15,2.2737367544323206e-13,1.554312234475219e-14,True
12,14,3.5,321.68736928515784,321.6873692851578,23.08642290308312,22.48418207790127,22.25605514114613,6.136035529090735,0.0,0.0,0.0,1.4210854715202004e-14,8.215650382226158e-15,1.0109968417992832e-14,8.992806499463768e-15,5.684341886080802e-14,1.7486012637846216e-14,True
12,15,3.75,321.68736928515784,321.68736928515773,24.77467039137523,17.211548975730707,23.661679667464387,7.3422890378673475,0.0,0.0,0.0,1.609823385706477e-14,6.772360450213455e-15,1.1463052729254741e-14,7.049916206369744e-15,1.1368683772161603e-13,1.709743457922741e-14,True
12,16,4.0,321.68736928515784,321.6873692851576,26.284270680072954,13.86064063364479,25.079896468005472,7.865219535236724,0.0,0.0,0.0,1.554312234475219e-14,9.048317650695026e-15,1.2045919817182948e-14,8.43769498715119e-15,2.2737367544323206e-13,1.7708057242771247e-14,True
12,17,4.25,321.68736928515784,321.6873692851576,27.285688430028397,21.087249972624956,26.508684556693204,6.465171008899978,0.0,0.0,0.0,1.9095836023552692e-14,1.1546319456101628e-14,1.3690437672408962e-14,1.0880185641326534e-14,2.2737367544323206e-13,1.6431300764452317e-14,True
12,18,4.5,321.68736928515784,321.68736928515773,28.655044849061973,19.89343531426582,27.94642257833499,6.333171431035258,0.0,0.0,0.0,2.042810365310288e-14,1.0186296250935811e-14,1.5487611193520934e-14,9.769962616701378e-15,1.1368683772161603e-13,1.9539925233402755e-14,True
12,19,4.75,321.68736928515784,321.6873692851579,30.231938310128633,15.834413384245899,29.391797169409262,7.077595152290718,0.0,0.0,0.0,2.2037927038809357e-14,7.771561172376096e-15,1.637578961322106e-14,8.31279489688086e-15,5.684341886080802e-14,2.2148949341271873e-14,True
12,20,5.0,321.68736928515784,321.68736928515796,31.568956406812852,19.827719130504107,30.8437347720527,6.72778075791101,0.0,0.0,0.0,2.2093438190040615e-14,9.603429163007604e-15,1.5931700403370996e-14,8.93729534823251e-15,1.1368683772161603e-13,2.398081733190338e-14,True
12,21,5.25,321.68736928515784,321.6873692851581,33.04603296601219,18.594078451054344,32.301350381214505,6.975891221971426,0.0,0.0,0.0,2.375877272697835e-14,1.0186296250935811e-14,1.6417422976644502e-14,9.658940314238862e-15,2.8421709430404007e-13,2.7533531010703882e-14,True
12,22,5.5,321.68736928515784,321.6873692851583,34.52207047155316,15.421299572337881,33.76390863231708,7.195263963985365,0.0,0.0,0.0,2.353672812205332e-14,1.2184697695261093e-14,1.6264767310758543e-14,1.2101430968414206e-14,4.547473508864641e-13,2.853273173286652e-14,True
12,23,5.75,321.68736928515784,321.687369285158,35.75869961723755,21.061613357745493,35.23079396966723,6.121744406840614,0.0,0.0,0.0,2.4868995751603507e-14,1.04638520070921e-14,1.6327217355893708e-14,1.0547118733938987e-14,1.7053025658242404e-13,2.892130979148533e-14,True
12,24,6.0,321.68736928515784,321.68736928515796,37.28822518752691,20.568229640679423,36.70148756188284,6.588819953578545,0.0,0.0,0.0,2.6645352591003757e-14,7.882583474838611e-15,1.697253448895708e-14,8.770761894538737e-15,1.1368683772161603e-13,2.919886554764162e-14,True
12,25,6.25,321.68736928515784,321.6873692851581,39.01602546612476,14.035589047827585,38.17554927826393,8.054668241221222,0.0,0.0,0.0,2.8199664825478976e-14,7.93809462606987e-15,1.6459056340067946e-14,5.88418203051333e-15,2.8421709430404007e-13,2.7644553313166398e-14,True
12,26,6.5,321.68736928515784,321.6873692851578,40.40022080153892,18.259381427896933,39.65260349661155,7.736205578551298,0.0,0.0,0.0,2.90878432451791e-14,6.217248937900877e-15,1.7957857423311907e-14,6.591949208711867e-15,5.684341886080802e-14,3.197442310920451e-14,True
12,27,6.75,321.68736928515784,321.6873692851576,41.75392325241323,20.279344797928395,41.132327837627145,7.177862747808513,0.0,0.0,0.0,3.064215547965432e-14,7.993605777301127e-15,1.9095836023552692e-14,6.439293542825908e-15,2.2737367544323206e-13,3.441691376337985e-14,True
12,28,7.0,321.68736928515784,321.68736928515716,43.25050799230303,15.637383179847685,42.61444415388754,7.390236197001292,0.0,0.0,0.0,3.0753177782116836e-14,9.103828801926284e-15,2.1260770921571748e-14,6.314393452555578e-15,6.821210263296962e-13,3.3362201889985954e-14,True
12,29,7.25,321.68736928515784,321.6873692851574,44.568930633629414,19.496348203302492,44.0987112699201,6.457030444212932,0.0,0.0,0.0,3.0531133177191805e-14,1.0103029524088925e-14,2.3037127760971998e-14,6.5503158452884236e-15,4.547473508864641e-13,3.6137759451548845e-14,True
12,30,7.5,321.68736928515784,321.68736928515784,45.99842208591749,21.74172992317417,45.584919092951914,6.153859413672855,0.0,0.0,0.0,3.4861002973229915e-14,9.43689570931383e-15,2.5163898742519564e-14,6.994405055138486e-15,0.0,3.7414515929867775e-14,True
12,31,7.75,321.68736928515784,321.687369285158,47.687005201228246,14.57024442939986,47.07288380452574,7.628504138269041,0.0,0.0,0.0,3.3639757646142243e-14,5.773159728050814e-15,2.353672812205332e-14,4.829470157119431e-15,1.7053025658242404e-13,3.6415315207705135e-14,True
12,32,8.0,321.68736928515784,321.6873692851583,49.118514501430404,16.08049685360958,48.56244391047475,7.370041266453219,0.0,0.0,0.0,3.3084646133829665e-14,6.8833827526759706e-15,2.4646951146678475e-14,6.38378239159465e-15,4.547473508864641e-13,3.952393967665557e-14,True
12,33,8.25,321.68736928515784,321.68736928515847,50.396456426290676,21.953225821764995,50.05345697713443,5.869775546404434,0.0,0.0,0.0,3.352873534367973e-14,8.43769498715119e-15,2.2898349882893854e-14,8.826273045769994e-15,6.252776074688882e-13,3.530509218307998e-14,True
12,34,8.5,321.68736928515784,321.68736928515796,51.93839762445899,18.326478360985902,51.54579691968981,6.374007194105142,0.0,0.0,0.0,3.552713678800501e-14,7.327471962526033e-15,2.232936058277346e-14,7.66053886991358e-15,1.1368683772161603e-13,4.263256414560601e-14,True
12,35,8.75,321.68736928515784,321.6873692851578,53.494415670681406,16.919827001278023,53.039351737461644,6.962734751336546,0.0,0.0,0.0,3.6415315207705135e-14,9.242606680004428e-15,2.2093438190040615e-14,7.105427357601002e-15,5.684341886080802e-14,4.0745185003743245e-14,True
12,36,9.0,321.68736928515784,321.6873692851579,54.969823086702185,20.540845120909683,54.53402161306887,6.908106606637832,0.0,0.0,0.0,3.4861002973229915e-14,9.46465128492946e-15,2.1760371282653068e-14,8.215650382226158e-15,5.684341886080802e-14,4.207745263329343e-14,True
12,37,9.25,321.68736928515784,321.68736928515773,56.56362779082774,16.71623442927628,56.02971730947219,7.75337133638864,0.0,0.0,0.0,3.5638159090467525e-14,8.382183835919932e-15,2.453592884421596e-14,6.661338147750939e-15,1.1368683772161603e-13,4.424238753131249e-14,True
12,38,9.5,321.68736928515784,321.68736928515784,58.04728843721161,15.854451087549968,57.5263588121505,7.759235576302295,0.0,0.0,0.0,3.8413716652030416e-14,9.325873406851315e-15,2.4480417692984702e-14,6.938893903907228e-15,0.0,4.207745263329343e-14,True
12,39,9.75,321.68736928515784,321.6873692851575,59.39722958865733,21.383034200373295,59.02387417401045,6.649297729704383,0.0,0.0,0.0,4.107825191113079e-14,1.0769163338864018e-14,2.609024107869118e-14,9.159339953157541e-15,3.410605131648481e-13,4.4853010194856324e-14,True
12,40,10.0,321.68736928515784,321.6873692851574,60.927297914972456,18.39059209947642,60.52219852876107,7.014208185179404,0.0,0.0,0.0,4.3520742565306136e-14,8.43769498715119e-15,2.7131075164277263e-14,7.993605777301127e-15,4.547473508864641e-13,5.384581669432009e-14,True
12,41,10.25,321.68736928515784,321.6873692851577,62.45596864313338,15.327792597328687,62.02127324491439,7.355928509150058,0.0,0.0,0.0,4.618527782440651e-14,9.2148511043888e-15,2.9753977059954195e-14,8.965050923848139e-15,1.7053025658242404e-13,5.140332604014475e-14,True
12,42,10.5,321.68736928515784,321.68736928515807,63.842712743553705,21.21849577822976,63.521045197683215,6.400686482698471,0.0,0.0,0.0,4.796163466380676e-14,1.3378187446733136e-14,3.20646287299553e-14,1.1712852909795402e-14,2.2737367544323206e-13,5.440092820663267e-14,True
12,43,10.75,321.68736928515784,321.6873692851581,65.38964727210542,19.411387658445424,65.0214661401303,6.929279281299986,0.0,0.0,0.0,4.884981308350689e-14,1.2101430968414206e-14,3.297362383136715e-14,1.0103029524088925e-14,2.8421709430404007e-13,5.1958437552457326e-14,True
12,44,11.0,321.68736928515784,321.6873692851583,66.98261634216493,13.895464632744659,66.52249215820406,7.837660945928975,0.0,0.0,0.0,5.0182080713057076e-14,7.41073868937292e-15,3.430589146091734e-14,6.966649479522857e-15,4.547473508864641e-13,5.290212712338871e-14,True
12,45,11.25,321.68736928515784,321.68736928515864,68.37379224747917,19.616107644843506,68.02408319694393,6.906487639653897,0.0,0.0,0.0,5.0182080713057076e-14,9.18709552877317e-15,3.524958103184872e-14,9.43689570931383e-15,7.958078640513122e-13,5.967448757360216e-14,True
12,46,11.5,321.68736928515784,321.68736928515796,69.81953091676128,20.32177107600598,69.52620264728539,6.3932810735325685,0.0,0.0,0.0,4.618527782440651e-14,7.93809462606987e-15,3.392425229620244e-14,7.93809462606987e-15,1.1368683772161603e-13,5.750955267558311e-14,True
12,47,11.75,321.68736928515784,321.6873692851575,71.35960329779152,15.493929248580448,71.02881698464542,6.862954216656602,0.0,0.0,0.0,5.1514348342607263e-14,7.105427357601002e-15,3.4916514124461173e-14,7.271960811294775e-15,3.410605131648481e-13,5.928590951498336e-14,True
12,48,12.0,321.68736928515784,321.6873692851576,72.78671853456102,20.06321258854604,72.53189545189983,6.0852721536576135,0.0,0.0,0.0,5.262457136723242e-14,9.270362255620057e-15,3.4638958368304884e-14,8.271161533457416e-15,2.2737367544323206e-13,5.984102102729594e-14,True
13,0,0.0,269.3892709902186,269.38927099021873,11.459890480113055,10.732979864055702,7.042224762696473,9.04080528536316,3.885780586188048e-15,4.274358644806853e-15,0.0,2.4980018054066022e-15,3.9968028886505635e-15,2.831068712794149e-15,3.2751579226442118e-15,1.1368683772161603e-13,3.1086244689504383e-15,True
13,1,0.25,269.3892709902186,269.38927099021873,10.45998372589304,15.86931525535105,6.7645089722995255,7.978262837837975,0.0,0.0,0.0,2.9976021664879227e-15,7.771561172376096e-15,2.400857290751901e-15,5.745404152435185e-15,1.1368683772161603e-13,2.6645352591003757e-15,True
13,2,0.5,269.3892709902186,269.38927099021873,9.141572274985128,20.321206692591247,6.870434527786382,6.030379180298489,0.0,0.0,0.0,3.552713678800501e-15,8.770761894538737e-15,2.1094237467877974e-15,7.591149930874508e-15,1.1368683772161603e-13,3.4416913763379853e-15,True
13,3,0.75,269.3892709902186,269.38927099021873,9.42840237183464,19.32386060443805,7.343418584090852,5.913457092433002,0.0,0.0,0.0,5.551115123125783e-15,9.71445146547012e-15,2.942091015256665e-15,6.8833827526759706e-15,1.1368683772161603e-13,4.6629367034256575e-15,True
13,4,1.0,269.3892709902186,269.38927099021873,10.913020691880062,16.532822787960352,8.119566450127468,7.291547248929191,0.0,0.0,0.0,6.5503158452884236e-15,1.0436096431476471e-14,4.066191827689636e-15,8.93729534823251e-15,1.1368683772161603e-13,6.106226635438361e-15,True
13,5,1.25,269.3892709902186,269.38927099021873,12.305813965034206,14.895914285938344,9.121817752575055,8.25987277328395,0.0,0.0,0.0,8.826273045769994e-15,9.631184738623233e-15,5.134781488891349e-15,9.880984919163893e-15,1.1368683772161603e-13,6.328271240363392e-15,True
13,6,1.5,269.3892709902186,269.38927099021856,13.151542826067509,15.06545867881321,10.284279061783783,8.197358286987553,0.0,0.0,0.0,1.1435297153639112e-14,1.0907941216942163e-14,7.327471962526033e-15,1.0824674490095276e-14,5.684341886080802e-14,7.632783294297951e-15,True
13,7,1.75,269.3892709902186,269.3892709902187,13.63498641903899,17.817314892621223,11.558714005735602,7.232495086827873,0.0,0.0,0.0,1.2823075934420558e-14,1.0852430065710905e-14,7.577272143066693e-15,1.0949574580365606e-14,5.684341886080802e-14,8.992806499463768e-15,True
13,8,2.0,269.3892709902186,269.3892709902186,14.494472935287773,19.254451847267234,12.912009140657602,6.585572535730231,0.0,0.0,0.0,1.4099832412739488e-14,1.2434497875801753e-14,9.117706589734098e-15,9.43689570931383e-15,0.0,1.0436096431476471e-14,True
13,9,2.25,269.3892709902186,269.3892709902186,16.015958999524035,17.138688186907597,14.321826963301705,7.16911536437232,0.0,0.0,0.0,1.4765966227514582e-14,1.4432899320127035e-14,1.0658141036401503e-14,1.2378986724570495e-14,0.0,1.27675647831893e-14,True
13,10,2.5,269.3892709902186,269.3892709902186,17.593705955558196,15.296137989070099,15.773018481615336,7.794252833291018,0.0,0.0,0.0,1.9095836023552692e-14,1.5765166949677223e-14,1.2052858711086856e-14,1.27675647831893e-14,0.0,1.2878587085651816e-14,True
13,11,2.75,269.3892709902186,269.38927099021873,18.85639230642631,15.93025693949278,17.255148026380283,7.604169737818726,0.0,0.0,0.0,2.1760371282653068e-14,1.4654943925052066e-14,1.4432899320127035e-14,1.1685097334179773e-14,1.1368683772161603e-13,1.3100631690576847e-14,True
13,12,3.0,269.3892709902186,269.3892709902186,19.94387922915204,16.932563499174023,18.760884620387834,6.766648133861949,0.0,0.0,0.0,2.531308496145357e-14,1.2878587085651816e-14,1.582067810090848e-14,1.0630385460785874e-14,0.0,1.4876988529977098e-14,True
13,13,3.25,269.3892709902186,269.3892709902187,21.098112910020376,18.765850073231704,20.284971949771272,5.800886256509522,0.0,0.0,0.0,2.5757174171303632e-14,1.4099832412739488e-14,1.8096635301390052e-14,1.1601830607332886e-14,5.684341886080802e-14,1.554312234475219e-14,True
13,14,3.5,269.3892709902186,269.38927099021873,22.633179414151947,19.21427055081228,21.82356568489217,5.999399235789239,0.0,0.0,0.0,2.842170943040401e-14,1.4876988529977098e-14,1.9872992140790302e-14,1.2184697695261093e-14,1.1368683772161603e-13,1.8540724511240114e-14,True
13,15,3.75,269.3892709902186,269.3892709902188,24.515570811116447,15.783673474539656,23.37380132410841,7.394499567649791,0.0,0.0,0.0,3.064215547965432e-14,1.2656542480726785e-14,2.220446049250313e-14,1.0075273948473296e-14,1.7053025658242404e-13,2.120525977034049e-14,True
13,16,4.0,269.3892709902186,269.38927099021873,26.197609407477565,14.123481370695654,24.933507463076147,8.039586074884882,0.0,0.0,0.0,3.241851231905457e-14,9.270362255620057e-15,2.2926105458509483e-14,7.868705687030797e-15,1.1368683772161603e-13,2.1760371282653068e-14,True
13,17,4.25,269.3892709902186,269.38927099021885,27.5341641978135,17.784914719166334,26.50101200746773,7.471717383052307,0.0,0.0,0.0,3.2862601528904634e-14,1.1296519275560968e-14,2.3564483697668948e-14,9.159339953157541e-15,2.2737367544323206e-13,2.298161660974074e-14,True
13,18,4.5,269.3892709902186,269.38927099021873,28.97812843069365,18.854967542090222,28.07500876874158,7.178148088529452,0.0,0.0,0.0,3.4638958368304884e-14,1.1546319456101628e-14,2.506328478091291e-14,8.215650382226158e-15,1.1368683772161603e-13,2.4480417692984702e-14,True
13,19,4.75,269.3892709902186,269.38927099021856,30.658467767286222,16.429959036930825,29.654463985143586,7.781671516554163,0.0,0.0,0.0,3.552713678800501e-14,1.021405182655144e-14,2.5368596112684827e-14,6.5503158452884236e-15,5.684341886080802e-14,2.353672812205332e-14,True
13,20,5.0,269.3892709902186,269.3892709902185,32.276168793886114,15.469665985742212,31.238549711273926,8.118133033382477,0.0,0.0,0.0,3.9968028886505635e-14,9.325873406851315e-15,2.6423307986078726e-14,5.717648576819556e-15,1.1368683772161603e-13,2.6201263381153694e-14,True
13,21,5.25,269.3892709902186,269.38927099021873,33.72345381106986,16.32878227803053,32.826595602005085,7.725668782039697,0.0,0.0,0.0,4.218847493575595e-14,9.769962616701378e-15,2.768618667658984e-14,7.549516567451064e-15,1.1368683772161603e-13,2.6423307986078726e-14,True
13,22,5.5,269.3892709902186,269.3892709902187,35.10342020541043,17.487219044831594,34.418053496787415,6.9027316049443215,0.0,0.0,0.0,4.3520742565306136e-14,1.0602629885170245e-14,2.761679773755077e-14,8.770761894538737e-15,5.684341886080802e-14,2.8310687127941492e-14,True
13,23,5.75,269.3892709902186,269.3892709902186,36.55973191058175,18.708311467104988,36.01247105009811,6.302057302140004,0.0,0.0,0.0,4.440892098500626e-14,9.2148511043888e-15,2.8005375796169574e-14,7.327471962526033e-15,0.0,2.8310687127941492e-14,True
13,24,6.0,269.3892709902186,269.38927099021885,38.20009457445428,17.696933074268173,37.60947184815123,6.691401407804767,0.0,0.0,0.0,4.884981308350689e-14,7.327471962526033e-15,2.7922109069322687e-14,6.5503158452884236e-15,2.2737367544323206e-13,2.786659791809143e-14,True
13,25,6.25,269.3892709902186,269.38927099021873,39.899501452035956,15.582528616219765,39.20874023984831,7.392219215169371,0.0,0.0,0.0,5.062616992290714e-14,6.661338147750939e-15,2.853273173286652e-14,4.871103520542874e-15,1.1368683772161603e-13,3.397282455352979e-14,True
13,26,6.5,269.3892709902186,269.38927099021873,41.478699072721746,16.48433971218602,40.81000963772508,7.417923572954557,0.0,0.0,0.0,4.973799150320701e-14,8.215650382226158e-15,2.99482660892636e-14,6.8833827526759706e-15,1.1368683772161603e-13,3.574918139293004e-14,True
13,27,6.75,269.3892709902186,269.38927099021873,43.008339368564535,17.59066838968881,42.413053403437246,7.130929549420547,0.0,0.0,0.0,4.796163466380676e-14,7.105427357601002e-15,3.1058489113888754e-14,6.328271240363392e-15,1.1368683772161603e-13,3.297362383136715e-14,True
13,28,7.0,269.3892709902186,269.38927099021873,44.580572751772706,16.948869217662192,44.01767767966319,7.06197695871213,0.0,0.0,0.0,5.062616992290714e-14,7.382983113757291e-15,3.1329105976141136e-14,6.453171330633722e-15,1.1368683772161603e-13,3.808064974464287e-14,True
13,29,7.25,269.3892709902186,269.3892709902186,46.15923030542615,17.409229841320837,45.62371570307388,7.010785108278676,0.0,0.0,0.0,4.973799150320701e-14,9.43689570931383e-15,3.126665593100597e-14,8.43769498715119e-15,0.0,4.18554080283684e-14,True
13,30,7.5,269.3892709902186,269.3892709902188,47.77051568092871,17.415465834207343,47.23102325522278,7.159092867567855,0.0,0.0,0.0,5.062616992290714e-14,1.0547118733938987e-14,3.039235529911366e-14,1.0047518372857667e-14,1.7053025658242404e-13,3.6193270602780103e-14,True
13,31,7.75,269.3892709902186,269.3892709902187,49.399040353684256,15.644344764074948,48.839474995664865,7.414234283643348,0.0,0.0,0.0,5.3290705182007514e-14,8.104628079763643e-15,2.9753977059954195e-14,5.2735593669694936e-15,5.684341886080802e-14,3.6415315207705135e-14,True
13,32,8.0,269.3892709902186,269.3892709902186,50.93863239709256,16.89938166047043,50.448961484903194,7.046031193578657,0.0,0.0,0.0,5.417888360170764e-14,7.993605777301127e-15,3.144706717250756e-14,6.217248937900877e-15,0.0,3.774758283725532e-14,True
13,33,8.25,269.3892709902186,269.38927099021873,52.48323941349188,19.317439763872333,52.0593867510424,6.656626055239915,0.0,0.0,0.0,5.5067062021407764e-14,1.1324274851176597e-14,3.3209546224099995e-14,9.547918011776346e-15,1.1368683772161603e-13,4.085620730620576e-14,True
13,34,8.5,269.3892709902186,269.38927099021873,54.18970394729538,17.576464014829,53.67066628820875,7.482218526296394,0.0,0.0,0.0,5.5067062021407764e-14,1.1102230246251565e-14,3.687328220536301e-14,9.18709552877317e-15,1.1368683772161603e-13,3.977373985719623e-14,True
13,35,8.75,269.3892709902186,269.38927099021873,55.925401135491484,14.444784528070956,55.28272540027507,8.454038353557163,0.0,0.0,0.0,5.5067062021407764e-14,8.770761894538737e-15,3.7317371415213074e-14,7.66053886991358e-15,1.1368683772161603e-13,4.1300296516055823e-14,True
13,36,9.0,269.3892709902186,269.3892709902188,57.50307621374292,15.31784494221746,56.89549782259104,8.337031939669272,0.0,0.0,0.0,5.773159728050814e-14,8.659739592076221e-15,3.672062653947705e-14,7.605027718682322e-15,1.7053025658242404e-13,4.207745263329343e-14,True
13,37,9.25,269.3892709902186,269.38927099021885,58.9717426353263,17.412798078397262,58.5089245689493,7.373749062191085,0.0,0.0,0.0,6.128431095930864e-14,1.04638520070921e-14,3.6914915568786455e-14,1.0103029524088925e-14,2.2737367544323206e-13,4.1744385725905886e-14,True
13,38,9.5,269.3892709902186,269.3892709902185,60.4694624590245,18.55406910887807,60.122952962124444,6.464241424756988,0.0,0.0,0.0,6.039613253960852e-14,1.0907941216942163e-14,3.760880495917718e-14,1.1074474670635936e-14,1.1368683772161603e-13,4.773959005888173e-14,True
13,39,9.75,269.3892709902186,269.3892709902184,62.07320022640418,18.193124063619127,61.73753581487483,6.446616000221534,0.0,0.0,0.0,6.661338147750939e-14,1.1213252548714081e-14,4.346523141407488e-14,1.0769163338864018e-14,2.2737367544323206e-13,4.551914400963142e-14,True
13,40,10.0,269.3892709902186,269.38927099021817,63.74402644180612,15.7721280501231,63.352630734929775,7.053019635398018,0.0,0.0,0.0,6.661338147750939e-14,1.3766765505351941e-14,4.207745263329343e-14,1.1435297153639112e-14,4.547473508864641e-13,5.062616992290714e-14,True
13,41,10.25,269.3892709902186,269.3892709902186,65.34603379547177,15.608062586161454,64.96819953266427,7.016921139849113,0.0,0.0,0.0,7.460698725481052e-14,1.7319479184152442e-14,4.560934963038221e-14,1.3100631690576847e-14,0.0,5.184741524999481e-14,True
13,42,10.5,269.3892709902186,269.3892709902187,66.8815727119857,18.66512757479682,66.58420771423266,6.299845354971047,0.0,0.0,0.0,7.993605777301127e-14,1.7208456881689926e-14,4.835021272242557e-14,1.3433698597964394e-14,5.684341886080802e-14,5.2235993308613615e-14,True
13,43,10.75,269.3892709902186,269.3892709902185,68.50917123172675,18.780953880598954,68.20062404615061,6.49472267103686,0.0,0.0,0.0,8.171241461241152e-14,1.4432899320127035e-14,5.290212712338871e-14,1.099120794378905e-14,1.1368683772161603e-13,5.490052856771399e-14,True
13,44,11.0,269.3892709902186,269.3892709902191,70.23122486656702,16.11554396644878,69.8174201798732,7.612672703153496,0.0,0.0,0.0,8.881784197001252e-14,1.0103029524088925e-14,5.290212712338871e-14,8.548717289613705e-15,4.547473508864641e-13,5.234701561107613e-14,True
13,45,11.25,269.3892709902186,269.38927099021896,71.9084477678547,15.49453904428867,71.43457032696318,8.24178515762456,0.0,0.0,0.0,8.526512829121202e-14,9.353628982466944e-15,5.484501741648273e-14,8.659739592076221e-15,3.410605131648481e-13,5.551115123125783e-14,True
13,46,11.5,269.3892709902186,269.3892709902191,73.50150824725681,15.849968816779747,73.0520509770877,8.116006571124723,0.0,0.0,0.0,8.526512829121202e-14,1.1546319456101628e-14,5.601075159233915e-14,8.881784197001252e-15,4.547473508864641e-13,6.228351168147128e-14,True
13,47,11.75,269.3892709902186,269.3892709902191,75.03043219875671,16.46074332890222,74.66984065241127,7.347152705350498,0.0,0.0,0.0,8.704148513061227e-14,1.0436096431476471e-14,5.617728504603292e-14,8.770761894538737e-15,4.547473508864641e-13,5.573319583618286e-14,True
13,48,12.0,269.3892709902186,269.38927099021896,76.54396682617178,19.115080667208254,76.28791969303036,6.255570828936175,0.0,0.0,0.0,9.592326932761353e-14,9.547918011776346e-15,5.84601811404184e-14,7.66053886991358e-15,3.410605131648481e-13,6.17284001691587e-14,True
14,0,0.0,313.37055614042174,313.3705561404216,12.098895163704011,10.211714785246738,8.110534466067435,8.97788922058145,4.884981308350689e-15,5.329070518200751e-15,0.0,2.886579864025407e-15,3.9968028886505635e-15,2.733924198139448e-15,2.4424906541753444e-15,1.1368683772161603e-13,3.1086244689504383e-15,True
14,1,0.25,313.37055614042174,313.37055614042174,11.174823366975518,17.65374359778269,8.222467487939742,7.5675429098800615,0.0,0.0,0.0,3.1086244689504383e-15,7.66053886991358e-15,2.643718577388654e-15,6.661338147750939e-15,0.0,2.9976021664879227e-15,True
14,2,0.5,313.37055614042174,313.3705561404218,10.11012657180548,22.34693298443798,8.635031104562044,5.258412034176601,0.0,0.0,0.0,4.440892098500626e-15,1.1213252548714081e-14,2.42861286636753e-15,9.305056725139593e-15,5.684341886080802e-14,3.9968028886505635e-15,True
14,3,0.75,313.37055614042174,313.37055614042174,10.88707221013428,19.416175983984477,9.308337181519123,5.646521072645241,0.0,0.0,0.0,6.827871601444713e-15,1.1546319456101628e-14,3.0531133177191805e-15,8.659739592076221e-15,0.0,6.439293542825908e-15,True
14,4,1.0,313.37055614042174,313.37055614042174,12.369108283259617,17.968242397562534,10.19083452493064,7.010116361978834,0.0,0.0,0.0,9.880984919163893e-15,9.992007221626409e-15,4.440892098500626e-15,6.772360450213455e-15,0.0,8.215650382226158e-15,True
14,5,1.25,313.37055614042174,313.3705561404216,13.797870993438039,17.150377354470095,11.233328263064102,8.01208962043012,0.0,0.0,0.0,1.2212453270876722e-14,7.549516567451064e-15,5.773159728050814e-15,6.827871601444713e-15,1.1368683772161603e-13,9.547918011776346e-15,True
14,6,1.5,313.37055614042174,313.37055614042185,14.87385325949478,14.712620434978218,12.395515630201139,8.220869968952357,0.0,0.0,0.0,1.2989609388114332e-14,6.661338147750939e-15,6.5503158452884236e-15,5.3013149425851225e-15,1.1368683772161603e-13,1.099120794378905e-14,True
14,7,1.75,313.37055614042174,313.3705561404216,15.282718187774973,19.180006529191168,13.646850916344633,6.879312122153758,0.0,0.0,0.0,1.509903313490213e-14,6.994405055138486e-15,6.772360450213455e-15,6.6058269965196814e-15,1.1368683772161603e-13,9.936496070395151e-15,True
14,8,2.0,313.37055614042174,313.37055614042174,16.082997724472786,21.84214011809343,14.964987819870801,5.891685273036508,0.0,0.0,0.0,1.4876988529977098e-14,7.91033905045424e-15,6.494804694057166e-15,9.325873406851315e-15,0.0,1.3655743202889425e-14,True
14,9,2.25,313.37055614042174,313.37055614042174,17.814141228961404,17.014781538497065,16.33376163920596,7.1099830125666434,0.0,0.0,0.0,1.5987211554602254e-14,8.215650382226158e-15,6.557254739192331e-15,7.41073868937292e-15,0.0,1.5626389071599078e-14,True
14,10,2.5,313.37055614042174,313.3705561404216,19.334909803013723,15.73988226558016,17.74145615346949,7.686317105428043,0.0,0.0,0.0,1.6431300764452317e-14,8.43769498715119e-15,7.806255641895632e-15,5.995204332975845e-15,1.1368683772161603e-13,1.7263968032921184e-14,True
14,11,2.75,313.37055614042174,313.3705561404216,20.44091716168408,19.15907045735511,19.179503432730844,7.069493792676854,0.0,0.0,0.0,1.7319479184152442e-14,8.215650382226158e-15,9.200973316580985e-15,7.049916206369744e-15,1.1368683772161603e-13,1.8540724511240114e-14,True
14,12,3.0,313.37055614042174,313.3705561404216,21.69870928887859,17.997038345879044,20.641560641781847,6.6902884149271795,0.0,0.0,0.0,2.1316282072803006e-14,7.521760991835436e-15,9.950373858202965e-15,6.994405055138486e-15,1.1368683772161603e-13,1.9761969838327786e-14,True
14,13,3.25,313.37055614042174,313.3705561404217,22.99129210563994,18.97187199748592,22.122867984331286,6.25925114008946,0.0,0.0,0.0,2.1316282072803006e-14,9.159339953157541e-15,1.0436096431476471e-14,8.43769498715119e-15,5.684341886080802e-14,1.84297022087776e-14,True
14,14,3.5,313.37055614042174,313.3705561404217,24.48714488280591,21.097852298782733,23.61980394282545,6.459498913539274,0.0,0.0,0.0,2.220446049250313e-14,1.049160758270773e-14,1.071365218763276e-14,9.769962616701378e-15,5.684341886080802e-14,2.142730437526552e-14,True
14,15,3.75,313.37055614042174,313.37055614042174,26.390832058778955,15.773123974407357,25.129575743821153,8.061044578107133,0.0,0.0,0.0,2.3092638912203256e-14,7.327471962526033e-15,1.1157741397482823e-14,5.88418203051333e-15,0.0,2.298161660974074e-14,True
14,16,4.0,313.37055614042174,313.37055614042157,27.92850450608764,13.185381091274126,26.65000195408897,8.353368170601106,0.0,0.0,0.0,2.6201263381153694e-14,8.659739592076221e-15,1.1962653090336062e-14,6.161737786669619e-15,1.7053025658242404e-13,2.4424906541753444e-14,True
14,17,4.25,313.37055614042174,313.37055614042174,28.925528257177575,20.633116632441123,28.179358040292843,6.527630917397344,0.0,0.0,0.0,2.7533531010703882e-14,1.0436096431476471e-14,1.3183898417423734e-14,7.993605777301127e-15,0.0,2.4424906541753444e-14,True
14,18,4.5,313.37055614042174,313.37055614042174,30.262986316541,21.34499126917078,29.716265298564313,5.726422749019688,0.0,0.0,0.0,3.019806626980426e-14,1.021405182655144e-14,1.4904744105592727e-14,8.826273045769994e-15,0.0,2.5979218776228663e-14,True
14,19,4.75,313.37055614042174,313.37055614042185,32.03223380003601,17.107156511984527,31.259609967942133,6.99290975719709,0.0,0.0,0.0,3.375077994860476e-14,9.547918011776346e-15,1.529332216421153e-14,6.661338147750939e-15,1.1368683772161603e-13,2.8754776337791554e-14,True
14,20,5.0,313.37055614042174,313.37055614042185,33.700666683023044,17.426940207006748,32.80848359376957,7.7031382668087165,0.0,0.0,0.0,3.375077994860476e-14,7.549516567451064e-15,1.482147737874584e-14,5.7870375158586285e-15,1.1368683772161603e-13,2.853273173286652e-14,True
14,21,5.25,313.37055614042174,313.3705561404217,35.24291462342703,17.103450159804314,34.36213853093251,7.829844617562364,0.0,0.0,0.0,3.375077994860476e-14,7.105427357601002e-15,1.5751289161869408e-14,6.2727600891321345e-15,5.684341886080802e-14,3.0808688933348094e-14,True
14,22,5.5,313.37055614042174,313.3705561404214,36.64521725300482,16.78291068975006,35.91995436295702,7.254572770536367,0.0,0.0,0.0,3.730349362740526e-14,7.271960811294775e-15,1.5112910922709943e-14,6.050715484207103e-15,3.410605131648481e-13,3.5083047578154947e-14,True
14,23,5.75,313.37055614042174,313.37055614042157,37.95029804779114,20.954848363077122,37.481412283642726,5.947172028769342,0.0,0.0,0.0,3.6415315207705135e-14,9.43689570931383e-15,1.6819878823071122e-14,8.576472865229334e-15,1.7053025658242404e-13,3.58046925441613e-14,True
14,24,6.0,313.37055614042174,313.37055614042174,39.55168878869111,20.06983614694764,39.04607535255574,6.303973794362806,0.0,0.0,0.0,3.552713678800501e-14,9.492406860545088e-15,1.5792922525292852e-14,8.215650382226158e-15,0.0,3.7192471324942744e-14,True
14,25,6.25,313.37055614042174,313.37055614042185,41.31552466665703,14.682867118970204,40.613573130421415,7.5835516785380275,0.0,0.0,0.0,3.8191672047105385e-14,6.661338147750939e-15,1.7666423879347803e-14,5.162537064506978e-15,1.1368683772161603e-13,3.4861002973229915e-14,True
14,26,6.5,313.37055614042174,313.37055614042197,42.80575050762292,17.73274458803783,42.18358961402272,7.27166031911374,0.0,0.0,0.0,3.8191672047105385e-14,7.049916206369744e-15,1.9081958235744878e-14,5.495603971894525e-15,2.2737367544323206e-13,4.04121180963557e-14,True
14,27,6.75,313.37055614042174,313.37055614042174,44.24790127914456,20.397329121754126,43.755853680965394,6.580428273210664,0.0,0.0,0.0,4.263256414560601e-14,7.022160630754115e-15,1.8485213360008856e-14,5.773159728050814e-15,0.0,4.601874437071274e-14,True
14,28,7.0,313.37055614042174,313.3705561404215,45.86572148633422,17.456696218396733,45.330131461285085,6.988818867633713,0.0,0.0,0.0,4.263256414560601e-14,6.7307270867900115e-15,1.9761969838327786e-14,5.731526364627371e-15,2.2737367544323206e-13,4.657385588302532e-14,True
14,29,7.25,313.37055614042174,313.3705561404214,47.447741570382156,18.468888553939266,46.90622020123017,7.148054739820996,0.0,0.0,0.0,4.440892098500626e-14,6.827871601444713e-15,1.9262369477246466e-14,5.9396931817445875e-15,3.410605131648481e-13,4.984901380566953e-14,True
14,30,7.5,313.37055614042174,313.3705561404215,49.05024036519952,19.404508609293323,48.48394329215362,7.43191245421262,0.0,0.0,0.0,4.440892098500626e-14,6.439293542825908e-15,1.9456658506555868e-14,5.981326545168031e-15,2.2737367544323206e-13,5.040412531798211e-14,True
14,31,7.75,313.37055614042174,313.37055614042134,50.707252035386766,14.77902740698604,50.063146216241876,8.056475650768276,0.0,0.0,0.0,4.440892098500626e-14,4.218847493575595e-15,2.095545958979983e-14,5.100087019371813e-15,3.979039320256561e-13,4.629630012686903e-14,True
14,32,8.0,313.37055614042174,313.37055614042134,52.13970613774557,17.161026299437637,51.643693219041054,7.174810577850591,0.0,0.0,0.0,4.796163466380676e-14,7.882583474838611e-15,1.96787031114809e-14,6.13398221105399e-15,3.979039320256561e-13,5.0459636469213365e-14,True
14,33,8.25,313.37055614042174,313.37055614042157,53.51919020523116,22.224540019578225,53.225464562158685,5.599432325343272,0.0,0.0,0.0,4.618527782440651e-14,9.103828801926284e-15,1.8932772016810873e-14,8.076872504148014e-15,1.7053025658242404e-13,4.851674617611934e-14,True
14,34,8.5,313.37055614042174,313.3705561404215,55.19974365123392,19.042996679792974,54.80835424216242,6.5617074323362035,0.0,0.0,0.0,4.796163466380676e-14,8.1601392309949e-15,2.12642403685237e-14,8.326672684688674e-15,2.2737367544323206e-13,4.9404924595819466e-14,True
14,35,8.75,313.37055614042174,313.37055614042174,56.94041424413583,15.093814409063858,56.39226808643793,7.881806541720016,0.0,0.0,0.0,4.618527782440651e-14,7.327471962526033e-15,2.173261570703744e-14,6.106226635438361e-15,0.0,5.029310301551959e-14,True
14,36,9.0,313.37055614042174,313.3705561404216,58.492766228059125,17.62079539272604,57.977122155662215,7.749645640788638,0.0,0.0,0.0,4.973799150320701e-14,9.825473767932635e-15,2.1413426587457707e-14,7.494005416219807e-15,1.1368683772161603e-13,5.4067861299245124e-14,True
14,37,9.25,313.37055614042174,313.3705561404222,59.97959512881351,17.872275400071103,59.5628413970828,7.058311166444005,0.0,0.0,0.0,5.5067062021407764e-14,1.0269562977782698e-14,2.341182803178299e-14,9.409140133698202e-15,4.547473508864641e-13,5.5067062021407764e-14,True
14,38,9.5,313.37055614042174,313.37055614042225,61.44998444805253,19.05884467095655,61.14935850405196,6.070959002400418,0.0,0.0,0.0,5.5067062021407764e-14,8.770761894538737e-15,2.388367281724868e-14,8.326672684688674e-15,5.115907697472721e-13,6.100675520315235e-14,True
14,39,9.75,313.37055614042174,313.3705561404221,62.99860510948044,21.38973164260158,62.736612946043515,5.73948096944149,0.0,0.0,0.0,5.1514348342607263e-14,9.43689570931383e-15,2.438327317833e-14,8.659739592076221e-15,3.410605131648481e-13,5.728750807065808e-14,True
14,40,10.0,313.37055614042174,313.3705561404219,64.73900951949615,17.11973415468321,64.32455014026792,7.313795377064568,0.0,0.0,0.0,6.039613253960852e-14,8.215650382226158e-15,2.3370194668359545e-14,7.105427357601002e-15,1.7053025658242404e-13,6.42264019745653e-14,True
14,41,10.25,313.37055614042174,313.3705561404215,66.40582909429666,13.802903924784799,65.9131207414395,8.074320517873641,0.0,0.0,0.0,6.217248937900877e-14,9.547918011776346e-15,2.5091040356528538e-14,5.773159728050814e-15,2.2737367544323206e-13,6.733502644351574e-14,True
14,42,10.5,313.37055614042174,313.37055614042174,67.86267882354967,19.983614377927342,67.50228003056559,6.984652302252792,0.0,0.0,0.0,6.039613253960852e-14,8.659739592076221e-15,2.4369395390522186e-14,7.93809462606987e-15,0.0,6.428191312579656e-14,True
14,43,10.75,313.37055614042174,313.3705561404215,69.40982144988014,20.556374740666094,69.09198738707528,6.634801625404419,0.0,0.0,0.0,6.394884621840902e-14,8.881784197001252e-15,2.71432182286091e-14,7.854827899222983e-15,2.2737367544323206e-13,6.838973831690964e-14,True
14,44,11.0,313.37055614042174,313.37055614042197,71.0849485901965,16.341353433381673,70.68220583137047,7.556169325965322,0.0,0.0,0.0,7.105427357601002e-14,8.43769498715119e-15,2.8275992658421956e-14,6.772360450213455e-15,2.2737367544323206e-13,7.349676423018536e-14,True
14,45,11.25,313.37055614042174,313.370556140422,72.67977671184407,17.935474614395915,72.2729016271122,7.679689660479216,0.0,0.0,0.0,6.750155989720952e-14,8.881784197001252e-15,2.88935542158697e-14,8.576472865229334e-15,2.8421709430404007e-13,6.894484982922222e-14,True
14,46,11.5,313.37055614042174,313.37055614042157,74.24533101111247,18.20827900071609,73.86404393436517,7.514798108521068,0.0,0.0,0.0,6.750155989720952e-14,7.216449660063518e-15,3.1460944960315373e-14,6.439293542825908e-15,1.7053025658242404e-13,7.061018436615996e-14,True
14,47,11.75,313.37055614042174,313.3705561404214,75.79235045815902,16.003634306752147,75.45560450619281,7.1366754569207576,0.0,0.0,0.0,6.394884621840902e-14,7.494005416219807e-15,2.944866572818228e-14,6.439293542825908e-15,3.410605131648481e-13,6.927791673660977e-14,True
14,48,12.0,313.37055614042174,313.37055614042185,77.25506886855088,20.428093517940653,77.04755742250178,5.658582959613793,0.0,0.0,0.0,6.750155989720952e-14,1.0380585280245214e-14,3.3612002070526614e-14,9.325873406851315e-15,1.1368683772161603e-13,6.342149028171207e-14,True
15,0,0.0,290.82634879484067,290.82634879484067,11.536251495881512,12.2190703305084,7.622277087850509,8.659445165381996,4.884981308350689e-15,3.552713678800501e-15,0.0,3.552713678800501e-15,3.164135620181696e-15,3.0531133177191805e-15,3.6914915568786455e-15,0.0,3.9968028886505635e-15,True
15,1,0.25,290.82634879484067,290.82634879484056,10.713190299151284,17.93708489963204,8.066875666089526,7.049678246110375,0.0,0.0,0.0,3.9968028886505635e-15,6.8833827526759706e-15,2.4424906541753444e-15,6.5503158452884236e-15,1.1368683772161603e-13,4.440892098500626e-15,True
15,2,0.5,290.82634879484067,290.82634879484056,10.17709257557595,21.741905307007976,8.927867201245334,4.885325017721025,0.0,0.0,0.0,4.6629367034256575e-15,8.659739592076221e-15,2.3175905639050143e-15,8.659739592076221e-15,1.1368683772161603e-13,5.703770789011742e-15,True
15,3,0.75,290.82634879484067,290.82634879484056,11.44392103640845,18.514235030057254,10.099311721931622,5.3821214619150295,0.0,0.0,0.0,6.439293542825908e-15,6.439293542825908e-15,2.8033131371785203e-15,7.605027718682322e-15,1.1368683772161603e-13,8.0629947163402e-15,True
15,4,1.0,290.82634879484067,290.82634879484067,13.190302596918617,17.42218771598681,11.486615536926754,6.483960680410622,0.0,0.0,0.0,6.8833827526759706e-15,1.1102230246251565e-14,3.4139358007223564e-15,9.43689570931383e-15,0.0,9.908740494779522e-15,True
15,5,1.25,290.82634879484067,290.82634879484067,14.886804371934252,17.989628632902555,13.020965036138339,7.216052517540579,0.0,0.0,0.0,7.771561172376096e-15,1.2712053631958042e-14,4.760081218080359e-15,1.0824674490095276e-14,0.0,1.049160758270773e-14,True
15,6,1.5,290.82634879484067,290.82634879484067,16.567543458372285,15.493649613196922,14.656250516221926,7.725141879007715,0.0,0.0,0.0,1.021405182655144e-14,7.605027718682322e-15,5.134781488891349e-15,5.995204332975845e-15,0.0,1.1268763699945339e-14,True
15,7,1.75,290.82634879484067,290.8263487948406,17.85404498981653,17.903932334518608,16.36223648096195,7.144518167061402,0.0,0.0,0.0,1.0658141036401503e-14,9.769962616701378e-15,6.314393452555578e-15,8.271161533457416e-15,5.684341886080802e-14,1.3211653993039363e-14,True
15,8,2.0,290.82634879484067,290.82634879484067,19.270806202437083,20.744486654029483,18.118963570423592,6.562555205523992,0.0,0.0,0.0,1.1629586182948515e-14,9.103828801926284e-15,6.7480743215497796e-15,7.632783294297951e-15,0.0,1.5210055437364645e-14,True
15,9,2.25,290.82634879484067,290.82634879484067,21.27698399747003,17.196336418725725,19.913007151520354,7.49547825105874,0.0,0.0,0.0,1.2656542480726785e-14,8.021361352916756e-15,7.056855100273651e-15,5.689893001203927e-15,0.0,1.6209256159527285e-14,True
15,10,2.5,290.82634879484067,290.8263487948408,23.18741762796262,15.866644490372483,21.73512874379659,8.077160066764728,0.0,0.0,0.0,1.2212453270876722e-14,6.938893903907228e-15,8.798517470154366e-15,5.218048215738236e-15,1.1368683772161603e-13,1.687538997430238e-14,True
15,11,2.75,290.82634879484067,290.8263487948408,24.82929905703361,18.811809824229954,23.578819816629355,7.780317970271959,0.0,0.0,0.0,1.3766765505351941e-14,6.772360450213455e-15,8.881784197001252e-15,7.271960811294775e-15,1.1368683772161603e-13,1.9984014443252818e-14,True
15,12,3.0,290.82634879484067,290.8263487948408,26.58568645419854,17.171823368482286,25.439391131147023,7.722441525675265,0.0,0.0,0.0,1.3766765505351941e-14,8.826273045769994e-15,9.235667786100521e-15,7.882583474838611e-15,1.1368683772161603e-13,1.9095836023552692e-14,True
15,13,3.25,290.82634879484067,290.82634879484084,28.27670840220628,17.123049885483457,27.313393290556903,7.31784018811314,0.0,0.0,0.0,1.3766765505351941e-14,9.992007221626409e-15,9.048317650695026e-15,9.547918011776346e-15,1.7053025658242404e-13,2.0650148258027912e-14,True
15,14,3.5,290.82634879484067,290.82634879484056,29.936644705991622,20.307701371470557,29.1982403529484,6.607984302662304,0.0,0.0,0.0,1.532107773982716e-14,9.992007221626409e-15,9.797718192317006e-15,9.325873406851315e-15,1.1368683772161603e-13,2.375877272697835e-14,True
15,15,3.75,290.82634879484067,290.8263487948406,31.89838971698431,17.465199525223074,31.091960071941408,7.1272214376579885,0.0,0.0,0.0,1.865174681370263e-14,8.743006318923108e-15,1.226796442210798e-14,7.716050021144838e-15,5.684341886080802e-14,2.7255975254547593e-14,True
15,16,4.0,290.82634879484067,290.8263487948407,33.80360769005897,14.63550870672904,32.99302467590083,7.3582753141488535,0.0,0.0,0.0,1.7763568394002505e-14,8.93729534823251e-15,1.3183898417423734e-14,9.103828801926284e-15,5.684341886080802e-14,3.186340080674199e-14,True
15,17,4.25,290.82634879484067,290.82634879484056,35.42956435385805,19.619519067168355,34.900233926963175,6.101450823158137,0.0,0.0,0.0,2.0872192862952943e-14,1.0352829704629585e-14,1.459943277382081e-14,1.199040866595169e-14,1.1368683772161603e-13,3.172462292866385e-14,True
15,18,4.5,290.82634879484067,290.8263487948408,37.24888907825911,20.1152651919988,36.8126328016844,5.684171335630246,0.0,0.0,0.0,2.4646951146678475e-14,1.0824674490095276e-14,1.5362711103250604e-14,1.176836406102666e-14,1.1368683772161603e-13,3.519406988061746e-14,True
15,19,4.75,290.82634879484067,290.8263487948409,39.30110308161617,16.644982088913206,38.72945254156451,6.678788008502896,0.0,0.0,0.0,2.5979218776228663e-14,1.1102230246251565e-14,1.67019176267047e-14,1.0352829704629585e-14,2.2737367544323206e-13,4.085620730620576e-14,True
15,20,5.0,290.82634879484067,290.8263487948407,41.265828512114204,18.045406686119417,40.6500677648844,7.102154145153723,0.0,0.0,0.0,2.6867397195928788e-14,1.0436096431476471e-14,1.7819079545233762e-14,9.71445146547012e-15,5.684341886080802e-14,4.241051954068098e-14,True
15,21,5.25,290.82634879484067,290.82634879484056,43.22662139959168,18.11631320716394,42.573964804242024,7.483202420808811,0.0,0.0,0.0,2.930988785010413e-14,9.797718192317006e-15,2.1881801925971445e-14,9.825473767932635e-15,1.1368683772161603e-13,4.529709940470639e-14,True
15,22,5.5,290.82634879484067,290.8263487948401,45.18156374740366,15.86560704027712,44.5007180139684,7.814076970568553,0.0,0.0,0.0,2.930988785010413e-14,8.1601392309949e-15,2.3842039453825237e-14,8.271161533457416e-15,5.684341886080801e-13,4.701794509287538e-14,True
15,23,5.75,290.82634879484067,290.8263487948402,47.00105855288957,18.854642054836184,46.42997181893796,7.30460279445652,0.0,0.0,0.0,2.864375403532904e-14,7.105427357601002e-15,2.528532938583794e-14,7.743805596760467e-15,4.547473508864641e-13,4.823919041996305e-14,True
15,24,6.0,290.82634879484067,290.8263487948402,48.89901277447863,19.55625075724927,48.361426955775,7.230894351313921,0.0,0.0,0.0,3.064215547965432e-14,8.43769498715119e-15,2.426878142891553e-14,8.881784197001252e-15,4.547473508864641e-13,4.651834473179406e-14,True
15,25,6.25,290.82634879484067,290.82634879484027,50.910708699062354,15.740058142245239,50.29482981413596,7.8949575178010765,0.0,0.0,0.0,3.1530333899354446e-14,6.300515664747763e-15,2.6242896744577138e-14,7.077671781985373e-15,3.979039320256561e-13,4.651834473179406e-14,True
15,26,6.5,290.82634879484067,290.8263487948403,52.79037505830361,17.44945568417431,52.22996409734345,7.671671863849351,0.0,0.0,0.0,3.2862601528904634e-14,7.688294445529209e-15,2.942091015256665e-14,9.298117831235686e-15,3.410605131648481e-13,5.101474798152594e-14,True
15,27,6.75,290.82634879484067,290.82634879484016,54.639521052487126,19.36779625765791,54.16664423729258,7.172998878834751,0.0,0.0,0.0,3.3306690738754696e-14,7.674416657721395e-15,2.886579864025407e-14,8.271161533457416e-15,5.115907697472721e-13,5.517808432387028e-14,True
15,28,7.0,290.82634879484067,290.82634879484056,56.57332781082358,16.337577975830055,56.1047101497887,7.26656167654975,0.0,0.0,0.0,3.597122599785507e-14,8.743006318923108e-15,2.9781732635569824e-14,7.271960811294775e-15,1.1368683772161603e-13,5.839773109528323e-14,True
15,29,7.25,290.82634879484067,290.8263487948403,58.42742578482756,17.880352776586985,58.04402302388193,6.682475218405149,0.0,0.0,0.0,3.907985046680551e-14,7.216449660063518e-15,2.821354261328679e-14,6.022959908591474e-15,3.410605131648481e-13,5.695444116327053e-14,True
15,30,7.5,290.82634879484067,290.82634879484056,60.29510590555837,20.48135810698709,59.98446191593965,6.112620127055747,0.0,0.0,0.0,3.907985046680551e-14,7.827072323607354e-15,2.906008766956347e-14,6.5503158452884236e-15,1.1368683772161603e-13,6.039613253960852e-14,True
15,31,7.75,290.82634879484067,290.82634879484044,62.316241776903645,16.725624172587704,61.925920975270465,6.9637849307736435,0.0,0.0,0.0,3.68594044175552e-14,6.5503158452884236e-15,2.5368596112684827e-14,4.6074255521944e-15,2.2737367544323206e-13,6.13398221105399e-14,True
15,32,8.0,290.82634879484067,290.8263487948403,64.27498660171533,15.963605203412683,63.86830716927464,7.218950199431056,0.0,0.0,0.0,4.085620730620576e-14,5.88418203051333e-15,2.7977620220553945e-14,6.328271240363392e-15,3.410605131648481e-13,6.128431095930864e-14,True
15,33,8.25,290.82634879484067,290.82634879484044,66.13876889964389,19.83082898665574,65.81153840661182,6.571009368092478,0.0,0.0,0.0,4.085620730620576e-14,8.881784197001252e-15,2.5174307083375425e-14,7.605027718682322e-15,2.2737367544323206e-13,6.467049118441537e-14,True
15,34,8.5,290.82634879484067,290.826348794841,68.10114760835928,18.121038040738327,67.75554197970685,6.852213993427336,0.0,0.0,0.0,4.39648317751562e-14,9.658940314238862e-15,3.042011087472929e-14,6.3976601794024646e-15,3.410605131648481e-13,6.639133687258436e-14,True
15,35,8.75,290.82634879484067,290.8263487948415,70.07780568406115,16.499933929884968,69.70025326514558,7.264540196570954,0.0,0.0,0.0,4.218847493575595e-14,1.0075273948473296e-14,3.174543961037557e-14,6.9111383282915995e-15,8.526512829121202e-13,6.353251258417458e-14,True
15,36,9.0,290.82634879484067,290.8263487948412,71.99633599215399,19.325682448095733,71.64561463362435,7.097767259168343,0.0,0.0,0.0,4.1300296516055823e-14,1.099120794378905e-14,3.00454106039183e-14,9.547918011776346e-15,5.115907697472721e-13,6.439293542825908e-14,True
15,37,9.25,290.82634879484067,290.8263487948413,73.97727684101258,17.842251529305244,73.59157453117119,7.544378492287537,0.0,0.0,0.0,4.1744385725905886e-14,8.215650382226158e-15,2.91849877598338e-14,7.327471962526033e-15,6.252776074688882e-13,6.572520305780927e-14,True
15,38,9.5,290.82634879484067,290.8263487948412,75.94972200918845,15.842859306491714,75.53808670112576,7.896691130227354,0.0,0.0,0.0,4.4853010194856324e-14,7.327471962526033e-15,3.2834845953289005e-14,5.384581669432009e-15,5.115907697472721e-13,6.943057240249573e-14,True
15,39,9.75,290.82634879484067,290.8263487948408,77.83686027477079,18.86602856277242,77.485109522407,7.391523505663881,0.0,0.0,0.0,5.062616992290714e-14,8.215650382226158e-15,3.1002977962657496e-14,6.661338147750939e-15,1.1368683772161603e-13,6.927791673660977e-14,True
15,40,10.0,290.82634879484067,290.82634879484084,79.7600739028714,18.206342293975617,79.43260544433105,7.220151059135492,0.0,0.0,0.0,4.707345624410664e-14,8.659739592076221e-15,3.26405569239796e-14,8.382183835919932e-15,1.7053025658242404e-13,7.16093850883226e-14,True
15,41,10.25,290.82634879484067,290.8263487948409,81.6944996142104,16.536915012008066,81.38054050197063,7.155340301015709,0.0,0.0,0.0,4.973799150320701e-14,8.104628079763643e-15,3.3306690738754696e-14,7.494005416219807e-15,2.2737367544323206e-13,7.505107646466058e-14,True
15,42,10.5,290.82634879484067,290.8263487948406,83.5868156694466,19.940178352278018,83.32888389900434,6.5614679687017725,0.0,0.0,0.0,5.1514348342607263e-14,7.549516567451064e-15,3.284872374109682e-14,6.7307270867900115e-15,5.684341886080802e-14,7.754907827006718e-14,True
15,43,10.75,290.82634879484067,290.826348794841,85.5698609802488,18.959649832890562,85.27760764736166,7.066168843280915,0.0,0.0,0.0,4.75175454539567e-14,7.244205235679146e-15,3.6887159993170826e-14,8.604228440844963e-15,3.410605131648481e-13,8.348877145181177e-14,True
15,44,11.0,290.82634879484067,290.82634879484067,87.58811838244277,14.142611199153512,87.22668625485957,7.948816690117931,0.0,0.0,0.0,5.0182080713057076e-14,1.0325074129013956e-14,3.914923940584458e-14,9.769962616701378e-15,0.0,8.770761894538737e-14,True
15,45,11.25,290.82634879484067,290.82634879484056,89.47139860593381,17.530049064901885,89.1760964535498,7.263263027667365,0.0,0.0,0.0,4.973799150320701e-14,1.1324274851176597e-14,4.0314973581701e-14,1.0935696792557792e-14,1.1368683772161603e-13,8.79296635503124e-14,True
15,46,11.5,290.82634879484067,290.82634879484044,91.33619011487404,20.106019017448123,91.12581696272835,6.195571610089334,0.0,0.0,0.0,4.8405723873656825e-14,1.099120794378905e-14,4.2243986086987206e-14,1.0630385460785874e-14,2.2737367544323206e-13,8.537615059367454e-14,True
15,47,11.75,290.82634879484067,290.82634879484027,93.28950476412531,17.556341912225808,93.07582828156447,6.310458686694891,0.0,0.0,0.0,5.773159728050814e-14,8.215650382226158e-15,4.657385588302532e-14,9.658940314238862e-15,3.979039320256561e-13,9.409140133698202e-14,True
15,48,12.0,290.82634879484067,290.8263487948399,95.24480812110664,18.628997658450995,95.0261125071242,6.450691111020679,0.0,0.0,0.0,5.595524044110789e-14,9.880984919163893e-15,4.649058915617843e-14,1.021405182655144e-14,7.958078640513122e-13,9.237055564881302e-14,True
