probe_id,sigma_max,sigma_second,sigma_minimum,target_gap,f0,f1,f2,f3
0,0.319229829137472,0.31922982913747194,0.013212795863305583,0.014103504195861316,0.00597233573469814,0.9892877785688173,-0.13468395784388995,0.05598440746986365
1,0.29361271156401697,0.2936127115640168,0.12938016536741795,0.039720621769316344,0.30899693454837973,-0.5676089511014075,-0.4909233661436656,0.5842390107168783
2,0.3251857295369735,0.3251857295369734,0.021158305249405415,0.008147603796359815,-0.5596151492276582,0.46555777752325594,-0.6611051744249069,0.1817327402839839
3,0.32913353077811386,0.3291335307781135,0.049097366709769136,0.004199802555219456,0.08841267701666017,-0.19082781642170293,-0.9735263604889227,-0.08952300517556892
4,0.31527389461166105,0.315273894611661,0.02376226441334661,0.01805943872167226,0.12571616886972867,0.5165849641060959,0.1406756160136242,-0.8351920682115037
5,0.30776349774265443,0.3077634977426544,0.037625678382141585,0.02556983559067888,0.4704616644333106,-0.4439076787843552,0.7513409992242951,0.1307612247555156
6,0.28801261491705293,0.2880126149170528,0.024641257890492506,0.04532071841628038,0.6592784121745774,-0.5719514735656691,-0.47024135922255456,0.1307537808369306
7,0.3120886229478244,0.3120886229478243,0.043894158881846945,0.021244710385508903,0.39585533220876506,0.645211333448456,-0.4802889735195671,0.4430839571312349
8,0.2330093919696867,0.23300939196968665,0.14152831002769475,0.10032394136364661,0.69428635060073,0.3664808520979541,0.5220680392905549,0.33332148260559713
9,0.30508149829623066,0.3050814982962306,0.044270335085286106,0.028251835037102657,-0.32401178768307753,0.24925356463459888,0.6902507851172069,-0.5970283708538828
10,0.33080985750526926,0.33080985750526914,0.030825879747662887,0.002523475828064059,0.11647256960585771,-0.8094670274715764,-0.3642818967906934,-0.44552886734342323
11,0.32340249781481817,0.323402497814818,0.051038152855887524,0.009930835518515146,0.3172902797805384,-0.3929409134346353,-0.27260915618663906,0.8189069329717209
12,0.3073586218069188,0.30735862180691864,0.0017202270414739987,0.025974711526414507,-0.9053160453589709,0.19058601227807886,0.1511658816714009,-0.34817912941191903
13,0.32370150373755663,0.32370150373755635,0.06683883154592805,0.009631829595776686,0.762871884916674,-0.2943627379364577,-0.00023103856581581923,0.5756535523554202
14,0.32895487625410375,0.32895487625410336,0.048614087603958044,0.00437845707922957,0.6031153035533482,-0.3801641899184426,0.6541337757773156,-0.2526581142784058
15,0.29200397303361814,0.292003973033618,0.08126120173735474,0.04132936029971518,-0.5726499112577289,0.09725595234226185,0.7815648955558706,0.22752949897816752
16,0.2859613273253853,0.2859613273253853,0.10060211555164983,0.047372006007948,0.8221614563699632,-0.4428145125486036,-0.062065904122517696,-0.35229770178276515
17,0.28236985888113914,0.2823698588811389,0.11220085660771344,0.05096347445219418,-0.06422436018022995,0.644635533076425,-0.36258665338406076,-0.6699635660559913
18,0.3280878884679257,0.3280878884679257,0.019180793544537666,0.0052454448654076224,-0.41486686986156085,-0.909529473348342,-0.0070151132493056125,-0.02433938347735911
19,0.30518411142942486,0.30518411142942475,0.023779963743272847,0.02814922190390845,-0.5837289125661032,-0.48921404635852694,0.6358498009282914,0.1250008165547893
20,0.323604119688159,0.32360411968815883,0.07406636753795055,0.009729213645174317,0.4558097861495902,-0.572947729672684,-0.22172629472646846,0.644054181059368
21,0.33125669454772677,0.3312566945477266,0.055517836100791064,0.002076638785606544,-0.6956876107317493,-0.2902257041085084,0.5893777743986941,-0.2905540018549264
22,0.2941676180139597,0.2941676180139596,0.014696920147586974,0.03916571531937363,-0.40241530434089273,0.6190555399504627,0.6435659132776451,0.2016310406558934
23,0.30999504761068175,0.3099950476106817,0.05150489685259775,0.023338285722651564,-0.4679986024343774,0.032522555592715455,-0.6045028585316523,0.6438135487268418
24,0.2657759599236095,0.2657759599236094,0.09304825653197991,0.06755737340972384,0.7305433159572556,-0.3474720299024492,-0.5875411969063334,-0.019104813098325166
25,0.30006784453356067,0.3000678445335605,0.061767488704912624,0.03326548879977265,-0.2787702496038058,0.33090270965266344,0.5878425935148847,-0.6835434367544253
26,0.32593366552318603,0.32593366552318603,0.012240193435714258,0.007399667810147281,-0.2236045739259441,0.20650400952182535,0.4073884490619212,0.8610410792417102
27,0.2998186619041264,0.29981866190412637,0.06188381843410513,0.03351467142920689,-0.39630881768919546,-0.3325277116260058,-0.6524087672424504,0.5538297955579404
28,0.3288844994185796,0.32888449941857956,0.028723751549688925,0.004448833914753703,-0.5475728182550829,-0.503729754220915,-0.004344875185115738,0.6681328202388717
29,0.30352189383359207,0.303521893833592,0.05514616231408564,0.029811439499741244,0.39684069377785386,0.6761248043228393,-0.2331935868456029,-0.575320314081987
30,0.27307640747471695,0.27307640747471684,0.009304456681887908,0.06025692585861636,-0.4320334102967724,-0.5121932902090397,-0.7413950590400115,-0.036585957459620004
31,0.2972991503254496,0.29729915032544935,0.017425827700854928,0.03603418300788369,-0.5212256637999142,-0.3876975882612182,-0.7447682207982984,0.15275694662342112
32,0.32775125482015927,0.3277512548201591,0.039653208569353844,0.005582078513174049,-0.8123890415062258,-0.04703139312002894,-0.5146562197671984,0.2700760425449137
33,0.32080712263164,0.3208071226316398,0.09194685963069667,0.012526210701693297,0.49825965612469847,0.7989057136084345,-0.3065055051474377,-0.13979038291888757
34,0.31673289750777617,0.3167328975077761,0.0484757708989604,0.016600435825557147,0.29306484540294486,0.2956358476290878,-0.4156246831094005,-0.8086832289443062
35,0.3308732082782089,0.3308732082782087,0.026230486326635865,0.0024601250551244402,0.6581738983650115,0.4385673638097524,-0.537387200804002,0.2927128000686117
36,0.32781243090646667,0.3278124309064666,0.0260907444863492,0.005520902426866647,-0.1735109495755299,0.30714854869622077,0.45410801328760014,0.8181317935878009
37,0.2906874400465734,0.2906874400465733,0.09073427850689927,0.04264589328675994,-0.41046758629079316,0.6126923226282679,-0.6246750169251916,-0.2567208632474197
38,0.29961708192791114,0.2996170819279111,0.04953227811062154,0.03371625140542217,-0.32430155739442557,-0.246135136653429,-0.773056190406763,0.486446421355868
39,0.3258881575122923,0.3258881575122921,0.011618276731784852,0.007445175821041039,-0.5234800274129683,-0.6684379596304802,0.4625375129288352,-0.25537894227669944
40,0.2821073234797173,0.2821073234797172,0.07663608023197815,0.05122600985361603,-0.11538292888443658,0.1617616362877558,-0.7381194551706037,0.6447477201558823
41,0.3270075713949364,0.32700757139493636,0.05145051684699223,0.006325761938396901,-0.13090744507462312,0.9777218676848176,0.13655397260623064,0.09097363816184802
42,0.293027425482681,0.2930274254826808,0.05262691996534264,0.0403059078506523,-0.3711956992816188,-0.5652440928588193,-0.2851268645367073,-0.6792757462492729
43,0.33045034563738146,0.3304503456373813,0.04115611434570296,0.0028829876959518552,-0.7637615166040777,0.14791483808336586,-0.5096575397147874,0.3674761742498154
44,0.3213227782207013,0.32132277822070127,0.014689191537420102,0.012010555112631993,-0.5755672177987828,0.7924686476677003,0.17998806857119581,-0.09121466675433927
45,0.3101005684849412,0.3101005684849412,0.010586043833494593,0.023232764848392096,-0.6275957956604664,0.6531004030451704,-0.1159442890686492,0.4076031190311326
46,0.290718965811123,0.2907189658111228,0.12048008470721006,0.04261436752221032,0.3415740502546912,-0.7506811032486577,0.42775841374773715,0.3699024045420678
47,0.28511945082193774,0.2851194508219376,0.09580879435040854,0.04821388251139558,-0.44532939035330726,-0.233614265481772,-0.383990674077368,-0.7743754071976798
48,0.32158497398848584,0.3215849739884857,0.059488517977989416,0.01174835934484747,0.8735795603776081,0.2951780426683668,0.04711611280388935,-0.3840686744986993
49,0.3023020444281381,0.30230204442813796,0.006047343152815819,0.031031288905195242,0.6556061792742924,0.4790086746192987,0.5511353619054422,-0.19230455063306354
50,0.3019732447340068,0.3019732447340066,0.0392719569901036,0.03136008859932654,0.4198726620935856,0.7313856204737074,0.4226312748721039,0.33191087251055185
51,0.32599463760611563,0.3259946376061155,0.022288142976105516,0.007338695727217681,-0.031068082069616244,-0.5493162206754997,-0.7134821527226702,-0.43385444762676517
52,0.3146359604460568,0.31463596044605674,0.044705245595399394,0.01869737288727652,-0.48826867181442163,-0.6095163096759743,0.6231789645473647,-0.041611903456062894
53,0.3002486042943345,0.3002486042943343,0.06256855644037587,0.03308472903899884,-0.260490176891747,0.8549164047149077,-0.4479791373149294,0.02403125512357466
54,0.32979129356823084,0.3297912935682307,0.024364124105057717,0.003542039765102478,0.43064444891248205,-0.8987737906863522,0.07255393142960084,-0.03856110514830362
55,0.3197558805973497,0.3197558805973496,0.001983025398459279,0.013577452735983597,0.07320237435597268,-0.032247714992662206,0.631940290220614,0.7708780492803555
56,0.2913130205885972,0.2913130205885971,0.03975501890097031,0.04202031274473611,-0.21517481202440167,0.7797637116570263,-0.13037374564561252,-0.5732983871418569
57,0.3056942046346636,0.3056942046346634,0.060535868307867086,0.02763912869866969,-0.37081692263110927,-0.11607970380313878,0.4156994544620828,-0.8223224889392825
58,0.2894713676799333,0.28947136767993326,0.051665683829581276,0.043861965653400004,0.18628254911108846,-0.30326702428595453,-0.6032594212142361,0.7137268347159732
59,0.29477574307281923,0.294775743072819,0.07033113310381701,0.038557590260514085,-0.22012070460849031,-0.9155352535878604,0.21840219486371826,0.2562080328935543
60,0.32129211671397107,0.32129211671397095,0.04607149348839693,0.01204121661936225,-0.5099724129280888,0.3103464905964522,0.5270125235649465,-0.6048727087846465
61,0.31698549862975506,0.31698549862975506,0.005638458548824594,0.016347834703578257,0.5055395901566667,0.19542193964809693,0.8306114357586595,-0.1277678796699056
62,0.32826136174626935,0.3282613617462693,0.01762566977990453,0.0050719715870639615,-0.2123214472153281,-0.9318752873622068,0.07925226207266967,-0.28327924529050486
63,0.28538285511667405,0.285382855116674,0.04735911081511074,0.047950478216659265,0.18351728143741375,0.3485052983770612,0.5059697356885389,-0.7673721984696908
64,0.3078646359111594,0.30786463591115926,0.022422456207126323,0.02546869742217389,-0.9285326212500178,-0.23527821016541436,-0.249128579366443,0.14285057241323282
65,0.30597096912398086,0.3059709691239808,0.024480368849910245,0.027362364209352452,-0.35969983816997625,-0.015484800410293185,0.7692189048053439,0.5279001078488367
66,0.32490927035787337,0.3249092703578732,0.047043902856757074,0.008424062975459945,0.8518477020219944,0.37530470478869316,0.038872100462255116,-0.3633054237538598
67,0.2685941732326013,0.26859417323260126,0.09106679170633766,0.064739160100732,0.17347657450662435,0.43391553541464123,0.5909264437824704,-0.6575934338646301
68,0.31771089944450304,0.31771089944450276,0.024503408694681098,0.015622433888830278,-0.5063574665001251,-0.8126700876277684,-0.16000596878110154,0.2399323545274185
69,0.32643596416742315,0.326435964167423,0.009496901954414818,0.006897369165910161,-0.49360320571605293,-0.23665208748051333,-0.198740635437477,0.8129291633493408
70,0.25779663071144515,0.257796630711445,0.15424082853213025,0.07553670262188816,-0.0035568195188881,0.6330085506878425,-0.31904130280009946,0.7053369201300912
71,0.27501524371130054,0.2750152437113004,0.11366097896221317,0.058318089622032776,0.8039476863302839,0.1018755101871081,-0.552667926409042,-0.19454475368672758
72,0.2841080527713199,0.2841080527713198,0.11142027684861097,0.04922528056201342,0.0846322318301628,0.4078741855888049,-0.6270369900392261,-0.6582557612267911
73,0.29744923694224223,0.2974492369422422,0.06620707991680472,0.03588409639109108,-0.3910186118023602,-0.02850641804372085,-0.4751021419209808,-0.7877625175752956
74,0.22286896281474092,0.22286896281474086,0.18318375385941424,0.1104643705185924,0.7957397786441949,-0.21470921592391265,-0.40201675898182915,-0.3988491980415311
75,0.31839120812766386,0.31839120812766386,0.020937617304086404,0.014942125205669454,0.419557721735083,-0.8721284559384073,-0.2515478437324011,-0.009325062387757843
76,0.32352537507154044,0.32352537507154044,0.011713695563755754,0.00980795826179287,-0.8444265646476706,-0.516980637287529,0.09989461397455865,0.09846757682601759
77,0.2871199045282091,0.2871199045282091,0.0943848008341021,0.04621342880512419,-0.18309231134532694,0.3776340822326821,-0.8421702500280535,-0.33855424296586756
78,0.2933482316340665,0.2933482316340664,0.07707321841438965,0.039985101699266834,-0.5726584231118406,0.018757820169817287,0.4422097915846249,0.6900441832580139
79,0.25981220805145394,0.25981220805145394,0.08743856455426408,0.07352112528187937,0.5286331696613208,0.3352701408539906,0.23409916816265136,0.743867248943738
80,0.30974913713046126,0.30974913713046115,0.03228982200374351,0.023584196202872054,0.37988567147573676,0.23287724623103867,0.8689950576371955,0.21518051630527335
81,0.31817628189498975,0.3181762818949897,0.050789347156592016,0.01515705143834356,-0.21476352559816902,-0.1437602267800133,-0.18274320867556795,0.9485855496220472
82,0.2662146102587499,0.2662146102587498,0.09859942770405783,0.06711872307458344,-0.9506046549039086,0.030078202696388244,0.308051405488053,0.02346110343550018
83,0.2669110216751385,0.2669110216751385,0.048792393073280226,0.06642231165819479,-0.4242611105836918,0.4499953877043616,-0.6074223992098865,-0.498542565915087
84,0.30765717170446966,0.3076571717044695,0.031789242160854846,0.02567616162886366,0.19256758058180626,-0.11006498392695663,-0.35715226294085567,0.9073288749391007
85,0.2816162717559155,0.28161627175591525,0.049860763654738564,0.05171706157741779,-0.45308074749956634,0.501501234080428,-0.5242942257416984,-0.5180057078015212
86,0.2972223483207278,0.29722234832072764,0.07124523191947962,0.03611098501260551,0.5848910545315988,-0.04589525433746021,-0.3398816834815989,-0.735035047594282
87,0.3223492212754147,0.3223492212754146,0.003179860243872597,0.010984112057918605,-0.1498248521022804,0.44016921559728434,0.8323525400822279,0.30165016882419354
88,0.3248546380620115,0.32485463806201137,0.03467272467786027,0.008478695271321834,-0.7815036182893282,0.5336350527351165,-0.2517167400884337,0.20279153792091367
89,0.2930978944373217,0.29309789443732154,0.03870796377561783,0.04023543889601161,-0.44570782407107257,0.5692385295825091,0.6461655416396378,0.24450383391293923
90,0.2957650803117689,0.29576508031176874,0.012361027337966976,0.03756825302156441,0.3846304617787198,0.1782465419866536,-0.8293640081142145,-0.36392708086430453
91,0.28547028366073485,0.2854702836607347,0.0977552703368235,0.04786304967259847,-0.7613804124234204,-0.20032046068566106,-0.01392027798923037,-0.6164233987036261
92,0.33136723100062665,0.3313672310006265,0.04861248606029877,0.001966102332706665,-0.004972360766129988,-0.05672921835573728,0.24975666058550303,0.9666326509622651
93,0.28444263081075644,0.2844426308107564,0.08211364422662727,0.04889070252257688,-0.4152450271959775,-0.3626407700760145,-0.3450503768088371,-0.7596074491023417
94,0.3193296950190753,0.31932969501907527,0.02123041386394842,0.014003638314257993,-0.36966405694535265,-0.901813758634891,-0.2188263206407881,-0.04685585485644988
95,0.3160315344750959,0.31603153447509574,0.019850132824516427,0.017301798858237405,0.42150706781843117,0.15638406902365812,0.7981994465665481,-0.400940716609786
96,0.2893621153302546,0.28936211533025413,0.08941103620600618,0.04397121800307874,-0.34103627087493715,-0.4186714100553286,-0.6265605251795662,0.5619879185860721
97,0.2965986030609364,0.2965986030609363,0.08927590640101812,0.03673473027239693,0.832141080428879,0.4844148944045996,0.25260678804994885,0.09525357196833412
98,0.3131787008581263,0.31317870085812627,0.050746214451129854,0.02015463247520699,-0.22127562426657146,-0.8043828217066563,0.061983633353493,-0.5478717034534422
99,0.2981841798119935,0.29818417981199336,0.050167727558479515,0.03514915352133979,0.20325982268130857,0.9370034760279521,-0.15629043265610557,-0.23724087138447572
100,0.32701443680153663,0.3270144368015365,0.01136924830797749,0.0063188965317966805,-0.6200175570909179,0.4367641699504303,-0.6472668929278225,0.07655624119616189
101,0.30679983639260583,0.3067998363926058,0.05220952235506788,0.026533496940727486,0.8246927777721463,0.32873735372752994,-0.1652668583577794,0.4295351441770879
102,0.3098989051469474,0.3098989051469472,0.10134739463362447,0.023434428186385914,0.529408674323435,-0.3545483930479351,0.551845920653178,-0.5380408649876669
103,0.3267081132616383,0.32670811326163807,0.019553045263518025,0.006625220071695026,0.2718319095029709,0.8812227133259053,0.002573997309166418,0.38671348183422627
104,0.2742569905287937,0.27425699052879354,0.1258065601576181,0.059076342804539606,-0.7117148278007174,-0.4802996355541767,-0.16946825360965254,-0.48379207826670184
105,0.3205041945685988,0.32050419456859874,0.0329984134706886,0.012829138764734516,-0.09742679624622942,0.16733476811501125,-0.4735680172806372,-0.8592091874287525
106,0.26861573460166244,0.2686157346016623,0.12067831334069398,0.06471759873167088,0.6868840938282369,-0.06406080359956556,-0.43541884810098974,-0.5783570539090424
107,0.29037948881315917,0.290379488813159,0.0800405402805886,0.042953844520174145,-0.3333832736874158,0.7054988184213148,-0.4037404374361624,0.4776197956643405
108,0.3320516412244828,0.3320516412244827,0.052592343229805626,0.0012816921088505406,0.49932654722768277,0.8432525973406548,-0.14795222946426825,0.13307213873862797
109,0.29221595775863235,0.2922159577586321,0.0834506572684198,0.041117375574700965,0.09152056106136791,0.4176398901331004,-0.7464861224844246,0.5098621166656658
110,0.3259873121092552,0.32598731210925513,0.04910483926847172,0.007346021224078125,-0.49780867017306535,0.6035341094621707,0.135316772849303,-0.6079658523320851
111,0.28278698132539815,0.2827869813253981,0.12949227882395006,0.05054635200793517,0.17482361145466738,-0.6266954696170539,-0.42726022413564085,0.6278042641707443
112,0.3266466849021449,0.3266466849021448,0.01627242477630889,0.0066866484311884355,-0.526717138021224,-0.48161530377093403,0.6562367907801491,-0.24488574910544036
113,0.33194322337997184,0.33194322337997156,0.059053611814920734,0.0013901099533614736,0.06046204850521066,0.005623772752039066,-0.990124718464787,0.12635567164007047
114,0.3256332642938479,0.3256332642938478,0.06362807149121613,0.007700069039485391,-0.7121826898972333,-0.19590046434869066,-0.0494410730376122,0.6722904168405186
115,0.31261352845579454,0.31261352845579415,0.035217962290499435,0.020719804877538772,0.26931150128438636,-0.5909903834561504,0.16323013983207021,0.7426692422530402
116,0.2835398973404275,0.28353989734042745,0.12168158104034435,0.04979343599290581,-0.23920336341512877,-0.8511281402324817,0.38107079488835766,0.2704582946009276
117,0.32273390681706127,0.322733906817061,0.02743779738802938,0.010599426516272048,-0.24343853645523544,0.07443377037308573,0.04129686069163533,-0.9661738260238659
118,0.3073764730355396,0.3073764730355394,0.018820424981453903,0.025956860297793705,0.013872964150446535,-0.33386059479685437,-0.3330105083594501,0.8817304834413698
119,0.26167299997000165,0.2616729999700016,0.035857929010283375,0.07166033336333166,-0.9956197279461853,0.07799653942434535,0.04176845744187482,-0.030220739982947754
120,0.3112345804263588,0.3112345804263586,0.06898840784250078,0.022098752906974495,-0.542709275920717,-0.4407182205990813,-0.55330573255088,0.452865165571304
121,0.31289029420682657,0.3128902942068263,0.03683708913566999,0.020443039126506746,0.8343796849883067,0.3836463562164951,-0.3911434668450263,-0.06027273832400515
122,0.31519538310267187,0.31519538310267176,0.05094740712330421,0.018137950230661448,0.0581133010815687,-0.7710895580230267,-0.588277089049368,-0.2365878362149211
123,0.30471844871664683,0.3047184487166467,0.08197017424992405,0.028614884616686487,-0.10648463798262069,0.27198338320875615,0.06201268223853638,0.9543796353514734
124,0.32025285480440396,0.32025285480440374,0.07051250110908622,0.013080478528929351,-0.12042853195862317,-0.10414696548567595,-0.1256077153596295,0.9792206493495482
125,0.2889436085023876,0.28894360850238754,0.11401863506001145,0.04438972483094572,0.1324887953592695,-0.4719361581433262,0.8515436424203654,0.18600109353072108
126,0.32864061958581336,0.3286406195858132,0.02299029038479107,0.00469271374751995,0.819902488369131,0.15777626118641,0.3237618601545235,-0.4450222678489553
127,0.2904196503953357,0.2904196503953356,0.04399339975167865,0.04291368293799763,-0.35782631090288036,-0.4401525356127381,-0.8203964401838488,0.07194273801420972
128,0.25903820578111814,0.259038205781118,0.08060784555659344,0.07429512755221518,0.9831208136332706,-0.11731665875686494,-0.10098708900028971,-0.09752884308976939
129,0.2847287103551052,0.2847287103551052,0.04887226324692484,0.048604622978228096,-0.3180400849708081,-0.7728767412613823,-0.5469333015018318,-0.0487443420024723
130,0.32351302222384737,0.3235130222238472,0.022464612630688524,0.009820311109485946,-0.020320121223427016,-0.9984862725027429,-0.025711753973830805,-0.044171959483734105
131,0.31955035785231356,0.3195503578523133,0.04712477472520275,0.013782975481019755,0.8099738691431358,0.31351369850175453,-0.48431787467643805,0.10529809317336744
132,0.31724299231269076,0.3172429923126907,0.035988851460468055,0.01609034102064255,0.6254320550332774,-0.5579175332518191,0.5072421904428208,0.20066920755767628
133,0.31193325613917433,0.3119332561391742,0.010076440676364724,0.021400077194158984,-0.38837307827042283,-0.8751229873808957,0.014054682728129583,0.2883202645075513
134,0.250396392497272,0.2503963924972717,0.17001869845423254,0.08293694083606129,-0.7543251418050133,-0.3947024136971296,-0.2921025551433327,-0.435751858677898
135,0.3305657073384768,0.33056570733847673,0.027117074894546123,0.0027676259948565263,-0.45083375307496093,-0.11082225803830692,0.851408711197555,-0.24407081084913482
136,0.28786115306398063,0.2878611530639806,0.05715002361480333,0.04547218026935268,-0.7049669812174824,0.344159182235227,0.606619661405321,-0.1287967354896211
137,0.2998061093270836,0.29980610932708357,0.05785825330498877,0.03352722400624969,0.5306784555159202,0.0824263082269982,0.08538206355585844,0.8392235600757695
138,0.32419374284375024,0.3241937428437499,0.055693398230822776,0.009139590489583072,0.19738813639034067,0.16209674598269644,-0.9602652961302606,-0.11248613070966768
139,0.2905939267588517,0.29059392675885154,0.006223373486138503,0.04273940657448161,-0.6295422483163454,-0.4102815256110846,0.4472256814679138,0.4851132003590522
140,0.31642964099999665,0.3164296409999966,0.044394830838931094,0.016903692333336662,0.8417520724381367,-0.14709184512125895,-0.1270751025759523,0.503655989689626
141,0.2888075131260526,0.28880751312605246,0.0924300942471314,0.04452582020728074,-0.03006095183528142,-0.3314954784709209,0.692660814188397,0.6398656760726887
142,0.23544780141012853,0.23544780141012853,0.16901728643243685,0.09788553192320479,-0.08645448987166718,0.684046428922943,-0.5516732258123778,-0.4693215914280572
143,0.3062231509743015,0.3062231509743013,0.051402881551461534,0.027110182359031842,0.9056432115115355,-0.18514358313801174,0.3694648705725842,0.09501545389395395
144,0.2535063889939914,0.25350638899399136,0.1330273707488865,0.0798269443393419,-0.9230856451520657,0.1069578861730625,0.35723145049032345,0.09412009923584154
145,0.3217265211997976,0.3217265211997975,0.0011660911833286782,0.011606812133535704,-0.5585706730446224,-0.15306220613744612,-0.39947392834099116,0.7106274304040283
146,0.29248619434955464,0.2924861943495545,0.0699156972695537,0.040847138983778675,-0.36385030941702534,-0.44559243527515074,-0.35243216858142723,-0.7381408405661403
147,0.2466495779378447,0.24664957793784453,0.15042730827143666,0.08668375539548862,-0.9142998752175807,0.1556256152432626,0.22058896618878507,0.3019551523869651
148,0.32102988452191483,0.3210298845219145,0.05290671963195649,0.012303448811418483,0.865468850211334,-2.7030992239410567e-05,0.4764002682118645,-0.1549401595160546
149,0.3183616244819413,0.3183616244819412,0.03431424631772828,0.01497170885139204,-0.5299027242318936,-0.7676248303310613,-0.16957236408592788,0.3181201597653573
150,0.27989977253246284,0.27989977253246273,0.04262425129919106,0.05343356080087047,-0.2640320419197683,0.30420598121731757,-0.6366350370981536,-0.6576029435535696
151,0.32721000555067636,0.32721000555067636,0.011933354821972407,0.006123327782656951,0.5051873011751562,0.23941784349788012,0.18337079436106637,-0.808603758785215
152,0.319620405971211,0.31962040597121083,0.07329599853697988,0.013712927362122318,0.8431335457975934,-0.53512730890794,-0.006462138685815062,0.052180724174057044
153,0.32186934049955684,0.3218693404995568,0.011354342812269113,0.01146399283377647,-0.180211235988958,-0.7757910688774988,-0.24258537778861208,-0.5539173786372803
154,0.29661416055494627,0.2966141605549462,0.11101786145622043,0.036719172778387044,-0.38180830725906645,-0.7388521381442338,0.5376117549829714,0.1389011712398054
155,0.2528596001468068,0.2528596001468068,0.14565215732719558,0.08047373318652651,0.019710578095253208,0.6733066729814986,0.4657814776502448,-0.5738616839515344
156,0.30762175731300895,0.30762175731300895,0.09059928987201486,0.025711576020324367,-0.8493387664748248,0.4857230060168463,-0.029685472360202376,0.20448861562378845
157,0.31965606682580805,0.31965606682580805,0.027396535601522328,0.013677266507525265,0.5124934412199706,-0.35807002075883065,0.19858665676130832,0.7547845207055119
158,0.28102521304411576,0.28102521304411576,0.024380180313548463,0.05230812028921755,-0.5950380108359025,0.4037343351483685,0.6855595607143623,-0.11373847632128713
159,0.3133690328881501,0.31336903288815005,0.007579576899106673,0.019964300445183214,0.16954164039859793,0.6210452660595082,0.68238183149346,0.3462852086411697
160,0.27893412265468515,0.2789341226546851,0.09820021903091039,0.05439921067864817,-0.3124592967490232,0.2798825442624645,-0.13620299355451934,0.8974874338056568
161,0.24636719525813053,0.2463671952581304,0.12007790743851177,0.08696613807520279,0.6362446708075361,0.45724707415310184,0.5209235118018909,0.33875732744757414
162,0.32624207655077325,0.3262420765507731,0.0031226064973077926,0.0070912567825600625,-0.48331095914132177,-0.1742247371782879,0.07055582037518546,0.8550310719150718
163,0.3301461060947613,0.33014610609476114,0.026151581605640774,0.00318722723857201,0.7886184789986972,-0.021496498640170263,0.4838322362279464,-0.3788471490121829
164,0.21812038374368262,0.21812038374368256,0.18430791850789585,0.1152129495896507,-0.15925339934933927,0.4395229836868201,-0.3863761049660187,0.7950920746165209
165,0.2916149898446505,0.2916149898446504,0.000682825046566825,0.04171834348868281,0.36513348560063663,0.7256653957749476,0.5480476525405547,0.1993264699248589
166,0.31011518887611034,0.3101151888761101,0.046828528414987754,0.023218144457222978,-0.21136922370926042,-0.5602701671642757,-0.19517133763588784,0.7767422609976088
167,0.2985701997388863,0.29857019973888627,0.07275414863636077,0.03476313359444699,-0.40572346096584616,0.6483111369458308,-0.35969634520869986,-0.5345088232923789
168,0.2686218620105148,0.26862186201051474,0.04435126656063494,0.06471147132281851,0.31441943595475613,-0.3154259158841172,0.7373557829079853,0.5078910899934266
169,0.29025909092604746,0.2902590909260472,0.052760276320925295,0.043074242407285857,-0.9457225948045793,0.24258290230135954,0.16145634626481087,-0.14385463995978748
170,0.26922882860466685,0.2692288286046668,0.04599571108551369,0.06410450472866647,0.4304713767784986,0.4043302670234273,-0.5918777645125389,-0.5485363623487758
171,0.33101812450262147,0.33101812450262097,0.05443907550276477,0.0023152088307118457,0.010178013445138252,-0.010553884402787771,0.9864586588064332,-0.16335341451018456
172,0.2944310407382665,0.2944310407382665,0.06456540515055637,0.038902292595066834,0.9455035277132596,-0.31987545479805224,-0.05154475745992292,0.03234053923357479
173,0.3272986968300251,0.3272986968300251,0.03598188334492694,0.0060346365033082106,0.7753639097379166,-0.30995089745700166,-0.16899249069915975,0.5236246620708631
174,0.30487888337529234,0.30487888337529195,0.05396599632240551,0.028454449958040973,0.03404554244320113,-0.28461085301879563,0.8422141588805416,-0.45663209913978187
175,0.32620690188168694,0.32620690188168683,0.0030028876353096518,0.007126431451646376,0.2736204677156301,0.2664884723709639,-0.892720100616602,0.2390952858078842
176,0.33141024983743733,0.33141024983743733,0.045411741770898344,0.001923083495895983,-0.07927723258363033,0.3776492027860559,0.7801365862874123,0.4924257373094548
177,0.28381088394543647,0.2838108839454364,0.04693935256062707,0.04952244938789685,-0.10011547770463337,-0.611446751843501,0.7763816116832664,-0.11550477836046068
178,0.3169117579797166,0.3169117579797165,0.011085814417985548,0.016421575353616713,-0.4014390162631029,0.14374198226458731,0.6826516402273463,-0.5934405588188871
179,0.2963868764411373,0.29638687644113715,0.04183447420521745,0.036946456892196,-0.499138103344018,-0.08660943261969963,0.5321223537169744,0.6783846701143367
180,0.28820141652889036,0.28820141652889036,0.043901014015864194,0.04513191680444295,0.26229973966970577,0.8427564996942764,-0.13692874490845444,-0.4496786047946366
181,0.28054765088332884,0.28054765088332884,0.09725711755574834,0.05278568245000448,-0.2675651166766977,0.09072876662884331,-0.39710739193308003,0.8732026789445283
182,0.3289323416614569,0.3289323416614568,0.029392642163609182,0.004400991671876409,-0.6817533075214374,0.3074233008441073,0.3682983968065975,-0.5523220371227135
183,0.3135362601966167,0.31353626019661657,0.07009396395982902,0.019797073136716636,-0.2512606974900131,-0.21244649463860846,-0.5205738389645626,-0.7878689148572224
184,0.29510473257967873,0.2951047325796786,0.08901225435354211,0.038228600753654585,-0.9002587443714836,0.0005241829414562064,0.4220322419111385,-0.10687705648258672
185,0.3159592938935177,0.3159592938935175,0.04347157269915623,0.017374039439815636,0.5153340063485553,0.040038181181312894,0.8501202786960355,0.10061469921544618
186,0.32798194455022694,0.32798194455022694,0.07832764114358627,0.00535138878310637,0.7054744599483651,0.701896669904873,-0.009369061495174528,0.09777050589882318
187,0.2828892729452479,0.2828892729452476,0.1298789646626046,0.05044406038808541,0.1979116460734678,-0.20120943034395639,0.21363752292616542,-0.9352565179067842
188,0.32968666662563095,0.32968666662563095,0.030180289198709746,0.003646666707702362,0.31603024908137584,-0.8989173462327078,-0.048367353501518516,-0.2995548120507639
189,0.307954934852325,0.30795493485232484,0.02316373863793433,0.025378398481008313,-0.30014075489189446,-0.3747292982474616,-0.8383597502324213,-0.2581596588898444
190,0.3293186377048353,0.3293186377048351,0.006032338827297953,0.0040146956284979884,0.7069265994991495,-0.507842718669293,0.4543189463494816,-0.18959127354139282
191,0.31108043114114203,0.3110804311411417,0.08337283669198922,0.022252902192191282,0.06845611101451096,0.3784354086292027,-0.9224364842992511,-0.03480423528904155
192,0.3200825363126693,0.3200825363126689,0.015039272698638573,0.013250797020664007,0.6411185098279394,-0.6747742982425572,0.18661097057432505,-0.3143613342136328
193,0.3296745228503157,0.32967452285031545,0.03461480721475217,0.0036588104830176382,0.009753201457514475,0.12174394745716559,-0.9742184352289406,0.18968849933232806
194,0.3001881961925842,0.30018819619258413,0.01783264047658089,0.033145137140749126,-0.5579941044703388,0.3923894766347414,0.6584595825352648,-0.317968640230673
195,0.3089988731059069,0.3089988731059066,0.056179670709525543,0.024334460227426413,0.6145500818703215,0.10302903648211992,-0.23987972990972695,-0.7444265777719006
196,0.30838439495409814,0.308384394954098,0.06623354810954654,0.024948938379235175,-0.4439741659556499,0.6999817954462467,-0.288830583448434,-0.4790504358339224
197,0.30432592256658303,0.30432592256658303,0.039975213354754895,0.029007410766750286,-0.3048157722547585,-0.04238118763590802,-0.7861285085825165,-0.5359973394646033
198,0.27633629960436096,0.27633629960436085,0.11141355827431006,0.05699703372897236,-0.3433952524971162,0.19101017448923424,-0.38202908886497705,0.8364499919690535
199,0.2928815990427679,0.29288159904276784,0.09585704546680607,0.04045173429056542,0.9037971022721749,0.20305678594629387,-0.22192117072036338,-0.3044170389312727
200,0.3028511310898591,0.3028511310898591,0.020592248541674515,0.0304822022434742,-0.6181431821174579,-0.35482606422503565,0.3555841518651445,0.6046134149112307
201,0.28064664098258274,0.2806466409825827,0.09932384681631633,0.052686692350750575,0.8926642236184144,0.35427250586725706,0.23239267487331774,0.1537375039588339
202,0.2552749931708151,0.2552749931708149,0.16129853305248845,0.07805834016251822,-0.10924460369904067,0.6289888857337437,-0.3286759947509715,0.6959961843721002
203,0.3277524667241023,0.32775246672410224,0.03355076781715839,0.005580866609231017,0.7671303055942854,0.1404761833441943,-0.46771893104767825,0.4159525666364903
204,0.28889660256218297,0.28889660256218286,0.04902971586532535,0.044436730771150346,-0.5778362157662595,0.2696846192142924,-0.2589880547686686,0.7254658512950917
205,0.29901742838069173,0.2990174283806916,0.015470177593275973,0.034315904952641585,-0.6357030852855317,-0.38199160124518033,-0.6601009850324635,0.11929247040685549
206,0.2732850663313467,0.2732850663313466,0.11920519071005939,0.06004826700198662,-0.8874162999210962,0.3008670493733532,0.08368666926270829,0.3390691236657174
207,0.32605539950401957,0.3260553995040194,0.027591389679272858,0.007277933829313743,0.7503532457395533,-0.06878922686695775,-0.2868596395889035,0.5915653776634399
208,0.2634218429942188,0.2634218429942188,0.15724418304025878,0.06991149033911453,-0.009884622239078643,-0.6199724239270363,0.497771824032774,0.6064319409565355
209,0.3296155688122422,0.3296155688122421,0.02974928709043923,0.003717764521091127,-0.1768211444252337,0.8026925792386884,0.30627269490510634,0.4802248873963698
210,0.3277267311832122,0.3277267311832122,0.06533226187225318,0.005606602150121098,-0.007742033073889906,0.015731190264449798,-0.1178673407155986,-0.9928745542964527
211,0.32523783664987016,0.32523783664987,0.04745532388023295,0.008095496683463155,-0.10844296060563723,-0.172793126395325,-0.7470682251428634,-0.6326703144193708
212,0.3137487515484638,0.3137487515484638,0.051560414860014045,0.019584581784869493,0.36437151391532835,-0.8053853629054933,0.13978487142925988,-0.44614796512384053
213,0.28568648154801984,0.28568648154801984,0.0651688672021312,0.04764685178531347,-0.3050735301475918,0.4723349136084551,-0.4813858857719803,-0.6723819595804943
214,0.3239848547166829,0.32398485471668276,0.007131360755184919,0.00934847861665039,0.5437120140916559,-0.13857775736839564,-0.7002346612298302,0.44141235835382514
215,0.31672004572445184,0.31672004572445167,0.03603759138819132,0.016613287608881477,-0.417928467728751,-0.5920376838416793,0.5700557895540064,-0.3871221687907275
216,0.24299442541319285,0.24299442541319274,0.15838516580180853,0.09033890792014046,0.8350402418338142,-0.25280253470521075,-0.46518894856216475,-0.14965933014808494
217,0.2252854411867677,0.22528544118676766,0.1818958783940175,0.10804789214656563,0.7758909227498927,0.2684837210511665,0.42173892413323155,0.38476752383196794
218,0.30283410770824776,0.30283410770824776,0.05298597164105719,0.030499225625085558,-0.4000272490773818,0.03482582167105008,-0.3913407603040828,-0.8280203931456886
219,0.30903060045723496,0.3090306004572349,0.00024777487188742004,0.024302732876098354,-0.4766726103362764,-0.23378938484905953,0.8386432468327095,0.12166860987530712
220,0.29264697368619014,0.29264697368618997,0.0766574220949,0.04068635964714318,0.5288514744156602,-0.4702194124339853,-0.3691689671517799,-0.6024318184414796
221,0.25483621791889627,0.25483621791889616,0.12099073400112294,0.07849711541443705,0.18908888690004,-0.6025952247072538,-0.739022395301787,0.234457431644483
222,0.27947448070019837,0.2794744807001982,0.011455713903945567,0.053858852633134946,-0.9723170537565726,-0.09062417902484966,0.14807673292907483,-0.15639720686528175
223,0.3300231024248712,0.33002310242487115,0.029811117212668027,0.0033102309084621084,0.523344968492156,0.4500438467007842,0.029092347563046943,-0.7229966910809316
224,0.30621153611422725,0.30621153611422713,0.05735812811151392,0.02712179721910607,0.10834271313176652,0.19920134343488616,-0.8164240404256352,0.5310672909340823
225,0.2818214853854025,0.28182148538540247,0.05625932479395394,0.05151184794793079,0.27455264028536214,-0.5656281089248263,-0.7773489370833043,0.020354854996249932
226,0.3011948849689742,0.3011948849689741,0.12696004721224963,0.03213844836435914,-0.09900986941885986,0.7713513503308285,-0.12112947329293958,0.6168806941380505
227,0.29394917448455354,0.29394917448455343,0.02097423670733016,0.03938415884877977,0.5623620100480301,-0.440009984560435,0.6102698857767531,0.34309014800179494
228,0.2886817963564708,0.28868179635647073,0.07956807228724774,0.04465153697686253,0.30796789804655905,-0.41311284708554663,-0.7969125296113574,0.315315666426655
229,0.30453286409325947,0.30453286409325914,0.008974219850096207,0.028800469240073845,0.1994230735143747,-0.45960308753332596,0.8283598970492576,-0.2506298478642511
230,0.2906446161909765,0.2906446161909762,0.011274646908741253,0.042688717142356836,-0.5207577384912679,-0.38456495374557437,-0.7620866400055794,0.012046878314783127
231,0.31747099353387037,0.31747099353387026,0.026725307224755725,0.015862339799462943,-0.9042772511862197,-0.03648778225826384,-0.3786432698716195,0.19385708373411514
232,0.27274640129470623,0.2727464012947061,0.1545192405725033,0.060586932038627084,-0.15085051046932935,-0.40539261956823386,0.5618879126070357,-0.7051119919252942
233,0.2825453866679944,0.2825453866679942,0.09269376133250572,0.05078794666533892,-0.1271107549191477,0.23366713553009738,-0.7332854463871882,0.6257275604236926
234,0.3284366315988304,0.32843663159883035,0.03336863290706989,0.004896701734502906,-0.6426425271685786,-0.15531777573641323,0.47957545107986366,-0.5769699797530381
235,0.28330942198036874,0.28330942198036874,0.05422701713682585,0.05002391135296458,-0.6522742151395761,0.2615454229030284,-0.4527442594119643,-0.5487758883114656
236,0.32557346840308043,0.3255734684030803,0.008941542035638378,0.00775986493025288,-0.23713746894279472,-0.9378897729350633,0.16538863719010308,-0.1917685931940396
237,0.2809258236357054,0.28092582363570534,0.07243173120871187,0.05240750969762792,0.2203159823587358,-0.6773206612821574,-0.7019053914353773,-0.00513918199288424
238,0.32109227067178236,0.32109227067178236,0.012184623887382043,0.01224106266155095,0.2597714468692778,-0.040424908696538385,-0.876386647779929,0.4035233149910635
239,0.3161188020842155,0.3161188020842155,0.04050950232451104,0.017214531249117815,-0.6730483015185214,-0.06401201553345247,0.18483829091940762,-0.7132624004532773
240,0.2543320317448949,0.2543320317448947,0.11679872217891896,0.07900130158843843,0.0288970871479178,0.6235855440230926,-0.5159753947134887,0.5865794231730677
241,0.28940484717729864,0.2894048471772986,0.05649055482173964,0.043928486156034674,-0.4524195672865596,-0.0036858758742579433,-0.7749699026193988,-0.44127610346512225
242,0.3035447788770523,0.30354477887705217,0.04859296718674323,0.029788554456281036,0.539157929859631,-0.18740506243217986,-0.8207848338559366,-0.022367962722393442
243,0.28084830190984633,0.28084830190984617,0.11442975646788407,0.05248503142348698,0.44012459032140194,-0.44272911251969227,0.428019834640735,-0.6535138093996652
244,0.27893756150839477,0.27893756150839466,0.08420496075909997,0.054395771824938544,-0.6939152438693637,-0.40962317152501304,-0.02501580027937059,-0.5916626584565686
245,0.33011935116065116,0.330119351160651,0.0826674709089508,0.0032139821726821505,0.49745371637216707,-0.4269116259481442,-0.2500838796475023,0.7125617986099766
246,0.28732647853070364,0.2873264785307035,0.0038744092281264644,0.04600685480262967,-0.9613929748266041,-0.17481458520358353,0.15335464823117348,-0.14712498299080515
247,0.2949996463761532,0.29499964637615317,0.09666816255946967,0.03833368695718009,0.1386945508253275,0.3769467349040716,-0.5808255436325857,-0.7080371942775546
248,0.30811090377680195,0.3081109037768019,0.022445723704736378,0.025222429556531367,0.4635630655785955,-0.2804296216941434,-0.7831776657070296,0.3051249833192008
249,0.2774378369981302,0.2774378369981301,0.07045508091852493,0.05589549633520313,0.9555241486175328,-0.1482222562961262,-0.23697932574472974,0.09404553852681262
250,0.3253423689600837,0.3253423689600837,7.794501360033989e-05,0.007990964373249587,-0.10191790597587817,-0.7410438246738955,-0.4862938518475256,-0.45164707461631304
251,0.2733777593448686,0.2733777593448686,0.11169118894872568,0.05995557398846474,-0.8357336590772734,0.3782562342465921,0.09908636132522904,0.3855559172652199
252,0.3179304747593351,0.3179304747593349,0.017864067398128968,0.015402858573998202,0.7144918341152704,-0.6008978806735922,-0.24959650986091086,0.25714730846313455
253,0.3108208820669292,0.3108208820669291,0.0823416157244382,0.02251245126640411,-0.7830160193026336,-0.27632169662542594,0.19244426314585994,0.522969826158021
254,0.30449638798553547,0.30449638798553547,0.032089326665213615,0.02883694534779785,0.10622966359212929,0.9762856011990869,0.09817823893790605,-0.16106742955511366
255,0.3324442512308889,0.33244425123088883,0.05958941633576649,0.0008890821024444273,-0.671384812697085,-0.2369738181806788,0.5763232474868377,-0.40116998539621046
256,0.321202610193104,0.3212026101931038,0.012354802381950438,0.012130723140229338,-0.6017762132565062,-0.6208540320432441,0.16973384483697013,0.47285947380925536
257,0.310025302683969,0.31002530268396883,0.08862616877906777,0.02330803064936432,0.07930591685691188,0.8164678598921765,-0.1105531756570609,0.5611317141872423
258,0.3249025153551598,0.3249025153551597,0.025380226848304398,0.008430817978173522,-0.2836546263140908,-0.9213097605307505,-0.20968081745491277,-0.16359197080793425
259,0.2929205036583371,0.2929205036583369,0.07026587183997104,0.04041282967499621,-0.6227304131439048,-0.5715255931720994,-0.04100456762713026,-0.5328076147434586
260,0.2988272945773898,0.2988272945773897,0.0463675653117363,0.03450603875594349,0.189868525433,0.5227071311507493,-0.7310151405594969,0.39540367014840766
261,0.31016836354001553,0.31016836354001553,0.04086161784325191,0.02316496979331778,-0.4581506848617246,0.6973874762939083,0.39222312294261513,0.38718171405463947
262,0.2710586703063478,0.27105867030634767,0.10345229078957613,0.06227466302698553,0.10829150751274859,0.15444769633462507,-0.5220020390716719,0.8318249393367337
263,0.24909106156183292,0.2490910615618328,0.149735922421169,0.0842422717715004,-0.16205857805337914,0.6721474271806837,-0.5362699529549041,-0.48411712526149
264,0.30055534085514835,0.30055534085514823,0.016854518389479767,0.03277799247818497,0.6384998860552739,0.3515297309746242,-0.6687890243604727,-0.14651274566834688
265,0.3038283884803391,0.30382838848033905,0.0521458923204311,0.029504944852994208,-0.040662011171459456,-0.4679093314193041,-0.31148894548646777,0.8260642198146343
266,0.3173443565378221,0.3173443565378219,0.025424285069017265,0.0159889767955112,-0.8363849899128463,-0.38579085930314905,0.24979972678807308,-0.2987066420808718
267,0.3053102180417876,0.3053102180417873,0.06456417830151692,0.02802311529154572,0.2895659686903639,-0.8080973393243339,0.2737986929096262,-0.43377933988875467
268,0.2969255061566242,0.29692550615662405,0.0874498373395056,0.036407827176709096,0.2291126023667333,-0.45468985656805805,0.8491748130187957,0.14023796456507495
269,0.29861146230511454,0.2986114623051143,0.0786605250326658,0.034721871028218776,-0.9039301994922735,0.3886147887469791,0.16088468194091976,-0.07749102870505963
270,0.31522979370306814,0.3152297937030681,0.027214063972865937,0.018103539630265175,-0.3185621547624006,0.014987836275745466,0.6467649046593864,0.6928121508878453
271,0.3255256474777638,0.32552564747776375,0.02649250804848873,0.007807685855569513,-0.7662669337462696,0.08182351386512418,0.28307888524412667,-0.5709695644732707
272,0.3060699888412814,0.30606998884128117,0.0712525041166636,0.027263344492051922,-0.3867786926468765,0.7723443122701114,-0.24701417086265254,-0.4391702467283253
273,0.33195564159718066,0.33195564159718066,0.06091201916339204,0.001377691736152653,-0.6722383519496016,-0.412849133548085,-0.04456798008369456,0.6129150726225766
274,0.3187638532402664,0.3187638532402663,0.011067381578378417,0.014569480093066911,0.5391411919946189,-0.736356224038414,0.22963123285157,-0.3381948895438524
275,0.32884172048327315,0.32884172048327304,0.023502625307101815,0.004491612850060167,0.7659046444303034,-0.574962268077497,0.012184441141781077,0.2875065309194445
276,0.28372348503548034,0.28372348503548017,0.0010712823223907107,0.049609848297852976,-0.05099540573039178,0.9444779573943397,0.0019940914031246143,-0.3245872458832673
277,0.2861363418779967,0.28613634187799636,0.11971784266212233,0.04719699145533662,0.4442676718090418,0.20893363812628038,0.5575626167104221,0.6694004026677286
278,0.322545414288848,0.32254541428884786,0.024484565004024482,0.010787919044485339,0.2809776253325247,-0.5379294952290428,-0.0646948270700746,0.7921477208043305
279,0.3101160389098321,0.3101160389098319,0.039255201596457616,0.023217294423501234,0.4348262239951067,0.2728116308634489,0.8064348506666275,-0.2935350074898679
280,0.30085355396895935,0.300853553968959,0.06332270981311053,0.03247977936437396,0.4471822307934501,-0.04496274983193827,0.4214561887547513,-0.7876427391593623
281,0.2955851570329621,0.295585157032962,0.09765501236173056,0.037748176300371195,-0.2500646556747385,-0.8427391586137204,0.4747704454193098,0.043027929042231024
282,0.32127926182898014,0.32127926182898003,0.01583153970735548,0.01205407150435317,-0.24495050657445455,-0.3428837807426753,0.8901451041924721,-0.17341180961716557
283,0.3140223498134292,0.314022349813429,0.05683481552686897,0.019310983519904124,-0.13062602847366522,0.7996277150300397,0.5499943371528373,0.2025798290572042
284,0.3139536777936499,0.3139536777936498,0.0008409854266560421,0.019379655539683405,-0.2753041111839663,0.5278517716001878,0.29727106498337297,0.7464650477466448
285,0.30552999507856793,0.3055299950785678,0.04674380779492756,0.027803338254765386,0.8992063375554608,0.2812842908744946,-0.33488186770844613,0.012698223790363589
286,0.3005904302150091,0.3005904302150091,0.0065252173051124915,0.03274290311832423,-0.38224140819447855,-0.12656373698627368,0.6319121037892989,0.66223879335641
287,0.30365424113245393,0.30365424113245393,0.050070903097575455,0.029679092200879387,0.7612658139490224,0.5523478389954086,0.3389803336798193,-0.021875983359682466
288,0.30622044083132405,0.30622044083132394,0.062204655856608365,0.027112892502009267,0.9132612184795617,-0.3999223969875145,-0.03719081475293145,0.06806516368157915
289,0.3096444150497982,0.30964441504979817,0.006407832628961219,0.023688918283535088,-0.5255830871701256,-0.10433606872619813,0.17863439144628265,-0.8252067361795459
290,0.31654697255084085,0.3165469725508405,0.026873181267739174,0.01678636078249246,-0.09039874944197063,-0.7445065390202774,-0.5888713375163279,-0.3012783219999522
291,0.32890657876543905,0.32890657876543894,0.04458766975898176,0.004426754567894264,0.5709077352537103,-0.5784425041340677,-0.1358982521939532,0.5665688769154348
292,0.3223049155345746,0.32230491553457447,0.01359333489513457,0.011028417798758738,0.4667551707346524,0.5506198737889034,-0.6324644581557729,0.28097344065032587
293,0.2919872251194587,0.2919872251194586,0.009776828474908907,0.04134610821387463,0.4159394924820439,-0.34152923566455395,0.46039735177143776,0.7059648704163773
294,0.32352976507538644,0.32352976507538617,0.03246202343213167,0.00980356825794687,0.6743829515242161,0.6108977509078657,0.26544646218877394,-0.3186687125223656
295,0.331298442534581,0.3312984425345809,0.06472129055038306,0.002034890798752298,0.12299004507192424,-0.9329579309590569,-0.040104415627866194,-0.33593836297890883
296,0.3268248433398935,0.3268248433398934,0.06001197245835114,0.006508489993439837,0.10254534274312377,0.21964083755394287,0.7137832509543945,0.6570812931573031
297,0.26265135470202267,0.2626513547020226,0.0973932125404322,0.07068197863131065,-0.4280292011371943,0.4856148416220536,-0.2791305767268711,0.709263949250466
298,0.2838483916791266,0.2838483916791265,0.10384456541062481,0.04948494165420669,0.2807902274823088,-0.45126335103471554,-0.6763997746425484,0.5099035016813103
299,0.33005474906984483,0.3300547490698448,0.03026096292741542,0.003278584263488482,-0.26515194658343877,-0.023379155493088628,-0.9627266394415964,0.04801331087244088
300,0.2665683780301608,0.26656837803016076,0.10396377762648365,0.0667649553031725,-0.20280757381449077,-0.42407359285484997,0.7050627793250154,0.5309587112545979
301,0.2905300848650695,0.29053008486506926,0.08383147470032462,0.04280324846826383,0.4377111930760153,-0.6186706874826188,0.516318588664158,0.3988365666605897
302,0.32594175126824704,0.32594175126824676,0.016638031060276885,0.007391582065086277,-0.2628060732403413,0.12705953288626665,0.01644770960851513,-0.9563045099858883
303,0.2648936228402732,0.264893622840273,0.013217712819454977,0.06843971049306014,-0.05659730438655942,0.8571404102650084,-0.039885647579664674,-0.5104078735129963
304,0.3287438645193572,0.3287438645193571,0.057860882168581894,0.004589468813976094,-0.6136067198039794,0.08680542242272488,-0.6450210021180819,0.4471012400743242
305,0.28118461274971407,0.281184612749714,0.02497739015606619,0.052148720583619246,-0.39622905635339545,0.3678008114121555,-0.5213578253531438,-0.6602356518462925
306,0.2798988884278011,0.27989888842780103,0.10971859414372918,0.05343444490553223,0.2932676949930663,-0.6465121869892425,0.6799107065181028,0.1836776587119254
307,0.2955335782974035,0.29553357829740345,0.009273213740761559,0.037799755035929805,-0.6319525617293377,-0.37494013256294206,0.6504331457823476,0.19233455119944134
308,0.3087258192633942,0.30872581926339415,0.08025909810041502,0.024607514069939107,0.5975863123310812,0.7058267159951686,0.17162476255890596,0.339476342590488
309,0.3075525314755312,0.30755253147553113,0.019596346623744973,0.025780801857802127,0.4480264470362243,-0.1019013940706616,0.8503254705563703,0.2565833251901622
310,0.3020823347146723,0.3020823347146722,0.02459209061954562,0.03125099861866104,0.38825470350821795,0.33500116555651116,0.8400835763439614,0.17689570101238958
311,0.27765865833434156,0.27765865833434145,0.12960189907105463,0.05567467499899176,0.04908780869877041,-0.6378092129246148,0.1264593309491604,-0.7581542274244252
312,0.33049577150263926,0.3304957715026392,0.05454584055957569,0.0028375618306940575,-0.6991383073231388,-0.3819454086486416,-0.33848663738508866,0.5007495665073453
313,0.3121473483741078,0.31214734837410774,0.015337196785362345,0.021185984959225523,-0.5300119536315759,0.015836062319961135,-0.09014616247414102,0.8430363085472797
314,0.2750146241859291,0.2750146241859291,0.0698530523808658,0.058318709147404224,-0.6483633093172037,0.5827170188048821,0.4732028991363549,0.127062627768135
315,0.32250094287316555,0.3225009428731655,0.0006592209200208486,0.010832390460167762,-0.3416405433392608,-0.8325411440103779,-0.07343828103927738,-0.4298416005399456
316,0.30764200690639076,0.30764200690639076,0.04197787987749105,0.02569132642694255,-0.9171090097824498,0.17837947634197274,-0.3530659158683623,-0.049358744390963286
317,0.330201186683567,0.3302011866835668,0.05222454681582534,0.0031321466497662986,-0.16344171390798987,0.300818555370524,0.7860192292065382,0.5147511769944476
318,0.2810149985644405,0.28101499856444045,0.10284132082844899,0.052318334768892805,0.655515399954875,-0.5602454396699978,-0.37829606040365327,-0.3366254571984219
319,0.3153392523839237,0.3153392523839237,0.0031051632715165464,0.01799408094940963,0.3842091290582535,-0.7162739525458091,-0.23511496813747723,-0.532968968900081
320,0.3209918219656542,0.3209918219656541,0.03464634086669187,0.012341511367679137,-0.3655841423938158,-0.42584788789365696,0.7568421742336532,-0.334950346332059
321,0.3217742582364324,0.32177425823643235,0.03377247702855548,0.011559075096900906,0.10085021101488022,0.43955102681031655,0.42599187033429736,0.7843182110453243
322,0.29922932114619016,0.29922932114619,0.07936297844593478,0.03410401218714315,-0.750417805823112,-0.23682279710344348,0.29322581702754974,0.5429610480543271
323,0.2946715212329104,0.29467152123291007,0.08505946206411676,0.03866181210042291,0.4314851445200041,-0.1271086692032338,0.4834491216805775,-0.7509599876279777
324,0.29616541917109435,0.29616541917109424,0.002845781032422117,0.03716791416223897,-0.520896083858721,0.7411881955734547,0.4230884103931398,-0.017421984795669056
325,0.29761435598037383,0.2976143559803737,0.09760512778369021,0.03571897735295948,0.49056144151623793,-0.4001656950782877,-0.6609095172807978,-0.4030080626335959
326,0.3063856942373397,0.3063856942373397,0.05394105922780905,0.026947639095993625,-0.02053047433549963,-0.6277686064800008,-0.13981090201834204,-0.7654658633920489
327,0.3305865537671553,0.3305865537671552,0.02328805139093251,0.002746779566178026,0.7224960440790271,-0.5754898267082589,0.3694412122157027,-0.10160765897336081
328,0.32163750024726195,0.3216375002472619,0.0028199467567530034,0.011695833086071361,0.2501221532314628,-0.0376119139776903,0.24067653140388098,0.9370693995757134
329,0.3023449659034702,0.30234496590347015,0.023057327917238652,0.030988367429863106,-0.4164405458339776,0.527200740190697,0.2780876501851967,0.6865157755961299
330,0.32989184591363485,0.32989184591363485,0.03272983291772373,0.0034414874196984635,-0.788436525011921,-0.491129256599254,-0.05803187710483801,0.3657761618518618
331,0.27247389292399515,0.2724738929239951,0.08044675934455711,0.06085944040933816,0.37722689675127524,-0.542739293877506,-0.6821157869442327,0.3128130119579413
332,0.2900237804582243,0.29002378045822397,0.07123815633307329,0.043309552875109014,0.05595335385496417,-0.18514763467699072,0.7765353816438184,-0.5996518795277691
333,0.2879149094233015,0.28791490942330134,0.08900726445686351,0.04541842391003181,0.2150409887926138,0.1686985713152128,-0.28996421473982215,0.9171798729505677
334,0.3101922702672499,0.3101922702672498,0.03399437851286815,0.023141063066083434,0.384617178864184,0.8825063933603607,0.1593689788767851,-0.21875470274354172
335,0.28064047510519585,0.2806404751051955,0.1224068860501436,0.05269285822813746,0.7589659632873597,0.005560668730415335,-0.6359337417194302,-0.1397426981179553
336,0.30727731199800995,0.3072773119980098,0.053881343719707445,0.026056021335323365,-0.7544422214817488,-0.28156754928081645,-0.5847678447683324,0.09789390871079913
337,0.2645703141720635,0.26457031417206345,0.08893513795035021,0.06876301916126981,-0.5035963384982055,-0.4099351426917194,-0.27214346458311905,-0.7101280457228943
338,0.32220018484781726,0.322200184847817,0.03588922809889369,0.011133148485516053,0.34330898042820257,-0.9063807536062477,0.23924362704498528,-0.05809785166319486
339,0.32789207268118303,0.32789207268118287,0.0509738581845713,0.0054412606521502815,0.15422711277431175,-0.9723199551018373,-0.13934060206442078,-0.10673377727966658
340,0.32167092148607046,0.3216709214860703,0.006326678065408009,0.011662411847262855,0.4675614666878373,-0.04738298560098949,-0.33076513474826746,0.8183737246388201
341,0.3258605529339495,0.3258605529339493,0.0034537441707129892,0.007472780399383816,0.03291174471926225,-0.6512872648615735,-0.634083615240611,-0.4155474516491008
342,0.294029302933287,0.2940293029332868,0.10430091862764211,0.03930403040004632,0.17649381129667505,-0.8953140138107707,-0.38768846723355,0.13023211440394128
343,0.321531072101037,0.3215310721010369,0.04277185334122267,0.01180226123229633,-0.4263256360287333,-0.047739649951563566,0.6448245858994142,-0.632588832739598
344,0.3127739248946364,0.3127739248946363,0.07953645767627088,0.020559408438696913,-0.1489695307415431,-0.2317969817996371,-0.9234764302164602,0.266963519930882
345,0.3063809586327359,0.3063809586327357,0.05891212874506011,0.026952374700597415,0.124849686978536,0.227918011795969,-0.6489191482390696,-0.7151013037388582
346,0.2899196314664378,0.2899196314664378,0.027016857417442294,0.04341370186689553,0.14672780787821288,0.8189858035980091,-0.522672452179816,0.18586745716374192
347,0.2822957669077807,0.28229576690778063,0.13297159432478595,0.05103756642555263,-0.004913030464224315,0.6936149313418591,-0.17664055919952007,0.6983353793106621
348,0.318552275144393,0.31855227514439294,0.03383327030936471,0.014781058188940321,-0.27422637045558634,-0.247169108746343,-0.9293461047616974,0.004811132148858859
349,0.3169807168212937,0.31698071682129353,0.0038135339584090744,0.01635261651203962,0.5046325225717196,0.14775446427768799,0.6464626545651051,-0.5528116059758098
350,0.3183158025848147,0.3183158025848146,0.0670905439957147,0.015017530748518637,-0.6199524176762116,-0.016245090407184283,0.7783866128454848,-0.09751603867064991
351,0.31303806300171483,0.3130380630017148,0.0028849398164766684,0.020295270331618487,-0.873943386152465,-0.14965880301772677,0.30300179661549526,-0.34930661563653037
352,0.30990570095342784,0.3099057009534278,0.09995562252670141,0.023427632379905472,-0.2907539548075268,-0.31589496899786523,-0.5581475272687875,-0.710030875476101
353,0.32294241839471477,0.3229424183947146,0.03132895046498459,0.010390914938618545,-0.3948878428397889,0.07751583116545956,-0.8226968854927537,0.4015279842010879
354,0.3089688562150363,0.3089688562150363,0.050629292289401336,0.024364477118297034,-0.12415488281764478,0.7330194914797599,0.6397595379061746,0.1948736099151678
355,0.3009499193413007,0.30094991934130055,0.03648988615935866,0.032383413992032595,-0.275881679666773,-0.15764409447334155,0.040486646501299794,-0.9473111789464954
356,0.32009235727172325,0.3200923572717231,0.030815216771394063,0.013240976061610066,-0.009155944750769604,0.997598303151149,0.06836207656846921,-0.006357728597211621
357,0.3113714963223924,0.3113714963223923,0.01685963779645808,0.0219618370109409,-0.4497185498669892,-0.18151371614540346,-0.6822660086912585,0.5471006215872156
358,0.2866169152772348,0.28661691527723476,0.008989303953102509,0.046716418056098497,0.4839046705186005,-0.38635223096741456,0.4728386329099932,0.6268906210054469
359,0.3056443498321062,0.3056443498321061,0.0401273991774301,0.027688983501227116,0.8302324960912401,-0.32780780042247676,0.18120033943642636,-0.41282258344767264
360,0.28920568209725145,0.2892056820972512,0.07681757635872466,0.044127651236081866,-0.44609147966901175,-0.08660293969678781,-0.7498218250299429,-0.4809049316770954
361,0.3038169916942576,0.3038169916942575,0.003040305472888761,0.02951634163907574,-0.2633415426207706,0.08179364918196759,-0.8376904460201257,-0.4714188663282506
362,0.2982911739868416,0.29829117398684146,0.041185677708442725,0.03504215934649174,-0.2779613688603789,0.8547779222122937,-0.1252823218932786,-0.4199958582423495
363,0.23967310362958097,0.23967310362958089,0.16608318844430423,0.09366022970375235,0.636724375913065,0.3139200459645156,0.41166108395462614,0.5714642821883591
364,0.2874217681461902,0.28742176814618997,0.049194453018533243,0.04591156518714312,0.9510618472128127,0.014849769664379073,-0.2719833113917984,0.1458969685820078
365,0.2594963624455012,0.2594963624455012,0.10658986628306563,0.07383697088783209,0.6422667769956677,0.4420469080029083,0.1762826888203459,0.6008430176967481
366,0.32874787205833067,0.3287478720583304,0.058082230601918715,0.004585461275002645,0.05453853935258185,0.3874555823843685,-0.13946340636312565,-0.909644808532468
367,0.27315668935648924,0.2731566893564892,0.030809496225313978,0.06017664397684408,0.6872352746164987,-0.2929860580225922,0.015313405832916285,-0.6645542466412837
368,0.3031974240848361,0.30319742408483596,0.03373583608171132,0.03013590924849724,-0.5603669466587959,0.44697179288091515,0.5849083412478077,-0.37958837416319385
369,0.3241281719305506,0.3241281719305504,0.03449194025901119,0.009205161402782713,0.7418169802452457,-0.619827047983685,-0.13004370515916666,0.220478192019372
370,0.30011997620400405,0.30011997620400377,0.020373680012767254,0.03321335712932927,0.5076583915061755,0.1433365470258359,-0.0637727538591849,0.8471544296557084
371,0.3279079027989371,0.32790790279893683,0.05430036243156445,0.005425430534396203,0.6590850638743496,0.25739620821253,0.010414898752848336,-0.70657313878998
372,0.30992973972861215,0.309929739728612,0.08491695142521044,0.023403593604721162,-0.4237493778763995,-0.2749185692383543,0.5056161452769924,-0.6994344563091925
373,0.2808310267604438,0.28083102676044364,0.10212035245611616,0.05250230657288951,0.000979321711262244,-0.36165571430129373,0.7209221450720477,0.5911644830222164
374,0.3150260117513472,0.31502601175134715,0.06455264657365095,0.018307321581986113,-0.16995227109953676,0.8769308316527418,-0.1877611006722882,0.4084780423955138
375,0.31011924133036645,0.3101192413303663,0.04188711859549115,0.02321409200296687,-0.31878509609942185,0.5982697766243861,-0.2097403108811913,-0.7045979980628322
376,0.29356568627562407,0.29356568627562396,0.0013267502869993137,0.03976764705770924,-0.697295297818205,0.40529243949522653,-0.19125018559662119,0.5594110051097376
377,0.3138439214400323,0.31384392144003215,0.06099379832170096,0.019489411893301,-0.5570343168643618,0.6192045966076577,-0.5162083320158911,-0.19956802181906097
378,0.31310375973659244,0.31310375973659227,0.07997066355423191,0.02022957359674088,0.15849221919315334,0.23779382529349258,0.924415819318535,-0.2525662410164094
379,0.30763176763248,0.30763176763247985,0.05287668765529431,0.0257015657008533,0.18292146627958916,-0.6212768567364227,-0.15006009371217344,-0.7470185892820402
380,0.29298631403421505,0.29298631403421477,0.015406937174274033,0.04034701929911827,-0.6960522812579978,0.20291918303699155,-0.1135180955629668,0.6793001316729551
381,0.31537437545597163,0.3153743754559716,0.013211251033530283,0.01795895787736168,0.5879270817358766,0.08793027769357747,-0.2285711381724118,0.7709508723782823
382,0.275514479985667,0.2755144799856668,0.06413684615433775,0.05781885334766629,-0.21174437777807908,0.06208582565591228,-0.6601415545283501,0.7179991620586275
383,0.3126699242390254,0.31266992423902523,0.08725970774130623,0.020663409094307916,-0.2082174043660147,-0.451662900476372,0.34942464865981265,0.7940708732608929
384,0.3147438564371281,0.3147438564371278,0.03543467614373729,0.018589476896205215,0.5859611902211361,-0.029329614940413674,0.3902723931312143,-0.7095609321275456
385,0.28760887089523124,0.2876088708952312,0.09212169265699953,0.045724462438102076,0.5510156197043864,-0.11821090217123423,-0.734775599773262,-0.3775086587450636
386,0.3101743325843702,0.31017433258437005,0.04267883843583262,0.0231590007489631,-0.3340082277443487,0.5710650719028308,-0.2379473219882913,-0.71112886273185
387,0.318811790334154,0.318811790334154,0.026154105204514815,0.014521542999179293,0.8409971962562113,0.4950659178925435,0.17383057760014436,-0.1319711450340765
388,0.31757907939212937,0.31757907939212926,0.037316213606487555,0.015754253941203944,-0.16927137789042537,0.25757539606794094,0.2218690369507321,0.9250817512036842
389,0.26341457668019713,0.263414576680197,0.10883198198255896,0.06991875665313618,0.21445306913544868,0.5603728964931508,-0.289001414821455,0.7459693561034931
390,0.31880628773572744,0.318806287735727,0.0016281065428484056,0.01452704559760587,-0.23832821522285907,0.33859588919585176,-0.8870790242866408,0.20406687707469445
391,0.3152454930561487,0.3152454930561487,0.012350452197517308,0.01808784027718463,-0.30275278844754555,-0.13436159098934952,0.5342366210083005,0.7777396381358481
392,0.3270080778958577,0.32700807789585756,0.06336491067946085,0.006325255437475641,-0.616924762260534,-0.7093378268756272,0.33220933895111404,0.07668533227945246
393,0.3175649287421977,0.3175649287421977,0.018818411662588668,0.0157684045911356,0.25949229079242414,0.05922831408320704,-0.9125055996813148,-0.3106272498999482
394,0.29145548086206474,0.29145548086206463,0.05257374378391855,0.04187785247126857,0.436787397008425,0.6195850764606662,0.21425995748383314,0.6159738415394448
395,0.27771047085722744,0.27771047085722733,0.048150419955239346,0.05562286247610587,-0.0513408674126035,-0.7640662920254783,0.14565507918512338,0.626379609048166
396,0.3237458123822994,0.32374581238229927,0.05073381539603177,0.009587520951033934,0.4126785495531391,0.40780609807793533,-0.720085843565284,0.38061395009384485
397,0.32680349294378436,0.32680349294378436,0.040561128300656946,0.006529840389548958,-0.716124549391711,-0.11157184563220406,-0.6408586649514464,0.25301684643002054
398,0.2759340267569592,0.275934026756959,0.11390238363826119,0.0573993065763741,-0.10349631623190429,-0.6258483637933534,-0.3992426741442597,0.6619725260203392
399,0.2992342644481655,0.2992342644481654,0.11320017466777446,0.03409906888516784,-0.763024963137964,-0.5303182066761405,-0.06148942517042468,-0.3643824308172964
400,0.2955328261698782,0.2955328261698781,0.01403409669221723,0.03780050716345512,-0.5396311946190971,0.641117921141085,-0.05610811117616445,0.5427871266398483
401,0.2795076574892446,0.27950765748924455,0.13934535217265587,0.053825675844088705,0.29730649511523066,-0.7344897621513502,0.5170851575121126,0.3236612073416031
402,0.2703622061210158,0.2703622061210157,0.13556547644741618,0.06297112721231751,0.5221110784182735,0.19548386484052316,0.5522512779618809,0.6198424044621251
403,0.33103398069102136,0.33103398069102125,0.047249567363760146,0.002299352642311958,0.4583517975781026,0.1395417769392158,-0.7872325104486156,0.38820960400064614
404,0.3270624057888768,0.3270624057888768,0.021382192115378132,0.006270927544456517,0.2989473191299943,-0.07275088244635683,-0.9490439762218461,0.06821539918005144
405,0.3254463317904978,0.32544633179049764,0.009897585712585078,0.007887001542835503,-0.1799844233983507,0.961487031112808,-0.12057063471509057,0.16914791863999254
406,0.29275418917733625,0.29275418917733614,0.12049917702464917,0.04057914415599706,-0.822847821245346,-0.48140486445758507,-0.1342241696422314,-0.27047124030516617
407,0.2853060282391736,0.2853060282391735,0.1312458246234165,0.0480273050941597,0.8330174291214067,-0.0038907887122805367,-0.1690587400908261,-0.5267693678850933
408,0.3236026750553539,0.3236026750553538,0.008024550767516937,0.00973065827797942,-0.5414402983517883,0.7787252219501389,-0.12332800664509772,0.2919240223009749
409,0.33094463339641844,0.3309446333964183,0.05337799568121528,0.002388699936914873,0.7428849119889851,0.6536612358986429,-0.14356664443543943,0.015414760073536158
410,0.28550188038886165,0.2855018803888616,0.07321529021862198,0.047831452944471664,0.5420766166101814,-0.5529322385299552,-0.5628017918083991,-0.2892628985126967
411,0.31232245374939144,0.3123224537493912,0.055688720502773875,0.021010879583941877,-0.8017732395662578,-0.2395372710939739,-0.5323992157646327,0.12779922975309524
412,0.298909346713145,0.29890934671314484,0.0497655673912922,0.03442398662018831,-0.3592794845041808,-0.044965355828260625,-0.7810642053512157,-0.508758366917658
413,0.24688151020871602,0.246881510208716,0.1302085020537173,0.0864518231246173,-0.08328884234697197,-0.7686795928967047,0.3935228624608324,0.497327265415129
414,0.2900934592585124,0.2900934592585121,0.07737596363977504,0.04323987407482094,0.19867898490046176,0.10941432686484695,-0.5987846424855664,0.768122462865829
415,0.32822749381335725,0.32822749381335714,0.02864399630852954,0.005105839519976063,-0.7760976525992953,0.5731667197822998,-0.004966022260041499,-0.2629214399526497
416,0.3271230611731269,0.3271230611731266,0.05716891359157089,0.00621027216020642,0.7709359302896552,0.12015836820878537,-0.5279463535126532,0.33539887559519116
417,0.30801726296234977,0.3080172629623497,0.04925214361680374,0.025316070370983546,0.46761873948354205,0.3086535842570011,0.7087372868489878,-0.428669030417483
418,0.3243207912181771,0.3243207912181769,0.021798674054668194,0.00901254211515623,-0.17159907815981115,-0.8387839052447371,-0.37870885159701484,-0.3515322494440036
419,0.30616788259438493,0.30616788259438477,0.019546521040615047,0.027165450738948382,-0.530206229534329,0.7624717370411381,0.33393909144877393,-0.1612541087192117
420,0.31310499232274197,0.31310499232274197,0.015701386535142445,0.020228341010591344,0.41625248324127095,-0.4497004789597224,0.2763103170344279,0.740375552080973
421,0.29924730020954704,0.299247300209547,0.0491112508617272,0.034086033123786275,0.9468004800923684,0.24800690403079942,-0.104249769406831,-0.17661656782006982
422,0.2861397634858051,0.286139763485805,0.03791863690271012,0.047193569847528205,-0.9858262431521936,0.04662127878585023,-0.08366529215747233,0.137743216039879
423,0.32798099593960867,0.3279809959396085,0.012227367782357007,0.005352337393724649,0.20653189805590175,0.017866981009094726,-0.4395250867632232,-0.8739811463531857
424,0.2984928838021707,0.2984928838021706,0.04521054420536461,0.03484044953116261,-0.36729848778223223,0.004051527810873259,-0.638938287921878,0.6758944223935737
425,0.3192852620563711,0.31928526205637076,0.06375359965201068,0.014048071276962226,-0.8366971237079613,-0.08599181985083361,-0.5221971910251595,0.14090217806336222
426,0.3252431972132495,0.3252431972132495,0.027232580933587693,0.008090136120083802,0.4419238553095299,-0.22108116340619566,-0.38338417795288326,0.7802839210125483
427,0.32751386244369046,0.32751386244369046,0.07553716663281593,0.005819470889642853,-0.5772069783524216,0.16254483275645487,-0.6719901597583435,0.43455782891739425
428,0.2554121655628876,0.2554121655628875,0.13498415658386836,0.07792116777044572,0.7648905516860106,0.3277561069423716,0.5019177084700384,0.2357901444667198
429,0.3240754559850222,0.3240754559850221,0.03927758249939152,0.009257877348311128,-0.2727382782072962,0.2799431284324142,0.465262320302403,0.7942144859865102
430,0.3311182601941854,0.3311182601941854,0.04646820230087501,0.0022150731391479273,-0.550016764876373,-0.051497131195354574,0.690677410047698,-0.46668438915757726
431,0.29510516523828967,0.29510516523828956,0.05706972940374662,0.038228168095043646,0.18219086465718262,-0.5909613864479479,-0.7825847808136709,-0.07163930067920864
432,0.3286620332209469,0.32866203322094667,0.009177912120418262,0.004671300112386423,-0.02134750187222765,0.6473828382480951,0.42612522921253876,0.6315512916099669
433,0.308590724636049,0.3085907246360489,0.08755196431963676,0.02474260869728434,0.679682826608059,-0.04778939406627787,-0.7293446917941194,0.061674545645658024
434,0.2790686808334798,0.27906868083347963,0.07759881882702568,0.054264652499853516,-0.30495360749607653,0.4238080058084762,-0.7826422342166183,-0.3389117948791272
435,0.2703081198092144,0.27030811980921426,0.12515735633359618,0.06302521352411894,0.16359281959059993,0.2543572054818404,-0.44312254349451724,0.8439088889476256
436,0.3280711669355058,0.32807116693550575,0.006994404858266419,0.005262166397827506,-0.4054909017194586,0.8912311821991953,0.13381796014572625,0.15289493791817324
437,0.316749479641418,0.3167494796414178,0.039363982414334954,0.01658385369191534,0.6733849350091446,0.06071227589101626,-0.1914374871140542,0.7114902932481366
438,0.31485470917275654,0.3148547091727564,0.020212389110649022,0.018478624160576773,0.33744313645390217,0.051415626633516516,0.8940636013394568,0.2900669573701163
439,0.2977184752512019,0.2977184752512019,0.03201941687773014,0.03561485808213144,-0.29459840035677576,-0.3019077040252612,-0.48792186909707824,0.7641961596437382
440,0.31421815755324795,0.3142181575532478,0.013961880805071837,0.01911517578008537,0.16430926984977126,-0.015527663480968934,0.6519510423168778,0.7400818832603546
441,0.32943445996495313,0.329434459964953,0.018826375683015796,0.0038988733683801846,0.7213515370808753,0.008921157238812483,-0.4628008795771157,0.515157955162518
442,0.3321813576101715,0.3321813576101713,0.05582271567510365,0.0011519757231618355,0.21967741738014707,0.19220495181405428,-0.190028515699078,-0.9373837271963659
443,0.3097389008384147,0.3097389008384146,0.06170882007449434,0.023594432494918605,0.7868203543775592,-0.5287230336017982,0.08755870431206288,-0.3061031802763194
444,0.3211279984188126,0.3211279984188126,0.016432164640402813,0.012205334914520694,-0.10618751674561175,-0.061510012053737344,0.6415386543956119,0.757211254948589
445,0.3295922653547079,0.3295922653547079,0.011643993148833149,0.0037410679786253898,0.3982954394482864,0.34788279645871517,-0.07866160493880153,-0.8450743486529527
446,0.28255942411089224,0.2825594241108922,0.11825375369680109,0.05077390922244107,-0.35908592629101,-0.7291768482104822,0.4541641059914337,0.3648196628507794
447,0.3315954161553054,0.3315954161553053,0.05094389974787487,0.0017379171780279035,0.08460849006437618,-0.971380649784796,-0.06821695511683236,-0.21120483817204969
448,0.29576544746113276,0.2957654474611327,0.03899756976810519,0.03756788587220056,-0.22018046094844218,-0.7990301418517204,0.537983969544444,-0.15376815516274453
449,0.2701075424702575,0.27010754247025737,0.11046534420962596,0.06322579086307584,-0.6211233639998838,-0.27605535183147867,-0.6787744379815001,-0.27796487505000567
450,0.2913437868041118,0.29134378680411155,0.032911816759915835,0.04198954652922149,0.30079255481236955,-0.643793462794494,0.6280105169806681,-0.31726425388656077
451,0.3080970221762138,0.30809702217621376,0.049649544361504386,0.025236311157119495,-0.5790142724232423,-0.03459853991817772,0.24288313364498768,0.7775301902540536
452,0.30087930963196635,0.3008793096319663,0.05069340925805348,0.03245402370136696,-0.3914282301050939,0.02134078094107572,-0.6260082361799298,0.6741232824791857
453,0.31384411235398635,0.3138441123539863,0.03433052911478922,0.019489220979346966,0.2716698169488593,-0.8661315804574451,0.2649619010635909,-0.32527955189041535
454,0.3049239560262538,0.3049239560262537,0.023782183660342095,0.028409377307079542,-0.40633030366717027,-0.2920003013498269,-0.8532564020464317,-0.14691841511578316
455,0.3202069035447494,0.3202069035447493,0.08918259640594768,0.013126429788583915,0.453506419106216,0.37257139612603524,-0.5972364010400666,0.5466545196839253
456,0.3181097200053053,0.31810972000530513,0.006221761228389303,0.015223613328028018,-0.45170547071089007,-0.004036860397709124,0.11136892239707158,0.8851795493639116
457,0.31389255180315956,0.3138925518031594,0.004183751228346404,0.019440781530173756,0.3812366252637372,-0.47731410525287826,0.7770342318365141,-0.15181463380846963
458,0.30177806114106764,0.3017780611410675,0.09528453419831254,0.03155527219226567,0.49018684532020645,-0.28904130842258746,-0.4867392533551317,-0.6627645720341965
459,0.32858179620779854,0.32858179620779826,0.015714642940123418,0.004751537125534777,0.6672336491137504,0.6653615341635053,0.09780095294620465,-0.3202003434550774
460,0.2699261301073263,0.2699261301073262,0.12117139833949667,0.06340720322600701,-0.7289221123076965,0.07061748186898426,-0.3770946930440444,-0.5669967530077994
461,0.3250338984987524,0.3250338984987524,0.05170225999793563,0.008299434834580899,0.4499625117002439,0.4417000200271122,0.22799119127215411,-0.7419264431699146
462,0.3200114878372137,0.32001148783721367,0.0060983383763288075,0.013321845496119589,-0.8613012909489104,0.42919385684199646,-0.09932884829959444,-0.2531531144471828
463,0.3070824216286662,0.3070824216286661,0.04065038611165697,0.02625091170466709,-0.4006666777069803,-0.10251644978656599,0.29906067772163686,-0.8599530812428575
464,0.3204839863848584,0.3204839863848583,0.011893914177868798,0.012849346948474893,0.39606861659777653,-0.14461949285591205,-0.8793155370336915,0.22140243802535928
465,0.31343995429233523,0.31343995429233495,0.07844643981905701,0.019893379040998083,0.813095415748775,-0.558856090849141,-0.14875895923482055,0.06653184693450503
466,0.2931224512456335,0.2931224512456334,0.1063073248665458,0.040210882087699795,0.537318821195927,-0.36718059111213364,-0.4656380319095406,-0.5997066959260781
467,0.31068196804031856,0.31068196804031845,0.02675958696924737,0.022651365293014758,0.4025444719351663,-0.5286808145059491,0.744087282228596,-0.0692001511084055
468,0.3183891075631835,0.31838910756318334,0.003777123431699474,0.01494422577014981,-0.39708246932645747,0.3345131460419984,-0.24960186366637888,-0.8173893670295437
469,0.33167912085035856,0.33167912085035844,0.05275515114012419,0.0016542124829747595,0.7332569108950695,-0.6501890233700053,0.0995544285464927,0.17227144937731254
470,0.26788453346179547,0.2678845334617953,0.06493615184226417,0.06544879987153784,-0.4088084234864777,0.3663940064076645,-0.07712564499757149,0.8322756393399662
471,0.3149182077173888,0.3149182077173887,0.0029238242670358242,0.018415125615944494,-0.2238389934432797,0.5486059041471181,0.7526366148778939,0.2871685792254562
472,0.32227271153511855,0.32227271153511855,0.000718368195519875,0.011060621798214765,0.12285446953815721,-0.4611790524570177,-0.8254321195141212,-0.3014672071117702
473,0.29031519624978336,0.2903151962497831,0.08420387634170465,0.04301813708354996,0.5757890585235768,-0.5581119554586035,-0.36326684283076505,-0.4743576774528641
474,0.3075436197165967,0.3075436197165967,0.08228810342453484,0.025789713616736598,-0.36146388349799996,-0.8653573740680497,0.25513424897228054,0.23538689656381528
475,0.32777680438421286,0.32777680438421286,0.02518010135169646,0.005556528949120454,0.626773985109563,-0.07097647256290557,-0.2975767360573803,0.7166343545280541
476,0.2995494203871906,0.29954942038719046,0.006739561193980017,0.03378391294614269,0.3671411407143234,-0.6483933249666559,-0.6303156520257804,-0.21793498513314727
477,0.29376734897960877,0.2937673489796087,0.035648737443413986,0.03956598435372455,0.38136375420199364,-0.7733585398613816,-0.5054534062652226,-0.03154536256435874
478,0.3096383447633838,0.30963834476338375,0.014254934859263376,0.023694988569949504,-0.8971166468462971,-0.20967862677010496,0.30377310623804116,-0.24277251770649672
479,0.2945019482639683,0.29450194826396825,0.11749421957090511,0.03883138506936501,0.7507149355181483,0.13446125087509736,0.635728935004795,0.11914687910623444
480,0.30827440528963895,0.3082744052896389,0.08335942161329242,0.025058928043694362,-0.4207756107020989,0.33004604037115787,0.7368383860656829,0.41362626789617163
481,0.32003230797796894,0.3200323079779689,0.06920527225787103,0.013301025355364371,0.32748515493373237,-0.4986835523596439,-0.620227140030435,-0.5092999928074443
482,0.3248812473819147,0.32488124738191443,0.00779811138254474,0.008452085951418609,-0.23569477717721113,0.168024395454081,0.9126683090963539,0.2885348022594109
483,0.27246130818277037,0.2724613081827702,0.03722566026037588,0.06087202515056295,-0.14123270012066935,0.7527591811539027,-0.5388583211093664,0.35076865506530924
484,0.30582232025918304,0.3058223202591829,0.06456024832277597,0.02751101307415027,0.19509486751665445,0.07277602158731122,0.2733040168019445,-0.9391200976182463
485,0.27225686823555034,0.2722568682355503,0.08840224369486938,0.06107646509778297,0.37466287368153034,-0.5660739577679332,0.5947922209171072,0.4305928696090323
486,0.29964103813396736,0.29964103813396714,0.06923979981163388,0.03369229519936595,0.20396159702727013,0.13378785464408285,-0.14441846489372306,0.9589805961986716
487,0.32178270522452623,0.32178270522452596,0.021645682020032305,0.011550628108807082,0.13183104056397177,-0.2922559427403723,0.9321826550565627,-0.16805516442065632
488,0.3283463365525626,0.3283463365525624,0.06409086807175378,0.004986996780770692,-0.5350546920151962,-0.38371360440746954,0.6103111664061814,-0.44045502211358395
489,0.2797607327113332,0.27976073271133317,0.022004851418406118,0.05357260062200009,0.5728909512946088,0.4494621916217752,-0.5902436138984368,-0.348413794904022
490,0.3201918900550281,0.32019189005502796,0.044370894039771576,0.013141443278305187,0.07643305839015112,0.3488787382416785,0.9263932093176787,0.1193198865156761
491,0.2857138922239975,0.2857138922239974,0.11198737367167655,0.0476194411093358,-0.09383549034278392,0.37741393546125973,0.8376927050282666,-0.3834378098390909
492,0.294890122104174,0.294890122104174,0.06407101743410887,0.038443211229159335,-0.6865779276483419,0.0761437427797935,0.11469819059661604,0.713902797848177
493,0.31746149363053483,0.3174614936305347,0.08727890805802152,0.015871839702798485,-0.03090601167948617,-0.828591855051512,0.013725314373963158,-0.558830897436512
494,0.26348132569696275,0.2634813256969627,0.13839695624149143,0.06985200763637056,-0.20605400593682552,0.33151133818002465,-0.21005099252435908,0.8963930833261754
495,0.31666301770247873,0.31666301770247873,0.02128054257291358,0.016670315630854582,-0.4512626368147766,-0.8364945786117531,0.054419299977622286,0.3060676270990876
496,0.2991197861758448,0.29911978617584467,0.003222208043490746,0.03421354715748853,0.6449460851054358,-0.5890732023699378,-0.4331429307481139,0.22231624119648277
497,0.29985358062255657,0.29985358062255635,0.08407128218652025,0.033479752710776745,-0.3656396707926536,-0.43289410461981837,-0.6892322451023972,-0.45151881205455296
498,0.2987235148988706,0.29872351489887056,0.07387915749089763,0.0346098184344627,0.8501804127737064,-0.11731315604198092,0.06492094386060011,-0.5091327530258184
499,0.3176532042501327,0.31765320425013266,0.0031978373953219646,0.0156801290832006,-0.4472280701381571,0.012471645342851194,0.15090743706516863,-0.8815091926811451
500,0.31444246054763025,0.31444246054763014,0.006071037609027684,0.01889087278570306,-0.47494743195048156,-0.22956597445389024,0.3471204134770336,0.7753913971693339
501,0.2805996725190252,0.28059967251902496,0.04977346619972884,0.052733660814308136,-0.38898207744857494,0.46493136956297065,-0.5043118754338286,-0.6149807292236935
502,0.3229235349815614,0.3229235349815612,0.033294942621964675,0.010409798351771915,0.1363989906332896,0.6195598805383858,0.5963330327193651,0.4918615494925431
503,0.3133723218578999,0.3133723218578999,0.03189366990677469,0.019961011475433388,0.49362212231487335,0.051791445034391995,0.3105414836415372,-0.8106903437936848
504,0.31267243515788157,0.3126724351578815,0.02298813887079158,0.020660898175451747,-0.024818601229040352,-0.9943431533531483,-0.05564605535221484,0.08700141916365364
505,0.29563130051107633,0.2956313005110762,0.06362751484317995,0.03770203282225698,-0.2763558812005187,-0.7492388599108328,0.5975671890305159,-0.07198619534027342
506,0.3320756505782828,0.33207565057828276,0.05548912653861764,0.0012576827550505043,0.10805082539283292,-0.49527950655266695,-0.6351799151259332,-0.5827260977007008
507,0.28750635188229756,0.28750635188229745,0.07282111779778473,0.04582698145103575,0.38967322774000673,0.3870192183408261,0.3351115188597021,0.7655528526137725
508,0.2352184726618879,0.23521847266188783,0.14715666166003097,0.09811486067144543,0.7574351238894569,-0.06994144851584434,-0.5367544281121193,-0.36509575563145114
509,0.23292672603800102,0.23292672603800102,0.1540173366517452,0.1004066072953323,-0.17621559338331058,-0.6203332667389484,0.6174124739415808,0.4504847831468774
510,0.2663587749314349,0.2663587749314349,0.04620044248875214,0.06697455840189842,-0.441037948730537,-0.4099080354581731,-0.16848350188357572,-0.7804320853472316
511,0.3182060047428109,0.3182060047428108,0.008755730284240714,0.015127328590522404,0.4096528253397697,-0.09078412892349276,-0.556225003475976,0.7173259720203201
512,0.3046064744087513,0.30460647440875116,0.03173325580325253,0.02872685892458199,0.36366154564384146,-0.10987335327648198,0.43263700915420866,0.8176205383732815
513,0.3056118762867681,0.30561187628676795,0.01689593163835756,0.0277214570465652,-0.40947915186325884,0.7971348846270353,0.4320391867846176,0.10121729586624871
514,0.2822464270146545,0.2822464270146544,0.0972428550129093,0.05108690631867879,-0.3117790231128104,-0.5594539360650771,0.7499190602268915,0.1656095929483865
515,0.27717700287513836,0.2771770028751382,0.029666269463243508,0.05615633045819496,0.10987469111580038,0.6861708474488801,-0.6274824681454424,0.3512305119627239
516,0.32620242610536826,0.3262024261053682,0.0012009890495662296,0.007130907227965055,0.16970863593423888,-0.22231866059911856,-0.369955410696777,-0.885949426397993
517,0.3017497434687053,0.3017497434687051,0.033458358461437285,0.031583589864628,0.9129195936536177,-0.15588934937498905,-0.03360846743003613,0.3756950853974006
518,0.30255262166493174,0.3025526216649315,0.10276877563007643,0.030780711668401572,-0.7997749223387893,-0.04719883734335509,0.08664864012521262,0.5921354207576763
519,0.3254839972928595,0.3254839972928593,0.00455507594065299,0.007849336040473831,-0.09848257860610704,-0.07990345709897645,-0.34519868242259777,-0.9299217649396246
520,0.29778284165577695,0.29778284165577673,0.07542871883957579,0.03555049167755636,-0.1505632926574187,0.9370440528918672,-0.2692494688848173,-0.16365775676509706
521,0.28420245701176633,0.2842024570117662,0.01805950627890713,0.049130876321566985,0.12425339162566472,-0.5660533589100423,0.7602154748087924,-0.2936275215258617
522,0.2874020219094416,0.28740202190944153,0.05629492673019659,0.04593131142389173,0.6627417680983918,0.2992780582586633,-0.06016308302364209,0.6838028927284763
523,0.32752827063518747,0.3275282706351873,0.031407625350556814,0.005805062698145846,-0.5544692838063633,0.23798288852171137,0.46792617749301996,-0.6457345046556613
524,0.3163691504746465,0.3163691504746463,0.01497701445338653,0.016964182858686838,0.5178622391840323,0.08162838369137163,-0.31313356046754987,0.7918982772503989
525,0.3312807522834254,0.33128075228342535,0.04437595380046505,0.002052581049907909,0.7357700156693131,0.32614296930542697,0.33358106414209765,-0.49091437263584337
526,0.32291878072035357,0.3229187807203535,0.027074526288428574,0.010414552612979744,0.8113659974943195,-0.1776754892995105,-0.2234059777707912,0.5101043106154898
527,0.318044489625742,0.3180444896257418,0.03589425542686842,0.015288843707591315,-0.8625832928419951,-0.19182484396488914,-0.4242474452931642,0.19790754737990854
528,0.30297664517184625,0.302976645171846,0.004056830166929217,0.030356688161487067,-0.4337406153209306,0.3602199458717971,-0.3774277768646899,-0.7346148259245234
529,0.32156599476706593,0.32156599476706577,0.03070420051690532,0.011767338566267382,-0.8912164668448453,-0.20008203938110372,-0.20837125914982202,0.3496881540773249
530,0.32664845733842485,0.3266484573384247,0.02549197684145956,0.006684875994908468,0.5240105919058852,-0.1731764682093361,0.8336323515119448,-0.02190691538419217
531,0.3193583393348469,0.31935833933484675,0.012653169004719878,0.013974993998486396,-0.42273844772335545,-0.7539839702460647,0.3123335677394966,-0.3940153802728347
532,0.32157589769454137,0.32157589769454137,0.004732477247073382,0.011757435638791947,-0.24895040607375274,0.26255067566123647,0.3487512078448677,0.8645596758190193
533,0.316432684313783,0.316432684313783,0.029060378754319098,0.016900649019550296,-0.5866378341826779,-0.6350257440387826,0.2412015797628925,0.44093100801977225
534,0.28333616452087024,0.28333616452087007,0.10575950107545079,0.04999716881246308,0.23141551811272293,0.7049015145791933,0.33033030858538115,-0.5834745923778228
535,0.30012035870267756,0.30012035870267734,0.04327515582850952,0.033212974630655756,-0.5898884809774171,0.17491962641994818,-0.2863115882288205,0.7344796653067746
536,0.31275211223058724,0.3127521122305871,0.0009189375572015403,0.020581221102746072,-0.45399124351592646,0.6585317196970601,-0.568590129185694,0.19218009771121256
537,0.3088778169671803,0.3088778169671803,0.0011577367527713096,0.024455516366153007,-0.04931551768700353,0.4055916746513158,-0.8792186843931343,0.24502628059620507
538,0.22637816422747462,0.2263781642274744,0.18030753028732235,0.1069551691058587,-0.09251871059079068,0.46880477733632764,-0.31405801032003927,0.8203840168427661
539,0.3225450264221454,0.3225450264221452,0.01802014223146416,0.010788306911187928,0.46835920720410446,0.7858007621904698,-0.08423339843160654,0.3950462628056135
540,0.3134497467000496,0.31344974670004955,0.026262539232761277,0.019883586633283712,0.465205965640971,-0.1479564459286106,-0.8727417983779436,-0.003748733687350575
541,0.32957692650537407,0.329576926505374,0.0065358242351988265,0.0037564068279592466,-0.6218289521720963,-0.5770958445887573,0.4773655053358758,-0.22893517579080275
542,0.2766961474242353,0.27669614742423526,0.10897399438247873,0.056637185909098,-0.15081493922245928,0.526337997419003,-0.05077296531051425,0.8352516223114186
543,0.3257006879968047,0.32570068799680446,0.0051169977859085196,0.007632645336528632,0.6178206571257817,0.5200577590411702,-0.5780399996648179,0.11707827158461426
544,0.3093536317370884,0.30935363173708796,0.0729496967246649,0.023979701596244907,0.11673428519478903,-0.40400141487825497,-0.9071589223597984,0.014786920552939144
545,0.2777063572059459,0.2777063572059457,0.08358958848656102,0.05562697612738743,0.2273055168680693,0.7766682664218372,0.5872705681992125,-0.015227792407703047
546,0.2710042432253863,0.27100424322538624,0.10726043136456612,0.062329090107947016,-0.21762534113597937,0.5277402161441173,-0.6223574860929179,0.5355377061082743
547,0.31621201839582874,0.3162120183958286,0.00979115864164028,0.017121314937504573,-0.5912487808308851,0.2876385164840099,0.6269086807260663,-0.4179407482301443
548,0.32484741771426884,0.3248474177142687,0.09141959951011672,0.008485915619064477,-0.1517089922558527,-0.33146455410018183,-0.6467080407439434,-0.6699883141376507
549,0.274416921061355,0.27441692106135485,0.047968952480377025,0.0589164122719783,0.19622678921217707,-0.6379027533540216,0.6440829701912179,-0.3738077740878282
550,0.2937010445831886,0.2937010445831886,0.0839969979714495,0.03963228875014474,-0.4134728373524858,-0.1490626916222468,-0.40807602263096177,-0.8001840328897537
551,0.26915652649716404,0.269156526497164,0.14212003349482286,0.06417680683616928,-0.09326341871086856,0.816980319472281,0.5462809618330554,-0.15944341649652027
552,0.32284035265728717,0.3228403526572871,0.02909427757290526,0.010492980676046149,0.7149731069465706,0.47610058927126675,0.3802088376393637,-0.3429036672589611
553,0.3161058572684043,0.3161058572684041,0.007091826226809116,0.017227476064929026,0.5510163883018295,-0.4614665531891866,0.24434449938037736,0.6509418758484138
554,0.3099453609640267,0.30994536096402664,0.06471891374419084,0.02338797236930662,0.3925281599883995,-0.34966948035506956,-0.7709542805337859,-0.3595586119827607
555,0.32582161502289425,0.32582161502289414,0.04013302302538493,0.007511718310439064,0.745459951355086,0.6578209281468905,0.08575130219977038,-0.06486756962211603
556,0.3066000425452115,0.3066000425452112,0.03480681072504204,0.02673329078812181,-0.18320441117247943,-0.164780863031944,-0.3156583490533755,0.916320477550453
557,0.3148524731593905,0.3148524731593905,0.03138024847092404,0.018480860173942792,0.21346007952991997,-0.9648912634401786,-0.10725742876260863,0.10915808792357107
558,0.2733962968823344,0.27339629688233436,0.04910045491064567,0.059937036450998904,0.5954658858929593,-0.4794627022656715,-0.18274820363577604,-0.6181739156108982
559,0.2840598434874724,0.2840598434874722,0.008039682564626432,0.04927348984586094,-0.010219664249592988,-0.10259864929863373,-0.7807976447900452,0.6162175861779993
560,0.30957519461286276,0.3095751946128627,0.029066453171588878,0.023758138720470556,-0.17862657750445066,-0.12010337218051523,0.7662824967794647,0.6053749754733381
561,0.3046924142815911,0.30469241428159094,0.05466341712309446,0.02864091905174221,0.4014094503925189,-0.5398337303555799,0.7379755688108157,0.05331094206922229
562,0.31586117490138915,0.31586117490138904,0.021806271687349846,0.017472158431944163,-0.32969819192155353,0.2335865571571844,0.439841768204038,-0.8020446630345827
563,0.32451000495292703,0.32451000495292703,0.0012637459195015488,0.008823328380406281,-0.6932753650671025,-0.5833219414214542,0.16882574853498056,0.38807556928900444
564,0.2712582689484114,0.27125826894841126,0.02313344496828761,0.06207506438492194,-0.03967879374440021,0.06259893214420306,0.6706435389074212,-0.738067890334707
565,0.3066158423609888,0.30661584236098854,0.04847469627740328,0.026717490972344493,-0.293355140016021,-0.7611399068747036,0.16109900195136864,-0.5555681016394131
566,0.31994490803127407,0.31994490803127396,0.013419799182130576,0.013388425302059248,-0.894995116691118,0.001407733241164816,-0.29832051843255936,0.3316423188742698
567,0.2715151365455028,0.2715151365455027,0.101717478318939,0.061818196787830515,0.32778646357134944,0.5538718447044952,-0.7215864802170907,-0.2551371503935442
568,0.32142329733461966,0.32142329733461955,0.011738677810719635,0.011910035998713653,0.4614818823332606,0.16388488294194725,0.23036413554408797,-0.8408974863063156
569,0.2752776675954281,0.27527766759542804,0.08035429609199254,0.058055665737905215,-0.0010121225362421267,0.7526347421254397,-0.4454281054800713,0.48490589128425643
570,0.2622115449782542,0.26221154497825416,0.08473060261637859,0.0711217883550791,0.310847759636385,-0.47025859474276777,0.7158847509482322,0.4119945967599397
571,0.3087836301935466,0.3087836301935465,0.023665444302361133,0.024549703139786716,0.3818864433006121,-0.1739169138571617,0.3691816195501423,0.8292289088568625
572,0.2968745543924685,0.29687455439246846,0.12144983912977497,0.0364587789408648,-0.44454815459283953,0.30434085533659283,-0.55569858168363,0.6332082345768208
573,0.2838843115962196,0.2838843115962194,0.04428588943059531,0.04944902173711374,-0.2708688345219205,0.26526458089804883,-0.7961367345608595,-0.47162599216804246
574,0.24832959885167022,0.24832959885167016,0.08762433527335908,0.0850037344816631,-0.7019314407059244,0.3613360714906263,0.19856232665073448,0.5807766338475349
575,0.28036483808646906,0.28036483808646895,0.13546635387641914,0.052968495246864256,0.8011822669879383,0.04362052485627543,0.1528694228807111,0.5769186809451133
576,0.3084627666434658,0.3084627666434658,0.041836167797497284,0.024870566689867535,0.8848611527606293,-0.22681949308251484,0.01855481816486193,0.40648416527066616
577,0.29297591447581467,0.29297591447581456,0.009590043604882052,0.040357418857518645,0.03938336168123802,-0.08711642164468826,-0.8085924346731257,0.5805497002771568
578,0.30641268815862166,0.3064126881586216,0.057536562886808605,0.026920645174711655,-0.2926161443223459,-0.9145759255528746,0.17526428395106114,0.2172765501662546
579,0.2601487868372738,0.26014878683727377,0.1322029859002387,0.07318454649605949,0.6902012959425767,-0.3937303759338197,-0.37949392437330837,-0.47390180787790426
580,0.3045452130972924,0.30454521309729227,0.015341526514075486,0.028788120236040937,0.12428981160243578,0.01106480857680244,-0.8192940941821109,0.5596309498064811
581,0.2730523069389813,0.2730523069389813,0.0885892879861968,0.06028102639435201,-0.200413215756546,-0.7861707120130389,0.27624803796566955,0.5152253643243406
582,0.329410791304593,0.3294107913045929,0.03064925571317517,0.003922542028740317,-0.6040862279808156,-0.7912438492834097,-0.02308519522963954,0.09208731669612517
583,0.3003360721208017,0.3003360721208017,0.032488156328830516,0.0329972612125316,-0.9471842303862736,-0.2796855905961062,0.10760708736498086,0.11418720974476584
584,0.3039625912165358,0.30396259121653557,0.08742697448856811,0.02937074211679752,-0.6769324565689782,0.20145896369412072,-0.2389967445361152,-0.6663762385408999
585,0.22925693045118253,0.22925693045118245,0.16542865585056846,0.10407640288215078,-0.02504957063156731,-0.4220535243659742,0.33797654246988684,-0.8408419579930198
586,0.2586464276752735,0.2586464276752735,0.1546862228517632,0.0746869056580598,0.6784763089799789,-0.2524872660325636,-0.5759309074094834,-0.3797679140406611
587,0.27250839298638807,0.27250839298638807,0.12368686721888117,0.060824940346945244,0.5067583772581307,0.26603245813779897,0.4185265888007378,0.705165351362845
588,0.32306287112551485,0.3230628711255148,0.06473387007218391,0.010270462207818465,0.5138679384623706,0.8102204550084984,-0.201760100517362,-0.19691474791259098
589,0.31643410621468576,0.3164341062146857,0.01092865807397332,0.016899227118647553,-0.8899650147882989,0.3356178336440065,-0.298580735175792,-0.07856517533137825
590,0.27961416902666025,0.2796141690266601,0.07707800020650013,0.05371916430667306,0.6356355687728215,-0.17267337762261697,0.42182719547746317,0.6230675288657458
591,0.325748513320065,0.3257485133200648,0.00047460056548907044,0.007584820013268323,-0.37415086368515377,-0.01914004817568424,0.9269187900476648,-0.021595055361340786
592,0.24212003472027846,0.24212003472027832,0.15313417140724447,0.09121329861305486,-0.1282036989146404,0.7479851560772836,0.5901311751060879,-0.27536741644674256
593,0.317324540968071,0.31732454096807067,0.021668987493906926,0.016008792365262314,-0.11741686482540098,-0.3596363100499812,0.9077703097627696,-0.18118517892314687
594,0.27378736499691725,0.2737873649969172,0.1386249861069679,0.059545968336416066,-0.07637993724609565,0.6341371825243146,-0.15505148950049624,0.7536545458829822
595,0.31729611368215843,0.3172961136821584,0.016573147724086384,0.016037219651174883,0.2517702351844531,0.04932294949554013,-0.9047163452853914,-0.34009900014800093
596,0.2944193591229841,0.2944193591229839,0.011546951971983771,0.0389139742103492,-0.310585342798913,0.6567046920599142,-0.6395446739668625,0.25151203204935224
597,0.3049585759665145,0.3049585759665143,0.0724835236477984,0.028374757366818826,-0.44570985649543576,-0.6481951004954096,0.6151619795049693,0.052550684944075915
598,0.28570274918031163,0.2857027491803116,0.011593236155978867,0.04763058415302168,0.461220266705057,-0.4149196391368408,-0.7770315185810944,0.10648745358317241
599,0.3222907750524544,0.32229077505245424,0.021158924446619563,0.011042558280878911,-0.6703892218593271,-0.6258186867425993,0.24156596831430144,0.3171358470608269
600,0.280809578877985,0.28080957887798486,0.10105750516963112,0.05252375445534829,-0.5757521045872188,-0.12219688745518684,-0.2402352492799862,-0.771922573684068
601,0.3102917370682464,0.31029173706824636,0.06504176645953612,0.023041596265086894,-0.510053014462776,0.5459878416510167,-0.5204890713259451,0.41332109290109376
602,0.31447279965156466,0.3144727996515646,0.047797543781261845,0.018860533681768654,-0.2654395542576789,-0.20407113080302122,0.9209689204275007,0.19928136946253927
603,0.31108694633326184,0.3110869463332618,0.06097489100913332,0.022246387000071477,-0.5282823024581285,-0.6340340526120933,0.5588281546525975,0.08142310854663058
604,0.329572352655474,0.3295723526554738,0.01236380933441684,0.0037609806778592936,0.13123750750921032,-0.6554922660100868,-0.457778773888422,-0.5861272899302202
605,0.2880543051123003,0.2880543051123002,0.1228120133209693,0.045279028221033024,0.060402872662617825,-0.4781195595669926,-0.8584671468166681,0.17546320859376083
606,0.27622259307725416,0.2762225930772541,0.13109830126521338,0.05711074025607915,-0.7737763323717727,0.5000030388403452,0.2669206254984065,0.28287899938886835
607,0.30235290063443354,0.3023529006344333,0.060186445900080744,0.030980432698899774,-0.0007495760064115025,-0.1992418685626325,0.7987236695572224,0.5677522484645272
608,0.2653008249375038,0.2653008249375037,0.00942554452122089,0.06803250839582953,0.4552786843302293,0.4953294714856437,-0.007026135826581288,0.7398112378760106
609,0.2641296467199288,0.2641296467199287,0.13661050302951402,0.06920368661340454,0.14941523221596442,-0.8136224187137707,0.4197347189756245,0.3735189604754442
610,0.2651359165170665,0.2651359165170665,0.12335678414999303,0.06819741681626679,0.16851992675652522,-0.7967115278356176,-0.38873369484786274,0.43097318964146714
611,0.3060083527093345,0.30600835270933446,0.048733678705096935,0.027324980623998796,-0.004905995802467774,-0.574293358699652,-0.16346568151635232,-0.8021483904646655
612,0.32926942175218366,0.3292694217521832,0.06539646733979153,0.0040639115811496596,-0.11645912877346548,-0.14932206695648972,0.9817482051224002,0.017625361956929386
613,0.2750399796194761,0.27503997961947607,0.016518304985842027,0.05829335371385719,0.6086901204042899,-0.5200563134271167,-0.02174450918258074,-0.5988029262680804
614,0.31530463796571107,0.315304637965711,0.09157426517870426,0.01802869536762225,0.12453798518362398,-0.855341508856813,0.11738950985282087,-0.4889794437902971
615,0.2994138405961913,0.29941384059619125,0.06401269434955371,0.03391949273714201,-0.047592629105001824,-0.6872689300828064,-0.7118564844518063,-0.1365895491669244
616,0.3302131319297476,0.33021313192974755,0.04077796652802062,0.0031202014035857095,-0.6438064892689753,-0.35747649950954385,0.6379755938029079,-0.2251908043979307
617,0.3106040405327117,0.3106040405327116,0.019076488199756558,0.022729292800621637,0.21076753187770453,0.25977250522967676,0.30108031068722224,0.8929982864201723
618,0.28581452806061375,0.28581452806061364,0.0007967672356474456,0.047518805272719566,-0.9621418821363579,0.10568142366418755,0.07207013910533662,-0.24066642969212543
619,0.30395584337780657,0.30395584337780646,0.06876860205054164,0.029377489955526748,-0.018512885506486932,-0.2579727058114428,0.6385493165398611,0.7248186852399865
620,0.32225728817924515,0.32225728817924515,0.060747887398853076,0.011076045154088165,0.7372608446452045,-0.06947782424841198,-0.595135086236999,0.3121434093816918
621,0.3290503171549193,0.3290503171549191,0.05303572054096422,0.004283016178414034,-0.07898656451028763,-0.16136664648125473,0.38729251049298413,0.9042822785758314
622,0.29550587835037917,0.2955058783503791,0.09224907615910072,0.037827454982954145,0.37179279152962474,0.3363929064877923,0.4353676989337024,0.7477064259162667
623,0.30832461528861266,0.30832461528861255,0.004581289549468789,0.025008718044720657,0.9400284769069605,-0.20856515836590964,0.2667403384800019,-0.04119015837984824
624,0.29869936356302507,0.2986993635630249,0.07101374888020057,0.03463396977030825,0.4682880208581073,-0.09834100295833312,0.39335867781047923,-0.7850505252842888
625,0.29671959834065054,0.29671959834065054,0.013499185963087659,0.03661373499268278,0.9401514113199799,-0.19280132966555522,-0.0056767962353900725,0.28091056416009996
626,0.3194508496297345,0.3194508496297344,0.004314142445549246,0.013882483703598791,0.25009007950071804,-0.7256943441856445,-0.5443661118538972,-0.33836106043302633
627,0.26906413513986316,0.2690641351398631,0.15252763075576967,0.06426919819347016,-0.8101319158022272,0.11740501978656788,0.5652392942865294,0.10201411922863887
628,0.27841553464453156,0.27841553464453156,0.0006158051605408215,0.054917798688801756,0.04611283006453946,0.8015859650626895,-0.5356751660146499,0.261506527706543
629,0.2689916536561374,0.26899165365613725,0.14813779192885687,0.0643416796771959,0.8680915483696864,0.03798384728763361,-0.28611010693870087,-0.4038753492129413
630,0.3067633782899737,0.3067633782899736,0.10057073336285065,0.026569955043359628,-0.718193361598799,0.1826566895120233,-0.1776517640781518,-0.6475142313894312
631,0.2696175416714643,0.26961754167146407,0.10868713587749416,0.06371579166186903,0.11226856302577866,0.6642897452824765,0.7359174994378079,-0.06738203091235272
632,0.314647221829928,0.314647221829928,0.08074925676166572,0.018686111503405323,-0.14999168041323876,0.7677575985889374,0.056748388378312045,0.6203469884123122
633,0.3005139303579099,0.3005139303579098,0.0068113431645498755,0.032819402975423406,-0.1600194022088533,-0.9623564749521335,-0.02255649229588776,0.21852919871204982
634,0.31857719701139486,0.3185771970113948,0.018897923071804292,0.014756136321938451,-0.006721673462112015,0.03362176794942981,-0.8363870326968538,-0.5470659259745351
635,0.3124722063832658,0.3124722063832658,0.00455330805323053,0.020861126950067532,-0.9269668668680923,-0.19598365284648694,-0.2431871430163777,0.2078048339602146
636,0.30271722078038593,0.3027172207803859,0.06408471886775546,0.030616112552947383,0.07894212210747086,0.95605735521888,-0.27691894633586817,-0.05512143003662134
637,0.292066096415847,0.29206609641584697,0.06243362829972461,0.041267236917486294,-0.7472925798864349,0.5343101782643335,0.38774489723352823,-0.07563285079364036
638,0.26490549882078973,0.2649054988207897,0.13543578959154545,0.06842783451254358,0.02414263524638627,0.34031050896639725,-0.6328724247366592,0.6950384051678965
639,0.2727058271850696,0.27270582718506936,0.0751504778132938,0.06062750614826373,0.08273326543178072,-0.5325463789908433,0.7037427856403706,-0.46292078444790813
640,0.28514505114971833,0.28514505114971817,0.07971767828891045,0.04818828218361498,-0.9639920046338408,-0.08664985524088574,0.08063810899411655,0.23813591280320456
641,0.294004772684767,0.29400477268476694,0.08379047366506143,0.039328560648566324,0.22520279454494685,-0.5383304472759457,0.39737312476741504,0.708222161879595
642,0.3288879949232938,0.3288879949232937,0.057706996796929415,0.004445338410039523,-0.5973321504543176,-0.04491703680715132,0.7524578803668409,-0.273831882935363
643,0.3080635926257658,0.3080635926257658,0.03609466404619699,0.02526974070756749,-0.36021507487382115,0.8157669780855304,-0.11363266491477671,-0.438014788292833
644,0.3058005711205049,0.3058005711205048,0.07124787744326716,0.02753276221282841,-0.8749679313332632,0.39880755279330327,-0.10090314986061351,0.25534723284502847
645,0.28779101622673514,0.28779101622673503,0.01604018693583134,0.045542317106598174,0.4270629890443285,-0.5480266945671839,-0.11074379852613643,-0.710647420679406
646,0.30646887826385494,0.3064688782638548,0.08247041649134405,0.026864455069478377,-0.5113334793385782,-0.4883431962278065,-0.5451736761189354,0.4503827910483261
647,0.3055912874706148,0.30559128747061476,0.024655724335326718,0.0277420458627185,-0.45289587863569325,0.297947116847866,0.7928170537250936,-0.2784851127071418
648,0.2699170903116515,0.2699170903116513,0.13296247532803998,0.0634162430216818,-0.05195850564714256,0.6539179297813396,-0.4257465812507625,-0.6232427322919143
649,0.3317578561443953,0.3317578561443952,0.0529306074633432,0.0015754771889380237,0.6691426827644729,-0.32667475481631936,0.6261557159567026,-0.23121568727750874
650,0.32385266249449074,0.3238526624944907,0.024378150659757628,0.009480670838842575,0.1705957787816738,-0.708001996763345,-0.27927652531598535,-0.6258073787104308
651,0.2504842502479865,0.25048425024798643,0.15627247908219194,0.08284908308534683,-0.13845901823155454,-0.6201497014609021,0.5548054900978964,0.5370608123904974
652,0.30748697827144267,0.3074869782714425,0.09099720485398427,0.025846355061890647,0.3184502715184872,0.233247877112861,0.7105621857510386,0.582482817405674
653,0.3236856873531264,0.32368568735312625,0.015644468668991225,0.009647645980206898,0.5466288335706135,-0.7043965344766625,0.42370787924785425,-0.15966863683824817
654,0.2868202189753217,0.2868202189753216,0.098305606682293,0.04651311435801164,-0.3311846563722794,-0.4468627601830883,-0.6175673352035151,0.5560944015495536
655,0.27138703472602965,0.27138703472602965,0.08622291758766694,0.06194629860730366,0.02200036892544421,-0.7391965441718907,0.45201546220833816,-0.49878499854753144
656,0.30710908063697123,0.3071090806369711,0.029056361619810653,0.026224252696362083,0.1864702493892082,-0.5882968757377659,-0.7638740242709001,-0.18876468720099746
657,0.3185989585466936,0.31859895854669357,0.020077367019626445,0.014734374786639692,0.1228665387212517,-0.9906400838790292,-0.040980733969875005,0.04308848242975767
658,0.3055753123092106,0.3055753123092104,0.010120123371983923,0.027758021024122725,-0.11404357165749786,-0.04590122038158112,-0.8657585617088515,0.48512808057141327
659,0.31951026575859665,0.3195102657585965,0.020800668448750465,0.01382306757473667,0.8400764132694416,-0.18871679292574087,-0.20153832970352895,0.4669474205908898
660,0.30671108446096734,0.3067110844609672,0.0050204346189005765,0.026622248872365972,-0.38443498288772693,-0.3058803917646799,-0.8668436183684055,-0.08502394462719963
661,0.290881764852793,0.29088176485279277,0.10535777811439771,0.042451568480540325,-0.774253243542033,-0.22214709295838206,-0.5873447125798037,-0.07879576485655249
662,0.3137284057137461,0.313728405713746,0.03863540554316907,0.01960492761958721,-0.14354375465287397,0.22667478646710917,-0.4925582071827091,-0.8278889685321343
663,0.2518177126528505,0.2518177126528503,0.1426930210330714,0.08151562068048279,-0.2176447343774173,0.6449463404450605,-0.6253000086267787,-0.3816737962654211
664,0.30944273012918616,0.3094427301291859,0.04518524542698614,0.023890603204147154,0.06254112332100532,-0.13282056919762,-0.8946974453606771,0.42185754178021456
665,0.2397680946279922,0.23976809462799217,0.10914137830853976,0.09356523870534111,-0.17081526546212955,-0.4599729037910757,0.21960986179670688,-0.8432191775954455
666,0.23723442827296143,0.2372344282729614,0.16694795728120018,0.09609890506037189,-0.6481640619447324,-0.26131903822145053,-0.4032797723028139,-0.5907293240712805
667,0.29177003733082174,0.29177003733082174,0.08680137223877686,0.041563296002511574,-0.12390927576836376,-0.20498491013476233,0.7189007706473092,-0.6525406960169673
668,0.31844160465713456,0.3184416046571344,0.018048035109546025,0.014891728676198757,0.39192575366450755,0.17906587660935075,0.2582800714191507,-0.8646508082204926
669,0.33000951694240316,0.3300095169424031,0.03541521339569974,0.0033238163909301566,0.7198428959082398,0.5207442396094988,-0.02045551308811104,-0.4585119563416708
670,0.26687812511808917,0.26687812511808895,0.10517052732157535,0.06645520821524414,0.002826970389103557,0.6296904048777053,-0.7736343491753384,-0.07051167293024074
671,0.3093001186590296,0.3093001186590296,0.047114207232525164,0.024033214674303693,0.3198393670689752,0.3084112703784466,0.8885509512201855,-0.11429118365899303
672,0.32156375696769574,0.32156375696769557,0.039829224773963605,0.01176957636563758,-0.21323153512457693,-0.2437111208593463,-0.9455710048581483,-0.032135288538444676
673,0.32749663395893797,0.32749663395893797,0.031503705032636886,0.005836699374395349,0.79600531378518,0.5705097163516774,-0.20101272185419353,0.022092750549771757
674,0.2747171409016541,0.27471714090165383,0.11095774097483399,0.058616192431679204,-0.9106690711843625,-0.1162877186685403,0.3557878099014633,0.17485434967594382
675,0.31074289720561354,0.31074289720561343,0.006428847139108738,0.02259043612771977,-0.17861363554876258,-0.9750911352119382,0.02364147623040889,0.1293658680981741
676,0.2854294823388689,0.2854294823388688,0.010505207209591654,0.047903850994464425,0.18973675181410746,-0.6106346972812289,0.7425091883284819,-0.19951274830214016
677,0.31932730131204806,0.31932730131204806,0.010189704508122389,0.014006032021285253,0.8970016874704018,0.13098351468113517,0.3371396217672134,-0.2541026701781955
678,0.30647366107811364,0.3064736610781135,0.0649263256830344,0.02685967225521968,-0.3091726640530579,-0.10320033824644928,-0.5295170998096393,-0.7831817126295417
679,0.32169584081224734,0.3216958408122473,0.013706881352047418,0.01163749252108598,-0.2451800428108565,-0.4040341919430095,-0.17173779378318627,0.8643779546788024
680,0.2729352930915159,0.2729352930915158,0.11681262493989983,0.06039804024181744,0.6699055246988942,-0.5013656858607837,-0.37961052301483894,-0.39465793775831437
681,0.303643092706976,0.3036430927069759,0.05597646939608568,0.029690240626357334,0.5661211068323186,-0.54874090294614,0.3621420294428849,-0.49723582367302754
682,0.3283290459919842,0.3283290459919841,0.01671027302720879,0.005004287341349112,-0.1760717456615639,0.13315119303430742,0.9502192421094634,0.21989291052270632
683,0.30155857978882905,0.301558579788829,0.04262938432811215,0.031774753544504264,0.3048516915164308,-0.8119944338237338,0.48950147601418464,-0.09010433174259434
684,0.2999694495929516,0.29996944959295135,0.005096432728424994,0.03336388374038174,0.30444843594200066,-0.786700808273425,0.4798010179381648,-0.24125499227976646
685,0.31821478061201774,0.31821478061201774,0.047853853153522294,0.01511855272131557,-0.54992913352871,0.004280565262347923,-0.832236394133709,-0.07030084733997685
686,0.28802587401703605,0.28802587401703594,0.0930442280018914,0.04530745931629726,-0.8998788745923683,-0.20843702842757758,0.29960404172564903,0.23876648513622994
687,0.2811360955947662,0.28113609559476616,0.0064350192187319225,0.052197237738567104,-0.5819253913371657,0.6358817355444542,0.49935926538112735,-0.08750760764687875
688,0.30686431290682986,0.3068643129068297,0.019982731539638997,0.026469020426503453,0.6536128740598264,0.5468936369820081,-0.4276479493666706,-0.30135492711141576
689,0.30006131796018,0.30006131796017993,0.00955127151672744,0.03327201537315333,0.6701245434515962,0.4470063144216391,-0.3955244233202099,-0.44122429861487444
690,0.3220502076724703,0.3220502076724702,0.011865662522742158,0.011283125660863036,0.39945012202994395,0.04238688829579272,0.9111772708056707,0.09164569208638361
691,0.2552444325229061,0.2552444325229061,0.12010735489552304,0.07808890081042724,-0.7212275417169086,0.23905344704305068,0.29734994057106107,0.5781585382645545
692,0.32636885767377055,0.32636885767377044,0.036388605761503594,0.006964475659562763,0.26523013500211645,-0.15244723876042124,0.9501840427164728,0.05969170669416563
693,0.29370072115799173,0.2937007211579916,0.07758865054084065,0.039632612175341586,0.325064777810359,0.6772298426534099,-0.29109224191745,-0.5924170297537135
694,0.30998220516692754,0.3099822051669274,0.012247294310368553,0.023351128166405777,0.29596144462666635,-0.726090190937512,-0.5707889889108481,-0.24372071733226935
695,0.30881569015806143,0.3088156901580614,0.07251036296295897,0.024517643175271886,0.9108430890599798,0.06088859164842184,0.08066317245610423,-0.40018857945731323
696,0.293610712468937,0.293610712468937,0.10029011427778871,0.03972262086439632,0.2796558203219277,-0.10932207174637638,0.23127470932143376,-0.9253936003763135
697,0.2764143846465288,0.2764143846465287,0.1277019304940392,0.05691894868680453,0.20117755664107986,-0.6538938798497985,0.17394250596867672,-0.7083038819717419
698,0.284199088707009,0.28419908870700894,0.13195832811807934,0.04913424462632432,-0.14998164569860245,0.7250586997121792,-0.23627353364956324,0.6292616349516087
699,0.29630468994493087,0.29630468994493087,0.056218810600069516,0.03702864338840245,-0.9352875966483312,0.09314703796099394,-0.3300518532488704,-0.0873299206564838
700,0.27355509853460447,0.2735550985346044,0.10413264765984914,0.059778234798728846,0.8130798220080779,0.16939914076872475,-0.4100163905505161,-0.3769505188085787
701,0.32135405464913774,0.3213540546491376,0.0274706052424597,0.011979278684195571,-0.3447180336382659,0.31761109799690335,-0.8408591504338834,0.2706447059252718
702,0.2921110493401102,0.29211104934011,0.06328840149355766,0.04122228399322314,-0.48558967997498953,0.6236824106852138,-0.2581707988479395,0.5554914508125974
703,0.3091679676055879,0.3091679676055878,0.046976084358847064,0.024165365727745414,0.7226414305863229,0.631368245420514,0.2813494602429774,0.002445954979054118
704,0.2884549654999461,0.2884549654999458,0.09863168806806362,0.04487836783338722,0.016756994858122896,-0.3254408522249929,-0.8480081107790051,0.41795896793754483
705,0.252608655688588,0.252608655688588,0.10965014981423114,0.08072467764474534,0.660871440802951,0.3778004303674488,0.16442137014837405,0.6272809470912802
706,0.310248526429101,0.3102485264291009,0.01580040301303243,0.023084806904232313,0.7484085937829961,0.47593611082626835,0.4289491519794969,-0.17138267175941355
707,0.32478553805122157,0.32478553805122157,0.07686282745849665,0.008547795282111748,0.043222962172296035,0.9165119479142088,0.3447356790441708,0.19822950452823423
708,0.32844549014604585,0.3284454901460458,0.004008822051238367,0.004887843187287466,0.3348643701466293,-0.37038319070059694,0.07854754579963741,0.8628513363851275
709,0.3130934733940129,0.3130934733940125,0.037565115384598675,0.020239859939320426,0.8416512045071874,0.37382729521878894,-0.3877352560848612,-0.039214467863430365
710,0.2838130239421547,0.2838130239421546,0.10045706178730358,0.04952030939117863,0.7402243203614224,-0.5592799971493206,-0.34844786194705796,-0.13363355805579014
711,0.30205438401513307,0.30205438401513274,0.012047769636571233,0.031278949318200244,0.35202210798811423,0.14878380181038597,0.7219073107106074,-0.5768827008578353
712,0.3165278189521028,0.31652781895210275,0.020258090282630155,0.016805514381230513,0.3861478324779574,0.8822754053276977,0.2619757952978518,0.06203743470260557
713,0.2924910527106046,0.29249105271060455,0.05637159346937783,0.04084228062272871,-0.5653629899324605,0.0884031436260528,-0.757835167490258,-0.31342532240818216
714,0.3119892755377931,0.31198927553779293,0.029873689675494444,0.021344057795540217,-0.4577333979485445,-0.7960452198508312,-0.3000971739857537,-0.2583289192500241
715,0.2863935038582181,0.28639350385821805,0.05494273666023047,0.04693982947511521,0.5873472893501037,-0.13045869526498535,0.7207835687593124,0.3442015943156466
716,0.3217552332814166,0.3217552332814165,0.008524248449951189,0.011578100051916729,0.38783166935786895,0.003187426895099349,-0.20513807748514004,-0.8986071476004281
717,0.33255883152570026,0.3325588315257001,0.06739535253274301,0.0007745018076330545,0.11245361778322235,-0.4249407970446646,-0.6828906385805046,-0.5834722603463003
718,0.28894062629075373,0.2889406262907537,0.12927275103946156,0.04439270704257958,-0.8301972210420744,-0.10671326999658384,-0.5305823093728155,-0.13366848978447865
719,0.3017046372220753,0.30170463722207513,0.10583006038356248,0.031628696111258015,-0.06793382800951353,-0.4188082618285891,0.8985076025395705,0.11255542196928164
720,0.32844063089463216,0.32844063089463194,0.004405768295954992,0.0048927024387011575,-0.47949207205428396,-0.23522803570470457,-0.08316949051455623,0.8413310643873462
721,0.3155901871351241,0.3155901871351241,0.015190740337880539,0.017743146198209214,0.5402916324070622,-0.1843853375235265,-0.7814189991488988,0.25193520402353575
722,0.3165020917779289,0.3165020917779288,0.08343238906295417,0.01683124155540444,0.2383593947197826,0.4850140706851928,0.5852405671672453,0.6045160285120311
723,0.2971698672812666,0.29716986728126643,0.08546603662965359,0.03616346605206672,0.2994805178718423,0.5278365691933105,-0.39761543966937796,-0.6881874292472768
724,0.31722969259447614,0.31722969259447603,0.010278407500889071,0.016103640738857172,0.3014352892586988,0.04965547215121681,-0.9129962714664219,-0.27038659131579706
725,0.2974047547620158,0.2974047547620158,0.12473013345313928,0.03592857857131754,-0.7941991242128807,-0.5264095025851997,-0.13420893125380975,-0.27226595354396776
726,0.3290129005464362,0.32901290054643617,0.009912807862408085,0.004320432786897088,-0.2548441252477045,0.35253449647790014,0.08368326006643889,-0.8965327727442308
727,0.3204251022638694,0.32042510226386917,0.008793071793405773,0.012908231069463927,-0.12452346192535466,-0.005311483946155164,0.8242557462959786,0.5523297568178578
728,0.30639893689301295,0.30639893689301295,0.05492588325670119,0.026934396440320363,-0.3319346339274012,0.8600399912614576,-0.16564653744744354,-0.350302493371296
729,0.3232841774272075,0.32328417742720744,0.003928288807092449,0.010049155906125817,-0.02318000309830373,0.45991536949979933,0.8322058146187676,0.30882684868537436
730,0.32815742615661225,0.3281574261566122,0.00789410276086687,0.005175907176721062,0.7757820289479584,-0.41707567843386956,0.4141070351302526,-0.2296203071941772
731,0.28601986589830225,0.2860198658983021,0.10359829960098332,0.047313467435031065,-0.1468037476505394,0.5008341502519343,0.4894163896777307,-0.6986310980281334
732,0.3002473360841873,0.30024733608418724,0.07013677273347571,0.033085997249146015,-0.27801534120967003,0.48503133558800393,-0.8262691606541103,-0.06878479266334843
733,0.3213421693615005,0.32134216936150034,0.01159118618393213,0.011991163971832808,0.36440891426492966,0.37465695416983386,-0.8410167163236312,0.13974688819667952
734,0.325697515689851,0.3256975156898509,0.04182220020820848,0.007635817643482312,0.007508748587515491,0.9928382684666199,0.09238394280393847,0.0753723986274277
735,0.29771965166520825,0.2977196516652079,0.0777100019412353,0.03561368166812506,0.36162411778716785,0.10927676574981815,0.6679713595957514,0.641171465882345
736,0.29803931267900446,0.29803931267900424,0.08291965799691399,0.03529402065432885,0.36631172302610493,0.4248465286686195,0.5413971922742968,-0.626266899052934
737,0.2939086521375606,0.29390865213756057,0.00014209336138363809,0.03942468119577269,-0.1814228620858637,0.10622758046693946,0.7053409013135069,-0.6769753756193524
738,0.31807476336550233,0.3180747633655023,0.048080333855315946,0.015258569967830982,-0.7103939793960814,0.6703100865194268,0.1904591655608366,-0.09874253491777621
739,0.3284394556464299,0.3284394556464298,0.04205504964982093,0.004893877686903414,-0.07903622709954049,0.20188405824159228,0.0459214334890916,-0.9751345157362046
740,0.2448595021818502,0.24485950218185001,0.10893167297180051,0.0884738311514831,0.7386123471237545,0.06607892048957408,-0.5574821208226906,-0.3732278954021339
741,0.27317809659138026,0.2731780965913802,0.0548578506108602,0.060155236741953055,0.35133619423788315,0.3548673832816538,-0.6554769029614314,-0.5665527765225078
742,0.26167842302108,0.26167842302107996,0.12918891688115958,0.0716549103122533,0.1655545140645034,0.8202322239458674,-0.3947497824369733,-0.37945146058441354
743,0.3276011111521458,0.3276011111521457,0.049250913495125906,0.0057322221811875185,-0.6229154279327409,0.40466483386714247,0.3584663536347453,-0.5654419644724454
744,0.30346580434675674,0.3034658043467567,0.07274499617794133,0.029867528986576575,-0.8860708284318207,-0.16926585318263898,-0.4293182847823363,0.04374206556683203
745,0.318505684528167,0.31850568452816685,0.042572415067848396,0.014827648805166294,-0.090033522633598,0.9193603788148254,-0.19377900531308542,0.3303334009262726
746,0.3294508957317637,0.32945089573176367,0.0024302222033584803,0.0038824376015695883,0.7251002887109621,0.4948622452546342,-0.4095570879252632,0.24820137240353787
747,0.31156904071483477,0.31156904071483454,0.035498339952054606,0.02176429261849855,0.1988348520547439,-0.41540554986713296,0.8823654851843808,-0.09661304934264868
748,0.31740175704437795,0.3174017570443779,0.030449098389804006,0.015931576288955362,-0.4706977109927063,-0.8167083684918315,0.09281837606582759,0.32064911471285873
749,0.29531796301673635,0.2953179630167363,0.031715583134210884,0.038015370316596964,0.5063358648816695,0.32347021556523214,0.7956516103251197,0.07700341916926752
750,0.3195746277091216,0.31957462770912143,0.005725735082113772,0.01375870562421172,0.51098380851691,0.688061927396136,-0.06650618527643115,-0.5109239266480335
751,0.32265498366898104,0.322654983668981,0.01550536085559977,0.010678349664352271,0.4463803132365009,0.8578142667722651,0.18571148603621335,0.17438619105613223
752,0.29161626220700776,0.2916162622070077,0.030306206684292073,0.041717071126325556,0.5565314417264735,-0.18933798096811683,0.14130712984101396,-0.7965275754102082
753,0.2535214146615202,0.2535214146615202,0.12746966050976058,0.07981191867181314,-0.10104130756006986,0.49099666693422644,-0.6795827661579336,-0.5356119781774517
754,0.2720969965611236,0.27209699656112357,0.06144475881145869,0.06123633677220969,-0.31855414800981474,-0.34453401191329097,0.7143802634885384,0.5191150244008738
755,0.32810459146089876,0.32810459146089865,0.02605354241229953,0.00522874187243455,-0.5206792526669043,-0.4050962910111337,0.7110251341754654,-0.2433790652912003
756,0.22970401537408985,0.2297040153740898,0.17172002984637036,0.10362931795924346,0.033747096924781686,0.42594829497957204,-0.3867345274256937,0.8172304379732624
757,0.32060590037133097,0.3206059003713309,0.0969688499205037,0.01272743296200235,0.021477234229433883,-0.22174435447538876,0.9611601493651911,0.1629089836087336
758,0.32873789402304915,0.32873789402304904,0.023565594995595785,0.004595439310284166,0.6736809136450495,0.10640237118705834,0.6381629801171309,-0.3571842281010814
759,0.3317086594888503,0.33170865948885025,0.05816983580433289,0.0016246738444830044,-0.7174618400751618,-0.4619861008472669,-0.22591911047787186,0.46987009500583155
760,0.3080313558252043,0.30803135582520424,0.03669845632505224,0.025301977508129014,-0.5808801345306887,0.20171766939598604,0.7752114350776319,-0.14469098826789153
761,0.2826690963235092,0.2826690963235091,0.0886323729062262,0.05066423700982414,-0.924072272614924,-0.09643547469412185,-0.3548187162443219,-0.1043758248232821
762,0.31119374603897115,0.31119374603897093,0.038129342625044,0.022139587294362162,0.064888749270983,-0.17073833736316518,0.6236355878998051,0.7600766565796991
763,0.2669599019841711,0.2669599019841711,0.12318902247924648,0.06637343134916224,-0.048986394584802,-0.6949729969688273,-0.7119527507793836,0.08795537099812195
764,0.29484790883764844,0.2948479088376484,0.06762586702756401,0.03848542449568487,-0.5004040325184985,-0.5062240537168039,-0.6234294310408531,0.32352551087948234
765,0.2848198350624979,0.28481983506249786,0.07420104384764904,0.0485134982708354,-0.30675735682335664,0.7939813916457742,0.5201071971428652,-0.07058312287778337
766,0.3096716562332931,0.30967165623329307,0.02150013671605744,0.02366167710004019,0.4546641730797796,0.10309784098357293,0.4773010031563035,-0.7448725241866505
767,0.30932085491671235,0.3093208549167122,0.02663651567103348,0.024012478416620964,-0.5631434417655555,-0.42353232679698655,0.3312736127405643,-0.6274931279752708
768,0.3295812727841082,0.32958127278410815,0.015133682144355514,0.0037520605492251113,0.6931685736314578,0.6003121348749305,-0.03165504640941339,-0.39766899211335466
769,0.3102140173118677,0.3102140173118676,0.017858006755359587,0.023119316021465608,-0.8797878493526538,-0.27994523318866127,0.2374085337271899,-0.3020615742855814
770,0.3178461242748304,0.3178461242748302,0.019686427102263808,0.015487209058502927,-0.422058544226081,0.09018270745616594,0.9004020499868614,0.05486176173888683
771,0.2728216328266455,0.2728216328266453,0.12199977370692291,0.060511700506687804,0.7210241776672344,0.4538022724754182,0.14404545938536997,0.5034267954190484
772,0.272727320763165,0.2727273207631649,0.07214325696588579,0.06060601257016829,0.006285231719504285,0.29574356410923724,0.7726265127228804,-0.5617334883980823
773,0.2881516740946886,0.28815167409468834,0.0952938108757272,0.0451816592386447,-0.38153543273751594,-0.6329221044228385,0.6555919760210472,0.15504671642953505
774,0.28806426288122816,0.28806426288122805,0.0706744677327204,0.04526907045210515,-0.0385228867998819,-0.02406089877652908,-0.38589567922552853,0.9214236729636031
775,0.32496676427710747,0.32496676427710736,0.02651450330932586,0.008366569056225848,-0.38758011676631954,-0.49492295653514295,-0.09669169131579347,0.77167586266023
776,0.3152173065430026,0.31521730654300256,0.024277728484571704,0.018116026790330697,-0.3764841851021277,0.8465368319524587,0.3570736895707197,0.11888410630624684
777,0.33035248635071457,0.3303524863507144,0.07921262687184581,0.0029808469826187456,-0.7460370705615696,0.14453837704947747,-0.6336268280885512,0.14510130817555078
778,0.26839714843760915,0.26839714843760915,0.06889538644975089,0.06493618489572417,0.9705937931801812,-0.1031356817052107,-0.20980146990226226,0.057393928478185335
779,0.3093481260349924,0.3093481260349923,0.015630098474901533,0.023985207298340916,0.6495790020640437,-0.5598649748595835,0.26577777387446316,-0.4404094741457021
780,0.25866717948521645,0.25866717948521645,0.12070020142780358,0.07466615384811687,-0.064499762220418,-0.5451673755929733,0.160225232873647,-0.8203415069427885
781,0.31480339472935137,0.31480339472935126,0.0008904748956049014,0.018529938603981944,0.22814234224759747,0.7274876092727456,0.2239756634345617,0.6070813390456449
782,0.3311309281243128,0.33113092812431266,0.07083746724938243,0.0022024052090205415,0.5186762320622608,0.1725703040956134,-0.6896237369576136,0.4749879554921993
783,0.26617483137856984,0.26617483137856984,0.029621048674305477,0.06715850195476347,0.031987681909872674,-0.2333732637682298,-0.6478549192723694,0.7244292315601217
784,0.3079709503867358,0.3079709503867357,0.04643558195923088,0.02536238294659754,-0.5957180912941856,-0.6013838882213682,0.4877079913270474,0.21353756083719316
785,0.3261077921700336,0.3261077921700333,0.02796451298465512,0.007225541163299709,0.6650191839848807,0.2883448767860225,-0.44078274365675413,0.5294499880609699
786,0.3327026471137159,0.3327026471137158,0.06747321675444992,0.0006306862196174268,-0.6616474200706054,-0.14935294912387118,0.6140158742785616,-0.40360982921114263
787,0.25501402033546366,0.25501402033546355,0.14627727633248022,0.07831931299786965,0.7566312886185043,-0.42629536165013804,-0.3581873992052333,-0.3427581432579984
788,0.32174944485784174,0.3217494448578416,0.06110715324250892,0.011583888475491577,0.1881225247166568,0.25323396105867546,0.7835702176059626,0.5352571258205804
789,0.31985287115497335,0.3198528711549733,0.0117333536895794,0.013480462178359964,0.28713068204579056,-0.07984494915244622,0.2779765317617935,0.9131866202000809
790,0.32506532162132534,0.3250653216213253,0.018978855262154485,0.008268011712007972,0.268258154455266,0.9588302020946542,-0.08187563135653286,0.04448131191127941
791,0.2943336880994571,0.294333688099457,0.08758191628767464,0.03899964523387622,-0.6483331305963281,-0.6478195530176659,-0.3097247880978293,-0.25310972746402083
792,0.3127944192358985,0.31279441923589824,0.017385070452717775,0.0205389140974348,-0.08407203174431553,-0.079310787275025,0.8721276679991172,-0.4754314074718037
793,0.322734923498118,0.3227349234981179,0.09388715028274248,0.010598409835215317,0.5028863278288086,-0.788814812204827,0.2937974102701281,0.19636602314984525
794,0.3070768571407027,0.30707685714070254,0.04909922777333281,0.026256476192630607,0.3469253425785919,0.6818340781943991,-0.45216660218782256,0.4585743782151813
795,0.2595313361889973,0.2595313361889973,0.10320827640498045,0.073801997144336,-0.9612021194865749,0.1946735343838338,0.175852468955918,0.08525614152147874
796,0.27810621023394455,0.27810621023394455,0.0406908767352721,0.055227123099388764,-0.4998088821625678,-0.5561613701087516,-0.6448256220730926,0.15835254601113935
797,0.3315843317851583,0.33158433178515806,0.04779580461289136,0.0017490015481750332,0.013180354032241168,-0.27040442179869184,0.03720404983587832,0.9619374125249051
798,0.29394379966269446,0.2939437996626944,0.09770468667361254,0.039389533670638854,0.619047961492929,0.6453940311326364,0.2706943597197929,0.3563295238479494
799,0.296113548159993,0.296113548159993,0.07228456727154565,0.03721978517334029,0.4395695127101542,0.2704327292932971,0.7903345800770121,0.33017576221950157
800,0.287434983430978,0.2874349834309779,0.040175739727474465,0.04589834990235531,0.3813544783059888,0.28114180414578344,0.20952476450258564,0.8553522203734302
801,0.31624101857384185,0.31624101857384185,0.06751520757113452,0.017092314759491467,-0.78908562334212,0.5858967326324376,0.1566086955475404,-0.09768630510112371
802,0.3029716171882429,0.30297161718824267,0.0401502936428878,0.030361716145090423,-0.5107213813704609,0.7083042730325566,0.41533022876259346,0.2548912091282892
803,0.31799349655858494,0.31799349655858494,0.03038542515356388,0.015339836774748372,-0.5740825178187068,-0.2468798280344483,0.2257969465038694,0.7473254660414993
804,0.2756288010533775,0.2756288010533773,0.035352679692641296,0.05770453227995581,-0.9725374829408132,0.07231107413278738,-0.14379028922604978,-0.16812586224968226
805,0.3198082905403824,0.31980829054038235,0.05085490413404402,0.013525042792950914,0.4215484381778797,-0.6490405200769404,-0.14673859398059738,0.6160447245165261
806,0.31462628877857096,0.3146262887785709,0.07911818051798308,0.018707044554762353,0.03421998039633167,-0.5002901781741546,0.2597643607158463,0.8252643258169076
807,0.31084933981732193,0.3108493398173219,0.07311878875083208,0.02248399351601138,0.09168558663387082,0.2761889936008073,-0.5525469655253028,-0.7810283246503652
808,0.32518640266378257,0.32518640266378246,0.042655331889402674,0.008146930669550745,-0.553195355122827,-0.8139255263435113,-0.11041877127865606,-0.1389526235314733
809,0.3162061854154852,0.3162061854154851,0.053905775664597394,0.01712714791784814,0.6449330887788933,0.2143309803189773,-0.18542410875852697,-0.7097474492837069
810,0.2739266529636828,0.2739266529636825,0.0063959165468591315,0.05940668036965052,0.1415555776653082,0.8257053975507085,-0.020017010356411784,-0.5456848304505619
811,0.31353976238191844,0.31353976238191833,0.010435449818170234,0.019793570951414874,0.251718272310695,0.1165579407639509,0.23735570285617705,0.9309749879300926
812,0.27574035939668545,0.27574035939668545,0.10617300192990375,0.05759297393664786,0.3539980746708548,-0.6505283948152163,-0.5506558207098298,0.38506666667844636
813,0.30120667926073175,0.3012066792607317,0.039438732939574506,0.03212665407260157,0.4658830510048806,0.44095776333314235,-0.7584475486864755,-0.11518050891575708
814,0.3056620053588221,0.30566200535882204,0.0437941554105807,0.027671327974511217,0.4349260782971533,-0.733312835740977,0.10553671361252584,-0.5118140223112818
815,0.32647471010615176,0.3264747101061517,0.015478713425533704,0.0068586232271815595,0.13872503047062634,0.8135757264978859,0.3700599573023094,0.4265038466131037
816,0.32812276766740894,0.3281227676674089,0.03313038987636128,0.0052105656659243715,-0.5060991984807469,-0.8505233694719759,-0.07040466227753167,-0.12456637912682882
817,0.266144826644148,0.266144826644148,0.07781345434356668,0.0671885066891853,0.28286972621241324,-0.5817562224966099,-0.7510645567015164,0.1320850000785258
818,0.31689184695222145,0.31689184695222133,0.06868332782433072,0.01644148638111187,-0.8054329731348954,-0.1352354668123575,-0.5645346257660353,0.11953974491494171
819,0.3271241817023078,0.3271241817023078,0.00272143734402715,0.0062091516310255335,-0.3532777475977006,-0.0023427810622854805,0.8725688443049581,-0.33736175891392833
820,0.3314142108878067,0.33141421088780665,0.039338763250373644,0.001919122445526611,-0.681380730825437,0.4773976197771385,0.09113691436977621,-0.5472712993845668
821,0.3100701176618252,0.3100701176618252,0.051830054296117506,0.02326321567150813,0.8736148494238407,0.46478227443212605,0.14343043123571583,-0.014221238884024701
822,0.3252581101812891,0.32525811018128903,0.08631089206356603,0.00807522315204423,-0.28704336213607695,0.3951824063981972,0.6117603986731953,0.6222428694184934
823,0.2622082925438919,0.26220829254389183,0.057593084865048716,0.07112504078944143,-0.021057653161774798,-0.6501735727775811,0.6308293012409993,-0.4229483339614264
824,0.30973567564366006,0.30973567564365995,0.012942136016546382,0.023597657689673257,0.2512325726900204,0.07990483061747156,-0.8191900732452684,-0.5093378410838513
825,0.30259142495727587,0.3025914249572758,0.025278041106191106,0.030741908376057447,-0.37247106659025747,0.6135542271073604,-0.6373038528332138,0.2804644614131123
826,0.3281359135464175,0.3281359135464174,0.03228377361495084,0.005197419786915791,0.6819423799783992,-0.4700182253001948,0.06482529156045395,0.5566283678084993
827,0.3090960446023592,0.30909604460235907,0.07918513208613585,0.024237288730974138,-0.782783849545224,-0.03382519480766507,0.0014797470174922984,0.6213719590037419
828,0.28085815464021985,0.2808581546402198,0.09980650081323574,0.05247517869311347,0.23588966891247048,-0.3522026117757414,0.06004627184977437,-0.9037166755104469
829,0.3264722853898757,0.32647228538987566,0.006610728057281252,0.006861047943457599,0.5688974235906805,-0.13024734398024915,-0.6319139748746141,0.5099765476726771
830,0.31731145613151585,0.3173114561315158,0.01609985470901926,0.01602187720181747,-0.28644119081388825,0.7795821331170676,0.4845437919293282,0.2746278493389047
831,0.2885045244754926,0.2885045244754924,0.08465296344308906,0.04482880885784074,-0.05433681357352496,0.6544000719049181,0.28268747288892193,-0.6992108760976112
832,0.3031242267495561,0.303124226749556,0.010908742377625987,0.030209106583777234,-0.2498712189792021,-0.4694711243814513,-0.8282325399695393,-0.17661284504097924
833,0.3289701029691156,0.32897010296911544,0.041712786641451255,0.004363230364217707,0.12270273442740992,0.8868704125428116,0.29888872459308913,0.33025814241483276
834,0.3178508494332128,0.3178508494332127,0.06317499091475237,0.015482483900120525,-0.3830934722702444,0.8819256147561494,-0.19149215790756777,-0.19691966636377065
835,0.2916225874691271,0.291622587469127,0.022588500205648353,0.0417107458642062,-0.0353829410929749,-0.8723095955281065,0.4525779087814389,-0.18165146162974238
836,0.2979143661157118,0.29791436611571176,0.008217942662813196,0.0354189672176215,-0.06335374267619757,0.49492576601057237,-0.8382576363160453,0.2199066269706373
837,0.2938441239280932,0.2938441239280931,0.04258735839285633,0.03948920940524009,-0.9401071234435587,-0.32713894327262644,-0.025029054053529412,-0.09247840125311595
838,0.32501684860972047,0.32501684860972035,0.023441611030415282,0.00831648472361285,0.43162650239444955,-0.89037067184831,0.02958587460745401,0.14164499697072028
839,0.2893696666072951,0.28936966660729496,0.06061605350235662,0.04396366672603824,-0.30955473657748495,-0.45623840286388856,-0.8289793779742541,0.0938912972967721
840,0.32912522993215526,0.32912522993215515,0.047924737015026156,0.004208103401178054,0.1860832852655873,-0.45092937538832195,-0.5158390801406068,-0.7042341604582644
841,0.31315819727003585,0.31315819727003585,0.029214835395905567,0.02017513606329746,0.2678272050912172,0.8657110572097906,-0.3819677886473605,0.18142095268622974
842,0.3000518310251372,0.30005183102513716,0.08543291496373177,0.0332815023081961,0.48010038438466635,-0.5061324383589991,-0.5805980002336375,-0.41980893020417126
843,0.31342238922791765,0.31342238922791765,0.016129907586477425,0.019910944105415662,-0.8013423489757348,0.3526170790159093,-0.2640850366637676,0.4046859631055127
844,0.31546034702683334,0.3154603470268333,0.012686413557530628,0.01787298630649997,0.06983006027673765,-0.06963853798311113,0.686314250900934,0.7205879444728531
845,0.2839231735688388,0.2839231735688386,0.10705805934144137,0.04941015976449453,-0.34898787351518035,-0.4794686149542128,-0.654664365269907,0.46875567224193787
846,0.3330786584418056,0.33307865844180556,0.07095155142014824,0.0002546748915276953,0.6352636902103332,0.21463892333777632,-0.6180660102208315,0.4103225359378314
847,0.2969023791529466,0.29690237915294654,0.04841628725450691,0.03643095418038672,0.4522658072234566,0.6598136642887796,0.1783247515945644,0.572976309286052
848,0.3158323440940693,0.3158323440940692,0.023698289802572544,0.01750098923926402,-0.37536168926531777,0.1753575804728962,0.34633217530389704,0.841669380191444
849,0.3085726701293165,0.3085726701293164,0.0944310808120976,0.02476066320401682,0.4301004963465664,-0.22465236781141434,-0.693537980577993,-0.5324940808825595
850,0.2937757539488153,0.2937757539488152,0.0389236333443495,0.03955757938451804,0.10068170815240439,-0.7107597651243671,-0.12243595079150432,0.6853416577719824
851,0.2924323353823174,0.29243233538231705,0.033793862779628876,0.04090099795101593,-0.5332211746586416,-0.5990622343969697,0.006838877397382337,-0.5972879104509919
852,0.31413398242417,0.31413398242416996,0.01802545470703178,0.019199350909163304,-0.6266655009171955,-0.6891972385760058,-0.3086194448921122,0.19248780359776807
853,0.31156761991610304,0.3115676199161029,0.043181369257923395,0.02176571341723027,0.8787838496578707,0.4535812750114004,0.14111303252126808,-0.045717442975045125
854,0.32972347444050876,0.3297234744405087,0.04232270666090085,0.003609858892824558,0.6918733037119956,0.6758617127798473,-0.22152582054473346,-0.12429234747530743
855,0.2967484315614145,0.29674843156141445,0.08606134367817053,0.03658490177191881,0.7370450862568568,0.4835895795808639,-0.01739696851990801,0.47180822887243384
856,0.27788456464995814,0.27788456464995803,0.11789059541610024,0.05544876868337517,-0.031152428463223032,-0.14683661670072537,0.3328926713326994,-0.9309409237807239
857,0.32744033857281596,0.32744033857281596,0.014656914047360742,0.005892994760517356,0.06784786298210764,0.6798671862009745,0.4587235593091345,0.5681108806832424
858,0.3239937968390796,0.32399379683907936,0.0764475959349248,0.00933953649425373,-0.570510344721269,-0.5939624948745578,-0.2524746367614576,0.5079203274536074
859,0.31005880805373304,0.31005880805373287,0.05883011175618382,0.023274525279600278,-0.3944826608467741,0.7806914901041755,-0.4841577227422203,0.022260437534754558
860,0.32922071606512354,0.3292207160651235,0.02063281068097854,0.004112617268209773,-0.5918040363477801,0.6030898659120353,0.030916956958190384,-0.5339426354666991
861,0.23367100960106485,0.23367100960106482,0.16580215434598802,0.09966232373226847,0.08005955131205211,0.7715635238200221,0.5045307154274175,-0.37911601673424633
862,0.297282472322694,0.29728247232269384,0.06508957568502194,0.03605086101063931,-0.7234550592630606,0.27938070967840656,-0.34705641271929355,-0.5273623447656144
863,0.2836413216914451,0.28364132169144496,0.11839679081460945,0.04969201164188819,-0.3845840731939135,-0.5878186026322312,-0.572640894659686,0.4226662830276673
864,0.2945616944383086,0.29456169443830854,0.07189214045312443,0.03877163889502472,0.33636197387053834,0.8148147096082841,0.23806926188416777,-0.40775070580663675
865,0.2835897440379776,0.28358974403797743,0.08221609681936766,0.04974358929535572,0.17492804929948028,0.4583919278700407,0.4849521803495391,-0.7239464074129344
866,0.32754132356885607,0.32754132356885574,0.006431414051358067,0.005792009764477246,0.275053076671314,-0.19834528289842396,0.14059854015188852,0.9301811674468291
867,0.31104365523811167,0.3110436552381115,0.057521365312096485,0.022289678095221643,-0.4194789829368708,-0.5914346191904254,0.46611684722908286,-0.5069295402978061
868,0.2987812943026531,0.29878129430265304,0.052191683126137416,0.034552039030680215,-0.6299363735358579,-0.2766784548109197,-0.72561548950189,-0.01055269325180042
869,0.32311676755811286,0.32311676755811286,0.06300818678058098,0.010216565775220454,0.14132504283433864,0.4192342462569466,0.5144170207553203,0.7346053415205083
870,0.302087281950149,0.3020872819501489,0.005576419304417092,0.031246051383184315,0.6147513784728924,-0.36633638437761923,0.6464050368698565,0.2646486811909164
871,0.3111618493094679,0.31116184930946783,0.06587065033397241,0.02217148402386543,0.8381154415739412,-0.49805452346837237,-0.17735415924358236,0.13434917360003418
872,0.32671352890066346,0.3267135289006633,0.03936910536020017,0.006619804432669851,-0.8050741771446824,-0.5878312916487928,0.07556816418024137,0.024482532870442913
873,0.2995061572581808,0.2995061572581805,0.0021831356524378643,0.03382717607515251,0.04670200646841598,-0.031781323134207035,-0.8291676421331612,0.556138374265791
874,0.3148729492684838,0.31487294926848364,0.004682590698430321,0.01846038406484951,-0.29692363524337684,0.3277823458696902,0.879789223439101,0.17425846002545894
875,0.2354472751060408,0.23544727510604077,0.1663892462862905,0.09788605822729252,-0.06647807875658604,0.6760549075703025,-0.6773108822086625,-0.28245423671219044
876,0.32224905142682586,0.3222490514268258,0.0036804123882695694,0.011084281906507454,0.6140250056417302,0.0835982546988235,0.3240805806894059,-0.7148121441875488
877,0.3236177776713966,0.3236177776713963,0.01323123941510335,0.009715555661936714,0.7507663762661105,-0.48036755058849806,0.17886083131893962,0.4166601344378386
878,0.29929020415405105,0.299290204154051,0.05948774864592646,0.03404312917928226,0.41875904007410736,-0.8031484608927655,-0.3485451857792295,0.24105947314286655
879,0.2956550210930595,0.29565502109305947,0.06768382683241692,0.03767831224027379,0.2562723297193178,-0.7539982011378155,-0.20927155780501985,0.5674650833267469
880,0.2816551111236125,0.2816551111236124,0.08023949761444493,0.05167822220972079,0.23208852577210815,-0.4571858894689351,0.5278110166703887,0.6771495472617544
881,0.32284691826158485,0.32284691826158474,0.048585930178983265,0.010486415071748467,-0.7542999485245087,-0.6458531008426104,-0.11476261384204814,0.02710908061977452
882,0.2948467006741509,0.2948467006741507,0.09389514363690206,0.038486632659182396,-0.8175781042845169,-0.4978017447586929,-0.265810155368067,-0.11447457190546977
883,0.32614427336845153,0.32614427336845137,0.008532273998985441,0.007189059964881783,0.44589800366321,0.2579938738349001,-0.8486550972279656,0.11999440546049528
884,0.3137426649998244,0.3137426649998243,0.030345219792629535,0.01959066833350892,0.20436660777377466,0.024388700206060102,0.6187241661518742,0.7581687722064046
885,0.3136074517754624,0.3136074517754623,0.058831864344084155,0.019725881557870917,-0.36185863484998676,-0.4317885824313189,-0.34632265979805515,0.7501183665108172
886,0.3002933193099075,0.30029331930990744,0.05255230319797994,0.03304001402342582,0.40686573239220725,0.4639388976343274,-0.4055516652806234,-0.6743506668306267
887,0.27987184386678393,0.2798718438667838,0.09762883572743805,0.05346148946654938,-0.6000963954145803,0.43610259938853035,0.3654101863554247,0.5622937263785615
888,0.2944010426991483,0.29440104269914813,0.11071069486204554,0.03893229063418502,0.1693802040076384,0.4637225943900946,-0.49381502106313796,-0.7158340777825986
889,0.3304031737637143,0.3304031737637142,0.058797906195720465,0.0029301595696190064,0.6853244236247573,0.389371640783568,0.33636813933102067,-0.5153412797165519
890,0.32354913329093304,0.323549133290933,0.055774617636940214,0.00978420004240027,0.06283230760314328,-0.2935067586850041,-0.9512963144193808,-0.07029371166462524
891,0.3100401779066124,0.3100401779066122,0.0419307686318236,0.02329315542672089,-0.6425142601985092,-0.5789667158555779,0.12709902036112358,-0.48561178568503827
892,0.2524230839085211,0.2524230839085209,0.14606489531677816,0.08091024942481223,-0.7677384430765348,0.1432856743259134,0.3370641610775976,0.5257705296728239
893,0.3138486886033473,0.31384868860334725,0.02574063495437204,0.01948464472998601,-0.29350721832138305,-0.352373088960062,-0.3140818243713032,0.831287751966539
894,0.3218632520506847,0.3218632520506847,0.030821849200132086,0.011470081282648592,0.294404739027387,-0.2559015892757096,-0.42423065139106325,-0.8172322684920709
895,0.2492493180219217,0.24924931802192163,0.1135570712977335,0.0840840153114116,-0.04421556428081514,-0.7821228624760524,-0.3422276027974632,0.5188536207362312
896,0.3038879509821395,0.3038879509821393,0.10899241966974671,0.029445382351193816,0.7512021320852904,0.053519514733117446,-0.6578481281374867,0.008176710784311743
897,0.26964207159277753,0.26964207159277753,0.008809293801864397,0.06369126174055578,0.4958970834982212,-0.3611739748958484,0.574986084805741,0.5413228655023326
898,0.2953294644652998,0.29532946446529973,0.04140663895950367,0.03800386886803353,-0.24230818864862283,-0.7329695550384556,-0.1262923819538963,0.62297079173984
899,0.3171585637913079,0.31715856379130763,0.03986279532422711,0.016174769542025402,-0.4611762905992178,-0.3178766199804449,-0.420519263387255,0.7137467566155338
900,0.31930432166540235,0.3193043216654022,0.014923007273370979,0.014029011667930968,-0.8875545190028166,-0.4100689782123,-0.007668325431852847,0.20983709321916943
901,0.3321565887331674,0.33215658873316717,0.0564595524055192,0.0011767446001659243,0.0881753355303785,-0.3936240411608944,-0.7427969499717091,-0.5343574791625902
902,0.32863052786436664,0.3286305278643666,0.031031921345582324,0.004702805468966675,-0.1844231345127717,0.34346661393041644,-0.14479686896994665,-0.9094243560121746
903,0.28125746599808993,0.28125746599808993,0.11095048717273077,0.052075867335243387,-0.3750513424048493,-0.5426286232239413,-0.6326688105558615,0.40573494299633783
904,0.32636922878621843,0.3263692287862182,0.02234551750230361,0.00696410454711488,-0.221310295840378,0.41829798936115403,-0.11549759424768855,-0.8733320392465037
905,0.3098708161672147,0.30987081616721457,0.012521754361510009,0.023462517166118635,0.214906256332977,0.6249846617300999,0.04943740801380204,-0.7488427179855155
906,0.32816075097180974,0.3281607509718097,0.026407403968195988,0.00517258236152357,-0.040388491947727034,0.07551398391623806,-0.40684793080303067,-0.9094730172757072
907,0.30165816138226076,0.3016581613822607,0.03962907755899046,0.031675171951072556,0.5830272616691229,0.6353990530405242,0.45211579008562536,-0.22790034642593227
908,0.29040760068732036,0.2904076006873202,0.07824130077000548,0.04292573264601296,-0.900692363138519,-0.339692029290232,-0.2656762358284527,-0.052713659867806364
909,0.32518098803012113,0.325180988030121,0.05574175612224695,0.008152345303212183,-0.8517226335636439,-0.20411746150513774,-0.16790901304458103,0.4524501969526637
910,0.269338448095327,0.269338448095327,0.011764238147969874,0.06399488523800634,0.48886870157416823,-0.2841259136048662,0.5564530466977734,0.6088019913404954
911,0.2707623688270295,0.2707623688270293,0.10065015561539445,0.06257096450630384,0.15582188658758317,-0.8014576128266554,-0.30961936437134174,0.4873613481891764
912,0.32946891247860777,0.32946891247860755,0.024032450042680082,0.0038644208547255476,-0.589514646076964,-0.6769268315539693,0.35310577773738167,-0.263740130642902
913,0.30167367583814547,0.3016736758381454,0.011419447012651518,0.03165965749518784,-0.3220924454168641,-0.8799351911759774,-0.045788037498301216,0.3462282073395155
914,0.2898422707218723,0.28984227072187224,0.06743071294599833,0.04349106261146102,0.469803162980602,0.32771652472448765,0.7719998238255542,0.2755052440321953
915,0.3235917014683878,0.3235917014683877,0.0922888448128666,0.009741631864945532,0.008731167570488212,-0.18783087266249726,0.9700886234932893,0.1535297774263875
916,0.30362119942040855,0.3036211994204085,0.05570168862743803,0.029712133912924765,-0.05603234815413732,-0.3106201086375015,-0.10935484351697879,-0.9425587739073554
917,0.32926714196330714,0.32926714196330703,0.06846739150532688,0.004066191370026173,0.6692031830142983,0.22497819056259777,-0.6736445030365266,0.21852916771768086
918,0.2868377717783348,0.2868377717783347,0.09996423171273489,0.04649556155499851,-0.22525216156966024,0.46120041591512007,-0.825382256697835,-0.23515903213847636
919,0.31311662710221805,0.31311662710221777,0.045738513983763746,0.020216706231115267,-0.3804721887437525,0.07324868016322478,-0.7582300361490067,0.5243689128165016
920,0.2926987928814183,0.2926987928814181,0.050999434500829735,0.040634540451915,0.9480152906331006,0.22764394158767767,-0.21001637241589474,-0.07306413553537468
921,0.310329444824614,0.310329444824614,0.03984893975746171,0.023003888508719317,0.8709363547832577,-0.273055170602949,0.21012465707631328,-0.3503689030328003
922,0.31227372655735075,0.3122737265573507,0.05737047515592928,0.021059606775982564,-0.5137768715244446,0.6579242975010169,-0.31956474567893633,-0.4483830040975062
923,0.3207008004228538,0.32070080042285376,0.02686378556545887,0.0126325329104795,0.5551586067158306,0.139160637878662,-0.12868500685832593,-0.8098601158622484
924,0.2782017595358758,0.2782017595358757,0.10548835766281997,0.055131573797457534,-0.12292571108428611,-0.8537653999554746,0.5005214234995371,0.07383912249809124
925,0.26249753071935883,0.2624975307193588,0.10628145608916242,0.07083580261397449,0.21681584584926397,-0.47036242815608864,0.755003867888346,0.40214330112711516
926,0.25894775584220797,0.2589477558422079,0.04914528329217207,0.07438557749112534,0.3258084461887633,-0.36616715337551625,0.6566547715366727,0.5732146048375382
927,0.3046154256864587,0.30461542568645866,0.06631239624600557,0.028717907646874596,-0.27020992595589216,0.8516677859020683,0.4478005992415773,0.03351420132517608
928,0.24141985634548835,0.24141985634548835,0.16483034219410908,0.09191347698784497,0.7479368929201814,-0.33503659616969217,-0.42329754519662716,-0.3862124695895266
929,0.3182561337114048,0.31825613371140454,0.024884325484892524,0.015077199621928494,-0.6370203721048782,0.5218198264223187,-0.5449379927861685,-0.15796106575395577
930,0.3252436867586495,0.3252436867586494,0.048795510106299636,0.008089646574683806,0.3636813295095397,0.14597682958770314,-0.7868416107671624,0.47676717101226024
931,0.28825922861530945,0.2882592286153092,0.11844110509253669,0.045074104718023866,0.5614307620412179,-0.4294325296238144,-0.5208960208130919,-0.47859224548230633
932,0.32395963710595865,0.32395963710595826,0.0853665030219503,0.009373696227374662,-0.07924570555813674,-0.2052645592818561,0.9698936638739352,0.10436886331953803
933,0.28935812066364147,0.2893581206636414,0.02775338773364371,0.04397521266969184,0.03454538844333789,0.5278990947601654,-0.7788137133412855,0.3370138896251235
934,0.32798304858374383,0.3279830485837436,0.024846040018246526,0.0053502847495894845,0.19045761495287375,-0.19368851086936895,-0.052952311777595455,0.9609405342377214
935,0.27725142004852715,0.27725142004852693,0.11928312168077121,0.05608191328480616,-0.369908770916841,-0.6389963329474925,-0.5601830298355285,0.3755611278643423
936,0.317109110615918,0.317109110615918,0.08888749028589024,0.016224222717415304,-0.745209386280097,-0.06371227995091854,-0.6623193479362703,0.0440090596669663
937,0.31042928038459605,0.310429280384596,0.058787315017080836,0.022904052948737263,0.8532349703640087,-0.45889581302895005,-0.1823657957144737,0.16777197228933965
938,0.264676947075838,0.26467694707583783,0.11056443229131309,0.06865638625749532,0.017166852793782987,-0.40322470489163803,-0.7635555048904751,0.5040814690917129
939,0.29894495372928914,0.2989449537292891,0.06342278139562063,0.03438837960404417,0.35793952140182034,0.4560635620362921,0.7193846387849093,0.3825847198748408
940,0.3254264026081947,0.3254264026081947,0.015560393515523243,0.007906930725138595,-0.30937886452016583,0.125182886685472,-0.8891086993675108,0.31320869045784544
941,0.29204335666732933,0.29204335666732906,0.11734655076959705,0.04128997666600398,0.7812981525819297,0.16744883020990006,0.5925620227332357,0.10200164335782211
942,0.2232503853059824,0.2232503853059823,0.1707086521502262,0.11008294802735091,-0.8167250056430835,-0.19318203437619852,-0.3369107436739898,-0.4267693962183997
943,0.3188011388001481,0.31880113880014777,0.08000029211867897,0.014532194533185216,-0.01545648929663421,-0.8828026427045629,-0.43494838468415387,-0.17674980518548905
944,0.3276945554007263,0.32769455540072623,0.042943273925960194,0.005638777932607031,0.23002043489758592,-0.2285916827082788,-0.5294234743583281,-0.7839306263467958
945,0.32818806893570984,0.32818806893570973,0.009323530339197741,0.005145264397623472,0.6959131730932899,0.4489823307830157,-0.4179474104757381,0.3734162345647337
946,0.3190848723615961,0.319084872361596,0.07360789608694769,0.014248460971737209,0.5191345067474304,0.650127720945047,0.24021916613459066,-0.5001280461886765
947,0.2850839101102279,0.2850839101102278,0.08011008316960702,0.048249423223105437,0.924418525753143,-0.05140339935145115,0.3356753654165649,0.17358032386176822
948,0.3183271206094699,0.31832712060946977,0.027185840249878714,0.015006212723863432,-0.6715413917522368,-0.5446898319418494,0.23299012431075378,-0.44504016461021595
949,0.3105791858457327,0.31057918584573246,0.02554873547852525,0.02275414748760063,0.9329048301891726,-0.03907426737406876,0.33736187668517525,-0.11978624127314313
950,0.27709268975862905,0.27709268975862894,0.08417576937870917,0.05624064357470426,-0.6946364471002985,0.5165719280038292,0.18324207239628623,0.4658926834177534
951,0.31711360651055076,0.31711360651055065,0.01540242381405015,0.016219726822782554,0.43542557631044,0.8605333815408611,-0.024707587877643974,-0.26320410682555956
952,0.24958985348864074,0.2495898534886407,0.15772535911153432,0.08374347984469258,-0.0973199859569792,0.5426034346269277,-0.2269108563544589,0.8028834263657961
953,0.32225702725049354,0.3222570272504933,0.011055871565888326,0.01107630608283977,0.35313231092888486,-0.47146293424638636,0.15132118631575306,0.7938023501992205
954,0.2930061997209539,0.2930061997209539,0.10027830780469901,0.04032713361237944,0.27089448911264297,-0.09713641080807027,0.25249532659104,-0.9238110215370945
955,0.3122559560082225,0.31225595600822237,0.040034763055889815,0.021077377325110835,-0.16194375224927024,0.26500331863403115,-0.8642696703084566,0.3957087302616519
956,0.3168757418665835,0.3168757418665834,0.04186260194015416,0.0164575914667498,0.605915647346154,0.6738287889137126,0.3010699606808738,-0.2969475884862305
957,0.30918007923565555,0.3091800792356554,0.04822211372040948,0.024153254097677768,0.09377359064286363,-0.5645023073243872,-0.19329761022798206,0.7969816137173674
958,0.3316785383192209,0.33167853831922084,0.047555413005715204,0.0016547950141124201,-0.23168749949496226,0.9116067997855009,0.14801709502204968,0.30558940548363783
959,0.3232597218591236,0.3232597218591234,0.0027868547397246275,0.01007361147420971,0.08138611375481834,0.6924020525044259,0.583824061241597,0.4160590867784454
960,0.2995005428338174,0.2995005428338172,0.07396677065200788,0.03383279049951593,-0.013510457552896952,-0.7368174721806187,-0.6645917449369761,-0.12343132822626528
961,0.31127636480239285,0.31127636480239274,0.039852095827205516,0.02205696853094047,-0.42167224293750505,-0.7521964649160666,-0.21295712542007972,-0.45939336133279396
962,0.32496260367466784,0.32496260367466767,0.014190197630052857,0.008370729658665477,-0.3768375474632756,-0.22593989540867912,-0.1552338187726705,0.8847864646307788
963,0.3296180427361006,0.32961804273610057,0.034138104937469035,0.00371529059723269,-0.26555148457134564,-0.09394720138831283,0.259740488819796,0.9236835014554019
964,0.3243278377749907,0.32432783777499063,0.006574904704002176,0.009005495558342624,0.21232819915659495,-0.06813881586043846,0.2589148738294518,0.9398068555431661
965,0.2848152427425197,0.2848152427425196,0.10837021239553019,0.048518090590813634,0.18921026689529155,0.5200615144434445,-0.8206342334033789,-0.1424603490893235
966,0.2625149311752758,0.26251493117527563,0.06461799712177266,0.07081840215805751,0.329274382614356,-0.4053105986934432,0.7244735214659973,0.44993312418108805
967,0.32899617280006527,0.32899617280006516,0.054231568459991136,0.004337160533268047,-0.5871932557284304,0.7484000971500798,-0.1555256316530435,-0.2662952363669295
968,0.2877637591811413,0.2877637591811413,0.08628360408951839,0.04556957415219204,-0.5541619701134347,0.386854585780991,0.3752389793626211,0.634384543244169
969,0.27214481337899066,0.27214481337899055,0.11407885736658681,0.06118851995434266,-0.7172585080229315,-0.20721875896175365,-0.11190095795229504,-0.6558039297018795
970,0.31447371031202326,0.31447371031202315,0.00895177608327675,0.018859623021310057,0.35019876636402286,0.7709095271559515,-0.4189630598833757,0.3279165738880283
971,0.3257845445773138,0.32578454457731343,0.012185778811684141,0.007548788756019498,-0.07635267020943787,-0.19952870883968638,0.9448636091862859,-0.24817599427849996
972,0.2718560075002974,0.2718560075002973,0.07143772712345128,0.06147732583303589,0.6194185253647407,0.09478308323526378,-0.5421089528273204,-0.5598702892919514
973,0.3278514172689332,0.32785141726893297,0.013775631242416297,0.0054819160644001275,-0.43860801640585073,-0.46897992618718737,-0.013059276515444853,0.7664921996177642
974,0.31197820896877565,0.3119782089687756,0.03844231194281625,0.021355124364557665,0.1715975721828495,0.5331701015484411,0.18462395427985087,-0.8075877113613408
975,0.3275774444806193,0.32757744448061904,0.009436825510014457,0.005755888852713997,0.6210326713206583,0.6068047110446332,-0.3588111485458976,0.34257995196091107
976,0.26044467269894067,0.2604446726989405,0.08691922272580714,0.07288866063439264,0.9734172993901601,-0.1641864616667796,-0.15209481892740198,-0.048669632305487154
977,0.2659721617000774,0.2659721617000773,0.12740165287637942,0.06736117163325589,0.15772709506603702,0.561105334908278,0.7838549364525113,-0.21413641731038643
978,0.3141909585611612,0.314190958561161,0.061001211549504025,0.01914237477217212,0.2329794717460474,-0.260767982478915,0.9197913757393792,0.17805743504349722
979,0.33297643764590873,0.3329764376459087,0.06824583916541636,0.00035689568742458544,-0.675897620301647,-0.443093856093324,-0.1094408267358711,0.5786647967574046
980,0.300102081517694,0.30010208151769374,0.0026119051883485684,0.033231251815639296,-0.49802973904869025,0.25376093085027535,-0.7856603753458985,-0.265159468260964
981,0.277630693306871,0.27763069330687096,0.10953009782298,0.0557026400264623,0.43739481758225884,-0.31714585788241045,0.3932481871675133,-0.743949018192562
982,0.31268090484831185,0.3126809048483118,0.04414444305827268,0.020652428485021468,-0.5639731299714578,0.12913663665039862,0.8096493353717464,-0.0986204414759404
983,0.3304841210848652,0.33048412108486497,0.03507829544161797,0.002849212248468125,-0.1270666446059393,0.58392746799528,0.5861041057825298,0.5471423554561191
984,0.29262919344025595,0.29262919344025584,0.05162175585940381,0.04070413989307736,-0.4797818664375468,0.6478938501970763,-0.1722762645318379,0.5660068976553806
985,0.2973223998322235,0.29732239983222347,0.06711442750364273,0.03601093350110979,-0.44842056826763216,0.6127729410494618,-0.41164463343549895,-0.5039613203767531
986,0.3256368662340872,0.32563686623408705,0.009664703393621358,0.007696467099246096,0.37419191311331745,-0.8812817217610392,0.15102234504851056,-0.24599835435738626
987,0.32867805968856,0.32867805968856,0.010340050469193311,0.004655273644773306,-0.2630257934203108,0.2344017828760383,-0.125799403539887,-0.9273875922445582
988,0.3286834189425481,0.328683418942548,0.018791151391562406,0.004649914390785215,0.3821169375548255,-0.9164169877534781,0.09841277637085209,-0.06694382747904191
989,0.3244850432452902,0.3244850432452901,0.023304117070058587,0.00884829008804311,0.35835281772691674,0.03400335309319629,-0.15875952099606236,-0.9193598014372281
990,0.3093421657663509,0.3093421657663507,0.05240313033067639,0.02399116756698244,0.43776246125361323,-0.6724368526786695,0.596759256305969,-0.008431885312954983
991,0.26603154495128467,0.26603154495128456,0.13197767872526062,0.06730178838204864,-0.17455361774097364,0.18595142168954013,-0.36647733203864125,0.8947890636384735
992,0.271755412189654,0.2717554121896539,0.14336529597891098,0.061577921143679326,-0.24376501519096697,-0.6951370180063627,-0.44775057605046714,0.5068358365512882
993,0.30808423432597226,0.30808423432597204,0.06433967442165109,0.025249099007361053,0.1673325425820113,0.20461870690490735,0.8941276939210367,-0.3614784529415988
994,0.316344276005504,0.31634427600550374,0.022456004056313435,0.016989057327829293,0.44718464174056455,0.011490908215547203,-0.31374732121010485,-0.837529983733853
995,0.3055171650874982,0.3055171650874981,0.0694557145559736,0.027816168245835104,-0.05462496769133167,0.5939966124878728,-0.2231366174422736,-0.770969640915953
996,0.26161105473166635,0.26161105473166624,0.11941894281387709,0.07172227860166697,0.18075400843513922,0.49716131670413716,0.616593636960249,-0.5830702363075746
997,0.3228383521475189,0.3228383521475188,0.002518847696153429,0.010494981185814434,-0.15753666337977695,0.3346307665571303,0.34743740755036034,0.8616795794256928
998,0.32061296224170766,0.32061296224170743,0.05023808119762993,0.01272037109162566,-0.5029830251739968,0.12899864829804736,-0.06315432098944336,-0.8522786849760198
999,0.28280033286184625,0.28280033286184597,0.12144271994273863,0.050533000471487066,0.04900603548870084,0.18908480175266193,-0.24073869708062448,0.9507314163104952
1000,0.2934576278106092,0.29345762781060913,0.01810197769842821,0.039875705522724125,-0.5403441886990632,0.7062432918244615,0.4328644946527921,-0.14790841680270336
1001,0.3198993867413325,0.31989938674133245,0.031053158816803775,0.013433946592000812,-0.7808512406630417,-0.585147617227929,-0.1918328335956087,0.1052319816507565
1002,0.2483275254233272,0.24832752542332712,0.11881566073832285,0.08500580791000611,0.05123794514708676,-0.5534811556419331,0.5931839531810167,-0.582379670846189
1003,0.3026973469505561,0.302697346950556,0.0019584564913226366,0.030635986382777203,-0.2307632175494746,-0.5709760654459577,-0.7463879657494564,-0.25226905220112816
1004,0.32623593541348267,0.3262359354134825,0.007696345804081716,0.007097397919850645,0.35469454996244265,0.0716727872240062,-0.9322093788015183,0.006360964782968596
1005,0.29681458584119885,0.2968145858411988,0.1051233163591945,0.03651874749213446,0.8287923340935952,-0.48844916160327984,-0.052215938800468875,-0.26794435842526965
1006,0.3044439298527938,0.30444392985279367,0.06707664057760959,0.028889403480539533,0.5154326954253353,-0.11041996721853597,0.43979069988353287,-0.7271318364794537
1007,0.312380542353669,0.3123805423536688,0.01621978005422274,0.020952790979664293,0.6610065724925025,0.4671816317303569,-0.24515187611920067,0.5335842873723993
1008,0.32690625018331926,0.3269062501833192,0.02032225157142655,0.006427083150014057,-0.6483994535246821,-0.1513717406103941,-0.2654579470562627,0.697278153363597
1009,0.3233848931230478,0.32338489312304775,0.03593352431395538,0.009948440210285514,-0.22433522126551012,-0.8778500797013845,0.08305073205984052,-0.414916283088953
1010,0.32306555941278003,0.32306555941277987,0.009047007697819966,0.01026777392055328,0.567067474091015,0.6961545555603335,-0.07869508438068394,-0.4331401601040333
1011,0.24762602613242837,0.2476260261324283,0.14907244729866032,0.08570730720090494,0.09444120717644802,0.6444258859426311,0.724782874646444,-0.22469072195653125
1012,0.30930855582531297,0.3093085558253129,0.09761839161280328,0.024024777508020345,0.42789538279287226,-0.23481843735998972,-0.6774720782526734,-0.5502703208863419
1013,0.32065990329112304,0.32065990329112287,0.003435127193504038,0.012673430042210276,0.3984635382217705,-0.7820705143235053,-0.2342713811895244,-0.4179825825188273
1014,0.29850296933491893,0.29850296933491877,0.07419160622558368,0.03483036399841438,0.3798244468241769,0.08770507271961121,0.4728645606816729,0.7902153611929373
1015,0.2982349283783111,0.29823492837831095,0.009944635903583857,0.0350984049550222,0.42469449379496477,0.2452896387907667,-0.527194081977724,-0.6939264946446408
1016,0.3177632989691601,0.31776329896916006,0.027337255203913696,0.015570034364173202,-0.6623383529651196,0.513644190833057,-0.379619750379607,0.3916202197750159
1017,0.32944643741219354,0.3294464374121934,0.029509132661739913,0.003886895921139777,-0.010190391163920568,-0.19815654000899707,-0.5158259999426006,-0.8333988717071829
1018,0.2891403911169641,0.28914039111696405,0.06703020392877827,0.04419294221636921,-0.345527000524259,-0.4009761394115203,0.8150379177643583,0.23567439431911333
1019,0.2885763902193447,0.28857639021934456,0.08660525000848182,0.04475694311398859,0.6646041504944578,0.6209719732142125,0.35008322723186774,0.22391262947611476
1020,0.262155153677626,0.2621551536776259,0.11076886403180486,0.07117817965570733,-0.9417705777396533,0.20429867285212208,0.2648938545913163,0.03408044856711299
1021,0.29385336840154336,0.29385336840154314,0.03293638246393828,0.03947996493178996,-0.9382625988316445,0.1823475324605542,-0.08745756565932691,-0.28064897514186665
1022,0.322483708865798,0.3224837088657979,0.022547787487600578,0.01084962446753529,0.3265469670383339,-0.850358103793292,-0.33921856900276914,-0.23492325571312794
1023,0.25868760752183795,0.2586876075218377,0.09092783270571818,0.07464572581149537,0.9335344750213364,0.037050462814357914,0.22146637681677725,0.2794517688108789
1024,0.30952052571352234,0.3095205257135221,0.04406029316078037,0.02381280761981097,-0.4857405334068101,0.07313998200551944,0.8607331830706091,0.13358542135666204
1025,0.24577453325532606,0.24577453325532597,0.16023538909807117,0.08755880007800726,0.7470362401044364,0.20814713511058727,0.25626737515361614,0.5770083695647384
1026,0.23594693493640476,0.23594693493640473,0.16042627933717263,0.09738639839692856,-0.8081793172859169,0.33576202125457527,0.43021122590516214,0.22142347955781244
1027,0.31549822316756604,0.315498223167566,0.01644206504529793,0.017835110165767276,0.4092144083418643,0.24757356912788267,-0.8753354098323978,-0.07098461923718302
1028,0.28618528276709837,0.2861852827670983,0.1009497484282933,0.047148050566234945,-0.22050614628874615,0.07768369415346661,-0.33076826017804123,0.9142946139895763
1029,0.3039813178531304,0.3039813178531302,0.06511777548862914,0.029352015480202942,-0.8843902862674683,-0.3137435093204921,0.2394017903469274,0.2492099811277505
1030,0.3307727814616944,0.3307727814616944,0.06252954565685899,0.002560551871638894,-0.6098157690686261,-0.2075545502880915,0.7267144267486793,-0.23860422964668224
1031,0.2683338923384838,0.26833389233848365,0.06608321041173044,0.0649994409948495,-0.589951262476658,-0.40810514193978054,-0.6780899449722199,-0.16000539850917722
1032,0.31366776998930745,0.3136677699893074,0.01311651268468153,0.01966556334402586,-0.141493631088468,0.5932265237674953,0.04961499594118026,-0.790948921257176
1033,0.3033665166223562,0.3033665166223562,0.05629278636848931,0.029966816710977118,0.36426641820357214,0.871215290659852,0.2409029443381698,-0.22418667511431264
1034,0.3219640123324056,0.3219640123324056,0.06732831877109723,0.01136932100092769,-0.6224601642565535,0.3843770663662886,-0.5380429464722992,0.4186972683416467
1035,0.3126977105731285,0.3126977105731284,0.0449447707047924,0.020635622760204808,0.2818293513298065,-0.4895146946136686,0.27079121826010305,0.7794996450284737
1036,0.3248670055085661,0.32486700550856606,0.026048276725091624,0.008466327824767195,0.2371663168797598,-0.2894444156569368,-0.43199430767954333,-0.8205821022391215
1037,0.3171676509883,0.31716765098829985,0.042076431226454235,0.016165682345033294,0.510288889192159,-0.6426887679559594,0.5712994064226647,-0.013167586392128124
1038,0.32962554145781925,0.3296255414578192,0.059144516440917144,0.003707791875514066,-0.6544091860707983,0.10852910926954933,-0.6042656241359019,0.441399031619874
1039,0.3223031747063348,0.3223031747063348,0.0015657343636023308,0.01103015862699852,-0.5285016551504038,0.811345003219318,0.1308536817260715,-0.21279708699383115
1040,0.2851161472362095,0.2851161472362094,0.008652140089980657,0.04821718609712383,-0.9865946070273282,-0.12889457780026228,-0.06850382282768946,0.07296914043811127
1041,0.32310163960289967,0.32310163960289945,0.04826798584703122,0.010231693730433644,-0.7237353961822378,-0.5714885087502984,0.20116327738277906,-0.3303653984785913
1042,0.3317648326719468,0.33176483267194673,0.04708129012900628,0.0015685006613865293,-0.003119276767989833,0.8571729875190175,0.2998464659934418,0.4187324162414592
1043,0.2822825692381617,0.28228256923816164,0.09585803057999887,0.05105076409517162,0.4611684174083467,0.08218880535778986,0.5438006456088563,0.6963113878821252
1044,0.33150273141823305,0.3315027314182328,0.043432208888738326,0.0018306019151002606,-0.2762408401321607,-0.25562690862174764,0.135906828048778,0.9164470611668121
1045,0.26409275955226946,0.26409275955226935,0.07524435600822268,0.06924057378106385,0.0886983194766433,-0.8443029654265924,-0.2277892080710954,0.47686181161865415
1046,0.307018836311819,0.307018836311819,0.014176105391120127,0.026314497021514338,-0.5078653982686765,0.34806363035187965,-0.7660745847071634,-0.18453773904926793
1047,0.2918769993586848,0.2918769993586848,0.10608672337934734,0.04145633397464854,0.25647852351670425,0.22390448157028064,-0.5465730100454468,0.7650774436599834
1048,0.27684170434065886,0.27684170434065863,0.12632620726250693,0.05649162899267446,-0.7154700327571316,0.05292410851686439,-0.3215516700760128,-0.6179855940355982
1049,0.3261670189346349,0.3261670189346347,0.02669934362160099,0.007166314398698415,-0.6844844058818571,-0.14423779069394851,-0.6542508972650313,0.2874583818019426
1050,0.30002611855548056,0.3000261185554804,0.06535744060367073,0.033307214777852756,-0.070806488458255,-0.5285103144491909,-0.30294822656540865,0.7898643305871599
1051,0.2957402100240765,0.2957402100240765,0.05674356540771945,0.03759312330925679,-0.6646919740968328,-0.19423951505455864,0.7053276701988831,0.15155351534834435
1052,0.32447319440356504,0.3244731944035647,0.008542368576704821,0.00886013892976828,0.5879699633477623,0.5816740401385271,-0.38442831487992307,0.4100749979556628
1053,0.31650672107857425,0.31650672107857414,0.09110079388490143,0.016826612254759066,-0.0796900320308818,0.2993917993085961,-0.945096053143396,-0.10395912482535459
1054,0.30234375517479695,0.3023437551747967,0.007777073250641016,0.03098957815853637,0.16797662363576601,-0.22689766560752508,-0.4472973593500974,0.8486615200256306
1055,0.2858624332315668,0.2858624332315667,0.11299668761069019,0.04747090010176652,0.5790798045970215,-0.15834316119342579,-0.5250814457215409,-0.6032275678134451
1056,0.31634634891420477,0.31634634891420443,0.014236589241541255,0.016986984419128548,-0.30533734151132236,-0.8274615756322221,0.32123162427939905,-0.34479949578538716
1057,0.31220303059194643,0.3122030305919464,0.013129917115305749,0.021130302741386886,0.4064245376737214,0.05777626999685953,0.7377576423586423,-0.5359054570942241
1058,0.3137686725951953,0.3137686725951952,0.07619883048100985,0.019564660738138007,-0.11784818391870233,0.21514222209627074,0.9247339282429219,-0.29102026007643744
1059,0.31837948276663985,0.31837948276663974,0.08775997075704352,0.01495385056669346,-0.8383467190594359,0.5442022722583079,-0.010900381779443627,0.029997453029149457
1060,0.3174192861846303,0.3174192861846302,0.0319420930195339,0.015914047148703037,0.33752750951337573,-0.2736278822255671,-0.39219685097982504,-0.8107925705579436
1061,0.2997542267575396,0.29975422675753954,0.06588409175983277,0.033579106575793716,-0.3731623539371003,-0.8147078974840979,-0.22986499800513613,0.3796880062278259
1062,0.28518196741871343,0.28518196741871343,0.10972981691398792,0.04815136591461988,0.9009828528818611,-0.376309426795294,-0.21488347832416888,-0.02112356175380196
1063,0.3254290383743466,0.32542903837434656,0.0017119975688449965,0.007904294958986702,0.10079266940339467,0.08114615086777872,0.35885560764789476,0.9243802209337573
1064,0.32549233807083383,0.32549233807083366,0.03429864701063024,0.007840995262499484,0.0810286738781244,0.5004848791281509,0.7343738861139799,0.4512695814781716
1065,0.2981245413939501,0.29812454139395006,0.07072394870077824,0.0352087919393832,0.3532394403839156,0.8168703268132329,-0.23070926775378697,-0.3933420911901134
1066,0.2273770849820912,0.22737708498209092,0.1763786555204346,0.10595624835124212,-0.1222178194063455,-0.6584938965504793,-0.6413164264538002,0.37438193597695424
1067,0.3034392905978874,0.3034392905978872,0.08317799209376836,0.029894042735445936,0.910570424764612,0.018168427870664215,0.04814445012920308,-0.41013841772560083
1068,0.3080251689959524,0.3080251689959522,0.03930204787695255,0.025308164337380923,-0.3620370191316669,0.4949218769175147,-0.7261563404629583,0.31093166730351834
1069,0.3304810370486956,0.3304810370486955,0.03015981859063514,0.002852296284637734,-0.20095131513920564,-0.9228555210872442,-0.06509698854416215,-0.32205378157241954
1070,0.26312057012621437,0.2631205701262143,0.026895370998816052,0.07021276320711894,0.3842585385377933,0.49971884361714897,-0.08523672553975517,0.7715964965666959
1071,0.3276600598180122,0.327660059818012,0.07728162465993736,0.005673273515321098,0.6296059416186882,-0.20112366050071234,0.6076122927451894,-0.44040087780359094
1072,0.3284879153568779,0.3284879153568777,0.0175962562361644,0.004845417976455435,0.1757601748590306,0.033316630669898595,-0.4469568558987997,-0.8764861276822288
1073,0.317229320369318,0.31722932036931795,0.09997690464524159,0.016104012964015313,0.8120029977241079,0.16528627389259615,-0.010408704123173818,-0.5596635044633878
1074,0.3260979434231776,0.32609794342317755,0.015031102234003136,0.0072353899101557095,0.2274568938462555,0.1162544828240926,0.9527266113219873,0.16450003265664986
1075,0.3301832297280146,0.33018322972801456,0.007344028682935527,0.0031501036053186993,0.761945361715995,0.11625978350384811,0.47757306837226937,-0.42171897380200457
1076,0.29661798015431856,0.29661798015431845,0.07173208616944261,0.036715353179014754,-0.8187858054448955,0.2435616105070463,-0.38285278295317143,-0.35169772998155546
1077,0.2921042355875231,0.2921042355875231,0.024880205520313132,0.04122909774581024,-0.34602443923625,-0.5947708410449097,-0.193137076733783,-0.6994374909058695
1078,0.3109080896805696,0.3109080896805695,0.01657438878346738,0.022425243652763716,-0.3159433344249278,-0.19573939782020647,-0.33226178654613553,0.866872541250795
1079,0.324970032145943,0.32497003214594294,0.0364246867290586,0.008363301187390315,0.33619632468383154,0.15824385431040705,0.08893959064235918,-0.9241323839463911
1080,0.3027673937810216,0.30276739378102147,0.055250255754986814,0.03056593955231174,-0.06326437974304058,0.22947791891815425,-0.6596730883151128,-0.7128596773121081
1081,0.29567799103302633,0.2956779910330262,0.01945797584646016,0.03765534230030698,0.6260773525015239,0.3856265015964203,0.671886871381687,-0.08881093410226697
1082,0.26792040573902215,0.2679204057390221,0.11057719631710548,0.06541292759431117,0.0004377354147502728,0.48327095697606753,-0.6642067630857074,0.5703318037794749
1083,0.28862456100976464,0.2886245610097645,0.08991767671585144,0.04470877232356868,0.28175483989274036,0.7146118647057418,-0.6397690366138865,-0.02529175377347969
1084,0.32682690000191006,0.32682690000190995,0.0026197585357751454,0.006506433331423256,0.3145565176038997,0.4279365076581825,0.057842049948393925,-0.8453276523952078
1085,0.31609990154927525,0.3160999015492752,0.07539079521721716,0.017233431784058062,-0.5167223077885896,0.44567986296673656,-0.607462114807449,0.4066414827009741
1086,0.31354543129948714,0.3135454312994869,0.042837425659866694,0.019787902033846172,-0.23084131567199112,0.05227933456507296,0.23238441771644253,-0.9433857326453731
1087,0.2954732294369035,0.29547322943690335,0.09663843673326442,0.0378601038964298,-0.6131439430409824,-0.029216211346627316,-0.16171238174672423,-0.7726901213918212
1088,0.2180137622978365,0.2180137622978364,0.1934407624796662,0.11531957103549681,-0.026535336850987527,-0.6505547274354145,0.6530752898151347,0.3867390442436807
1089,0.26160116242077147,0.2616011624207713,0.10003618067201796,0.07173217091256184,-0.6088764311640541,-0.4686027023491793,-0.19206679417260933,-0.6105664136686753
1090,0.3284564659328432,0.32845646593284294,0.014248915158820066,0.0048768674004900925,-0.3622669277270007,0.17803171229712547,-0.8862213136015249,0.22733052107049165
1091,0.3066490986050302,0.3066490986050302,0.08185878994591929,0.026684234728303113,-0.46172210282000276,0.4955314474360269,0.519778096292659,-0.5206649738400021
1092,0.3140606827995669,0.3140606827995668,0.041188877611311604,0.019272650533766422,0.25777924087052023,-0.2107264250451278,-0.16496857012150987,-0.9284016413363253
1093,0.3331492037459928,0.33314920374599266,0.07592790120438044,0.0001841295873405424,-0.12485955871105904,-0.20924272981300104,0.1859976014273873,0.951857375283788
1094,0.28582144777826307,0.28582144777826285,0.09672051577726827,0.047511885555070243,0.2731443447562911,0.43591754752194223,0.8134311519149815,-0.2714734237165357
1095,0.2877310798188417,0.28773107981884155,0.018878806970508488,0.0456022535144916,0.3598902616221992,0.6102266207057621,0.6606070015808838,0.24839657894956002
1096,0.31664704857757275,0.3166470485775727,0.04553437190101891,0.01668628475576056,0.8878055713568821,-0.44667985089014633,0.057494668675033556,0.09472455516065945
1097,0.31722433129013405,0.31722433129013394,0.006785172162395216,0.01610900204319926,-0.45349363882711785,0.8150727100880509,0.30617844594302834,0.19040681724395198
1098,0.3115428296069892,0.3115428296069891,0.06189379320507825,0.021790503726344113,0.12375390371116662,-0.40585219212480156,-0.9049982380300693,-0.030775942328553456
1099,0.3077178009390397,0.30771780093903967,0.05228138143438622,0.025615532394293594,0.2613417526307994,-0.8201643238554782,-0.49476287567881516,-0.11933426606208991
1100,0.31354791765525586,0.31354791765525586,0.06668424708384785,0.019785415678077456,0.881593711655445,-0.43939136507138843,0.11224926781348504,-0.1308734417122695
1101,0.31393601512732755,0.3139360151273274,0.0064589791338268395,0.019397318206005765,0.3540317033080377,0.2550728626226474,0.898387408689507,0.0499945168438542
1102,0.3057063657575956,0.30570636575759547,0.05489242491147344,0.027626967575737738,0.506614403909774,0.15262351924709325,0.831520864060378,0.16917730272131373
1103,0.33197152801119373,0.3319715280111937,0.058616869070695396,0.0013618053221395865,0.06721543118149025,0.09534931777228904,0.990614006282223,0.07123541232371419
1104,0.3110925581037313,0.31109255810373126,0.01621742815566439,0.022240775229601994,0.1872887379929131,-0.009345630106236022,0.7185161603449217,0.6697537720253095
1105,0.31372782984994463,0.3137278298499446,0.025945342959581456,0.019605503483388687,0.8849896245666734,-0.38692086033106465,-0.07745228350918007,0.24715735074891224
1106,0.3073106106932705,0.3073106106932704,0.039880277880491526,0.026022722640062834,-0.7857325972115848,0.396760128934174,0.39633908526771944,-0.26100002922686133
1107,0.2925938467725197,0.2925938467725197,0.04344701467597754,0.04073948656081361,-0.6437886601758404,-0.22976466762720948,0.7056962704469706,0.18637900208014427
1108,0.32223698175810245,0.32223698175810217,0.05620912321740451,0.011096351575230867,0.5299499318334889,-0.6293722584516152,-0.23036818778713425,0.5195903464238585
1109,0.2526047817942963,0.25260478179429613,0.07742771191946611,0.08072855153903702,-0.2795860379488452,0.42439070822588787,-0.6990871804721056,-0.5029923341912458
1110,0.30496636525662835,0.30496636525662835,0.08156852415725073,0.028366968076704968,-0.30952258620994355,-0.3211416730818279,-0.45920983922946335,-0.7682383210898573
1111,0.2797433398240855,0.2797433398240855,0.09767007776617209,0.05358999350924781,-0.0008799174347239383,-0.5130649445151472,0.022735318997595334,-0.8580481884632439
1112,0.2726384288934886,0.2726384288934886,0.06656549290583448,0.06069490443984471,-0.6484517648923049,0.16651399341068898,-0.6134782246799695,-0.4188410992846725
1113,0.3223668694091026,0.32236686940910214,0.021621089621398217,0.01096646392423073,-0.8836752268231504,0.1315201306803727,-0.40083556795099473,0.20285806907854323
1114,0.3237420737153474,0.3237420737153473,0.007317443959770051,0.009591259617985903,0.5152067033080331,-0.7888033012031531,-0.02639532899373453,0.33414770908205943
1115,0.32988773173266034,0.3298877317326603,0.015460230131611857,0.003445601600672976,-0.04920101866016446,0.6368656327999733,0.46280590760382584,0.6146479621767982
1116,0.32927014516240277,0.32927014516240277,0.06848034657789374,0.004063188170930543,0.6533526225782008,-0.306944518699739,0.5960717257874325,-0.35158769990880556
1117,0.3133163657766928,0.3133163657766926,0.07737063491797451,0.020016967556640508,-0.8311003754396411,0.15978052943086982,-0.5276306613768824,-0.07313161788086005
1118,0.31971832086822194,0.3197183208682217,0.03721942233396154,0.013615012465111376,-0.6471013743723953,0.5799971923170419,-0.4272357631852124,-0.2496651173977943
1119,0.29985853737978824,0.29985853737978807,0.06119809884874286,0.03347479595354508,0.1473284456283027,-0.2264362459625918,0.8598441099772971,0.4332309570661663
1120,0.2951044785530405,0.2951044785530404,0.06732218847832869,0.03822885478029281,-0.259305686736292,-0.9041157012688897,-0.23902728835439976,0.24124948697816226
1121,0.3239774529960827,0.32397745299608255,0.05639442414063582,0.0093558803372506,-0.0089832987446373,0.7905163322501421,0.16762693910187332,0.58898594047463
1122,0.26908621325170073,0.2690862132517007,0.10079938843030269,0.06424712008163258,-0.7462684796586514,-0.4511286792241845,-0.4625476289466025,-0.16004987349349542
1123,0.32986073947740513,0.329860739477405,0.04201814033099287,0.0034725938559281855,0.15550029669018164,0.9156173821468035,0.22527760985004383,0.29447320037679325
1124,0.30625090082082757,0.3062509008208274,0.0656945160648491,0.02708243251250575,0.7780580066878028,0.5694147258938531,0.2633771501936094,0.03201694738922237
1125,0.2566330120612145,0.2566330120612145,0.14689523136676538,0.07670032127211879,-0.5836289082517673,-0.18665441003142438,-0.47308973585352687,-0.6330272746878379
1126,0.3069259097230589,0.3069259097230587,0.10988985137081984,0.026407423610274428,-0.45474643921359514,0.26052006522381205,-0.6232622344268244,0.580412920924077
1127,0.32496517840359446,0.3249651784035944,0.007133042103171354,0.008368154929738858,-0.5533426620064202,-0.170285660703218,-0.22112689124596496,0.784804173109708
1128,0.3184408492472003,0.3184408492472001,0.021290178055548847,0.014892484086133029,-0.14781568889797192,-0.09045098736662593,0.6429883958471028,0.746012777240437
1129,0.3196709759192944,0.3196709759192942,0.07058479049439674,0.013662357414038928,0.4651864675312291,0.8359068535153696,-0.21547470408295122,-0.19604064520454786
1130,0.3297818877385551,0.32978188773855505,0.01767838080909795,0.003551445594778213,0.10053789773249876,-0.19109154950754456,-0.8708189237108125,-0.44164527953265525
1131,0.29805580898383494,0.2980558089838349,0.052732396011076876,0.03527752434949838,0.6141614981237008,-0.6870506402065542,-0.36476853086697336,-0.1330826468904397
1132,0.28936564621168903,0.289365646211689,0.0768022724518323,0.04396768712164428,-0.8997400030536771,0.06037646512474907,-0.07020599684579082,-0.4264900085241129
1133,0.28163415963960003,0.2816341596395999,0.06695878606125687,0.05169917369373328,-0.07253493631650389,-0.76138518711536,0.45407688195097945,-0.45699613251377214
1134,0.32762154435523166,0.3276215443552316,0.013519510807642158,0.005711788978101651,0.7532772622570517,0.0311457583090336,-0.42297173036899227,0.5026909818313202
1135,0.3040955621962812,0.304095562196281,0.02066763689087968,0.029237771137052115,-0.036583256514786805,-0.33487459843024125,-0.3532631653831471,0.8727690442794345
1136,0.29845226226841143,0.2984522622684114,0.08221659162586913,0.03488107106492189,0.37481035319179723,0.151827776859273,0.4639699134969537,0.7881607987484788
1137,0.3277378487700726,0.3277378487700726,0.07474401080297309,0.0055954845632607,-0.4787689891487817,-0.8498655991227573,0.21849059807775717,0.027759268880762276
1138,0.3128761959007188,0.3128761959007187,0.00032708969646759104,0.020457137432614514,0.3435051249891849,0.766071176248406,0.07386129954769026,0.5382227145491671
1139,0.2826326721471785,0.28263267214717847,0.005213439276494974,0.050700661186154794,-0.6377563698919025,0.24514469384179613,-0.0669960688511508,0.7271055071322226
1140,0.29549203778205113,0.29549203778205085,0.09678954569055372,0.037841295551282184,-0.2550776615715132,-0.6144066112876597,-0.33575679487185744,0.6668637621513112
1141,0.2706268992218784,0.2706268992218784,0.026815867998792205,0.06270643411145493,0.5358837816265885,0.4377230904081951,-0.030904918006095686,0.7212987971403546
1142,0.2974860875336924,0.2974860875336923,0.06012521801988836,0.03584724579964094,0.5293540432102819,0.5120935361767417,0.600355998911571,-0.31163629716998115
1143,0.323605949773355,0.32360594977335494,0.05639512402103407,0.00972738355997832,0.6325897398737522,0.5967003015206638,0.2860419240655883,-0.40244128621261477
1144,0.3143722717072069,0.3143722717072066,0.02848429904715533,0.01896106162612643,0.015750601514171892,0.4462369556676534,0.21868606442203808,-0.8676409990174546
1145,0.331312489566055,0.33131248956605486,0.05736008241282617,0.002020843767278291,0.7804339986723569,-0.12776275166889983,0.5602247838351831,-0.24647037261928495
1146,0.3153987602873883,0.31539876028738817,0.0021618394773637887,0.017934573045945035,0.87920455682807,0.3875590965779674,-0.2510425192747723,0.11736672198115779
1147,0.3246752241565084,0.32467522415650824,0.06331629596309318,0.008658109176824913,-0.12551563241986863,-0.34161852329333453,-0.53387144829892,-0.7632325250225749
1148,0.31407546522833435,0.31407546522833424,0.033888990704797756,0.019257868104998965,0.17863054324460878,0.8715383813168078,-0.26562688677825785,0.3714220455658292
1149,0.30152549477931734,0.3015254947793172,0.06016513549809859,0.03180783855401598,-0.4061928826571752,-0.07067167894538477,-0.31258692525772125,-0.8557466155537039
1150,0.31504876842947444,0.3150487684294744,0.02214885353344975,0.01828456490385888,0.5527654379815966,0.7768820481158712,0.25094650445790334,-0.16712422262694954
1151,0.31879288313113274,0.31879288313113263,0.008157762847608436,0.014540450202200572,0.6499873051445854,0.43542649917461373,-0.6226982844682263,0.012927238210369193
1152,0.3008968926525827,0.30089689265258257,0.008218778893668927,0.03243644068075063,-0.34374506039406366,0.6954817263191376,0.6006045508280483,0.19343907396250673
1153,0.2739982767418411,0.2739982767418409,0.10028431248204892,0.05933505659149224,0.9128328834542712,0.19580028958788584,0.3326122064105609,0.13329476219476716
1154,0.27522313731458975,0.2752231373145897,0.09561824598251438,0.058110196018743565,-0.10930927471247716,0.3885813988908842,-0.6781403681490644,-0.6141511377376805
1155,0.273581475653267,0.27358147565326696,0.08727555932204362,0.0597518576800663,-0.13236128184457127,0.36942202137938157,0.7002471764276053,-0.596373836694401
1156,0.3106369382117065,0.31063693821170646,0.061215605677216206,0.0226963951216268,-0.011836561947701397,-0.16374996874662115,0.8846340648506916,0.4364268722735588
1157,0.30835125582158185,0.30835125582158174,0.0034693090862192664,0.024982077511751466,-0.6517845385243928,0.40758955301229655,-0.5926851950860336,-0.24035792298489142
1158,0.30694081026686093,0.30694081026686076,0.04179449531467108,0.026392523066472384,-0.7346053201151957,0.5559554878533063,-0.0981431697026814,0.37634616701243767
1159,0.30310245872351005,0.3031024587235099,0.06860362571052352,0.030230874609823266,0.05645191981954351,-0.5244265851800918,-0.8470659592250627,-0.0653391018239464
1160,0.3238713275173014,0.32387132751730136,0.015035305333011608,0.009462005816031904,-0.42644363775352023,0.10585799799323918,0.09106855507541436,-0.8936701999937582
1161,0.32392258999290213,0.32392258999290197,0.003268657782832539,0.009410743340431182,-0.5467651369146809,-0.13850678279410275,-0.1455563822834028,0.8128204572667113
1162,0.3165477383441411,0.316547738344141,0.017810212437550862,0.016785594989192187,-0.8965656935919637,0.2838604475577674,-0.3397935445159094,-0.011556404786086076
1163,0.30341161482524387,0.30341161482524387,0.041613810644098664,0.029921718508089445,-0.35857750512163855,0.6928364758174517,0.056144108120666766,0.6230952011698774
1164,0.2912294447632782,0.2912294447632781,0.0343028523379904,0.04210388857005509,0.48131580499701154,0.38348970662029963,-0.2555582075075753,0.7456277511948375
1165,0.2580538341475717,0.25805383414757166,0.11078582125133447,0.0752794991857616,-0.018651511455250035,0.14036131471466914,-0.4749922851880671,0.8685235468677992
1166,0.30848043390472957,0.3084804339047295,0.030053035746642455,0.024852899428603747,-0.3730597716963223,-0.025527981478051586,-0.8644772355593244,-0.33593725322335516
1167,0.27669818543726504,0.276698185437265,0.11457040768806276,0.05663514789606827,0.20667012009346963,0.5999060989168162,-0.43153840986210623,0.6412290813403919
1168,0.30324729870905776,0.3032472987090575,0.003952324048496613,0.03008603462427556,0.6671179430162172,-0.5456213675503373,-0.4332293600275697,0.26374854499771805
1169,0.23933169971476803,0.23933169971476784,0.16766107724113222,0.09400163361856528,0.023199229653414026,0.659716795563631,0.7036524077720353,-0.26288559190522337
1170,0.26567365618046446,0.26567365618046446,0.1278668480514135,0.06765967715286886,0.17754846735706986,0.5714737044364994,-0.38922403357163565,0.700284940982602
1171,0.2826931040341269,0.2826931040341269,0.1355007326931015,0.05064022929920642,-0.01716623311098821,0.6971173740418731,-0.1789008183781451,0.6940656917276437
1172,0.30896711518728737,0.3089671151872873,0.019093653683635105,0.024366218146045948,0.31056933197932557,0.6728994672386057,0.05223316376457722,-0.6693464675540305
1173,0.31433015187233976,0.3143301518723396,0.031051759545835604,0.019003181460993557,0.8595113618062262,-0.10958205551083244,-0.3610796954625027,0.3447512807238485
1174,0.29425112597628306,0.29425112597628283,0.061740102846265604,0.03908220735705026,-0.360866032381493,0.2316341942568003,-0.02128204166390377,0.9031436106328041
1175,0.32887296614611977,0.32887296614611944,0.007542705969007138,0.004460367187213543,-0.2597144085978813,0.31335473055184293,0.10406219129839846,-0.9074845999517624
1176,0.3162097411767926,0.3162097411767925,0.07654298062099398,0.01712359215654069,-0.14577070571475595,-0.29740161791680314,-0.9402752264552986,0.07864907838192829
1177,0.3295613073094247,0.3295613073094245,0.01660440066025199,0.0037720260239086367,-0.6428142719188619,0.6939111725909047,0.01896921801903389,-0.32390934709990327
1178,0.3226240603202442,0.32262406032024404,0.002482636686361956,0.010709273013089105,0.43290375006144327,0.10113302389811442,-0.22988274609267004,-0.8657484494406305
1179,0.2788721131714105,0.27887211317141036,0.11367328382183968,0.05446122016192284,-0.01907685725873989,-0.3805005386478479,-0.8227828014593664,0.4217628186890166
1180,0.30122220518043685,0.3012222051804368,0.022930493970957765,0.03211112815289646,0.9642275679100264,0.1438591911343923,0.11190677321595895,-0.19247494516654826
1181,0.3092130205508557,0.30921302055085553,0.025663899833984465,0.024120312782477615,0.4129071625589221,-0.5675808280793772,0.6602675696155361,-0.2672197882235927
1182,0.3051462816422012,0.30514628164220103,0.002696742454227435,0.028187051691132115,-0.7350833998148064,0.34824332662402335,-0.2579652026291341,0.5213760015680133
1183,0.2988909251019203,0.29889092510192017,0.06289495177468529,0.034442408231413035,0.5690125774236638,-0.22117426042738467,0.35722620682340117,-0.7068918378483678
1184,0.2918103185582251,0.2918103185582251,0.06937422659883727,0.041523014775108225,0.14807119521672757,-0.9287032749225697,0.22239192249080247,0.25715166945992946
1185,0.29637390010796194,0.29637390010796194,0.07470384919289158,0.036959433225371374,-0.3153610603463125,-0.709509718631128,0.6298010779034096,-0.022225279681717836
1186,0.3212205799300707,0.3212205799300704,0.006665155161585411,0.012112753403262622,0.14490249432336563,0.9505740007223632,-0.20349274504015288,0.18439912962259578
1187,0.2476795980732799,0.24767959807327983,0.15085177309854159,0.0856537352600534,-0.1426999005213346,0.4872726581067191,-0.2111909004728967,0.8352248192015492
1188,0.30419099030337354,0.3041909903033734,0.04717219668733658,0.029142343029959772,-0.23474408936813645,0.36375392547186436,0.14980959988320955,0.8888955945404198
1189,0.2879020732545215,0.2879020732545214,0.07833266862455433,0.04543126007881182,-0.15796507481745423,-0.5379190191192513,0.6685871979098608,-0.48855022546176285
1190,0.33047987067458656,0.33047987067458656,0.02774842061401023,0.0028534626587467526,-0.7088905967532677,0.49154136975643864,0.05156808455933003,-0.5031917490456712
1191,0.33107821265508947,0.3310782126550892,0.07360714656501603,0.0022551206782438493,-0.6876857349392651,0.15494607999091653,-0.6960262094614715,0.13648281210169694
1192,0.30614317099870536,0.3061431709987053,0.10158604489678251,0.027190162334627954,-0.0463529177182826,-0.2866734032323269,-0.9136271025676594,0.2845264211844328
1193,0.31807220943691805,0.318072209436918,0.016238217467609176,0.015261123896415263,0.34441119654425034,-0.17683496575765426,-0.904711144610089,-0.17778657823004976
1194,0.2923006074256688,0.2923006074256687,0.08374253934307287,0.04103272590766449,-0.9185331129284521,0.15536796329081262,-0.0505453399510228,0.3600040069861275
1195,0.2268709852654408,0.22687098526544075,0.16811097480717824,0.10646234806789251,0.8958363074966768,-0.1411820578377247,-0.3230119436973632,-0.2705701774850225
1196,0.2869411455365216,0.28694114553652145,0.052091155388417174,0.0463921877968117,-0.9570054373484687,-0.1305892830472653,-0.2584426813172806,-0.017158453083009947
1197,0.3161470356781145,0.3161470356781144,0.0717266072512322,0.01718629765521884,0.7522886121244774,-0.6134575815088366,0.03946556153176972,-0.2370107786792381
1198,0.2826633694053144,0.28266336940531434,0.09199448674590216,0.050669963928018924,-0.24464584010828072,0.3656062336823606,-0.033479816805565436,0.8974182952653564
1199,0.30852440189282265,0.30852440189282254,0.0701074394984685,0.024808931440510662,-0.8346999644822023,0.49707162124336135,0.20415554810729752,-0.12048354586795432
1200,0.32772327149161873,0.32772327149161856,0.06053368223047506,0.0056100618417145864,0.7289452452896505,0.39520360767551427,-0.04793732915655319,-0.5569155683972262
1201,0.299127657481642,0.2991276574816419,0.0795092700564232,0.03420567585169132,-0.35499883915816305,0.07459705315840306,-0.23013272912930255,0.9030227188946788
1202,0.319120894174064,0.31912089417406386,0.04324124918117989,0.014212439159269341,-0.2866519247360584,-0.2210437906635808,-0.9269386065092698,0.09876809412376657
1203,0.287908728628795,0.287908728628795,0.03364881368500933,0.045424604704538296,0.14482311806687687,-0.7689480962596063,-0.10115818928643246,0.6144201416558583
1204,0.270356103383973,0.27035610338397287,0.06531695530573257,0.06297722994936034,0.40537382531668,-0.5032297424798058,0.5908552216280176,0.48303415521755433
1205,0.25465686116723396,0.25465686116723385,0.14111799203733957,0.07867647216609935,0.1334892801440842,-0.7982334876306898,-0.44747658788180145,0.3804847100859903
1206,0.28099307383075084,0.2809930738307508,0.07389064335440217,0.052340259502582476,0.3512021102478419,-0.541366830854097,0.4817743470785087,0.5928511707886989
1207,0.29827036106588517,0.298270361065885,0.09090088970739776,0.035062972267448145,-0.6346556470449675,-0.10863717592660228,-0.7460829669361345,-0.16961833665143924
1208,0.3224715607889742,0.3224715607889742,0.008935391923012676,0.010861772544359105,-0.19136303636461488,0.23457777448184378,0.20721761579773998,-0.9302764727410665
1209,0.28621046904146036,0.2862104690414603,0.018647927673786244,0.04712286429187296,0.46084789289920264,0.13108466008553388,-0.7636141342207559,-0.43281576394455695
1210,0.29051470990160994,0.29051470990160966,0.018775424684855695,0.04281862343172338,0.34009916314966937,-0.0862611351549971,0.7556810353230706,0.5530259927342638
1211,0.3116294624722276,0.31162946247222756,0.033359388635381154,0.0217038708611057,-0.31761624590864573,0.17882826628636553,0.8008854982619977,-0.4751029258861108
1212,0.32595737868788394,0.32595737868788366,0.049199128966756905,0.0073759546454493785,-0.4441794807157992,-0.3984166658236018,0.713780293045805,-0.36672393235851397
1213,0.2984739660141836,0.2984739660141835,0.01886405741490337,0.03485936731914974,0.2486983771462298,-0.896090755549832,0.05223311685157819,0.36392605914791587
1214,0.2906412418388353,0.29064124183883516,0.02666246212130229,0.04269209149449804,-0.2525924035189041,-0.7829569635927911,0.0880918916048873,0.5616184554299948
1215,0.30737695001242826,0.3073769500124282,0.0017739009968144493,0.025956383320905052,0.935349150849484,0.33632511227463496,0.015500077734241315,-0.1084764142513753
1216,0.3111334264902523,0.31113342649025216,0.06160596502049995,0.02219990684308104,-0.19210248151665765,-0.8765056656625405,-0.42336625350064055,-0.12488182435182522
1217,0.3122355399709398,0.31223553997093967,0.04368359936397533,0.021097793362393535,-0.14061057921798803,-0.41129705445022263,0.89474044314056,-0.10248383980504881
1218,0.3290793653709703,0.3290793653709702,0.04791957498440929,0.004253967962362992,-0.7095534895108936,0.3301976886652212,-0.5256619976146559,0.33344084360922177
1219,0.30482914350304025,0.30482914350304013,0.06183345165904279,0.02850418983029307,-0.8142288834727854,0.25742386288742947,0.46361844732190277,-0.23626725426432474
1220,0.2921971996667861,0.29219719966678576,0.12377969931573282,0.041136133666547225,-0.3084033319524588,0.7919553237859283,-0.4913220899445574,-0.19051706983957936
1221,0.30446678125938575,0.30446678125938564,0.05026192209814686,0.02886655207394756,0.37973489325011683,-0.14697326192598562,0.003292049515073924,-0.9133397142012102
1222,0.32902034172764966,0.3290203417276496,0.0832912097133191,0.004312991605683658,0.22571542008695325,-0.382669829164132,-0.6727822544046348,-0.5915914038765957
1223,0.2801743506892191,0.28017435068921903,0.1295932303295175,0.05315898264411423,-0.31452255193373496,-0.7257002648493298,0.5771999409960833,0.20316229482072104
1224,0.3281543901392005,0.32815439013920045,0.026867703995783147,0.005178943194132812,0.7626853313627959,0.12966715614219237,0.5489395321815203,-0.31648523496421155
1225,0.33230957727259713,0.3323095772725971,0.06751466250270638,0.0010237560607361806,0.7447340117805965,0.4149592584823243,0.09893870036395831,-0.5132165225976937
1226,0.3082835731999696,0.30828357319996946,0.01792854362793502,0.02504976013336374,0.4462801034816819,0.1026732336458752,0.5468689934728097,-0.7008755811890687
1227,0.3079108314817538,0.30791083148175374,0.04006987420373847,0.025422501851579515,-0.11078542457730463,-0.3814655449222196,0.8330483461410282,-0.38502088349869845
1228,0.2578670869583846,0.25786708695838456,0.13353561362928426,0.0754662463749487,0.18768147381813208,0.5260453953724823,0.6362832154986069,-0.5321612312707644
1229,0.2673679359848329,0.26736793598483277,0.12400923155954978,0.06596539734850043,-0.12380413719219005,-0.5699145659424539,0.5251704572874265,-0.6197305171872991
1230,0.2706213304893504,0.2706213304893503,0.02107475047810826,0.06271200284398293,-0.5681728906250597,0.28861978681292827,-0.6065061125624858,-0.47542456861542737
1231,0.317571991675035,0.31757199167503497,0.02398849321919466,0.01576134165829829,0.5039302703182843,0.7457728701639769,-0.10681876367186423,-0.4224533826494228
1232,0.3239867620850104,0.32398676208501026,0.05583526723955606,0.009346571248322888,-0.7774475586815085,0.5797405959994529,-0.16796814116312458,0.1768130040595597
1233,0.3113999578735088,0.3113999578735086,0.016477265148892032,0.02193337545982449,0.22330408784970035,-0.04143607872083482,0.8526318730671915,-0.4705711686448573
1234,0.2913278060156222,0.291327806015622,0.08994464974368838,0.04200552731771112,-0.11315034487213693,0.40042865539230027,-0.554595559157785,-0.7206092263900696
1235,0.2568090373053802,0.25680903730538013,0.09328421967406368,0.07652429602795313,-0.03065868602620962,0.38932724213621955,0.6957622622260696,-0.6028260262827193
1236,0.28761713234711717,0.28761713234711717,0.12057610785967746,0.04571620098621615,-0.29361438881155993,-0.8261887955903063,0.3811993631038585,0.2930694632558396
1237,0.2913011126828848,0.2913011126828847,0.10449513742213389,0.04203222065044854,0.030966127773266072,-0.33095212484927,0.8539812730845951,0.4002846177525399
1238,0.29201911641200673,0.2920191164120067,0.07772186595573737,0.041314216921326585,-0.4776545686610673,-0.6796615379870535,-0.4775886662582351,0.2860338663164958
1239,0.3203542917862186,0.3203542917862185,0.04362831107613238,0.012979041547114711,0.5840692279227513,0.32281708814818405,0.5467342062898948,-0.5057014655563178
1240,0.3094043415476835,0.3094043415476835,0.02453118443444365,0.023928991785649834,-0.41085248817773745,0.5626494750617723,-0.6675309443973415,0.26273225809342016
1241,0.3254516707017725,0.32545167070177233,0.001332774158970601,0.007881662631560815,-0.6274770904173554,-0.12661621509045876,-0.43712265768497066,0.6317947587753199
1242,0.25763764383743126,0.25763764383743126,0.14001246748836926,0.07569568949590205,0.06410056439866207,0.7427834272790471,0.6512470724118561,-0.1415667633251261
1243,0.30173738380028303,0.30173738380028287,0.023923367999597964,0.03159594953305028,0.184772122088786,-0.13361887233458422,0.8051975319066504,0.54741409779643
1244,0.276853931225229,0.27685393122522894,0.07305431761453113,0.056479402108104315,-0.43880352751657753,-0.4395347461172689,-0.2834661719022792,-0.7306898114670162
1245,0.33306168359995525,0.3330616835999551,0.07130844607594498,0.0002716497333780654,-0.5940398809293465,0.3312238239470593,0.22638599504584928,-0.6972494385529728
1246,0.32684139258399286,0.3268413925839926,0.019880365153961833,0.006491940749340452,0.12154623550762186,0.05776419593971284,-0.9468278836733647,0.2922443652151086
1247,0.2630474917606059,0.26304749176060566,0.10368625457010107,0.07028584157272744,-0.14036236574546504,0.10715652893170348,-0.46068790006171845,0.8698175345015582
1248,0.31208840386819264,0.3120884038681923,0.023494591191083207,0.02124492946514067,0.0636835884349857,0.4027713559710504,-0.8955816731993705,0.1779131867026743
1249,0.24520571806238436,0.24520571806238434,0.13358437822219008,0.08812761527094895,-0.8815909351140723,-0.23053017924406205,-0.2844688745876931,-0.29787701988103665
1250,0.26279571571037985,0.2627957157103798,0.12284296732082388,0.07053761762295346,0.10622245886416042,-0.6676307038342137,-0.7253490495995906,0.12982599422170757
1251,0.2963587795533681,0.2963587795533678,0.008478469818683294,0.036974553779965225,-0.9654512555791329,-0.21044000317279188,-0.12467019106484227,0.08986780082524853
1252,0.2309784887413824,0.23097848874138238,0.18325681817702597,0.1023548445919509,-0.025848082454866788,-0.6130294512407157,-0.6917481477346349,0.3808034514688842
1253,0.3286672297310334,0.3286672297310332,0.028292614789707907,0.004666103602299909,0.4892157233901247,-0.4941442466858025,0.020977699639644687,0.7183657672613769
1254,0.29486298930301835,0.2948629893030183,0.09265756963447286,0.03847034403031496,0.1503012711270618,0.46151899810636443,0.8691954766374611,-0.09438731735494907
1255,0.3253164988506756,0.32531649885067554,0.006465456215056015,0.00801683448265772,-0.3798593801191396,0.16372274202407622,0.21009956549408984,-0.8858667437367854
1256,0.32180658023945086,0.32180658023945086,0.027973574015338065,0.011526753093882458,0.5681773011434987,0.716541450716623,-0.1431776292207499,-0.3784746627727317
1257,0.26803609714361504,0.26803609714361504,0.1367908788539594,0.06529723618971828,0.0037863143535998563,0.7722828769022922,0.6265241195806244,-0.1050349915545205
1258,0.2838414069781929,0.2838414069781927,0.09554332126542489,0.049491926355140436,0.661202170644472,0.007689311277029386,-0.3871700563243072,-0.6425355332687497
1259,0.2992842855188932,0.2992842855188931,0.067077760275594,0.034049047814440125,0.923983741557612,0.039117513484156825,0.3803551271261065,0.007337761572596637
1260,0.3243294238437996,0.32432942384379954,0.005389144313437304,0.009003909489533723,0.11879617617658399,-0.04253275555861785,-0.8730540359912181,-0.47101495036766894
1261,0.30612607481085136,0.30612607481085136,0.02586153364121006,0.02720725852248196,0.2186651503997484,0.7659092826635056,0.5577281879369655,0.23346903672881086
1262,0.3216651949268513,0.321665194926851,0.05219200277206674,0.01166813840648201,0.530126694441096,-0.06102644772428719,0.6627373684905916,-0.5253766657601738
1263,0.3253263579570962,0.32532635795709597,0.03130810836950963,0.008006975376237124,0.8624098901711638,0.3154529752348448,0.18315291980535323,-0.35098947237377304
1264,0.2565194785666236,0.2565194785666235,0.10372236215143751,0.07681385476670971,0.6220592453018926,-0.0413551973799534,0.49353445298413057,0.6064287152681342
1265,0.30281638893748297,0.3028163889374827,0.03707000276253026,0.030516944395850343,-0.9174234760685528,0.23940219147615477,-0.26150600180023603,-0.18065261497460605
1266,0.32652201661057495,0.3265220166105749,0.03369279011288972,0.006811316722758365,0.24734862515441272,-0.173483721357603,-0.5095962585443305,-0.8056262839156623
1267,0.30058681308633134,0.3005868130863313,0.06766472166414522,0.032746520247001976,0.7908877025271156,-0.23839854132048566,0.49747810796026803,0.2649118902350693
1268,0.28145970773467205,0.28145970773467205,0.07524266382000297,0.051873625598661266,-0.5804385845551334,0.038553605234765906,-0.7234818754404135,-0.3717238827305249
1269,0.3269379896192632,0.32693798961926307,0.011831506635485265,0.006395343714070134,0.7439062503612126,-0.5482774819602071,0.19363994398348827,0.32939165979570134
1270,0.3302511842290518,0.33025118422905175,0.03750142686084571,0.0030821491042815063,0.5433571349670685,-0.19123341371335864,-0.27286381899373524,0.770544055615296
1271,0.2944169538494292,0.294416953849429,0.04793268253179168,0.03891637948390414,0.9712247087405624,0.09211868691218913,0.04235975179939023,-0.21550490500421976
1272,0.28960238315821046,0.28960238315821035,0.04711992586241273,0.04373095017512285,-0.3942049382248635,-0.5948061680522873,-0.6185975978011331,-0.3288542247269349
1273,0.3238903435624586,0.3238903435624583,0.030696386434507318,0.00944298977087471,-0.36008659529642795,-0.44607696801062785,-0.16551554596529322,0.8024696795157327
1274,0.31696105272808495,0.31696105272808495,0.0033034931194338064,0.016372280605248368,-0.2253582264521776,0.44949807674833503,0.314058419298748,0.8053151296464315
1275,0.3298318025625884,0.32983180256258826,0.026444474095602664,0.0035015307707448873,0.30879857078893647,0.2640180775815867,0.024031126222830698,-0.9134333048237817
1276,0.2610629397787017,0.2610629397787016,0.12874305317745835,0.0722703935546316,0.5798369128807069,0.10422332233462236,0.46857555304456294,0.6583035809043476
1277,0.31655395954064497,0.3165539595406448,0.024468774195694275,0.016779373792688346,0.3837913406163046,-0.17225952228225486,-0.8103171048464376,0.4079424633993334
1278,0.32108649128662026,0.3210864912866202,0.08222644468722237,0.012246842046713058,-0.08828560939379348,0.886068017971305,-0.08648993610004237,0.4467757934980141
1279,0.3095095812389579,0.30950958123895783,0.02405542565683819,0.023823752094375428,-0.25343265264304565,0.38606745757485916,0.2259368629270871,0.8577157703730651
1280,0.31572517339658707,0.315725173396587,0.04431043718437082,0.017608159936746248,-0.8107698340782051,0.4767481395301327,-0.18670796887381766,0.28373160198041153
1281,0.30468557771500115,0.3046855777150009,0.0594790779253621,0.02864775561833216,-0.5035003077337573,0.0701510097556658,-0.40542142546303883,0.7597366278637552
1282,0.3136825812057696,0.31368258120576953,0.031606715424608085,0.01965075212756373,0.481220623237949,0.6250050049208234,-0.3497115695265007,0.5054673814735358
1283,0.2762860284764994,0.2762860284764994,0.10153910400526299,0.0570473048568339,-0.1252621357598315,-0.6039850616255528,-0.7843310276763938,0.0658504495212795
1284,0.30830975043609893,0.3083097504360987,0.035274776772489164,0.025023582897234387,0.3665727063560803,0.8868308672754837,0.15357675938516582,-0.23573214201492157
1285,0.33005639482376314,0.3300563948237629,0.04867438094311133,0.003276938509570171,0.6409335994829105,-0.37518870670505194,0.6205564246567579,-0.25168885400846047
1286,0.3271694152881789,0.32716941528817867,0.025808997181586774,0.006163918045154426,0.09051830182819756,-0.10132975805773897,0.3758145966088563,0.9166799365873686
1287,0.31466326381279836,0.3146632638127983,0.03777681827828682,0.01867006952053496,0.23146069663514612,0.45716790155380427,0.2392983191497711,-0.8247179943193663
1288,0.23349365607193473,0.23349365607193467,0.1697133249059484,0.09983967726139859,-0.8072336094477267,0.3182351617956493,0.3421283309778593,0.3606223602568153
1289,0.30964866680049585,0.30964866680049574,0.09381325166775369,0.02368466653283746,-0.4136217735364115,0.23052084637840767,-0.6922242141092855,0.5446125276215725
1290,0.27693654446664706,0.27693654446664695,0.005812975813897649,0.056396788866686254,-0.4014472074142124,-0.5711209175938765,0.011609762767016423,-0.7159093871116319
1291,0.32937746175763394,0.3293774617576338,0.00011941093212276966,0.003955871575699377,0.1092787125215732,-0.1613256375022754,-0.9133447748328118,-0.3575381433633507
1292,0.32832145002285223,0.32832145002285207,0.05691345378607469,0.00501188331048108,0.1804832265323106,0.38729981742451924,-0.1590259347207468,-0.890019892165121
1293,0.2771065565360131,0.27710655653601285,0.02603558657368722,0.05622677679732019,-0.663942315986463,-0.34104277406084504,0.5341802139540585,0.39689032026922916
1294,0.3207891133107423,0.3207891133107422,0.012400702185894752,0.012544220022591035,0.2946456827151865,-0.9124980493880579,0.24079557995713058,-0.15016231282648856
1295,0.2557221435845429,0.25572214358454287,0.13003322901347167,0.07761118974879039,0.18742466683854794,0.774245192095181,0.5747178178843184,-0.1873921198563142
1296,0.3097993478594923,0.3097993478594921,0.036968773343801095,0.023533985473841,-0.38430576641970543,0.06010602744921021,0.8372131083075773,0.3844093581571636
1297,0.30676728746827686,0.30676728746827675,0.08923445690734805,0.026566045865056453,0.32198895338650213,0.21876721966891305,0.7105155902455674,0.586201000948814
1298,0.3105028991870786,0.31050289918707846,0.025365596090516408,0.02283043414625474,0.5253103970371844,-0.340182545415127,0.2892640566517123,0.7243280528109592
1299,0.3272791081108116,0.32727910811081157,0.015848120087282147,0.006054225222521692,0.6696557692655677,-0.2617190035144361,-0.45054393974278156,0.5292206271960724
1300,0.2709025389531827,0.27090253895318256,0.050259625041100625,0.06243079438015059,-0.06193074231958576,-0.9139357228095155,-0.15214790677996248,0.37112948170533305
1301,0.2849718198470012,0.2849718198470012,0.09192309949823343,0.04836151348633211,0.054277830719289696,0.6895533250035223,0.7216528383037486,0.028059045549315206
1302,0.27203249589379025,0.27203249589379014,0.0076709542403810786,0.061300837439543066,-0.5338116952736798,-0.3488027235590947,0.5583515847055425,0.5306837494059974
1303,0.3083256531944219,0.30832565319442184,0.08336994105597981,0.025007680138911415,0.25186311320975807,-0.1311514913154827,0.02590523832874155,-0.9584848340777983
1304,0.32434911829361934,0.3243491182936193,0.02312444692947163,0.008984215039713972,-0.5944292920057234,-0.40518544754520436,0.1421230291425916,0.6799114754808164
1305,0.28318261478942763,0.28318261478942763,0.052350039516773174,0.05015071854390568,-0.5299040520992628,-0.0758481608357563,0.6136945602789673,0.5803686231617109
1306,0.28116876214945213,0.2811687621494521,0.026587793185012278,0.05216457118388118,-0.6328525254121836,-0.3157106659951992,0.48234472971452935,0.5168829830560363
1307,0.30974170494684944,0.30974170494684944,0.025065404515282864,0.023591628386483876,-0.9221113079476356,-0.3463678321404991,0.08175859965727912,0.15184067964637374
1308,0.3269607499157577,0.3269607499157576,0.03290380095345637,0.006372583417575628,0.24120895994594385,0.13243089032587,0.9612089047653156,0.018913971797478987
1309,0.269355328191709,0.269355328191709,0.12453342979518967,0.06397800514162433,-0.8307533743229716,0.25697228417661094,0.4936023379826275,0.01306935936209081
1310,0.31249027773695803,0.312490277736958,0.033676011134216956,0.02084305559637528,-0.10953830425396002,0.5219215737002861,0.824863669294039,0.18761438613858492
1311,0.3080785439705262,0.30807854397052614,0.04417680824599623,0.025254789362807117,0.2313895979418515,0.7595544151624958,-0.008216839829351034,0.6078391464151401
1312,0.3276283647577124,0.32762836475771223,0.022073284164538118,0.005704968575620917,-0.043632840377925426,0.48820195148254936,0.7654322951845648,0.41697533655801994
1313,0.32738702943878495,0.3273870294387848,0.02912300472205754,0.005946303894548366,-0.28992269772175794,0.16868212005635624,-0.9420651153181699,-0.002119013825886541
1314,0.3073472373632287,0.30734723736322866,0.06100646097071909,0.025986095970104595,0.47052968049541555,0.7224066041602172,-0.26124975835653336,-0.4341417761483434
1315,0.2700707814776242,0.27007078147762414,0.07767873291512042,0.06326255185570911,-0.5964496634164048,-0.03154701593327879,0.6650835678543933,0.4482370272146576
1316,0.29678806036383387,0.29678806036383376,0.04858026692022982,0.03654527296949944,-0.6687498533510081,0.6486176774789973,0.3634120939297445,-0.0006261711868280877
1317,0.275172713593219,0.2751727135932189,0.06827663370707643,0.05816061974011433,0.6044220537670428,0.09115012274977109,-0.5436888519994681,-0.5751243937221164
1318,0.30213153651194463,0.3021315365119443,0.05726450577441347,0.031201796821388683,0.0014366593396153329,-0.20839733286854126,0.8268362732533406,-0.5224081401507323
1319,0.27358851847638377,0.2735885184763837,0.06341038576778106,0.059744814856949546,0.6990550716267306,-0.48472492676214507,-0.09541831337030987,-0.516971080121456
1320,0.3270742717609735,0.3270742717609735,0.0216072479080701,0.006259061572359836,0.5005539369403508,0.029373346693408346,0.8568511728449981,-0.11995428425735896
1321,0.33170949970373553,0.3317094997037353,0.05279671961193991,0.0016238336295977818,-0.46969482810985463,0.3223010207682209,0.1882470268177421,-0.8000449220843147
1322,0.30449977015904683,0.30449977015904667,0.03568302984852482,0.02883356317428648,-0.4870376410401847,-0.4587126032332795,0.7382372972318166,0.08592308665790933
1323,0.2743544309915452,0.27435443099154505,0.0790118588753188,0.0589789023417881,0.08977520506307216,0.8264462423538754,-0.5554135257024296,0.02104368128059796
1324,0.309801839863429,0.30980183986342896,0.003651344522986984,0.023531493469904297,0.9320473765788003,-0.25193833015046546,0.26038263796998945,-0.003955686711627459
1325,0.288885101972012,0.28888510197201184,0.047771038990531554,0.04444823136132131,0.4760991445441933,-0.46892095876354684,0.6729677124334507,0.31710754803166014
1326,0.30890457795603515,0.3089045779560351,0.06147873603887566,0.02442875537729816,-0.8112322304866155,-0.35624246460846615,0.2500561812878249,0.3904682840246397
1327,0.3268606545470517,0.3268606545470516,0.01378697396443921,0.006472678786281605,-0.36979954664429243,0.4842893666149576,-0.025943961219746667,-0.7924891264626835
1328,0.27857016112576743,0.27857016112576727,0.11717264744585658,0.05476317220756588,0.2640497726663257,0.7206830470696053,-0.6295621132245836,-0.12060351907605152
1329,0.3245945523771169,0.3245945523771167,0.026134749237680045,0.008738780956216441,0.6419287480972493,-0.7375963176846055,-0.1338021248859227,0.1611711695075162
1330,0.25041584874287687,0.2504158487428767,0.13930314730722237,0.08291748459045645,-0.7537504775734252,-0.003280366887463185,-0.45058339722773344,-0.47835557788493693
1331,0.2826524821884675,0.28265248218846717,0.11093383730316067,0.05068085114486581,-0.10752323922088365,-0.18172235436502765,0.26711344476192916,-0.9402479176147618
1332,0.2513613474240713,0.2513613474240711,0.11230855598323222,0.08197198590926202,-0.36664611237120504,0.39036279899069054,-0.26311215834443413,0.8024708752213809
1333,0.29461250753077983,0.2946125075307797,0.03586303540832195,0.03872082580255348,-0.329310703295332,-0.22801688360130595,0.8351498150542436,0.37694501973463607
1334,0.296992945613112,0.2969929456131118,0.05296344835898815,0.0363403877202213,0.7718096425095307,-0.1360280495554117,0.05897284726347372,-0.6183271373222269
1335,0.3267805181487814,0.3267805181487812,0.02446597537213039,0.006552815184551919,-0.4418312061015167,-0.8407385458152438,-0.01301501594279587,-0.3126891303760929
1336,0.32476433447221487,0.32476433447221476,0.042929407737082655,0.008568998861118449,0.775057794177861,0.32747575139270846,-0.5142690959732599,0.16604922421009838
1337,0.2859683233797628,0.28596832337976263,0.04905225819224066,0.047365009953570514,-0.1480687242962576,-0.7387537714002711,0.5104457538832036,-0.414443784450633
1338,0.31570878963552623,0.31570878963552623,0.023253455540750912,0.017624543697807082,-0.8222477464971513,-0.13279065959735276,0.26355004167163304,-0.4866381197963605
1339,0.3260735357077005,0.3260735357077003,0.0682703196698932,0.007259797625632836,-0.6458469202038108,-0.16546610935339354,0.7274712477469881,-0.16213668930918537
1340,0.3088097491066569,0.3088097491066568,0.060831612613510194,0.024523584226676443,0.01291585410855146,-0.1711245258149031,0.8742653806034093,0.4541030958445969
1341,0.32687177349698493,0.32687177349698476,0.053858439762562736,0.006461559836348385,-0.015443610848549803,0.05230607589559028,-0.9647996720996889,-0.25726865729174225
1342,0.3201888253005901,0.3201888253005898,0.06884271785962687,0.013144508032743196,0.7926070972476961,-0.19929754709254927,0.5754045527334398,0.03104960239849388
1343,0.27569523668387097,0.27569523668387086,0.12033099162171515,0.057638096649462345,-0.013079285258457349,0.7529506103267678,0.656058046075637,-0.049821189117613254
1344,0.3002978617951871,0.3002978617951868,0.06858302702310146,0.03303547153814623,-0.5292189290823496,-0.636874816021946,0.4890542054204521,0.27412365454027127
1345,0.2928387324430803,0.2928387324430802,0.13218787465565637,0.04049460089025303,0.08852237712640285,-0.14562037348788778,0.19162232189104517,-0.9665605937168262
1346,0.32556563240063896,0.3255656324006389,0.03642663808186389,0.007767700932694355,-0.5300481193316777,0.016130210097384426,-0.7220022756429115,0.4444114326630482
1347,0.3244095561866648,0.32440955618666467,0.05574758594964647,0.008923777146668532,-0.7661830045955835,0.02038896598984335,0.5407956096817832,-0.34653715830146914
1348,0.31834078036963437,0.31834078036963426,0.09419003299491026,0.014992552963698946,-0.6657400340369305,0.1357994867358256,-0.023853670346149648,-0.7333346500021732
1349,0.305114776460907,0.30511477646090684,0.034980882949546446,0.028218556872426304,0.748546347140789,0.4120002962103085,-0.3430826787118131,-0.39016457767553225
1350,0.2941048836771407,0.2941048836771406,0.014690672350528787,0.0392284496561926,0.3573867911535174,0.1917342563970815,-0.6675386911207564,-0.6244235359831002
1351,0.32090431152238563,0.32090431152238535,0.08023721499812528,0.012429021810947682,0.48325881295095896,-0.43505697891572664,-0.42192894646737156,0.631792932007699
1352,0.309177339029764,0.30917733902976396,0.04405437866273463,0.024155994303569295,0.5229374637913063,0.31576899341266695,-0.37430267170036763,0.6976559766250369
1353,0.32642263195305166,0.32642263195305166,0.06691189167595002,0.006910701380281659,-0.8166903008910866,0.07370757586593532,-0.5518440241238227,0.1518299006428557
1354,0.30491267948698086,0.3049126794869807,0.014619618834580447,0.02842065384635245,0.4876564765200301,0.8003384868827513,0.3487607776207183,-0.003922666910312634
1355,0.2288814750643258,0.2288814750643257,0.1577335793673256,0.10445185826900752,-0.8440016144266168,-0.1860074085705061,-0.33622859857313103,-0.37418290755150435
1356,0.3062963988644303,0.3062963988644302,0.04672286944218888,0.02703693446890304,-0.4664225793419376,-0.32526892922845313,-0.7510417373834956,0.3355389841234099
1357,0.2945782762607716,0.2945782762607715,0.02774000035699196,0.038755057072561716,-0.6943060562466288,-0.5384163069592718,-0.4736361045555794,0.06095753539152388
1358,0.3302839968054008,0.3302839968054008,0.04112288692127029,0.003049336527932489,-0.16720327245856434,0.22064809487087544,0.5593918122660955,0.7813054999669807
1359,0.3152431189110254,0.3152431189110253,0.029708950639614273,0.018090214422307904,-0.5020799358412417,0.12447850856849701,0.8529003494009227,-0.07058210057798801
1360,0.323795406727815,0.323795406727815,0.08216915809022546,0.009537926605518332,0.5125204583333607,0.4783968516717563,0.3056177300679114,-0.6442492026913583
1361,0.30875608198692217,0.30875608198692184,0.11040506879881307,0.024577251346411144,0.04212413348610638,-0.3406854073475628,-0.925019964704084,0.16277922317459648
1362,0.3173709983698842,0.31737099836988414,0.01161717752737099,0.01596233496344912,0.440918406960897,-0.7513359580143821,0.04605598923679005,0.48883952627942845
1363,0.30699918676941435,0.30699918676941435,0.06715480385156787,0.02633414656391897,0.3915418127698266,0.15518910993207843,-0.45363094661337855,0.7853854552295054
1364,0.269990379212205,0.26999037921220476,0.12352641292024344,0.06334295412112834,0.0004370997196084644,-0.32525487246565893,0.6700379981634289,-0.6672766726765802
1365,0.28152121341452396,0.28152121341452385,0.12578741313637198,0.05181211991880935,0.868075689192397,-0.06353145058865631,-0.1154377311818276,-0.47862561866122294
1366,0.32075195694602393,0.3207519569460239,0.028901458874709803,0.012581376387309384,0.26706167977235007,-0.4732105414507299,0.17585513602351655,0.8208683291437356
1367,0.31857229902333994,0.3185722990233399,0.019043073143427843,0.01476103430999337,-0.8930332759814175,-0.39172305660826345,-0.012587366781181017,0.2211021779831505
1368,0.30449252548265593,0.30449252548265576,0.09400489019980186,0.028840807850677386,-0.1436358457666162,-0.5566100662635093,0.3067920585195394,0.7585727458684396
1369,0.27204550574406783,0.27204550574406783,0.09850916441046659,0.06128782758926549,0.36322420790987076,-0.6297283664442146,-0.5879918783875696,0.35464899581699855
1370,0.3132269230923069,0.3132269230923068,0.05828720136868356,0.02010641024102644,-0.844381289030779,0.4860721854878642,0.15653249654405935,-0.16202359937816246
1371,0.23986056554113772,0.23986056554113772,0.1672333875183962,0.0934727677921956,0.18826792531087438,-0.4978953684994343,0.4779479755871077,-0.6987282182351998
1372,0.2812950354999617,0.2812950354999617,0.011357104770982564,0.052038297833371605,-0.44878275713129356,0.4425593187228917,0.11209139857410785,0.7682257511167306
1373,0.28652488938150517,0.28652488938150517,0.006877827968334426,0.04680844395182815,0.984796075502619,0.03508137790564545,0.16301184138569705,-0.0487147428087772
1374,0.33085945711635445,0.3308594571163544,0.03025424391265629,0.0024738762169788653,0.6672395947840353,0.05099858770333487,-0.514516206826774,0.5361562646442639
1375,0.32025313834707886,0.32025313834707875,0.01606441458703537,0.013080194986254456,0.4187388245223319,-0.2878894868426253,0.8603091535390891,0.0405660022679295
1376,0.29187552326971405,0.291875523269714,0.022889196011832022,0.04145781006361926,-0.6227420057309199,0.36956549043957093,0.6644259790497978,-0.18480222113954195
1377,0.27754109306302344,0.27754109306302327,0.13654680602077063,0.05579224027030988,0.25767396179462704,-0.7576947183293804,0.5557053643392986,0.2251541500247094
1378,0.26499342346629917,0.26499342346629917,0.10670676205125075,0.06833990986703414,-0.551642554928725,-0.4772165279499548,-0.294428169348739,-0.617468161233475
1379,0.27944097939065704,0.2794409793906569,0.07873803622325802,0.053892353942676274,-0.19612980067844435,0.341842321795307,-0.7994990183703158,-0.4532970857399473
1380,0.32441718326778646,0.32441718326778607,0.04441395270337153,0.008916150065546857,-0.2615761887440033,0.8871708610331313,0.3244291104174622,0.19811994631946617
1381,0.2938026464115907,0.2938026464115907,0.018070166201448058,0.03953068692174261,-0.46541183838908434,-0.301354767062663,0.7997218475109732,0.23026526370587633
1382,0.31818739371737675,0.31818739371737664,0.09495270719026179,0.01514593961595656,0.5444424225673277,0.5426732850045034,0.381283651189784,-0.5135279267837608
1383,0.24603892751599118,0.24603892751599116,0.13526932239667736,0.08729440581734213,0.14121990003779666,0.6781646516709108,0.6962696124102877,-0.18803795332701992
1384,0.3142677509938303,0.3142677509938302,0.021997659878678685,0.019065582339503007,0.4636864096898356,0.4104945167414196,-0.30116721280082875,-0.7251120431546828
1385,0.31178218837681454,0.3117821883768145,0.031088973931914583,0.021551144956518775,0.40484346153898815,0.022469141631276716,-0.5134976279980655,-0.7562520051965771
1386,0.311555247700981,0.3115552477009808,0.022668381406291918,0.02177808563235234,0.558244192314601,-0.20438910267495516,-0.7777663175573208,0.20412758688641366
1387,0.31898102658690747,0.3189810265869074,0.005027587898711271,0.014352306746425847,0.26548452793233757,0.8816858060692992,-0.2928637695936064,0.25764106284499216
1388,0.28255864001699804,0.28255864001699793,0.10647742572848526,0.05077469331633527,-0.08636449906774442,-0.783376147494883,-0.6154689816917053,0.007804960744809909
1389,0.3189704199585746,0.31897041995857456,0.013550584248337083,0.014362913374758701,-0.4399190005468631,-0.6566240536242096,0.5155402160123969,-0.3309598326592689
1390,0.32010679533111214,0.32010679533111197,0.09402254461267195,0.013226538002221178,0.7880475381331986,0.18719291877814584,-0.005602640356455328,-0.58643712299151
1391,0.32038880715055396,0.3203888071505539,0.004558620732737008,0.012944526182779359,-0.3150774507444258,0.18180135480626836,0.9199655200373896,0.14607501280278753
1392,0.3123112853988893,0.31231128539888925,0.0014262586717464286,0.02102204793444401,-0.37594589782273674,-0.8264478748434192,-0.3555616799261201,-0.2218659141129342
1393,0.29882262963386813,0.298822629633868,0.030479047213942737,0.034510703699465184,0.3231785444739039,-0.22496802377006841,0.8519877689762457,0.34505341352839575
1394,0.3107549058502384,0.3107549058502382,0.07542878049044514,0.02257842748309491,0.8404508081479214,0.31633890940341064,-0.18274043835654105,-0.40022252019373694
1395,0.29313605178866897,0.29313605178866886,0.05925015097370248,0.04019728154466434,0.5074483303247708,0.5930782635637211,-0.43548145490215684,-0.4484531946314404
1396,0.2941456992253022,0.2941456992253021,0.031109283177272167,0.03918763410803111,-0.2269119774424486,0.8901698891717844,-0.09211253084479812,-0.3842184334026893
1397,0.29042642645967526,0.2904264264596752,0.08352539571042761,0.04290690687365806,0.4518797353290606,0.7083399022878585,0.4602511645369152,-0.2867545172585408
1398,0.3310973835737262,0.3310973835737261,0.058518804140798436,0.0022359497596071143,-0.45781485264402344,0.35869189525269835,0.21039962981478358,-0.7857974807495635
1399,0.2690466737115259,0.26904667371152574,0.11501943668404875,0.06428665962180741,-0.0678395693652982,-0.6838495387216097,0.416027893064896,-0.5955404213070309
1400,0.321901721364451,0.321901721364451,0.019013759822906484,0.011431611968882316,-0.08003612487576311,0.4105465478589497,0.8780252322782347,0.23263155899129978
1401,0.31348235487090487,0.31348235487090476,0.0358956657395361,0.019850978462428448,0.6925598684776799,0.5056473992030882,-0.19715070711646804,0.47519799551009057
1402,0.2715349037230454,0.27153490372304534,0.04879629473589917,0.06179842961028792,-0.2732802989140085,0.30750089237083694,-0.72583697981135,-0.5512909922671937
1403,0.3202497107961222,0.320249710796122,0.06889885917177291,0.013083622537211126,0.08683522178601856,0.3023305708856517,-0.9492121840213862,0.007218024014858933
1404,0.3173748630055268,0.3173748630055268,0.07849515127516139,0.015958470327806507,-0.5534882046445286,0.42316575237129184,-0.5752643500971307,0.42854694124067744
1405,0.3097995642476633,0.3097995642476631,0.05445201037434746,0.02353376908567001,-0.6304504506758491,-0.18191887287841096,0.2583958383707665,0.7089917796744444
1406,0.31141376432795115,0.31141376432795115,0.03619558056165935,0.021919569005382167,0.25026680695909337,0.8743749751828882,-0.3859692315834485,0.15447550090323603
1407,0.25418073567839955,0.25418073567839955,0.12416757383393068,0.07915259765493377,-0.25021855866879,0.5887764865120436,-0.6623693317001697,-0.3898715047952558
1408,0.28646559485363676,0.28646559485363676,0.05541017353292234,0.04686773847969655,0.6641838246702821,0.36876222385698726,-0.06221415023827511,0.6473049272271412
1409,0.3221934238169949,0.32219342381699484,0.002189975943970767,0.01113990951633842,0.5644846828745329,0.1265823881573441,0.29065437215455325,-0.7621377682255772
1410,0.28955247928978595,0.2895524792897858,0.028279228073112162,0.04378085404354737,-0.06779386265581867,-0.5384716421879964,0.7679493857748081,-0.34015588137449776
1411,0.3089789473901824,0.30897894739018233,0.09595689123583943,0.024354385943150925,0.8002735427086421,-0.12202961104470492,0.038402220509830866,0.5858295830092156
1412,0.27284316645272105,0.272843166452721,0.06018877621882897,0.06049016688061226,-0.6211309012665668,0.28446030526380195,0.20075194344557065,0.7021234901524328
1413,0.3157360350144804,0.3157360350144803,0.02301320583744218,0.017597298318852928,0.4875361572547672,0.7260502120935288,-0.11270209641050515,-0.4716543462673425
1414,0.32691697677353976,0.3269169767735396,0.026398965789073213,0.006416356559793557,0.4678554386766401,-0.3797896998483157,0.09758608087968866,0.7920530469661473
1415,0.28244045737336126,0.2824404573733611,0.06951359630747782,0.05089287595997205,0.7344410381210666,-0.1639412430209569,-0.07533507307108464,-0.6542509129728197
1416,0.31877542763462435,0.3187754276346242,0.061331027134764356,0.014557905698708962,0.6943336007263063,0.1327328253177761,-0.031440833326054685,-0.7066076152896785
1417,0.25231646501236366,0.2523164650123636,0.029122241544302624,0.08101686832096966,0.5768290932819177,-0.5368798464107991,-0.6156414066713586,-0.0037263994939465916
1418,0.3223039482293178,0.3223039482293177,0.041660599213780417,0.011029385104015521,0.29450503327498534,-0.5649429216298072,-0.46385986577823674,-0.6155812745659774
1419,0.2827499172850757,0.2827499172850757,0.03457320907505243,0.05058341604825761,0.2506443209405902,-0.24323345251411269,0.7163002145382239,0.6040934651283606
1420,0.31121467300110334,0.3112146730011032,0.054738759726319676,0.022118660332229978,-0.4912010722840067,0.6028822511063076,-0.6242724603889713,-0.074420380863937
1421,0.2984140721731135,0.2984140721731134,0.08804543588009357,0.03491926116021982,0.16687009953379928,0.9271917725071329,0.3120560191115799,-0.12284473050519577
1422,0.27155539412890883,0.27155539412890867,0.10035111530588223,0.06177793920442448,0.28955331264915335,0.44015157980299235,-0.33787920400428556,0.7799122446995316
1423,0.3069026774414718,0.3069026774414715,0.015375754265077623,0.0264306558918615,-0.18187622742472886,0.4247500325770661,-0.8430304744087109,0.27533264779490524
1424,0.32063458352474833,0.32063458352474833,0.034374682027473014,0.012698749808584986,0.6260583846557333,-0.7577274095930718,-0.1795637662129476,0.04070535120901217
1425,0.29749059654762305,0.29749059654762294,0.06158335768563515,0.03584273678571026,0.3371603491200512,-0.6026028138925206,0.7231639322165343,0.015055723535630349
1426,0.31808872068418137,0.3180887206841812,0.0496935797762346,0.015244612649151945,-0.6260780741739327,0.16532802035201974,-0.7570554618425135,-0.08694779134377413
1427,0.2847649119158002,0.28476491191579995,0.09570053551996324,0.04856842141753309,0.380707107689372,-0.6017224349055065,0.6466119120177245,0.2736516850358575
1428,0.28254159911952265,0.2825415991195223,0.10080589717359885,0.05079173421381067,-0.3020488137736827,-0.43435576357634725,-0.757385364911049,0.38271267782041973
1429,0.2811923971837881,0.2811923971837879,0.12023574435116256,0.052140936149545236,0.14315444898110558,-0.5079764924650605,0.8237778472910081,0.20701870725227475
1430,0.24592985498120434,0.2459298549812043,0.14672787077417307,0.08740347835212897,0.6161797837232926,0.27870729362460456,0.36418576878451137,0.6403229219901466
1431,0.33105845860234673,0.3310584586023464,0.04763172135621571,0.002274874730986587,0.08672420702965936,-0.035957452078151056,0.9829247049381722,-0.15825611513408008
1432,0.3282679341361882,0.3282679341361882,0.024449471144401647,0.005065399197145104,0.05568953113181102,-0.06640921192511584,0.388741190375882,0.917261565530218
1433,0.2969436054857545,0.2969436054857544,0.07447321917232035,0.03638972784757882,-0.3376269144277512,0.7384805202615543,-0.58310072466644,-0.02545845128228657
1434,0.3320341636948765,0.3320341636948764,0.07248508344384838,0.0012991696384568319,-0.6668253808075665,-0.39702594512789047,-0.26831987695971976,0.5707177533899487
1435,0.2997245815222132,0.2997245815222131,0.06788032385248266,0.03360875181112011,-0.5130550226221207,-0.7043347369646904,-0.32631851129142453,-0.36633775570591126
1436,0.302827325124336,0.30282732512433597,0.006566165577076227,0.030506008208997293,-0.45142622558286233,-0.26398854629402413,0.4636478775957936,0.715230771067978
1437,0.29676253924828006,0.29676253924828,0.10542347057178005,0.03657079408505326,0.08126399654770083,-0.4682382318294183,0.4624682186795662,0.7485133718442871
1438,0.3219704356334214,0.32197043563342137,0.010383143181295787,0.01136289769991189,0.5935374757658395,0.7610022573180646,0.17309781222690146,-0.19653492468410272
1439,0.27350410855029456,0.2735041085502945,0.04193441928275328,0.05982922478303876,-0.9757715077505005,-0.13893549429862656,-0.1551275623523467,-0.06709942238894505
1440,0.31599513427523834,0.31599513427523823,0.026894595983322465,0.017338199058094972,0.6455770443131265,-0.5329179949285797,0.49323027107301826,0.23654299870101136
1441,0.2904003220023819,0.29040032200238186,0.08404154915058433,0.0429330113309514,-0.7124924731387167,-0.5904186174667148,-0.3447182499629377,-0.15789129175435268
1442,0.2982678971489463,0.29826789714894625,0.07892089436929439,0.03506543618438701,-0.38315981251407627,-0.380214714855308,-0.7353729446933213,-0.409697401620694
1443,0.29431306692016795,0.2943130669201676,0.0037458193603430137,0.03902026641316536,-0.572146871884269,-0.3670352241198586,0.707758104308417,0.19238390534056296
1444,0.32908049954899377,0.3290804995489937,0.08150271670452383,0.004252833784339549,-0.7660249375417886,-0.2651354371346225,-0.09545851197147588,0.5777513890348712
1445,0.3146240749269654,0.31462407492696515,0.03360420196635953,0.01870925840636789,0.5855436338247685,0.7182577966164733,0.2898326897986136,-0.23925175529352968
1446,0.24848238750314422,0.24848238750314416,0.09936143600637334,0.0848509458301891,0.032343274781324365,0.80651018255557,0.29862311806596914,-0.5092342009008813
1447,0.3147746058021209,0.3147746058021208,0.04526556266089039,0.018558727531212404,0.5032635632818502,0.7855026597433307,0.22707756375517305,0.27954809505346984
1448,0.32105728083933244,0.3210572808393324,0.012094170042410278,0.012276052494000878,0.44469337168702666,0.7890181061089365,-0.06837377982168429,0.418357812933841
1449,0.31011335915554,0.31011335915554,0.09073696120987167,0.023219974177793312,0.4246195549659754,-0.20240198042433039,-0.6303263384935441,-0.6175924051201795
1450,0.29313006315967133,0.2931300631596712,0.05676237180903814,0.04020327017366199,0.1009299091093311,-0.6952651171622242,-0.1805789115884735,0.688339180196873
1451,0.2835798232388689,0.28357982323886866,0.09978002629779874,0.04975351009446444,-0.867531188694506,-0.20188421940734602,0.358294426356794,0.27974542469581165
1452,0.2918913701991542,0.2918913701991542,0.09382931171120043,0.04144196313417914,0.3406640774697001,-0.7646690101649835,-0.3504751376811029,0.4199957965056727
1453,0.32096300278798345,0.3209630027879832,0.0045576408130708745,0.012370330545349861,-0.49025767023449196,0.13953665965747925,0.7983636275567204,-0.32061262542569235
1454,0.3268535558085025,0.3268535558085023,0.018240201154387046,0.00647977752483081,0.4649964465586244,0.8737114167135058,0.10288864810258412,0.099098895472924
1455,0.3318843268324872,0.331884326832487,0.048959297316714584,0.0014490065008461173,-0.7541418120147463,0.08582698954214522,-0.5565490187961343,0.33787134373057987
1456,0.2729381440960832,0.2729381440960832,0.11738912902264825,0.060395189237250124,0.1739249792759736,0.6258246556062806,-0.39881527788621196,0.6473329716179115
1457,0.2925396700807342,0.29253967008073406,0.0819791374792654,0.04079366325259909,0.33894761297737386,0.5425955144676683,-0.41475850348838295,-0.6470548718003628
1458,0.25502281913070607,0.25502281913070596,0.10271769001380816,0.07831051420262725,0.2863731599175815,-0.7161239804706421,-0.5980033390063099,0.2180570210082837
1459,0.3259326519252821,0.32593265192528204,0.0888677050616394,0.007400681408051224,0.4861856736801395,0.8261432681431248,-0.2830963311610141,-0.031100779623011277
1460,0.3320010395174902,0.33200103951749016,0.05331308054380289,0.0013322938158430997,0.5220398540147959,0.25344758968888714,-0.7531002144261509,0.3099657676782868
1461,0.2900799669494682,0.290079966949468,0.027742664227927795,0.04325336638386512,0.03565763475461492,0.31207263320430345,0.4548277310423936,-0.8333492303731171
1462,0.30994766129795703,0.309947661297957,0.020097902956294704,0.02338567203537628,-0.2713876902315911,0.8770070600264319,-0.36601608293084414,0.15244528621941025
1463,0.32941629209717305,0.329416292097173,0.07899082250879304,0.003917041236160268,-0.6560417623617414,-0.10222080340636132,0.6974038770129836,-0.2697924122645367
1464,0.25155723805274754,0.25155723805274754,0.14763168825626802,0.08177609528058577,0.17815731468536422,0.7840819736796749,0.5147910628102789,-0.2974316584113893
1465,0.29137517119400824,0.2913751711940082,0.08652955632971047,0.04195816213932507,-0.26104824711433366,0.39566748021507914,0.6242827210462112,-0.6209445562865675
1466,0.27270317952419615,0.2727031795241961,0.09893983222810418,0.060630153809137166,-0.9009348015509094,0.006650111116267178,-0.16687381485041786,-0.40053138365655366
1467,0.2804783729677235,0.2804783729677234,0.12474346596521978,0.05285496036560983,-0.09494301674224837,-0.8345697740880195,-0.5372064874235908,0.07673529579379111
1468,0.32922137064219564,0.3292213706421954,0.05569781178265212,0.004111962691137672,-0.521165547934592,-0.8402908251270094,0.12586638775264009,0.08034583553307621
1469,0.2560344476730494,0.25603444767304934,0.15122046744659964,0.07729888566028392,-0.18090214790277004,-0.7791446992597824,0.46871603771659615,0.374850939023503
1470,0.28736519985874454,0.2873651998587444,0.07844744834811729,0.04596813347458878,-0.7158065188253875,-0.5719037727528226,-0.37897857969177534,-0.13008588875421026
1471,0.3212830794291127,0.3212830794291125,0.025539189651585744,0.012050253904220598,-0.7938349405304693,-0.4059226785539756,0.4489379352635023,-0.05922496525871027
1472,0.31021149260670455,0.31021149260670455,0.010650624214816164,0.023121840726628762,0.041301489087371364,0.326891138532284,0.30088554005683593,-0.8949325462474471
1473,0.3103655604542823,0.31036556045428226,0.02739004579465721,0.022967772879050996,-0.34222489964690445,0.6119159784492177,0.6314733087992795,0.3311833535283627
1474,0.2920160821761617,0.2920160821761617,8.405453445392975e-05,0.04131725115717161,-0.1552211408717216,0.09945324703514952,0.7243563997801756,-0.6643216503909453
1475,0.3277030719096126,0.32770307190961256,0.06599881341967799,0.005630261423720695,-0.42675196338619936,-0.19702308828632495,0.7431921140896631,-0.47616189051947444
1476,0.2967051146304555,0.2967051146304554,0.006855893144748135,0.0366282187028778,0.24012206079234816,0.5090079096760821,0.21946792324180298,0.7969229413663226
1477,0.32731420044156095,0.3273142004415608,0.00379974810200041,0.006019132891772361,0.3221936256275474,-0.20856004050943416,-0.137538601981271,0.913113963354365
1478,0.2588993645568184,0.25889936455681833,0.12999066861722886,0.07443396877651492,0.6543788361569858,0.09699629924879109,0.6273363123233584,0.410888315680061
1479,0.28430655720561593,0.2843065572056159,0.1294267855473816,0.049026776127717386,0.34575311560416744,0.5667433026723023,0.5540201163018682,-0.5023131718947521
1480,0.33298720646382335,0.3329872064638232,0.07117155656033632,0.0003461268695099662,0.05948975231853648,-0.951048135779834,-0.13571051132055034,-0.2712030049905355
1481,0.2836777658582681,0.28367776585826804,0.013162937587220109,0.04965556747506522,0.43675338646386686,-0.4880121563095404,-0.11584823615045467,-0.7467729245810171
1482,0.30956684870113277,0.3095668487011327,0.04784699363681703,0.023766484632200546,0.7243195035233843,-0.355188385480636,0.2793046519993498,0.5207603854046691
1483,0.29427125253745134,0.29427125253745123,0.06751645926938714,0.03906208079588197,0.809034688760068,-0.4281131132693746,0.05010814611502331,-0.3995887990454926
1484,0.23266462040287908,0.23266462040287883,0.16408424554246548,0.10066871293045423,-0.05604749935733891,-0.727961313344495,0.49541715603160164,0.47063026421927745
1485,0.30830716133427943,0.3083071613342793,0.06370331894013108,0.02502617199905388,-0.049581011834974494,-0.1793528441922774,0.8727018153181082,0.45140427787742493
1486,0.28082405511253233,0.2808240551125323,0.038362995474543,0.05250927822080098,-0.07353217099019517,-0.8288598288909556,0.5351644497031824,-0.14554523576611725
1487,0.32939986677404254,0.3293998667740424,0.02334650789070526,0.003933466559290777,-0.6726205622895457,-0.6371469227079055,-0.09239492845261647,0.36481304152315797
1488,0.3083034637274385,0.3083034637274383,0.01080151329819254,0.025029869605894817,-0.8978466488972059,-0.044810107545164124,0.28623820964508684,-0.33155864739895335
1489,0.3166983430721407,0.3166983430721406,0.008641792438639134,0.01663499026119264,0.3331305115900524,0.9320512994830364,0.06425411028722368,-0.12718430206173403
1490,0.30519276469550033,0.3051927646955003,0.05603406934852079,0.028140568637832986,-0.26563475177356016,-0.03627592413101566,0.285132336972912,-0.9202292031831014
1491,0.31075687942893865,0.3107568794289386,0.050511763667719305,0.022576453904394667,-0.189889353724689,0.9551196045795347,-0.21564031634630876,-0.07202658020423479
1492,0.31975043430185274,0.3197504343018526,0.03428540000479378,0.013582899031480578,0.5994646718798786,0.3104621433308206,0.5876502326163422,-0.44600736410102176
1493,0.31983667584184444,0.31983667584184444,0.041132991504583806,0.013496657491488873,-0.01574397658576367,0.2047957161220663,0.21110018365569325,0.9556398664349712
1494,0.2761138912516959,0.27611389125169583,0.1078706256815345,0.05721944208163743,0.10762554777295841,0.6447317909008624,-0.15573020564954018,0.7405982462284726
1495,0.27598341013684635,0.27598341013684624,0.12316456330403731,0.05734992319648696,-0.7416742000617644,0.5227545151592163,0.3177694788526573,0.2750811810231756
1496,0.30099145662499444,0.3009914566249944,0.0636392652109173,0.03234187670833888,0.8287705048227229,0.44625582452130463,0.33704325488884057,-0.01992570577510125
1497,0.3038366614186478,0.3038366614186477,0.10013495985741304,0.029496671914685524,0.7690124741411166,0.0841722031963897,-0.13503766566962677,-0.6191120122198583
1498,0.3291532825816989,0.32915328258169885,0.02672599104227666,0.004180050751634412,-0.7683662827574422,0.34226679862871834,-0.46786678639142826,0.27123304420685207
1499,0.3311548816573473,0.3311548816573473,0.04215616897658449,0.002178451675986015,-0.7819885775506897,-0.2852504320936996,-0.2855424200257453,0.4749648217883588
1500,0.31097677101199267,0.3109767710119925,0.0016588825277106271,0.022356562321340645,-0.3671271583266705,-0.05436910300815289,0.004699144333033364,-0.9285685587503003
1501,0.29654187727287584,0.2965418772728758,0.019063530301915536,0.03679145606045747,-0.5332678172893163,-0.18838683980182358,0.09295786543489237,-0.8194477828920882
1502,0.3283326793444044,0.3283326793444042,0.002183903086668284,0.005000653988928905,0.11017078911979725,-0.7129197328166504,-0.5282837089236873,-0.44779925711326224
1503,0.3072406644802165,0.3072406644802165,0.10565522799402563,0.02609266885311684,-0.6821617766222847,0.13589101707160567,-0.1556807418026195,-0.7013932196896111
1504,0.32901728071687886,0.3290172807168786,0.027488234741752292,0.004316052616454458,-0.10468400026071095,0.3870241477603528,0.8173745578911232,0.4137056940049036
1505,0.3211479323444441,0.3211479323444441,0.020647932432236712,0.012185400988889206,-0.874914017438498,-0.4219907005493489,0.008095114498656065,0.23745268973155712
1506,0.30726121439594156,0.30726121439594156,0.01697562349000487,0.026072118937391753,0.41022609247249164,-0.7040164499231715,0.5146466316640084,-0.26685995542459334
1507,0.31943869974995376,0.3194386997499537,0.022494884114479894,0.013894633583379556,-0.6267730663162843,-0.3592627695827703,0.3839135354961426,-0.5750618949252785
1508,0.31211480715400874,0.3121148071540086,0.034844006228976945,0.02121852617932457,0.3291538679400255,-0.014435868668021115,0.34230478420733496,0.8799299810920694
1509,0.298347246116583,0.2983472461165829,0.04226880312313157,0.03498608721675034,-0.5047092484391672,0.26624493017072637,0.8182208304018634,0.06997774213877567
1510,0.29039690398881113,0.290396903988811,0.07961577400449454,0.04293642934452219,-0.1569068212917312,-0.9265376655756005,-0.2598275465943045,0.2222562704011431
1511,0.31919376205417654,0.3191937620541763,0.04320135336643502,0.01413957127915677,0.3103808208944666,-0.2462756785405674,0.8419903264318982,-0.3661479569455029
1512,0.3206517435499551,0.320651743549955,0.041494248959821,0.012681589783378189,0.17227266579537232,0.17099167061641513,-0.5152919096897138,-0.8219234909697442
1513,0.29694088137430047,0.29694088137430047,0.028898506252419943,0.036392451959032845,-0.9311787723887528,-0.2911906057606006,0.110900753742907,-0.18924890432603542
1514,0.2849746493918357,0.28497464939183564,0.11761586294279382,0.048358683941497616,-0.34189533673421213,0.2398284823441344,-0.590080736345151,0.690937480797122
1515,0.2996191287031742,0.29961912870317403,0.0455684474451826,0.03371420463015912,0.3987356939472971,-0.518083307111749,0.3714417204371421,0.6592651830509607
1516,0.3266105954050852,0.32661059540508497,0.06003612635631189,0.006722737928248124,-0.6363142477145626,0.3558647819349772,-0.06580885823294519,-0.6812735348682626
1517,0.33096769765334644,0.33096769765334627,0.055932068758692804,0.002365635679986877,-0.630974209479658,-0.7154007717557339,0.1996841385525223,-0.22405251070532123
1518,0.3044762286183327,0.3044762286183326,0.01661634814736511,0.028857104715000637,0.269791329032748,-0.06000231459580599,-0.6660112333171438,0.6928501989010803
1519,0.2940579617505576,0.2940579617505575,0.09836828610111509,0.03927537158277572,-0.3072179393996523,-0.5492721206800414,0.48857222242910586,-0.6043297598375957
1520,0.23860812345382554,0.23860812345382554,0.17764183023568092,0.09472520987950778,-0.0011358676001685234,-0.6303953507562517,0.5819071070831832,0.5137942489711012
1521,0.3149252956215512,0.3149252956215511,0.007212554481818219,0.01840803771178212,-0.5105426435828929,-0.3920808006931355,0.28593182409890594,0.7098322666508567
1522,0.3279065446212225,0.32790654462122226,0.0203075155724459,0.0054267887121108305,0.6485868660201441,0.608369480700451,-0.32012596346250255,0.32671244190516474
1523,0.2821572964464163,0.28215729644641624,0.0574815995697842,0.05117603688691702,0.46628722173901593,0.4941890268199226,-0.6876958630163585,-0.25578864830925063
1524,0.28276204372499014,0.28276204372499014,0.06247278607511069,0.05057128960834317,-0.46333103902350664,-0.5434875923242382,0.48351396870986324,0.5061223442305604
1525,0.27547759076028,0.27547759076027983,0.040379237286721256,0.057855742573053315,-0.5692730382096242,0.338245573367205,-0.182583124869275,0.7267609941225831
1526,0.3226444766081709,0.3226444766081707,0.010851603799613845,0.010688856725162399,-0.651776806514817,-0.03341430578442801,-0.37682198420546403,0.6573246312726678
1527,0.31146455712371784,0.31146455712371784,0.026865418894295116,0.02186877620961547,0.45277521680615607,0.07852022765679241,-0.4244170273858544,-0.7801918762457212
1528,0.3220290825524732,0.32202908255247314,0.033667130718641,0.011304250780860114,0.14516489977716593,0.09987992594970407,0.5446698874248082,0.8199304031426166
1529,0.28999491253622817,0.289994912536228,0.09096501216222685,0.04333842079710515,-0.17995791023090907,-0.8335088883999794,-0.522375881898377,-0.0012334968374017195
1530,0.3263310110595493,0.32633101105954926,0.022393941269212868,0.007002322273784001,-0.2842038948907333,0.05104679874789824,0.9215283026273448,-0.25963042565017985
1531,0.32830540618419746,0.3283054061841973,0.05386392389812065,0.005027927149135858,-0.4786170612027632,0.8483092121351615,-0.2263648556040902,0.007492761813351151
1532,0.3052023654587219,0.30520236545872187,0.054083397273260454,0.02813096787461139,-0.7924352141427338,-0.3114938603104222,0.16017298485030837,-0.4993622145293071
1533,0.33131015505978734,0.3313101550597871,0.04190438194874219,0.002023178273545978,0.19099612684958758,-0.09095278706093438,0.9754870162426232,-0.060606527671271136
1534,0.3198127336073884,0.3198127336073884,0.016091427434060186,0.013520599725944937,0.5188972241716487,0.7504282839603525,-0.0729157597734588,-0.4028478042089064
1535,0.2796460619319218,0.27964606193192165,0.0071689745564144855,0.053687271401411496,-0.18004956608014636,-0.0907591939899876,-0.72406977811435,0.6595967547540504
1536,0.28967821413693645,0.28967821413693645,0.08686684420419652,0.04365511919639686,0.10972580570511277,-0.309192568467478,0.8358117678515211,0.4402032392972168
1537,0.3288980635585693,0.32889806355856926,0.05312116625940468,0.004435269774763995,-0.7412705160213104,0.3490815590951037,0.08058710580474795,-0.5675965165108451
1538,0.2907438363562715,0.29074383635627127,0.11416893855264201,0.042589496977061825,-0.817700074350261,0.09983014493164614,-0.19330610926140188,-0.5329477260414224
1539,0.3318664212272032,0.33186642122720306,0.060137430982895514,0.0014669121061300916,0.5986544653398473,-0.1031989342942024,0.7235747334510116,-0.32772307852896104
1540,0.3290317499597919,0.3290317499597918,0.0633107529330674,0.004301583373541418,-0.8170779631701229,-0.3007640747951182,-0.1390379760842414,0.4717976416015637
1541,0.3257193669541704,0.32571936695417025,0.014500625673396796,0.007613966379162895,0.550072701059693,0.7011728643687076,-0.2855442394391633,0.3524785456520514
1542,0.3160308224376748,0.3160308224376747,0.04343489241756246,0.01730251089565854,-0.31411560384398024,-0.4294298819776903,-0.2794199852827314,0.7992783218072143
1543,0.32988257783159014,0.32988257783159014,0.03160509774572695,0.0034507555017431746,0.5381742019548467,-0.8119997084095967,0.17636678488402818,-0.1411373766323612
1544,0.32811502250130015,0.32811502250130015,0.05385117453455658,0.005218310832033168,0.6397377620525035,-0.013911902412369288,-0.6901707914031967,0.3379442756864039
1545,0.31050033299511437,0.31050033299511426,0.02397394385206952,0.022833000338218945,0.18897506929807917,0.2080769230222046,0.29523641785325927,-0.9131417605512155
1546,0.32761176754525095,0.3276117675452508,0.0016316448901838592,0.005721565788082361,0.6548422924604785,-0.6618881046293768,-0.10676084161315132,0.34883783002032365
1547,0.25640329485835334,0.2564032948583532,0.13677615429671636,0.07693003847497998,0.7845353979445635,0.3320760147816647,0.46956414735617075,0.2318172584092168
1548,0.3088958562788763,0.3088958562788761,0.04275799679428027,0.024437477054457035,0.4820322646399932,0.016432393476683613,-0.4095430578315177,-0.7743702964813909
1549,0.29424471264597013,0.2942447126459701,0.06241946630539204,0.039088620687363185,0.4617908361879043,-0.4710094497626144,-0.6385305501040085,0.39645688092284087
1550,0.2992777655365355,0.29927776553653546,0.03427923477828927,0.0340555677967978,0.9314136643736125,0.18026965197643985,-0.28711397253285914,0.13242735809043915
1551,0.31948542128084295,0.3194854212808429,0.004358203157714397,0.013847912052490363,-0.4886917779925221,0.7861875314884826,-0.020884656630752237,0.3776947743508892
1552,0.2922359355535421,0.2922359355535421,0.026755505652227788,0.04109739777979121,0.11153907015819538,0.8523232405103528,-0.478274301798236,0.17988280004932733
1553,0.3151145127195673,0.31511451271956703,0.02898011916156235,0.018218820613766007,0.3170012364810102,-0.2506893898338714,-0.9113320103592847,0.07835185249077552
1554,0.2874164499691922,0.28741644996919213,0.09479120002680715,0.045916883364141126,0.7687488048971378,0.3941006067232823,0.001301984206444794,0.5036946412129966
1555,0.3247237665924973,0.324723766592497,0.012143535691230235,0.008609566740836017,-0.4627235417402223,-0.20094498220272425,0.8605311797133918,-0.0706691360355412
1556,0.32193501843370265,0.32193501843370265,0.08435775111302943,0.011398314899630668,0.7575688961856402,-0.13115303650811133,0.6394353960680168,-0.0032592640443938363
1557,0.3201769717221651,0.3201769717221651,0.05721014658201437,0.013156361611168232,0.18190659217247898,-0.8960801781315797,0.14589876737951646,-0.3777086916672813
1558,0.32275925827845225,0.32275925827845203,0.07226646279358383,0.01057407505488106,-0.5622541436442929,-0.619152956501461,-0.24375861590737127,0.4910210093073873
1559,0.3243717197522066,0.32437171975220636,0.08490270630457711,0.008961613581126737,-0.15503131678896673,-0.4271722473579372,-0.6109620625380104,-0.6482395545175786
1560,0.3280694894633465,0.32806948946334646,0.03477398813445299,0.005263843869986795,0.49201672605394403,0.8181264893180944,-0.05884582528464729,0.29176318754389974
1561,0.31385400263273655,0.3138540026327365,0.010223504385606694,0.019479330700596764,-0.15754548088062797,0.038037626626455,-0.8566405346967279,-0.48979542130283554
1562,0.2890782111319474,0.2890782111319474,0.11687652731372283,0.04425512220138589,0.5552308101849353,-0.4330314107846177,-0.537437042431611,-0.4640732378812927
1563,0.2862062033628723,0.28620620336287217,0.06621117255258151,0.047127129970461035,0.5720054899210714,-0.2883610273144151,-0.7611307861290577,-0.10167381094900005
1564,0.3253313578190302,0.3253313578190302,0.04920464530512959,0.008001975514303095,-0.8133875890468154,-0.1200546336500908,-0.20776496209774944,0.5299256886095183
1565,0.33118487415676606,0.33118487415676584,0.03496453279154894,0.0021484591765672523,-0.42073661823410774,0.3622572170487885,0.04494227912854857,-0.8305002097048051
1566,0.25666884621367925,0.25666884621367925,0.1331595110424618,0.07666448711965407,-0.015961240953574467,-0.8570098589312847,0.41565210354943544,0.3041589539972985
1567,0.31006335374012384,0.3100633537401237,0.027321706949624214,0.023269979593209478,0.9308885233146763,-0.128211535986392,0.22916598738309923,-0.25395139186025484
1568,0.31630213277577396,0.31630213277577385,0.02911608639815472,0.017031200557559356,-0.6287759006498114,-0.3628676342304847,0.23390299729336245,0.6467281767846295
1569,0.3121813393524184,0.3121813393524183,0.07516733181167132,0.02115199398091494,-0.12763547713079457,-0.8286078452930798,0.12293635566210996,-0.5310413130377647
1570,0.2879641833633069,0.2879641833633068,0.08798786626030324,0.04536914997002639,-0.2990307973229203,0.4907109488664814,-0.7900872423364041,-0.21341390866631046
1571,0.3101976814583354,0.31019768145833526,7.277568642479172e-05,0.023135651874997942,0.9331424709717835,0.26317287326531835,0.16278920069556646,-0.18298864386308125
1572,0.3045602121433067,0.3045602121433066,0.028358036766257887,0.028773121190026618,0.44150828431014794,0.8257554691106171,0.35056700504022026,-0.017352668283128054
1573,0.2674683675397256,0.2674683675397255,0.052758692899123806,0.06586496579360773,-0.4032083108374612,0.42624713541866655,-0.6869136690228264,-0.428819366317079
1574,0.32707725723430964,0.32707725723430936,0.07684064691074403,0.0062560760990236775,0.6384670702320926,-0.26872986992045955,0.5882466241306217,-0.41726486365461934
1575,0.30878332405095077,0.3087833240509506,0.002261920167909189,0.024550009282382546,-0.19672053248727797,0.43182236818055103,-0.8538126006007509,0.21408997522594292
1576,0.32056571435537146,0.3205657143553713,0.012811919019617047,0.012767618977961859,0.5303609037609788,-0.011260195646547011,-0.22021901304422623,0.8185927595878589
1577,0.3218841729500388,0.32188417295003874,0.028661215504923603,0.011449160383294521,0.5120526910024804,-0.7294820664175384,0.4394570625651663,-0.11196180855055798
1578,0.2913912476499057,0.2913912476499057,0.08518452043519274,0.04194208568342761,0.2948748068596321,0.4795938918248728,-0.813202162912606,-0.14744758200128644
1579,0.3024333394807039,0.30243333948070383,0.05807451315345206,0.030899993852629426,0.30849479998847196,-0.837260915953629,-0.4509051336988041,-0.02257603598124837
1580,0.3232139615876691,0.32321396158766885,0.003839808007546333,0.01011937174566424,-0.4975379937517244,-0.3848981903488974,0.7679778599687194,-0.12049620092566946
1581,0.31832292926489036,0.3183229292648903,0.08546724588012233,0.01501040406844295,0.21503135754126373,0.4254006877941738,0.5554180901398083,0.6814004074284465
1582,0.3125989368454164,0.31259893684541634,0.08481321890670894,0.020734396487916917,0.017390397844045096,-0.21846767322604102,0.9266398160963915,0.3054637475100301
1583,0.2529478467625584,0.2529478467625584,0.1573238936844367,0.08038548657077493,-0.7104950661298249,0.21863787435389884,0.451439826481423,0.49355478314935514
1584,0.32323517290082304,0.32323517290082276,0.0013060844203213503,0.010098160432510273,0.7324016047653045,-0.5281281782974961,-0.23041804308760794,0.3627341203210033
1585,0.3181613466112814,0.31816134661128137,0.0064417365376799405,0.015171986722051889,0.4733621945977281,-0.8253933149335948,-0.2744217074809118,-0.13909290007694525
1586,0.31015210610323857,0.3101521061032384,0.07251281896652721,0.023181227230094748,-0.909131621257704,-0.08589152735885382,-0.07627597005375585,0.4003552386939137
1587,0.30619116791438,0.30619116791437995,0.02969103572815621,0.027142165418953312,-0.7255679284372111,0.3586106135488851,-0.5116104161348297,-0.2884517137681324
1588,0.32905690213011063,0.3290569021301106,0.0070955071080645825,0.004276431203222686,0.20104861764573773,-0.3799541139341604,-0.0005884650185289746,0.9028920081361709
1589,0.3098591780111741,0.309859178011174,0.04376560767738965,0.02347415532215924,-0.26669846545413817,-0.0512697156092304,0.12681637504910695,-0.9540235593554075
1590,0.3114088533267936,0.31140885332679347,0.019712370572212395,0.021924480006539737,0.6729765277329979,0.30220322335780836,0.6502668739464161,-0.18146293715396486
1591,0.3036216429114078,0.3036216429114078,0.055885076116329604,0.029711690421925507,-0.8279441561248654,-0.37487403794143304,-0.4103806255818411,0.07460343265042357
1592,0.2920202212805997,0.2920202212805996,0.07929452266538763,0.041313112052733636,-0.3723419510233232,0.42720698475273755,0.6991744926058585,-0.43590215940731436
1593,0.29587509314297283,0.2958750931429727,0.11062451221275922,0.03745824019036048,0.24380512715106673,0.2553429580913447,-0.6204063190035424,0.7003249481979695
1594,0.27931409722661776,0.27931409722661765,0.12047362501799797,0.05401923610671555,-0.024195981195481147,0.3945136002550446,-0.8189390149640754,-0.4160678592218592
1595,0.32831338354618755,0.32831338354618744,0.0030555945836500827,0.005019949787145761,-0.023614085717153763,0.6876591362443274,0.38697293386561027,0.6138560382947216
1596,0.2882099418352409,0.2882099418352407,0.07516616820941671,0.04512339149809241,0.551568032656964,-0.2758482194503482,-0.7656939022945319,-0.18273837354527045
1597,0.31486231965695677,0.31486231965695655,0.05438418216363543,0.018471013676376546,0.7271044779187259,0.35272139298967575,-0.2126994190514493,-0.5492409801290649
1598,0.32123470857456254,0.3212347085745625,0.006071273132093339,0.01209862475877077,-0.2728701497621558,-0.1579157727576896,-0.9232146678145841,-0.2197252084198071
1599,0.2809635365480857,0.28096353654808565,0.07491911886882278,0.05236979678524761,-0.5712164417924264,-0.5602788506844302,-0.13480668024265138,-0.5844882762414395
1600,0.28704140222528396,0.2870414022252839,0.05686355583276764,0.046291931108049356,0.4162825761235194,-0.7674262533279201,-0.461094155130286,0.1586125550633526
1601,0.31017991144256496,0.31017991144256496,0.007593036990238781,0.023153421890768355,-0.15677019828371752,0.05609539312487726,-0.8053576315805645,-0.5689248606408345
1602,0.2680273028409953,0.2680273028409953,0.12406575313486172,0.06530603049233802,0.26750616445829695,-0.624523517699709,0.23282649180469844,-0.695846716260635
1603,0.3211118047278226,0.32111180472782247,0.021393684972815408,0.012221528605510734,-0.7855207814226343,-0.5669613997308397,-0.1999878608136236,0.1466858162727791
1604,0.30295035308924273,0.3029503530892426,0.057103854218529294,0.030382980244090585,-0.2891104040137054,-0.4353608869643765,-0.37390794796513593,-0.7662042278930108
1605,0.30686800938194975,0.30686800938194964,0.049718202205939935,0.026465323951383568,-0.4598228802922364,0.6196106596565957,0.36016959149606737,0.5243313976496411
1606,0.314008881730205,0.3140088817302049,0.03150113840401765,0.01932445160312829,0.28384201771647866,0.04229259792409886,0.3526573613666189,0.8906614567911889
1607,0.32072957245660166,0.32072957245660133,0.04685796427496579,0.012603760876731651,-0.7931926184411072,-0.048784649462216764,-0.17964411398154873,0.5798219729703016
1608,0.3220975099561796,0.32209750995617953,0.020453159388630474,0.01123582337715373,0.07338325239758102,0.5277752350606036,0.3959087424377125,0.7478799818056814
1609,0.2984931202182283,0.2984931202182283,0.11070639721102461,0.03484021311510499,0.8110421565236029,0.14138103502212415,0.5649066683789494,0.055699903937188565
1610,0.25260104959046087,0.2526010495904608,0.1364497347088528,0.08073228374287245,0.2394634987497683,0.5989350191010777,0.6896452368213878,-0.3291253909841708
1611,0.3195832980937513,0.31958329809375124,0.006396377939527282,0.013750035239582015,-0.5748985630507962,0.3450346737492532,-0.7393348821905174,-0.06185990696089009
1612,0.3117690534933939,0.31176905349339373,0.09544026995178527,0.021564279839939415,0.6669404179325578,0.6686660023368944,0.09371855125117311,0.31510805987489904
1613,0.3301841429524206,0.33018414295242043,0.016425343791735297,0.003149190380912714,-0.10719290828912327,0.7562458312590146,0.38275320872609675,0.5197132905032914
1614,0.2978571178944149,0.29785711789441477,0.05322322412676718,0.035476215438918435,0.20519693412038886,-0.709299932912749,-0.6636848118918922,-0.11962564048558412
1615,0.3075629208920708,0.3075629208920707,0.08547397690328094,0.02577041244126249,0.1600451642452129,0.9177724266712237,0.36334283885232793,0.007829412396061247
1616,0.32233088652174163,0.3223308865217416,0.014488250447391176,0.011002446811591682,0.2749491325306025,0.8679699138387517,0.3033431620979685,0.2810945200458822
1617,0.2777591143549327,0.27775911435493267,0.09752014111500679,0.05557421897840059,0.7337108566795318,0.3213634487469785,0.5873570087730224,0.11578280029971351
1618,0.3015304936094583,0.3015304936094582,0.06123516498195698,0.03180283972387499,0.08272009026972853,0.4803242114573826,-0.871403067479089,0.05570217717150642
1619,0.2964867315181401,0.29648673151813987,0.03868196547063942,0.036846601815193225,0.35340039573344934,0.06797124447504485,0.49410863934280597,-0.7914194354113097
1620,0.3311069205841137,0.3311069205841135,0.06838453203997732,0.0022264127492196417,-0.5474940497366749,-0.7847268111254081,0.2774490448186737,-0.08646458774023495
1621,0.28850455957482063,0.2885045595748206,0.11527400556561793,0.044828773758512686,0.5680403459154558,-0.21935955742979696,-0.4993537619426211,-0.6163257015654993
1622,0.2935072841621647,0.29350728416216465,0.028973626991324768,0.03982604917116861,0.9607547986512944,-0.12111609269377094,0.24092757131673614,0.06507698778003863
1623,0.3211275033509105,0.3211275033509104,0.029849369905700286,0.012205829982422811,-0.8620344920936993,0.2859055917710455,-0.41846297273615846,0.006577802339950963
1624,0.33085756355431756,0.3308575635543174,0.07203816340270841,0.0024757697790157573,0.1109832225646554,0.32330220786191216,-0.18366644174365865,-0.9216425797878482
1625,0.32930449818972085,0.32930449818972063,0.03095289391090743,0.004028835143612464,0.5452647134326174,-0.5109994463214522,0.016765787026309664,0.6642927566440893
1626,0.32413420948756094,0.32413420948756066,0.005718176063578088,0.009199123845772372,-0.8227824907651468,-0.5248275212622137,0.19388587362355297,0.09996656353648112
1627,0.30106883769274356,0.30106883769274334,0.012190729145805148,0.03226449564058975,-0.14354615676148627,-0.6768504702826204,0.033097611650818246,0.7212298453753936
1628,0.317783356464133,0.3177833564641329,0.09514193744732388,0.015549976869200288,-0.500635955851629,0.7445355959955984,-0.4047705022213608,-0.1766103805994209
1629,0.3251172907820927,0.32511729078209245,0.04799921654323809,0.008216042551240588,0.7280359243030708,-0.6327306963296835,0.1700050282993165,-0.2017767310649957
1630,0.3237394536631695,0.32373945366316936,0.07405720170102799,0.00959387967016384,-0.5573472645904464,-0.7643091722805389,0.2778539309129433,0.16731021755293404
1631,0.3115398427807736,0.31153984278077335,0.05829375491479441,0.02179349055255969,0.5386077704021721,0.3883736191804026,0.5988863909726483,-0.44766359277349443
1632,0.27009936575028515,0.27009936575028515,0.10202666049340159,0.06323396758304817,0.7061737313397227,-0.27610626172409314,-0.6483582040868585,-0.0686704637798758
1633,0.3246023393483293,0.3246023393483291,0.0778868643552245,0.008730993985003987,-0.7352359472662072,-0.023140931163611614,0.6170422357873339,-0.279555859189201
1634,0.27554780946477414,0.2755478094647741,0.11214404911132571,0.057785523868559174,0.8863384027504574,-0.2890858946825276,-0.36075818277814325,0.02621287591970961
1635,0.3008351701403986,0.30083517014039846,0.0860880858991163,0.03249816319293469,-0.34928063587307917,-0.15235815556827673,-0.6550870237299666,-0.6524193599032332
1636,0.33160984344514255,0.3316098434451423,0.04832681822418786,0.0017234898881907657,0.11803460175191247,-0.9657007818534825,-0.04856821551197624,-0.22612156279050946
1637,0.2607508562135098,0.2607508562135098,0.1135442679774997,0.07258247711982352,-0.21344064036118424,0.49796272172366896,-0.7481033155329835,-0.38316791371971726
1638,0.3036737379877186,0.3036737379877186,0.07322166178057414,0.029659595345614742,0.7525547766093573,-0.5703774238074509,-0.012914914513772656,-0.3288831214828722
1639,0.2653505553769149,0.2653505553769147,0.03823434100220611,0.06798277795641844,-0.5312420308290107,0.3520423578979618,-0.11221866607574363,0.7624008485767133
1640,0.3130888853040807,0.31308888530408063,0.005404832150195989,0.020244448029252626,-0.32486378694232604,0.30970444821905535,0.8823502000186103,0.14143832300313738
1641,0.29198230978607187,0.29198230978607165,0.03762043934445145,0.041351023547261445,-0.6947359453134989,-0.5590842103885647,-0.45224656621948645,0.015487263355345799
1642,0.3018025724643634,0.3018025724643632,0.06770868376575027,0.03153076086896994,-0.09318304522159487,-0.21591139953419627,0.8353661592838865,0.49685266182008464
1643,0.27508480663802953,0.27508480663802937,0.060703288057849636,0.05824852669530378,0.13235462517314212,-0.8711642885788946,0.18395157962512038,0.43556498005869176
1644,0.31464598282641615,0.3146459828264161,0.023834892360721793,0.018687350506917166,0.8583661973729437,-0.15757680143165043,-0.3304522931357267,0.35941383504175584
1645,0.32241617540142975,0.32241617540142953,0.04214552175895741,0.010917157931903565,-0.6172319196536463,0.4319027344501323,0.4150396052597869,-0.5101244077683145
1646,0.29967789799249683,0.29967789799249667,0.012654140670723587,0.03365543534083648,-0.7299358568548339,0.21221654988171404,-0.17783501568217772,0.6249259860425241
1647,0.30715533339860307,0.30715533339860296,0.008005189201027083,0.026177999934730245,0.35249963322212985,0.23945722228552097,0.4272945765925415,-0.7973854727095089
1648,0.2915526313037634,0.2915526313037634,0.09679031751124209,0.041780702029569905,0.5462636679516021,-0.11523535016445176,-0.5446710545881753,-0.6258196716645642
1649,0.3099986337545278,0.30999863375452774,0.0745718464683877,0.023334699578805518,0.42824401078144075,0.6992491248782177,0.23377676586403462,-0.522499906534943
1650,0.327301171165035,0.32730117116503493,0.018570728919032612,0.006032162168298327,-0.4093500555937811,0.8838808074892666,-0.18184322983726767,0.13461162616892006
1651,0.2688813358538409,0.2688813358538407,0.11253971303093749,0.06445199747949243,0.5448898824453792,0.49312244535031463,0.334714148155363,0.5898234557263864
1652,0.30408164965652773,0.30408164965652773,0.016318069515552876,0.029251683676805584,0.4009411922350399,0.05706896093408108,-0.844571827888822,-0.3502680710592718
1653,0.3283271715125244,0.3283271715125243,0.01812513933715537,0.00500616182080893,-0.6396699094425409,0.6055008927777967,-0.4638663611512083,0.09496880957135101
1654,0.3057640893519933,0.3057640893519932,0.05740158258603345,0.02756924398134003,-0.023216858231761135,0.6038600659582833,0.14139285421574288,0.7841058978297699
1655,0.30942893325418347,0.3094289332541834,0.014342584692682207,0.023904400079149846,0.6511775225110858,0.6858083089159497,0.31886110568787995,-0.06294754068009363
1656,0.31383566340164104,0.3138356634016408,0.006709033279327793,0.019497669931692274,-0.27473578160405665,0.944192560628362,-0.011609663275876961,-0.18134462903291615
1657,0.29909042005241593,0.2990904200524158,0.07126827691479345,0.034242913280917386,-0.2885568570691269,0.3198278111980489,0.8119659806632947,-0.39389891808450916
1658,0.3007555317558029,0.3007555317558028,0.010180229950691537,0.03257780157753043,-0.510399702971353,-0.7653764101062379,-0.38101813122496964,-0.09228368077549867
1659,0.28540825470356856,0.28540825470356845,0.09841385968557165,0.04792507862976475,0.5590564934768938,-0.1231501015580611,-0.7094667629415304,-0.4110313879362808
1660,0.24271123760248278,0.24271123760248273,0.15612984311889172,0.09062209573085053,-0.7659069683484268,-0.06734977360202735,-0.464868895596138,-0.43903010573115
1661,0.30953013612641755,0.3095301361264175,0.017868441596275157,0.02380319720691576,-0.39334281126012427,-0.8587728819070224,-0.07775509421206044,0.3189744746138211
1662,0.30380699903947816,0.30380699903947794,0.0201346004199004,0.02952633429385515,-0.1447544716079884,-0.4744494218499617,0.8088657069982896,-0.31572164496259386
1663,0.317410670180396,0.3174106701803958,0.00429081239932003,0.015922663152937333,-0.47018390570896557,0.17989263992811605,0.8133789993169254,-0.29151386996531214
1664,0.28314695003232054,0.28314695003232043,0.10424544272246272,0.05018638330101277,-0.7988484078868776,-0.1326478930176862,0.5644752878510115,0.16004189170366234
1665,0.3040107656665421,0.30401076566654195,0.06460288760407756,0.0293225676667912,-0.15921270986035396,-0.9522317605578128,0.23560381236401368,0.11134105623458852
1666,0.2747678371646704,0.27476783716467035,0.007649760783047111,0.05856549616866291,0.03433434849730371,-0.09146631930904688,-0.710826199719767,0.6965494804658712
1667,0.3124702670665852,0.3124702670665851,0.02721250648954723,0.02086306626674811,0.5081070508376511,0.19184600546489033,0.8396193710592219,0.00785154878649215
1668,0.22586550341187503,0.22586550341187503,0.18652893809747742,0.10746782992145829,-0.02310872481903642,0.6752761436968527,0.5775154897326701,-0.458196437906254
1669,0.2675626073825468,0.2675626073825468,0.10759541656355354,0.06577072595078653,-0.3622473052009881,-0.613062914195027,0.6226707854005219,0.32436375586988825
1670,0.29227433142463854,0.29227433142463854,0.035947370719312095,0.04105900190869477,0.34269369727035015,-0.051070706648233044,0.6592753939242543,0.6673145942804241
1671,0.3203007694446861,0.3203007694446857,0.013470596779770125,0.013032563888647208,-0.5342668544572803,-0.087771259528135,0.06545283535299237,0.8381951208241565
1672,0.30518035640721647,0.30518035640721647,0.047148895997736265,0.028152976926116846,0.1897920364317493,-0.05600407919743402,-0.343851436825275,0.9179372066832955
1673,0.24521928109524982,0.24521928109524965,0.15577860805788488,0.0881140522380835,-0.9039279498722367,0.2545298445219607,0.278287760585308,0.20170459091407913
1674,0.3229210045196986,0.3229210045196984,0.005829570001688237,0.010412328813634741,-0.05876450148688483,0.22994143775028836,-0.9366187864482746,0.257718678877744
1675,0.25122773101034507,0.25122773101034507,0.13400862403761588,0.08210560232298825,0.19308981066399764,-0.24212103413656552,0.5268172658722159,-0.7915537241560453
1676,0.2823498493153487,0.28234984931534846,0.09231782129026911,0.05098348401798464,-0.17052956093629834,0.4487384117834795,-0.7161080679149587,0.5066978801061027
1677,0.3244018847840181,0.32440188478401805,0.01774937807427158,0.008931448549315213,-0.20463821853117808,-0.29572832663291204,-0.14314940091287817,0.9220500015517421
1678,0.32417804074291334,0.3241780407429132,0.03624036506107976,0.009155292590419972,0.4891296821117773,0.03392149430745405,-0.5663724308176833,0.6624377373843142
1679,0.26684850759413775,0.2668485075941377,0.011097856933828448,0.06648482573919556,0.08802900747214082,0.8988104804132422,0.03363905541917011,-0.4280876406686982
1680,0.31881106182865865,0.31881106182865865,0.03819860023568266,0.014522271504674666,0.17510602802157696,0.11297365219001249,0.778672037545746,0.5918147436535467
1681,0.2958399303737927,0.2958399303737926,0.07841234932376145,0.03749340295954062,0.4054403623326722,0.09199172005479707,0.4409356955610208,0.7954441202328609
1682,0.3030614522148416,0.3030614522148416,0.021857290345185895,0.030271881118491717,0.28323104904907637,-0.6949287184264785,-0.6330668261991811,-0.18994905297681208
1683,0.2971553485775708,0.29715534857757075,0.10217888184648165,0.036177984755762504,0.8461420711834529,0.47823978495362396,0.14301573531024495,0.1867533210268515
1684,0.2613092936386494,0.26130929363864935,0.1091649584264056,0.0720240396946839,-0.9479520659990156,0.21055636730117677,0.23332525025196255,0.05110992420253461
1685,0.29512938753061857,0.2951293875306183,0.08090614463471431,0.038203945802714745,-0.24202352364922491,0.5836337919977528,-0.3522710940912105,-0.6904355778104997
1686,0.3157582285154483,0.31575822851544816,0.06914903994300758,0.01757510481788499,-0.8335263988603953,-0.5445854780101773,-0.047228995893063036,-0.08018616769855719
1687,0.26202983231277405,0.26202983231277394,0.14704878992824544,0.07130350102055927,0.056383967342481814,0.4270841210869532,-0.5947218171480564,0.6787679735743434
1688,0.32231420865330246,0.32231420865330235,0.036955915669842784,0.011019124680030856,-0.25669168085337885,-0.2613685393868344,0.8475134171986187,-0.3840792564924324
1689,0.32086128849311196,0.32086128849311185,0.08466471925890871,0.012472044840221352,0.043464469822633287,0.2757204523601113,-0.9589856432404269,-0.04935188012748496
1690,0.2979113472375368,0.2979113472375366,0.08541994611438541,0.0354219860957965,0.05417892554260554,0.3147574209660039,-0.6322826215049934,-0.7058407019410625
1691,0.27397909450595404,0.27397909450595376,0.1046951028600039,0.05935423882737928,0.2522988841202324,0.4339048551106743,0.692317165244079,-0.5184291586045994
1692,0.30870960846191925,0.30870960846191914,0.007591600170442894,0.024623724871414066,0.650419736295206,-0.08756712060332911,0.21226622630104006,-0.7240367498952192
1693,0.28834200001222454,0.2883420000122243,0.09408521298452718,0.04499133332110877,0.37429403702344577,0.4460186264614529,0.6895704521340738,-0.4306552568374611
1694,0.2817544992791789,0.2817544992791789,0.12753681700390157,0.05157883405415442,-0.8187853566461564,-0.04964355403500828,0.5609943130623906,0.1114066335379378
1695,0.2670370436803959,0.2670370436803958,0.10708208493389501,0.06629628965293743,-0.3081716789213584,0.7383553948761509,0.5258541999738485,-0.28868475459909243
1696,0.29205721291547215,0.29205721291547204,0.039329300662530486,0.04127612041786116,0.42008770659408234,0.6793311661096448,0.518911289897189,0.30457603112830417
1697,0.25987968895945357,0.2598796889594535,0.11328884625782826,0.07345364437387975,-0.19972570454950483,0.4851297849692137,-0.750259780533596,-0.402329462495116
1698,0.3229601826473151,0.32296018264731485,0.03201831829566694,0.01037315068601824,-0.7831046740169224,-0.03792883142390871,-0.24135845348522833,0.5718868508812607
1699,0.3263190324697322,0.3263190324697321,0.03030260759654595,0.007014300863601108,-0.757710418427018,-0.5011138746353703,0.10252056235719167,0.4052768692499549
1700,0.31192868268395885,0.3119286826839586,0.03349227673670304,0.021404650649374468,0.7620261138375164,-0.392975793589219,0.310310201919586,0.4106017609159047
1701,0.2883773305256047,0.2883773305256046,0.14320694863447345,0.0449560028077286,0.7953043360527561,0.08266764106293853,0.5760603646420337,0.16973959604423763
1702,0.28504074065773904,0.2850407406577389,0.12456189427964086,0.04829259267559427,0.8912060485035083,-0.4039644048863617,-0.18172848753330767,-0.09766931715962088
1703,0.3128484447168372,0.31284844471683715,0.017976129864391857,0.02048488861649611,0.6538180926664622,0.5293118632942623,-0.5270040673309718,-0.12090312690149195
1704,0.30922926246737886,0.3092292624673788,0.07154041576645646,0.024104070865954452,-0.21751192312678858,0.29998789113375507,-0.9067812230525627,-0.2011060466274121
1705,0.2956344462195429,0.2956344462195428,0.07273285744216537,0.037698887113790436,0.03886350257283793,-0.6531738613026387,0.228349253633461,0.7209092546526322
1706,0.32337961754897554,0.3233796175489754,0.028534115657391782,0.009953715784357775,0.5327940169694789,-0.4687825968455139,0.6682466144429311,-0.22320366184689625
1707,0.26910705958933684,0.26910705958933684,0.014719710842221142,0.06422627374399648,0.5069321329214533,0.39744567063734454,-0.05005312603768305,0.7632505722743961
1708,0.316906019545536,0.31690601954553593,0.00569422195470548,0.016427313787797326,-0.32673041368764444,0.9281830451509768,0.0458842291588371,-0.17209912544885167
1709,0.26057210166795136,0.26057210166795114,0.10121900886934146,0.07276123166538195,0.2599671569691895,0.45418977334072186,-0.7465027937959013,-0.4109285898364515
1710,0.3326347320745323,0.33263473207453215,0.06386034679146033,0.0006986012588010015,-0.7515499325578066,-0.38312788520447555,-0.192438989641669,0.5013511321586861
1711,0.3298956981182207,0.32989569811822056,0.051533553813264174,0.003437635215112589,0.6109101329251329,-0.7866401097593055,0.021066601047661837,-0.08684667827592957
1712,0.3307995319054209,0.3307995319054209,0.03139153505948069,0.00253380142791243,0.25485308875520574,-0.014932879247539194,0.965241774240111,-0.0559931203909203
1713,0.32141176763326146,0.3214117676332613,0.005187653977966203,0.011921565700071857,0.44563483351404426,-0.5713859517912943,0.11796233137957168,0.6789790700971298
1714,0.31214057807306045,0.31214057807306034,0.03713298453885792,0.021192755260272866,0.14632947887170675,0.7270009246779997,0.13048835524262545,0.6580502475317083
1715,0.3211101350510814,0.32111013505108127,0.041159926303143295,0.012223198282251935,0.22329985587630516,0.8998974834715956,0.32248237377321387,0.1905959396542962
1716,0.30801160097786817,0.3080116009778681,0.04901377459045802,0.025321732355465143,0.2781995278324397,0.040300870541853,-0.21405132398276597,0.9355014127453798
1717,0.3134857283324207,0.3134857283324206,0.04637276385555256,0.019847605000912594,0.286355083381527,0.28602912029418476,0.8363440433392199,0.3697522815836282
1718,0.3141282712883685,0.31412827128836834,0.027517502549313927,0.019205062044964805,-0.33451678962819964,0.6027541908708921,-0.15366941773841916,-0.7079347518637251
1719,0.2557113730402673,0.2557113730402672,0.1457617985281462,0.077621960293066,-0.22682861348241157,0.604248569290712,-0.3534243468902995,0.6771437643816411
1720,0.28416550909401816,0.28416550909401805,0.1005931675858782,0.04916782423931515,0.2995154664088931,-0.4533505346922771,-0.6915631179877323,0.4759246073856399
1721,0.2969833197462629,0.2969833197462628,0.07207162595588118,0.03635001358707041,0.12239156483266006,0.5178190740282069,0.8463145281862169,0.02520775300029813
1722,0.31931096313479174,0.31931096313479157,0.04585453250072233,0.014022370198541578,-0.8265763253827463,-0.17806713571611946,-0.49936196696620966,0.18894787493446796
1723,0.28996981906917063,0.2899698190691706,0.08163205199023879,0.043363514264162684,0.3960062394764704,-0.4735750212916908,-0.660067591339098,0.4280380034156787
1724,0.3154850193516064,0.31548501935160633,0.015955821222579845,0.017848313981726927,-0.14809570578005166,0.5299785091610141,0.7979803035992189,0.2458004817421556
1725,0.30616700418552273,0.3061670041855226,0.07932585443970425,0.027166329147810586,-0.8050864904927556,-0.2921059948021745,0.23575825223655042,0.4592688505974005
1726,0.31708333425369506,0.31708333425369506,0.0032142085814541076,0.016249999079638255,-0.47017852341884186,0.7438215398635251,-0.413744802625113,0.23340289469378545
1727,0.2762028527968752,0.2762028527968752,0.0944867648038298,0.05713048053645814,0.6660414620639507,-0.2576217969783543,-0.6944044361446564,-0.08844353902903461
1728,0.2925036023249174,0.2925036023249173,0.01221378002574642,0.040829731008415915,0.09412179267733,0.8328160470781878,-0.4574332617603778,0.2971755893533804
1729,0.32704676356773615,0.32704676356773593,0.010500987290237749,0.006286569765597161,-0.02887064686128826,-0.3695294356598304,-0.8587002319728354,-0.35390449776816446
1730,0.3043667117112861,0.30436671171128593,0.10066858722534817,0.028966621622047217,-0.7611318372961832,0.07771049096394302,-0.626025016196235,-0.15077163176401304
1731,0.3194297848724966,0.31942978487249657,0.09511443451401579,0.01390354846083669,-0.12287030748880408,-0.414556094366209,0.3178360940879141,0.8438165377950232
1732,0.3100684061644766,0.31006840616447656,0.013647705581206813,0.023264927168856697,-0.33243210463103007,0.7644112225318035,0.5075275385703003,0.21812880660469794
1733,0.29907080719126694,0.29907080719126694,0.013256488577612281,0.034262526142066374,-0.23339952199481717,0.14889854767073898,0.694800139152369,-0.6637820819124182
1734,0.32875932808630653,0.32875932808630637,0.058094170265781925,0.00457400524702678,0.7452035636771781,0.24707624514607335,-0.5576930753098475,0.26945020229867384
1735,0.3310059338107379,0.33100593381073773,0.047318928489264715,0.002327399522595419,0.5969500794221007,-0.03353838068535736,0.7694233073536021,-0.22475220532843737
1736,0.33028865491054715,0.3302886549105471,0.021823744239930557,0.0030446784227861623,-0.4294390189501763,-0.07997719188042499,0.8601715529689634,-0.2632312239172885
1737,0.31039379126131417,0.310393791261314,0.08255006683497619,0.022939542072019148,0.6179577586276124,0.689861455305591,0.10872061695171728,0.3611083057549736
1738,0.3085419615805219,0.3085419615805217,0.05053847370513386,0.02479137175281143,-0.5085483040577108,0.6383936512431265,-0.40566966833314033,0.41141741417564637
1739,0.27872046396732686,0.27872046396732675,0.0517212689561691,0.054612869366006456,-0.3795663921009268,0.3904157538743298,0.01613818531689267,0.8385967160017392
1740,0.27292137728266835,0.2729213772826682,0.1283590881427996,0.06041195605066496,0.6425277981748428,-0.16493873433365366,-0.478589538847002,-0.5752436838377408
1741,0.26684499375997817,0.266844993759978,0.09667870293405965,0.06648833957335515,-0.6619273406912841,-0.03372131508063123,0.5135454312431196,0.5449643645266322
1742,0.32009975947575253,0.3200997594757525,0.03315141544382208,0.013233573857580783,0.819416454551594,-0.013367153577424047,0.23972128017603006,-0.5204917876836277
1743,0.3318453560275335,0.33184535602753346,0.06903559633016564,0.0014879773057998036,-0.6168960494785112,0.2508494169318704,0.1643032431752168,-0.7276800659938765
1744,0.33214528461669435,0.33214528461669435,0.0682254438122235,0.0011880487166389675,-0.6950641011485814,-0.7099708155648883,0.10756128595010397,-0.03546697203599245
1745,0.33284725546367017,0.33284725546367,0.06688891090744811,0.0004860778696631485,-0.09395864735177208,0.39910596011261334,0.6023253312008644,0.6849017452045099
1746,0.2767652494603762,0.276765249460376,0.11090289693433104,0.05656808387295714,-0.1090575541269369,-0.8613759400295198,0.48612998759442727,0.09907358370197988
1747,0.3311092529695905,0.3311092529695903,0.037725133722578165,0.002224080363742831,0.22605085897349952,-0.0110013680682983,0.9737242727221621,-0.025318368226753957
1748,0.31087496254138686,0.3108749625413868,0.03700564503792233,0.022458370791946458,-0.632222985254013,0.6813090230119597,0.011005550251547404,0.36876956211522344
1749,0.28818825315716484,0.28818825315716484,0.06643814991648916,0.04514508017616847,0.6583728272539675,0.13896368048927388,-0.7123450888898831,-0.19949634125205665
1750,0.3032646742881285,0.3032646742881284,0.06086360985365647,0.030068659045204837,0.09473346078623573,-0.9544290494818992,0.27773878956411335,0.054331626922100126
1751,0.2941133941315626,0.2941133941315625,0.0156462776298965,0.03921993920177069,-0.9741137351558672,0.1611896180466277,-0.15340473863153697,0.03984123718030236
1752,0.2947328110576903,0.29473281105769017,0.006876404392228854,0.038600522275643034,-0.2144633743441125,-0.46365665565473796,-0.18538062365238833,-0.839441475688599
1753,0.3060853235714019,0.3060853235714017,0.05110778332426332,0.027248009761931424,0.32762936282799,0.3108829172215664,-0.876745437332746,-0.1653125842425368
1754,0.2975718752026362,0.2975718752026362,0.040536802818080774,0.03576145813069709,-0.5858100739018735,-0.1664224995726088,0.06121512395786893,-0.7908114930562842
1755,0.3001783111177826,0.3001783111177825,0.06570667903708753,0.03315502221555072,0.017936815105458352,-0.24831214546800123,0.6855466121468948,0.6841382840119867
1756,0.28742601711898186,0.2874260171189817,0.06112936534082469,0.04590731621435146,-0.10211334269343245,-0.7135663098409845,0.18737475247583837,0.6672980509776063
1757,0.2926824406072266,0.2926824406072266,0.08422131826153686,0.040650892726106724,0.460200376160795,0.17261011956997438,0.7728774034086885,0.40135007126415856
1758,0.3234871223901643,0.32348712239016425,0.027536228979949805,0.00984621094316901,0.08289437227684986,0.08633663674282464,0.7025742122671854,0.7014727253841796
1759,0.2799236667393099,0.2799236667393099,0.016497206744024825,0.05340966659402341,0.08651350889079085,-0.0707670389138203,-0.6891742628687795,0.7159233718646482
1760,0.262028519169139,0.2620285191691388,0.12693455821816174,0.07130481416419432,0.10614441817488345,-0.44897899089286364,0.6452944804660895,-0.6088893673789523
1761,0.31612726819724807,0.31612726819724785,0.023026265484428,0.017206065136085247,-0.8946856508025943,0.40922989260788567,-0.1033409258766381,-0.14625024541188228
1762,0.3128535853817613,0.3128535853817611,0.0888073138822837,0.020479747951572036,-0.09202089593962341,-0.34771926142084725,0.9304678902713942,0.06966329823738115
1763,0.3078359654672344,0.3078359654672342,0.09974375852187377,0.025497367866098908,0.032048916452560985,0.8790686153121007,0.4690564904623649,0.0787225843237632
1764,0.3330094679809683,0.3330094679809681,0.06796200806287646,0.0003238653523650048,-0.06742298846716085,0.32708372670757097,0.7237678484749924,0.6038464025421733
1765,0.3202325653970821,0.320232565397082,0.061223132168418654,0.0131007679362512,0.06862950027687602,-0.15188847509093636,-0.15042738168622952,-0.9744698485152435
1766,0.2982678913930483,0.2982678913930483,0.05320865988252694,0.03506544194028499,0.6520021266904684,0.23051759576344105,-0.3573725995914803,-0.6277258078936828
1767,0.30644651251606736,0.30644651251606725,0.053268781875775446,0.026886820817265955,-0.359077604891557,0.45738953040509844,-0.8107624485080175,-0.06724836972321926
1768,0.2977264511917381,0.2977264511917381,0.0019193223329133232,0.03560688214159524,0.5263921964697857,0.22940376286590644,-0.17857658814595007,0.7989966027742729
1769,0.29030225747304256,0.2903022574730424,0.06309176299350093,0.04303107586029076,-0.3194975263039988,0.6204764453865768,0.015055826586528162,0.7160332628389972
1770,0.2902550834320841,0.29025508343208384,0.10389204655851537,0.0430782499012492,0.0059483622623033115,-0.07467992883854509,0.29418540647596053,-0.952807678302206
1771,0.2965955848214347,0.29659558482143467,0.00622261999285398,0.036737748511898594,0.5737051747803559,-0.6284814345280554,0.07049134154789896,-0.5204848025164389
1772,0.2750611892713783,0.27506118927137824,0.13399526237677656,0.05827214406195502,-0.04062155504735927,0.44162537905222604,-0.8177178320343628,-0.3669529411457738
1773,0.28602844971026076,0.2860284497102606,0.0967703681113914,0.04730488362307256,0.0029369637924074343,0.3661149213504492,-0.022799756428402932,0.9302856602759402
1774,0.3281687200803208,0.3281687200803207,0.008741682357201158,0.00516461325301254,0.6312280773138867,0.5335012459097402,-0.43163457056037025,0.3614126900380414
1775,0.31316365847018274,0.31316365847018246,0.08100154538830731,0.020169674863150577,0.782477292640577,0.5322587093358869,-0.07023615101786554,0.31543119048084695
1776,0.3206840977065092,0.320684097706509,0.024459807060999407,0.012649235626824129,-0.3995645212281621,0.8136067948328747,0.021971172299598225,0.4217931298222713
1777,0.30118377452686507,0.3011837745268649,0.020119694335914675,0.03214955880646825,0.5845071256492093,0.5520073302839147,-0.14093313773458088,0.5777345221348733
1778,0.30711519300854295,0.30711519300854295,0.0176318101993581,0.026218140324790362,0.7436648055222549,0.45230657935173213,-0.43441313178409086,-0.23166062728962014
1779,0.30960734596177475,0.3096073459617746,0.025143285547219604,0.023725987371558566,0.2651977610805068,-0.34600077112381045,-0.2166417154552625,-0.8735101493538676
1780,0.3253043420744803,0.3253043420744802,0.055564315172488436,0.008028991258853035,-0.6657662824792361,-0.466565028162223,-0.3797683824778677,0.44141625171702303
1781,0.32181888588142826,0.3218188858814281,0.006369698950879528,0.011514447451905052,-0.4840715773544955,-0.708393272399706,0.3397156939495099,-0.3852881089532478
1782,0.3036970872813363,0.3036970872813363,0.06456999008355313,0.029636246051996995,-0.23818123180771367,0.5887445465826036,-0.27163783899469696,-0.7230922791111076
1783,0.3232057877797226,0.3232057877797225,0.0020237443816611906,0.010127545553610728,0.5178674204519605,0.11949255289693796,0.7677327852858495,-0.3579402674104107
1784,0.32064117594342845,0.3206411759434283,0.04242913456256843,0.012692157389904868,0.22959492939445136,-0.42021757707049323,-0.24027246337915298,0.8443769890629864
1785,0.28833467382173955,0.28833467382173955,0.09216170241327457,0.044998659511593764,0.6957234868896172,0.5040975141095523,0.04920285494493974,0.5093462526847424
1786,0.32855767417396425,0.3285576741739642,0.07503848379621655,0.004775659159369061,0.050406540929302995,-0.10861819673195472,-0.9829368686090998,0.13962943922818719
1787,0.3045549782080337,0.3045549782080335,0.010856152784655397,0.028778355125299637,0.5418396293619767,-0.09130380740058222,-0.07753336505040792,-0.8319026434090669
1788,0.26693321586190044,0.2669332158619004,0.07211564451282923,0.06640011747143287,-0.1612932222011588,0.021865571453840226,-0.5148278500683345,0.8416998740946687
1789,0.29417081087774083,0.2941708108777408,0.07335834014258033,0.039162522455592486,0.8530694883985097,0.2183180657143412,-0.07735012687004937,0.4675752645504686
1790,0.288889308508845,0.28888930850884487,0.019336531186935346,0.04444402482448834,0.5127821302796773,0.22852517522714513,-0.05600406508756758,0.8256477916441769
1791,0.31254175762010533,0.3125417576201053,0.031139072420974308,0.020791575713227983,0.0186249034166041,0.6021734399903795,0.7614441226573245,0.2392553222260523
1792,0.32499992960953156,0.3249999296095314,0.02446125897703672,0.008333403723801758,-0.7683750541633301,0.27114189925211585,-0.4249200718609012,0.39436630071442674
1793,0.25892997167129717,0.25892997167129705,0.13853550116301613,0.07440336166203615,0.004447557489771608,-0.6855991863380066,-0.713580320467889,0.1440038234422385
1794,0.33073417269524674,0.3307341726952467,0.07948890721907526,0.002599160638086573,0.6065177211492518,-0.183072878241443,0.6807318311414613,-0.3677291792271933
1795,0.30817879938900383,0.30817879938900367,0.06076255237067188,0.025154533944329482,0.17046569260314817,0.43525749912614276,-0.8832592663436085,0.036680042501817736
1796,0.3306972257919705,0.33069722579197025,0.0328260355777942,0.002636107541362842,0.2356301710109376,-0.015275708591610041,0.9639371249773195,-0.12276112709990805
1797,0.3173290652092542,0.31732906520925397,0.045444154942640536,0.016004268124079124,-0.3781537775324919,0.10244608040500504,-0.7896068899861446,0.4722557362636968
1798,0.3068860848315898,0.30688608483158974,0.0940111558234266,0.026447248501743514,-0.08940985419698422,0.3914467362904365,-0.9111115360630175,-0.09301128680395786
1799,0.30692645136005176,0.30692645136005164,0.0031835462702171136,0.02640688197328156,0.3472853605059272,-0.37925409010526556,-0.2647717995689201,-0.8157543182047712
1800,0.2840084187427364,0.2840084187427363,0.10347922608857935,0.0493249145905969,-0.04426807818316537,-0.3423571537745545,0.7993592028795021,0.49178936678745133
1801,0.31164654407319764,0.3116465440731976,0.034712324232408914,0.021686789260135675,-0.8963184583609883,-0.43736205612897966,-0.0649907864461266,0.033224249233449306
1802,0.2750123264563174,0.27501232645631735,0.11684792078626685,0.05832100687701591,-0.17834180636939978,0.3797984749228676,-0.09226937335999341,0.9030136661684128
1803,0.3218544285022345,0.32185442850223445,0.021787587415371398,0.011478904831098813,-0.3118164572681542,0.6862666952025518,0.4271292508043933,0.4993687246311918
1804,0.3009457162739478,0.3009457162739478,0.06373052674449041,0.03238761705938553,-0.030567385520512302,0.6221985737842486,0.7730355107387069,0.1197942772432556
1805,0.3108963538756897,0.3108963538756896,0.002868017700725364,0.022436979457643613,-0.8916865420521135,0.23906607150987386,0.1598158832457449,-0.34957317923199205
1806,0.3074702591211766,0.3074702591211764,0.04095817674734063,0.025863074212156723,-0.3990457742497659,-0.688633884255383,0.29078373108247846,-0.5310279326424381
1807,0.3263461218248508,0.3263461218248508,0.014445159158064009,0.006987211508482527,0.2676878725251502,-0.2835360098142711,0.19493313675432458,0.8999731141743516
1808,0.3247015039528742,0.324701503952874,0.02089622090967613,0.008631829380459088,-0.8173371893730799,-0.5054942947185677,0.2561543119784974,-0.1040211773126733
1809,0.3297435219767997,0.3297435219767996,0.04365884959976999,0.0035898113565336343,0.013342057389420917,-0.011666695356531039,-0.24756113998606824,-0.9687101525703514
1810,0.29741567615300873,0.2974156761530085,0.0711528981457348,0.03591765718032458,-0.07180302364860289,-0.24912029063744753,0.7479988435179854,0.6109673777571011
1811,0.2794024688087391,0.27940246880873904,0.04757861162534875,0.053930864524594224,-0.14986138877253755,-0.7518876114026632,0.6298824249164056,-0.12431699302908224
1812,0.28781724065392167,0.2878172406539216,0.10972651836465193,0.045516092679411646,0.024588451542919346,-0.7915862686086566,-0.610527399737183,-0.006548402179117093
1813,0.2903109302561969,0.29031093025619653,0.0013372896767064777,0.043022403077136395,-0.0190175831877653,-0.06572394796090564,-0.8041682454987344,0.5904507829833199
1814,0.24200298270285114,0.242002982702851,0.13137305025438664,0.09133035063048217,0.6424503963252711,0.4158399531738858,0.531860029987488,0.362573482355716
1815,0.27984003032262267,0.2798400303226226,0.052141354242649096,0.05349330301071065,-0.6683308750888711,-0.219437507379409,0.6618567396744705,0.25908816627846165
1816,0.3061506603451241,0.306150660345124,0.11805901398425683,0.0271826729882092,-0.8281957979479854,-0.11849585410086315,0.09384092969513305,0.5396705779789739
1817,0.26097615214131487,0.2609761521413148,0.039959087669050666,0.07235718119201845,-0.9734558955883645,-0.027523589455617482,-0.05585436788979852,-0.2202415967871759
1818,0.33018984516739214,0.3301898451673918,0.03894530657439088,0.0031434881659411773,0.07029647401856527,-0.9736263203656178,0.005694190963677614,-0.21697412339063346
1819,0.32172568053852985,0.3217256805385298,0.023878329394752075,0.011607652794803469,0.29660660407531003,0.8515950735945077,-0.12692770380329627,0.413158215524876
1820,0.3074231253122445,0.3074231253122445,0.020060528991666646,0.025910208021088788,0.7346279804203757,0.5330486383896188,0.3995843611546105,-0.12850376576239167
1821,0.3247290403113776,0.3247290403113774,0.02968502584551991,0.0086042930219557,-0.048853943496577734,0.3314031892273811,0.9230436642098545,0.1891444219024162
1822,0.27437810951938146,0.2743781095193814,0.13255358598515107,0.05895522381395185,0.7346699133071173,0.4679408130476342,0.1698268919837135,0.4609233566709151
1823,0.31945761043919896,0.31945761043919896,0.012911533731435153,0.013875722894134357,0.13767774835664662,-0.44565495375301023,-0.8509082920222791,-0.24164349436840626
1824,0.30200728720869513,0.30200728720869513,0.0030960650760579896,0.031326046124638185,-0.14693722434388176,-0.8567823258559066,0.4125056548348643,-0.27234643917686613
1825,0.3062145701279586,0.3062145701279585,0.04773958298296237,0.027118763205374707,-0.3919992597461018,-0.7677919593019943,-0.14920647167740497,0.4843237722838853
1826,0.2993136720357727,0.2993136720357727,0.05493021201994608,0.03401966129756062,0.005560534667196914,0.9314674639490874,-0.36132825966452,0.04218213871154114
1827,0.28255161174688365,0.2825516117468836,0.14139630051848914,0.05078172158644967,-0.11295993255839093,0.7165698028409564,-0.2269239340960857,0.6498255915453253
1828,0.24280972203815637,0.24280972203815623,0.15556111222253874,0.09052361129517694,-0.0552871974435593,0.581336214618321,0.6143155700096372,-0.5306674210989524
1829,0.3283810213990822,0.32838102139908193,0.03812182580554823,0.004952311934251108,-0.7887627180973494,-0.5998890095563376,0.1329347339835935,0.017745626331827916
1830,0.32149399339449447,0.3214939933944943,0.004571628050834988,0.011839339938838844,0.07774345378986543,-0.5868847671873026,-0.7317822413466744,-0.3376639996889902
1831,0.28863106955736945,0.2886310695573693,0.06364238281914211,0.04470226377596387,0.5680005055522532,-0.401233876492909,0.3162597160652931,-0.6452647472481027
1832,0.29507822934613215,0.29507822934613215,0.05529383736456426,0.03825510398720117,-0.46658033133324833,0.009320715898726958,0.7055236675947703,0.5333406726771506
1833,0.3270320347519551,0.32703203475195497,0.011392616260608062,0.006301298581378234,0.21394938836964747,-0.6765968085468641,-0.43092674833410555,-0.5574446658195289
1834,0.33111600261310464,0.3311160026131046,0.05190079026359105,0.002217330720228672,-0.46850145443903246,-0.8694661385561819,0.13794278080030142,-0.07420788581945725
1835,0.27237834123669763,0.2723783412366975,0.12099498580773624,0.060954992096635685,0.22573685563382462,-0.7331883061380627,0.6215014482185796,0.1587883169920262
1836,0.32232265395789494,0.32232265395789483,0.021556586313932508,0.01101067937543837,0.5663243395059653,0.22442780661631978,0.49362120068025095,-0.6206826985984927
1837,0.26542545248016575,0.26542545248016564,0.060223690593616416,0.06790788085316757,0.6356508347872019,0.544945133177763,0.5309543050078275,0.13065352675629685
1838,0.3193984809637337,0.3193984809637335,0.014494538113431883,0.013934852369599626,-0.5504167876537711,-0.09281153734124341,-0.5389207570914395,0.630865909668012
1839,0.309630244704451,0.3096302447044509,0.06008376681034196,0.02370308862888232,-0.37430897882012876,0.04474471439763062,-0.10964930170933053,0.9197106770842465
1840,0.2824048214664942,0.28240482146649404,0.09628763569917079,0.05092851186683911,-0.2845413301618491,-0.4935855093890271,0.7950060992996624,0.20826636412833352
1841,0.32969457851340234,0.32969457851340217,0.04173055800190476,0.0036387548199309783,-0.6619733605935435,-0.47203457167888263,0.03045154370901978,0.5814183833438379
1842,0.30787764458740385,0.30787764458740363,0.05291720091361812,0.02545568874592946,0.5128123200703263,0.7552930354007825,0.3167500232500738,-0.2573429187489707
1843,0.3301129536166734,0.33011295361667325,0.012536479077721386,0.0032203797166598935,0.7173635601260185,0.6181999554363468,0.06648453441478595,-0.3143217211480493
1844,0.3212567696908801,0.3212567696908799,0.005208094491380692,0.012076563642453242,-0.34476583057650817,0.06120332891621843,0.9261955669530969,0.1398300624075339
1845,0.31899219548409474,0.3189921954840945,0.031054261100266604,0.014341137849238572,0.2806492172612535,-0.056866251119848506,-0.6877005154382358,-0.6671358537810758
1846,0.2878127402967983,0.2878127402967982,0.09201346809524776,0.045520593036534995,-0.1410050095957491,-0.740382519590885,0.35101767007165247,-0.5556418875954403
1847,0.32611795030033613,0.326117950300336,0.032205945691025556,0.00721538303299718,0.7658880264550416,-0.0472303760285165,-0.4813330653144895,0.4236783010114676
1848,0.27741208959668934,0.27741208959668917,0.10122030278416343,0.05592124373664398,0.16323913037969287,0.6424662704927294,-0.48560509039083205,0.5698927739308131
1849,0.27170065647439895,0.27170065647439895,0.027109481037353545,0.061632676858934365,0.3481427025090726,0.6027238919516587,0.7146458519616882,0.06929556287582493
1850,0.32833306301238674,0.3283330630123865,0.020875608407208014,0.005000270320946576,0.8269588302235111,-0.0013381805928485576,0.44918434212729325,-0.33818741723448803
1851,0.2961143625501667,0.2961143625501664,0.017284736871177903,0.037218970783166605,0.6571631433256142,-0.37257267758970364,0.5356374537413098,0.377384049898195
1852,0.29908095113672795,0.29908095113672784,0.10352851515155606,0.03425238219660537,0.017663920390870037,-0.7152898797447136,0.036307512930371016,-0.6976604749848088
1853,0.2922886152968998,0.29228861529689976,0.08548359501135926,0.0410447180364335,-0.25721587304799476,0.3972903904778838,0.6061473777629657,-0.6392070843765493
1854,0.3010226602694592,0.301022660269459,0.09100017577804465,0.03231067306387414,0.8400080556047516,-0.024635460398731473,0.001227429067686903,-0.5420129648153731
1855,0.2887835543692386,0.2887835543692386,0.003778448031784988,0.04454977896409473,-0.40724986030577187,0.4654544387088292,0.7820407166075038,0.07688975442280904
1856,0.27592075926698745,0.2759207592669874,0.0033560379726826906,0.05741257406634587,0.43970821901238055,0.30315026852573784,-0.02600075639841165,0.8450328736164315
1857,0.3172569189849827,0.3172569189849826,0.03691346968894304,0.01607641434835061,-0.6377932818418117,-0.07561554393534513,0.009290926120290699,0.7664304912023272
1858,0.314764404085834,0.31476440408583395,0.0660905502007875,0.01856892924749931,-0.5350689178182724,0.5685898083271284,0.3895542427304976,-0.4885226453522609
1859,0.29750180542455096,0.2975018054245509,0.08196031493367124,0.03583152790878236,-0.6366940486396365,0.13230421931887226,0.7589016996633883,0.03441645282873008
1860,0.30761091676684665,0.3076109167668466,0.0025167681264541466,0.02572241656648666,-0.26188971537048716,0.0476747294627055,-0.8520813542380741,-0.4506642463227284
1861,0.2656498563949525,0.26564985639495237,0.1008349023931489,0.06768347693838084,-0.051022014992159866,-0.74034817004788,-0.3104956613707073,0.594031805009515
1862,0.31402651350858857,0.3140265135085885,0.06257089981900969,0.019306819824744748,0.10514327571162786,0.5469922826063632,-0.1880920198136839,-0.8089287523781793
1863,0.3254807657895671,0.3254807657895667,0.04490812604703087,0.007852567543766231,0.843464303119666,-0.00042463385591073215,0.4903187253527887,-0.21944324235975263
1864,0.3019433533988718,0.3019433533988717,0.02608333647579408,0.03138997993446152,-0.5066156915708374,-0.5373412307555577,0.26768059783111375,-0.6188311888787459
1865,0.28463583774546636,0.2846358377454663,0.03451022878041543,0.04869749558786696,-0.44882641150380376,-0.7487895826365076,-0.4866295845627316,0.03256778623065923
1866,0.30232037548947405,0.302320375489474,0.015653389982853722,0.031012957843859268,-0.35182509015798524,-0.24191496308232208,-0.49544821762322017,0.7564570841932665
1867,0.3224569558364029,0.3224569558364027,0.011446478397882952,0.010876377496930434,-0.4280623722597551,-0.5251003121958191,0.1055071419377283,0.7279426561119606
1868,0.3212437960305689,0.3212437960305687,0.02761849583500796,0.012089537302764408,0.25940151903589637,0.07231323544053668,0.9103435961282998,-0.31425496796420854
1869,0.25988067047052005,0.2598806704705199,0.13626484445083453,0.07345266286281327,-0.6929879696281884,0.39947393084710403,0.39404762222552636,0.4526750754598414
1870,0.318015424830162,0.31801542483016193,0.006561146309908831,0.015317908503171329,-0.2989331759800452,-0.8466417307283035,0.3086228098467049,-0.31398837132956153
1871,0.2990655620780541,0.299065562078054,0.08320828361898801,0.03426777125527919,-0.1289608695649005,0.46838672802649,0.8726885240285556,-0.04896638804899621
1872,0.2730870368771371,0.273087036877137,0.03843918979799694,0.060246296456196224,0.5388736956934681,-0.43397516850166823,-0.7194333038380278,-0.060798145878902254
1873,0.2743929194035857,0.2743929194035856,0.1074239162584869,0.05894041392974764,0.5499356557732967,0.29536436164647606,0.6981150451095941,0.35066515676638466
1874,0.28146505885865397,0.2814650588586539,0.0017917175932295575,0.05186827447467934,-0.4635620814294282,0.43804266559411975,0.769069725097571,-0.041959238772420075
1875,0.22972739117210578,0.22972739117210572,0.1481668612087605,0.10360594216122754,0.013518685189632252,0.7856392240188711,0.4446143128376924,-0.4300074041846678
1876,0.29824395340877324,0.29824395340877313,0.04750598519702326,0.03508937992456007,0.6667470461132681,0.22326448402785123,-0.11098638392541293,0.7023413481023096
1877,0.28850060257308746,0.28850060257308735,0.027696472904372393,0.044832730760245854,-0.16800373730060664,0.19961597393485248,0.6909946400933789,-0.674132490364684
1878,0.25405683293708975,0.25405683293708964,0.15054766507114611,0.07927650039624357,-0.0815267230053818,-0.5368474550455946,0.634884148840501,0.5496092439162068
1879,0.31019436363901604,0.31019436363901604,0.026853905153383473,0.02313896969431728,-0.4193282343383899,0.3118731968209081,-0.8377569592428665,-0.15831051206884983
1880,0.32817696659439954,0.32817696659439954,0.05954569801177215,0.005156366738933771,0.0743445724519594,0.06246448452665139,0.9768135181892154,-0.19080467342956373
1881,0.30223883583619404,0.30223883583619393,0.03297079356245486,0.031094497497139273,-0.2621759192853832,0.04787724184661856,0.5289974466254366,-0.8056880652732751
1882,0.29491630049973633,0.29491630049973633,0.07726904644239083,0.03841703283359699,-0.7407724552247549,-0.19018370573993115,0.6317037793500813,0.12663594594797922
1883,0.2951266487388162,0.29512664873881594,0.013725168328314687,0.03820668459451709,-0.34568583877767567,0.08642935799486434,-0.8055000332495362,-0.47349864137098263
1884,0.3080097560065236,0.3080097560065235,0.0009196554634030102,0.025323577326809732,0.22712710140574907,0.4622386938476009,0.8255049121615681,0.23084694001482495
1885,0.2707411411604813,0.27074114116048126,0.002530529808179129,0.062592192172852,0.46717573451045746,0.23866863573426597,-0.696172910306963,-0.49002795262728854
1886,0.324980619456512,0.32498061945651185,0.008862293315757074,0.008352713876821294,0.16123259101702694,0.16668125589897068,0.9093517772548481,0.34539941477849534
1887,0.3005494728266776,0.30054947282667754,0.09510910289415138,0.032783860506655715,0.32042593314805806,-0.839698305149368,0.2978102741173578,0.3217810098896752
1888,0.31161709466216697,0.31161709466216686,0.03353276343847427,0.021716238671166344,0.007820315083284412,0.9654149991255645,-0.25215267547898007,0.06581603440026337
1889,0.2745121132457234,0.2745121132457233,0.10804452420091831,0.05882122008760993,0.422964249048192,-0.5131020069636811,0.3675127116859065,-0.650201492789899
1890,0.29833625153738724,0.2983362515373872,0.06797948613387333,0.03499708179594607,0.4865893990941936,0.10965936542635128,0.8108576624209594,0.30612976261164004
1891,0.32011907689446967,0.32011907689446967,0.08857648099549728,0.013214256438863647,-0.0844695213471608,0.8164714719777953,0.048797888916207,0.5690852321463942
1892,0.31883558346953367,0.3188355834695335,0.005810931998526894,0.014497749863799647,-0.7089393076323791,-0.33913186474167173,0.31961298517217634,-0.5293790476774551
1893,0.23188851971867055,0.23188851971867055,0.16914370969343054,0.10144481361466276,-0.0372744177531896,0.5925105433018985,0.6656766333144467,-0.45212442282671855
1894,0.3297431566558194,0.3297431566558193,0.02730453570478127,0.0035901766775139343,-0.2676754687531963,-0.05541467028446425,0.961178624019396,-0.03761263714765847
1895,0.29461534613890333,0.2946153461389033,0.026988811821531945,0.03871798719442998,0.926702806479589,0.16828600355385656,-0.14757350002053352,0.30186717536428853
1896,0.30206047056855445,0.30206047056855445,0.044412920182298914,0.031272862764778864,-0.18542213102279215,-0.4886473443468407,0.758739100278237,-0.3887896396494102
1897,0.33003269844268607,0.33003269844268585,0.006622776210567738,0.003300634890647247,0.12921051271482986,-0.11746378888832334,-0.4687004515709421,-0.8659253942466205
1898,0.30026495875845255,0.3002649587584525,0.040698727045807896,0.033068374574880766,0.6214492710783281,-0.6417186070281271,-0.07853463079703288,-0.44252722473952805
1899,0.28924408642077887,0.28924408642077887,0.09422161045097893,0.04408924691255445,0.2761550055597275,0.20285166403085486,-0.42223018075303387,0.8392325600007905
1900,0.3266659242341601,0.3266659242341599,0.004393273526460054,0.006667409099173238,-0.3623504421762389,0.021620473861995233,-0.93093968155362,-0.039824885103557625
1901,0.28120575077210563,0.2812057507721055,0.07479081992534443,0.05212758256122768,0.20428172409053252,-0.5297239066630836,0.6912169548901407,-0.4470801731061236
1902,0.27575325160630837,0.27575325160630815,0.10705185615796788,0.057580081727024945,0.3315867951239077,-0.6002740229210608,0.6644873678394704,0.29694752514104855
1903,0.29657874266854906,0.2965787426685489,0.09256323277095851,0.03675459066478426,0.6936027371378738,-0.6227928510240724,-0.23987212554871792,-0.2711192931771861
1904,0.306705716599664,0.30670571659966384,0.05142196548853505,0.026627616733669313,-0.27214428038256633,-0.5306032348809819,-0.3770299004489818,-0.7086932707147171
1905,0.31494782792302933,0.31494782792302906,0.0675124733854149,0.01838550541030398,-0.10848727227642085,-0.06365398905529586,0.019817586299790968,-0.9918598412601553
1906,0.31370538595708736,0.3137053859570872,0.06867605454868873,0.019627947376245958,0.4150405294159913,-0.6823365473670707,-0.22886679048218642,0.5565772069386797
1907,0.3123145979535002,0.3123145979535002,0.04312857501796748,0.02101873537983312,0.7122411011300012,-0.60971419542835,0.08707789347321837,-0.3367174694347619
1908,0.3233039719450216,0.3233039719450213,0.050189268761957354,0.01002936138831173,-0.5093048348088323,0.4059178900558587,-0.6997253265836937,0.2936387561448437
1909,0.3215876984857876,0.32158769848578755,0.04794877260972308,0.011745634847545705,0.15405785990443127,-0.013694323841212594,0.012498238604891307,0.9878878657661374
1910,0.295467383703502,0.295467383703502,0.06061965827249483,0.03786594962983131,-0.48478002676979803,-0.7359575331246712,-0.4207239498481551,0.21528165993945997
1911,0.31214026165184205,0.31214026165184183,0.04630632727325682,0.02119307168149126,-0.4393872827050054,-0.1108279492536928,0.4055917496777467,-0.7938207064915079
1912,0.2970789768963312,0.29707897689633106,0.03174866735023959,0.03625435643700209,-0.08128478009293097,-0.34880255801686705,-0.4029829741080817,0.8422198540910437
1913,0.3004316751964592,0.300431675196459,0.06427641171983506,0.03290165813687412,0.3211095513607572,0.4935345450751311,0.3777920526170825,0.7145526389439398
1914,0.278022867920713,0.27802286792071296,0.11780661329641554,0.0553104654126203,0.10217087263788142,0.6811076295278413,-0.2312736306085354,0.6871433748269172
1915,0.3098542954137353,0.30985429541373527,0.009698077940126743,0.02347903791959799,0.8816335213169169,0.10973821413302894,-0.2569007385549644,0.38037069942247237
1916,0.3007906746436644,0.3007906746436643,0.1152707007213321,0.032542658689668935,0.05348864902948706,0.5366982511169882,-0.36761135156286967,-0.7575987367169291
1917,0.27451962065421137,0.27451962065421115,0.05066655288376477,0.05881371267912194,-0.9685160413951938,-0.15954914884649649,-0.17532840586987405,-0.07603089344253557
1918,0.33143000753082114,0.3314300075308211,0.03867703761069965,0.001903325802512179,0.10111145254278048,-0.2639384736368763,0.05423877015395161,0.9576905095651266
1919,0.26830677800708325,0.26830677800708314,0.011455478711065488,0.06502655532625007,0.4521878025104827,0.5271120490021024,0.7193929449372207,0.012364054031702373
1920,0.2720215849465147,0.27202158494651457,0.06378462330303565,0.06131174838681863,0.30236013876637297,-0.5647429597296687,-0.7624141604066685,0.09147887150784108
1921,0.29979035917301955,0.29979035917301944,0.0674761660779717,0.033542974160313765,0.3424382021008481,-0.6635107272860348,0.289500451381312,0.5988982227126012
1922,0.267362440697079,0.26736244069707893,0.031263493972537616,0.06597089263625433,0.04870857089461777,-0.7619319571240902,0.5475171204979743,-0.34250864309687706
1923,0.29023245902853384,0.2902324590285337,0.05029511934212646,0.043100874304799475,-0.7413418417821612,-0.30824423064650575,0.5493229877911641,0.23160747608910479
1924,0.3114590867748506,0.3114590867748505,0.07660392885613855,0.02187424655848269,-0.26369860485469454,-0.2957756518265314,-0.4910733966795259,-0.7757749213901615
1925,0.3292175299728255,0.32921752997282544,0.05333579302823136,0.004115803360507819,-0.024357557352736755,0.8285803703778584,0.20985187025558813,0.5184818914624996
1926,0.3160928536151427,0.3160928536151427,0.016711294678717938,0.017240479718190593,0.11917473386922789,0.5264431999489205,0.10760031746283825,-0.834911439445308
1927,0.2640194059418987,0.2640194059418986,0.12237225120583291,0.0693139273914346,-0.669526486571524,-0.46573663165797624,-0.20796687344109044,-0.5399754191277699
1928,0.28536331932671083,0.2853633193267108,0.03480473245645963,0.047970014006622486,-0.41248730088084634,0.1331863772751348,-0.5519679642670956,-0.7123531300859133
1929,0.24171350129714866,0.2417135012971486,0.1621811846765462,0.09161983203618465,0.08143614983241548,0.5611604300108095,-0.7133373414883282,-0.4118457994552331
1930,0.29808611112761124,0.2980861111276112,0.09637558061673461,0.03524722220572207,-0.1644606752697148,0.39364234386803026,0.8818104738705332,-0.2010191025155036
1931,0.312717706079843,0.3127177060798429,0.05455337364815569,0.02061562725349031,0.34853763281144184,-0.8110604058473824,0.17988431061284005,-0.43398637233929255
1932,0.3222176110883429,0.32221761108834285,0.015250690440176143,0.011115722244990411,0.6978440054894112,-0.04106609783109625,0.38105505934226086,-0.6050821112552308
1933,0.3132315166180583,0.3132315166180581,0.03168839836099816,0.020101816715275,-0.007910461315784743,0.2589995143292544,-0.882876991163488,0.3916438364804025
1934,0.30729402319359594,0.30729402319359594,0.025178638640923682,0.02603931013973737,0.32542835673166587,0.33904841808832165,0.8825957749651593,0.0129326269715121
1935,0.2995401459565562,0.2995401459565562,0.02005286848783161,0.03379318737677711,-0.18766333726996987,0.1506208228028067,-0.7144833397540916,-0.656969859884563
1936,0.3273597609339561,0.32735976093395586,0.00623211399435654,0.005973572399377236,0.41544340250046485,-0.032454615439707624,0.9088837215123767,-0.01684808669581677
1937,0.3157779924967188,0.31577799249671856,0.04099143935958192,0.01755534083661453,0.21880734694147563,0.027682366303678617,-0.03175769012527902,0.9748581848854573
1938,0.3091696698776251,0.309169669877625,0.09024672816402113,0.024163663455708195,-0.45670703962540143,0.5292150345695172,0.4650222295325591,-0.5432351729985407
1939,0.31865668679222153,0.3186566867922215,0.02288280662317885,0.014676646541111782,0.611886079420658,0.3868591180440673,-0.21449554184576092,-0.6556882728291517
1940,0.3171349072326011,0.3171349072326011,0.024731586101800106,0.01619842610073219,0.19379776585128636,-0.330272418788459,-0.29940496805558603,0.8739103045749628
1941,0.31316569915463904,0.313165699154639,0.03388019743333864,0.02016763417869427,0.48383589795145204,-0.6079713990335378,0.5517485451295457,-0.30306293860870664
1942,0.31401880843191254,0.31401880843191243,0.02983129565123169,0.01931452490142077,0.2546334299731279,-0.328479043621588,-0.908510311443938,-0.043270639486906
1943,0.33186776158591574,0.3318677615859156,0.06730694083825828,0.0014655717474175711,0.5842902616031608,-0.35502588318428024,-0.05136449507709319,0.727958241323228
1944,0.32752647673254126,0.32752647673254115,0.055808242592759766,0.005806856600792054,-0.5698238526211893,-0.8004312561433321,-0.04069623803353884,-0.18153346077974228
1945,0.31008641924086533,0.3100864192408653,0.08154101006811813,0.023246914092467985,0.4803716037335233,0.7001836107296361,0.2985521386837481,-0.435720844210433
1946,0.2771165850288865,0.2771165850288864,0.13858143618313942,0.05621674830444684,0.6172668125505799,-0.24625028399771173,-0.5094188398982739,-0.5466579600731982
1947,0.31521720647492274,0.31521720647492246,0.013254321981164484,0.018116126858410575,-0.6653506775579808,-0.5208782664187304,0.5271391731696643,0.09010327161516792
1948,0.31954206929115797,0.31954206929115797,0.04132907115346965,0.013791264042175344,-0.23462819629761109,-0.8469387170215417,0.08129254370573091,-0.4701445963210536
1949,0.3043165224812219,0.3043165224812219,0.02363231097789726,0.02901681085211144,0.5965248442047388,0.2736351520825895,-0.7458525414209924,-0.11395569422848902
1950,0.2713883304402377,0.27138833044023764,0.03183426834656553,0.061945002893095624,-0.585046398212536,0.25444972961931767,-0.6227820157294802,-0.45290021850195705
1951,0.2666750570918686,0.2666750570918685,0.12593652130740834,0.0666582762414647,0.5586562605038333,0.48751493251928996,0.47843574184054494,0.4704589398662466
1952,0.3264693972539901,0.32646939725398993,0.010819494842022699,0.006863936079343214,0.0858781292457199,-0.5513607407811524,-0.40391541230791544,-0.7248990413448212
1953,0.23638739546243442,0.2363873954624344,0.16917566892222527,0.09694593787089889,0.7704361361323757,-0.1757305016455594,-0.4138478795504179,-0.4519700029033325
1954,0.3018273265798182,0.30182732657981814,0.058217654480542745,0.031506006753515114,0.1940430375836772,0.9451413694726597,-0.19003965956976526,-0.18149385407570284
1955,0.31774086364848664,0.31774086364848636,0.061710296681825615,0.015592469684846677,-0.2875782109421174,0.8404730751614035,-0.0928978655850717,0.4497485620764147
1956,0.33072765438505025,0.33072765438505003,0.022396706294585976,0.0026056789482830633,-0.2787837228876964,0.06579472732932772,-0.9521500276605558,0.10658805999988165
1957,0.2919861751925758,0.29198617519257575,0.06438406290977815,0.04134715814075751,0.17177188572712074,-0.26576642070991574,-0.7891913643629759,0.5263455322425505
1958,0.2796585352715243,0.2796585352715243,0.14337594390448394,0.053674798061809026,0.057443151088670694,-0.2063721337428435,0.23678797824740427,-0.9476509273804025
1959,0.25633840597834,0.25633840597834,0.1166522996627278,0.0769949273549933,0.6914189011468489,0.2974906683813463,0.15422169532347527,0.6400428689193066
1960,0.325829386887562,0.32582938688756186,0.016328415152020388,0.007503946445771292,-0.595685048480487,0.5150424439561723,-0.5872787838995088,0.18706745821218299
1961,0.28580501201684166,0.28580501201684155,0.0728679602192607,0.04752832131649165,-0.5848899380546312,0.6054546455007052,0.4724870211447721,0.2609299665692017
1962,0.3070845110671583,0.30708451106715806,0.04072217877029224,0.02624882226617503,-0.6091096800058325,0.13840064114804887,-0.330866378624069,0.7073599506257019
1963,0.24221406015096625,0.24221406015096617,0.15269946295793285,0.09111927318236707,0.01801993004765754,-0.5870695781704085,-0.5902232535068964,0.5537699012474674
1964,0.31124453916471473,0.3112445391647145,0.0649657857836345,0.022088794168618586,0.1949822179274142,0.5621089519796826,-0.21427205542130612,-0.7746631184340314
1965,0.30349870062287665,0.3034987006228766,0.04604170477355363,0.029834632710456666,-0.9423253166605572,0.2765964281001502,-0.13828524267422576,0.12804141986618855
1966,0.29596440859497003,0.29596440859497003,0.06281204294672593,0.037368924738363285,0.4091429407262102,0.6209820977008449,0.3051717530270733,0.5948558561057882
1967,0.31715631943924855,0.31715631943924844,0.02910939689511632,0.01617701389408477,-0.17451566853904443,-0.521102266831061,-0.7365955565839637,-0.3942381196163821
1968,0.2480345142764177,0.2480345142764175,0.13365515478102244,0.08529881905691561,-0.2169525169513076,0.5986725548444783,-0.6603156113583041,-0.39812820907464835
1969,0.32180766386597376,0.32180766386597376,0.0201415941084248,0.011525669467359556,-0.8073310037479853,0.38449481682006015,-0.43576762909468175,-0.10240585754232456
1970,0.3057908294347367,0.3057908294347365,0.08221809697055293,0.027542503898596638,0.21827326035210867,-0.5959519983814676,-0.2775793493464929,0.7212126622964778
1971,0.3172445161931832,0.3172445161931831,0.042455778807710495,0.01608881714015009,0.5639128017974234,0.3052473595948736,-0.4191468262404907,0.6427614950211794
1972,0.2771713930935101,0.27717139309350997,0.04545645371614275,0.05616194023982324,0.49449179777733976,0.6348574003427142,0.5746232006996538,-0.14913792401234086
1973,0.2703187183146522,0.27031871831465215,0.015777560056419667,0.06301461501868111,0.04105265872264362,0.919429277455521,-0.04800068360324744,-0.3881499933570031
1974,0.2943481016023057,0.2943481016023056,0.07119971853271886,0.038985231731027636,0.1706030097035361,0.26065519679441285,-0.8197540062490998,-0.48057970275773404
1975,0.30018324943434765,0.30018324943434754,0.0176381628605123,0.03315008389898566,-0.2987300341600275,-0.6495871340929524,-0.6272214738891106,-0.30885294980625505
1976,0.3220519003468105,0.3220519003468105,0.0208111479313787,0.011281432986522788,0.619971825149342,-0.30965941435735594,-0.5236852387505462,0.49547931726322975
1977,0.23906012837863216,0.23906012837863197,0.16488212967724059,0.09427320495470115,-0.08015573740726246,0.42166797510594184,-0.5506919469808478,0.7158977273753537
1978,0.3135137571075299,0.3135137571075298,0.007262030901447467,0.019819576225803437,0.46388690359620893,0.8397322217136823,0.2791842525722865,0.04141122557203928
1979,0.326382218074041,0.326382218074041,0.006082351685402988,0.0069511152592923175,-0.274571346258814,0.18611349371068633,-0.9101717239241724,0.24811242661608976
1980,0.3082528910261798,0.3082528910261796,0.047918406355714635,0.025080442307153505,-0.3435139274386952,-0.6880920901253152,-0.36786791458234835,-0.5226859999879965
1981,0.2769452602076478,0.2769452602076477,0.06585485374068997,0.0563880731256855,-0.6253405984094509,0.20051456286308506,-0.4564942847970712,-0.6002966050281697
1982,0.2921109761295629,0.29211097612956266,0.11624363404521433,0.04122235720377043,0.3308282187591509,0.760157804606987,-0.5456483195792544,-0.12239572340596304
1983,0.31754607813097113,0.31754607813097085,0.014956261546751224,0.015787255202362183,-0.1416450413571909,0.4786752836443839,0.8329693010385444,0.2386813746697613
1984,0.3275965188508719,0.3275965188508719,0.011846673390651333,0.005736814482461439,-0.20672930020820768,0.7717445222573058,0.4217590151706668,0.4287105339544814
1985,0.33053380576141794,0.3305338057614176,0.03257218993331153,0.0027995275719153723,-0.5178445084536769,0.10705847961415788,-0.8378429669561989,0.13562709806343498
1986,0.2962225719606718,0.2962225719606717,0.07118714821125174,0.037110761372661505,-0.43844157902905523,0.620395623659205,-0.41595190117250763,-0.4998622488586143
1987,0.253190074920274,0.253190074920274,0.1337758288618421,0.0801432584130593,-0.2297566742896173,-0.5871760787711048,0.7105759616861528,0.3122786028727602
1988,0.3144661108821756,0.3144661108821756,0.022890080780345122,0.01886722245115774,-0.03863222622438775,0.5424012560069522,0.116823221314174,-0.8310600240300384
1989,0.24796323494676684,0.24796323494676673,0.1143960795773565,0.08537009838656648,0.6899959521305752,-0.41050448575260556,-0.5583125313634693,-0.20899466630257568
1990,0.278162611768123,0.27816261176812296,0.08490559252543733,0.0551707215652103,-0.13667476631249226,0.7631377518223403,0.25912980506103245,-0.5760143436807812
1991,0.2629178140090921,0.2629178140090921,0.1365725995328045,0.07041551932424123,0.6741899176381583,0.20687090445235862,0.6326633303430068,0.32001483447710927
1992,0.316963959569403,0.31696395956940276,0.06746692792147298,0.01636937376393033,-0.2730174305317221,-0.2742429542131551,0.7816535799175923,-0.48915229294393553
1993,0.26349871249211826,0.2634987124921182,0.02994095421957537,0.06983462084121506,-0.01619459810151479,-0.044885294101919784,-0.6700335239793233,0.7407956007628314
1994,0.2873301869995359,0.2873301869995357,0.056870943651083555,0.04600314633379743,-0.34564599002049695,0.5993222013984592,0.018340786634153953,0.7218070130161494
1995,0.291773449126524,0.2917734491265238,0.011877715077584672,0.04155988420680934,-0.5221170150349868,-0.5684630529779188,0.09292146577720953,-0.6289747063338826
1996,0.3061405434502238,0.3061405434502236,0.08743925820480279,0.027192789883109525,0.411144179570588,0.302332460214815,-0.4850717423317304,0.7101133373602729
1997,0.3206075986389498,0.3206075986389496,0.009609976415224675,0.01272573469438354,0.8172663188548888,0.3503455718541582,-0.31434414078391376,0.3324477485295773
1998,0.3156020174089944,0.3156020174089944,0.032012165294784546,0.01773131592433891,0.5866343976275513,-0.20880978894302474,0.7728169475028178,0.12252559411876551
1999,0.30735876510949756,0.30735876510949744,0.025587361279620476,0.02597456822383576,-0.9152066165573111,-0.34379931747481,0.20386740190948047,0.05135134615813256
2000,0.318040157044651,0.3180401570446509,0.0633830447796846,0.01529317628868232,0.277041334488213,0.23393684153800892,-0.7877657835444586,0.4979424900857485
2001,0.33115436737846765,0.33115436737846754,0.0422007108123837,0.0021789659548656637,0.6716183906294555,-0.4761531783755519,-0.16090049864484554,0.5443509140499353
2002,0.2781882758651557,0.2781882758651557,0.1248373190585146,0.055145057468177605,0.03633431811464649,-0.6306647046098045,0.11230447490503546,-0.7670264354002904
2003,0.32522040294549825,0.32522040294549814,0.04638517389096509,0.00811293038783506,-0.26694069523343367,0.012544084102003236,0.1436041193021627,0.9528710133600365
2004,0.2496275529157725,0.24962755291577227,0.14752079550538946,0.08370578041756083,0.3062608365575366,-0.4054500222478389,0.38887793244422625,-0.7684975817191677
2005,0.32390885748788045,0.32390885748788023,0.027020657333626547,0.009424475845452862,0.23705687101660336,-0.4810040785799253,-0.1084704729873457,0.8370622872780712
2006,0.2847655635239153,0.28476556352391524,0.09378503565992138,0.048567769809418015,-0.813300047753304,0.4495227742877432,0.3681900761426705,-0.03013926925422449
2007,0.2713164980302963,0.2713164980302959,0.1533724177235657,0.06201683530303703,-0.8092350219001492,-0.13755728829624175,-0.5219682152590924,-0.2318746515384716
2008,0.3154088783899425,0.3154088783899423,0.009591744637047967,0.01792445494339079,-0.9233038228504362,-0.08725886115887363,-0.2610672582242547,0.2678429176631275
2009,0.32593069490537413,0.32593069490537396,0.08540045056415002,0.007402638427959185,-0.6073739844513282,0.23516227797303618,-0.6135978114950256,0.44642275004614757
2010,0.3135644813198846,0.31356448131988457,0.02283952032721071,0.01976885201344869,0.30591835159891567,-0.09124332719322689,-0.36423977279007996,0.8748817093273484
2011,0.2951807425756547,0.29518074257565463,0.02539234401855438,0.03815259075767863,0.28636917355411656,-0.6071571301898505,-0.7296200031204919,-0.13041306201454955
2012,0.30025184582500125,0.3002518458250012,0.06696669410424404,0.033081487508332064,-0.1022205672982284,-0.22163189136513353,0.8167782936674115,0.5227843526205559
2013,0.31378242160831554,0.3137824216083154,0.022080270210385243,0.019550911725017772,-0.929213938872158,-0.16646367727899888,-0.18531192940554247,0.272966644065604
2014,0.3057892126072527,0.3057892126072526,0.06666056367505085,0.02754412072608059,0.8585489062554484,0.26032048472821007,-0.4415351475504968,-0.013180829867805723
2015,0.3283497497284092,0.32834974972840913,0.01694106312820679,0.0049835836049241244,-0.003286446520475478,0.6161216675547764,0.4419635184108633,0.6519597674954186
2016,0.31022301376069117,0.31022301376069106,0.09086721575650179,0.023110319572642146,-0.7779905914468622,-0.08674585650188667,0.05328347766195027,0.6199731179721939
2017,0.312032586824126,0.31203258682412555,0.02959327262178061,0.021300746509207324,-0.5648297217621988,0.020543166326337507,-0.2849268385098132,0.7741847715036303
2018,0.3137695002192442,0.3137695002192441,0.09192911545151909,0.019563833114089102,0.40048644238901354,0.24125593170680096,-0.583611527431355,0.6639305460122431
2019,0.3069180644714985,0.30691806447149833,0.00254055843945761,0.026415268861834817,0.3299178001555973,0.07289918542969198,0.7771611942620935,-0.5309052947911665
2020,0.3193439821369188,0.31934398213691856,0.06345368485396094,0.013989351196414535,-0.15900294475906845,0.9646453683610117,0.21016562982075593,0.002790143300562041
2021,0.2674741805063112,0.26747418050631105,0.105308518963879,0.0658591528270221,0.901749506919852,-0.01803635799554474,0.27969374118356766,0.32908042740764687
2022,0.32200984116759496,0.32200984116759485,0.07053787874573543,0.011323492165738358,0.6152820540420406,0.7525526197676802,0.08784048137791947,0.21766166011933352
2023,0.3061816156265544,0.3061816156265543,0.07888175769490784,0.027151717706778933,0.15776179281082778,-0.8340578321856436,-0.5197058987507278,-0.09677049190014829
2024,0.28144556142295685,0.2814455614229566,0.07860723300963537,0.05188777191037647,0.5303882021215197,0.5755389375064666,0.20870021293745195,0.5864192251146715
2025,0.317293367172529,0.317293367172529,0.04812714811128961,0.01603996616080433,-0.4802208809364377,0.31418466189505034,0.57295712956598,-0.5851461624432287
2026,0.3024885457462998,0.30248854574629963,0.11646023837533569,0.030844787587033518,0.34785058709796884,0.34926655341354124,0.5567511545024746,0.6686112440591964
2027,0.2929687460661043,0.2929687460661042,0.10955469502894671,0.040364587267229024,0.4117541025229723,0.4786140970230077,0.5281967804009771,0.5677986142642432
2028,0.28496437997769153,0.28496437997769136,0.09585605125679161,0.048368953355641786,-0.12970597189414446,-0.5458349889414795,-0.8252522214611501,0.06480198049201426
2029,0.30668527820144303,0.30668527820144287,0.0404448783475903,0.02664805513189028,0.19892760211445645,0.616712202474856,0.14864978577324303,-0.746992041206045
2030,0.28059134820800846,0.28059134820800846,0.08658668482309624,0.05274198512532485,-0.1902066839497553,0.43956512695125866,-0.5591046889438471,-0.6767613045603048
2031,0.3144702181171184,0.31447021811711806,0.04156784685746191,0.01886311521621492,-0.5832784115698404,0.3346033607564021,-0.2348101957243372,-0.7019195520506488
2032,0.28312254576099655,0.2831225457609965,0.10905110117948635,0.05021078757233677,0.2866264092264297,-0.6910979388160203,0.23961035410194234,-0.6187211154513423
2033,0.31450603837928515,0.31450603837928515,0.050295940269745126,0.018827294954048168,0.1899051414817405,-0.15971275961793027,-0.8976173876049475,0.36429506876060636
2034,0.2907542895276354,0.2907542895276354,0.10671991915946641,0.042579043805697936,-0.3436689287341868,0.5056985290889393,0.5930836922204736,-0.523843869031709
2035,0.33276986187325214,0.33276986187325197,0.07784855592038784,0.0005634714600811774,0.7308324072628816,0.34436641385011413,0.1566346593954622,-0.5681208929289797
2036,0.29121585056693294,0.2912158505669329,0.001449876578176897,0.04211748276640037,0.579416094816224,-0.4165878520017174,0.4795447539911035,0.510654853645908
2037,0.323255292238316,0.32325529223831595,0.047007632865490666,0.01007804109501731,-0.2704869565825273,0.2383943823903295,0.8224460198614212,0.43998576019862523
2038,0.2610313944067368,0.26103139440673667,0.03688310536642732,0.07230193892659653,0.9780498952969802,0.00357841591635352,0.08481301337278992,0.1902954282470351
2039,0.27365519687014306,0.27365519687014306,0.057424437588923356,0.05967813646319026,-0.24574854861595324,-0.34330243687816714,0.07072413006125103,-0.9037417690434275
2040,0.2675158505610737,0.26751585056107363,0.056621344357373926,0.06581748277225963,0.3068719770041731,0.6946008182518036,0.6505849052227385,0.009928449516186513
2041,0.3120439424287641,0.3120439424287638,0.07927798524546001,0.021289390904569216,0.7164565074977356,0.17609072638430173,-0.1609762918503018,-0.6555675117085368
2042,0.3254787434003581,0.325478743400358,0.023297859370739367,0.00785458993297522,0.8296956210435709,0.477591050530885,-0.043736736759809575,-0.2856554965890416
2043,0.2873698689103872,0.28736986891038707,0.03829663489005898,0.04596346442294613,-0.5628725573113308,0.5705082524080348,0.1733170160257578,0.5724124650250552
2044,0.26854530588356273,0.2685453058835626,0.0746544530091513,0.06478802744977058,-0.9679059006166668,0.14639696948447772,0.1997197644626391,-0.04287319162586461
2045,0.3181191506478876,0.31811915064788726,0.012279640615764992,0.01521418268544572,0.2538106869803924,-0.0563661310322603,0.8749528718172302,-0.40848557691279236
2046,0.3004412213862822,0.3004412213862821,0.12713758264428981,0.032892111947051106,-0.0221785512153624,-0.36591052777999683,0.9010611866843483,0.2317462737062788
2047,0.3063375829388825,0.3063375829388825,0.05110490510262044,0.02699575039445079,-0.10670083297316287,-0.36641853344041103,0.8219640053551405,-0.42276182951485364
2048,0.28886838332169434,0.2888683833216943,0.017808666026509615,0.04446495001163897,-0.47425507320432375,0.6711592451212375,0.5497211488040293,0.14978001130267876
2049,0.31149214768960976,0.31149214768960953,0.08682332890770157,0.02184118564372356,-0.4039308281462788,0.43490496441017024,0.49615144267800443,-0.633664977675889
2050,0.28777591471012437,0.28777591471012426,0.11823166874848896,0.045557418623208945,-0.034115488398318176,-0.4338369366571383,0.5732022578213752,0.6943059970011581
2051,0.33117875515255324,0.331178755152553,0.035246136754108516,0.0021545781807800757,0.7109587057824384,0.020870465541761918,0.5840930667172203,-0.39107215670909556
2052,0.2890357114828231,0.2890357114828227,0.0913776480237361,0.04429762185051023,0.1056711220486244,0.53559761983675,-0.8368372035623552,-0.04089374431536114
2053,0.3167094720560886,0.31670947205608846,0.041217307989349534,0.01662386127724469,-0.08213951557511903,-0.4012162164952605,-0.9019223980628827,-0.13716645171036534
2054,0.28910740012363473,0.2891074001236346,0.005810033619342692,0.04422593320969859,0.45323082872696635,-0.5053043569054771,-0.17424848397583229,-0.7133630132099181
2055,0.31502549419476933,0.3150254941947692,0.012464924492279485,0.018307839138563986,0.2791115605255259,0.236493465507388,0.28049591730421364,-0.8874061178113316
2056,0.28301229960394636,0.28301229960394625,0.13576636018222443,0.050321033729386955,0.30066238924500044,-0.7541372251524411,0.46790566791884125,0.3492040367210656
2057,0.33061271502289036,0.33061271502289025,0.06731050673622035,0.002720618310442957,0.04040083674911178,0.27214504685126834,0.6763527536379071,0.6832655402628711
2058,0.3101925397474501,0.31019253974745,0.06958607187296512,0.023140793585883224,-0.40402001896177675,0.7961823810883524,-0.22898036658333248,-0.3878523327788166
2059,0.32805906469112706,0.32805906469112694,0.005206064582380163,0.005274268642206259,0.4843541310304582,0.31936756420179935,-0.10658010683712711,-0.8074937247534038
2060,0.31501368069995883,0.3150136806999586,0.10099226873514915,0.018319652633374484,0.5175257691412758,-0.35626600373595463,0.611123252821078,-0.4814249502447174
2061,0.2715542899334562,0.27155428993345615,0.04620639071676835,0.06177904339987711,-0.3779307029232303,-0.3428823996970732,0.6572688717303953,0.5546148880260814
2062,0.28548540970628594,0.28548540970628583,0.1158300987817366,0.04784792362704737,-0.05689454269143676,0.4638900858401675,-0.5441738399218846,-0.696737993234046
2063,0.313354541615173,0.31335454161517273,0.04509688899832648,0.019978791718160305,0.5621263248635352,0.35860082510560354,0.6214814780921315,-0.4113152264594823
2064,0.27195594717791116,0.271955947177911,0.14870175726273466,0.06137738615542215,0.07087241948698086,0.5015523593507016,-0.8140093911569865,-0.28427283038313444
2065,0.28144506369250116,0.2814450636925011,0.03022482723347831,0.05188826964083215,0.07904184569326385,-0.8435170407130572,0.5084695545103808,-0.1539158886928306
2066,0.25068717436993715,0.2506871743699371,0.13469165281553203,0.08264615896339617,0.01729165538569462,0.5383201408355304,-0.5585641390428796,0.6308078369837552
2067,0.27955083108499784,0.27955083108499784,0.07289986048199101,0.05378250224833547,0.13743208796400438,0.6900231162146909,-0.5231469585909455,0.48093427825875
2068,0.3214904101447514,0.32149041014475116,0.006873519311564891,0.011842923188581933,-0.34723622360275996,0.24020021530919797,-0.23646487289570733,-0.8751086935175115
2069,0.2951446355173862,0.2951446355173861,0.07936083526319566,0.03818869781594714,0.8431654791879214,-0.41164574589703573,-0.32575508245814266,0.11620404830884613
2070,0.31741438899480856,0.3174143889948085,0.01232321294656633,0.015918944338524754,0.9056804970742035,-0.23257810836815088,0.34315253480042995,-0.08886280767203
2071,0.3132083602260537,0.31320836022605364,0.05108140645732101,0.02012497310727962,-0.6759633599128277,0.6652419064713133,-0.00241320156025774,0.3170503404634708
2072,0.28823606017019693,0.28823606017019665,0.106257711078181,0.04509727316313639,-0.7909436566387005,0.503468862844045,0.11588653342284813,0.3278681862284911
2073,0.3071129737858552,0.3071129737858551,0.08554231895368446,0.02622035954747809,-0.4438702035150569,0.6588413536681799,0.3595459187314792,-0.48952430527167784
2074,0.2780760594075892,0.2780760594075892,0.1272737137237778,0.05525727392574409,0.017601490465752757,0.6388142585673013,-0.39751633874153214,-0.6584734550595189
2075,0.3111033823906255,0.3111033823906253,0.012471304081502148,0.0222299509427078,-0.15300012774673596,-0.417200307279916,-0.3110364267901476,-0.8401138052220326
2076,0.25373961141148155,0.2537396114114815,0.10566639473736364,0.07959372192185177,-0.7193732281589688,0.3493372049311271,0.5924481965913725,0.097318087808395
2077,0.2994079462072007,0.2994079462072005,0.0817364367968026,0.03392538712613263,0.0014886145027137511,-0.5220578662284909,-0.8526506517102437,-0.020981765271638964
2078,0.26392824830156136,0.26392824830156136,0.12936973371659247,0.06940508503177195,-0.06447128275182788,-0.8672941148843024,-0.39924287027003474,0.29025764852270913
2079,0.3277959905569169,0.3277959905569168,0.002494401368405331,0.005537342776416432,0.7113296384077336,-0.5420087364361049,0.3890442053862967,-0.22109111561753278
2080,0.29634792607692567,0.29634792607692556,0.10035144452349799,0.03698540725640764,-0.004046895502321804,-0.8142612450822301,-0.5779836507572192,-0.053825150731666216
2081,0.2880016260816597,0.2880016260816597,0.09055062334889653,0.045331707251673625,0.31146804764343267,-0.5740953313810682,0.7424748850518703,0.1487724801529558
2082,0.2531501700144653,0.25315017001446516,0.09788100630910475,0.08018316331886799,-0.7130225749608066,-0.0790645620989356,0.6022351585322261,0.3502290913731031
2083,0.2909797709475075,0.2909797709475074,0.03436202646402496,0.04235356238582583,-0.37307538008562086,0.09858070216113644,-0.5688784738804112,-0.7262739757769661
2084,0.29159439575639134,0.2915943957563913,0.09106104495937269,0.04173893757694197,0.1797305550391356,0.4904565007486979,-0.6717373916412431,0.5252791877941538
2085,0.28153162207383553,0.28153162207383536,0.07290332084286263,0.051801711259497785,-0.06604332354957472,0.7285855785747019,0.22680953803028522,-0.6429298309815635
2086,0.3162546338230373,0.31625463382303703,0.021109574707436803,0.017078699510296003,-0.3464739091890987,0.5922084396078268,-0.13606186744841342,-0.7146552753145656
2087,0.2584386827393621,0.25843868273936205,0.1321964091223143,0.07489465059397121,0.8041675031005994,0.03350671393690154,-0.5370177764914603,-0.25259420977185143
2088,0.3192625051909008,0.3192625051909008,0.01069771650352857,0.01407082814243249,-0.5307494438309607,0.7463523349543044,-0.22476551352057342,0.3327817361473082
2089,0.25819807862602867,0.2581980786260286,0.14056537121395637,0.07513525470730464,0.04375824990172591,0.4883505515691801,-0.6870158318882896,-0.536291153276331
2090,0.2865457537641515,0.28654575376415126,0.05317516407033571,0.046787579569181836,-0.11498261759098342,-0.768888588543943,0.4654285136998108,-0.423043301204515
2091,0.32644842881430053,0.3264484288143001,0.04854613657413774,0.006884904519032786,0.7025191369095435,0.6130339202518941,-0.21151369349256527,0.2931181201522648
2092,0.29234824966205414,0.2923482496620541,0.09570708213660938,0.04098508367127918,0.17673179408245135,0.6316467663736005,-0.3141436105193008,-0.6863687255841937
2093,0.28124657959212396,0.28124657959212385,0.09302363453027314,0.05208675374120936,-0.31972244798212945,-0.5367497718584795,0.4861987497573681,0.6109730062781471
2094,0.3062271065226992,0.30622710652269913,0.05419745472329768,0.027106226810634126,-0.3088408205721135,0.846151998720158,0.43196390112976185,0.04529161877193789
2095,0.24740275876976708,0.24740275876976708,0.16303283621558967,0.08593057456356623,0.7153595791913084,-0.2866678850442645,-0.5296631211126187,-0.3543150776875321
2096,0.3178986150354047,0.3178986150354044,0.001811525069386109,0.01543471829792864,0.26496817270156586,-0.7028097487347377,-0.5667395369824769,-0.33860983706841075
2097,0.3068631778842564,0.30686317788425627,0.01640727327874388,0.026470155449076938,-0.334872757270331,0.160964302157126,-0.8763441952563574,-0.30654784505803123
2098,0.3088678181174471,0.30886781811744685,0.03648358620509054,0.02446551521588619,-0.10770885058074108,0.3323828171739179,-0.8605922335434105,0.37054213514642226
2099,0.29454322146896833,0.2945432214689683,0.07980730103450653,0.038790111864364984,-0.5063365413528484,-0.0533025105353807,-0.2597676000187556,-0.8205503904343454
2100,0.28285370762734174,0.2828537076273417,0.06969717957381516,0.05047962570599157,-0.38658485984665997,-0.7806207668077817,-0.4739630619263831,0.12861718584674747
2101,0.3008457059825707,0.3008457059825706,0.05257696550818446,0.032487627350762605,-0.593929197057766,-0.14191763821225092,0.36922869517845636,0.7005552537119313
2102,0.27527343968596546,0.27527343968596546,0.10073001394046792,0.058059893647367855,-0.6178285742259823,0.33145443487902265,0.3559629213202242,0.6178318615239015
2103,0.2515659137333391,0.2515659137333391,0.14840989341004077,0.08176741959999423,0.6435472307765877,0.13062387737977582,0.40021041182642636,0.6392307804570904
2104,0.28716717179453477,0.2871671717945347,0.05679460009001421,0.046166161538798545,-0.9491167835656577,0.22440205317079429,0.17696805522067463,-0.13230025365858153
2105,0.3327173247514446,0.33271732475144433,0.07400526529828326,0.0006160085818887051,0.0957684846666592,0.19205090028579871,-0.09378920053483362,-0.9721874484414531
2106,0.30363521203354854,0.3036352120335485,0.06102445434406774,0.029698121299784774,0.4327692898565129,0.33635769355868333,0.6572843482379783,-0.5172538344974822
2107,0.30517669386945556,0.3051766938694555,0.07230378218693272,0.028156639463877753,0.0531007642246554,-0.6558222862513557,-0.09454560749655841,-0.747086719061388
2108,0.2987367172670889,0.29873671726708884,0.06969648103119691,0.03459661606624442,-0.5349823871393136,-0.17327160382323187,-0.8009462108903999,-0.20556255500347725
2109,0.3002527907422683,0.3002527907422681,0.01492480263100236,0.03308054259106502,-0.08345364571664408,-0.30461977495338616,-0.383413469838479,0.8678919246486667
2110,0.3268810512149641,0.32688105121496397,0.055163022940849515,0.006452282118369235,-0.6449997120522803,0.12032328369186612,0.17171766094272842,-0.7348542194030326
2111,0.32030721139064894,0.3203072113906487,0.002280591717048788,0.013026121942684377,0.4525119707933995,0.767087398021279,-0.16241652122533365,0.42477136640630364
2112,0.3083894009519071,0.3083894009519071,0.0787457075246375,0.024943932381426226,0.2186461943569106,0.2446779314568965,-0.7571864905438345,0.5647965740770087
2113,0.26928493540614257,0.26928493540614257,0.022079447318779782,0.06404839792719075,-0.30173694869672096,-0.4887078773280751,-0.03522898247120741,-0.817849829261291
2114,0.26394310755724765,0.2639431075572476,0.060565845106897234,0.06939022577608567,-0.9668758809031543,-0.0623291972257499,-0.1943999791409383,-0.1532147193025064
2115,0.3221297265372885,0.3221297265372884,0.005496799358088136,0.011203606796044818,0.14764383808339387,-0.47540455488005745,-0.8062114459368656,-0.3197106671909581
2116,0.3287904683601282,0.3287904683601282,0.021996342420360214,0.004542864973205107,0.1579969340131371,-0.10501823996887233,-0.5806100531458152,-0.7917702345392269
2117,0.29491608642752754,0.29491608642752754,0.09336757647287554,0.03841724690580578,-0.343260181314172,-0.71247831014023,0.6095756386012308,0.054448565892829356
2118,0.32838802360206487,0.3283880236020648,0.01606849454851836,0.0049453097312684435,0.01810248036989061,-0.1338213248419286,-0.8462015330171395,-0.5154678639269877
2119,0.29914664779529476,0.29914664779529465,0.1050164770655908,0.03418668553803855,-0.04925389521451326,0.23239089295587098,-0.034340797622804106,0.9707673440613875
2120,0.3309893323819897,0.3309893323819895,0.04116078009840764,0.0023440009513436277,-0.7384952501788598,-0.6569778306232672,0.13310863335092651,0.07271167210467461
2121,0.30555206865615775,0.30555206865615775,0.06038025531911512,0.027781264677175566,0.2705745115504206,0.27707010658152864,-0.8923527141444564,-0.23179349278436104
2122,0.23724775117552713,0.23724775117552693,0.12665393062008862,0.09608558215780619,0.008470485477430968,-0.7253846970822057,0.6755771285839847,0.13168460596801615
2123,0.29774457914676894,0.29774457914676883,0.004751143231446015,0.035588754186564375,-0.6804040730462598,-0.45031397345455965,0.5069584188792687,0.27795824186567664
2124,0.3285106088900677,0.32851060889006767,0.03833961080180477,0.004822724443265591,-0.7572113248983487,0.6128054156241042,0.017242192480894303,-0.2253957382603055
2125,0.2524515340562912,0.2524515340562911,0.14468108239910904,0.08088179927704209,0.08512497340318036,0.3244120414199983,-0.34659289134708965,0.8760045284999854
2126,0.318133508734604,0.318133508734604,0.01678870771699148,0.015199824598729317,0.11815374524173537,0.5565286354635219,0.35952574567077455,0.7396328877181807
2127,0.2758599147543287,0.2758599147543284,0.05253334536955021,0.05747341857900462,-0.44856143460658326,0.47514140546544276,-0.6274979517762836,-0.42341422355959696
2128,0.23659724746975017,0.23659724746975003,0.13919975463976672,0.09673608586358315,0.11720317426579496,-0.2549132936906428,0.5265845277399661,-0.8024907250471415
2129,0.3145375241126627,0.3145375241126626,0.0910816370166838,0.01879580922067059,0.3390034229510348,-0.47590292238107157,-0.3787664148677449,0.7177249408128944
2130,0.3262467698677213,0.3262467698677212,0.026036812027263274,0.007086563465612039,-0.7028378114870532,-0.3244649122869322,-0.47268727611299083,0.4210798860544212
2131,0.3126061298946323,0.31260612989463216,0.044241870060645595,0.020727203438700992,-0.7518534530250001,0.30173527398273253,-0.5593831363429075,-0.17539303402393533
2132,0.25044776834622895,0.2504477683462289,0.02613023302378418,0.08288556498710437,-0.36101394683845317,-0.44543455919825753,0.053109653891573204,-0.8175795669679459
2133,0.27049641851303874,0.2704964185130386,0.10056837482146765,0.06283691482029458,0.9428941107624953,0.005485203289583574,-0.33141659539231855,-0.03291882034398623
2134,0.2965594406399602,0.29655944063996004,0.026430438629330463,0.03677389269337311,0.2319856365898251,-0.16630386751463658,0.8143860043054677,0.5052733161933873
2135,0.32304504963951447,0.32304504963951436,0.0184141893287998,0.010288283693818845,-0.39041246416761416,0.008603403655173349,0.7661767203182863,-0.5103697899664829
2136,0.25792491137941376,0.2579249113794136,0.09281782135780736,0.07540842195391956,0.10833507842628622,-0.7481015495725394,0.6536956605445837,0.035910523453665626
2137,0.3026381125389278,0.3026381125389276,0.053069952269611656,0.03069522079440551,0.236205893478497,-0.3496242461723861,-0.12672263793283708,-0.8977254788685451
2138,0.28053838392783964,0.2805383839278396,0.04218290073619331,0.052794949405493674,-0.09103706547120864,0.7966360217675491,-0.4712165616387775,0.3674755142456325
2139,0.30692484592092706,0.30692484592092706,0.0620196082072133,0.026408487412406256,-0.23491542935005857,-0.07339766803007572,-0.2693842542619417,0.9310529775135044
2140,0.24821228136563658,0.24821228136563656,0.1386683056401132,0.08512105196769673,0.03775216463553651,0.8333515421343404,0.4197889513745454,-0.3575992415980603
2141,0.3251278712611737,0.32512787126117365,0.013223606491012835,0.008205462072159608,0.841006065034864,-0.40353678239887575,0.3283556911888287,-0.14849041682762976
2142,0.3233251943142368,0.3233251943142366,0.08724117268223802,0.01000813901909653,0.4612094059192893,0.24032715930440868,-0.6249334525756919,0.5822258326835688
2143,0.31610113049211075,0.31610113049211064,0.005396470748325709,0.017232202841222566,0.23731780435319874,0.5789083219329978,-0.007746086764875168,-0.7800547497923006
2144,0.30254349975068034,0.30254349975068034,0.015243937486661413,0.03078983358265297,0.38547742037878235,-0.6661813776284222,-0.5871659501524805,-0.25069040161273004
2145,0.32667867708240356,0.32667867708240345,0.061275909124860535,0.006654656250929758,0.09913628855187716,0.31010263649135605,0.552785769197622,0.7670959812864765
2146,0.30680590376418604,0.30680590376418576,0.10321168028238184,0.026527429569147276,0.013460610045633429,0.3863755489872777,-0.9165872244869617,-0.10198336643427362
2147,0.3294588493060049,0.3294588493060048,0.028176316125905168,0.0038744840273284287,-0.6060744486520528,0.12114735600479305,0.31097214620869224,-0.7220065132022826
2148,0.32956805280622636,0.32956805280622625,0.07701469452941077,0.003765280527106951,-0.6458888193957895,-0.11549776172297238,0.7087520964056568,-0.2591493118977611
2149,0.24411687539046592,0.24411687539046584,0.16606498461748956,0.0892164579428674,0.04576456528771701,-0.5950640859554202,0.36981270064281724,-0.7120694520995355
2150,0.31226686822818606,0.3122668682281859,0.03365248259086538,0.02106646510514726,0.26489737514930356,-0.07223167237325732,-0.3128949278001055,0.9092352447535996
2151,0.2980244649898438,0.2980244649898435,0.056829599905321,0.03530886834348951,0.5127293702845203,-0.5510762508675956,0.5814407889434244,0.30878822440339593
2152,0.32307029803783577,0.3230702980378354,0.057053361638384356,0.010263035295497547,-0.6763591947469767,0.2824313775596999,-0.49665336874665494,0.4648722275674797
2153,0.32640761258856654,0.3264076125885665,0.03223216118291234,0.006925720744766772,-0.5962341323778516,0.6790394517978499,-0.15496413198119177,-0.3992447871782698
2154,0.3162261174524267,0.3162261174524266,0.036653728449183694,0.017107215880906634,-0.20866844550569538,0.9608083413815371,-0.1801976587378225,-0.028872387627342462
2155,0.32545489420155915,0.3254548942015591,0.029676756465058126,0.007878439131774162,0.08724203346969482,0.14136261599458796,0.8117985369687029,0.5598111947529391
2156,0.315506255962481,0.31550625596248094,0.0316978919320694,0.017827077370852318,0.5736876427200224,0.029176269227797647,-0.1374166650025893,0.8069373544977685
2157,0.27247163643708805,0.2724716364370878,0.10473156503312102,0.060861696896245265,-0.4018185436731903,0.5617260246023573,-0.32411719168822484,0.6464934472188614
2158,0.30818121692710776,0.30818121692710754,0.04370372389598141,0.025152116406225555,0.36735302600307435,0.10313185095649577,0.8527516661953222,0.3566933857051087
2159,0.327200214641575,0.327200214641575,0.02255435497373796,0.00613311869175831,0.044311531446265214,0.991849150393452,-0.001481766580782045,0.11945524439083627
2160,0.3197194708380596,0.3197194708380596,0.02098576813080948,0.013613862495273688,0.6615444764325288,-0.5429895963404033,-0.3258305502953369,0.4016909962420555
2161,0.3260435825992945,0.3260435825992945,0.014011212256888105,0.0072897507340388135,0.4642449383437014,0.7910440605515012,-0.23051226710495193,0.3249461897031279
2162,0.2627992979533058,0.2627992979533055,0.1253816800289338,0.0705340353800275,0.920261695436316,0.023587204113347828,-0.3628419839772668,-0.14459512570703445
2163,0.292844998360064,0.2928449983600638,0.020179955084809485,0.04048833497326931,-0.020896530702036877,-0.7071663465924377,-0.06851994224235315,0.7034089214438694
2164,0.30623118134401167,0.3062311813440116,0.010860298517243534,0.027102151989321643,-0.5742064246558267,0.40059919606459465,-0.6821378578254274,-0.21093887483749907
2165,0.33094248182383423,0.3309424818238342,0.031632939672260295,0.002390851509499081,-0.7161806875752089,-0.01542442346118224,-0.5578284851942051,0.419135647507021
2166,0.28241184755302845,0.28241184755302845,0.07690947090316565,0.050921485780304865,-0.2279338087790579,-0.3249101321255163,-0.7593603812921207,0.515607792979835
2167,0.32684206129267623,0.32684206129267607,0.01112274803706632,0.006491272040657081,-0.2710795627129639,-0.8748983068198288,-0.17843128975565595,-0.35948727131746694
2168,0.27067761583474753,0.2706776158347474,0.08803853344361819,0.06265571749858578,0.1308555156270902,-0.05151640303450794,0.45225316942576504,-0.8807326296854822
2169,0.2561556093074557,0.2561556093074556,0.14988237938162968,0.07717772402587764,-0.0975199742854396,0.5366295353025132,0.7522998450661228,-0.36954504403369254
2170,0.3129914434597922,0.31299144345979213,0.027316755811664106,0.02034188987354113,0.04098613539292291,0.5822051738145412,0.774514589763555,0.2438942855675897
2171,0.2703880178901316,0.2703880178901314,0.0493476600239163,0.0629453154432017,0.12965072606733186,0.25386981357792643,0.7354214315438792,-0.6147325638113488
2172,0.3085123933486337,0.3085123933486336,0.07039339257541127,0.02482093998469964,0.09032996962794534,0.747674495979301,0.028358357689831828,0.6572816353727282
2173,0.3279516745526872,0.3279516745526871,0.02920390047003698,0.005381658780646115,-0.6455423024544417,0.07641876986752044,0.2880349989193784,-0.703186423895731
2174,0.3169275886530765,0.31692758865307624,0.020186444073890846,0.016405744680256795,0.5843595232318678,-0.7767335616600686,-0.23290216321090548,0.031072562990032124
2175,0.31245663272364077,0.3124566327236406,0.02197757842032286,0.020876700609692544,-0.1628873906605102,-0.4529878420384313,-0.34091796197316115,-0.8074928211032231
2176,0.30367900993444014,0.3036790099344399,0.07114050432467593,0.02965432339889318,-0.04220287176850899,0.5099151465691177,0.8574610753447227,0.05446067556097495
2177,0.32713605019443476,0.3271360501944345,0.01687261310646848,0.006197283138898557,-0.2865419213874344,-0.9306587497233754,0.15148086910010977,-0.1697691525206996
2178,0.3002572084159526,0.30025720841595255,0.02278312553399195,0.03307612491738071,-0.48638666976777367,-0.21853835873051597,0.2387896553803696,-0.8115716195869045
2179,0.3318597118241839,0.3318597118241836,0.05982004958922023,0.0014736215091494254,-0.6250647876519322,-0.7623249417605629,0.14831105870359465,0.07847626567070082
2180,0.31364621476851107,0.31364621476851084,0.05299745336990478,0.019687118564822248,-0.40739112156230517,-0.582113443818016,0.53783398069485,-0.453774196939919
2181,0.3202911173657196,0.32029111736571936,0.08239178274584817,0.013042215967613735,-0.48179983508563806,-0.29455910120741485,0.5576040020642712,-0.6084255350404354
2182,0.3162203949386946,0.3162203949386946,0.050262658911716676,0.017112938394638733,-0.29780706099448995,0.1058393669945552,0.08954531978817036,0.9445054888776722
2183,0.30579223346588247,0.30579223346588236,0.06658495886432636,0.027541099867450847,0.43124653437314303,-0.08684307186824684,-0.6487012857810648,-0.6210244353369949
2184,0.24786071361760217,0.24786071361760204,0.15531677352456016,0.08547261971573114,0.03118344421399555,0.4960076517458777,-0.5306236020971827,0.6866167745648977
2185,0.30228332780978345,0.30228332780978334,0.05310189447392249,0.031050005523549862,-0.40533167764097633,-0.29828763523514457,-0.6820725883879931,0.5305729939756456
2186,0.31626266848607304,0.316262668486073,0.10802645950136769,0.017070664847260275,0.050341264575134666,-0.9259005189246058,-0.36642898226949505,-0.07683610537412901
2187,0.30728434776634844,0.3072843477663484,0.04441134753026028,0.026048985566984872,0.32747925451267074,-0.4860217741060279,0.322598651491268,0.7432834472895722
2188,0.2845774648742133,0.2845774648742131,0.054726232480609295,0.04875586845912,0.0662377720444066,-0.2345916599617695,-0.7915821325090362,0.5603365400573314
2189,0.3160117460477967,0.3160117460477966,0.024355769103965228,0.01732158728553662,-0.4521735939592891,0.11410891414383402,0.8844865830808903,0.014201443192377802
2190,0.29101510022802796,0.2910151002280279,0.048952111463349254,0.04231823310530536,0.6039239335961635,-0.371493387285295,0.290454525680062,-0.6425766212250527
2191,0.3133514023071448,0.31335140230714476,0.027624220447686757,0.019981931026188504,0.506221766947273,0.0643341889518309,0.4624070378374324,-0.7251071411585339
2192,0.27721042907974025,0.2772104290797402,0.09953516125814463,0.056122904253593064,-0.0808112233849355,0.3889450942079876,-0.6750208834366342,-0.6217218564527031
2193,0.2576884809452278,0.25768848094522767,0.06405573411054782,0.07564485238810553,-0.08885087586914905,-0.34696537791256554,-0.6215197460633863,0.6967307612274481
2194,0.271835364703014,0.2718353647030139,0.1222728533357978,0.06149796863031931,0.15089395067197175,-0.3268015163429554,0.6751163914653328,-0.6439329487931004
2195,0.32032407193445167,0.32032407193445156,0.045213269754706846,0.013009261398881644,0.25036054288811493,0.13609206274446006,0.9211419109262098,-0.26513417161493313
2196,0.3303276467141529,0.3303276467141527,0.05541098242752694,0.0030056866191804366,-0.6602586283199701,-0.37116491083933917,0.0003221012377272545,0.6529127422109708
2197,0.23597170478620325,0.23597170478620325,0.1667532685227468,0.09736162854713007,0.15243750841094691,-0.32061175085235694,0.4143271121361688,-0.838035772144454
2198,0.267742857270369,0.26774285727036895,0.0022714826913458877,0.06559047606296431,-0.4682897640769519,-0.4196227567342889,0.07818972098661842,-0.7736328628125253
2199,0.31505856231221263,0.31505856231221246,0.037708056536553756,0.018274771021120684,-0.4495671330402188,0.039402749282773854,-0.09172120946911899,-0.887650852516055
2200,0.3013223793966235,0.3013223793966234,0.06767426609053533,0.03201095393670983,-0.41731524275954995,-0.8131707873158727,-0.2974350020283618,0.2759233197557067
2201,0.32982021464571354,0.3298202146457131,0.012477835142851633,0.003513118687619776,-0.7161685711157935,-0.4541303757810639,0.4694219894105187,-0.2459901937004461
2202,0.3275602757175114,0.32756027571751123,0.009868717517313398,0.005773057615821919,-0.7410923010298363,0.12098555327843982,0.44238895434343156,-0.4903434615931343
2203,0.2925383743355903,0.29253837433559027,0.08338434436082527,0.04079495899774299,0.12967775246035018,-0.5329759701403595,-0.8357022757972207,0.02687009484763315
2204,0.2628816871785302,0.26288168717853,0.061210203386538445,0.0704516461548031,-0.4201994880532669,-0.616845854788715,-0.64956270380933,0.14492023837154155
2205,0.28588953421744906,0.2858895342174487,0.04977883486556854,0.047443799115884255,0.5328376598360476,-0.23365335115236696,0.19983116798280143,-0.7883892719071859
2206,0.2982801294706962,0.29828012947069604,0.035280788905264086,0.035053203862637106,-0.14721845535228947,0.06828200354497863,-0.8113245872306054,0.5616197188050446
2207,0.3272938064134502,0.32729380641345013,0.04342804779691491,0.006039526919883131,-0.5352157393365226,-0.826054050019038,-0.07097957916324865,-0.16168091462944004
2208,0.32708578876640526,0.32708578876640504,0.01831811379833293,0.006247544566928054,-0.07346969005311854,-0.6725877886141638,-0.5208983183799376,-0.5204736430978619
2209,0.30947774447311016,0.30947774447311,0.03465179069112737,0.023855588860223154,-0.13387008924015242,-0.10368031447770566,0.8314299294373988,-0.5292007785636372
2210,0.3166415930607832,0.316641593060783,0.0739115710488712,0.016691740272550104,-0.1305652455576249,0.32426721267886827,-0.9358384802616057,-0.04483113087579924
2211,0.3213811537901795,0.3213811537901795,0.00545405831897005,0.011952179543153807,-0.8737257520537521,-0.37690513204248327,-0.18090988066512648,0.24863114590869959
2212,0.3278153426624003,0.32781534266240014,0.05553443493067547,0.005517990670933004,-0.5826778245297161,0.349599603885563,-0.05546737300880292,-0.731566839253856
2213,0.2691498635094991,0.2691498635094991,0.13966378056486783,0.06418346982383422,-0.18356518127079596,-0.3436132905568121,0.4687288403681022,-0.7927969506657514
2214,0.2942336023377909,0.29423360233779067,0.014063072865578815,0.039099730995542425,-0.5157259029917955,0.4419529125166583,-0.4323050242655293,-0.5931414520130256
2215,0.31784636379856485,0.3178463637985648,0.011190165559920601,0.015486969534768469,-0.5067086352271477,0.7706001356753801,0.07076178215517806,0.38001915750334264
2216,0.3199901757950278,0.3199901757950278,0.005844265254657193,0.013343157538305506,0.6525690581751661,0.7133400184559187,0.21986368378168183,-0.13022904029299662
2217,0.3107133606659819,0.31071336066598176,0.07709365719973911,0.02261997266735144,0.12603113071271183,0.8247658425758382,-0.13910843405727571,0.5334100698201859
2218,0.3106342091538483,0.31063420915384826,0.0643849691585708,0.022699124179484997,0.051670401899207775,-0.4456038580748792,-0.8915289106449056,-0.06279787194376257
2219,0.27791983251516517,0.2779198325151651,0.12819673654757713,0.05541350081816815,-0.8647084525168943,0.14514017067746401,0.4807209932868685,-0.010997709527036053
2220,0.3195213523591093,0.31952135235910906,0.008099978447104713,0.013811980974224036,-0.3636021967308936,0.1671239648325628,0.9150107378417662,-0.0511700356202652
2221,0.24966951810226526,0.2496695181022651,0.1631746319415253,0.08366381523106806,-0.7177420568143968,-0.10601435770808584,-0.34876056225332364,-0.5932734327915979
2222,0.3170553180546132,0.317055318054613,0.01313003304000967,0.016278015278720137,-0.4172103599264083,0.05071213050227982,0.2775385136464836,0.8639075001601138
2223,0.30017525915489507,0.30017525915489485,0.05598246109588217,0.033158074178438246,0.7979660376178017,0.4156762508536919,0.4329448582070644,-0.05497460356226666
2224,0.27543277172571995,0.27543277172571984,0.040498935218586836,0.057900561607613366,0.637667837452703,-0.5159467835844285,-0.08524794496206294,-0.5656071370368493
2225,0.29416917447239715,0.294169174472397,0.06534362125447636,0.03916415886093616,0.3638106706593726,-0.6693296210363895,0.49254580436655454,-0.42075917686791403
2226,0.3004443072320932,0.3004443072320931,0.10011110803889517,0.032889026101240115,0.23275425948339454,-0.7685039349572381,0.15595315050148362,-0.575244097315426
2227,0.3062489126530507,0.30624891265305065,0.04489585283433559,0.027084420680282606,-0.29505067802359153,-0.7531507924689093,0.3851676973330632,-0.4442463574779413
2228,0.29997201557160585,0.29997201557160574,0.10440745297761841,0.03336131776172746,0.742621426731044,0.1455483098025004,0.6496855882089315,0.07237224984203984
2229,0.32107427283404055,0.32107427283404055,0.027458946406622307,0.012259060499292762,0.3111041518933615,0.9116207706561866,0.24204599244284247,0.11651401085402631
2230,0.2993145260821081,0.29931452608210807,0.018952099373067847,0.03401880725122519,-0.4650355894689854,0.6741604062884377,0.027800065285183626,0.5731289588656131
2231,0.31131272300388096,0.3113127230038809,0.05231946032570498,0.02202061032945235,-0.1333823384818742,-0.4127187146557419,0.8980870374379886,-0.07288406917753723
2232,0.2924469451872011,0.2924469451872011,0.008268463714870672,0.04088638814613221,-0.9730173537291346,-0.21556921521476383,-0.026200938748235782,0.0779785457825055
2233,0.2872405520306548,0.28724055203065446,0.05588070951279539,0.04609278130267852,-0.29548017776077196,-0.30645116836856606,-0.6616827731523744,0.6172155649928045
2234,0.2776673403874245,0.2776673403874244,0.02487414524635063,0.05566599294590879,0.08946522930843162,0.2755083094315115,0.5266354200203159,-0.7992160399785566
2235,0.305129126454913,0.305129126454913,0.07090479386318468,0.02820420687842029,-0.4354889971955985,0.40936731508292984,0.6099571931965956,-0.5203075601325586
2236,0.3290730133551088,0.32907301335510863,0.027448024328037945,0.004260319978224514,0.3137034287378219,-0.8756161453947167,-0.1750548337105397,-0.32286580790911856
2237,0.2931002339974203,0.2931002339974201,0.004848729090187879,0.040233099335913014,-0.5160523086304518,-0.2840006375750122,0.47908247453579117,0.6507792522866954
2238,0.32106814973913234,0.32106814973913217,0.00405688282240355,0.012265183594200979,0.20805989445420603,-0.03736474306353496,0.9092156449977418,-0.35866679130753265
2239,0.306304176902047,0.3063041769020466,0.03861302102246755,0.02702915643128634,-0.3411857033015868,0.7266800638109003,-0.15024140487889356,-0.5770233279360582
2240,0.32145585451389985,0.32145585451389985,0.002696471834843003,0.011877478819433462,0.0956117340434238,-0.5387285907135805,-0.7721402273321134,-0.3231553360173421
2241,0.2737873901841879,0.2737873901841878,0.07633442434030026,0.05954594314914541,-0.14644610109525028,0.8594064800207937,0.23615786552289184,-0.42918935695557603
2242,0.3070529825929731,0.3070529825929728,0.09866514605198631,0.026280350740360225,-0.20422676974607787,0.04930335976217983,-0.14950666871230262,0.9661823643835533
2243,0.3244049964920291,0.32440499649202903,0.059427338785072364,0.00892833684130423,0.42145592554625905,0.8399812686058539,-0.32831740408583093,0.09494236876962554
2244,0.3280461125637576,0.3280461125637575,0.02539358160054357,0.005287220769575718,0.7549165849857952,0.3458329627323479,0.3876309441140293,-0.40030333844026006
2245,0.28837580126982965,0.28837580126982965,0.06141464769509923,0.04495753206350367,0.2818108171830576,-0.4599459057174785,-0.06309646647054347,-0.8396733073352262
2246,0.33031239056718986,0.33031239056718964,0.02331224970761545,0.003020942766143453,0.053216629266914145,-0.6262841748649879,-0.5708581713652208,-0.5282585265461461
2247,0.28322229493793305,0.283222294937933,0.005767450425142348,0.050111038395400265,0.9829059518977933,-0.14344095225201647,0.09274767835548414,0.06869098267309223
2248,0.3182230717969828,0.3182230717969826,0.060732871746594065,0.015110261536350533,0.5527574764989573,-0.6470180598383084,0.5129624830627233,0.1126778300629767
2249,0.27911790767366484,0.2791179076736648,0.07538520812885935,0.05421542565966847,0.38715364208118386,-0.5026008964041456,-0.6996628658090566,0.3285974293339527
2250,0.3300782601327234,0.3300782601327234,0.006634406308425067,0.003255073200609915,-0.7448134976215853,0.463317382813508,-0.4532129647940077,0.1587068526755144
2251,0.2888945631297668,0.2888945631297668,0.0913389668099272,0.04443877020356651,-0.2688795788371514,-0.5410057973779383,0.7903996440531962,0.10141450570997161
2252,0.31206476810263334,0.3120647681026331,0.0615595862556642,0.021268565230699976,0.12346864660662234,-0.045012440578529794,-0.20590552650788518,0.9697073206137014
2253,0.3154732404852483,0.3154732404852481,0.03243586703761659,0.01786009284808504,-0.8336647998553637,-0.3073865843051755,-0.41916118165613275,0.18660223220515898
2254,0.3289586908271152,0.3289586908271152,0.04332201983971569,0.004374642506218107,-0.4005975815381932,-0.8913172759343501,0.18055266120812719,-0.11169524527652704
2255,0.3117739928989472,0.31177399289894714,0.04342592397042462,0.02155934043438612,-0.38998499323265123,0.12268035704647053,0.8498035816119358,0.33270874308891474
2256,0.3131332084523118,0.3131332084523117,0.06910446486745163,0.02020012488102152,-0.8587249811539872,0.45998548229624514,-0.11437228799392235,0.19474019245602706
2257,0.3021570067210392,0.302157006721039,0.006186849437813737,0.031176326612294136,-0.6873434771141954,-0.44795335900377925,0.5315800358395869,0.21052172838588903
2258,0.3330727992609292,0.33307279926092903,0.07452079315333276,0.0002605340724041172,0.03128661426944162,0.04136927160598749,0.9984970463846297,0.017702527941393605
2259,0.30078860707446253,0.3007886070744625,0.10623000337872705,0.03254472625887078,-0.06765496621827297,0.8531062520978334,0.515820574811837,0.03951787922420263
2260,0.2644780237080659,0.26447802370806583,0.07237170189542418,0.06885530962526742,0.2451774794375776,0.5596425541320987,-0.13162474822483827,0.7806171538186214
2261,0.30001954254514174,0.3000195425451417,0.0416732514870646,0.03331379078819158,0.9299930736511068,0.2769518267010202,-0.2378064667138258,-0.04311209849939267
2262,0.2813025214235099,0.28130252142350987,0.06100356047729787,0.05203081190982339,-0.4487651731188621,-0.5685126369985561,-0.6075033929109638,-0.326102481698948
2263,0.28611386251524557,0.28611386251524545,0.12189986812916569,0.04721947081808775,-0.7521980533163706,0.0952686793937515,-0.26957754767355047,-0.5936749220776869
2264,0.32591668011770625,0.32591668011770625,0.0015082610864468199,0.007416653215627067,-0.6172647137377374,0.6089313320004089,-0.4555546584285747,0.20163546133183372
2265,0.31295082548111813,0.31295082548111797,0.06547501458784641,0.02038250785221518,-0.20106110016428824,-0.20621359009633317,-0.9099880960581646,0.2982818370144988
2266,0.2979962115121828,0.29799621151218275,0.10338363391675187,0.03533712182115051,0.40167558729746267,0.717893137067792,-0.5531486740798666,-0.13157777427775746
2267,0.32541067020672154,0.32541067020672143,0.003390127867594824,0.007922663126611773,0.14407144048415324,0.772842513988135,0.36326641811365235,0.4999953780588353
2268,0.3104581522474807,0.3104581522474806,0.03074329200935182,0.022875181085852625,0.39688207407610643,0.3302456433822968,-0.40398434110599407,-0.755128523130478
2269,0.32206410558231297,0.32206410558231285,0.009837432596240618,0.01126922775102035,0.7858316884548924,-0.45825099142296666,-0.21537404982819158,0.35508957312290185
2270,0.27450632825531746,0.2745063282553174,0.11747967786837561,0.05882700507801586,-0.06099896082748892,-0.6037643322247457,-0.788545828175283,0.09971576995907187
2271,0.32052332818971013,0.32052332818970997,0.07925511871683578,0.012810005143623182,-0.4668984998933196,0.5954315920822371,0.26539243591711936,-0.5975231082608923
2272,0.3285529584806659,0.3285529584806656,0.022203964619447732,0.004780374852667413,-0.54422914471674,-0.26371775531279507,0.02760959290890356,0.7959304579880525
2273,0.2986561135502858,0.29865611355028576,0.10431310454179574,0.0346772197830475,0.11865487140764815,0.9160698109405107,0.3765003915201486,-0.07060154502435646
2274,0.33097883831377284,0.33097883831377234,0.04463107097373639,0.0023544950195604764,-0.1711183046359967,0.00728711469810017,0.9760463686772999,-0.13416001628553648
2275,0.2949244679448853,0.29492446794488514,0.0037703800094107095,0.03840886538844801,-0.6218961956575282,0.16659201405101132,-0.10633537146154472,0.7577499663195351
2276,0.299869528540569,0.29986952854056875,0.07368710811837881,0.03346380479276434,-0.3419241826588641,0.7717898465247828,0.25391004652230703,-0.4721842589385628
2277,0.3287222761750761,0.32872227617507604,0.022937879899555067,0.004611057158257215,-0.04196510861813245,-0.3230057150702186,-0.8536249335955561,-0.40648580594484174
2278,0.3309827271684216,0.3309827271684216,0.05786854606215516,0.0023506061649117282,0.03534612247264043,0.21496855432918593,-0.013969470971045122,-0.9758811537049775
2279,0.32591684630278633,0.3259168463027862,0.008862757736795434,0.007416487030546981,0.30344461344981677,0.9484742901394062,0.0726123016505007,0.0551846098278977
2280,0.3247284426830767,0.32472844268307666,0.00983752622717251,0.008604890650256602,-0.3805240649899142,-0.24181058051879772,0.8898781182202078,-0.06961331643856238
2281,0.25319233842305117,0.25319233842305106,0.15003752767071912,0.08014099491028215,0.10295386369156032,0.3317909319693469,-0.4279976600752449,0.8343460207755573
2282,0.28438969150593496,0.2843896915059349,0.09462016819754979,0.048943641827398354,0.3282282487771516,0.5927283062464915,-0.42932117424683036,-0.5971789522598502
2283,0.32446057768432157,0.3244605776843215,0.07872244896760228,0.008872755649011743,0.2833190075414183,-0.3655231800185166,-0.7115263156946532,-0.5290117644333533
2284,0.2837428967119001,0.28374289671189995,0.13618077810102092,0.0495904366214332,0.05518305957829586,-0.689324132626873,0.15207698940957787,-0.7061583812473705
2285,0.3085683638644718,0.3085683638644717,0.08018243386365104,0.02476496946886153,0.5325593282036636,0.506412287764588,0.5176951309551829,-0.4380855032178016
2286,0.32369023409957537,0.32369023409957526,0.0047041145519936345,0.009643099233757946,-0.07911866033745016,0.5282016763546878,0.7678169960145611,0.35383652625708434
2287,0.3119609785696165,0.31196097856961646,0.06239652834846771,0.021372354763716794,0.28890703710549603,-0.9008602038856638,0.3235167116646937,0.01790402858764227
2288,0.313971520163921,0.31397152016392094,0.03764369868539808,0.019361813169412323,-0.5883327620162584,0.5890956724484497,-0.38420460079949953,0.39902089489815784
2289,0.3278753214833316,0.32787532148333143,0.0232683861092578,0.0054580118500017205,0.7834175773951718,-0.5332435024543618,0.28096589437730707,0.1515468004124303
2290,0.3082838226958576,0.3082838226958575,0.004036190850101903,0.025049510637475736,-0.11605029709678413,0.9815019667330703,0.0019233781465482498,-0.1522580653343804
2291,0.32413205055572997,0.32413205055572986,0.02468825508300692,0.009201282777603348,0.8150904900426444,0.5595178263783696,0.08155493805849365,-0.12615897544424587
2292,0.3179540792504009,0.31795407925040076,0.06194673487216878,0.015379254082932392,0.8258276414620624,0.5156449286913416,-0.10623267323844043,0.20207333631314026
2293,0.2920607090387932,0.2920607090387931,0.03145154390799602,0.041272624294540095,-0.21556957159043924,0.8882392281716533,-0.09360808351334866,-0.39471300972009793
2294,0.3298639388929867,0.3298639388929867,0.0035001797406974877,0.003469394440346607,-0.6562028867886388,0.6243991465258851,0.03651966978687545,-0.42212532606639536
2295,0.30621883777202097,0.30621883777202097,0.016661192877682744,0.027114495561312346,-0.3445513789186701,0.6293670584142478,0.18536102345474903,0.6714333504168882
2296,0.27358704491707775,0.27358704491707764,0.10126294913366092,0.059746288416255566,-0.3587453156265115,0.6130527304025976,0.5959273630947555,-0.3746181071129452
2297,0.29934123907871013,0.29934123907871013,0.08049723376630426,0.033992094254623184,-0.27919986194455554,0.714543062418309,0.2501195292725725,-0.590691010695501
2298,0.3197368274054416,0.3197368274054416,0.04979046585067018,0.013596505927891689,0.02323669775168719,0.7487725051124428,0.17016503931123397,0.6401903239361244
2299,0.2996089943393124,0.29960899433931215,0.062308055483387983,0.03372433899402094,-0.3656713102419314,-0.644242461338076,0.335414075268009,-0.5820081975256992
2300,0.2834397997467256,0.2834397997467254,0.017491949548181524,0.0498935335866077,-0.07471518108190973,-0.7577553819618327,0.05193435829348219,0.6461634818313541
2301,0.32564502642469706,0.325645026424697,0.018133032554032737,0.007688306908636255,-0.4047036878700108,0.9098270256925163,-0.021064807228338957,-0.08936432308452316
2302,0.32336275950660126,0.3233627595066011,0.057701488276826515,0.009970573826732054,-0.16952408298330082,0.139312362138918,0.9506756968756377,-0.21924728142890743
2303,0.32960247849163493,0.3296024784916348,0.052066846608044746,0.0037308548416983833,0.7119711923401769,0.30449308251664997,-0.5862191624908771,0.23817656791907588
2304,0.3263669082047425,0.3263669082047423,0.03488031015866561,0.006966425128590803,-0.6965967552920671,-0.6311365261364482,0.32574747380135566,0.10152944993949105
2305,0.31162161181698234,0.3116216118169823,0.061430138763799075,0.02171172151635098,-0.5677491012351994,-0.6734985664622587,0.38101776768714213,0.28086669387204466
2306,0.2354752056323069,0.2354752056323069,0.14670805280990498,0.09785812770102642,0.05390957804830056,0.7934924744123311,-0.4409686509598728,-0.4159448272502978
2307,0.3090467783097048,0.30904677830970473,0.0342376126788948,0.02428655502362853,-0.6484045398477858,0.48721496300406536,-0.3385189943395859,0.4770723456678701
2308,0.3015266609796374,0.30152666097963726,0.04393347056148939,0.03180667235369594,0.9220934019479532,0.38059662840984215,0.030857459096462866,0.06275174694955725
2309,0.2994265641763204,0.2994265641763202,0.08190162117317731,0.033906769157012906,-0.49721547382364806,0.4847897771082784,0.4277846308871381,0.5785809832498695
2310,0.2996090835186645,0.2996090835186644,0.02521034031318217,0.033724249814668816,-0.6628796885238666,0.634115479311328,0.37902460528925824,-0.1217720248069668
2311,0.3090921865528189,0.3090921865528187,0.026704744718627285,0.024241146780514422,-0.2535895152391401,0.13749893649998404,-0.8901055583016683,-0.35284344304893456
2312,0.31613134738251014,0.31613134738251,0.0523585161436713,0.017201985950823173,0.31474381330804796,-0.3475409596244461,-0.4048836199478955,0.7849973679354065
2313,0.309521492183105,0.3095214921831048,0.0537448564393638,0.02381184115022833,0.7731822537065947,-0.5577325580314539,-0.2646349176122605,0.14523070145542197
2314,0.30841148212811925,0.30841148212811903,0.029488780664798098,0.024921851205214063,-0.6397327068313768,-0.5121617920497339,-0.5040393324710031,0.2727209451010148
2315,0.25402947325581576,0.25402947325581565,0.031175288736391273,0.07930386007751755,0.04747343332656499,0.8589482854470778,0.09355993961856349,-0.5011992156361421
2316,0.30192611195236824,0.30192611195236807,0.0733913758811218,0.03140722138096508,-0.012754798599207048,0.6436046963949963,0.07890923913700995,0.7611725440856473
2317,0.29645784650259976,0.29645784650259976,0.04070386344326348,0.03687548683073355,-0.34314698873673344,0.0446036129571111,-0.5836687807420751,-0.7345688641775825
2318,0.27477133268528214,0.2747713326852819,0.11450124500516534,0.05856200064805117,0.09421549649765863,-0.3463013549175924,0.702025940336164,-0.6151084383237349
2319,0.2948423222251331,0.29484232222513307,0.09283354318122496,0.03849101110820019,0.0003432719112339203,0.5294757516741909,0.8480962668532142,-0.019698545709955634
2320,0.3213754286792163,0.3213754286792162,0.05649834345697787,0.011957904654117002,0.0747781201739315,-0.7552394951439949,-0.17178261782709595,-0.6281021174382129
2321,0.30204870981658066,0.30204870981658055,0.037332304847435924,0.03128462351675265,0.1509511478111115,0.6465700683032892,0.13300215917042923,-0.7358473506134214
2322,0.32660909858761933,0.32660909858761933,0.02300176421192716,0.006724234745713986,0.7264166183723977,-0.42709413151947706,0.44300238754626536,-0.3060365729816333
2323,0.3117776639251884,0.3117776639251882,0.01766056991594472,0.021555669408144906,0.4142920869911752,-0.23934423827464188,-0.8549662405550913,0.20027263860128697
2324,0.2994079798776482,0.29940797987764817,0.005929651877384944,0.03392535345568509,0.29560264351887877,0.8920992195900216,0.026916804237764994,-0.34066632531136815
2325,0.29456711769426197,0.2945671176942619,0.07576526676040264,0.038766215639071344,-0.5741166319656464,0.06453591718275131,0.7905765965546145,0.20301195352472673
2326,0.3092975612508235,0.30929756125082347,0.009710104878782056,0.024035772082509788,0.2802267442833155,0.9381587007374017,-0.017766114866897685,-0.20252305839489035
2327,0.32311013151090906,0.32311013151090884,0.0029025708365100155,0.010223201822424255,0.39340694156594325,-0.07793055109885609,-0.9141277161083005,0.059399715283675894
2328,0.3077112537315291,0.307711253731529,0.11967272171919077,0.025622079601804237,-0.34126658802737586,-0.3595165865737895,0.6100720116429728,-0.6181400168929212
2329,0.21041549725299863,0.21041549725299863,0.1979026728873189,0.12291783608033469,0.726952641695305,0.250224077486853,0.4090007896074239,0.4915751436744686
2330,0.300992187691031,0.300992187691031,0.05602130957519157,0.03234114564230234,-0.17821039060795998,0.8385952226508528,-0.32984784631513564,0.395220833848358
2331,0.2697968016984595,0.26979680169845943,0.11023820451842309,0.06353653163487383,-0.8277796663189294,-0.1436416063331886,0.46471913711680146,0.27961408504644136
2332,0.30230253314001027,0.30230253314001015,0.05911511983294993,0.03103080019332305,-0.3521119219279012,-0.5702901971426411,0.741926379646724,-0.018208038432305892
2333,0.32252821215353034,0.3225282121535303,0.01523890174792358,0.010805121179802979,-0.028440064456609876,-0.05433250804406083,0.6134795586759367,0.7873258362267328
2334,0.2952698463641549,0.2952698463641547,0.07625219974270565,0.03806348696917844,0.3641239648522474,0.574411711361403,-0.7295050434373594,-0.07271393037513464
2335,0.30990650733372405,0.3099065073337239,0.039212332118305125,0.02342682599960927,-0.4479948391927679,-0.6948928775419109,0.1807999103880308,0.5326686636191853
2336,0.32196683729049075,0.32196683729049064,0.092025439778755,0.011366496042842567,-0.18384618562311972,-0.39126917400468897,-0.6023146859167536,-0.67106335962748
2337,0.2639369740641298,0.26393697406412975,0.13295087805127753,0.06939635926920351,-0.7399839380402421,0.08655750389588815,0.3554218393017342,0.5644527315100357
2338,0.2567360115487097,0.2567360115487095,0.13987207473338495,0.07659732178462364,0.9058533821795097,-0.2747271768998987,-0.3039823599090499,-0.10746791675043978
2339,0.30279076530246524,0.302790765302465,0.07345760760559583,0.030542568030868078,0.921995492576201,-0.3865427458417666,-0.006987782633523859,-0.021451997579311845
2340,0.32445287179057447,0.32445287179057447,0.0017108342334595384,0.008880461542758844,-0.4008834344272868,-0.10526266609085484,0.9100170635867414,-0.009010389014533816
2341,0.296041535156572,0.29604153515657183,0.04343606926050105,0.037291798176761315,0.3454587066968181,0.05988604492342512,0.47178902729633676,-0.8090037436956443
2342,0.24581515918606006,0.24581515918605995,0.1472284725816122,0.08751817414727325,0.13016777243401742,-0.3124039547219944,0.5677825224561446,-0.7503886508249986
2343,0.31171321699464355,0.3117132169946433,0.08062973151331898,0.021620116338689765,-0.43960445812299476,-0.45004953219879384,0.5073283976337964,-0.5889153045390818
2344,0.29386768694927207,0.29386768694927207,0.11033777541407729,0.03946564638406125,0.23190901157487784,0.2488951675824104,-0.6170569848199648,0.7095844441568463
2345,0.3091217436774921,0.30912174367749207,0.035958139420690184,0.024211589655841192,0.32179318390640577,-0.6975523845211787,-0.12121325561588304,-0.6286311830502798
2346,0.26207002414722586,0.26207002414722586,0.05334466791740664,0.07126330918610746,0.4579526192170331,0.4567778353469997,-0.6574356100212151,-0.3865382598967418
2347,0.31660758929287636,0.3166075892928762,0.042277672090104995,0.016725744040456958,-0.4583837741254392,0.7486682604168355,-0.15797570235930714,-0.45213253469202075
2348,0.25776718337659477,0.2577671833765947,0.11011839029877701,0.07556614995673855,0.11971140569752578,0.3994792908719806,-0.17169110632435558,0.8925287891824335
2349,0.29917081643219523,0.2991708164321952,0.010446840027835842,0.034162516901138085,0.2522269366987644,-0.5298515678759073,0.7711649597107052,-0.24686735980559896
2350,0.31121383457151275,0.31121383457151264,0.03727920535426643,0.022119498761820566,0.8550394572697645,-0.16630888632436586,0.2139763218628636,-0.44211199319111
2351,0.27816756552093524,0.27816756552093513,0.1427390241201141,0.05516576781239807,0.06610329470779008,0.46570991014100716,-0.832798838701735,-0.29187450776364743
2352,0.2738559749861142,0.27385597498611414,0.11110754450637429,0.05947735834721912,-0.11878336801958975,-0.8408075664419704,0.5207570083268068,0.08800730636923557
2353,0.2543209637840396,0.25432096378403946,0.14759042937664044,0.07901236954929369,-0.2701156826636739,0.5411632354764034,-0.425088380199023,0.6734090432772781
2354,0.25384358290986503,0.25384358290986503,0.09622164698306572,0.07948975042346829,-0.3024817751311925,-0.4863241283574123,0.6426479650258489,0.5089176858186609
2355,0.30948628935446393,0.3094862893544638,0.06534174454425605,0.023847043978869387,0.6397531973232519,-0.10463290343007511,0.7450498376689088,0.15706222150473306
2356,0.3284080406294259,0.32840804062942586,0.06047613038749904,0.004925292703907402,-0.46107300723005584,-0.3353583062514806,0.7221517251681603,-0.3917184885458189
2357,0.2931388016729542,0.2931388016729541,0.03668835430885252,0.04019453166037912,-0.21685888366698558,-0.6968386009820485,0.5668967246646531,-0.3821207823719858
2358,0.23275118076933765,0.23275118076933757,0.1532060067089976,0.10058215256399566,-0.07926751584023026,-0.45285731770694737,0.33615452251698974,-0.8219714397247404
2359,0.25645456960222096,0.2564545696022208,0.15902574593237714,0.07687876373111235,-0.8243634864249991,0.07452530830161344,0.303090004682987,0.47223645531982894
2360,0.295534058741098,0.2955340587410979,0.015975872425797816,0.03779927459223531,-0.14329796890073385,-0.0064141075492609835,-0.8082445521230663,0.5711088296434007
2361,0.30664566933305654,0.3066456693330565,0.052939040490317765,0.02668766400027678,0.33206029358945316,-0.8907930873790341,-0.23530062396466228,0.202131772022251
2362,0.2583294012356488,0.25832940123564874,0.11797181803276374,0.07500393209768452,-0.1435143643238411,-0.6860055203706137,-0.7038227347026451,0.11590345710744533
2363,0.2661926460314927,0.2661926460314926,0.12825232405061035,0.06714068730184064,0.18397689851185905,-0.7491396763266394,0.41259650934964986,0.484465031389944
2364,0.3057027984936577,0.30570279849365767,0.055495485235263924,0.02763053483967559,-0.33473512856750715,0.849633741546001,-0.16918110605893355,-0.3707460752079695
2365,0.3255539009625789,0.32555390096257886,0.0030288993285438022,0.007779432370754402,0.13899904147246708,0.7729199947235447,0.39150004576828823,0.47958488548923156
2366,0.32544720367898666,0.3254472036789865,0.03252943162948096,0.007886129654346652,-0.710182215403154,-0.48508047793819664,0.11882373138998817,0.49620466715547823
2367,0.30771463385924125,0.30771463385924114,0.03406811043528557,0.025618699474092066,0.7626691666160416,-0.38229555297429224,-0.4406238972337302,0.2793500199674808
2368,0.2362777674030939,0.2362777674030939,0.15349176623798622,0.09705556593023942,0.10462044017582155,-0.6010008098585985,0.6156314039698028,0.4988492402448816
2369,0.31455204296827827,0.31455204296827827,0.009848257330637308,0.018781290365055048,-0.368131150167996,0.7210120913729833,0.1899494397636702,0.5554639778630232
2370,0.2963235578675269,0.29632355786752673,0.046525007805607796,0.037009775465806416,-0.3348449474268637,0.44270602313422763,-0.425734241345799,-0.7145912076208988
2371,0.3266928969662211,0.32669289696622095,0.006595389077945327,0.006640436367112201,-0.6091148394815292,-0.7302387719327001,-0.06015164594036823,0.30349996339419477
2372,0.30462561794404125,0.3046256179440412,0.036096202488924416,0.028707715389292066,-0.142982452621124,-0.39177841608307973,-0.34329836187940754,0.8415532815364674
2373,0.2715265866059511,0.271526586605951,0.11252312005042053,0.061806746727382234,-0.6243300740579434,0.07976799039935333,0.5822229773825583,0.5146507854285667
2374,0.3068429004309765,0.30684290043097634,0.06345569066453098,0.02649043290235681,0.37480861222953316,-0.06895461948497783,0.11583667248392089,-0.9172489465560079
2375,0.2961935984412676,0.2961935984412674,0.03716408140654619,0.037139734892065734,0.42121315818682853,0.3782732475374133,-0.47408153501373074,-0.67434080680825
2376,0.3089443830213848,0.30894438302138466,0.09969661476261192,0.024388950311948487,0.7496678762094632,0.09572303608597463,0.6544850961938695,0.02200987510590485
2377,0.30620315317014224,0.306203153170142,0.04667753745388595,0.027130180163191076,-0.11930813843675647,0.33215505359087627,-0.8446973007108571,0.4023991285385566
2378,0.30645708584538595,0.3064570858453858,0.04881784127585934,0.02687624748794737,0.3403563045511335,0.3674067860220078,0.43123418896698745,-0.7504711278945106
2379,0.331403496121732,0.331403496121732,0.06659367471817942,0.0019298372116013374,-0.5949543299093197,-0.7420707433185263,0.3012265677059344,-0.06799200056583327
2380,0.29003089740994126,0.29003089740994126,0.05257289803393947,0.04330243592339206,-0.058716781197147114,-0.7064673764624828,0.15952183513301102,0.6870290894247921
2381,0.3052827884028072,0.30528278840280715,0.08281643183076706,0.02805054493052611,0.766762758439507,-0.15863912724644863,-0.5976308934515983,0.1724697503012278
2382,0.3222302355522527,0.3222302355522526,0.011434456756441506,0.011103097781080595,-0.5970218949774949,-0.08747746019781986,-0.44955134556994064,0.658647203418549
2383,0.3248762549294822,0.3248762549294822,0.003250161362582749,0.008457078403851126,0.35711400515212893,-0.04199870353302655,-0.8599316834552436,0.3622474237528557
2384,0.286672929593062,0.28667292959306195,0.11111393750491108,0.046660403740271306,-0.01879980447921146,-0.40802510611911263,0.6074302061697049,0.6813153636611023
2385,0.28182343152938993,0.28182343152938977,0.07153099712452361,0.05150990180394338,0.5968433307215647,0.20173127062007487,0.07342229502396215,0.7731052319190532
2386,0.3167330531859455,0.3167330531859454,0.052941970316809264,0.01660028014738779,-0.6138416661839647,0.7483099701877943,0.17761565800354281,0.1779979646119722
2387,0.2927993629332277,0.2927993629332277,0.017201097079213398,0.04053397040010559,0.2557490569125571,0.6145634386008195,0.10668601812286092,0.7385948100011013
2388,0.29389743659643514,0.29389743659643486,0.1004280117863179,0.03943589673689818,0.8935624745755566,-0.049939075277062796,-0.0089194535759608,-0.44606348891025144
2389,0.2822256575501455,0.2822256575501454,0.0691363464983531,0.05110767578318781,0.5815151308012515,-0.49434470601010455,-0.27903347238088166,-0.5827553393835652
2390,0.26875396928994766,0.2687539692899475,0.03858925728759371,0.06457936404338566,0.5063205911255875,0.4455152002238382,-0.6390644522763105,-0.3698003396544253
2391,0.32957080689561236,0.32957080689561224,0.02617178128222169,0.003762526437720959,0.5467907611943453,0.4365499425041073,-0.02102112236815143,-0.7141443296607152
2392,0.26543205778298556,0.2654320577829855,0.10106479390020534,0.06790127555034775,-0.9168447948106018,-0.264626615771878,-0.213667542093361,-0.20908026666715843
2393,0.3233753492686237,0.32337534926862366,0.01239549303849791,0.009957984064709602,-0.7525623193554593,-0.45940174738961165,0.4695887371650819,-0.04567721433501259
2394,0.30769962359419684,0.30769962359419667,0.07159568769547285,0.02563370973913648,-0.6146937004509622,0.0558696845017233,0.7867846095270263,-0.0004595552039836831
2395,0.3170389730324233,0.3170389730324231,0.09502882764530246,0.016294360300910027,0.7171003166640558,0.08544190583994249,-0.683441145901574,0.1066537231206323
2396,0.29594482957399504,0.295944829573995,0.025511600857036118,0.037388503759338276,-0.5990826433763211,-0.5747211088031624,-0.524171278911138,0.18984231316006817
2397,0.3235751379120125,0.3235751379120122,0.005089405071795183,0.009758195421320837,0.8265567637357604,-0.22747340706937552,0.37255911053532953,-0.35533009238740354
2398,0.3145882606076577,0.31458826060765754,0.014562154912280424,0.018745072725675604,-0.8701938620217551,-0.1099225462671894,0.33588683779419654,-0.34330701786945056
2399,0.3169657714039294,0.3169657714039293,0.055099262305681775,0.016367561929403918,-0.3709810673604349,-0.577312139625356,-0.18354660799349443,0.7038425845282369
2400,0.2824061991765842,0.2824061991765841,0.05560544721805507,0.0509271341567491,0.6943420936496153,0.2345516990135248,-0.6359129140986303,-0.24184565978889475
2401,0.31329561565388653,0.31329561565388636,0.07192389771760548,0.020037717679446787,0.3811676359318904,-0.2761702847189913,-0.7755828422876617,-0.42060963125601053
2402,0.32177132884721354,0.3217713288472134,0.004178622781532295,0.01156200448611977,-0.5272462522908437,-0.38217076371631,0.754120061528752,-0.0852046337098151
2403,0.31586621400686976,0.31586621400686965,0.02270098754997704,0.017467119326463554,0.028151072503544167,0.9893386010071518,-0.14271198742139515,0.0070667050559256065
2404,0.2626095342261622,0.262609534226162,0.0073408021309191605,0.07072379910717114,0.5160286565430469,0.31041119809656414,-0.6928078596601016,-0.3967071757806037
2405,0.2828955621572052,0.282895562157205,0.12034054833646408,0.05043777117612813,0.186327560209787,-0.8591482829457772,0.4364376521019374,0.19149006252372305
2406,0.30576738082038113,0.30576738082038113,0.014806137800172325,0.027565952512952185,-0.2129735947976876,-0.48194216337594564,-0.8284805656807909,-0.1897207193974882
2407,0.27683210539353986,0.2768321053935398,0.05426016587515069,0.05650122793979345,-0.9803813472755001,-0.12168585927218761,0.12889615755038134,0.08620177571379592
2408,0.31305227108799816,0.31305227108799805,0.09626522267972319,0.020281062245335157,0.26781700427472377,0.27504568241794697,0.6031159179768235,0.6991960485354103
2409,0.32943335476807833,0.3294333547680783,0.01287534985341437,0.00389997856525498,0.051530005832329515,-0.10830864416378734,-0.9294508243302256,-0.3489055190881713
2410,0.29548856837179016,0.29548856837178994,0.0742022454708738,0.037844764961543154,0.07947597414800808,-0.605866718808522,-0.7891524776994313,-0.06202786079068788
2411,0.30119568410017244,0.30119568410017233,0.07318089363297359,0.03213764923316087,0.9207535111983635,-0.3845890792536242,-0.0589269960932591,0.02884130486228875
2412,0.32181440904202,0.32181440904201986,0.008634591744248923,0.011518924291313293,0.193809645776175,0.41319890788788666,0.14857586986771953,-0.8772854122903343
2413,0.24419923528764628,0.24419923528764625,0.09795393415392298,0.08913409804568703,-0.03317070747063272,-0.8219968253465538,0.2939585809450602,0.48663053333597067
2414,0.3236458171957562,0.32364581719575586,0.0036107718598339745,0.009687516137577123,0.3427027359297927,-0.005501395526157635,-0.9357674313422257,-0.08284855987084236
2415,0.32017605951295175,0.3201760595129517,0.0036043851748498766,0.013157273820381565,0.0865802869746601,0.505165185582129,0.03980096252985015,-0.857745808829665
2416,0.32173376356074196,0.32173376356074174,0.07214603444009499,0.011599569772591356,0.6683518267539119,-0.08855759149161316,0.7384391649148467,0.013076252665704221
2417,0.30436936852634855,0.30436936852634855,0.0554890153217692,0.028963964806984765,0.5234461239297322,-0.6723123476168563,-0.3430922088550963,-0.39533276971151987
2418,0.2956163580737296,0.2956163580737296,0.02454462508304735,0.03771697525960371,-0.6116895111817308,0.6826772782016317,0.39870773198815296,-0.02863250234140052
2419,0.31568904784906204,0.315689047849062,0.055320753076839806,0.01764428548427127,-0.1714942909558548,-0.5416974937122886,0.17189079394921788,0.8047403857337352
2420,0.3153062007636902,0.31530620076368987,0.07962495356250529,0.01802713256964311,0.312325119386039,-0.45453531756249077,-0.36221293970170926,0.7514335973334624
2421,0.3198509232102311,0.3198509232102311,0.04326335113493659,0.013482410123102195,0.3401664799390633,-0.11944021719134267,-0.5193536723805932,-0.7747854951068348
2422,0.32244118869892086,0.32244118869892074,0.07277408029304483,0.01089214463441246,0.36635500193369874,-0.5207251499947324,-0.23106142061028995,0.7356901186142694
2423,0.2835438026819094,0.2835438026819092,0.09848360610229746,0.04978953065142394,0.28452441736585216,-0.7065255146086269,0.3669004300192714,-0.5340895314283093
2424,0.3290277981774663,0.32902779817746597,0.02290036252259577,0.004305535155867013,-0.8120551350040227,-0.2574244899398902,-0.32859231785192244,0.40783106593476537
2425,0.309542395182155,0.30954239518215476,0.03781429929019214,0.02379093815117833,-0.4202481540571209,-0.2335467386552735,-0.7598757774658436,0.43753424174085803
2426,0.31263545395011993,0.31263545395011977,0.02695573914671707,0.02069787938321338,-0.23523820377757698,-0.09012032520928251,-0.05420474575219637,-0.9662314215578026
2427,0.3229930805073841,0.32299308050738396,0.04544128027445825,0.010340252825949192,-0.33995757141514665,-0.8911454062831555,0.2774103985284872,-0.11546508254104852
2428,0.29197081660873936,0.2919708166087393,0.011003930400611381,0.041362516724593956,-0.020414435870369355,-0.26411271803835,-0.4448649016276438,0.8555249512891582
2429,0.28541174954262394,0.28541174954262366,0.027138886436863692,0.04792158379070938,0.566377821310679,0.23590134040378274,-0.4987990470782557,-0.6121815349689105
2430,0.28994000210181003,0.28994000210180987,0.09760692544015225,0.04339333123152328,-0.15795973171024308,0.48906939157727897,0.475668606605485,-0.713862192632622
2431,0.3130857064779057,0.3130857064779056,0.002788240290489873,0.020247626855427636,-0.9153874382186247,0.30482654441707957,-0.2601982582748767,-0.03799318571805319
2432,0.29158535452694084,0.2915853545269406,0.07965628141299275,0.04174797880639247,0.836039877396964,-0.14969333262455528,0.022764563914232948,-0.5273623082849387
2433,0.30543268540446583,0.3054326854044658,0.07006959898681117,0.027900647928867484,-0.43086530280143037,-0.25290749546249597,0.4275836331618005,-0.7533691832248476
2434,0.2959022836103561,0.295902283610356,0.09947316203057176,0.03743104972297723,0.5203443061418767,-0.39007110258373084,-0.4593843790148601,-0.6050225866130727
2435,0.3225734804105556,0.3225734804105554,0.026694975736508593,0.010759852922777702,0.6572265488088144,-0.5451554565688529,0.505636619698127,0.12324934293663503
2436,0.31301439642583917,0.31301439642583906,0.04757181492880181,0.020318936907494145,0.2475949568579653,0.5214255471783452,0.21799380029570353,-0.786950340949734
2437,0.27015196695160903,0.270151966951609,0.12411349549775792,0.06318136638172428,0.26794749188351746,0.5047807534859741,0.6698279293711115,-0.4740580951084729
2438,0.2649391481897812,0.26493914818978104,0.03465249545336374,0.06839418514355211,0.4984465158246573,0.48894690724970474,0.05146434556617441,0.7140261997214484
2439,0.28399489696328195,0.2839948969632819,0.006831641185438066,0.049338436370051364,0.05156798054880247,0.5923867803907379,-0.768494982368069,0.2362924202667434
2440,0.32928961438234183,0.3292896143823418,0.030518778894749063,0.004043718950991482,-0.6844574154440823,0.3615555242738389,-0.6285181551175218,0.07589847164695247
2441,0.296797940037074,0.2967979400370739,0.019081858227088123,0.03653539329625932,-0.6741871601158564,0.3978305199157773,-0.24712014350017872,0.5710815924497218
2442,0.3143036575178691,0.31430365751786904,0.06820592582379963,0.01902967581546422,0.04983016259597779,0.875369229469089,-0.18496309577230366,0.44388548094827057
2443,0.31038174471993635,0.31038174471993624,0.04095438856094876,0.022951588613396967,0.7030360776398081,0.15333617865311922,-0.18267484495672925,0.6699687984323802
2444,0.32346727862941,0.32346727862940977,0.05559508046244835,0.009866054703923322,0.8431197111455714,-0.5089219960095978,0.1642393363093961,-0.05632934460886646
2445,0.32490972368757043,0.32490972368757043,0.02037289631736964,0.008423609645762886,-0.1516019950464663,-0.8029442798641673,-0.23872475215846048,-0.5246978285053471
2446,0.2954866089554219,0.2954866089554218,0.06473945161244604,0.03784672437791142,0.729276766929513,0.26012199477176756,-0.09010178352860096,0.6263973289037545
2447,0.3329675557518893,0.33296755575188913,0.07240179019287266,0.0003657775814440156,-0.05170961955895348,-0.2016659671694212,0.10995425138383821,0.9718883760665676
2448,0.32678474188494155,0.32678474188494133,0.07029570290252433,0.006548591448391761,0.03156187756030327,-0.8910792182799271,-0.3758486319413257,-0.25242717861263697
2449,0.32274288204207974,0.3227428820420797,0.021984586696913177,0.010590451291253578,-0.2054327980891235,0.06704718891931971,0.7464471785259671,0.6293795751356358
2450,0.2806196812835341,0.2806196812835341,0.015612012409688271,0.05271365204979922,0.9915795685666621,-0.08125114144008504,0.09838242503502515,-0.02211582374824521
2451,0.30247460862654113,0.3024746086265411,0.04912405221293492,0.030858724706792184,-0.7173050406516314,-0.24230614932652506,0.14636375530037665,-0.6366622807962512
2452,0.3249073975436789,0.3249073975436786,0.008947565450043717,0.008425935789654393,0.28549515427944705,-0.07911900195782708,-0.9459405159467209,-0.13201984965376956
2453,0.3301185047470778,0.33011850474707777,0.016429475073800926,0.0032148285862554915,0.29800524132351897,-0.943234916628404,-0.018428375088458966,-0.1454687704915329
2454,0.32474516626346955,0.32474516626346933,0.010357559630534575,0.008588167069863761,0.8501049252204749,0.0040276323684638946,0.33642809758120346,-0.4051191546339023
2455,0.2720668425465114,0.27206684254651137,0.03987831109021903,0.06126649078682189,-0.12603994354922413,0.6080221418073886,-0.6973026573538182,0.3580391204175426
2456,0.3183647129598091,0.3183647129598091,0.09238388278332271,0.0149686203735242,-0.09084608180030612,-0.34281417248563656,0.40883181728033163,0.8408816669090734
2457,0.32018066163124365,0.32018066163124353,0.008448457106565891,0.013152671702089669,0.4080349423184388,0.4321921465697657,-0.7897344495243133,0.1517792262634663
2458,0.28944340724268547,0.2894434072426854,0.11063104125319201,0.043889926090647846,-0.41418397327731654,-0.5677778691535749,-0.5664526552831677,0.43036184415244144
2459,0.3075486318307709,0.3075486318307709,0.058422242584809304,0.0257847015025624,-0.4094499206789964,0.7719897219340058,0.23037214372376877,-0.42814869739418226
2460,0.31024324126422903,0.310243241264229,0.10672113944197528,0.023090092069104284,0.7150482624073499,-0.07315700149429176,0.041668533515660175,0.6939868650595977
2461,0.2824088937751997,0.2824088937751994,0.09260417608184739,0.05092443955813364,0.02664292941014239,0.5158991083338426,0.43821698709039386,-0.7355978089677877
2462,0.30877571767120277,0.3087757176712026,0.010333412731712286,0.02455761566213055,0.5973597584170595,0.39587667595890136,-0.3156103066166874,-0.6219590909480817
2463,0.316100148466581,0.3161001484665808,0.06279030377735155,0.017233184866752294,-0.32675613786927654,0.9106205028853659,-0.22035013379874446,-0.12428412861034645
2464,0.31055283905577435,0.3105528390557742,0.06632868015173744,0.02278049427755896,-0.15098872788104084,-0.7869591886153469,0.03205341276334688,-0.597386155042919
2465,0.2647289179987359,0.26472891799873577,0.0346771055393698,0.06860441533459744,-0.0679332195743533,0.6779330423410075,-0.7170889633049938,0.14688528342450718
2466,0.31949616160785177,0.31949616160785177,0.007223081221354357,0.013837171725481545,0.2876225678574817,0.2704610666542758,0.23454236233741896,-0.8883208599106984
2467,0.29088711686278756,0.2908871168627875,0.0485502702673746,0.04244621647054575,0.40835184859875673,0.3854023954454929,-0.7970272361560531,-0.22239906959404596
2468,0.3102653257591497,0.3102653257591496,0.01950331890437294,0.02306800757418359,-0.8810164825126904,0.04432432190402983,0.2015872813914143,-0.42568518885431395
2469,0.2748086733393856,0.2748086733393853,0.09296551290743645,0.058524659993947736,-0.6747295822202474,0.13820391205901766,-0.4181570539065588,-0.5922705022510076
2470,0.3160536146411689,0.3160536146411688,0.023296976504661903,0.017279718692164436,-0.06916874430125303,0.4928820363944058,0.27175654828045837,0.8236694491591771
2471,0.3157671653673975,0.3157671653673974,0.038700968936145726,0.017566167965935797,-0.6058628096072175,0.19815605136647746,-0.7613584971206271,-0.11831176654887046
2472,0.3266125941841396,0.3266125941841396,0.017636257564982948,0.0067207391491936885,0.06455687165893695,-0.42999256468020053,-0.4200962108470819,-0.7965287052412355
2473,0.28956433123637354,0.28956433123637343,0.10306089678445594,0.043769002096959775,-0.21276843132456255,0.6964732604426233,0.32061938471901563,-0.6056878752810779
2474,0.31416172392831004,0.31416172392830993,0.0579756224158539,0.01917160940502327,0.5081715553006675,0.4347686329588671,-0.44414915667606375,0.596212573502371
2475,0.2643244859619967,0.2643244859619966,0.06579471878090948,0.06900884737133661,-0.0028949580682349845,-0.6070944183423259,0.6591754122225998,-0.44375191532718117
2476,0.26498775469959923,0.2649877546995991,0.138216071476021,0.06834557863373408,-0.083125918083548,0.39378705143471476,-0.15284602163892366,0.9025851392163923
2477,0.31878098838734925,0.3187809883873491,0.05495724966855059,0.014552344945984064,-0.5293954950779816,-0.4372928537441747,0.46946583374707535,-0.5550830575684849
2478,0.3198144162894991,0.31981441628949886,0.025647578697730607,0.013518917043834233,-0.3668699050132798,0.8704744487882592,0.30394471509874593,0.12368636531916302
2479,0.32406613108012,0.32406613108011967,0.0068682025782446495,0.009267202253213314,0.5572510979555239,-0.7555838863834375,0.21746905586600646,-0.26696706576993995
2480,0.31983138005194023,0.3198313800519402,0.053095152223606945,0.013501953281393086,0.3420797282759928,-0.2241218571912618,-0.49067308566682183,-0.7694093680440616
2481,0.3310799278464164,0.3310799278464164,0.04161909978869168,0.0022534054869169373,-0.45770454381052345,-0.11933954452191409,0.8010511847776558,-0.36685368071591806
2482,0.31875108020833753,0.3187510802083374,0.022890027005574402,0.014582253124995781,-0.13052868952882424,-0.04564060841219169,-0.7043934076485262,-0.6962105452626743
2483,0.32669688521142126,0.326696885211421,0.053234002336695715,0.006636448121912053,-0.37687689096939775,-0.18719793809590984,0.7888227225162223,-0.4479726034792477
2484,0.3018206995434564,0.30182069954345636,0.04613207943027036,0.0315126337898769,0.2993643271858399,0.8404823243851702,0.44383738090345326,0.08353945964293613
2485,0.31742644095131106,0.3174264409513109,0.033141306592450334,0.015906892382022253,0.3634552608070924,-0.6556683627800387,-0.40715503843135054,-0.5217509426162616
2486,0.3093768813187228,0.30937688131872276,0.0006918159651873778,0.023956452014610496,-0.26560123152549353,0.5037782292942041,0.791306024067218,0.2224820392217511
2487,0.30357645942621936,0.3035764594262191,0.05259150883974116,0.029756873907113957,0.2763994231611869,-0.6532833756704874,0.21225678131326076,0.6721393075362209
2488,0.31371219850509374,0.31371219850509363,0.016595662557305258,0.019621134828239573,-0.12087962208533827,-0.9329433391095838,0.29034872492606884,-0.17522117711444576
2489,0.3131434219009372,0.3131434219009372,0.0017304435996421384,0.020189911432396124,0.5254526883035516,-0.8014711711724194,-0.28153197182420003,0.04778266395732915
2490,0.3293449482448866,0.32934494824488647,0.0338533875527028,0.003988385088446733,0.1126515753358661,-0.041797098766589685,-0.9631515947192474,-0.24062757676296023
2491,0.2718247698597788,0.2718247698597787,0.08634834531840531,0.06150856347355449,-0.9122008760949821,-0.17637839701761873,-0.04698717284109881,-0.3668411485990127
2492,0.3159341984845393,0.3159341984845393,0.034769765868081864,0.017399134848794018,-0.6192356991384004,0.5070053876324345,0.4158215754091144,-0.4319549782657254
2493,0.29188012779842865,0.29188012779842837,0.07529323818724891,0.04145320553490467,0.8108772548457154,-0.4337878724653863,0.0210523412287037,-0.39225369112937697
2494,0.3309936412793747,0.3309936412793747,0.0437607334470765,0.0023396920539586197,-0.012970208689731677,-0.2909811092877239,0.015643889612680165,0.9565129567559536
2495,0.2955810259289573,0.2955810259289572,0.004757010895618832,0.03775230740437602,0.32670021146328637,0.7288900305232782,0.5604238549479457,0.21888672421803543
2496,0.327207355299042,0.327207355299042,0.023254169324467173,0.006125978034291324,0.21278921887973054,0.03533370602101328,0.9606848114888855,0.17480552200070537
2497,0.3274785045869866,0.3274785045869866,0.0712764314219333,0.005854828746346741,-0.1040140260206749,-0.2629162758241826,-0.678079360644808,-0.6784279585668925
2498,0.31492307528918984,0.3149230752891897,0.034828985514453424,0.01841025804414348,0.24051617139806125,0.6575199137740538,0.3803434659518208,0.6042833625000241
2499,0.3311773167985972,0.33117731679859713,0.05326062453082786,0.002156016534736127,0.6136945299576303,0.7057759114752985,-0.3383562908301497,0.10379984170006251
2500,0.3232361800998316,0.3232361800998315,0.015879466030499223,0.010097153233501688,0.7541223158688335,0.4482378306796565,0.36388857496193217,-0.31299757965261854
2501,0.2770609813751515,0.2770609813751514,0.12730266502518325,0.05627235195818181,0.90909086857406,-0.3541474145995283,-0.1782594067672336,-0.12789443031940434
2502,0.33116448819494976,0.3311644881949497,0.04093270054365374,0.002168845138383557,0.04703962921667901,0.07769630657141757,-0.35113451603460577,-0.931909388769885
2503,0.3218107324226786,0.32181073242267855,0.00024565910546600156,0.011522600910654712,-0.06445014070088255,-0.9680233580052189,0.1710411396150708,-0.1718193419819609
2504,0.253367614916082,0.2533676149160818,0.1664962342720209,0.07996571841725131,0.8745880469448029,-0.04423564823351493,-0.29903965365192825,-0.37909661184237853
2505,0.2823562489567947,0.2823562489567946,0.06971837666483034,0.05097708437653864,0.2884050218092814,-0.02544328688118428,0.5038852718312199,-0.8138026882355742
2506,0.33139659953640577,0.33139659953640566,0.06010370421436716,0.0019367337969275478,0.15039016179250472,-0.24745142625147618,-0.6672134003778175,-0.6862775453403707
2507,0.3002565211485309,0.30025652114853046,0.08605059540844771,0.03307681218480241,0.39887756446528305,0.3306970328440188,-0.4427931846632814,0.7317584004643576
2508,0.28148844377392584,0.28148844377392557,0.06258161133086336,0.05184488955940747,0.4784666883632016,0.406066514335538,0.7341882218660529,0.2591279007272292
2509,0.3270667184657351,0.3270667184657349,0.017048242621282243,0.006266614867598219,-0.6070845731488118,-0.675755494014769,-0.033281873812244324,0.41676750140711105
2510,0.3010146097338935,0.30101460973389316,0.07635907303540511,0.032318723599439825,0.021121311094523663,-0.4656166336449784,0.8847335329388295,-0.0012713710487538038
2511,0.25340277781760273,0.2534027778176026,0.15060786259328524,0.07993055551573058,0.08882292741726347,0.6216970208599217,-0.7437523767110578,-0.2289884362922685
2512,0.3036454417802272,0.3036454417802271,0.05520086954249607,0.029687891553106138,-0.32970393247532326,0.667639022820605,-0.2329948409774449,-0.62551327419596
2513,0.3314213370567572,0.331421337056757,0.06810943635767962,0.0019119962765761223,-0.17242651175242887,-0.15821853485119466,0.07009611064586602,0.9697022886158171
2514,0.27679821834250834,0.2767982183425082,0.06750084554593762,0.056535114990824975,-0.44585419673634,-0.5642898075124628,-0.6576141642476792,0.2243538708624548
2515,0.27868322412609386,0.27868322412609386,0.10735245576447659,0.05465010920723945,-0.6513802604500318,0.5336816944498534,0.37610158288268447,0.3865684993093995
2516,0.29588563405721713,0.2958856340572171,0.06781515410524189,0.037447699276116186,0.42863831236702776,0.43134909247993797,-0.36434098585869384,0.7053104306696416
2517,0.3271345898850153,0.3271345898850152,0.018463900898808002,0.006198743448318,0.8404055682455227,-0.06781016144477486,0.4274101039227672,-0.32625276386796037
2518,0.3110431359342442,0.3110431359342441,0.03904037534378892,0.022290197399089107,0.1086341553687967,0.9782279325873593,-0.1683421437582327,-0.05412628592515591
2519,0.29876350936924767,0.2987635093692476,0.023864380544102403,0.034569823964085644,0.289135849355519,0.16471123985781114,-0.7537685696384534,-0.5666600493304299
2520,0.3008540218705403,0.3008540218705403,0.0027231067742071445,0.03247931146279304,-0.20295854933850208,0.49656910667551774,-0.8116936791724206,0.2310418159931849
2521,0.3274985529545845,0.32749855295458435,0.004776795781171276,0.005834780378748794,-0.7455492007913195,-0.6190995730356861,-0.12129507709718604,0.21484788139156455
2522,0.33083410340837877,0.3308341034083786,0.033757469218074564,0.002499229924954549,-0.6640141317617885,-0.7226023691074923,0.0818270214409942,0.17388325837461358
2523,0.3159220299716078,0.3159220299716076,0.10839172724078913,0.017411303361725528,-0.4870447668691681,-0.542752713799524,-0.3676344031748842,0.5771064306788276
2524,0.2414816926967551,0.24148169269675496,0.1636718091891059,0.09185164063657822,0.010086029914421573,-0.5488393074941289,0.2918642603881126,-0.7832553479281392
2525,0.29689770511082714,0.29689770511082697,0.0925007422960719,0.03643562822250618,0.15433538187344004,0.3693534404586783,-0.5721922388060471,-0.7157895415367848
2526,0.3282525877597343,0.3282525877597342,0.08392445026253814,0.005080745573598999,0.7923941826586898,0.281909035570235,0.08090179231745909,-0.5348772335334058
2527,0.310397926153306,0.3103979261533059,0.031478797584254196,0.02293540718002729,0.49178742744801784,-0.08201870828633025,0.8419205446038523,0.20636824917863483
2528,0.31223428150421045,0.3122342815042104,0.03256442914318014,0.02109905182912286,0.08915447230396666,-0.6035809968564873,-0.7594087930261272,-0.2259197764174957
2529,0.29447258574034574,0.2944725857403457,0.119503762404594,0.03886074759298758,0.013899736349201892,-0.46605097736576434,0.49107613351314455,0.7358311728376413
2530,0.31797154450990295,0.3179715445099029,0.04288245779424158,0.015361788823430367,0.48863855765639774,-0.07027499060631137,0.04010601117918403,0.8687262477524511
2531,0.2937762914055777,0.2937762914055777,0.13266463361835135,0.03955704192775561,0.8057006679452733,0.03464128298627949,0.5708757783198443,0.1541014630472956
2532,0.30940585989183483,0.30940585989183467,0.04621793657083646,0.02392747344149848,-0.08149571607841832,-0.13308074260127647,-0.9004537204526668,0.40599391809793023
2533,0.2802515885785029,0.28025158857850285,0.041963467777807115,0.05308174475483041,0.981262290874262,0.14718742264412255,-0.10307532917621555,-0.06953887861326466
2534,0.29287546343325266,0.2928754634332526,0.04911971798194932,0.040457869900080656,0.31537982849874535,-0.4311031685720946,-0.8396137706917762,0.0986627482281917
2535,0.25511204260358056,0.25511204260358045,0.033138000754047325,0.07822129072975276,0.9950448301021451,0.011036291471377167,-0.08953204681994895,0.04180907736105304
2536,0.3104856893072122,0.3104856893072121,0.05602493697887709,0.022847644026121106,-0.5634585963816584,0.6094111167429458,-0.44888899577770913,-0.331105980651825
2537,0.3197015643789439,0.3197015643789439,0.0739981083073432,0.01363176895438939,0.3272542374731033,0.2601052288450682,-0.7538186864284999,0.5069588957445794
2538,0.29054910110587806,0.2905491011058779,0.08387677687340152,0.042784232227455254,0.26117514334168107,-0.552865276542855,0.7862641847428855,0.088972817670625
2539,0.3196147163291126,0.31961471632911254,0.049621990946034124,0.013718617004220723,0.5597161048922468,0.013108795571918718,-0.8252066352910064,0.0746997354386283
2540,0.2790151228505111,0.2790151228505111,0.05824800714808029,0.054318210482822205,0.9678567019421139,-0.20131951075270602,-0.12964398255456924,0.0769174679992502
2541,0.32280009437143964,0.32280009437143936,0.051734954368635566,0.010533238961893676,0.0846866246866398,0.042070570014161375,0.1065257685713385,0.9898032649815586
2542,0.2909967879163905,0.29099678791639044,0.05994044159336528,0.04233654541694282,-0.20593591043617201,0.8941343060151129,-0.18279769980428245,-0.35312780200086336
2543,0.304579271016657,0.30457927101665694,0.05131440397750537,0.02875406231667632,-0.1262171656489488,0.6827675455042461,0.7000748871528579,0.16671190203331698
2544,0.31397053822782583,0.31397053822782583,0.09847421163711287,0.01936279510550748,-0.7333555600717556,-0.6081141625578351,-0.003671116095076312,-0.30392977925014364
2545,0.27139478972082687,0.2713947897208267,0.09261422587271796,0.06193854361250645,-0.5542053423437707,-0.5232628875800209,-0.2349542780505485,-0.6031988695486655
2546,0.32809598207254814,0.3280959820725481,0.02305142334307278,0.0052373512607851724,-0.6592245021071057,-0.4219816841963596,0.5995325587750889,-0.16707849949361211
2547,0.2760880240642737,0.27608802406427346,0.06900655744000574,0.05724530926905963,-0.7310955720015394,-0.2366311888301625,0.45939884693961996,0.44548585219186626
2548,0.29887699949791574,0.2988769994979157,0.047818729360275126,0.034456333835417574,0.19350933753750263,0.9427528018523802,-0.1502962957297307,-0.22623508652551017
2549,0.26526491574404765,0.2652649157440474,0.110121882559047,0.06806841758928567,0.30147252024080656,-0.7327507246850194,-0.5331682594557946,0.29651695081751034
2550,0.32455779565814613,0.3245577956581458,0.016101614694220008,0.008775537675187184,-0.47908124551077735,0.6245673075412748,0.0002523313378056735,-0.6167631432562914
2551,0.2719302691209655,0.2719302691209655,0.1046964694923225,0.0614030642123678,-0.08210653782657641,0.8887274006440361,0.3240850160068593,-0.31367343877105985
2552,0.27188086729237054,0.2718808672923705,0.11544331367676737,0.06145246604096277,-0.20649433704619016,0.6141220533905009,-0.4698649570209338,-0.5995340811588656
2553,0.29813059828903304,0.2981305982890329,0.13186756237785957,0.03520273504430027,0.02226971448470564,0.3923976096301151,-0.8943113331793343,-0.21385839969555398
2554,0.24937956626994426,0.24937956626994406,0.14398742580304164,0.08395376706338906,0.7583630901219258,0.015000789599759388,0.43264071446804214,0.48732167203674576
2555,0.2823689564600948,0.28236895646009463,0.04953277398845985,0.050964376873238515,-0.6692803224798094,-0.25795311416374356,0.4513671540717188,0.5308405910061385
2556,0.3322182172179033,0.3322182172179033,0.06273376733297448,0.001115116115430026,-0.760765307990341,-0.41038182622939157,-0.1324665578501603,0.48505207340070294
2557,0.32923919180276406,0.32923919180276395,0.04735511209666907,0.004094141530569251,-0.7174705995101329,-0.19090569041792757,-0.19928696892565817,0.6395902283658254
2558,0.2619920166557298,0.26199201665572974,0.11499727322025184,0.07134131667760352,-0.15695693888999873,0.4579984921619391,-0.7608245331884929,-0.43214341393822436
2559,0.3025220460599504,0.3025220460599504,0.0580177172226975,0.030811287273382892,0.15009075683352502,0.19936183393126977,-0.8320696923789043,-0.4953661786084877
2560,0.3234210300777215,0.3234210300777215,0.03580805514021673,0.00991230325561182,-0.755329963917201,0.3307700045574568,-0.5638393012714399,-0.04640142277596909
2561,0.2979733803467434,0.29797338034674337,0.09431696713732307,0.03535995298658989,-0.5002107851592826,0.14140145742645355,0.6106300756184259,0.597432597870458
2562,0.3122399572246571,0.3122399572246569,0.01842692571441508,0.02109337610867623,0.6750250973953223,0.5608626905419734,-0.3984889361055879,-0.26642208625767316
2563,0.313987957391162,0.313987957391162,0.0878377004120522,0.01934537594217134,0.18546066458180036,0.3902807623952461,-0.40172519220706626,-0.8074045691865127
2564,0.2845044925937879,0.2845044925937879,0.04881133631398497,0.04882884073954541,0.5998111894955893,-0.32718418236726393,-0.7297416092292397,0.02557794995833108
2565,0.3008557826577991,0.300855782657799,0.044630682415790976,0.032477550675534206,0.6143366240781503,0.7022873810113466,0.3407923695515952,0.11508043988399595
2566,0.2732405128969343,0.27324051289693424,0.12173833660168995,0.06009282043639902,-0.016895679085280592,-0.6151974210653941,-0.7813030141653523,0.10398206190911462
2567,0.27440139914166356,0.2744013991416635,0.02474630660493552,0.058931934191669755,-0.055418581713490477,0.9188281229295577,-0.07520601553225165,-0.3834419337297023
2568,0.3159556126064497,0.3159556126064496,0.014407293243046996,0.017377720726883594,-0.11059787317692442,-0.9440931088132788,0.26016198002238666,-0.16962327815147002
2569,0.32969670863587097,0.32969670863587075,0.024136609835425902,0.003636624697462343,-0.7363263291973389,-0.14845214910804336,-0.33705952260359423,0.567605826765558
2570,0.32981983905125484,0.3298198390512546,0.001232525180859085,0.0035134942820784776,-0.7864501261241722,-0.10719573142125098,-0.4213825518558315,0.43868213922589105
2571,0.2995224626485734,0.29952246264857335,0.06983077815586944,0.03381087068475991,0.42259376960014,0.49892529089484416,-0.3876215796173672,0.6497981001938802
2572,0.3147174428522962,0.31471744285229614,0.005710621346553789,0.018615890481037123,0.3016075537199991,0.4721125732177641,-0.7887675191423876,0.2529592901925175
2573,0.29762046087158944,0.2976204608715893,0.022615566160980538,0.03571287246174387,-0.33587541424271816,-0.17775366175313193,0.8323228641500225,0.40352198410215384
2574,0.30212841368786,0.30212841368785986,0.07059550453786971,0.03120491964547334,-0.057607145388712054,0.2914760727056946,-0.5966278637532756,-0.7454919905897255
2575,0.31740161739342765,0.3174016173934275,0.005312935337454107,0.015931715939905666,-0.675787179976944,0.36071720468117857,0.4924844914371197,-0.41310266438226684
2576,0.31497025018551505,0.31497025018551494,0.07259920144731889,0.01836308314781826,-0.4361344028266787,-0.18857716803571795,0.5301884057594295,-0.7022290856728447
2577,0.3201277858459129,0.32012778584591284,0.09967857740580642,0.013205547487420422,-0.20768124435110286,-0.3298021247838712,-0.640755586308616,-0.6614615165276988
2578,0.28439279891287633,0.2843927989128762,0.03730326408745722,0.04894053442045698,0.19277818215877776,0.4856389463138807,0.08059466098515485,0.8488202913028108
2579,0.27944918013008024,0.27944918013008,0.11201117947188509,0.05388415320325307,0.921499836833234,-0.11070674402310449,-0.0579450434978268,-0.3677287580243906
2580,0.3233731148377258,0.3233731148377258,0.06468719821985999,0.00996021849560752,-0.03335860642718981,0.8622498607941146,0.4409570826307213,0.2469194852893732
2581,0.2638153800309619,0.2638153800309619,0.12074385850355851,0.06951795330237143,0.14958204877716458,0.45574457894116477,-0.6893468232521535,-0.5428840085336194
2582,0.30506486339009237,0.30506486339009237,0.06282167309715565,0.028268469943240948,-0.4946700704697308,-0.3939778118236685,-0.6538282528691228,0.41544147713271967
2583,0.3274371511584039,0.32743715115840366,0.04609331061552278,0.005896182174929432,0.3068238628829186,0.10845457839694686,-0.040088120857379,-0.9447167110602355
2584,0.29291957682950004,0.29291957682949993,0.07614495026174145,0.040413756503833276,0.05675868171838187,0.9180610517808886,-0.39191834616904925,-0.018503166990476546
2585,0.299157221184768,0.2991572211847679,0.07912050618532397,0.03417611214856531,0.10622453847649631,-0.35831381024317843,0.5395196729712891,0.7544839847812703
2586,0.2897125840752732,0.28971258407527317,0.015352700148073285,0.04362074925806009,0.5949356879231837,0.5583192381508819,0.5600979322479054,-0.1436017473347998
2587,0.30983408592257616,0.30983408592257616,0.01271689463611099,0.02349924741075715,-0.8908760775976312,0.08808617087463162,0.27197122362406356,-0.3530046662373376
2588,0.3074531930875581,0.30745319308755803,0.0866519711153026,0.02588014024577523,0.3438372974720519,0.4947659351056535,-0.5962499674962671,0.5305361048852797
2589,0.328729297440451,0.328729297440451,0.04365587180617236,0.00460403589288233,-0.637089101917404,-0.7689540506392896,-0.052383806872839986,0.009114878003222674
2590,0.31834480402090737,0.31834480402090704,0.07365455020896926,0.014988529312425947,0.13021047994700585,-0.19772118778025458,-0.9415999345977129,0.23946007178717407
2591,0.29954459630161845,0.2995445963016184,0.07668030882660962,0.033788737031714866,-0.18654028475520762,0.6015317915987959,-0.29044686024577837,-0.720418522272129
2592,0.3202532218272231,0.32025322182722293,0.005479028526755881,0.013080111506110215,-0.34921180763788734,-0.8143197535704557,-0.10062844510828643,-0.4525575857129345
2593,0.24895704443268787,0.2489570444326876,0.10281113651535832,0.08437628890064544,-0.6604332926152068,0.05614074603647856,-0.5543235243476492,-0.503390020753993
2594,0.3254087074628614,0.32540870746286127,0.015769795082570412,0.007924625870471935,-0.20067764845780875,0.3709474998566079,0.15558308385935377,-0.893263867945183
2595,0.2967824612642474,0.2967824612642474,0.08449235921993162,0.036550872069085916,0.3995016140508198,0.34918935742024904,0.7386737307746561,0.41572391379216345
2596,0.26167272245025136,0.2616727224502512,0.07593316042309646,0.07166061088308195,-0.9807090849251331,0.1482708843969199,0.1221462109668633,0.03613500701400195
2597,0.3083740110739171,0.3083740110739169,0.021595916152427463,0.024959322259416217,-0.16318040314716012,0.9700212391222242,0.06679214183245347,-0.16724162600844567
2598,0.31911352356711814,0.31911352356711814,0.00012282909134319326,0.014219809766215175,-0.19337292679396126,0.0062924987115438825,0.8221012330817843,0.5354595019312968
2599,0.24368258804547768,0.24368258804547763,0.1472843236669233,0.08965074528785563,0.7989005280210053,-0.36874283053475415,-0.4357516564684825,-0.1894918603580377
2600,0.3312645696379371,0.331264569637937,0.05086129158266412,0.002068763695396214,-0.09510054261966468,-0.017967124320044933,-0.9855289169002601,-0.13916114109374572
2601,0.3271547358774292,0.3271547358774291,0.010482715374429886,0.0061785974559041,0.291680563098754,-0.0014147122619053852,-0.9080345745120766,0.3006553827728378
2602,0.28401346962257623,0.28401346962257623,0.11045893508946061,0.049319863710757084,0.22838475649138826,0.5629155752855054,-0.512027087249929,0.6072847108446839
2603,0.3010814977630457,0.30108149776304566,0.024801406971228075,0.0322518355702876,-0.14902073113648018,0.1273494085290039,0.8159812053211996,-0.5438286700804068
2604,0.21560963447564666,0.21560963447564666,0.19305544612105607,0.11772369885768666,0.8486558956636749,-0.16110905725343616,-0.39150851635428546,-0.31709324188361515
2605,0.2787601197325361,0.2787601197325361,0.10588815918240953,0.0545732136007972,-0.7174630572295759,0.21675865663919316,0.6603681464476403,0.04665144628058878
2606,0.3089079484782613,0.30890794847826125,0.028445674755176367,0.024425384855072008,-0.6558851824657531,-0.17713593962822163,0.19413820119287767,-0.7076353899795335
2607,0.31351420702176847,0.31351420702176835,0.02210235389042878,0.01981912631156485,0.38513220384478825,0.19676883819790664,0.8877805883859852,0.1574828141764564
2608,0.2952626494538932,0.29526264945389297,0.10796067506377349,0.038070683879440126,-0.02893780909645177,0.07536267112867442,-0.2462414641420832,0.9658406764794139
2609,0.31297099562639086,0.3129709956263908,0.027283420281286226,0.020362337706942457,0.34168581385108776,-0.45792108517592106,-0.35592530646905174,-0.7395108251940187
2610,0.28859737665501284,0.28859737665501256,0.08237719925564438,0.044735956678320477,-0.17903301346463182,0.6867913078811613,-0.28075801776590037,-0.6460958249120785
2611,0.2792295112485978,0.27922951124859774,0.1303327316349845,0.05410382208473552,-0.6061595758076835,0.1928666517470275,0.5398545436418033,0.5512985534262178
2612,0.30024792268336536,0.30024792268336525,0.0634910584758551,0.03308541064996795,0.43568240980575634,-0.04391304265677739,0.48879954698851613,-0.7545379283603274
2613,0.25597454849330203,0.25597454849330203,0.00802649484992035,0.07735878484003128,-0.5817209642394908,0.4212358538944265,-0.03917743998058964,0.6947130366954961
2614,0.32581856708033585,0.32581856708033585,0.04142910167575524,0.007514766252997462,-0.4007310460394807,0.9042823212762898,-0.1352279226466927,-0.0583225608485132
2615,0.3138905315213125,0.3138905315213124,0.02804018238920363,0.019442801812020793,0.17312139282043043,-0.557263124262807,-0.2445192337174695,-0.7744011480021133
2616,0.27474922126932433,0.27474922126932433,0.0019128864586855391,0.058584112064008986,0.44003906997686726,0.5465579728016539,-0.02402823227327611,0.7120833120602265
2617,0.2863252180297164,0.28632521802971633,0.06437194542968228,0.047008115303616926,-0.3435826623317035,-0.25637082539380945,0.2580482059063786,-0.8658152675140666
2618,0.30431734357296714,0.304317343572967,0.07336624450661047,0.02901598976036618,0.012931057314084563,-0.7715760016286618,-0.6195835593961058,-0.14359482718231703
2619,0.3074592054201993,0.307459205420199,0.08375339130481527,0.025874127913134037,-0.43059369832929884,0.2220263246953108,0.7491146966163995,0.45179702236149005
2620,0.31012794694942036,0.31012794694942025,0.06630545387036166,0.02320538638391295,0.21973369742033028,0.3968749337548098,-0.8909547741980868,-0.02017373313847556
2621,0.27519369157098345,0.27519369157098317,0.06260459793852499,0.05813964176234987,0.9452788942936882,0.23833578244023337,0.04337564921896531,0.21854615042671735
2622,0.305668782019818,0.3056687820198178,0.036417451226422,0.027664551313515306,0.9076788744006009,0.3796070513101513,-0.09725340740334035,0.15019761086951447
2623,0.27350296511324684,0.2735029651132468,0.08685797402240726,0.05983036822008647,-0.6874949576178594,-0.31801065855696764,-0.041512867608809054,-0.6515340252949765
2624,0.28044109980637083,0.2804410998063708,0.14387297190168896,0.052892233526962484,0.056311485564325865,0.4720817504869009,0.8403220321793626,-0.26043563443720275
2625,0.32136941500616867,0.3213694150061686,0.00542060041902182,0.011963918327164647,0.5428626295653908,-0.19427638500306,-0.6759114514202386,0.45902130831855575
2626,0.32217572374979625,0.322175723749796,0.014322116561781225,0.011157609583537065,-0.4337405361586037,0.1746615137262632,0.45749777555035065,-0.7563453498780689
2627,0.3105766395803516,0.31057663958035137,0.10896880381499671,0.022756693752981727,-0.43005020930558985,0.33867171604636537,0.5816879544297717,0.60166220580799
2628,0.305714595485399,0.3057145954853987,0.03453451795769654,0.027618737847934338,0.29112906855486204,-0.8479864697088463,0.4283216244416299,-0.11270935484151101
2629,0.3229966403084228,0.3229966403084226,0.01115437196097758,0.010336693024910526,-0.30025499988651067,0.06734175847169765,-0.8824308741866458,0.35584796597884777
2630,0.29195728822429173,0.2919572882242916,0.058552817163036494,0.04137604510904158,0.2283201524368016,-0.29901295102578207,-0.6649191725627972,0.6452469736996013
2631,0.3043321765349568,0.30433217653495664,0.056429067139011885,0.029001156798376504,0.8668474350033832,0.3347970605202051,0.3618926703781243,-0.0742976972838027
2632,0.24606458836602468,0.24606458836602466,0.15208271801422815,0.08726874496730863,0.08225654069435102,-0.7868494457610677,0.4615997396683108,0.40128230905018303
2633,0.30153607853087266,0.30153607853087266,0.06183801371746162,0.03179725480246065,-0.44127794545880517,-0.5121879352644013,0.3740344438710518,-0.6348507924066239
2634,0.26836113527036864,0.2683611352703686,0.10213211570386402,0.06497219806296467,-0.32383261324262796,0.5963602120601569,-0.5527401988460506,-0.48369950243063464
2635,0.3072274544990863,0.30722745449908617,0.025978267892376176,0.02610587883424703,-0.5577198225765417,0.22690869515207202,0.7826644389464907,-0.15778916178923544
2636,0.2995705604247683,0.2995705604247682,0.047417918183729486,0.033762772908565,-0.29334789701151304,0.8444950079100642,-0.14610636210216085,-0.42358957008781
2637,0.3058310852193529,0.3058310852193528,0.0716747385228303,0.027502248113980388,-0.7760821915711577,0.19848444336567617,0.5608725021142659,-0.20909900535394588
2638,0.33035377343642924,0.3303537734364291,0.06966189821741092,0.0029795598969040715,0.07126769739551428,0.13445294992571372,0.9883431462840245,-0.004598342920018139
2639,0.3047172853533737,0.30471728535337356,0.014745319127815817,0.02861604797995959,-0.06930876921818555,-0.4628790058716139,0.8590814698997506,-0.20716744075180007
2640,0.3034385640903021,0.3034385640903019,0.06057953724899536,0.029894769243031194,-0.6559550099373589,-0.5684045676652774,0.05099195470555959,-0.49400313050691785
2641,0.2735720630102693,0.2735720630102693,0.10101598114334272,0.059761270323064,0.5418556001761979,0.0895844512644749,0.6965194076226531,0.46176601158413966
2642,0.2913890722250971,0.291389072225097,0.09782225228824327,0.041944261108236236,-0.5417616277586016,0.506407910525733,0.5220062848377466,0.42137252572421624
2643,0.32908841653234977,0.3290884165323496,0.02076861462766746,0.004244916800983545,0.6256290596867127,0.7615594379416363,0.022317895697095032,-0.16768247877817236
2644,0.28845372768252336,0.2884537276825233,0.003484713571270643,0.04487960565080995,-0.47133797235159486,0.38935375673582673,0.7898354580508027,-0.04903179724285594
2645,0.32688344629043925,0.32688344629043914,0.03825302549602176,0.006449887042894065,-0.13129587729824535,-0.8719999681617945,-0.3456442366520387,-0.3207920039520045
2646,0.30060803038342376,0.3006080303834234,0.008113734129658007,0.03272530294990955,0.23694148208790003,-0.15728768916057934,0.6120527583059551,0.7379097085379664
2647,0.32655001041791587,0.3265500104179158,0.032941076209232575,0.006783322915417445,0.784156823905625,0.48738914278126466,-0.0794909323813876,-0.37580725204594456
2648,0.32954369615482804,0.32954369615482787,0.03392227129356901,0.0037896371785052785,0.5450497983203603,-0.7979390686731017,0.22215267323123367,-0.12985434075245303
2649,0.28607263956066137,0.28607263956066126,0.0647564873067989,0.04726069377267195,-0.49418072978459743,-0.6054199461744876,-0.5715276031666522,0.25021649406508956
2650,0.325785901299895,0.325785901299895,0.05334085373993171,0.007547432033438328,0.22472143240257586,-0.9001915920347835,-0.3151327355663936,-0.1996164683167644
2651,0.26539635701629655,0.2653963570162964,0.004180629695133906,0.06793697631703677,0.41509876691615843,0.5110724602806487,-0.01865799269326381,0.7524292879440749
2652,0.30648181975031735,0.30648181975031713,0.029889733144774222,0.026851513583015962,-0.3443541562723701,-0.20775648088919446,0.8817773967632232,0.24642662653202735
2653,0.3153495543544589,0.3153495543544586,0.044795107385603015,0.017983778978874432,0.5326438429331783,0.31089226635795064,0.6036883382022233,-0.5051701947094965
2654,0.3147174636873671,0.31471746368736697,0.02886093288336105,0.018615869645966232,-0.26625408728236627,-0.004468867511470346,-0.4128320319650719,-0.871010047939855
2655,0.2796386342300144,0.2796386342300144,0.12098696399302479,0.05369469910331892,0.7913618962762022,-0.48415472068720683,-0.17992095989831114,-0.32706116209005365
2656,0.3048087405441048,0.30480874054410473,0.004032220799841832,0.02852459278922853,0.39229080524218185,0.105664432607023,0.004467870116582966,0.9137412051236925
2657,0.3261408142083035,0.32614081420830343,0.04888200380304315,0.007192519125029828,-0.6318832694436881,-0.7679443612000277,-0.09186070278365954,-0.050463879976958996
2658,0.28044752691197555,0.2804475269119755,0.0353288477928142,0.05288580642135776,-0.19063441689032798,-0.8832282501030408,0.10677818310988245,0.41492745983913526
2659,0.31082413750986687,0.3108241375098666,0.023243666838860307,0.022509195823466444,-0.17552446513019138,-0.07748711264585771,-0.8820457720644859,0.4303279743378687
2660,0.3047058522794178,0.3047058522794178,0.007320041102012023,0.028627481053915493,0.26667685760809845,0.5689390737189053,-0.7435162998286203,0.22885649630565724
2661,0.30230604610197387,0.30230604610197376,0.04287050256560186,0.031027287231359446,0.27580028328879463,0.13316165514065303,-0.08585379100870674,0.9480671410335112
2662,0.2720023122319624,0.27200231223196236,0.0862234514818276,0.0613310211013709,0.07995702580479382,0.12402321582152362,-0.613932867110478,0.7754428093955397
2663,0.2912721761268476,0.2912721761268475,0.024259519232637142,0.04206115720648573,0.19728763138401018,-0.8331310034945489,0.49142658544303275,-0.15959396178694985
2664,0.313173443592714,0.31317344359271376,0.059234923807086,0.02015988974061933,-0.1982808271615935,-0.296506413321216,0.8110983078409325,-0.46356034715781985
2665,0.26038183445779545,0.26038183445779545,0.07042849102324278,0.07295149887553787,-0.979891635603599,0.11343471640637551,0.1636866559727979,-0.012313660883401217
2666,0.27868012902401507,0.27868012902401496,0.06779075474237896,0.05465320430931825,-0.27156347756313776,-0.6231454524557961,0.154269321496587,-0.7170383526579727
2667,0.3306074881417005,0.3306074881417004,0.02898025766562057,0.0027258451916328252,-0.6880025939504298,0.2128522930504526,0.34790064893048606,-0.6002595026606334
2668,0.2921948236035507,0.2921948236035506,0.10908241167094207,0.04113850972978261,0.749601875651437,-0.13908680645396299,-0.6466055695249304,0.025556325041479734
2669,0.27227044331437483,0.27227044331437467,0.06163078420084741,0.06106289001895848,0.4790262804103263,-0.043452984667404104,0.6844108490656085,0.547930151096866
2670,0.2686280774463359,0.26862807744633577,0.07391481179582049,0.06470525588699744,-0.3642616409221409,0.5369726941925238,0.7175547144508876,-0.2531580818651402
2671,0.324271754206362,0.3242717542063618,0.015803184569878108,0.009061579126971309,-0.5902474522028504,-0.3940550504371605,0.6957930494478372,-0.11045630236926517
2672,0.3006731325654481,0.30067313256544803,0.028314327058526954,0.03266020076788523,0.2925730811363797,-0.0157953486108897,0.7543284400139699,0.5874862583437305
2673,0.32447785983340227,0.32447785983340205,0.06761878300982786,0.008855473499931044,-0.7037143069895989,-0.2220245241477023,0.014933617793723191,0.6747357052022116
2674,0.30619258244650105,0.30619258244650094,0.02561198572169899,0.027140750886832266,0.2266369774645147,0.5034884782862782,-0.7656813509237118,0.3299501500626368
2675,0.3120966952240057,0.3120966952240055,0.00024414475139010564,0.021236638109327632,-0.24241867963355204,0.5656489001089794,0.7411725018634476,0.2682122816943791
2676,0.30469554241433316,0.304695542414333,0.008462046896711263,0.02863779091900015,0.642157220532088,0.4279944903194554,0.5982531925571342,-0.21574971140163673
2677,0.2510639644601376,0.2510639644601375,0.011884291400404399,0.08226936887319569,0.023742353805824033,0.8728442266172529,0.035653641857095825,-0.4861152893285858
2678,0.30657296076458584,0.3065729607645857,0.07635543058480548,0.02676037256874747,0.5838423722149173,-0.2969313219782866,0.44967039458050223,-0.6072531685158181
2679,0.2789252690952732,0.2789252690952732,0.08877458420074327,0.054408064238060105,0.22720885750691472,0.3673918728189066,-0.8021083789397773,-0.41233662860776943
2680,0.307410616707261,0.307410616707261,0.04454692241542221,0.025922716626072317,-0.16390262337670272,0.6191875590063091,-0.1587494385279819,-0.7513596426406557
2681,0.33059130204581844,0.33059130204581827,0.02992328015695963,0.002742031287514879,0.7604481811628815,-0.5558173801059421,0.3322608218738983,-0.048870747752759514
2682,0.30373964300148154,0.3037396430014815,0.008146776745793448,0.029593690331851774,0.4489283408957944,0.18697594210857446,-0.48822337761272827,-0.7246663200160333
2683,0.3227584230851241,0.32275842308512404,0.03946276564982313,0.010574910248209224,-0.5362193746078514,0.001793558124450692,-0.8440586010416402,-0.005535652811385068
2684,0.2792115588856012,0.2792115588856009,0.002553929823564782,0.05412177444773214,-0.9715987138247221,-0.10386717781061701,0.12787264654126534,-0.16987093610837647
2685,0.30812754726056374,0.3081275472605636,0.02249267128859321,0.025205786072769576,-0.9438147731687412,0.07928366322937731,-0.2238797702596762,0.22979474137117015
2686,0.30176008341464106,0.3017600834146408,0.021608021983583043,0.03157324991869226,-0.39269011936140896,0.2488437257555322,-0.8410093543221209,-0.27672104410528175
2687,0.30153204151784063,0.30153204151784035,0.00753380761259736,0.03180129181549268,0.6188963886850627,-0.4646320831857608,0.45656764227270485,0.43889665683004625
2688,0.29768350463472776,0.2976835046347276,0.046351121776329766,0.03564982869860556,0.29771981821889343,-0.3570529920370521,-0.11174462790986117,-0.8782876572344533
2689,0.2789014741128794,0.2789014741128793,0.06310703412072352,0.054431859220453904,-0.25218597233160495,0.047556158853107815,-0.6323379773827046,0.7309509761084195
2690,0.27473805302132376,0.27473805302132365,0.11424416734269126,0.05859528031200956,0.24316770002567897,0.5599654277989609,-0.7674938983825621,-0.19560497253312775
2691,0.3217392593190479,0.3217392593190478,0.03695971380784659,0.011594074014285416,-0.36068755812694153,0.8361868328974568,-0.025101196572176337,0.4123905864977885
2692,0.27331487203681337,0.27331487203681326,0.0962075543374865,0.06001846129651994,0.0367227377415872,0.5077693159136587,-0.6765162796625602,0.5321160453330328
2693,0.3228459186860352,0.3228459186860349,0.034084591115077355,0.010487414647298132,-0.8600918834212774,0.477038884353053,-0.1533704867273277,-0.09567313462543647
2694,0.3311225168235879,0.3311225168235879,0.04278298724784566,0.002210816509745417,0.7006177977461517,-0.4421959935613713,-0.08496866790681298,0.553513983774345
2695,0.2842247849701608,0.28422478497016074,0.13108713211482764,0.04910854836317252,0.18376983933884775,-0.21376734832932892,0.18735552827851026,-0.9409729395477331
2696,0.31543302466851325,0.3154330246685132,0.029305931184264784,0.017900308664820064,0.3537035576852139,-0.24392613043795755,-0.48480523332312203,0.7618121303266968
2697,0.30114394707504205,0.301143947075042,0.013800778391474047,0.032189386258291264,0.603424881736651,-0.09945555565995343,0.0025480458020723895,-0.791189302260887
2698,0.3161548013913816,0.3161548013913816,0.013258495087583177,0.017178531941951736,-0.11923703178789467,0.5689683581277558,-0.036905212082611855,-0.812831804877833
2699,0.28463569928404353,0.2846356992840432,0.08185952772579476,0.048697634049289784,0.22128680908523463,-0.8064257615091189,0.547916696040663,0.022292005275352397
2700,0.30911650988887374,0.3091165098888736,0.0742291496227063,0.02421682344445958,0.5222381511570591,0.7078033637186776,-0.3665506910143092,-0.3031869105049136
2701,0.3002234799684026,0.3002234799684026,0.03525972607818446,0.03310985336493072,0.18921828416270717,-0.2947138561869422,-0.48866198092649954,0.7990930185572471
2702,0.3198260688118203,0.31982606881181996,0.0034551141594576828,0.013507264521513018,0.31519502776853553,-0.5848078748042865,0.028025206020866653,0.7469045667716688
2703,0.32731883099910786,0.3273188309991077,0.00032402428656066117,0.006014502334225458,-0.015672575024708132,-0.02273654325574242,-0.5248282603610609,-0.8507600819968325
2704,0.3307920795154293,0.3307920795154291,0.040554506597790786,0.002541253817903988,0.7667332493025649,-0.11675015513933275,0.5146628613832703,-0.36552929404037826
2705,0.28997181454294924,0.2899718145429491,0.0018490293242397371,0.04336151879038408,0.9765445525996523,0.20009020850879114,0.049833612835660394,-0.061977869264753474
2706,0.25775731700923815,0.25775731700923815,0.04149335682977897,0.07557601632409516,-0.07485307141499603,-0.8559357815966823,0.12470825114686726,0.4962044010063876
2707,0.2910566956423622,0.2910566956423621,0.11815245241390336,0.04227663769097112,0.3554965323833893,0.7044430376915901,0.3870319341649783,-0.4770623691381941
2708,0.3012693549293051,0.3012693549293051,0.07448506936580439,0.03206397840402819,-0.0605303321281481,-0.27463452916294406,0.6503660005170206,0.7056458174292529
2709,0.32645748355488424,0.3264574835548842,0.02145556845115861,0.006875849778449072,-0.19118498462505518,0.9504624939191983,-0.10902774886328999,0.21950466802466603
2710,0.31409634383997864,0.31409634383997853,0.08439661667998564,0.019236989493354673,-0.7297353824047055,0.04072158789776587,0.0540303842164229,-0.6803739718178293
2711,0.2960331253563074,0.2960331253563072,0.09219489008297095,0.037300207977025934,-0.8054026917650002,-0.2422032162964099,-0.5406300807637162,-0.019576053912482315
2712,0.31244511813406345,0.3124451181340634,0.074564237435828,0.020888215199269866,0.6765709940219408,0.11956970470684027,0.7265984102990081,-0.0030864081772383084
2713,0.2925231828938276,0.2925231828938274,0.09678523863821038,0.0408101504395057,-0.22366581458042717,-0.45405196593062147,0.8471769352516079,0.16156006932501762
2714,0.3247101775555532,0.3247101775555531,0.041312977300159114,0.008623155777780112,-0.596701256248563,0.06517136661466605,0.7435445374330993,-0.29468936970708975
2715,0.3268968349124071,0.32689683491240695,0.05888899123516895,0.0064364984209261955,-0.796907621019343,0.2166892034512622,-0.5589081749232245,0.0748711204199517
2716,0.32412947924028446,0.32412947924028435,0.0889521966278823,0.009203854093048858,0.29709910598482747,-0.30802127277517155,-0.6817284313030626,-0.5933812962118415
2717,0.28552164494269744,0.2855216449426974,0.08076841436033202,0.047811688390635876,-0.955326637976366,0.20900305730706806,-0.01967061744360788,0.20804279275778567
2718,0.32621397801810076,0.3262139780181007,0.016384817943825136,0.007119355315232556,-0.49406770317557974,-0.03507265929905389,-0.7961838942307838,0.34750283425607303
2719,0.3201785608893182,0.320178560889318,0.08466726708744922,0.01315477244401514,0.4041962241824577,0.8679593933678267,-0.2821467560388669,-0.060540167475347385
2720,0.2812360995195071,0.281236099519507,0.09462850764232533,0.052097233813826194,-0.9140009478548112,0.24840499918432146,0.31204333521282834,-0.07433828522368793
2721,0.2925216633451412,0.29252166334514107,0.06378790250298035,0.040811669988192134,-0.3305274596377548,0.8125628579602919,0.4777327267761348,-0.047588255440324495
2722,0.2658496788885752,0.2658496788885751,0.00040793140687298907,0.06748365444475812,-0.025688051438226174,-0.1213921975890024,-0.702078126764367,0.7012063621337566
2723,0.2957255604278919,0.29572556042789183,0.07072253907947591,0.03760777290544143,-0.6506175564150396,0.22899788219372594,-0.3350051497570663,-0.6418943175255227
2724,0.3186693982472772,0.3186693982472772,0.09801755693491758,0.014663935086056124,0.022662127493040366,-0.850831692869126,0.04505014267496001,-0.523012756089096
2725,0.24410028741156778,0.24410028741156778,0.14265955354350845,0.08923304592176554,-0.6434099489317171,-0.3977191234760143,-0.3183901706254847,-0.571376264545729
2726,0.2873365292306281,0.2873365292306279,0.08644522929792062,0.045996804102705235,-0.16967012561812878,-0.6755763894830688,-0.28171766299105555,0.6598816172652542
2727,0.3219855457565875,0.3219855457565875,0.08252868237948821,0.011347787576745816,-0.41542293976345324,-0.36501595049662683,0.6757549667883508,-0.4873831776561529
2728,0.2891923267724634,0.28919232677246337,0.06532612838903146,0.04414100656086989,-0.23956814861999326,-0.732274669453574,0.6340523755220141,-0.06601890440122851
2729,0.31487605754229425,0.3148760575422939,0.030597802620383866,0.018457275791039063,0.14624899237121552,-0.19279638993750986,0.8819938718059577,-0.40438545269854054
2730,0.3070448510110124,0.30704485101101237,0.035931135583372444,0.026288482322320894,0.8117406429478919,-0.3814676160981005,0.1871365368773331,-0.4006738112486684
2731,0.32763153786826843,0.32763153786826815,0.0254046125342543,0.005701795465064885,-0.11053121052835316,0.5393216399236135,0.7098090896109974,0.43941560795543927
2732,0.3265680161512469,0.3265680161512469,0.0030159951283676833,0.006765317182086394,-0.5602984424785573,-0.6480359888040986,0.39265956729444246,-0.33456460778590724
2733,0.2839510951734187,0.28395109517341866,0.10406238295605465,0.049382238159914604,0.8812810583877031,0.3877516090118106,0.14535782889407992,0.22773556466876507
2734,0.3211206676205668,0.32112066762056657,0.05002467378464321,0.012212665712766524,0.04317085221163275,-0.3055361005914083,0.94771101358906,-0.08141132277954287
2735,0.3099264930261299,0.30992649302612973,0.05697928162184598,0.023406840307203414,0.8613588490402428,-0.23430112060413738,0.42950030733620487,0.13672382404621103
2736,0.3186238868278486,0.3186238868278485,0.00467058553222387,0.014709446505484725,-0.4683289868537799,-0.02709476787375871,0.15255230393257532,0.8698629939198715
2737,0.3254955432784757,0.3254955432784756,0.0006975695940952034,0.00783779005485763,-0.5806554732982512,-0.7414068234206346,-0.006094161510648606,0.3363302018992497
2738,0.31773966133656484,0.3177396613365648,0.10120980194474724,0.015593671996768477,-0.36644933090049153,0.3783383656368761,0.6369949547554882,0.5628609034085182
2739,0.31507160941483886,0.3150716094148387,0.00148677278947893,0.018261723918494455,-0.02238947530262925,0.9974995709613994,-0.03819897077527143,-0.055083173104015545
2740,0.29881990017815035,0.29881990017815035,0.04769049862509421,0.03451343315518296,0.22732097241408455,-0.7159806415440567,-0.6472601556950419,-0.12942637785438535
2741,0.3325216022106561,0.33252160221065596,0.0609870096572437,0.0008117311226772395,0.6448582823753567,0.3665536910065465,0.09733869202103432,-0.663567152816515
2742,0.24269438866609466,0.24269438866609466,0.13235005699783878,0.09063894466723865,-0.12776453611255717,0.5987847239795359,-0.5019001642289239,0.6109249567562888
2743,0.32554922419509336,0.3255492241950932,0.06448428497692425,0.0077841091382399585,-0.15316234084701047,0.1793140292617993,-0.9673264102084169,-0.0930988311927728
2744,0.28883062903304535,0.2888306290330451,0.08810226490221312,0.044502704300287965,-0.28382942122057586,-0.6772687796004709,0.31421685892399903,0.6016773432629964
2745,0.31962874728400686,0.3196287472840068,0.009343615742607874,0.01370458604932645,0.4553003093742956,-0.8203226111303844,-0.0021698106016003853,0.3460747518583987
2746,0.29971945641564496,0.2997194564156449,0.09085421409382739,0.03361387691768836,0.4655771978704379,-0.17280874789498188,0.5213256314870311,-0.693970168976108
2747,0.33043531906681184,0.3304353190668117,0.045885730090745015,0.002898014266521476,0.22664521096469975,0.3475012684549922,-0.11542532257402972,-0.9025252415736744
2748,0.2647334774855209,0.2647334774855207,0.1358926343691504,0.06859985584781242,0.19764884401891114,0.4701988766945562,-0.4200619958417215,0.7505970093616382
2749,0.29353073720253164,0.2935307372025316,0.010073733842027428,0.03980259613080167,-0.399367857804415,0.4473569823531897,0.7924581957648781,0.11129713589142717
2750,0.31642408261741084,0.3164240826174108,0.016176338782541936,0.016909250715922475,-0.28545883503456765,-0.22771969755204313,-0.26242319585197005,0.893191501933573
2751,0.33041160026520333,0.3304116002652032,0.05199521843020341,0.0029217330681299836,0.541431521185752,0.8159312795046985,-0.04261266172512231,0.19822264263450945
2752,0.3297095880387703,0.32970958803877026,0.0187318727430733,0.0036237452945629967,0.750947561429256,0.6254410700479888,-0.10589135457744667,-0.18354358857348874
2753,0.3216422491724836,0.3216422491724836,0.008135451043130675,0.01169108416084974,-0.5311715454916833,-0.6521748043768841,0.34230312007988173,-0.4187521794325702
2754,0.3217019206600905,0.3217019206600905,0.08418377709441398,0.011631412673242802,0.813997967541348,0.16812367051744245,0.06473924999967647,-0.5522232970092592
2755,0.2914828998263915,0.29148289982639136,0.07815502212510174,0.04185043350694184,-0.3337006813199211,-0.737389284440202,0.27610170551356267,0.5183326602596918
2756,0.3118354541941513,0.31183545419415126,0.008114859058785444,0.021497879139181997,-0.17930135264178676,0.050216907127764325,-0.6317381991881423,-0.7524866343436741
2757,0.2865447900202741,0.2865447900202741,0.07118785789122163,0.046788543313059205,-0.5515041501379284,0.016510610115894286,0.7566633978668466,0.350757857307346
2758,0.32359293158368,0.3235929315836799,0.05140872874384235,0.009740401749653294,-0.137687964343744,-0.17719967938571038,-0.7476997333211226,-0.624969924789985
2759,0.28723805292288085,0.28723805292288074,0.08583766928062855,0.046095280410452466,-0.22671969313578,-0.35055499116735683,0.8374878311420352,0.352595393618638
2760,0.28397263339724627,0.28397263339724615,0.07614893806957551,0.04936069993608705,0.6532966219137453,0.6141793135227291,0.39869372804970715,0.19243338029215323
2761,0.3266419389606726,0.32664193896067245,0.032888697126884164,0.006691394372660697,0.20666166525751517,-0.598643852460207,-0.601161954564907,-0.4873610554899658
2762,0.32904937898442405,0.3290493789844239,0.05611779248318862,0.004283954348909269,0.7555752938852707,0.1953055508604476,0.1864043419431149,-0.5968376147479633
2763,0.3213402764135862,0.32134027641358615,0.029868051259457132,0.011993056919747114,-0.545713505003286,-0.5510726827492454,0.4281353755958858,-0.46391353606889724
2764,0.32863894062876975,0.32863894062876964,0.004992780034066926,0.004694392704563566,0.3331724648786266,-0.9341936657219154,0.07342521314831421,-0.10434098737253243
2765,0.2810885206077887,0.2810885206077885,0.09374609104989017,0.0522448127255446,-0.7164518732002794,0.10978043553248351,0.20599014078192746,0.6574291074045556
2766,0.2836140343215002,0.2836140343215001,0.057127977284343906,0.04971929901183314,0.28531053708794507,0.28958246135298454,-0.7793448515246898,-0.47682438895813084
2767,0.31844269507422995,0.3184426950742299,0.07865872245632559,0.014890638259103361,0.16463928563019828,-0.9041244732050352,-0.37725067506018584,-0.11460702747008873
2768,0.3198025871790845,0.31980258717908416,0.01681563329243936,0.013530746154248818,0.6750687660688998,-0.23228753284120118,-0.5811556379735598,0.3906184680942587
2769,0.3282891663506618,0.32828916635066163,0.04851092434652108,0.005044166982671516,-0.6426449842311767,-0.24922643752898124,-0.026146847644529188,0.7240234453644282
2770,0.26811293107860656,0.2681129310786064,0.018988872425855147,0.06522040225472675,-0.12706674511016255,-0.8599951322316713,-0.057204536838396006,0.4909073800525348
2771,0.3309734252740614,0.3309734252740612,0.0443826723960753,0.0023599080592719424,0.6050125245540504,-0.015569157234720772,0.7408986846214172,-0.2911813620443259
2772,0.29340621569236064,0.29340621569236053,0.03859494698541132,0.039927117640972676,0.9764051802773882,0.0701309833904377,0.072773517658995,-0.19083653796824915
2773,0.3277706147531621,0.327770614753162,0.03448414731282867,0.005562718580171211,-0.3168905752252366,0.37683039229161136,0.17335850941136333,-0.8529513737566986
2774,0.2752707956255849,0.27527079562558476,0.12088417437114128,0.05806253770774844,0.41980960943657225,-0.3910109328924742,0.4202749098479632,-0.7030215802772743
2775,0.3041209978803193,0.30412099788031927,0.05002849248518196,0.029212335453013993,-0.3804510057205995,-0.0470808469686081,-0.35756370120481606,0.8515800759033855
2776,0.2909423886095211,0.29094238860952093,0.03605341089489268,0.04239094472381222,-0.6898645849684722,-0.3164587995734375,0.6143359828181095,0.21571273210852399
2777,0.2751778602270294,0.2751778602270293,0.09868084097784864,0.05815547310630392,0.15106612082438864,0.7254542869402408,0.3064754914979015,-0.5974678885180505
2778,0.3028809326492602,0.30288093264925997,0.055500061772712904,0.030452400684073122,-0.43588692710642846,0.7966416505677342,0.3181450838982154,-0.2723019885161118
2779,0.3225906352357963,0.3225906352357961,0.008674885893784623,0.010742698097537029,0.46493208056163776,-0.44495053180463323,0.16113689465424597,0.7482593707348992
2780,0.3040627117110149,0.3040627117110149,0.07220616015012173,0.029270621622318416,0.09148994658427222,0.2711025827935558,-0.6257720441791019,-0.7256323642179823
2781,0.3292071179645056,0.3292071179645054,0.031563763168849956,0.004126215368827735,0.4079092316955686,0.8719270421320748,-0.18990966495864955,0.19310000272303277
2782,0.2955667054427594,0.29556670544275926,0.058855196476551755,0.03776662789057389,0.20586440442686266,0.9298559007059644,0.1984088314450121,-0.2315637849856874
2783,0.30084112405774455,0.30084112405774444,0.01934025828618951,0.03249220927558877,0.7465953732318085,-0.20108746072505035,0.17109666122345388,-0.6106431972323892
2784,0.32005900703827767,0.3200590070382775,0.02823819398054598,0.01327432629505565,-0.18631457346448596,-0.6674148763751988,-0.4132252016784049,-0.590837706316774
2785,0.31133117141317174,0.3113311714131717,0.10455500887924572,0.022002161920161578,0.35643733245589243,-0.584719013703727,-0.3332633952381878,0.6480675986649724
2786,0.2816540589882044,0.28165405898820434,0.03984065632138128,0.05167927434512892,0.15487491339165743,0.0964462281073728,0.47536265508260395,-0.8606638324215817
2787,0.32970031704071684,0.32970031704071684,0.03721269565573412,0.0036330162926164755,0.7653280032548211,0.42013223801050475,0.27551906689375427,-0.40230733748748354
2788,0.3206818068445774,0.3206818068445773,0.009414195404585775,0.012651526488755893,0.8828496958156751,-0.3677307492926297,0.29043615550787805,-0.03158085174049023
2789,0.2628856928881225,0.26288569288812247,0.12937708164177286,0.07044764044521079,0.7057487163379226,-0.4499366239878718,-0.3587691862019143,-0.41323172048354084
2790,0.33190908220823856,0.3319090822082385,0.04957395095547309,0.0014242511250947554,0.46974181871947657,-0.3122833520202891,-0.15104509797334725,0.8117925290216168
2791,0.2773960656327832,0.27739606563278313,0.06631366830827065,0.05593726770055013,-0.17945629011043393,-0.3650444700656798,0.03674878560215939,-0.9127910503346499
2792,0.3239952402758809,0.3239952402758806,0.016560248865722743,0.009338093057452423,0.64870590657145,0.105173242473493,0.21648516121637598,-0.7219788160465962
2793,0.3283366753488718,0.32833667534887157,0.026688394580325098,0.004996657984461528,-0.15311569013074158,0.13454088692985972,-0.24877107052684766,-0.9468723724181838
2794,0.28452894421647756,0.28452894421647745,0.052087423805836246,0.04880438911685575,0.7736799767962442,-0.3745445208075704,0.05241048313703594,-0.508319620607874
2795,0.30503622325448604,0.30503622325448604,0.0021565851603036774,0.028297110078847276,-0.9242493821245291,0.2828258318679745,-0.020935734193005637,-0.2556057970868701
2796,0.3292085350987785,0.32920853509877845,0.009366262226171549,0.004124798234554805,0.7891322653383949,-0.474108531398188,0.38645402206823676,-0.056077242127526204
2797,0.2952552273567124,0.29525522735671234,0.0402608416007836,0.038078105976620924,0.4950581104391323,0.42265584263054806,0.7257743356049154,-0.22255588007496188
2798,0.3142547074100815,0.3142547074100812,0.004289007255119534,0.019078625923251824,-0.3616403529818798,0.457085260396418,-0.797668147397772,0.15496724315314686
2799,0.31589109015420114,0.315891090154201,0.038008990885436696,0.017442243179132177,0.5356932223519915,0.12999584431089542,0.8342835795672578,0.010235274909846652
2800,0.3258337353473763,0.3258337353473762,0.011500573197991047,0.007499597985957007,-0.4933140212569806,0.24290233146477494,-0.8348132773252698,0.026954142570041133
2801,0.31962123130680925,0.31962123130680925,0.017798968434791194,0.013712102026524065,0.4607364643041686,-0.1844709200982541,-0.6560300113990883,0.5686097204957975
2802,0.2613915918519455,0.26139159185194544,0.08873099437917585,0.07194174148138782,-0.02269363391962935,-0.6823085737092514,0.5229186931083445,-0.5103881362455733
2803,0.287533047635851,0.287533047635851,0.08168219404149024,0.04580028569748229,0.3568967283160887,0.8169755911667943,0.41608958717273775,-0.17901135215778802
2804,0.329553252140695,0.329553252140695,0.0010670672553364678,0.0037800811926383404,0.3889397270499059,0.3266257690401849,0.06001177924558035,-0.8593253644999851
2805,0.3237623172639845,0.3237623172639843,0.03890551024405969,0.009571016069348792,0.11773594932468834,0.04146765489595083,0.949734391937147,-0.28709452207560876
2806,0.26075949228483736,0.26075949228483725,0.08844455902404975,0.07257384104849596,-0.1537314802623256,-0.39800410538499975,-0.6576113015448778,0.620891890874323
2807,0.31148351939504265,0.3114835193950426,0.013720831785323724,0.021849813938290663,-0.3437263018344048,0.3357243040688506,0.3098705045605273,0.8204399377700562
2808,0.25579492096192613,0.25579492096192613,0.13824191010847045,0.07753841237140718,0.08667433559160541,-0.5439568683418344,-0.6023388381136394,0.57774251101456
2809,0.2871151469524063,0.2871151469524063,0.03334655665735465,0.04621818638092701,0.3789548831298167,-0.1024620234939096,0.5997043065911863,0.6973159075695784
2810,0.2854030464707702,0.28540304647077,0.08438593939951093,0.04793028686256312,0.2276970566783992,0.21012747436814883,-0.23434819139370186,0.9214561411625395
2811,0.30114977078425237,0.30114977078425237,0.09854636003565323,0.032183562549080946,-0.04309372554600629,-0.16635246868227843,0.08263352293471303,-0.9816524272212009
2812,0.24324453124827136,0.24324453124827125,0.16561249527165395,0.09008880208506195,-0.10559597379011976,0.41477108606608215,-0.25806248246559577,0.8661513676180237
2813,0.30509741904353843,0.30509741904353826,0.03769795519983257,0.028235914289794883,-0.4452414907036222,0.8197624723522667,0.3368790631722915,-0.1275225496728907
2814,0.32709919204512844,0.32709919204512844,0.019244466792347783,0.006234141288204875,0.6041207049089063,0.7379482623263188,-0.06571575065047845,-0.2935165687765797
2815,0.3317234917654283,0.33172349176542815,0.047158827774298424,0.0016098415679050015,0.7483945136969404,0.3258111560135378,0.30286310946299766,-0.49196207111102225
2816,0.2821542575839691,0.28215425758396906,0.11793226209342221,0.0511790757493642,0.11396687678642949,-0.5947493741894875,-0.4252325802496507,0.6726529458725238
2817,0.3284364958264119,0.3284364958264117,0.057030716846435174,0.0048968375069214365,-0.6163261368293288,0.3736838405482454,-0.04270403709023257,-0.6918662049777724
2818,0.317192810155336,0.317192810155336,0.054115545222898465,0.0161405231779973,0.17323127126863302,-0.7267997861774379,-0.15479141732902257,-0.6463687914715224
2819,0.28576939277364877,0.28576939277364877,0.037684437692944224,0.04756394055968455,-0.4845414758581799,-0.07954610580047418,0.7272730625137123,0.47954756569821355
2820,0.3273718415450332,0.32737184154503296,0.01804722837157004,0.005961491788300133,0.5685484738619127,-0.7714161772418888,-0.016598500421193055,0.28529669493803916
2821,0.29389192313103357,0.2938919231310335,0.0317566080537076,0.03944141020229974,-0.21409610016490552,0.21644873564251538,0.6720001498391001,-0.6750767388594887
2822,0.32005385464708697,0.32005385464708697,0.08350796604197426,0.013279478686246349,0.025139571057793027,0.2932687773427542,0.9550168431066157,-0.03611447889129918
2823,0.3234912621099576,0.3234912621099575,0.01806398427779451,0.009842071223375715,-0.3221263531992154,-0.9070805633047427,-0.21936388597231457,-0.1591192941803428
2824,0.32073777500465495,0.3207377750046548,0.012894837294037469,0.012595558328678369,-0.7202510517015221,0.41092111108545476,-0.546106989106599,-0.11895133221646424
2825,0.2879879401399638,0.28798794013996376,0.08273063602683185,0.0453453931933695,-0.3017242873492791,0.6532761841431192,-0.061676122187423264,0.69165651707108
2826,0.32372600676578894,0.32372600676578883,0.0030431626348198966,0.009607326567544372,-0.7994804904487092,0.4384075368241264,0.16307290392871251,-0.37687797103565296
2827,0.31220574124032824,0.3122057412403281,0.09247967873996521,0.021127592093005076,0.11145847303450286,-0.28546964508014316,-0.9301131101424405,0.2024195960567814
2828,0.28679581078607225,0.2867958107860719,0.0528109347768718,0.04653752254726107,0.621111723030105,0.49649976640088633,-0.026508634457832185,0.6058097900972058
2829,0.26709147462291494,0.2670914746229149,0.12394322709584236,0.06624185871041838,-0.09184284651263924,0.7325411041440768,0.6671070621203041,-0.09958207646483973
2830,0.29775734229780293,0.29775734229780276,0.00905342865768011,0.035575991035530385,0.37078591754736645,-0.47128130112559613,-0.19616673428271264,-0.7758417048076098
2831,0.2898435492688744,0.28984354926887435,0.017356724903030626,0.043489784064458914,-0.08424427432344694,0.9514661240920625,-0.05581238424874467,-0.29068899998695164
2832,0.33122379672273056,0.3312237967227304,0.03370592976422912,0.002109536610602758,0.07746558898983978,-0.1978201486104002,-0.5594505549991494,-0.8011749795377787
2833,0.328451086074835,0.3284510860748349,0.023841663343108395,0.00488224725849834,-0.025485153762702606,0.33508215514975664,0.047612757325170396,-0.9406399319494044
2834,0.28341194696899263,0.2834119469689926,0.04639165512299545,0.04992138636434068,0.24116599505912856,0.6520277455627317,0.7127121342793866,0.09348901269370431
2835,0.2380809724082098,0.23808097240820958,0.17826572678521443,0.09525236092512351,0.7935833959552704,0.19465312122798653,0.45154998435899985,0.358382711198085
2836,0.28132561843095333,0.2813256184309533,0.024109758952884995,0.05200771490237999,-0.5374665800994174,0.39179650395556176,0.7460081058020203,-0.033122210706982236
2837,0.3292079426769872,0.32920794267698716,0.011386257057880846,0.004125390656346095,-0.3500387147136519,0.22833886631787137,0.04921186480358401,-0.9071452213911716
2838,0.30444659512098343,0.3044465951209834,0.05231089014573313,0.028886738212349883,-0.03769983537049589,-0.5945950759868707,-0.7886601304005836,-0.15182429562405167
2839,0.32096646452062744,0.3209664645206274,0.0003274947041356154,0.012366868812705878,-0.7084709112847669,-0.33003005858324325,0.34536612351951695,-0.5194914523069409
2840,0.2959834222957194,0.29598342229571933,0.05545816458731623,0.037349911037613925,0.6848091976479163,0.23461330813907605,-0.09288313205510856,0.6836414866291318
2841,0.3265455263314862,0.3265455263314861,0.013608650175310938,0.006787807001847113,-0.5250081553593219,0.08258333911318437,0.6835578472247387,-0.5002950113728897
2842,0.29866171164808275,0.29866171164808253,0.06561321321331949,0.034671621685250564,-0.41149046937352696,-0.018002551060750095,-0.4100621001682387,-0.8137570741785739
2843,0.3302850482422302,0.33028504824223,0.04727118889969351,0.003048285091103109,-0.7054955533697038,0.34372634029523547,-0.5462678225473063,0.29277925679980127
2844,0.3067250004988866,0.30672500049888635,0.010187068122731577,0.02660833283444669,-0.41622800586191,-0.14693114781686842,-0.49805361483050187,0.7463967321014378
2845,0.2871610701133253,0.28716107011332526,0.02939445297527273,0.046172263220008,0.685725267909631,0.34208714279737845,-0.5857571037870911,-0.26390501898590285
2846,0.32192311555970776,0.32192311555970776,0.016307962467437983,0.011410217773625553,-0.5867917639380211,0.7839789197211818,0.1710559350568411,-0.10859257013785159
2847,0.318282689000878,0.31828268900087797,0.08698537268327601,0.015050644332455287,-0.7187088224906627,0.08451868041388658,-0.6891476249739159,-0.037279647637703674
2848,0.2829587261174682,0.28295872611746786,0.02581650470068059,0.05037460721586512,-0.5159599650268498,0.36508406173478897,0.18981841691430007,0.7513107951819071
2849,0.3243528631525598,0.3243528631525598,0.05017184987979869,0.008980470180773525,-0.47902445569501745,-0.5710228102687176,-0.13375413837859934,0.6531296590000389
2850,0.31999949811141165,0.3199994981114116,0.08938532105103764,0.013333835221921664,0.027734619109147166,0.3365362249518232,-0.3910589206798591,-0.8561816867667459
2851,0.321650932099825,0.32165093209982487,0.030025149712971055,0.011682401233508333,-0.5474574681635024,0.5262615331728553,-0.5981563535746117,0.2560236237789154
2852,0.2632669922759976,0.26326699227599754,0.11944169551918232,0.07006634105733572,-0.7838276940255068,0.4447032654975342,0.4179382589456108,0.11480750604380292
2853,0.3084567540421792,0.3084567540421791,0.09043662681434243,0.02487657929115411,-0.139261087265947,-0.5356741354420068,0.29378644724060254,0.7793260508989222
2854,0.3197989398982655,0.31979893989826536,0.03350761614690328,0.013534393435067793,0.11071274081114547,0.75812550274176,0.1855867839904407,0.615260885090807
2855,0.29895312489133774,0.29895312489133763,0.04689761172746681,0.034380208441995574,-0.21052210260816984,0.6945655634717389,-0.16587132750850136,-0.6676419886909363
2856,0.3293881935224872,0.32938819352248705,0.04680667427149267,0.003945139810846099,-0.04976589450961263,0.2028271454539619,0.9707514138593011,0.11843224772342828
2857,0.31321957228197206,0.313219572281972,0.02513376211872359,0.020113761051361256,-0.9093521151006161,0.38540390814269354,-0.10224628577617392,-0.11869395686112641
2858,0.26684154421003264,0.26684154421003253,0.10840614811998459,0.06649178912330067,0.6624160008723313,0.5405774907610645,0.42744603548819843,0.29371909201854857
2859,0.32710063663714006,0.32710063663713995,0.05235268176765486,0.006232696696193252,0.48064106733512657,0.8629112744882299,-0.12507094938713184,-0.09341067589655096
2860,0.30655703365397097,0.30655703365397086,0.09189246467611893,0.026776299679362348,0.06558460007659468,0.8187282752198196,-0.17133525854628726,0.5440835420845307
2861,0.23688064849675577,0.2368806484967556,0.11469909746425218,0.09645268483657754,0.023251349266872293,0.8180829732480677,0.3440985930936483,-0.4602127571785068
2862,0.2991574845610086,0.29915748456100827,0.026093562647129226,0.03417584877232471,-0.2044468607079395,0.5220542152158942,-0.8162694844147118,0.13915820613720864
2863,0.32674146033738327,0.32674146033738316,0.006610321813703583,0.006591872995950043,0.3565043403318485,0.015793781900324655,0.8973655377138777,-0.25959642428454494
2864,0.2933089089854491,0.29330890898544904,0.05069988226610669,0.040024424347884224,-0.37944859560989475,-0.8161719495198901,-0.4345047321986489,0.03298105219002178
2865,0.2980779578955681,0.29807795789556807,0.0695262711520497,0.03525537543776519,-0.07813269879562454,0.9379403831758332,-0.3353369420457447,-0.041379394465027884
2866,0.28157421653774184,0.28157421653774184,0.006426580154686668,0.051759116795591475,0.5218140411063814,-0.3009887373556835,-0.10274363391682596,-0.7915551984409074
2867,0.3222183647566474,0.3222183647566472,0.031730411203463024,0.011114968576685924,0.6400463085264146,-0.7444998784164065,-0.1623487917923644,0.0985064656924872
2868,0.31662800947273706,0.31662800947273706,0.07378696662936698,0.016705323860596255,-0.12772184521895213,0.15751092855329896,0.09820249239425145,0.9742862557419665
2869,0.2892107396189584,0.2892107396189581,0.10126234404107641,0.044122593714374936,0.16066810995615063,0.5151362722759,-0.8363020948425959,-0.09705248884337686
2870,0.3108396314947018,0.31083963149470156,0.004275760307584149,0.02249370183863153,0.7024565053473719,-0.5011597748468551,0.26544155983035556,-0.43004013357526844
2871,0.29576893116763125,0.2957689311676312,0.03279475447301117,0.03756440216570206,0.2669637065237764,-0.20152953652624875,0.8380473792988544,0.43103690718652415
2872,0.2820531175357654,0.2820531175357652,0.09852436754208763,0.05128021579756792,-0.7933290226034428,0.16085367718423396,-0.38680650057192906,-0.4417418788689548
2873,0.3312632168486003,0.3312632168486003,0.05597543466669328,0.0020701164847330422,0.7758552463752104,-0.07818013375266711,0.5663317594029246,-0.26684235355367525
2874,0.323117839645652,0.323117839645652,0.0009129630313717938,0.01021549368768132,0.27862403117325657,-0.14821015501042212,0.24678650119104753,0.916241683200689
2875,0.3136989402160125,0.31369894021601236,0.0641583264778032,0.019634393117320792,0.6292837245956692,-0.27522543473059846,0.45708151178693507,-0.5650924221920915
2876,0.3259896555832283,0.3259896555832282,0.03688121165522453,0.0073436777501050265,0.22760240955389535,0.9330734106388349,0.21696012829854042,0.17464093521495366
2877,0.32232515791426963,0.3223251579142696,0.004674411154576043,0.011008175419063682,-0.36747778193444103,-0.8828016268286883,-0.22689085123264063,-0.1847752934785723
2878,0.32222181786195264,0.3222218178619525,0.021162754682383485,0.011111515471380673,0.4151269682511752,0.15991886097678892,0.17342373521132434,-0.8786465536265573
2879,0.2617644266249758,0.2617644266249758,0.13520002674135267,0.07156890670835753,0.19779849068412692,-0.6630147594705598,0.6848571233658767,0.22859988272589624
2880,0.32039916744261704,0.32039916744261665,0.026855907363493737,0.012934165890716276,-0.5943182065692271,-0.02650095047135412,-0.47409174803863946,0.6490921224341885
2881,0.30603250485244865,0.30603250485244854,0.018404295940162917,0.027300828480884665,0.9143727936943151,-0.2838117457623879,0.09324492377705444,0.27327398578856854
2882,0.28737187993968893,0.2873718799396889,0.04075338940619358,0.04596145339364438,-0.2893075126414805,-0.26801239812850036,-0.6471196009859866,0.6524620598918738
2883,0.2739508105328564,0.27395081053285636,0.09450380367685858,0.0593825228004769,-0.648869447365258,0.48680094922758727,0.2932260721168654,0.5059760337584576
2884,0.27693680853035696,0.2769368085303569,0.07477149969229546,0.056396524802976356,-0.9717679730604495,-0.10081066874653366,0.14263744933896969,0.15861517470574754
2885,0.3029900174265877,0.3029900174265877,0.03279684395696352,0.030343315906745605,-0.258903640128205,0.011030958127655924,0.6565093534227286,-0.7084085628785282
2886,0.32972436029282304,0.32972436029282304,0.02823345270595296,0.003608973040510277,-0.09678699039293868,0.7747906990050358,0.32008652180066344,0.5365410233966444
2887,0.3071746761800069,0.3071746761800067,0.05515589953949362,0.026158657153326437,-0.47823472481442264,0.5583269772653395,-0.6677419171154638,-0.116975495580859
2888,0.3109229008637428,0.3109229008637427,0.03876343771139721,0.022410432469590513,0.29737353283492113,-0.8745430203011373,0.37259718555376264,-0.08896530182749797
2889,0.32362601070302527,0.32362601070302527,0.023417081651374377,0.009707322630308046,0.6962579393683213,0.18929177247964082,0.63770867715275,-0.26966859257648956
2890,0.3196482069843349,0.3196482069843347,0.07220668886398915,0.013685126348998433,0.5670778145002726,-0.4256996746849395,0.5783257744965494,-0.4034127388019589
2891,0.2916947496656147,0.29169474966561465,0.004272518653373887,0.04163858366771861,-0.39884581902018257,-0.13540543342659886,0.7621995027984582,0.4915682039986495
2892,0.32731604218121585,0.3273160421812158,0.024321264345363375,0.0060172911521174655,0.21843879333977687,0.025574917873388177,0.9616110196223326,0.16411783596224197
2893,0.33031227899290666,0.3303122789929066,0.0370581091717678,0.0030210543404266543,-0.7084421121615235,0.203933742642551,0.28968074389937265,-0.6104145058415856
2894,0.30104934599142325,0.30104934599142297,0.08947113397852431,0.03228398734191007,-0.4380420198352442,0.6617299374165287,-0.577818585832663,-0.19067868431399995
2895,0.2915522825489982,0.2915522825489981,0.05114044287767864,0.04178105078433514,-0.3743392876376683,-0.006071713627351987,-0.7202892491991807,-0.5839662914181184
2896,0.295727018258616,0.2957270182586159,0.07116298585979793,0.03760631507471729,-0.2925187875964851,0.6682190040120082,-0.0013444379295473679,0.684042625913719
2897,0.24686123545540287,0.24686123545540276,0.15472436085567332,0.08647209787793045,0.10742621106314251,-0.5612035401768719,-0.6901286903754901,0.44410875513794396
2898,0.2761532584623291,0.2761532584623289,0.08069636831046832,0.05718007487100424,0.46905112976093327,-0.2864403021912695,0.2628274543830919,-0.7930099117747963
2899,0.29125161424520607,0.29125161424520574,0.07930779769335343,0.042081719088127245,0.5708653644429963,-0.18109121445921836,-0.3539887268835519,-0.7183388399386549
2900,0.27217046462529315,0.27217046462529304,0.09896297526874233,0.06116286870804016,0.032083669889685765,-0.903735768425509,0.310760303466461,0.2926778652105376
2901,0.32810495407128226,0.32810495407128204,0.005545272889117551,0.005228379262051053,-0.5574658783142729,0.08387416195938151,0.5269423453775426,-0.6360256945430133
2902,0.2515394235954716,0.2515394235954716,0.15949624210061628,0.08179390973786171,0.006499768678176714,0.5323278370284483,0.7500382372329126,-0.392463335383433
2903,0.30157921239116026,0.3015792123911602,0.07199737496357783,0.03175412094217306,-0.49874066329502487,0.5803175448834079,-0.4244198051278647,0.48410445865717644
2904,0.2621643752763082,0.2621643752763082,0.13399207824101494,0.07116895805702511,0.1126372233969729,0.6173985553741425,-0.36346328075097645,0.6884956959001846
2905,0.29797874469907903,0.297978744699079,0.07927403160070257,0.03535458863425428,-0.27223088956480845,0.4599527262889966,-0.834581218200833,-0.13344670311583606
2906,0.2771767171410187,0.2771767171410186,0.09932748766781146,0.0561566161923146,0.2455498749696435,0.8258428112131609,0.316753751575642,-0.3966811955874545
2907,0.25893160956522804,0.2589316095652278,0.13657696381395296,0.07440172376810528,0.6916705307280914,0.4871713747621124,0.39308445069428954,0.3601951459377022
2908,0.3202034302462365,0.3202034302462363,0.07207842601786006,0.013129903087096828,-0.3252949489029195,0.46405885700400745,0.2929718937447338,-0.7700649602014141
2909,0.2765215216343912,0.276521521634391,0.020637177658381987,0.056811811698942116,-0.5344505856412277,0.48179862015372193,0.14341089351104053,0.6794600626586402
2910,0.27396759488211603,0.2739675948821159,0.08615386730162317,0.05936573845121729,0.1623330497973853,-0.8234924992136707,-0.26578617600102905,0.47420016167126294
2911,0.2912528328023317,0.29125283280233166,0.031192609582926897,0.0420805005310016,0.45968963075354136,-0.20799345217924958,0.45578840176217966,0.7332674137361547
2912,0.3264647399302138,0.32646473993021374,0.08427679008211146,0.006868593403119516,0.6579064187181035,-0.1958880614748283,-0.061408943567324306,0.7245798460011833
2913,0.3270308836501393,0.32703088365013916,0.02597042358101519,0.006302449683193989,-0.625041637124902,-0.11846245942668007,0.4539707918541486,-0.6238590527596132
2914,0.3322378564509062,0.33223785645090614,0.06126588782736425,0.0010954768824271155,0.13645989614618678,-0.8841226810144325,-0.2007713673340972,-0.39924508728151065
2915,0.32637759139462225,0.3263775913946221,0.04632683662567862,0.006955741938711069,-0.5745983258831919,0.03836871012311369,-0.8154935267921479,0.05774871198413058
2916,0.3217650042561274,0.3217650042561273,0.016374373325921242,0.011568329077205897,-0.4753757761115268,0.7851136571941159,-0.358160880674441,0.17127521807941967
2917,0.3057105439932641,0.30571054399326403,0.052752715839533726,0.02762278934006923,0.8997416968015506,0.326874880140914,-0.21928708624600723,-0.18849632775008104
2918,0.3112762855498943,0.3112762855498942,0.02482904961115435,0.022057047783439032,0.7356171528513683,0.4085933806275482,-0.5327731839380003,-0.08984201809155846
2919,0.3043257982070023,0.3043257982070021,0.01583463585249498,0.02900753512633103,0.6618883699263504,-0.42018101911931255,0.39203136955947565,0.48131393311373866
2920,0.28396260237094834,0.28396260237094834,0.09465685815537891,0.04937073096238498,-0.5782889312813739,-0.6227310208318793,-0.3750865076798441,-0.3702676051286018
2921,0.3165315795443608,0.31653157954436034,0.05710950378063777,0.01680175378897253,-0.7642605753786086,-0.2929142933308823,0.5730748587909411,-0.04113630885447698
2922,0.2754153959998886,0.27541539599988857,0.029381112511048916,0.05791793733344469,0.9647168708076775,0.13757971995831414,-0.04944979751740316,0.2189700832550477
2923,0.3119705529310246,0.31197055293102455,0.047208985141344105,0.021362780402308712,-0.47633997928268434,0.5670437945770282,-0.5808356105172104,0.3379224063653613
2924,0.3098944850746608,0.3098944850746606,0.006393182188258466,0.02343884825867254,0.052927196682960795,-0.6102659954269369,-0.03525032940891422,0.7896401338289589
2925,0.3299060507290999,0.3299060507290998,0.005283855097374251,0.003427282604233417,0.0016078342306624707,-0.24462883559243137,-0.9008100028184259,-0.35874153159070576
2926,0.3175104397589403,0.3175104397589402,0.03629899620088219,0.015822893574393038,-0.1381718793965018,0.14429442912652024,0.21748664903791684,-0.9553989778921412
2927,0.32344907809456463,0.3234490780945645,0.03054448941429743,0.00988425523876868,0.3595542971674506,0.2910837498966272,-0.2920700044668448,-0.8370699316217707
2928,0.29251112629845055,0.29251112629845044,0.038542265455672235,0.04082220703488276,-0.5119765212491769,0.27846645523433083,0.24753470133320338,0.7739916321477252
2929,0.32418783682823016,0.32418783682822994,0.01300744845141344,0.009145496505103157,0.33704968204209107,-0.10753369916462122,-0.9332083571123415,0.062898152556199
2930,0.31523076727141813,0.315230767271418,0.018602763015641708,0.018102566061915182,-0.5510661917939944,0.28612338996117315,0.6541045801549269,-0.43197992568999966
2931,0.3174861879270763,0.31748618792707617,0.01853013376992537,0.015847145406257035,0.7418888522362332,-0.33877425308447257,0.3623683677948293,-0.4511342398847306
2932,0.30106780846302245,0.3010678084630222,0.011430998497544606,0.03226552487031087,-0.61332793584958,0.47038626741242695,-0.4739960371027681,-0.4217740619658464
2933,0.27062752289214326,0.27062752289214315,0.084000477685061,0.06270581044119006,-0.6887962346182288,-0.1026872793182134,0.6600207256935944,0.2817582500954927
2934,0.2955372079208177,0.29553720792081767,0.07067206642562265,0.03779612541251559,-0.9126136718450611,0.33293499838812723,0.20303486788594055,-0.12274940013015002
2935,0.2783203953525284,0.2783203953525283,0.12780617441910777,0.05501293798080492,-0.12797749787718152,0.3270801064177607,-0.11667811985612363,0.9289922391331815
2936,0.2831714854698951,0.28317148546989507,0.11939750096643142,0.05016184786343819,-0.7511286855684686,0.5404088057514858,0.2608284302587082,0.27519547661837734
2937,0.30944409313650617,0.30944409313650606,0.03642323241273898,0.023889240196827144,0.8415010670644877,0.20556232055629636,-0.2114231265530933,0.45268128750297776
2938,0.3029213432405984,0.3029213432405983,0.008396199102312077,0.03041199009273493,-0.395198223707555,-0.14160724912821426,-0.5533552547671516,0.7194190107262346
2939,0.24749952220071905,0.24749952220071894,0.13971735357114096,0.08583381113261426,0.1185395918289756,0.7923670579377229,-0.4233795525831798,-0.4229096417895951
2940,0.3243475430677423,0.32434754306774227,0.01981232132578907,0.008985790265590987,-0.15843901241507616,-0.18129095171896153,-0.885460734898372,-0.3974795052867551
2941,0.2749081379603158,0.27490813796031577,0.10597335896711611,0.05842519537301749,-0.09455743605652948,0.8617861158956632,-0.4881793787583084,-0.10032186148110384
2942,0.2703488374508911,0.2703488374508909,0.11862132904658342,0.0629844958824422,-0.1588906188530247,0.4838155185837002,0.6251271351743835,-0.5915170158894469
2943,0.3269141879388185,0.3269141879388182,0.003203563235743439,0.006419145394514825,-0.7476925003109787,-0.4416645467074439,0.3715363868998344,-0.3284038160098662
2944,0.32525117308283547,0.3252511730828354,0.010818814241936765,0.00808216025049785,-0.7345309805672375,0.49898453239580665,-0.1551225244539329,-0.43291532361849894
2945,0.2979067071445438,0.29790670714454354,0.018876328886323054,0.0354266261887895,-0.7558362084009119,0.287114156612056,-0.17691821262943508,0.5612281471764288
2946,0.30734203611744676,0.30734203611744665,0.0006315675088974021,0.025991297215886555,0.34578760152665494,-0.5617903743151511,-0.2534338400681043,-0.7075265356618226
2947,0.2892787763875523,0.289278776387552,0.01730839489214192,0.04405455694578103,0.00603002201719811,0.5549919602425416,-0.8073881367350629,0.20017981806390128
2948,0.3158028205938832,0.3158028205938831,0.008677859755834707,0.01753051273945011,-0.7260066532582171,0.13059085141337867,-0.3151198992185746,0.5971262999302637
2949,0.3166709329532069,0.3166709329532068,0.024421581502003017,0.016662400380126396,-0.2130047401249255,-0.529052983907484,-0.12590839253509328,0.8117136179664164
2950,0.2941104538270785,0.29411045382707834,0.07244634791520786,0.039222879506254804,0.4091331629556544,0.17286438344428168,0.3372451175480004,0.8300564381994552
2951,0.2616410851595566,0.26164108515955653,0.142538403923081,0.07169224817377673,0.759605571323783,0.3912671801993837,0.18572433542418643,0.4851967033522964
2952,0.32108412186480917,0.32108412186480884,0.026073344309546134,0.012249211468524146,0.2695151488707404,0.3388237463124052,-0.8935509460690236,0.11885604840799072
2953,0.2895735234033182,0.28957352340331793,0.025383383145833834,0.0437598099300151,0.5468274639036339,-0.4627881247423422,0.5482270950779021,0.43157146400177065
2954,0.32871798849574857,0.3287179884957484,0.012719760905780952,0.004615344837584745,0.3620971437012069,-0.28489265776610856,0.07123645069379222,0.8846734991887919
2955,0.3115359631321316,0.3115359631321315,0.041163791034706486,0.021797370201201705,-0.3324872480161388,-0.914522839202082,-0.20261115114495984,0.10976760868367086
2956,0.2927707564829405,0.29277075648294043,0.06349387764108136,0.04056257685039283,0.012423051312846786,0.44038061982716686,0.4118933159116361,-0.7976556110152024
2957,0.23909059568200763,0.23909059568200752,0.13086222811557932,0.09424273765132568,-0.6891549458219596,-0.022895892841011622,-0.5193951003676542,-0.5047474303592038
2958,0.28816494592797853,0.28816494592797826,0.09913546326379256,0.04516838740535478,0.727779578416246,0.09694572704618558,-0.32123043694674974,-0.5981215742863301
2959,0.3159018693048502,0.31590186930485004,0.009629047105861151,0.017431464028483112,0.2502041388424945,-0.7171026526163127,-0.5781604400579604,-0.29814791642525257
2960,0.29847588016886545,0.29847588016886534,0.03113829267791406,0.034857453164467866,-0.640073212389354,-0.6682482369037512,-0.3781175416235403,-0.02788729770291897
2961,0.32393638645976,0.32393638645975986,0.026573891732545925,0.009396946873573342,-0.4725724627864079,-0.8458657339483716,-0.14999619993962937,-0.1966915543475177
2962,0.33090634356846566,0.3309063435684655,0.03699486736611464,0.0024269897648676597,0.6693846880440397,-0.6730965037663934,0.11536228595383008,0.29250090428774367
2963,0.323719568834614,0.3237195688346137,0.059648720028942545,0.009613764498719313,-0.5734469265447347,-0.7636274854211933,-0.013670334115878459,-0.296386247843693
2964,0.3193121420725384,0.3193121420725384,0.025758224517008103,0.01402119126079493,0.47130930844634084,0.8347265293812329,-0.06445927464937735,-0.27738810145835324
2965,0.30960157387945,0.3096015738794498,0.023947698441833032,0.02373175945388334,0.0039007715000542354,-0.203728990851377,-0.30061627493572407,0.9317237452765454
2966,0.30618307923321253,0.3061830792332125,0.05362935490057993,0.027150254100120785,-0.28947331858903214,-0.7624516093731482,0.22685887659259452,-0.5323605839095292
2967,0.3279517222128272,0.32795172221282715,0.024050211022987586,0.0053816111205061135,-0.1595536359910262,0.1023520256150183,-0.22844929187941224,-0.9549228351727383
2968,0.3104171824095846,0.31041718240958455,0.041987280033956416,0.022916150923748713,0.47300991568076534,0.2771840903524155,0.6726187053423776,-0.4970057111811927
2969,0.2762355570615666,0.2762355570615665,0.11053075532225648,0.05709777627176671,0.2796134035243684,0.3893731575772335,-0.3911110163592024,0.7856443607703967
2970,0.3285577595235623,0.3285577595235621,0.03962382560655185,0.004775573809771005,0.2362068679403037,0.15874287015915453,-0.3404601601357081,-0.8961550625153181
2971,0.31321853888547074,0.31321853888547063,0.054575627711747066,0.020114794447862572,-0.4076019993951186,-0.37949799733104733,-0.41082097949486984,0.7218504020347303
2972,0.30480285122716394,0.30480285122716383,0.08157177036080968,0.028530482106169375,-0.2750520437576628,-0.4752092505577092,0.3893906756281164,0.7395251470660021
2973,0.32582052985375365,0.32582052985375354,0.013292083853276746,0.007512803479579666,-0.16191879047136257,-0.8173728487794264,-0.3547717511438269,-0.4240529872089555
2974,0.3029953941063212,0.302995394106321,0.06973707400880455,0.030337939227012112,-0.03359404008701018,-0.21232153093014597,0.84648959464288,0.4870794330860669
2975,0.29287989487466654,0.2928798948746665,0.06774529476851464,0.04045343845866678,-0.6095372156062951,0.6080899512103467,0.23665218517135292,0.4502074380566658
2976,0.2686079383986624,0.26860793839866237,0.07574747375695963,0.06472539493467089,-0.3158354737973751,-0.4118946869384695,0.6437239473948435,0.5623257062534563
2977,0.32566207198577074,0.32566207198577046,0.013823760067904154,0.007671261347562575,0.2615494631412753,-0.29797122216428235,-0.19817929830941952,0.8963983460571647
2978,0.328440272369435,0.32844027236943496,0.03269238298591722,0.004893060963898299,0.6811457421061046,-0.3530255931217648,-0.3467959536520838,0.5395794428462707
2979,0.33131313549974517,0.33131313549974506,0.049602355100451426,0.0020201978335881443,-0.22140534766424932,0.920778891859813,0.06931982182918917,0.3135931546329688
2980,0.24867747501445162,0.24867747501445153,0.14249589117307085,0.0846558583188817,-0.10395727569786088,-0.6871451728907335,0.6945600977821581,0.18603942262671586
2981,0.32123328750134456,0.32123328750134456,0.030292823557746814,0.01210004583198876,0.12016730989561561,0.29253711002986577,0.41605935065541294,0.8525705094712235
2982,0.3307692347739262,0.3307692347739261,0.025498527867072667,0.002564098559407091,0.71299202016761,-0.40893712712125346,0.5493146357528575,-0.15055310088746693
2983,0.32184618971756446,0.3218461897175641,0.061830262686761846,0.011487143615768858,-0.1854232938833386,-0.2581822596196485,0.9476066888179429,0.03164942670317521
2984,0.28922094839538764,0.28922094839538764,0.005944344577257319,0.04411238493794567,-0.6150358461809616,0.45075305809386623,0.6082591260329028,-0.22039379330912545
2985,0.26466748995479844,0.2646674899547984,0.11051950956085989,0.06866584337853487,0.1381283033823548,0.7010799436391874,0.6952395168145583,-0.07777852332775005
2986,0.32797741795440905,0.3279774179544089,0.05383274902007387,0.00535591537892427,-0.5411223174444388,-0.4247459493856269,0.5944594720367192,-0.4164077954960586
2987,0.3264284694129474,0.3264284694129472,0.03296564005099068,0.0069048639203859175,0.321465810579105,0.9343957678675358,-0.13723633403543511,0.0687784140590038
2988,0.26736949330447,0.26736949330446985,0.13056752218628231,0.0659638400288633,-0.8188204971427521,0.023143374702062756,-0.4516033937076653,-0.35362657204742964
2989,0.2662033901885297,0.2662033901885297,0.0796173584765641,0.06712994314480364,-0.40919038732749335,-0.5388422577215792,0.5667777334067622,0.4700800454460712
2990,0.3239711267738419,0.3239711267738417,0.041298706441854446,0.009362206559491437,-0.5494677504654026,-0.49555866266942644,0.49351854580077414,-0.4571063858692732
2991,0.3200636391609961,0.3200636391609961,0.026818229323847666,0.013269694172337199,0.5632243691884592,0.5319947184899715,-0.3988420192697576,0.4905965482102992
2992,0.2775460129447428,0.27754601294474257,0.04723131750278069,0.05578732038859052,0.4584101343921465,-0.5106777603933866,-0.6809642551578485,0.2556483071007623
2993,0.29122167919010095,0.2912216791901009,0.09823299009994588,0.04211165414323237,0.18444888647030658,-0.6742856587374801,-0.3096360475066935,0.6445486613012699
2994,0.2979169319417336,0.2979169319417335,0.08497074223343333,0.03541640139159974,0.24705612716079278,0.4422781409488791,-0.8536996983647271,-0.1206239656249436
2995,0.28026613674479023,0.2802661367447901,0.115795011289677,0.053067196588543086,0.5866356420349709,-0.14797469608925826,-0.6471913309355335,-0.46379466790100327
2996,0.29947611927609363,0.29947611927609347,0.07461832174395838,0.03385721405723968,-0.8062245824563212,0.25287878729639596,-0.29134374134420893,-0.44852320559609127
2997,0.31445801429815917,0.3144580142981589,0.019020489308182953,0.018875319035174143,-0.877714005040366,0.3495287085914047,-0.2733929417303392,-0.18084276772505045
2998,0.2857039736477431,0.285703973647743,0.08969788140694572,0.047629359685590233,-0.9560674203222188,-0.03111403490382189,0.05497139459354349,0.28626063370093763
2999,0.2884169839927714,0.2884169839927713,0.020867421828660245,0.044916349340561934,0.9850328588306589,0.0968299856179045,0.07564945735003188,-0.12087754345527224
3000,0.2974458135963701,0.2974458135963701,0.10930794398875822,0.03588751973696319,-0.3465461125742071,0.7886503242238299,-0.3606462948249558,-0.3575901396716418
3001,0.33242213255723674,0.3324221325572365,0.06549847257759811,0.0009112007760965768,0.016601125489247727,-0.0027021034283079715,-0.9937753079381315,-0.11012601237684455
3002,0.332729426464616,0.3327294264646159,0.062070272660299394,0.0006039068687173077,-0.07999876723841996,0.4670808485210297,0.6374708505362369,0.607508512616749
3003,0.30323982612057376,0.30323982612057365,0.04964295168893581,0.03009350721275955,0.4047483564042551,-0.45436546962466695,-0.7359507201139497,-0.29682878156366344
3004,0.26797220596913784,0.26797220596913757,0.1277745345951733,0.06536112736419547,0.1497909001490021,-0.8436938305004577,-0.4231138392747342,0.29447934668192094
3005,0.2882935427296873,0.2882935427296873,0.006827449591465451,0.04503979060364599,-0.3444137937751631,-0.5304971657146224,-0.7511316907347297,-0.18908484603515519
3006,0.29864038955124694,0.2986403895512469,0.09838864538007189,0.03469294378208637,-0.45454652706136023,-0.713750429147054,0.45924189747912914,0.2702677546963778
3007,0.25747965307011544,0.2574796530701153,0.09703182201931046,0.07585368026321787,-0.9641815030983408,0.004446649086594702,0.25055685091527613,0.08692249912620457
3008,0.32547022056104163,0.3254702205610413,0.004691595427812232,0.00786311277229168,0.691347826863147,0.03982754540645866,0.3872706502702785,-0.6086652547646664
3009,0.31412194231723267,0.3141219423172324,0.07933404115839435,0.019211391016100643,0.0070914035297377775,-0.20039439629280076,-0.9335874194245536,0.2969955020242311
3010,0.298411813844373,0.2984118138443729,0.002362127124330008,0.03492151948896033,0.5424610332870569,0.3035325644138967,-0.7644597694330086,-0.1708954962071658
3011,0.2487155011808257,0.24871550118082555,0.12164856911260759,0.08461783215250762,-0.05014058955754438,-0.45520757934166023,-0.7157595374591417,0.5272193713484015
3012,0.293430116497482,0.2934301164974819,0.11750316867644843,0.039903216835851296,-0.1984109091773769,-0.3153205656598647,0.6607078294628704,-0.6516680259747384
3013,0.32399545952379055,0.3239954595237902,0.006063347461353268,0.009337873809542763,-0.7826122494351073,-0.5436232987590534,0.2812013107610146,0.11365561537703929
3014,0.32612654536652275,0.3261265453665227,0.04745508560328467,0.007206787966810568,0.05934596138538848,0.15781893515015422,-0.4511092430384816,-0.8763969941873166
3015,0.3316668870555508,0.3316668870555506,0.04899699390908713,0.0016664462777825073,0.02079961481975501,0.9692411254512396,0.05157816574798721,0.23974717845146232
3016,0.298751873929151,0.298751873929151,0.029342732146091507,0.034581459404182335,0.30796550593442396,0.7485396897911413,-0.10478602958948652,-0.5778109275228425
3017,0.32226016698611093,0.3222601669861107,0.02314902859914969,0.011073166347222385,-0.5817696866385058,-0.12499374679703544,0.0059991146104113055,0.8036694628975675
3018,0.3136049372352039,0.3136049372352037,0.04171930306088666,0.01972839609812943,-0.3131324500690002,-0.8986534085247594,-0.30296288008619315,-0.05082925683596057
3019,0.32535273764516837,0.3253527376451683,0.05366596768851257,0.007980595688164949,0.6856862049858664,0.3591379560955068,-0.09437922532214944,-0.626056641695632
3020,0.2907567290478247,0.29075672904782446,0.11760341280979501,0.042576604285508635,0.41701173288789634,0.26301621282756066,0.5178488807573836,0.6991110234590828
3021,0.31709100858842443,0.31709100858842443,0.05060224095635731,0.016242324744908887,0.23330913705132775,0.18904533569104406,-0.8171125880648056,0.492093208699186
3022,0.2601111019016075,0.26011110190160747,0.09183393441623064,0.07322223143172579,0.01544862987850252,0.10185747479113551,-0.5369155482516575,0.8373219743382305
3023,0.3135517269843319,0.31355172698433176,0.04315691143339779,0.01978160634900139,-0.43340196559152594,-0.3278981312035953,-0.44500553668915466,0.711769361584628
3024,0.32888348086908303,0.32888348086908303,0.02865572149069554,0.004449852464250281,0.558249310814124,0.5055196738141644,-0.0035365730426577,-0.6578716128649195
3025,0.30174850453138496,0.30174850453138485,0.015981057405891234,0.03158482880194835,-0.4308832564790295,-0.3175966279648119,-0.8400769530193756,-0.0879926939983645
3026,0.3074118192714769,0.3074118192714769,0.07524325987575774,0.025921514061856388,-0.14823006695202123,0.4107654801759671,-0.41472381449031787,-0.7983130496502027
3027,0.27539097278812324,0.27539097278812313,0.11371184575369706,0.05794236054521007,0.5581699863547238,0.21274312394089084,0.7037787533769829,0.384554412071657
3028,0.29595774147164017,0.29595774147163983,0.04105808851727178,0.03737559186169315,-0.4755871316648644,0.7597936169511155,0.40590179737405924,-0.17825338909439195
3029,0.32219751951631587,0.32219751951631576,0.0015106360783116992,0.011135813817017448,0.006988770763218925,0.14753016826975418,-0.9301861555647842,0.3360650569891553
3030,0.2646844491926394,0.2646844491926394,0.017346076483515247,0.06864888414069392,-0.4595479139387553,-0.2980295888228304,0.6676982840930856,0.5041558096459687
3031,0.3059900085373937,0.3059900085373935,0.06684797976493338,0.027343324795939594,-0.6609358886170079,-0.14247070176615365,0.7341832590264576,0.06197412719510659
3032,0.3019912740449882,0.30199127404498805,0.05516570422752758,0.0313420592883451,-0.7108934249032187,0.6255170918997565,0.3187192536933727,-0.04215380760717709
3033,0.2991325740946003,0.29913257409460026,0.07050262177115633,0.034200759238733,-0.19284784997315557,-0.8337562673584729,-0.5110690980076237,-0.08042742357474668
3034,0.28388404375811205,0.28388404375811177,0.10854117333529399,0.04944928957522127,-0.2860105213887621,0.7628826552209326,0.3737505716943396,-0.44330412379780837
3035,0.2983220454670884,0.2983220454670884,0.02033061139779584,0.03501128786624491,-0.34064295282233464,-0.4066850983353803,-0.8466201457978948,-0.04247279380467256
3036,0.2860439307302872,0.28604393073028717,0.14158255437170467,0.04728940260304609,-0.004692094680733296,-0.8674085470048409,-0.489672206146792,0.08832625520076864
3037,0.31791003491479614,0.31791003491479597,0.08129004493709699,0.015423298418537179,-0.8520406880403466,0.521678439309509,-0.032116084527707096,0.029100326423198167
3038,0.28895061291003055,0.28895061291003055,0.050212926498306644,0.04438272042330277,0.3035124835519428,-0.3004931388484781,0.8236827933541482,0.37300228117992607
3039,0.3061330372174052,0.30613303721740515,0.0029231174650315964,0.027200296115928113,0.3691232803449235,0.7549345162374085,-0.023184648008697142,-0.541557339713447
3040,0.27841811862063415,0.2784181186206341,0.051312395720877244,0.05491521471269917,-0.6052104670028879,0.5231374465679176,0.1755316948193527,0.5737910131244572
3041,0.32207990965161754,0.3220799096516173,0.01445970247411548,0.01125342368171578,-0.21766384555603457,-0.9048823978741959,0.2035091900114307,-0.3039643168796222
3042,0.29830182112285347,0.29830182112285347,0.014902205065571179,0.03503151221047984,0.22281158618460434,0.7142138208146884,-0.05019498879931066,-0.6616147506809547
3043,0.3003801633780204,0.30038016337802026,0.0916763630123484,0.03295316995531289,-0.1355604620410433,0.8317935372377144,0.5356981081989383,0.05263467880464836
3044,0.29615560758856757,0.29615560758856757,0.03376390636062628,0.037177725744765744,-0.5209347879560133,0.2890675946724206,0.8031601959465657,-0.0007563429108252618
3045,0.27601486822408616,0.27601486822408605,0.10289884705267917,0.05731846510924715,0.7549439548562252,0.4923051068449707,0.3972974773469168,0.17277158705695816
3046,0.29238431762260203,0.2923843176226019,0.08413564772247453,0.040949015710731285,-0.44434340831130964,-0.6078045147419529,-0.4358445040670968,-0.4931249087443206
3047,0.29602450420139054,0.2960245042013903,0.05550097887882892,0.03730882913194278,-0.5552945925275768,0.07291875034362617,-0.7747557798386698,-0.2934011809187735
3048,0.2867881963961818,0.28678819639618175,0.09640809425025525,0.04654513693715151,-0.08731829846335742,-0.27040771289596244,0.09402977858845774,-0.9541559538662663
3049,0.32266415063500886,0.32266415063500875,0.07450536400891526,0.010669182698324453,0.6773846662932518,-0.1105226508386334,-0.09030221789960485,0.7216510700919065
3050,0.3181488646237224,0.3181488646237221,0.036428921249942646,0.015184468709610932,-0.6544926401107892,-0.5947752920842797,0.18639271749347786,-0.42794800014986073
3051,0.30518770919521504,0.305187709195215,0.10984289439557071,0.028145624138118275,-0.7612235284802211,0.049437304194676075,0.6404634684872615,-0.08888890918079558
3052,0.31443449046749516,0.314434490467495,0.054587655435560815,0.01889884286583815,-0.34159465152708823,0.4521609223237532,0.7281567745278229,0.38555324675154434
3053,0.26516833793444217,0.2651683379344421,0.12936698186493442,0.06816499539889115,-0.6585617879924185,0.4290108044480084,0.5078607988048682,0.352595391490562
3054,0.26945289494765384,0.26945289494765373,0.052523825495955065,0.06388043838567947,-0.5180471125542234,-0.512663182663464,-0.10498853767722172,-0.676595194538062
3055,0.31083379724808197,0.3108337972480819,0.06909043971468552,0.022499536085251348,0.5827190322291012,-0.4580926856453991,0.46414862158850906,-0.48492852866546465
3056,0.2918316375054536,0.29183163750545354,0.06327837765385659,0.041501695827879714,-0.2969601773946216,-0.18812287817833062,0.2173787593939665,-0.9105882223661779
3057,0.2873123125176824,0.2873123125176822,0.09713829795065383,0.046021020815650904,0.14017180455971365,-0.9093447766594824,0.3261023677109139,0.2170280814593485
3058,0.29250105596564197,0.29250105596564197,0.07430639771684307,0.04083227736769135,-0.2636838185571708,-0.6980009637760209,0.23389737971290478,-0.6233438169760668
3059,0.2976762961620632,0.29767629616206315,0.048396139148487984,0.03565703717127011,-0.4527958478943968,0.7804039932157382,0.3847697952265936,-0.19467339875753334
3060,0.32758532608787905,0.327585326087879,0.02130896449383935,0.0057480072454542674,0.08644253981261547,-0.4847193491126363,-0.4356228527514671,-0.7535300724372187
3061,0.30002566046549717,0.30002566046549706,0.07237191725070269,0.03330767286783615,-0.10162850693616539,0.6031727332661931,0.2595442119194852,-0.7473226227548642
3062,0.26570860224708004,0.26570860224708004,0.11272521505307855,0.06762473108625328,0.5501437302329124,0.06411252537900976,0.509450614420974,0.6585526035488999
3063,0.25206084403549617,0.2520608440354961,0.12662891816285024,0.08127248929783715,0.11499037516306944,0.8237311947393587,0.38546334621607964,-0.399577453264105
3064,0.27685909262991426,0.27685909262991415,0.1057378096819645,0.056474240703419054,0.6086267617449876,-0.26166309532381,-0.7057019624835638,-0.25117848152303823
3065,0.32078237829671524,0.3207823782967152,0.022686349238632764,0.012550955036618072,0.15670859064850362,0.772844054141284,0.20099688633372792,0.581166703519369
3066,0.26713254789875535,0.2671325478987551,0.11490642976266095,0.06620078543457797,-0.2554692688542868,0.7826494846839106,0.5094555592153474,-0.2503003595275943
3067,0.27178273205318426,0.2717827320531842,0.1288174918876232,0.06155060128014905,0.8995675408041848,-0.07003108897441512,-0.4297376090247734,-0.03463341591930889
3068,0.24812240178460007,0.24812240178460002,0.15753725869327861,0.08521093154873324,0.010152143078374625,0.3040920420144621,-0.36588543688178543,0.8795185109207286
3069,0.28663785104130524,0.2866378510413051,0.07488923053707588,0.04669548229202808,-0.0726026819602752,-0.2730671784891199,-0.829015498135217,0.48259348364413734
3070,0.25039404964368966,0.2503940496436896,0.11852530014672258,0.08293928368964365,-0.7145191944167436,-0.40504138221088504,-0.5174468165484224,-0.24010954073223909
3071,0.31165094249777164,0.31165094249777153,0.0364688925938569,0.02168239083556167,0.08550221477337538,-0.17558084847230693,0.5987781982190549,0.7767402437469908
3072,0.2437217252437875,0.2437217252437875,0.13871172180047603,0.08961160808954582,0.22178800181426594,0.6034566955388,-0.5982997220077568,-0.4782128621294788
3073,0.25627528021281415,0.256275280212814,0.15262278255153935,0.07705805312051917,0.07453540883452935,0.48685700281079763,-0.5358411815203232,0.6857761732743859
3074,0.2701289522174785,0.27012895221747835,0.11099219154310601,0.0632043811158548,-0.9205571306875394,0.2125586222596296,0.32749088638500184,-0.011963301307676553
3075,0.3091241952150942,0.30912419521509393,0.07485529691379421,0.024209138118239104,-0.8468118534768904,0.46580068339297076,-0.08507370591934083,0.242284693538045
3076,0.29051500852717804,0.2905150085271779,0.09153149879819725,0.04281832480615527,0.20809042466547645,-0.8598644737468747,0.46115441787894573,0.06832323778395284
3077,0.30854552253929807,0.308545522539298,0.10445806820229339,0.024787810794035248,-0.699098223214637,-0.6483343443802119,-0.144854994110983,-0.26446414289337145
3078,0.32024052883838755,0.32024052883838733,0.03298924030839614,0.013092804494945764,-0.3148422043649677,0.2574503048243037,0.41751145333954365,0.812574866228819
3079,0.2750397108773301,0.2750397108773301,0.10302794419269778,0.058293622456003225,0.49095244464692034,0.26515465310267544,0.34944123791142445,0.752694844063744
3080,0.28558881999189034,0.2855888199918902,0.08087292757335207,0.04774451334144297,-0.06547335677923283,-0.8877938375833831,0.4554910861138905,0.007950595689462036
3081,0.287553711835494,0.28755371183549394,0.03864088632012526,0.04577962149783932,-0.40334635855282713,-0.5914771827327655,0.18504929378807428,-0.6732185501137204
3082,0.3143927701058029,0.3143927701058028,0.04449271926820002,0.018940563227530405,-0.2777614614995451,-0.9429149787945094,0.14203817949611558,0.11655500347911273
3083,0.3328472642533571,0.332847264253357,0.07030811586299267,0.0004860690799762257,0.6761928313136236,0.3867332406643676,0.10093729249485629,-0.6188798901476031
3084,0.3129995466608603,0.3129995466608603,0.04737661367439817,0.020333786672473042,-0.31238809224891767,0.8370092242188699,-0.23978049463726364,0.379913875483795
3085,0.2738368472332915,0.27383684723329127,0.09535055595063892,0.05949648610004182,0.19809792986909283,0.7798163746549034,0.29090317012664113,-0.5177054931251299
3086,0.3167652974291475,0.3167652974291473,0.06474749683882283,0.01656803590418582,-0.20320728858616668,0.7654756701957799,0.0929574745990178,0.6034175205609734
3087,0.325456980439959,0.3254569804399588,0.047152962344218625,0.007876352893374294,0.0719258438239776,0.25171864114148973,-0.9602587335697302,0.09678617305766556
3088,0.31374662278206766,0.31374662278206755,0.04692181582556826,0.01958671055126565,0.03093429080910398,0.23809371843167068,0.16232105654804013,0.9570821936994994
3089,0.275155987359946,0.27515598735994595,0.0819589608806252,0.05817734597338731,0.1585876845625621,-0.8438204861566851,0.2503173418912631,0.44739039081754245
3090,0.29144642467468107,0.291446424674681,0.05159869440946323,0.041886908658652244,0.3547290126833274,0.5099758921875394,0.2914218872880293,0.7274374203721705
3091,0.3144463830906858,0.31444638309068557,0.010940690756181672,0.018886950242647527,-0.4680156970700817,0.6435706714374608,-0.5868833501814522,0.14948589044233107
3092,0.3107836354661622,0.31078363546616217,0.046033482203447156,0.022549697867171092,0.180937544086015,-0.38292275602614617,-0.3557799299144004,0.8330980791764955
3093,0.27210205362639983,0.2721020536263998,0.06823985269543568,0.061231279706933484,-0.5966321007365817,-0.38426466669702236,-0.6872954261488403,-0.154905776179469
3094,0.29331963825175444,0.29331963825175444,0.051250697334112666,0.04001369508157887,0.31444276962922874,-0.5889470068153341,0.6483172281899192,-0.3659944527220308
3095,0.3244305875630174,0.3244305875630173,0.01463243326767268,0.008902745770315912,0.84188939778557,-0.39716545997560765,0.3216801241293966,-0.1732158683224787
3096,0.3246941654147721,0.32469416541477203,0.041709136934450934,0.00863916791856123,0.23138535638541613,-0.36927016290022796,-0.8017069666586557,-0.4091042694143024
3097,0.276968745984784,0.2769687459847839,0.11053343105379829,0.05636458734854932,0.843489238531932,0.3034792462676095,0.05631366459248256,0.43960780560157303
3098,0.28841952755398315,0.2884195275539831,0.01274820830468364,0.04491380577935017,-0.3992626596845427,-0.2237305978126427,0.6384811345264769,0.6187695766905524
3099,0.32103336336597993,0.3210333633659798,0.019010438134754733,0.012299969967353386,0.13572255405405423,0.6514474384581612,0.6049259134656567,0.43733312527761414
3100,0.2881896126270948,0.28818961262709464,0.07742293639206972,0.04514372070623851,0.15822775791358218,0.2579903595928781,-0.08105969151946822,0.9496495550430943
3101,0.31201191966670977,0.3120119196667096,0.0066258822483117544,0.021321413666623545,-0.8829526523522305,0.20455420801433405,0.2156715876549212,-0.3633702739165594
3102,0.2928833718153767,0.29288337181537666,0.07991329754654372,0.0404499615179566,-0.9005331069712157,-0.39004662129090784,-0.08716009612952168,-0.17119250600131078
3103,0.2747536790190373,0.27475367901903724,0.08883325941634383,0.058579654314296015,0.5013205986837121,0.010839367302320713,0.5307994983233402,0.6832364583594617
3104,0.30481099439068615,0.30481099439068604,0.04114216817142729,0.028522338942647163,-0.7383243877371046,0.31843589170951864,-0.5281513360252604,-0.27300521533209937
3105,0.3189674764342847,0.31896747643428436,0.012157116223287048,0.014365856899048624,0.38341752103404797,-0.1721465177852392,0.8971606238611223,0.13586535971925887
3106,0.26901534557030643,0.2690153455703062,0.08050099218470765,0.06431798776302688,-0.7647096507469355,0.24290557770781288,0.08359615005375207,0.5909549171206919
3107,0.31761841367272503,0.317618413672725,0.019414005734138807,0.015714919660608284,-0.17839601042320632,-0.8979193599043361,0.2497474619744461,-0.31550260190907015
3108,0.3292344349927084,0.32923443499270827,0.020140925990908217,0.004098898340624935,0.4843726108055881,0.3097662424692914,0.1432857304868342,-0.8055415869877165
3109,0.3193758371113543,0.3193758371113543,0.05924820275479887,0.013957496221979004,0.03927500785430927,0.9837328386662388,0.1750358224882977,0.009467667799023933
3110,0.3114440447618572,0.31144404476185716,0.005404424426127663,0.021889288571476095,-0.6791386550424487,-0.6410177830214285,-0.33263634328727,0.13122481549577422
3111,0.27399771455029204,0.2739977145502919,0.12561987637022123,0.05933561878304128,0.6329079931583164,-0.4231434643409791,-0.43990733085084444,-0.4762967783278749
3112,0.2763069755567458,0.2763069755567457,0.031323178191608333,0.05702635777658749,0.6221889937059498,0.5780450564393775,0.5267822085182104,0.035288434732232976
3113,0.33056582294285636,0.33056582294285597,0.07060824689983938,0.002767510390476957,0.06556415328417226,0.13028115369322846,0.9892944861207407,-0.004958077005299632
3114,0.3131617287457879,0.3131617287457879,0.025287271453947453,0.02017160458754541,-0.38892373477009196,-0.700880085198244,0.566777995931108,-0.19044195449874585
3115,0.30774876937244133,0.3077487693724412,0.08682731517628238,0.02558456396089198,0.8909528107030201,0.05816465366050404,0.04134978887636907,-0.44845307126255884
3116,0.30773621494105186,0.30773621494105163,0.02639637600049192,0.02559711839228146,-0.43431989384140096,-0.2255423208921736,-0.632730947299769,0.6001236869423694
3117,0.2660119469825371,0.266011946982537,0.03998333171508833,0.06732138635079621,-0.5444095719816165,0.5388590517650512,0.6339848476958965,0.10635954662217108
3118,0.2941254416209538,0.2941254416209538,0.0813808771316125,0.03920789171237954,0.17115378087616662,0.5227430569783795,-0.8348765248390652,-0.02067046069485621
3119,0.27816374631493657,0.27816374631493646,0.042130913830200595,0.05516958701839675,0.5979629829632476,0.3603284324692867,-0.04256255270586292,0.7146972232120972
3120,0.3015519267260507,0.30155192672605063,0.057563496197653385,0.031781406607282625,-0.029676349758059148,-0.850260899876233,0.3202866735581565,-0.41664392849019977
3121,0.28929280466904256,0.2892928046690425,0.007223809999414657,0.04404052866429076,-0.3952875359660854,0.5242270855249914,0.7426024516215517,0.1321942720298235
3122,0.3007573857180269,0.3007573857180268,0.05744510322913789,0.03257594761530641,0.5987695001990673,0.09319992788389808,-0.7829528100478153,-0.140619188989359
3123,0.2629836111464243,0.26298361114642427,0.06622543488935827,0.07034972218690899,-0.586077277786541,-0.5728214228583972,-0.5321570531381179,-0.2125980074510419
3124,0.28124898034134765,0.28124898034134765,0.07652655499701873,0.05208435299198566,-0.0039626986376496845,0.8787250492728342,-0.4772678500752428,0.006479512675951459
3125,0.3119642997833416,0.3119642997833415,0.04840838027167362,0.0213690335499917,0.22981628374754823,0.11958655554166343,-0.7835540205800516,0.5647358925116972
3126,0.3215115366424045,0.32151153664240406,0.03323501870182058,0.01182179669092881,-0.244761270626917,0.42318446734875603,0.79126235924391,0.36730192735623957
3127,0.27943172911393244,0.27943172911393244,0.0425587893739518,0.05390160421940088,-0.6026169848484173,-0.35124302656170453,0.04684211279205856,-0.715043301019702
3128,0.3050455391169445,0.3050455391169444,0.04204141804887773,0.02828779421638883,-0.38288485942244244,-0.10936931137431713,0.2716265250668584,-0.8761601275079045
3129,0.2947828374755224,0.29478283747552225,0.06798615671726836,0.038550495857810896,0.22365114848614367,0.2727166444441034,-0.8472584926845884,-0.39718867330000324
3130,0.3139796555159466,0.3139796555159465,0.05427219406395769,0.019353677817386727,-0.6227746134025447,0.7181999814498687,0.12058569455171197,0.2860063947120768
3131,0.2834943981068007,0.28349439810680066,0.006567998499204228,0.0498389352265326,-0.44472933314597257,0.45300475881205815,0.771806043415824,0.036303444464384174
3132,0.3235906983485966,0.3235906983485965,0.012435100147667648,0.009742634984736709,0.8041119087346797,0.4313325269409473,-0.3958219177157811,0.10335036956686798
3133,0.31165310392039064,0.31165310392039053,0.05281907362800333,0.021680229412942675,-0.6679847802454433,0.17433097779570067,0.6913044727100209,-0.21331471949296357
3134,0.30820593806018093,0.3082059380601808,0.05912376931475612,0.025127395273152386,0.1096391575563162,-0.3324577100566856,-0.1453383707756554,-0.9253798593736974
3135,0.315571504245219,0.315571504245219,0.03574154880197024,0.0177618290881143,0.605396829489055,-0.7593813362950917,-0.23497932377353437,-0.04024154979884885
3136,0.29070835042133036,0.2907083504213301,0.08749870079985336,0.04262498291200295,-0.1245129794239656,0.3044762092163324,-0.7686579471642261,0.5485943093375077
3137,0.31494718945828976,0.3149471894582897,0.08962152652793144,0.01838614387504356,-0.5695288380894721,0.2728064989768042,-0.5472614897900857,0.5492889753974775
3138,0.30507589183230693,0.30507589183230693,0.036323486503630584,0.02825744150102638,-0.09496248746651156,-0.4675105448230952,0.8681468400876444,-0.1368834559003502
3139,0.2815748919087529,0.28157489190875273,0.10467731336985264,0.051758441424580415,0.8098578513054216,0.30949378304120684,0.4897779494167496,0.09198597285962488
3140,0.29191796143940485,0.29191796143940474,0.082306606864693,0.041415371893928465,-0.4078230780930894,-0.4688161603076519,-0.6633993621891137,-0.41688491344272105
3141,0.26653068743292113,0.2665306874329211,0.06114485658595181,0.06680264590041218,0.9769620164162471,-0.07550441132787106,-0.19029488067794356,0.060267410245499795
3142,0.32221276947507166,0.3222127694750715,0.01753607647592588,0.011120563858261656,-0.1298559097611229,0.4539056415907587,0.12455816034404887,-0.8726926010479858
3143,0.31559325318337916,0.315593253183379,0.07289782030695705,0.01774008014995415,-0.26852872854787835,0.506799578428735,0.2821615834662545,-0.7690457399041569
3144,0.31591572893953557,0.31591572893953535,0.035306646514965484,0.017417604393797748,0.2922118682394512,0.8883237422215943,0.32887349852056774,0.13166387141609603
3145,0.2980336042163203,0.29803360421632,0.06619436755216586,0.03529972911701301,0.36812574486722405,0.5784645140567023,0.3581587429586148,0.6337069960047779
3146,0.29233168094760553,0.2923316809476055,0.01138209150827567,0.04100165238572778,0.3051400042234786,-0.12155956084192639,0.6554494681310565,0.6800726767905977
3147,0.30027200562688683,0.3002720056268868,0.04465351017920355,0.033061327706446486,-0.6785905641299254,0.6025930029698199,0.007299814633946756,0.41993241331427894
3148,0.3280826256562818,0.3280826256562817,0.016767161403971817,0.0052507076770514916,0.46916697208079855,0.0020374695918955214,0.8357665531998298,-0.28525860123521835
3149,0.3165738551885035,0.3165738551885035,0.06903241254302324,0.01675947814482981,-0.19701037036781888,0.2828274454287296,-0.9311272153339002,-0.11915392962185604
3150,0.29895338571989694,0.2989533857198968,0.054325403111480534,0.03437994761343638,-0.36165548255488517,-0.06019147881564328,-0.7750928993375413,-0.514600131376298
3151,0.32658869938744683,0.3265886993874467,0.002138663632080746,0.00674463394588648,0.5646158090666539,-0.6475056057526095,0.05524398453831172,0.5088158614305225
3152,0.31552425630252706,0.315524256302527,0.025494477206646906,0.017809077030806253,0.03992460798639035,-0.9263345326221388,0.24077751087333252,-0.28694346064425114
3153,0.2945040525229658,0.29450405252296574,0.010848152584964745,0.03882928081036752,0.49569296876117075,0.6118569496376728,-0.06819131705021235,0.6125924405179818
3154,0.30404621653047614,0.304046216530476,0.06784546076004362,0.02928711680285717,-0.26058598684583884,0.37243736121478455,-0.7802881542568185,0.4295762467332614
3155,0.29640097927887216,0.2964009792788721,0.0530913350190734,0.03693235405446116,0.427019875126111,0.1389913185529486,0.21770102010647452,0.8665689271251271
3156,0.2619723900278369,0.26197239002783684,0.1300684264585486,0.07136094330549642,0.21486227393860677,-0.5921235725954537,0.7199986589413002,0.2912487066708738
3157,0.2951435535423364,0.29514355354233635,0.002361568718956499,0.038189779790996914,0.615980795212665,-0.4522902902359752,-0.5866082985611154,0.2681265696395334
3158,0.28723637840104893,0.2872363784010488,0.10809857823690887,0.046096954932284384,-0.1641154356089655,-0.6314717433618494,0.3540064324943286,0.6700664197548362
3159,0.32994448977721075,0.3299444897772104,0.03917785161847881,0.003388843556122567,-0.4729075927945056,0.4850480681665731,0.03891764431648577,-0.7345557822289857
3160,0.28359248475048915,0.2835924847504891,0.06512427532131944,0.049740848582844166,-0.7629984486511958,-0.2814694966118521,0.4470750694726191,0.372467679254176
3161,0.2924192117376849,0.29241921173768476,0.04074896066398986,0.04091412159564839,-0.30638964265151464,-0.2969719001006813,-0.568334872792638,0.7035115846908593
3162,0.322106680923918,0.3221066809239178,0.03508393531609894,0.011226652409415339,-0.31273922134020626,-0.1350086705785959,-0.9132431348771478,0.22350350087611845
3163,0.3280757780260405,0.32807577802604043,0.022270189210424146,0.005257555307292827,-0.5653592692845321,-0.21516250667955206,-0.07410400082751298,0.7928320057961761
3164,0.327645912732568,0.32764591273256793,0.022080407507209205,0.005687420600765325,0.5563394239301702,-0.7727302966779854,0.24288546615921996,-0.18542109994716663
3165,0.3183138665746021,0.3183138665746021,0.06397490012645436,0.015019466758731226,0.5760707232329207,0.7095454272215369,-0.3298923884507899,-0.23634470712317515
3166,0.31124662962164146,0.31124662962164124,0.026595017922102903,0.022086703711691857,0.5518329001422003,-0.020371211090765992,0.22462424366002268,-0.8028757146903289
3167,0.26291004302974896,0.26291004302974896,0.11721716056943456,0.07042329030358435,-0.6565078512187474,0.4460790659818851,0.5328695808570619,0.2933614118763599
3168,0.29912957920417405,0.29912957920417393,0.03606913345149095,0.03420375412915927,0.2813352650464109,0.18934832895836062,-0.8348393265693073,-0.4336369192945265
3169,0.31365724488658475,0.3136572448865846,0.04503467983162426,0.019676088446748563,-0.2681536421050532,0.508062734039192,-0.24456138923208612,-0.7811245799507838
3170,0.32673661473288307,0.32673661473288285,0.020344941613404353,0.0065967186004502465,0.4799185707646654,-0.1752833289931943,-0.367179097493295,0.7772602076372324
3171,0.3302253202391339,0.33022532023913376,0.010080527913211774,0.003108013094199391,-0.7141240571862207,-0.6127401852730919,0.006603528304888466,0.33842678634132195
3172,0.31178062925463457,0.3117806292546345,0.05234008701763978,0.021552704078698748,0.5935428522035181,0.1148898498109799,-0.7955396220157989,-0.04029782638658055
3173,0.2999431221825433,0.2999431221825433,0.06092243492834186,0.033390211150789995,0.17357154695229168,-0.23262043596235663,-0.8342953121297348,0.46873444829628214
3174,0.29028585400143353,0.2902858540014332,0.07562582224160948,0.043047479331899785,-0.14925701633807256,0.19039816156431075,-0.7644080039407732,0.5976213572640036
3175,0.33043549959918395,0.33043549959918384,0.05249352659166383,0.0028978337341493687,0.5640311020485843,-0.08589513699611451,0.7409307547205263,-0.35427751561671184
3176,0.29157278157001293,0.29157278157001293,0.022593988349223767,0.041760551763320386,0.4873866962333151,0.19341068085838256,-0.01330068937522478,0.8513927463437864
3177,0.2894370359088071,0.28943703590880704,0.06324900148536418,0.04389629742452622,-0.4187081551196466,0.6603788875658367,-0.13192011333363726,0.6092456724439248
3178,0.33034034675176316,0.3303403467517631,0.026233609414801344,0.002992986581570156,0.41424935612783576,0.8766831872465946,-0.11577777646279386,0.21545200538439474
3179,0.32928824957131514,0.32928824957131503,0.04582236428890083,0.004045083762018176,0.04850869987715148,0.2228773247808392,0.7864860634284278,0.5739444887509766
3180,0.24719774465765468,0.2471977446576544,0.158371947666294,0.08613558867567864,0.16359336002916972,-0.6754508338473377,0.6421895156890252,0.3234130633545868
3181,0.31737496922010444,0.31737496922010416,0.09273240497994512,0.015958364113228873,0.14793677428650862,-0.07680218883509242,-0.014973525012588635,-0.9858965098591935
3182,0.2798923922657639,0.2798923922657637,0.14508005901872212,0.053440941067569414,0.211862559456737,-0.6346858290672073,-0.4650413343982537,0.57967638522093
3183,0.3266069552601705,0.3266069552601705,0.0021258115169802507,0.006726378073162842,0.18110003923803364,-0.7101255465694886,-0.5221462410571345,-0.4362198835991689
3184,0.3074635264103499,0.3074635264103499,0.11908901344600979,0.025869806922983407,0.4781333717068082,-0.3316363755822143,0.598465249291409,-0.550676982124315
3185,0.3239875707839455,0.3239875707839453,0.02606731702577752,0.009345762549387793,0.370492327313223,-0.8631955690240407,0.1092574560825175,-0.32510252738124146
3186,0.3142664811697586,0.3142664811697585,0.009117717856969763,0.019066852163574732,0.20657976041386406,-0.969701387802257,-0.02695414435771336,0.12758328724276852
3187,0.33039221206726643,0.33039221206726643,0.030113970555780994,0.0029411212660668817,-0.4018556361941525,-0.9057525653593206,0.07512822572867914,-0.11171431288274304
3188,0.29940634762238566,0.2994063476223854,0.0146592316083379,0.033926985710947655,-0.638783576070981,0.3527447905759475,-0.6154308514180971,-0.2979455030476149
3189,0.28946033203631044,0.2894603320363104,0.09534876532159502,0.04387300129702287,0.5733635840862373,-0.19001713150746083,-0.4176697055844184,-0.6787486333057959
3190,0.2836494777828779,0.2836494777828779,0.12359130055999512,0.0496838555504554,-0.178957939591875,0.6552338138162779,0.3941654777810688,-0.6190931119100164
3191,0.28390486041062674,0.2839048604106267,0.08681670933066674,0.04942847292270658,-0.07624713619173414,0.31957955441957253,-0.7678220037703212,-0.5500042301161652
3192,0.2801226103383236,0.2801226103383233,0.11651887241693486,0.05321072299500973,0.8699975010964248,-0.184677524078999,-0.4548631371251848,0.04580487605771149
3193,0.28158503245167943,0.2815850324516794,0.1080024240129278,0.051748300881653886,-0.32457407058529836,0.7463154549512909,0.4345263912457051,-0.38581307613340654
3194,0.2930756761648526,0.2930756761648526,0.13444460255041973,0.04025765716848073,0.386095686222618,-0.37047796957677387,0.6002257756086847,-0.5944789428007603
3195,0.3256099891621177,0.32560998916211764,0.018187326026086248,0.007723344171215618,-0.444270164118513,0.8863114247751503,-0.0005577696230137199,-0.13067428392840005
3196,0.3305616416190543,0.330561641619054,0.03535302628888488,0.00277169171427899,0.21581906496783554,0.11522405500854892,-0.9659672950047387,0.08398055325505115
3197,0.31210142239979416,0.31210142239979405,0.04605088469017793,0.021231910933539155,0.5537023532533972,0.015744767357318633,-0.03181073309115003,0.8319578616508878
3198,0.30771115157672324,0.3077111515767232,0.05688670972355444,0.025622181756610074,0.40787797842899176,-0.06636207105111445,-0.6588986399974744,-0.628557246754792
3199,0.29136473648187433,0.29136473648187416,0.06344365280402293,0.041968596851458984,-0.24949315804760672,0.3057172535656463,-0.8417669207924928,-0.36840002174163256
3200,0.32675039715489823,0.32675039715489795,0.01282773975128624,0.006582936178435084,0.42226783511175126,-0.01194452005331097,0.8500059988824712,-0.3147014549291811
3201,0.2967411485472216,0.29674114854722133,0.06355433949201905,0.0365921847861117,0.846150243697384,-0.2024094720479515,0.09503410492281272,-0.4837651182316135
3202,0.3169478498031631,0.31694784980316293,0.040269606159031246,0.01638548353017022,0.4444636112080917,-0.7897335793964884,0.12857540835333942,0.40279192674660813
3203,0.2751356387048833,0.2751356387048833,0.11693905666553188,0.058197694628450036,0.34799579592688196,0.5588912922291754,0.6437530762408514,-0.39002746867119353
3204,0.331552051527159,0.3315520515271589,0.06096722652317721,0.0017812818061743174,-0.010740735523070293,-0.18072332721518697,0.2842096989757507,0.9415139736662483
3205,0.32916605071546556,0.3291660507154655,0.05199109986367727,0.004167282617867751,0.7312904160308155,0.29323845825896616,-0.5636082020591096,0.2481357059979061
3206,0.3214795946683793,0.3214795946683792,0.05737579828711421,0.011853738664954039,0.08588122907003844,0.8131333914509697,0.09715845135307058,0.567449325959188
3207,0.3180457120721025,0.31804571207210225,0.021218589646784178,0.015287621261230788,0.9025787492639749,-0.0006177331030374225,0.268469878937573,-0.33656372930863665
3208,0.2660506495460808,0.2660506495460808,0.12540249549632437,0.0672826837872525,0.7285284066609667,-0.027734283806901863,-0.3990729755888188,-0.5560736734862003
3209,0.32533272895968995,0.3253327289596898,0.039361839635808915,0.00800060437364336,-0.7874235799385523,-0.31598395922311967,0.4866073232250264,-0.20816233149686506
3210,0.2879850849855602,0.2879850849855602,0.07604085824507895,0.045348248347773124,0.14139532333347024,0.7385666462775228,0.6555762865175138,0.06889415143321541
3211,0.3161029950409754,0.31610299504097533,0.03094756814035845,0.017230338292357927,-0.41927587029473834,-0.637279629157769,0.5163824521306551,-0.38914211026392126
3212,0.32554745651883726,0.32554745651883704,0.012350361718061477,0.007785876814496051,0.8403723991896674,-0.4087441953359555,0.3322406194181186,-0.12774421422526017
3213,0.30777682502368525,0.30777682502368525,0.028735673529462928,0.025556508309648063,-0.1936381569884814,0.3000980184224253,0.4124266852836519,-0.8380630482028053
3214,0.2927848701678559,0.2927848701678558,0.1089308195532632,0.04054846316547739,-0.7907695232881965,0.5250471333570749,0.1186937163198141,0.29141185716828344
3215,0.28921603823998154,0.2892160382399815,0.13833885226193926,0.04411729509335177,-0.7529600382812441,0.04076691807044182,-0.19518191242506894,-0.6271309753190621
3216,0.2789565295789298,0.2789565295789296,0.13202914158949738,0.05437680375440351,0.1503853168422766,-0.610932491114916,-0.4530164342740449,0.6316026108685753
3217,0.2845193084296128,0.28451930842961265,0.020601290064325015,0.0488140249037205,0.5262527895155502,-0.4399324826468711,0.5261836328236166,0.5026412207408024
3218,0.2912564889685229,0.2912564889685228,0.04683171875160378,0.042076844364810406,-0.2841283020894267,0.5809845127714918,-0.6744745036687958,0.35610707346552867
3219,0.28906850070416196,0.28906850070416185,0.0848623481325061,0.04426483262917136,-0.40280386510008753,-0.6487303020272748,0.39484312672374894,0.5108786027727574
3220,0.31558317509688033,0.3155831750968801,0.08474119318719506,0.017750158236452984,0.04152635286969895,0.0341996984605706,-0.060500339031425376,0.9967174382038422
3221,0.27430170704545975,0.2743017070454597,0.1460482284192366,0.05903162628787356,0.06148986505636149,-0.6959900590242724,0.27170415815034005,-0.6618109130851163
3222,0.2979218365945133,0.2979218365945133,0.07408926393575847,0.03541149673881999,-0.1668736655258522,0.2789063433332071,-0.8704435519025225,-0.3697194265301541
3223,0.28641661441238453,0.2864166144123844,0.09876150847240847,0.046916718920948786,-0.8079094122385344,0.16581526494152216,-0.32757496567660405,-0.4609580473218035
3224,0.32608999393455934,0.3260899939345593,0.010812152360731199,0.007243339398773974,-0.7617033478816014,-0.45464861971296483,0.3427412469030509,-0.30924275268855983
3225,0.2778964689199231,0.277896468919923,0.00041241060813260535,0.055436864413410225,0.07359843830797745,-0.16940003334150053,-0.5847124226388449,0.7899356185122545
3226,0.3086734559968456,0.3086734559968455,0.08140231177604727,0.024659877336487723,-0.4141348580787956,0.41335395729024976,0.6926780889017832,0.4216964435134823
3227,0.2678103448387982,0.2678103448387982,0.09668470261829377,0.06552298849453514,0.10235474445062666,0.8857422621151493,0.2965315100585981,-0.34213040632769337
3228,0.2881897885755971,0.28818978857559696,0.018085551384078136,0.04514354475773624,-0.49220122823474555,0.32886576743041046,0.186120191687874,0.7841839912818191
3229,0.27730414159326916,0.27730414159326916,0.017754149767898155,0.056029191740064155,-0.9746975619512217,0.09807592189407847,-0.051971059861389016,-0.19402264096711724
3230,0.3179324074640205,0.31793240746402046,0.0752375528037462,0.015400925869312798,-0.02822542557290304,0.4780877440716621,-0.24389067514626003,-0.8432987447496877
3231,0.2943602391024026,0.29436023910240255,0.02005221171806861,0.038973094230930705,-0.5849370800579966,-0.3653653446007922,-0.7223237511127442,0.05104092393740204
3232,0.3150468497239492,0.31504684972394903,0.05907143203276536,0.01828648360938412,0.22324352240839113,0.18903173833211687,0.9114497190111888,-0.2892900643303485
3233,0.3159382789709516,0.31593827897095156,0.04387906468285243,0.0173950543623817,-0.3968883714645833,-0.7662147994370668,0.48503257691075563,-0.14190807255092452
3234,0.2984784541790787,0.2984784541790787,0.010926736229125763,0.034854879154254614,0.26454726077038443,-0.08391877515339054,0.7003518846623504,0.6576318298603973
3235,0.33135903176868353,0.3313590317686834,0.048270883467525554,0.001974301564649783,0.07761959500888119,0.3156410032358665,-0.05021654611192414,-0.9443644709769116
3236,0.31622963751292443,0.31622963751292427,0.07587168610219866,0.017103695820408882,-0.7742538609990736,0.26929719189248746,-0.09917926962017318,-0.5640686603991194
3237,0.293090885344407,0.29309088534440686,0.07481982998711591,0.04024244798892629,0.2752954267317577,-0.5305572847256892,0.40699239844027874,0.6907087542929455
3238,0.25101715447577916,0.2510171544757791,0.09616194707270884,0.08231617885755416,0.2616575150419897,-0.6672924987822252,-0.678170527676144,0.16229849439377148
3239,0.30918501589760333,0.3091850158976033,0.004152024275985314,0.024148317435729982,0.6201616622711177,-0.3766441030154332,0.6585353382273397,0.19967458681221092
3240,0.28250147036652323,0.2825014703665231,0.09900091098402299,0.05083186296681008,0.28728654543728827,0.5425949640183064,-0.7719236377468779,-0.16489706886512123
3241,0.305628059959474,0.3056280599594739,0.03184145345343265,0.027705273373859307,-0.6208320424894284,0.251857040446066,-0.710653957427282,-0.21472437912145897
3242,0.32735726136976423,0.3273572613697642,0.051356725291635395,0.005976071963569085,0.5759202198039722,-0.5750862347345421,-0.1999518982646014,0.5455373144159562
3243,0.3140648369718565,0.3140648369718563,0.06392337237404863,0.019268496361476817,-0.2764612125242759,0.11177523943928996,0.044404488925446926,0.9534693152803431
3244,0.298128232218433,0.29812823221843293,0.02838344744487927,0.03520510111490033,0.27295462363808864,0.19901915678544374,0.015108694146261254,0.9410945096153707
3245,0.2931355984372821,0.293135598437282,0.057848153786765825,0.04019773489605122,0.9305438786537285,-0.05937307543856808,-0.314001403871448,0.17879050919945724
3246,0.3257646540417452,0.3257646540417452,0.003781010610685473,0.00756867929158811,0.8148673491447836,0.49949023946292603,0.15647383031468362,-0.2490314124878099
3247,0.330816440181244,0.3308164401812437,0.03521057750060519,0.0025168931520893056,0.46817693822446765,0.8616811778492144,-0.038176346933130656,0.19198559526692296
3248,0.29075838573761004,0.29075838573761004,0.09898731094530228,0.04257494759572328,0.7955093669196677,0.5094879663356842,0.29676247295525676,0.13971003524328077
3249,0.3237749427895121,0.323774942789512,0.02802634552718836,0.009558390543821238,0.04733723826236392,0.26344976818348176,0.14395697966101642,-0.9526960656603132
3250,0.2776994265431823,0.2776994265431821,0.013800430139763441,0.05563390679015101,0.5588729090050077,0.4640639240756596,0.6871692180353947,-0.01020841498004388
3251,0.33086716970848756,0.3308671697084874,0.04676691378595023,0.002466163624845752,-0.7921474910250864,-0.3935082079837759,-0.18883421548263835,0.42660905027333235
3252,0.2941645480351804,0.2941645480351804,0.092433478786042,0.03916878529815293,0.2361050984254909,0.43817099943231974,-0.8513673881100574,-0.16563250954033767
3253,0.32809270016998493,0.32809270016998476,0.059847904011572674,0.005240633163348385,0.1438497694870196,0.1770257257670477,0.040623397397937265,-0.9727892247650725
3254,0.30165848475162016,0.3016584847516201,0.06249272219812474,0.031674848581713155,0.9223170871645285,0.06863696684671663,0.37942510166734494,-0.02562712881200524
3255,0.3067000035169085,0.30670000351690835,0.027455762015640976,0.0266333298164248,0.46095344423786216,0.24530946862533054,0.8480247825350246,0.09054918582977177
3256,0.30666950539763727,0.30666950539763727,0.06509186685929388,0.02666382793569605,-0.8936873522860703,0.140862845748638,-0.4189384661719381,-0.07727312995480708
3257,0.3293085546371144,0.3293085546371144,0.06256779736130091,0.0040247786962189225,0.7716796797308193,-0.6235136866142528,0.05774051101162005,0.11138755712987257
3258,0.3268783797330513,0.3268783797330512,0.08079556028920082,0.006454953600282032,0.004553069494526343,0.32579792706700805,-0.2878189804428681,-0.9005527273701671
3259,0.31450476570890024,0.31450476570890024,0.028683207599020842,0.01882856762443308,-0.5997740864212039,0.6069228908020671,-0.3443171654806685,0.3916137630796834
3260,0.2834119679281558,0.2834119679281557,0.10339785838525405,0.0499213654051775,0.7275037096722681,0.0550826982153292,-0.6635885902002346,-0.16539175229276828
3261,0.29829581073374256,0.29829581073374256,0.044755388213891786,0.035037522599590754,0.5152994932797871,0.6526523365527567,0.0662147167649595,0.5514770812115025
3262,0.28158099385533814,0.28158099385533814,0.041629749444060636,0.05175233947799518,-0.600258053758954,-0.1829011214135299,0.7271515124536746,0.27836689210378357
3263,0.3110164800403662,0.3110164800403662,0.059709336313205685,0.02231685329296712,-0.27717239849216146,0.8708382460747809,0.40142291907869077,0.06062879452739106
3264,0.3296707557278806,0.3296707557278806,0.020641225462112285,0.003662577605452688,-0.6642853184073568,-0.72720235134482,-0.026950183608791305,0.17080820691774165
3265,0.3102440663611342,0.31024406636113416,0.08217175140395899,0.023089266972199096,-0.5080394954519217,0.6715492804737425,-0.48136449025738726,-0.2433221372489588
3266,0.31875007978040487,0.3187500797804047,0.0034252773819198577,0.014583253552928443,-0.4716187132222724,0.4849252129016697,-0.20410904745461833,-0.7076459736181692
3267,0.326239212496153,0.32623921249615284,0.059373743431991366,0.007094120837180307,0.5588008868596793,0.21635550061664094,-0.5367346055710432,0.5940099573073295
3268,0.304802300557175,0.30480230055717494,0.01712885446592735,0.028531032776158316,0.36752157567555055,-0.1863898756954443,0.422068352864639,0.8074930409367798
3269,0.3073292440710876,0.3073292440710874,0.07263854279133868,0.026004089262245733,0.30410562986298995,0.49266706974376057,-0.34667439886826573,-0.7379808842003004
3270,0.29694382828827787,0.2969438282882776,0.008530682904709682,0.03638950504505545,-0.2171218188621707,-0.7244120685671148,-0.024622476446288486,0.6538187855529607
3271,0.3027867930210026,0.30278679302100253,0.041819835120137046,0.030546540312330728,-0.3756794111934323,0.6722266148190578,-0.634549794627438,0.06574888951565976
3272,0.29104517198817925,0.29104517198817914,0.12070186952293775,0.04228816134515406,0.8894666341444768,-0.4212369314345002,-0.11938336950795347,-0.1309815461210823
3273,0.31185221348716224,0.3118522134871621,0.03196453785897245,0.02148111984617107,0.6508037589536796,0.0076905670383974655,0.01883180443177177,-0.7589734419940083
3274,0.23861815546149484,0.23861815546149467,0.1396983076196367,0.09471517787183847,-0.8751866703030574,-0.17136806458122403,-0.3152662749958972,-0.32448182447672536
3275,0.32705009910152044,0.32705009910152016,0.04742973105806763,0.006283234231812873,0.7478864870025512,0.14630591794767012,0.19212074431705456,-0.618344564571836
3276,0.2993476223913766,0.29934762239137647,0.0021048648174380267,0.03398571094195674,-0.5088215222879342,-0.764496970635968,-0.3915207539417763,-0.05793565031895439
3277,0.29229924358673737,0.29229924358673726,0.10705306204322622,0.04103408974659595,-0.05856453707445815,-0.49503837156396524,-0.8619530564581607,0.09243448565869163
3278,0.2529551535185909,0.2529551535185908,0.14830179927743894,0.08037817981474243,0.677651932339059,0.21887729273304307,0.6008311426148297,0.3631563401445048
3279,0.3235815783623422,0.3235815783623421,0.013717747919595229,0.009751754970991122,-0.5269259300039725,0.8345532585416824,0.1608345961950343,0.0014682008339266435
3280,0.33260595319073816,0.3326059531907379,0.06582905723199778,0.0007273801425951576,-0.6508417855369238,0.08606851765872309,-0.7135995376257072,0.24448492871241723
3281,0.3164805352390028,0.31648053523900277,0.06266307078230232,0.01685279809433049,0.8218825546329177,-0.1554654263807809,-0.0727962195900341,0.543176102202325
3282,0.27398375228009414,0.2739837522800939,0.041129454081471256,0.059349581053239175,0.03303974060412392,0.31292342414500124,0.5467215352104576,-0.775939990656043
3283,0.2494718534967501,0.24947185349675005,0.16048915550186663,0.08386147983658321,-0.07392143915262853,0.5942362421960585,-0.7390949034519131,-0.3084763086295588
3284,0.3274743017958905,0.32747430179589043,0.011002729397849747,0.005859031537442827,0.17923223869706836,-0.19605256907959867,-0.8985104891273601,-0.34945399653894105
3285,0.3254669272640279,0.32546692726402787,0.03898940065409688,0.007866406069305387,0.47507632226736796,-0.8211165926950381,0.30395480076151027,-0.08764421438882009
3286,0.3288060723276437,0.32880607232764364,0.031810639491279075,0.00452726100568962,-0.761218690020791,-0.4742604625347748,-0.2469712568359401,0.3669173175746932
3287,0.3125948188476368,0.31259481884763674,0.0999614154818717,0.020738514485696524,0.01848978262610568,-0.4371887727304256,0.36786588409191256,0.8204869263176464
3288,0.2915510110309216,0.2915510110309216,0.11976997669501281,0.04178232230241169,-0.5361261389561089,0.26180763258813217,0.6636638883249788,0.45119371668938674
3289,0.3156064529007182,0.3156064529007182,0.058457511761599634,0.01772688043261511,-0.8502195670846806,-0.3670532755376857,0.14938992965732387,0.3465273864795883
3290,0.3105747975437261,0.3105747975437261,0.010518872369214121,0.022758535789607237,-0.29342706528139706,0.35524056002027027,0.253492470362041,0.8505564468902588
3291,0.32237429841194715,0.32237429841194704,0.00017009614132678025,0.010959034921386168,-0.4115104737292179,0.8071941932173704,0.19070573414578168,0.3777935777792309
3292,0.273377225927816,0.27337722592781577,0.07849226652994443,0.05995610740551732,-0.3100991064465961,-0.5482061418499526,0.25428600523129563,-0.7339258802920916
3293,0.2864417437303706,0.2864417437303704,0.08134186486105754,0.04689158960296269,0.21029996470593976,-0.7674342795894665,-0.25094064723563203,0.5512234963430342
3294,0.3105122595280872,0.3105122595280868,0.003963948762692742,0.022821073805246117,0.30424543575467816,-0.078668149051822,-0.7189994846928375,0.6199078787679994
3295,0.2945303648460249,0.29453036484602485,0.06194035874721551,0.03880296848730841,0.05316858461746788,-0.9558854200942166,-0.19001987873441537,0.21759735969638158
3296,0.31681579805981713,0.3168157980598169,0.014136911406622358,0.016517535273516182,0.6386931755868456,-0.4770210480294782,0.5840973758091038,0.1528142754083126
3297,0.33118716454409025,0.33118716454409025,0.04239962129688734,0.0021461687892430636,0.6816916028403631,0.01739240810337912,0.6448868790477579,-0.34513037535016333
3298,0.31700127282764623,0.317001272827646,0.07514760355441957,0.016332060505687085,0.7286454498406574,-0.6677893082116533,-0.15085154795328773,-0.01941800053570277
3299,0.2591405389005251,0.25914053890052496,0.11230310640196228,0.07419279443280824,0.5989939909105203,0.24639824535222707,0.24846988687049718,0.7202477482498599
3300,0.32388271581433986,0.3238827158143396,0.0009279166421099963,0.009450617518993454,0.14095505263154606,-0.012282170892417236,0.41677291865569943,0.8979315985591648
3301,0.29252833360738556,0.2925283336073855,0.08246730414584845,0.040804999725947755,-0.9332089382322789,0.2856812173627132,-0.03786174877080155,0.21464810185407576
3302,0.327383296271202,0.32738329627120194,0.005536810778455287,0.005950037062131319,0.741330290318222,0.012876772581961217,0.40556186180755366,-0.5345869112050575
3303,0.28882309831852093,0.28882309831852093,0.01610556853601759,0.04451023501481238,0.2645108976985463,0.14783135611008177,0.5167096172051603,-0.8007440581340957
3304,0.32955058685405864,0.3295505868540586,0.010561750494273202,0.003782746479274679,-0.6446668435563992,-0.5870303740234869,0.3937802152454632,-0.29109644943576807
3305,0.31770310144340935,0.3177031014434093,0.014407521576245336,0.015630231889923962,0.3910648335711215,0.05764035068732105,-0.4178433657397156,-0.8180176083825702
3306,0.31771226245396134,0.3177122624539613,0.04372633539550159,0.015621070879371979,-0.5661168267292178,-0.32366945095434546,-0.5838236032678237,0.48363191094088076
3307,0.27856875295698597,0.27856875295698574,0.12423080877181437,0.05476458037634735,-0.18846728942072918,-0.8295815680490742,0.5088338072635458,0.13176744422400857
3308,0.2600230766528016,0.26002307665280133,0.09507535416770817,0.0733102566805317,-0.7463537091198311,0.24149707919404026,0.16768610454434088,0.5970901707167539
3309,0.2719699863313925,0.27196998633139235,0.10318996148781594,0.06136334700194079,-0.22203890534112083,0.6866861905985231,-0.4407278050963145,0.5337787949808334
3310,0.3225966747462958,0.32259667474629555,0.08031094173657928,0.01073665858703754,-0.07786798337512761,-0.2534574848223008,0.963074257226609,0.04673174103389747
3311,0.3285085823099105,0.32850858230991037,0.04026865131428348,0.004824751023422835,-0.7622873852793138,-0.242433761965959,0.49107322263216785,-0.3449505809775034
3312,0.3312617361445078,0.33126173614450777,0.05134078210278407,0.0020715971888254914,0.2208764838478651,-0.8978055375682504,-0.13561131835270016,-0.3560454548641663
3313,0.31330591418156095,0.3133059141815608,0.03206639378881362,0.020027419151772363,-0.4744132346526305,-0.002628957792490013,-0.12649004991388957,0.871163267499345
3314,0.3126805536557215,0.3126805536557212,0.05036322596526635,0.02065277967761181,0.18904203253450963,-0.049303880676575894,-0.2227397746835162,0.9551016857169649
3315,0.3097378813503484,0.30973788135034813,0.08979961207714411,0.023595451982984905,0.1546979101892724,0.33836517659305626,-0.9186846514531499,-0.13265019802709024
3316,0.2796042630235535,0.2796042630235535,0.10263310915585955,0.0537290703097798,0.10667029297168419,-0.3710465765068205,0.8100893380377574,0.44124953377590254
3317,0.27474525443114006,0.2747452544311399,0.08040763845659915,0.05858807890219325,-0.9655074810013241,0.2306695766323239,0.1193329001326896,0.018614765447451474
3318,0.29228603251813773,0.29228603251813773,0.04651013762195525,0.041047300815195586,0.22782047971574257,0.7431885858079962,0.6152997246731083,0.1310526755316218
3319,0.3040570193104431,0.304057019310443,0.04304736038191675,0.029276314022890215,-0.09522522660686633,0.19737099532893052,-0.6665804542096829,-0.7124937504891892
3320,0.29939749224650847,0.29939749224650836,0.018538784131369966,0.03393584108682485,-0.5661017558414286,-0.7094568488932029,-0.4061505702771193,0.10602592067673428
3321,0.3251733073135016,0.32517330731350147,0.006062593416401024,0.008160026019831734,-0.7116702031502146,0.557055764678664,-0.3372473101924417,0.2635880284731541
3322,0.314023470812857,0.3140234708128569,0.03171777572307278,0.01930986252047634,-0.058250144307265425,0.40209869994213077,0.24107829212152404,0.8813653120362749
3323,0.25612228181490215,0.25612228181490215,0.019094100494323085,0.07721105151843116,-0.5677761616851592,0.550176799353827,0.6116120534584485,-0.029434940787891602
3324,0.30730776027210127,0.3073077602721011,0.027204607621149037,0.026025573061232044,0.9471929150697161,-0.016037749821538338,0.19951172645025655,-0.25052633241085304
3325,0.32873688435149967,0.3287368843514996,0.025385761950782366,0.004596448981833645,-0.763196039605971,-0.12084784056036782,-0.542336734994825,0.3298461314564867
3326,0.330543328684802,0.3305433286848018,0.06264729564546724,0.002790004648531297,-0.03754516610192021,-0.47842637038991925,-0.5978450949695636,-0.6420901891780785
3327,0.3099980154083966,0.30999801540839633,0.020242570346925726,0.023335317924936705,-0.7109922188170787,0.572885581256719,0.3339420879199786,-0.23404029030353676
3328,0.3053075302294555,0.30530753022945545,0.05330140618885393,0.02802580310387781,0.8314455248500999,-0.38612729870902723,-0.3318887694943192,0.22238231288022486
3329,0.31103718119910356,0.31103718119910345,0.005113355668496531,0.022296152134229752,0.27911938117803625,-0.44909682717643096,-0.8197646263648365,-0.219978108528492
3330,0.27441637495332044,0.27441637495332033,0.11723696189572974,0.058916958380012874,-0.1497628104266266,0.8662950917517175,0.3854569343676706,-0.2802264555103228
3331,0.2562945477987857,0.2562945477987855,0.10636717375796621,0.07703878553454763,0.9164554151241459,0.055939876191299,0.26820615455942554,0.29162589219370966
3332,0.2918962063064915,0.2918962063064913,0.06613632466683116,0.041437127026841825,0.15654657554408413,0.5583521316116621,0.81360881133817,0.04215173689213297
3333,0.29372275796655706,0.29372275796655695,0.026761209721847663,0.03961057536677626,0.16927154105772627,0.4658504182106336,0.14380862079046997,0.8565334866934644
3334,0.2895892177087092,0.28958921770870916,0.0050755000806673115,0.0437441156246241,0.3098503861346092,-0.15111236511248197,0.6493789914742737,0.6778382674017459
3335,0.25307999814177734,0.25307999814177734,0.04331899312868804,0.08025333519155597,0.03848886747017442,0.8733494557136882,0.13001425850651668,-0.46784145591265053
3336,0.32424086029105326,0.32424086029105303,0.08555145128024576,0.009092473042280058,-0.0928731804611458,0.9190540907857094,0.3436799943612573,0.16911005894662304
3337,0.3231838412225261,0.32318384122252597,0.08306553274036253,0.010149492110807234,-0.7689600212726982,-0.07603024559100863,0.583605140362237,-0.2496496096180324
3338,0.3054660370674706,0.30546603706747055,0.004621848185540561,0.027867296265862707,-0.35685196981487927,-0.8630801313748835,0.006355963966284581,0.3573639044268653
3339,0.3328286099887202,0.33282860998872016,0.07189262761367317,0.0005047233446131005,0.11296369223585716,-0.9357642879516326,-0.18183078433413102,-0.2802177144636852
3340,0.32655228491733407,0.32655228491733396,0.003107274909333206,0.006781048415999247,-0.6011810709017529,-0.6082099619710695,0.3694768560207945,-0.3635227847240954
3341,0.3259513773490004,0.3259513773490001,0.06638432271656303,0.007381955984332889,-0.5898060888930818,0.713073377722593,-0.26801719229107535,-0.2679961196068832
3342,0.2688026948805622,0.26880269488056213,0.12530327338599764,0.06453063845277113,0.8553697936827244,-0.2636105274396855,-0.4458254157303391,-0.00957625015413739
3343,0.2662510533699747,0.26625105336997457,0.12751624561807676,0.06708227996335864,0.7528341106801132,0.2189673894093447,0.13295671267522244,0.6063139423816162
3344,0.2806345519097129,0.2806345519097128,0.08355040717897587,0.05269878142362039,0.40753236657552167,-0.5838428450871292,0.5560924421092975,0.42872613433617346
3345,0.2795042727356747,0.2795042727356745,0.02905952142908787,0.05382906059765863,-0.3208167102245808,-0.598090091745206,0.02073638443331829,-0.7341218447625177
3346,0.3009243790138713,0.30092437901387126,0.020119454336233276,0.032408954319462,0.35272421360050465,0.057625470316405275,0.692617719611915,-0.6265346189878971
3347,0.31057153897469963,0.31057153897469963,0.0950051655939693,0.02276179435863368,-0.28471073756619825,-0.2806334004389311,-0.5638311363482039,-0.7226888266445574
3348,0.33059125849942456,0.33059125849942445,0.028782623983765583,0.0027420748339087586,0.394312714855065,-0.28650342718881167,-0.11067167747033622,0.8661322352381277
3349,0.29861407181107685,0.2986140718110766,0.03307314335025546,0.03471926152225646,-0.47594897456828594,-0.6649017658936865,-0.06462276489205787,-0.5720158333268058
3350,0.2755581782025712,0.27555817820257117,0.1212279198695546,0.05777515513076209,-0.516925216283032,-0.31822346597248136,-0.6612262590489941,-0.4407969836776044
3351,0.2920934349457545,0.29209343494575435,0.1005486311953829,0.0412398983875788,-0.18766133446095132,0.8957392038156254,-0.3678327774426093,-0.16472264609014925
3352,0.326195358112573,0.32619535811257294,0.02744782783304432,0.0071379752207603175,-0.29088847596044215,0.859169530562113,0.3123854169807616,0.2821825004582054
3353,0.30958105796031554,0.30958105796031543,0.01903756539263545,0.023752275373017773,0.224292318304623,0.7747375592183515,0.5291211886774483,0.2636388400416241
3354,0.27896921694558663,0.2789692169455866,0.12062454546529296,0.054364116387746686,0.4941663568526365,0.2041788480410521,0.6602808898532218,0.5273895678360159
3355,0.32590293126499853,0.3259029312649983,0.02885332945331989,0.007430402068334785,-0.2924150224749801,-0.14317970666811475,0.9452055612448,0.02407225002554182
3356,0.27864570038761466,0.27864570038761455,0.14402442352430234,0.054687632945718656,0.2697720063821071,-0.7582808731551416,0.5315411066946202,0.26400233687129937
3357,0.2946509785575152,0.29465097855751515,0.1272116122102527,0.038682354775818106,-0.4001341990547042,-0.2883272414432381,-0.5838061768999945,-0.6449266411011373
3358,0.30145511013698745,0.30145511013698734,0.06740090317116798,0.03187822319634587,0.5784160132234433,-0.24878894359697315,0.3919753754276456,-0.6707415912622059
3359,0.2917007437052282,0.291700743705228,0.023178358198408515,0.04163258962810512,-0.35072283097790025,-0.2578085776045377,-0.16990288629062272,-0.884116079694566
3360,0.31404532763530496,0.3140453276353047,0.06900117731596632,0.019288005698028354,0.8846430626957489,-0.45146025271562423,0.08614039098449625,-0.07855014247770539
3361,0.27899770187785344,0.2789977018778533,0.10334583753505326,0.05433563145547987,-0.2781053625963638,-0.7678553394827481,0.33907567969026586,0.4669938633061069
3362,0.2675399648726012,0.2675399648726012,0.12269032890427106,0.06579336846073214,-0.7080356638872327,0.4795696177234311,0.3310257683763197,0.39889901114346576
3363,0.2754918766607168,0.2754918766607166,0.010537961849172075,0.05784145667261653,-0.6184557507450282,0.5105264668724853,-0.018935194678380316,0.5970901685638379
3364,0.31331783391286744,0.3133178339128672,0.07581602155849979,0.020015499420465876,0.43825051220545713,0.48131683505578254,-0.5205516768027402,0.552536464517406
3365,0.3020468909876512,0.3020468909876512,0.03431015206822158,0.03128644234568212,-0.11456053833322685,0.13993068290879,0.8430566884142376,-0.5065083485565661
3366,0.30149590186438907,0.3014959018643888,0.04294188110699261,0.031837431468944244,-0.32180306639999245,-0.37935996199396504,-0.8657229031159512,0.05525088878913076
3367,0.3102666521200296,0.31026665212002946,0.051171176501493054,0.02306668121330374,-0.43718042164126897,0.17570819095461485,0.40233955923394926,0.7849348951603886
3368,0.22698496347269945,0.22698496347269922,0.15960509753440946,0.10634836986063387,-0.22641889638824655,0.4417328459469683,-0.3299031577101096,0.8029760162687419
3369,0.30546398249700135,0.3054639824970013,0.021584133424707132,0.027869350836331963,0.31866188880264695,0.9060554712086827,0.08871917234838,-0.2639071658279856
3370,0.3048227640804946,0.30482276408049447,0.01686363014457503,0.028510569252838736,0.28490453097621693,-0.19139676122356075,-0.5878026867906218,0.7325876667157859
3371,0.23164554634160908,0.23164554634160892,0.16894948337832524,0.10168778699172423,-0.08845608537634944,-0.6134210418416928,-0.6190120849728378,0.48240458646588813
3372,0.2716579652714823,0.2716579652714823,0.060372610534625004,0.06167536806185103,0.1131221184301587,0.7583428932259625,-0.6364513736492575,0.08395886847452663
3373,0.3058082881581286,0.3058082881581284,0.04433018457356854,0.02752504517520471,0.4375427060851318,0.49150846586567315,-0.3431765829921221,-0.6702280516510207
3374,0.28161817355763874,0.2816181735576385,0.035816126414784426,0.051715159775694575,0.17029385407362446,0.2017498045510184,0.7612721695713158,-0.5922513853631404
3375,0.3035686993121829,0.3035686993121828,0.08751020550308877,0.029764634021150427,0.6534539879242547,0.005382571546538349,0.7383162034319457,0.16690745141925817
3376,0.3163967498393631,0.3163967498393631,0.0077465634148804275,0.016936583493970203,-0.4473400559291621,-0.6632228855057357,0.06960925023542384,0.5959671390138906
3377,0.3300043181228384,0.3300043181228383,0.034749540225341415,0.00332901521049489,0.65686083167805,0.5357262300172421,-0.007511255488763459,-0.530542020314806
3378,0.3128819378941918,0.3128819378941917,0.03739254274600767,0.02045139543914154,0.35593779290353,-0.22864528581849022,-0.8563511000632571,0.29612905003797607
3379,0.3302093035155353,0.33020930351553524,0.02238940667917556,0.003124029817798024,-0.21058522303922397,-0.9561477807942268,-0.058585001519222434,-0.1949437937375493
3380,0.3027267464015029,0.30272674640150277,0.009301043773283134,0.030606586931830437,-0.5816811018555101,-0.7157930655873147,-0.3769552616361125,0.08480633069602658
3381,0.3299126880849414,0.3299126880849413,0.023737381949565838,0.003420645248391918,0.05097314660768148,-0.34532484348433273,-0.841773492935181,-0.4117886319328614
3382,0.2989562989782205,0.29895629897822046,0.06603754802252647,0.0343770343551128,0.7798544492179496,-0.5210447555640293,-0.3318411491294772,0.10109823182735547
3383,0.3223571175449301,0.3223571175449301,0.0058695240759913765,0.010976215788403187,-0.10879800474921636,-0.9933164053830341,0.021892174954796787,-0.03172137505320228
3384,0.28361226286360286,0.28361226286360275,0.06913369986444513,0.049721070469730455,-0.6235283920560772,0.6172787073946354,0.44439495527640327,0.1808105788444208
3385,0.2531167009555241,0.2531167009555241,0.017452946853559626,0.08021663237780924,-0.9886639600749888,-0.04081094271047632,-0.02372552923934086,-0.142531190503118
3386,0.25672140248446673,0.2567214024844667,0.1272831324818774,0.07661193084886658,-0.1158635837393421,-0.681557830605158,0.7094919618668141,0.13665909977109608
3387,0.32360008862960954,0.3236000886296095,0.07506418079324009,0.009733244703723776,-0.016022812448580386,-0.2575926757420966,0.9660832419917538,0.008511899198588219
3388,0.33131679120153057,0.3313167912015303,0.04612195662371324,0.0020165421318027454,-0.6552611588538235,0.48147108480073486,0.165080206577785,-0.558181810519282
3389,0.318223945525073,0.3182239455250728,0.02019685529677616,0.015109387808260322,0.6678053692758541,0.6005392844614346,-0.29259492936696524,-0.328293715891165
3390,0.30287331299698955,0.30287331299698933,0.04187561031550382,0.030460020336343763,-0.290246150906216,-0.5603487682303213,-0.3229702254825997,-0.7053060777269727
3391,0.32926015681442633,0.3292601568144262,0.05501709817809655,0.004073176518906985,0.6099949710388749,-0.06849125456295384,0.7809512761024109,-0.11545643208453381
3392,0.3074741090453639,0.3074741090453636,0.06122186753962428,0.02585922428796944,-0.7580472254162964,0.5601396860401742,-0.051439589821701256,0.3300937817657956
3393,0.3047563259965435,0.30475632599654334,0.038716265579300135,0.028577007336789806,0.43461508542412397,0.6384803333371334,-0.28262906712789515,0.568835127148368
3394,0.2715759183470222,0.271575918347022,0.11542204917018783,0.0617574149863111,-0.059909287922989385,0.40939206316594884,-0.690103583895545,0.5937727337389386
3395,0.28025803523366155,0.2802580352336614,0.13886706792400402,0.053075298099671764,0.3371881448328918,0.6232827233938726,0.5295639631307509,-0.4662454403596058
3396,0.3095585363092004,0.3095585363092002,0.00045353031630788234,0.023774797024132932,-0.42161350531432246,-0.2699593068491947,-0.8656572356506178,-0.0012550489243746631
3397,0.2460469075862847,0.24604690758628467,0.13064353006542642,0.08728642574704862,0.2116315733177682,0.6280982926345912,0.706261332065647,-0.2487961872565885
3398,0.32744912135958204,0.3274491213595819,0.020007400004713388,0.005884211973751274,0.2278902721398003,0.4205418425669545,-0.010974167297750989,-0.8781173897415763
3399,0.32502975862155853,0.32502975862155836,0.04172153255567874,0.008303574711774786,0.6519594409179749,0.16625465496967803,0.05566345372900599,-0.7377058065501407
3400,0.3181144132024937,0.31811441320249356,0.03504252462153305,0.015218920130839642,0.39941599990141624,0.001284434161884546,-0.007666565446397211,-0.9167368395705999
3401,0.2976692025392195,0.29766920253921947,0.004417766353499993,0.03566413079411379,-0.3109961731783046,-0.8000130128878545,-0.008671419213570647,0.5130159509872672
3402,0.3190274676480158,0.3190274676480158,0.009507398352510752,0.014305865685317498,0.8095744994086046,0.2032523326844617,-0.31457603358578723,0.4520171880128737
3403,0.2857455165087753,0.2857455165087751,0.07047901485339061,0.04758781682455804,-0.6408631559251644,0.5679286837379968,0.20169483331138519,0.4754688420714417
3404,0.3001046478424206,0.3001046478424205,0.0318000828812003,0.033228685490912735,-0.26650951039813053,-0.7012352676479494,0.5455364553322629,-0.37367332815919224
3405,0.3149807700246745,0.31498077002467445,0.028074405391745185,0.01835256330865881,-0.377855556328986,0.09872456072477699,0.8861219550760574,0.24953260386810816
3406,0.3018676981993778,0.3018676981993778,0.019512466466728922,0.031465635133955505,0.02633713445228495,0.0362901750325802,-0.8355678263994787,0.5475543681051203
3407,0.30519648262994425,0.30519648262994425,0.03979230820750983,0.02813685070338906,0.9081160490154508,0.30473675982151,-0.28661438797732985,-0.01769014806142434
3408,0.3266073625717611,0.326607362571761,0.00667626912987984,0.00672597076157222,0.6997877527015458,0.4344964616276601,-0.3951199121831696,0.40668191624207706
3409,0.28042209841681603,0.280422098416816,0.09634690413636945,0.05291123491651728,0.8039271374367898,-0.312766543265111,-0.5016161190188505,0.06526496952537904
3410,0.3196659840295438,0.3196659840295437,4.6327566865395924e-05,0.013667349303789489,0.8337357538208982,0.2959728836269776,-0.3326227090149657,0.3265683365021413
3411,0.30823828281259663,0.30823828281259646,0.04120984509771373,0.025095050520736684,-0.5121124686492615,-0.33707562266462193,-0.7127380688192063,0.3407716087280229
3412,0.284540585737938,0.28454058573793795,0.07175238497201138,0.048792747595395314,-0.2836639727432338,-0.806217509842723,-0.5189476784370851,0.015536551589223674
3413,0.3175825500042018,0.31758255000420177,0.03933896872825664,0.01575078332913149,-0.21133488045262272,-0.015730280847806956,0.011655120410066224,-0.977217624041212
3414,0.3284070524931811,0.32840705249318103,0.07404172182810576,0.004926280840152231,0.04801333696485397,0.9430235942938072,0.26043685481055656,0.201429552784772
3415,0.31961691644678575,0.3196169164467856,0.02234182828940209,0.013716416886547567,0.7578227709586864,0.2729806737049693,0.5405767141904089,-0.2428230130675024
3416,0.3063822884040492,0.3063822884040491,0.0521624883145977,0.02695104492928413,-0.3918215629485556,-0.5915102226279983,0.7034532305274355,-0.04177405649014222
3417,0.32779657967084486,0.3277965796708448,0.008567298727086128,0.005536753662488458,-0.29578732733227,-0.8892070772909939,-0.1387283713636352,-0.3202734295317584
3418,0.2800368728888782,0.2800368728888782,0.10388836779656622,0.05329646044445513,-0.16080698269271357,-0.8342829466666702,0.5239195536922623,0.060177906887362284
3419,0.2915850242860769,0.2915850242860768,0.048473608798300656,0.041748309047256404,0.3868860412032567,0.3554373530518295,-0.8156930715365296,-0.24213279873838478
3420,0.31665066278576653,0.31665066278576637,0.020566351278775777,0.01668267054756678,-0.5609330105592543,-0.29486878534023725,0.2572479242832739,0.729540994426531
3421,0.32109889196760955,0.3210988919676095,0.009104700841942294,0.01223444136572377,0.3151012218256031,-0.5719872008428308,0.007592309131450135,0.7572874083979263
3422,0.2943190384078627,0.29431903840786244,0.09432249254532708,0.039014294925470594,0.8811825570490502,-0.08033194135473615,0.009387005412627306,-0.4658067887870032
3423,0.32389709302717234,0.3238970930271723,0.04496921928473999,0.00943624030616097,0.005638904815551887,0.27207978543899874,-0.9562882086036814,0.10702175102992603
3424,0.27544051789781376,0.27544051789781365,0.10473963853269451,0.05789281543551955,0.23847261751331764,-0.3737730880743824,0.08192405400919422,-0.8925877764692869
3425,0.321876064640925,0.3218760646409247,0.01502524478751343,0.011457268692408318,-0.08099881193297584,-0.06088548486961493,-0.7880951760715531,-0.6071557820282912
3426,0.28899662340078464,0.2889966234007846,0.04742293116862087,0.04433670993254868,-0.7477703642303724,-0.33392867192812453,0.48254960852464973,0.31060746893112917
3427,0.2813891315599923,0.2813891315599923,0.09200756139282085,0.051944201773341026,0.7775683033111179,-0.13248512678159563,-0.10408064309279333,-0.6058072668769535
3428,0.25734687363381964,0.25734687363381953,0.11445308717354102,0.07598645969951368,0.2697603160755521,-0.5874156286563655,-0.6897320556206838,0.32625441380973036
3429,0.3174564388536818,0.31745643885368174,0.0023073764568081103,0.015876894479651515,0.37452214884227447,0.25133077276831467,0.30514099314362275,-0.8387222287441598
3430,0.3265957279244696,0.3265957279244695,0.015454457100864296,0.0067376054088637005,0.09541543861051617,-0.42937379409261517,0.0035644294212412815,0.8980653282830688
3431,0.2974048176274172,0.2974048176274171,0.05286614619737745,0.0359285157059161,-0.6868004085142484,-0.2357504788774667,0.1056678136629317,-0.6793829727991441
3432,0.3259056471618717,0.3259056471618716,0.006735998015376019,0.007427686171461612,0.8539202638231222,0.08648097857855938,0.39010706801737527,-0.3334032076318867
3433,0.3215512328487898,0.3215512328487898,0.03162343889602696,0.011782100484543534,-0.2474933594678562,-0.3222478638210844,0.9079771482314458,-0.10237602049090053
3434,0.31906881254767333,0.31906881254767316,0.05307894090033744,0.014264520785659984,0.6493232873812098,-0.7161135427368335,-0.02652905873777029,-0.25467012273890327
3435,0.2922870549037517,0.2922870549037517,0.02211395406520956,0.04104627842958164,0.6380990006402874,-0.47636038590922525,0.21556474336162906,-0.5651922589152434
3436,0.2980349379509853,0.2980349379509852,0.0478325183329753,0.035298395382348025,0.06635202003513657,-0.3824272679970707,-0.4144981887067317,0.8231269924430812
3437,0.31827066836760937,0.31827066836760914,0.013171507802896455,0.015062664965723949,0.3020897113262239,-0.5753349962604335,0.09121397764801,0.7545935718454497
3438,0.3093100492489387,0.30931004924893857,0.03867960440348138,0.024023284084394636,-0.14211256147595716,-0.9262011274910059,0.3311911743568458,-0.11076054050637854
3439,0.3122291150619608,0.31222911506196077,0.009364455947204729,0.021104218271372488,-0.07657627855652425,-0.3772075162388387,0.8770382600514615,-0.28749687591566075
3440,0.31117411167036546,0.3111741116703654,0.04711953503633962,0.022159221662967854,-0.4511135273731813,-0.7815359761195412,0.17111607552291544,0.3954963870245059
3441,0.32628427517788705,0.32628427517788694,0.07614947121755335,0.007049058155446264,-0.16606042156838627,-0.31072774123212865,0.31509712840813014,0.8812411740756666
3442,0.32284296279677466,0.3228429627967746,0.018285205055776722,0.010490370536558657,0.13695600664587593,-0.34996479340515235,-0.9036128393362068,-0.20555177500391986
3443,0.2941893397200392,0.2941893397200392,0.130623341933491,0.039143993613294126,-0.7637964531479587,0.0689831136921728,-0.1715091783089376,-0.6184180705151847
3444,0.33049206387215746,0.33049206387215735,0.05782087698600591,0.002841269461175855,0.07278153805194514,0.9639810072444471,0.16041636975440207,0.19927381590563592
3445,0.3129394409802205,0.3129394409802205,0.019989388319627686,0.02039389235311284,-0.6632835902121347,0.3449479068514562,-0.6422795635639537,-0.16894609419041695
3446,0.3089721144413664,0.3089721144413664,0.08152879709729571,0.024361218891966907,0.6927255511707644,0.6681708935452175,0.21145791571493777,0.17018965202279615
3447,0.3130050197608227,0.31300501976082257,0.010978202656837154,0.020328313572510637,-0.2473217508121633,0.44213219859069575,0.27566219571048495,0.8169219206268358
3448,0.3041471192755057,0.3041471192755056,0.06551129298050357,0.02918621405782762,0.35458471810792125,0.6308050313618712,0.4464748788232124,0.5263220237389581
3449,0.3230616080908746,0.32306160809087453,0.04282379758856428,0.010271725242458729,0.8677000332973757,-0.1362180630403133,0.45787953618461885,-0.13743224461761766
3450,0.31189232910871,0.3118923291087099,0.09721371094918839,0.021441004224623306,-0.09511706136388573,0.7756230753775123,0.007524403161505885,0.6239430846932209
3451,0.3325647389991832,0.33256473899918304,0.0636194844257856,0.0007685943341501078,-0.580982754398575,0.4544894172125661,0.1249402373161554,-0.6635422713230935
3452,0.2836772330404535,0.2836772330404534,0.09950830006792832,0.04965610029287981,-0.26541101903715003,0.4245607426939587,0.7167747764721792,-0.4853236925496974
3453,0.3034285630283111,0.3034285630283111,0.05877948924799883,0.0299047703050222,-0.20897703523417108,-0.4882270416698727,0.8461295984967345,-0.04502951337484642
3454,0.3092137902779353,0.30921379027793516,0.04040454385922562,0.02411954305539804,-0.22673451126544156,0.6200974294351562,0.17712254689318854,0.729861797048731
3455,0.2653403283143813,0.2653403283143813,0.07339197849420198,0.067993005018952,-0.02379495938737628,-0.08220734712023302,0.6325797516325042,-0.7697523041938659
3456,0.2937160943323386,0.2937160943323384,0.023611745639885325,0.03961723900099473,-0.5267644988630656,-0.40990254396460585,0.7195958882305729,0.1915223872828981
3457,0.3231443637901649,0.32314436379016487,0.07080421398750684,0.010188969543168391,0.8053677062146014,-0.5671182213803684,0.12227823293046515,-0.12168736383208312
3458,0.3162571551736885,0.3162571551736884,0.008398359644252557,0.017076178159644795,-0.425685902334144,0.7916153474865366,-0.35585190669096983,0.255941545439846
3459,0.2755593287664271,0.275559328766427,0.02513181433392142,0.057774004566906234,0.9686448268010186,-0.04446925174287506,0.004712466598192519,0.24439205760338104
3460,0.2538572429462665,0.25385724294626644,0.11317923633989628,0.07947609038706682,-0.15944405775332707,-0.38279042229193483,0.2356710039969801,-0.878924492162877
3461,0.2748078402539144,0.27480784025391436,0.10805887303067771,0.0585254930794189,-0.0647007575572724,-0.9021904402101699,0.3495224232454968,0.2443364426635749
3462,0.31924454715590583,0.3192445471559055,0.027878093497391395,0.014088786177427481,-0.43038189139921984,0.014531123138496041,0.5448638582146808,-0.719502362767056
3463,0.3249017109981662,0.3249017109981662,0.003122378450209508,0.008431622335167088,-0.2935505990803999,-0.8565775672754192,-0.19895876870187687,-0.37485774018512114
3464,0.25365027303242815,0.2536502730324279,0.16577475720654922,0.07968306030090516,0.8305763941272227,-0.37732266172851664,-0.2992384671135891,-0.2796905473272867
3465,0.32867417450727215,0.3286741745072721,0.020858276152527517,0.0046591588260611605,-0.8037348001622935,-0.494899985135552,-0.10400147785179699,0.3134773808834546
3466,0.30085228065655173,0.3008522806565517,0.023405298052879695,0.032481052676781585,-0.3975458636024583,-0.06721095944523378,0.6672717464574329,0.6262494627883317
3467,0.26328940623796393,0.26328940623796376,0.04204238079383028,0.07004392709536938,-0.038950928941605324,-0.23876042826483282,-0.7198967312840578,0.6505574373688373
3468,0.3164798643247019,0.3164798643247019,0.0751366598908162,0.01685346900863144,0.1695915718056816,-0.2828773393989432,0.9357637780955017,0.12476081609017371
3469,0.3081758680866698,0.30817586808666964,0.031248791552465256,0.025157465246663513,0.18554762409017747,0.13154848575859812,-0.7654310183060219,-0.6019820855342095
3470,0.3077840462867956,0.3077840462867956,0.08942815752838845,0.025549287046537694,-0.07042167117328729,-0.9521322417847052,-0.29301314781189103,0.05126672987971752
3471,0.32102022102207395,0.32102022102207367,0.042788261806489654,0.012313112311259367,0.5316273436259445,0.3068705264560222,0.4515159620970868,-0.6475617217481032
3472,0.31348897925548247,0.3134889792554824,0.034364598664481855,0.019844354077850845,0.5356009965943517,0.05612383829691041,-0.23539879174876746,-0.8090544456741956
3473,0.29755987319906685,0.29755987319906685,0.018746063969780454,0.035773460134266466,-0.2255875555779085,0.07409557086564957,0.6255145429289759,-0.7432036448584143
3474,0.2711669310165847,0.2711669310165844,0.0953816469661228,0.06216640231674864,-0.01218743673573163,0.6193006084118254,-0.7839648825697463,-0.04144014604172217
3475,0.30211841560816965,0.3021184156081696,0.1074635957011212,0.03121491772516366,-0.025952230101642305,0.4204436599110678,0.9000920103842599,-0.1113013182121367
3476,0.2884019462950608,0.28840194629506066,0.09816613267095045,0.04493138703827254,0.16153505988768463,-0.3586210911158237,0.012115033114529083,-0.9193207075915412
3477,0.2641760195845744,0.2641760195845742,0.08713915262482892,0.06915731374875894,0.5517065172116468,0.5319737794054835,0.5574772756929255,0.3191283503188567
3478,0.32526223684266964,0.3252622368426696,0.06274482490540242,0.008071096490663676,0.030782874763900365,0.8798498950370781,0.3977111542954943,0.25834553329496185
3479,0.27562730029479454,0.27562730029479454,0.14508346966730978,0.05770603303853877,0.8785734925840422,0.04576860357095415,-0.2406245377619288,-0.4100166885416994
3480,0.3294180041874991,0.3294180041874987,0.018142041059186865,0.003915329145834201,-0.4068696594436828,0.10101306714560247,-0.8725923698277114,0.25067109248670477
3481,0.29550030136976063,0.29550030136976047,0.0052366736946776946,0.03783303196357268,-0.3697951056581396,0.48104853945973997,0.7831934936430346,0.13583752806258775
3482,0.32465293883002905,0.3246529388300289,0.06557355447080804,0.008680394503304267,0.12134831286144278,-0.9696525484079955,-0.19833825694794227,-0.07556757348501653
3483,0.3138846626197269,0.31388466261972686,0.07396198135220368,0.019448670713606397,0.2139013174404285,-0.8950281245649689,-0.3854358445370136,-0.06789766108639035
3484,0.29220629002927856,0.2922062900292785,0.056492885326190415,0.041127043304054756,0.23500841544905757,-0.5788382213945337,0.7800199460673127,-0.0358642141707074
3485,0.28852695572621284,0.28852695572621273,0.085353323771425,0.04480637760712047,0.46432888261599614,0.6410420626607074,-0.5152963646229174,-0.3285322195381933
3486,0.31665244261101316,0.31665244261101305,0.014073056485411517,0.016680890722320152,-0.22346454373894065,-0.7646120101597429,-0.16734102948769786,-0.5808864359416752
3487,0.29564659639600605,0.29564659639600593,0.07350504405200499,0.03768673693732727,-0.3330868197616911,-0.4675093065550239,0.4510603868324392,0.6833979413314426
3488,0.2956549985600904,0.2956549985600902,0.03126581713881177,0.037678334773242894,-0.49799669874603625,0.2531935575103204,0.2351267732646276,0.7953664004516925
3489,0.26893363734401177,0.2689336373440117,0.0008901154745397299,0.06439969598932155,0.42040068333260566,-0.23222307856062563,0.7208779044203792,0.49967064568151937
3490,0.29936392130337725,0.2993639213033771,0.12198272135716696,0.03396941202995607,0.4242576613662655,0.6128830288359631,0.4481631485053999,-0.4934872055672872
3491,0.26686283590535415,0.2668628359053541,0.10272301853694052,0.06647049742797917,-0.06379038673530203,0.8369282789439817,-0.5387965134635876,-0.07197332522197024
3492,0.3167169218241272,0.316716921824127,0.020998369030571,0.01661641150920612,0.2993231690576516,-0.015627021725565963,0.2803157410735943,0.9119125626745334
3493,0.2494766793499255,0.24947667934992548,0.12134958150265755,0.0838566539834078,0.7176916762410894,-0.3440825217287354,-0.30126224238381283,-0.525135161086102
3494,0.32550522680407407,0.3255052268040738,0.017017762603164593,0.007828106529259249,0.581931651491856,0.6942113834315491,0.03875553928392128,-0.4218105217758656
3495,0.322046363861835,0.3220463638618349,0.0046104426458976056,0.01128696947149832,0.2138646842255465,0.32694501709919255,0.18022944481520153,-0.9027104739930297
3496,0.3220881927214727,0.32208819272147254,9.739408007407726e-05,0.011245140611860605,0.5481888053054116,-0.5724423540531948,0.590691389188166,-0.1512695202703339
3497,0.3200735853430317,0.3200735853430317,0.046473758769129264,0.013259747990301607,0.8931077276728483,0.2731924568798011,0.09272809344207641,-0.3451463008082471
3498,0.27368638547176954,0.2736863854717694,0.008757258095086711,0.05964694786156377,-0.4196284231838136,-0.5495946399095438,-0.03353877915223096,-0.7216182290740327
3499,0.31152419136002285,0.3115241913600228,0.032395336337136364,0.021809141973310464,0.4672191896702529,0.499927059396846,-0.2848469498759308,-0.6712982788843375
3500,0.3086338245223447,0.30863382452234467,0.04868217563836355,0.02469950881098859,-0.3873737065922476,0.04990020521462859,0.6843065656458702,0.6157727707316031
3501,0.3308973496923093,0.3308973496923092,0.04411988974675356,0.002435983641024042,-0.7074459872025328,0.3359381374300529,0.23750749216850933,-0.5746789835855197
3502,0.3245923182634726,0.3245923182634725,0.01922338519304072,0.008741015069860691,0.7567219873446932,0.43852212620512676,0.35487504209609827,-0.33035417841299525
3503,0.32197167250797887,0.3219716725079788,0.02398002966305486,0.011361660825354447,0.26194482375999584,0.140766385364343,-0.4645718641414321,-0.8341119331989901
3504,0.25619035763900516,0.25619035763900516,0.13565895855088259,0.07714297569432815,-0.814800931450837,-0.04754410373435327,0.4095659454996734,0.4075472200787341
3505,0.29513101255392377,0.2951310125539236,0.033258931349970045,0.03820232077940955,0.23132977911814376,-0.780036794075277,-0.09970008504443612,0.5727905605228205
3506,0.3150982757092285,0.31509827570922844,0.083615833112971,0.018235057624104822,0.11479712299766061,0.9322848113348831,0.33708485237586683,0.06356456091629627
3507,0.3079215737103743,0.30792157371037426,0.06628769493107477,0.025411759622958996,-0.5919797155888253,0.037546875441546945,0.8044384574530927,0.0320782893315609
3508,0.283831997345104,0.2838319973451039,0.08357965869973795,0.04950133598822931,0.15549426081579945,0.5741182882564779,0.803578814882398,-0.021698253731590247
3509,0.26976278018758376,0.26976278018758376,0.059453519599420857,0.06357055314574955,-0.6592926539714459,0.4846655973542183,0.13789986436028528,0.558046667018074
3510,0.3001369004646782,0.30013690046467817,0.10919121824525829,0.03319643286865509,0.6603330872400508,-0.06816144610510139,0.18236043666545174,0.7252991812349374
3511,0.3017084172965531,0.3017084172965529,0.028586788418744586,0.03162491603678019,-0.925895481865921,-0.2007031152631467,0.2850847791608473,-0.1454733132734423
3512,0.32780610780577474,0.32780610780577457,0.03324857160057752,0.005527225527558577,0.6987028834605187,-0.07944988544042568,-0.5640116626182409,0.43288894739652095
3513,0.3103499606409511,0.31034996064095105,0.01835391584719454,0.02298337269238221,0.34125337442380016,-0.17040272193550096,-0.6642038455956377,0.6429170228709989
3514,0.26161369907268167,0.26161369907268167,0.13659838493536877,0.07171963426065164,-0.18055651440333587,-0.5662528202236434,0.758516930332063,0.26722491480943955
3515,0.28255019782328183,0.28255019782328156,0.11044773200633015,0.05078313551005148,0.19682359516163556,-0.3127585600062427,0.7044328575908205,-0.6059842445781086
3516,0.2674893399536894,0.2674893399536893,0.12906081173216358,0.06584399337964392,-0.8452276603264155,-0.11705729198976883,-0.14768605974887958,-0.500076614497225
3517,0.31269442145714865,0.3126944214571486,0.027032014124835545,0.020638911876184662,-0.2628442933443851,-0.45113690942095097,0.8411872352970498,-0.14068547042146726
3518,0.3286994737854882,0.3286994737854882,0.03711779693661695,0.0046338595478451206,-0.5185711060196582,-0.7953405544035806,0.1254613125661978,-0.2877096966939426
3519,0.316546158562785,0.31654615856278473,0.009495959348321648,0.016787174770548308,-0.5654479951134878,0.41045530317545403,-0.710005568837383,-0.08767611497544454
3520,0.29191385775960593,0.2919138577596059,0.060505397283161955,0.04141947557372738,0.5803195460051542,-0.4158317938502494,0.32346635853510847,-0.621033540675294
3521,0.3061907670799613,0.3061907670799612,0.047056633477938016,0.027142566253372025,-0.3619119680365015,0.8625600264625756,0.20407119197003598,-0.28872976422384306
3522,0.3260096312746678,0.3260096312746678,0.009817029278156182,0.007323702058665504,0.4949202465229868,-0.8614222350940819,-0.09894316750023224,0.05670918860434773
3523,0.29501009403346506,0.29501009403346484,0.04501526322290617,0.03832323929986825,-0.9392721908076733,0.2629993585710439,0.14174706873980908,-0.16883973901379137
3524,0.3172000439202228,0.31720004392022266,0.04238172145959347,0.01613328941311054,0.6001895438772351,-0.5732424271056534,0.5329242709172551,0.16479488054478017
3525,0.32708524804006633,0.327085248040066,0.023752285843379836,0.006248085293266981,0.5804078006481315,-0.6512150583781847,-0.10355948075238076,0.4778296418542843
3526,0.2536691537444341,0.2536691537444341,0.15688278103771586,0.07966417958889921,-0.16814987127664408,-0.7407807737226066,0.6053043114540354,0.23785742916238783
3527,0.31408978516933,0.31408978516932995,0.018047517049590397,0.01924354816400331,0.08015117290116516,-0.9562685015471342,0.25232372903921807,-0.12433454144005786
3528,0.31534286459340094,0.31534286459340055,0.0020211926381427246,0.017990468739932375,0.9110318847807465,0.27359407680050885,0.21793389425244658,-0.21833919434788032
3529,0.27959325690427145,0.27959325690427145,0.08230368558267667,0.05374007642906187,-0.6802183826909652,0.5325926653075796,0.19582891434173846,0.46400327694704074
3530,0.26234492478548305,0.26234492478548294,0.14321700149931885,0.07098840854785027,-0.024233820713090045,-0.7672772153362966,-0.6268083067267666,0.1334531504976475
3531,0.32566533426387867,0.3256653342638783,0.031987866732523185,0.007667999069454645,0.22103999408901845,-0.2455357376135408,0.9399770407256123,-0.08542063846882499
3532,0.33020127908809777,0.3302012790880977,0.0032732189982389017,0.0031320542452355493,0.6825182866063869,-0.5975460087861724,-0.028660291473772994,0.419864434697958
3533,0.25888501182978746,0.25888501182978735,0.08647904181170259,0.07444832150354586,0.9332003729095105,0.18151791442152562,0.11130756100147143,0.2894804615332682
3534,0.28049287215030544,0.2804928721503054,0.10259818043581723,0.052840461183027876,-0.8830589138571597,-0.26717194643007497,-0.3726330633459878,-0.09985342157163976
3535,0.3071867747102044,0.3071867747102044,0.05112677033889108,0.026146558623128924,-0.05324927816680648,-0.5257932238726647,-0.8383933146650178,-0.1334265716763661
3536,0.3242220251219883,0.3242220251219882,0.01501398388840298,0.009111308211345037,-0.27268850159136065,0.15229165164788025,0.1423315216986748,-0.9392496855837422
3537,0.3206755876630868,0.3206755876630868,0.024536174017041182,0.012657745670246523,-0.6844116951648571,-0.3921125220077535,0.6131316734378287,-0.0435654982022885
3538,0.3003551791953921,0.300355179195392,0.06630959291651391,0.032978154137941196,-0.09336210946930704,-0.2198693478593998,0.808942267435151,0.5371716618960832
3539,0.28376309363213104,0.28376309363213087,0.11077899957636854,0.04957023970120228,0.9172096942157508,-0.35756967001307344,-0.16378053783872717,-0.06361008841880282
3540,0.28204952853095067,0.2820495285309506,0.10753118395577299,0.05128380480238265,0.873894765437707,0.22832569029774502,0.41755138180965706,0.09912699753084112
3541,0.3285479771345855,0.3285479771345855,0.051042068272925435,0.004785356198747814,0.06601323860462016,0.4437562265246683,0.735045168638415,0.5083613516100934
3542,0.33113281716786974,0.3311328171678695,0.08354853929411248,0.002200516165463573,-0.7366434189165048,-0.3300833037582,-0.08078606002521162,0.5847008623669694
3543,0.31950708112452736,0.31950708112452736,0.05400430953864832,0.013826252208805956,-0.5799950252952858,0.5438417108889645,0.35977730843378414,-0.48826453123919045
3544,0.3278801685424328,0.3278801685424326,0.0896441540489968,0.005453164790900522,-0.5475207779013938,0.7808900235199985,-0.2649217306345465,-0.14229633013815005
3545,0.32354944515501627,0.32354944515501627,0.016049360977296836,0.009783888178317046,0.5512684437384396,-0.03781016207460542,-0.2522618167781891,0.794378669387502
3546,0.3089510156541774,0.3089510156541773,0.05097393903007397,0.02438231767915594,-0.7601999816844006,0.28213507531918824,-0.5480425946608385,-0.20529272164177859
3547,0.2782651218201741,0.278265121820174,0.036988207755645125,0.055068211513159215,0.9730878317705416,0.08056599374691492,-0.19603943211645436,0.09043082089164374
3548,0.2769624639002672,0.2769624639002671,0.11012504217491037,0.05637086943306613,0.6897090956367408,-0.08245625811634935,-0.3385270548155417,-0.6347454309022749
3549,0.3104157127912228,0.3104157127912227,0.03206644720464044,0.022917620542110495,-0.12098118098878861,0.14010989430739273,-0.8673449660425692,0.4620016030755129
3550,0.326077973739516,0.3260779737395157,0.008654806636402902,0.00725535959381729,-0.6306658226380725,-0.18319173456781682,-0.5519981558459558,0.5138087625614629
3551,0.3262751096568835,0.32627510965688344,0.035421906211425255,0.007058223676449815,0.7094976127883736,-0.6346570873106009,0.22282091116506345,-0.2101769742897502
3552,0.28650496845619794,0.28650496845619783,0.09230359635024765,0.046828364877135376,-0.12842019974734098,0.9137572761883043,0.29613840910880135,-0.24669401119664933
3553,0.2769367174255637,0.27693671742556364,0.04624703091470083,0.05639661590776962,0.03672735504326419,-0.9278626860652875,0.14229892536264557,0.3427432757033632
3554,0.32285663633807826,0.3228566363380782,0.028416225681605796,0.010476696995255053,-0.517999490859542,-0.643064132131925,0.5448743774579995,-0.14579767564823032
3555,0.32541577252681053,0.3254157725268104,0.0012220202776345606,0.007917560806522783,0.7840119483809534,-0.10305587334587456,-0.36751400640205845,0.48952855571777204
3556,0.32587560944492283,0.3258756094449225,0.05634046703184239,0.0074577238884104835,0.630956279671981,-0.6494718752207472,0.39784304009448596,0.14765287632862464
3557,0.274930260774779,0.27493026077477895,0.08318347764484574,0.058403072558554314,0.03026209649356789,-0.43531920248871125,-0.5310342255205538,0.7263498115826782
3558,0.2947928549963821,0.29479285499638197,0.08478741293317792,0.038540478336951234,0.4028758261579875,-0.5823909908140481,0.5245686878425135,-0.4725880809450593
3559,0.32790752875092477,0.32790752875092455,0.020070153073744098,0.005425804582408544,0.5229224309716476,0.49873645447331066,-0.02241186282021358,-0.6908775496215096
3560,0.29860976744210194,0.29860976744210194,0.08228216020022919,0.03472356589123138,-0.3693381662250132,-0.18966351048843455,-0.44179802214055,-0.7952556691979291
3561,0.3028996997432619,0.3028996997432617,0.004972637543587445,0.030433633590071396,0.30877074977528374,0.23537688060193915,0.4356561980033488,-0.8120726724269057
3562,0.31206273486810365,0.31206273486810326,0.050744291419364956,0.021270598465229662,-0.24503194196305267,-0.25889296266664774,0.5155092078949931,0.7792201472465775
3563,0.3222162217219108,0.32221622172191056,0.03040493130769623,0.011117111611422537,-0.23702262746234237,-0.22245976030557227,-0.16810131835161193,0.9306309020680997
3564,0.3092808841968467,0.3092808841968467,0.06564668954473037,0.02405244913648663,0.3834115532721489,0.4114835090986343,0.42899759988011993,-0.7068507352011517
3565,0.30398518067555386,0.30398518067555363,0.030174391309885435,0.029348152657779458,0.7016429547151631,-0.33872501827399676,0.5614481824688892,0.2788161840644067
3566,0.32992053856745246,0.3299205385674524,0.026374852651109285,0.0034127947658808555,0.7345775802721961,0.5719287332979954,-0.3331245920738525,0.1494031751510824
3567,0.29790746727615686,0.29790746727615663,0.06985261171789388,0.03542586605717646,-0.03099362085544625,0.31544269267402375,-0.8084114046272426,0.4959902256833687
3568,0.318650241115384,0.318650241115384,0.025032156162777305,0.014683092217949334,-0.17321464507437362,-0.6362021421323526,-0.37987142088596515,-0.6487998340567317
3569,0.2979785376225264,0.29797853762252624,0.08740916753625623,0.03535479571080691,0.35785170621085327,-0.7332201660700528,0.5726863556941215,0.07975388662611597
3570,0.297619669219864,0.2976196692198638,0.04190949001728225,0.03571366411346932,0.43964824855843404,0.4366798125146149,-0.42979610542939534,-0.6567308936234281
3571,0.31527808340112307,0.31527808340112295,0.025658289121334873,0.01805524993221025,0.28971636508419635,-0.940058880384717,-0.11006753882538985,0.14226336882400323
3572,0.2955882106562252,0.2955882106562252,0.029627700777519802,0.03774512267710811,-0.9577890664769448,0.12031385012445146,-0.25611781264695566,-0.050678867887832324
3573,0.2663564787659885,0.2663564787659884,0.1228752441729597,0.06697685456734481,0.9136468116930353,0.06967920121315264,-0.3503557254558751,-0.19402365330478563
3574,0.31939574135334853,0.3193957413533484,0.07599863254270273,0.013937591979984787,-0.06168590518351002,-0.08194359050998697,-0.12204436451553127,0.9872108539547277
3575,0.29615488446302624,0.29615488446302607,0.06040741705173394,0.03717844887030708,0.9107920476622463,0.3570718402190412,-0.02070658464077433,0.2062250813803074
3576,0.31091892287770034,0.31091892287770023,0.05790011495142652,0.02241441045563297,-0.712460111379846,0.625507009835823,-0.017990960801546586,0.3175183391054792
3577,0.3239796641424542,0.32397966414245416,0.015369546345226266,0.0093536691908791,0.37325558690719385,0.9261207167571264,-0.00803627308222315,-0.054000955091374765
3578,0.33155278680468175,0.33155278680468164,0.057069815765170256,0.001780546528651561,-0.11780544877339666,-0.15089476325276924,0.31473765024374883,0.9296735223621424
3579,0.28726599634232003,0.2872659963423199,0.06924073259597655,0.046067336991013286,-0.6626518444547986,0.2731013432169124,0.696215398127895,-0.039903743977075794
3580,0.297621517371479,0.29762151737147896,0.09454243816058616,0.0357118159618543,-0.8813620592610425,0.04199066751556281,-0.45591615417907766,-0.11652538219328709
3581,0.27690609962403245,0.2769060996240323,0.008134168265181735,0.05642723370930086,0.009456420229546021,0.21870820423391896,0.536307875454551,-0.8151387368065895
3582,0.3023006709727775,0.3023006709727773,0.07049043882235789,0.031032662360555796,0.5115413878355838,0.006291895325995397,0.19978801989462422,0.835685687140229
3583,0.3155308293729231,0.31553082937292304,0.004168022499205751,0.01780250396041022,-0.6484087881428561,-0.2751232835176624,0.3191023512238804,-0.6340716929251485
3584,0.27824547114384607,0.27824547114384607,0.11932529354696586,0.05508786218948725,0.31447674940741216,0.7642466836923812,0.42193681720803494,-0.37282798021567315
3585,0.3174594860644068,0.3174594860644067,0.04029779215409558,0.01587384726892649,0.06993311655907754,0.0842718124979717,-0.88961348908379,-0.4433908669185763
3586,0.32232068910433403,0.322320689104334,0.006003487831069997,0.01101264422899928,0.5238333835130593,-0.7884588359271023,-0.10245138912407109,0.3056713320419288
3587,0.32390905762036337,0.32390905762036304,0.05777939132938037,0.009424275712969943,0.6117696771634921,-0.015550557421943879,0.7900333252942703,-0.0366522467472525
3588,0.3239303269315422,0.32393032693154217,0.06454728642767862,0.009403006401791092,0.843069963334912,0.3409961559269835,0.005532002789210377,-0.4158413826336078
3589,0.25697336085325106,0.25697336085325106,0.1596962634545251,0.07635997248008225,-0.05647010059127586,-0.5786867792401168,0.7675123537974834,0.26992133305864924
3590,0.2718212876613019,0.2718212876613019,0.10277979325047472,0.06151204567203139,0.10723405571349219,0.3438530235605569,-0.13196294926189658,0.9234997214431636
3591,0.33001631816782123,0.33001631816782107,0.006043297353220976,0.0033170151655120828,-0.7033570819347651,0.4938515702263854,-0.49220549622608123,0.13832277962064962
3592,0.2735061192765076,0.2735061192765075,0.12040067854494267,0.05982721405682573,0.22502303506767884,-0.7470963708591566,0.6061942053438485,0.15407865441243912
3593,0.27699533461211134,0.27699533461211123,0.05295323551984442,0.05633799872122197,-0.31331576527322674,0.6856009976049182,0.6571000814696007,0.001996558798848825
3594,0.3136770530918295,0.3136770530918294,0.003593142100510505,0.019656280241503787,0.26990426509986515,-0.6552517465166421,-0.6354333800065838,-0.30662885699359776
3595,0.31352974305747433,0.31352974305747416,0.08301836662153078,0.019803590275858984,0.14628624705596444,-0.26911786890510353,-0.9297221175707079,0.20443260664115084
3596,0.2573626053547429,0.25736260535474287,0.1348498645826397,0.07597072797859039,0.0849071982557551,0.8476219620620027,-0.4159563326104765,-0.3182893439557182
3597,0.3214427210394182,0.32144272103941773,0.07664060389797753,0.011890612293915137,0.746494567755543,0.20643283275966864,-0.6187630457887259,0.13139116803097028
3598,0.3139756668207277,0.31397566682072753,0.017829641912304635,0.01935766651260562,0.548736064380651,0.05781894862210022,-0.16829491243346173,0.8168369012705551
3599,0.33101098283316815,0.3310109828331679,0.050483787040902305,0.00232235050016516,0.6913744571424224,-0.07673003991801895,0.5849562042194115,-0.4170612666388694
3600,0.2948128407756787,0.2948128407756787,0.033537078440656815,0.038520492557654606,0.3839427033601462,-0.7743689610760222,-0.5013618194054485,-0.039711946577864664
3601,0.29285029934960605,0.29285029934960594,0.03266812082151771,0.04048303398372727,-0.4086430211142955,-0.7926839786177541,-0.45187294837054093,-0.021767633500774916
3602,0.3202229874859115,0.32022298748591144,0.06795749051776459,0.013110345847421823,-0.45554737739411544,-0.4389996221091975,-0.3336654585161987,0.698872864354097
3603,0.2821689999492865,0.2821689999492863,0.12003686770248717,0.0511643333840468,-0.34788371174164345,-0.6983910673159818,0.5882433973618811,0.21259479217105276
3604,0.29805844505597934,0.29805844505597906,0.0627283908026663,0.03527488827735398,0.8655913276819128,0.2772567189536119,-0.1067278357310142,0.4030999061239222
3605,0.2737029534896316,0.2737029534896315,0.09567101964746412,0.05963037984370173,0.5222387273011065,0.2219341860576783,0.28082146061898444,0.7740486005553245
3606,0.3246058887174027,0.32460588871740237,0.02972287605173998,0.008727444615930613,-0.7480848962862912,0.20054316291569532,-0.43565114395982396,0.45864965771555366
3607,0.31574254446399036,0.3157425444639903,0.08915224403733965,0.017590788869342955,0.3858300650076178,-0.2485671261251014,-0.6036204603562157,-0.6519140162517411
3608,0.3037834336607353,0.30378343366073524,0.01936757563399773,0.029549899672598023,-0.13100590493002348,-0.3988703205956374,-0.20240094759632485,-0.8847450348170983
3609,0.3293281485129349,0.3293281485129348,0.05148890470326415,0.004005184820398411,-0.19479082374030934,0.9563615033908418,0.1605030120527143,0.14720051949835905
3610,0.23630431613712047,0.23630431613712044,0.15424905926026705,0.09702901719621285,0.14087028847731004,-0.7253177914939479,-0.6007875412667569,0.30516224115264684
3611,0.31314524286260853,0.3131452428626084,0.09841506525440095,0.020188090470724784,0.1110506121857209,-0.9085162300217137,-0.39778088501776887,-0.0635325808919314
3612,0.2829453394498669,0.2829453394498668,0.08347414337930503,0.05038799388346643,-0.9165006082466022,-0.2772764229460522,-0.2766555877291846,-0.08127795605248407
3613,0.3220495221952856,0.3220495221952853,0.06337080239591568,0.011283811138047717,0.013646972321265667,-0.11807789710200121,-0.9562239156478245,0.2674082898968806
3614,0.3228893809869939,0.32288938098699355,0.06345076633933713,0.010443952346339436,-0.44404511181462747,0.19006721226332685,-0.7697785713587827,0.41730006538798214
3615,0.2960994667166563,0.29609946671665627,0.08642725827198165,0.03723386661667699,0.6786665575448451,-0.6207334830444962,-0.21804397760882308,-0.32643294951061635
3616,0.313508228406309,0.313508228406309,0.01672163208281108,0.01982510492702433,0.18826214171935501,-0.3938030985446257,0.8842515442057554,-0.16605930308667044
3617,0.29779073017594876,0.2977907301759487,0.04817490260613877,0.035542603157384556,-0.1948430402082633,-0.8470902282136958,0.47974604839291646,-0.1196581129662809
3618,0.2643662628061904,0.26436626280619036,0.1203682927126754,0.0689670705271429,-0.9265791028822324,0.0711457867010536,0.3661534108756024,0.04817803276190992
3619,0.2962778687327517,0.2962778687327516,0.11854035381231148,0.03705546460058162,0.3431453739294656,-0.5470478606471029,-0.5089846156593927,0.5691437002500295
3620,0.3047371263413149,0.3047371263413147,0.011528835961746062,0.028596206992018425,-0.15979976868170773,-0.06215695048758398,-0.8546155979162972,0.49013541724050796
3621,0.3036458123305051,0.30364581233050497,0.058956618905276356,0.029687521002828232,-0.35909636236512804,0.6856642513080113,-0.24673759072395612,-0.5831251137947112
3622,0.2923011606868409,0.2923011606868409,0.01925049666009898,0.04103217264649239,0.41947277658390025,0.7200330610038903,0.502625165076364,0.23013675108143664
3623,0.2803426077980079,0.2803426077980078,0.07714330190866674,0.05299072553532541,-0.17236108944977616,0.3728484913694381,-0.6273502675489812,-0.6615945126234363
3624,0.3232151518401244,0.3232151518401242,0.019376574151548972,0.010118181493208922,-0.36137734934347643,-0.14130562360130505,-0.9158990688683479,0.10280091325577947
3625,0.281721514222684,0.2817215142226838,0.035942499656110447,0.051611819110649326,-0.603898605921049,0.384099166667607,-0.21409353523994368,0.6647843726354633
3626,0.24655098338816614,0.24655098338816608,0.08263143446424108,0.08678234994516718,0.04205116071336797,0.8432838236732209,0.24795240855538578,-0.47499862705624074
3627,0.2776146728269199,0.2776146728269197,0.06517705832575434,0.05571866050641344,-0.0020811176076669146,-0.10248422883949367,0.7169190393158374,-0.6895793956138293
3628,0.254254846347081,0.254254846347081,0.13383556942950955,0.0790784869862523,-0.14901773877510885,-0.8072403974462944,-0.41255765798827315,0.3949086389234009
3629,0.3237386453781453,0.3237386453781451,0.06854370504662578,0.00959468795518803,0.7276595441878495,-0.027033469744156678,-0.6176970817515777,0.29703719373423215
3630,0.3239215595312664,0.3239215595312662,0.05214018761533578,0.009411773802066925,-0.13006273505101207,-0.25337977798366107,-0.5190381431058898,-0.8059043237638018
3631,0.27376965173645207,0.27376965173645207,0.08841362129513776,0.059563681596881246,-0.2199004906716204,0.46637390678246304,-0.563809923295215,-0.6451802257266468
3632,0.32428925996560093,0.3242892599656009,0.07175334722086016,0.009044073367732386,0.00974663917607807,0.9736045410911132,0.2105218067256916,0.08763429399775369
3633,0.30515785455954464,0.3051578545595446,0.09945245276240107,0.028175478773788676,0.3307071337514546,0.23508853880541386,-0.5849770612686086,0.7022592173818549
3634,0.2809521724216273,0.2809521724216272,0.06230210857472018,0.052381160911706026,-0.38775693570259384,-0.3839457981412174,0.2729397969264216,-0.7922966932645887
3635,0.299265353599727,0.29926535359972695,0.11324497400347726,0.03406797973360631,-0.32318023284428865,0.5102438700466992,0.502955472777171,-0.6182568419208726
3636,0.3241310162910491,0.3241310162910489,0.007891596185550647,0.009202317042284192,-0.15768366891158483,-0.12055882390602422,-0.9034718482217522,-0.3799211102423095
3637,0.32635966175689884,0.32635966175689873,0.013336576361764906,0.00697367157643447,0.7274628941000278,0.4893504107112138,-0.33747953850255086,0.3426973509329817
3638,0.301213992122516,0.3012139921225159,0.03410706389793246,0.03211934121081733,0.5725126046608358,-0.2532154611349712,-0.7719860345528524,0.11022164125992567
3639,0.3242056680090474,0.32420566800904715,0.0131988690994415,0.009127665324285938,0.5700274436912245,0.13224282710000307,0.7659590820875051,-0.26624656370949307
3640,0.29779997041875345,0.29779997041875333,0.025826456692221215,0.03553336291457987,-0.9384916181160577,0.2244288568641414,-0.15780331758755395,-0.20967423277770722
3641,0.28770951705610354,0.2877095170561035,0.09846657649672723,0.04562381627722978,0.31091893835078666,-0.6991791757533287,0.20754896471365136,-0.6094270433891223
3642,0.31519791999424285,0.3151979199942428,0.07000200422813302,0.018135413339090467,0.583024539611276,-0.07047301240770287,0.04139110921735562,0.8083332956219237
3643,0.27059350570414986,0.27059350570414975,0.11668573554400968,0.06273982762918345,0.11508289524429313,0.41254322714109154,-0.7570311091810019,-0.4934246778327841
3644,0.3238956906509174,0.3238956906509172,0.012842669715049599,0.009437642682415925,-0.8248200041918092,-0.23981200541992637,-0.42281233607678775,0.288776541988415
3645,0.23002870925902857,0.23002870925902855,0.1731420815463866,0.10330462407430474,-0.12177441763041132,-0.6679384188407514,0.5805076027432503,0.449488801867828
3646,0.31917603431352004,0.31917603431351993,0.014764768702943376,0.014157299019813274,-0.25649051395272005,-0.038069529847302795,-0.8931305062138256,0.3675339794083132
3647,0.3267072871122175,0.32670728711221747,0.09180633732539924,0.006626046221115789,-0.5715380109300179,-0.5094945537454676,-0.2766252906949391,0.5807220077746372
3648,0.3080838143034011,0.30808381430340104,0.00848735505724807,0.02524951902993222,0.6860118000252925,-0.4079257136971979,-0.5081067819195911,0.3237466918719125
3649,0.2987229339827,0.2987229339827,0.08929833272787993,0.034610399350633314,0.4495296581081818,-0.6659713180635727,0.46315037426667494,0.3740281016373608
3650,0.2847598633089585,0.2847598633089584,0.08510473491306426,0.04857347002437479,-0.175089284006132,-0.7014804705476468,0.2705923619905064,0.6356482248058833
3651,0.2917228793158859,0.2917228793158859,0.10330956385924622,0.041610454017447396,0.7011646446940966,-0.12219749226711106,-0.7016780505920017,-0.03292153143519824
3652,0.3233149464017027,0.32331494640170266,0.016574655891976743,0.010018386931630596,0.5230684858911442,-0.19884697191980577,-0.6010551121479819,0.5706066885225293
3653,0.3277361078741778,0.3277361078741774,0.02378483729850795,0.00559722545915553,-0.7140429796935978,-0.584725144206146,0.38441670190838506,-0.02151576578395912
3654,0.2964828523328481,0.29648285233284805,0.09333614635064257,0.03685048100048521,0.5131679735315762,-0.5096809034368218,-0.5289968203300379,-0.4438990557480724
3655,0.26023330628459046,0.2602333062845904,0.11284818210496442,0.07310002704874285,0.1011027474002531,-0.7967518153476456,0.5870026694816428,0.10194432416656245
3656,0.3296892506839709,0.32968925068397087,0.01475808164347966,0.00364408264936239,0.7184547202452437,0.6669635806324616,0.03745765332245692,-0.19385386577220753
3657,0.2833347120043865,0.2833347120043865,0.05894592907427681,0.049998621328946835,0.3620166213568138,-0.5922179616424879,0.007376449733537238,-0.719838481715685
3658,0.32348662691888774,0.3234866269188876,0.03152151288375895,0.009846706414445572,-0.4171062420102267,-0.36012442619893015,-0.25399536334655043,0.7948705151969416
3659,0.2957439791977491,0.2957439791977489,0.06569206408564282,0.03758935413558423,-0.22273214056956922,-0.8198835476543338,-0.5223814889522672,-0.07279383107828385
3660,0.3021038986724235,0.30210389867242327,0.07160444158827048,0.031229434660909827,0.21558026700903016,0.7697987150643264,-0.21531366531369353,0.5608699602321467
3661,0.3037113026795241,0.303711302679524,0.018282103238166175,0.029622030653809195,0.20484477615373417,-0.6986372807481349,-0.0499462163532703,0.683703110350809
3662,0.3095458703421279,0.30954587034212777,0.047287885402638986,0.023787462991205433,-0.4072835102006689,-0.6328135811927158,0.6538535687760552,-0.07837489633478364
3663,0.3269260920986069,0.32692609209860674,0.0021206719023231114,0.006407241234726413,0.18740092318708562,-0.17565865808221748,-0.3737827816598187,-0.89124147230929
3664,0.2954916249291533,0.29549162492915315,0.11284120257211519,0.03784170840418,0.29598026920603115,-0.822709626393539,0.46042864911013837,0.15346012497955933
3665,0.2990070614546367,0.29900706145463657,0.02542152310357516,0.034326271878696635,0.4076742492575799,0.143976660179939,0.10292490106339439,0.8958118622550103
3666,0.2870156937372254,0.28701569373722535,0.06309010444372458,0.04631763959610791,0.3996227230443572,-0.44339870602383646,-0.7362130209342372,0.3188881536367961
3667,0.2900742441574334,0.2900742441574332,0.09121875390020172,0.043259089175899934,-0.8363418278793951,-0.2025990024265023,0.4892552968704449,0.14182822582036017
3668,0.3024550830022347,0.30245508300223467,0.07184261647245745,0.03087825033109859,-0.3877492624897011,-0.5771739022515249,0.4233516813315255,-0.5807703073610174
3669,0.3076203276838836,0.3076203276838835,0.03221972273774158,0.025713005649449727,-0.36383651755152924,-0.2844971788729898,-0.8562071228596215,-0.231503145710236
3670,0.29787982903298843,0.29787982903298826,0.017483927806993156,0.035453504300344885,-0.6048635809960407,0.5337930960618318,0.511416183116139,-0.29607172547930005
3671,0.3117940372693448,0.3117940372693448,0.0482816024845338,0.021539296063988522,-0.5107650719826263,0.7190447137888475,0.2883847724498861,-0.3727304171031984
3672,0.28038064387223205,0.280380643872232,0.08116747965781698,0.052952689461101266,-0.211040008711641,-0.3363564144013186,0.7459365299846997,0.5347010103305062
3673,0.32300680328281123,0.3230068032828112,0.00398575813700148,0.010326530050522087,0.7102266077981394,0.4231656815645265,-0.3430705206521179,0.4458829323724584
3674,0.2908312771042876,0.29083127710428736,0.11369599221092697,0.04250205622904574,-0.24258048621140166,0.8604339285365569,-0.36636808677711974,-0.25803601943112525
3675,0.3089664412151945,0.3089664412151944,0.038839630579797564,0.024366892118138805,0.36488349929143477,-0.03538928677192429,-0.7433863920192489,-0.5594499999885741
3676,0.32810396619047416,0.328103966190474,0.01202596299969243,0.005229367142859154,-0.7120461908958364,0.43134167394891326,-0.5534926673248822,0.02409252089895693
3677,0.3267841676378145,0.3267841676378143,0.005110510148518127,0.006549165695518833,0.270275636032057,0.25435700200871125,-0.9055558267976728,0.20548051160484956
3678,0.30558284292592225,0.30558284292592214,0.05039399952287802,0.027750490407411066,-0.10926898932498585,-0.9332796894325263,0.3364778246065042,-0.06190301133788339
3679,0.29430868481121775,0.2943086848112175,0.03951858571621628,0.03902464852211557,0.3297305768945128,0.24932293154195076,0.6844782103699784,-0.6005042897405906
3680,0.3181176432153262,0.3181176432153262,0.03081223260608002,0.015215690118007108,-0.24678249716511896,0.10890642241416791,0.8830385727221025,-0.38403212018632876
3681,0.28526335896419164,0.2852633589641916,0.016224098373019455,0.04806997436914168,0.7111023809024729,-0.3222304534219054,0.11905132475562652,-0.6134555573440329
3682,0.3020790650617037,0.30207906506170357,0.06903996435531312,0.03125426827162964,0.7613805190091628,0.5744514407955893,0.29530625217876216,0.05567283776979952
3683,0.2983094676806024,0.29830946768060224,0.01508751865285392,0.03502386565273091,0.18566338362977508,0.5457177070495706,0.17963606856043327,0.7971525419039026
3684,0.3273256698262511,0.3273256698262511,0.010872969641756013,0.006007663507082206,0.44517830771023104,0.011601728815251526,0.8481768294662634,-0.28684096672077614
3685,0.30684692144807146,0.30684692144807146,0.07249269223708424,0.02648641188526185,0.3364577336437869,0.3002487004538236,0.7806656258559401,0.43267550422230977
3686,0.28935409468026263,0.2893540946802626,0.09199275013774125,0.043979238653070685,0.7363668315328252,-0.18973329917579024,0.33445498456169825,0.5566911422898804
3687,0.31070635420300463,0.31070635420300435,0.05032511215478383,0.022626979130328684,0.7988490881024861,0.3337267639757636,-0.49864378025074585,-0.04267272971509268
3688,0.30102243262934847,0.30102243262934836,0.09915313373754574,0.032310900703984846,-0.21420027033175387,0.7874013938710424,-0.19428803492157523,0.5443982444920777
3689,0.30479480053021796,0.30479480053021774,0.02482448599024284,0.028538532803115357,0.462253448171891,0.3247070973224724,0.8090612872740957,-0.16219397040579092
3690,0.2717785428521734,0.27177854285217307,0.02900235564737146,0.061554790481159916,0.08707828828794986,0.18945245299651034,0.7443747722436012,-0.6343747616430945
3691,0.2749769336166395,0.2749769336166394,0.11495373043458525,0.05835639971669382,-0.2279782879848416,-0.8453032962093492,-0.41450200011809807,0.24834719552112125
3692,0.3268397503563095,0.32683975035630947,0.012288843269862433,0.006493582977023793,0.26676906820550894,0.871497614339327,0.15664468581060906,0.3805109917688604
3693,0.2950369180018336,0.2950369180018335,0.07488120802889388,0.03829641533149969,-0.5126471971905897,-0.07365664100025121,-0.21010447400990223,-0.8292307642931581
3694,0.2926336375772877,0.29263363757728755,0.0023690152865629838,0.040699695756045595,-0.2072451589171503,-0.2168556612595545,-0.4583872857329628,0.8366027507505899
3695,0.27617643499054667,0.2761764349905466,0.11988838129561546,0.057156898342786644,-0.6124609810593887,-0.07001092017155383,-0.30505684258286087,-0.7258996766288569
3696,0.2742655810620606,0.2742655810620606,0.08299783806098249,0.0590677522712727,-0.2908547777179843,0.49700343245998213,-0.03294852756478511,0.816887679508591
3697,0.3196674697911455,0.31966746979114546,0.03901719122143526,0.013665863542187795,-0.1976778850924838,0.4242158915578648,0.23347441670541164,-0.8523227251688157
3698,0.27939938648072754,0.2793993864807275,0.029303513587267155,0.053933946852605774,-0.5254910865795691,0.6216832719834167,0.5445653390227546,-0.20203370707990612
3699,0.3246883796656041,0.32468837966560393,0.00797450280577312,0.008644953667729216,-0.4709347720651099,0.08375990499867751,0.7757107542542662,-0.41167650468404543
3700,0.2816063979964939,0.2816063979964937,0.1328001975732569,0.05172693533683942,-0.34316705250231194,-0.5867698865252825,-0.5563439411240086,0.4779318921337935
3701,0.26768219600207493,0.26768219600207493,0.013393404587322372,0.06565113733125838,-0.5492878193493398,-0.3784039731380455,0.6470673635721487,0.3693198500318892
3702,0.2851997047558893,0.2851997047558893,0.09407386038045248,0.04813362857744402,0.3051571020708506,0.5692179640497328,-0.37596656236728865,0.6644691087180212
3703,0.2808154462348537,0.2808154462348535,0.002413748967027677,0.0525178870984796,-0.18406677583896705,0.7779446971178193,-0.5546560370378606,0.23082060314444933
3704,0.3213818151233628,0.3213818151233626,0.002584016817355048,0.011951518209970535,-0.5040482177670627,-0.6328591014553046,0.054117607408761044,0.5852316092278196
3705,0.2855576936214438,0.28555769362144373,0.023403134574365547,0.04777563971188953,-0.5230876174667549,-0.556446677666205,0.036033233580909325,-0.6445525932341754
3706,0.3086882205823668,0.3086882205823667,0.09009469761593443,0.024645112750966536,0.08928093481001474,-0.37966315654451266,-0.9171221722313216,0.08229048209731583
3707,0.23642399259558003,0.23642399259557997,0.13926095725807225,0.09690934073775329,0.21239946043425378,0.5874534843891164,-0.6325508332924425,-0.45789116194502005
3708,0.32659799063608924,0.326597990636089,0.0008596731463256683,0.006735342697244073,-0.5950057864287719,0.5968580248299459,-0.10332476785477245,-0.5282542992348778
3709,0.3219898344015031,0.3219898344015029,0.0048468934413200965,0.011343498931830232,0.3495076770449784,-0.8091253295015312,-0.34950392607202035,-0.3178169134988027
3710,0.24695579021582306,0.24695579021582298,0.17206724742150825,0.08637754311751025,0.8357928591346034,-0.352203926189179,-0.3356198160029654,-0.25448385037693044
3711,0.32543921160689493,0.3254392116068949,0.013496315201579087,0.007894121726438386,0.8245516441922829,0.541603511768456,0.034701024718153534,-0.15992517307600065
3712,0.3246669079706898,0.3246669079706897,0.020979454830412938,0.008666425362643504,-0.7310164946148555,-0.3716249989979875,-0.43922519819404304,0.36686641982083706
3713,0.31923179350904246,0.31923179350904246,0.025479933364568424,0.014101539824290854,0.2870634940303732,-0.30321356723549675,-0.8617014110337108,-0.2883171192661141
3714,0.321245110805393,0.3212451108053926,0.001529311673990561,0.01208822252794034,0.050742256544225074,0.2658779838174036,-0.9241469061846732,0.2696045565477136
3715,0.3275436628746555,0.32754366287465536,0.027554565666286574,0.0057896704586778425,-0.6187168148366866,0.6629354967589072,-0.14352174893524192,-0.39636793230272266
3716,0.30694535089870967,0.30694535089870956,0.028269747357505027,0.026387982434623647,0.2967461931576867,0.6597851617216379,0.275934181009968,0.6328392884206316
3717,0.32778669204973265,0.32778669204973243,0.03834735094105312,0.005546641283600662,0.06466801745663761,0.00850440216406581,-0.9656056987958078,0.25169695491825006
3718,0.2979825554216491,0.29798255542164903,0.026611389889252494,0.03535077791168423,0.9260477938732412,-0.11989623603184535,-0.061001971348186024,0.35261754854166594
3719,0.2994640026668605,0.29946400266686046,0.10324715742016817,0.0338693306664728,0.3488954932196345,-0.6859315716143243,-0.3514090320389089,0.533180556730277
3720,0.31213651455687624,0.3121365145568762,0.013694943482469269,0.02119681877645707,-0.9150128847138661,0.2779549288590266,-0.28870705059587787,-0.04626788591249661
3721,0.3275062335533319,0.32750623355333186,0.025981459573066825,0.005827099780001399,0.6915454387516531,0.13078348395463157,0.6375878644750067,-0.31327671720169803
3722,0.30473836420578393,0.3047383642057839,0.09726692182593157,0.028594969127549386,-0.9024847735452846,-0.12871505231457173,0.03862880793608111,0.4092205811344421
3723,0.3202125294163,0.3202125294163,0.006628300832141046,0.013120803917033297,-0.7132806702610741,0.4709559629720099,0.33738732281326433,-0.3944628762987942
3724,0.291284824159449,0.29128482415944895,0.043747713241463475,0.04204850917388431,0.2713922650514854,0.7954970492927411,0.13258908515499462,-0.5253102107655324
3725,0.3113364274291759,0.31133642742917583,0.022259435603911623,0.021996905904157427,0.42898362073529084,-0.6822132900881837,-0.27259907254691784,-0.5255928325371803
3726,0.31145026600563563,0.31145026600563563,0.011782173063760977,0.02188306732769768,-0.2665962718523448,0.08088734567597958,-0.8908443440312337,-0.35885933156528943
3727,0.28105472905361206,0.28105472905361195,0.08687746052945017,0.05227860427972125,-0.8863377023051228,-0.1904063477321401,-0.004665460270900548,-0.4220534725556037
3728,0.31525487311426353,0.3152548731142635,0.00040069266888178467,0.01807846021906978,0.29299337301106715,0.9465943038832348,0.02202378804901369,-0.1327744703901458
3729,0.28024547206658984,0.28024547206658956,0.04529517454339448,0.053087861266743475,-0.4985090504272973,0.17464762248347038,-0.49586126308051615,-0.6892811780247163
3730,0.30545157203550005,0.30545157203549966,0.084574225344683,0.027881761297833263,-0.6864809879886806,-0.03565843912467585,0.004869119717341476,-0.7262565803643054
3731,0.3249623376069164,0.3249623376069163,0.04444679884966392,0.008370995726416919,-0.49712716947196184,0.819778485179511,-0.1074983959947708,-0.26319556886112855
3732,0.2447352529672662,0.24473525296726611,0.15805901433604022,0.08859808036606712,0.10118898872060268,-0.3863850712310856,0.5721382662299891,-0.716327557481068
3733,0.3282543901323557,0.3282543901323555,0.03445142896536485,0.005078943200977626,-0.7060159246104164,-0.6227232124788642,0.33597786239083294,0.02960052059996164
3734,0.32934403657327405,0.32934403657327393,0.01564273039901512,0.003989296760059269,-0.36327694099302144,0.9086651174733935,0.11687556067307363,0.16940387170065355
3735,0.30048011611823233,0.3004801161182322,0.08736368542344147,0.03285321721510098,0.3171779500505244,0.5515290215232374,-0.5435251701370818,0.5475347256994972
3736,0.25161529007360417,0.251615290073604,0.11603430646920576,0.08171804325972915,0.10895357679416148,0.5222049172304228,-0.1819272643391656,0.8260348739697333
3737,0.29546550907854435,0.29546550907854413,0.07893995177721959,0.03786782425478896,0.3886957675622338,0.1996039879002345,0.390400540915834,0.8103463863966774
3738,0.26577121666517145,0.2657712166651714,0.1276126277543002,0.06756211666816186,0.10303092199491415,0.6426342327529074,-0.3946027500366414,0.6486096990259087
3739,0.2935578020328745,0.29355780203287446,0.0074054156838782555,0.0397755313004588,-0.4456666682147562,0.5474365355760434,0.18672173722828342,0.6832491882214788
3740,0.2827738374977871,0.28277383749778695,0.09545516991437406,0.0505594958355462,-0.24499986207115762,0.190193158674966,-0.6762262798384386,0.6682212570954464
3741,0.3027115171309262,0.30271151713092603,0.07468205302440048,0.030621816202407115,-0.04829979462147135,0.6048975259374916,-0.23910995694559856,-0.7580188265760287
3742,0.3130167209721477,0.3130167209721475,0.029028122075194427,0.020316612361185593,0.29942107236452364,-0.21399762725997123,-0.18372906374358558,-0.9114799329042228
3743,0.2919791721389397,0.2919791721389397,0.08243405966200257,0.04135416119439361,-0.523614100263481,0.10511166804526328,0.752337203089041,0.38570525546609674
3744,0.2769815037739615,0.27698150377396147,0.11070695992482962,0.05635182955937179,-0.8887661114956577,0.3130544710333408,0.33408282942918155,-0.02191712352285117
3745,0.3236649100280805,0.3236649100280803,0.0857233670565767,0.009668423305252805,-0.039818814043751684,0.9598924353212235,0.2590003222096944,0.09969858452613292
3746,0.3065098672752534,0.3065098672752534,0.05487287364599241,0.026823466058079892,0.16183828908561995,0.17997567150413202,-0.8656164357788817,-0.43832101473913054
3747,0.2770283145268622,0.2770283145268622,0.058811054911991,0.0563050188064711,0.5588156582007162,-0.3832752567719686,-0.7262385756818556,-0.11576989629291172
3748,0.287109476849463,0.2871094768494629,0.09628111020215682,0.04622385648387034,0.8443678404770645,-0.4143203249980227,-0.3361130310665775,0.04908817178169807
3749,0.2623821878280434,0.26238218782804335,0.12223977466131514,0.07095114550528991,-0.28334314135960176,0.6292236592296939,-0.5851302444309677,-0.4259305670672425
3750,0.29230178535478724,0.29230178535478724,0.0933743590136929,0.04103154797854608,-0.8356779338761924,0.17231774879012351,-0.2531403537191066,-0.45592646951376686
3751,0.2803135198840998,0.28031351988409964,0.1043317649548485,0.05301981344923351,-0.18404802145827717,0.4292356371958192,-0.6991635753378576,0.5413440573971202
3752,0.30928095963728,0.30928095963728,0.03416468085232679,0.024052373696053342,0.13260513061606458,0.6833641693469089,0.15240678420229645,0.7015707117006955
3753,0.26246377329334974,0.2624637732933497,0.1011458117003031,0.07086956003998357,0.5794314572158533,0.253555371057869,0.2269940481834948,0.7405690800227137
3754,0.23305935557693067,0.2330593555769306,0.1762203867309735,0.10027397775640265,0.1016693972816344,-0.5558526039216014,0.3890643452973762,-0.7275439172917937
3755,0.32407588234709517,0.32407588234709506,0.04129178802923252,0.009257450986238147,0.8251211268938171,-0.27870257825975103,0.49102819050825136,-0.019781682209486548
3756,0.28394537778648604,0.283945377786486,0.1377973838811889,0.04938795554684727,-0.1839957944781298,-0.3527475190621691,0.6044804336518291,-0.6901580548989797
3757,0.3207488614625471,0.32074886146254705,0.048149169868851184,0.012584471870786207,0.07457723366842973,0.9872343498918416,0.13977299664447038,0.01643423320457313
3758,0.31006934556378873,0.31006934556378846,0.10148976428147448,0.02326398776954458,0.390828126729846,-0.6180762939824459,-0.3381425536750189,0.5923636413284505
3759,0.32696860571834585,0.3269686057183458,0.015093170737489682,0.006364727614987464,-0.09708771403464986,-0.7934700922991397,-0.41841922370801243,-0.43116648947002495
3760,0.28895479198089113,0.28895479198089086,0.08384762063896727,0.04437854135244218,0.6509541548569014,0.14831603500760124,0.053580734395520274,0.7425564941038478
3761,0.32767650471837373,0.32767650471837356,0.00617399579808355,0.005656828614959586,0.13316442012083193,-0.2619868120320536,-0.9178188183321259,-0.2669059089840163
3762,0.3186063952934661,0.3186063952934659,0.08748887646823447,0.014726938039867188,-0.5523622200744501,-0.49229004756833905,-0.4214306996298623,0.5243497423562561
3763,0.3017273240136094,0.3017273240136094,0.05677812002641307,0.031606009319723904,-0.797820633258293,-0.3646175483792514,-0.47493547961026067,0.07051645743095925
3764,0.32621682737982083,0.3262168273798207,0.03603472580386804,0.007116505953512486,0.7879304173765309,-0.32760111829594246,-0.12252589078475684,0.506784540758196
3765,0.30432265249731577,0.30432265249731555,0.07660084362026386,0.029010680836017544,-0.20672793149780216,-0.28611022049602075,0.8971090418659976,0.2657063624918118
3766,0.29000598339621314,0.29000598339621303,0.04055987038981589,0.043327349937120174,0.20640853943181672,-0.8941647765212218,-0.13262113322820113,0.37453504815924155
3767,0.32351591678665864,0.3235159167866584,0.02654361536155434,0.009817416546674673,-0.4792983911075303,-0.8437413262914103,-0.15657900180661902,-0.18400174668461025
3768,0.288916296454578,0.2889162964545779,0.04928726990747474,0.04441703687875531,-0.937435203291246,0.15364571459299375,-0.17102030517899142,-0.2614580066358525
3769,0.33159417838767014,0.3315941783876701,0.04769551413101764,0.0017391549456631794,-0.03903647709966675,-0.9700291561014818,-0.05847356905631321,-0.2325949945517119
3770,0.2884825781218303,0.2884825781218302,0.12098480813096554,0.044850755211503,0.07622271054012657,-0.6777942307292133,0.0874271722978609,-0.7260451561246796
3771,0.32484016021257844,0.32484016021257833,0.04525233615674772,0.008493173120754871,0.2604452511002902,-0.14321496530852657,-0.6175974548781794,-0.7281697114127857
3772,0.29275861906409223,0.2927586190640921,0.0004024839620227364,0.040574714269241086,0.6331766987452957,0.41875512231868045,-0.6057569646754462,-0.2383063478908319
3773,0.32485870848717135,0.3248587084871713,0.03926354912523245,0.00847462484616196,-0.33346467950124214,-0.9327710379603418,0.13618576713950528,-0.01389010785217693
3774,0.2814364034588927,0.2814364034588924,0.07931087749689236,0.05189692987444061,0.3294547552477149,0.8048035349490394,0.4818314765854326,-0.10765343724052652
3775,0.2668035331734084,0.2668035331734083,0.10703216049472765,0.06652980015992493,0.7216911717695035,-0.10536015237527888,0.44182638720815326,0.5223509686484846
3776,0.32463294667335657,0.3246329466733564,0.00493512254430943,0.008700386659976744,-0.8407273694802739,-0.5139612566345553,0.016440673627841348,0.16956126071739044
3777,0.3025850299826434,0.3025850299826434,0.022775734188996002,0.0307483033506899,0.2562999312248672,-0.7221375394394491,0.08774273258451906,0.6364973937614105
3778,0.28365159068188284,0.2836515906818828,0.10358469106355535,0.04968174265145048,0.4748659300940609,0.349254555367342,0.6922026304335863,0.41638818716659887
3779,0.3174048539711445,0.31740485397114443,0.06621835196584282,0.01592847936218883,0.8628182445788054,0.028966636681806927,0.49324047613019295,-0.10686179620497467
3780,0.268522449417108,0.26852244941710796,0.0050712259902286425,0.0648108839162253,0.5122667615599433,-0.4933612105358806,-0.6953154244255285,0.10350817115283975
3781,0.25888131206364606,0.25888131206364573,0.16041468619295776,0.07445202126968725,0.8236547937831044,-0.0713553710949899,-0.5348088482152985,-0.17458719186880217
3782,0.30103695984550327,0.301036959845503,0.08207994189076408,0.03229637348783004,0.8254492724978334,0.418767166077277,-0.055772469312800374,0.37437546769941604
3783,0.2504423307171337,0.2504423307171335,0.14911694461721944,0.08289100261619964,0.7835709586436248,0.025602047013732993,0.4046720825008388,0.470745784477622
3784,0.2654121991650212,0.265412199165021,0.1175784104182569,0.06792113416831214,0.027917827274751846,0.4303214741043085,-0.11971378294695473,0.8942665341034973
3785,0.3177177034597583,0.3177177034597581,0.011056508546890085,0.01561562987357501,-0.8606958348778685,-0.41153621734319396,0.2966564088826209,-0.04284386429363845
3786,0.3178564869062409,0.31785648690624085,0.011480104721282572,0.015476846427092406,0.3715598148824622,-0.11787461539367236,-0.7764468811039252,0.4951556521279861
3787,0.31841518631819193,0.31841518631819193,0.02471723683602736,0.01491814701514138,-0.32141076896940807,0.12732589654553986,0.8526649228189095,-0.39172153764324896
3788,0.27392192155057515,0.27392192155057504,0.11327817463812843,0.05941141178275816,0.25165179419631795,0.533000866901557,-0.38389340914807507,0.7107793615269308
3789,0.3160924333996637,0.31609243339966353,0.011403589151119336,0.017240899933669618,-0.8884979050477695,0.39795006617832035,-0.08599387703089843,-0.21168908962813884
3790,0.2513505356702961,0.251350535670296,0.04458694750589382,0.08198279766303723,-0.6115488297838502,-0.19524863580021956,0.623794605927179,0.4458321305427776
3791,0.31657659944841515,0.3165765994484151,0.03130356238427787,0.016756733884918162,-0.7724089235553611,0.5299018546501781,0.24364061404289714,-0.25145124863310947
3792,0.30432390868792614,0.304323908687926,0.03855683469750516,0.029009424645407178,0.4318840271111706,-0.3163302817916963,-0.7740447958408463,0.3380325339069098
3793,0.33112285712518025,0.3311228571251802,0.04459894343544001,0.002210476208153067,0.057686820749888366,-0.42589841690990404,-0.756101290834722,-0.49355203087767247
3794,0.25559202992636126,0.2555920299263611,0.11489571012165518,0.07774130340697205,-0.10914798209439026,-0.7741671271436119,0.3490407045914066,0.516645491409016
3795,0.3289975790586333,0.3289975790586333,0.005910681474434699,0.00433575427470001,0.36991159273624946,0.9075847680029946,0.07510398493384772,0.1838877208933156
3796,0.2709317640054914,0.27093176400549135,0.11999019715986231,0.06240156932784191,-0.8009546998604241,-0.27129530837951277,-0.08388998986312514,-0.5270985619630618
3797,0.2681621301123959,0.26816213011239587,0.026539803067651007,0.06517120322093739,-0.45836981154665657,0.16090336231777083,-0.7012034342236836,-0.5218438154183981
3798,0.28148549134096557,0.28148549134096545,0.025648341600248637,0.05184784199236775,0.6464048542305239,-0.22423863990607404,-0.01471637200960449,-0.729151030442366
3799,0.31901980823613096,0.31901980823613074,0.036314081871102195,0.014313525097202351,-0.11287491873330761,-0.7594966328526458,-0.17008479931129755,-0.6176530405087294
3800,0.3284219469299443,0.32842194692994425,0.01653938249164537,0.0049113864033890064,0.2069515039629749,0.02797172128488137,-0.4169523775910465,-0.8846125550979915
3801,0.308612297805288,0.3086122978052879,0.06273576717081664,0.024721035528045332,0.9136254113672729,0.274082769484924,-0.08252590431551704,-0.2887156356908326
3802,0.29339345367782704,0.2933934536778268,0.000299495644471123,0.03993987965550627,-0.406493615719236,-0.15122074370398353,0.8081537155935964,0.3984755940147159
3803,0.3218675124487296,0.32186751244872946,0.019547185616969626,0.011465820884603739,-0.4621627353046923,0.8388776385032384,-0.021853891601337726,-0.2867269103812759
3804,0.32971180379318576,0.3297118037931857,0.033130016649648736,0.00362152954014755,0.058379336777633115,0.8250391721217163,0.2869562879665785,0.48327870457796795
3805,0.3181925493420477,0.31819254934204744,0.035328750433756946,0.0151407839912856,0.17646306468724052,0.5000617955831715,0.7411539260336568,0.4116914443174863
3806,0.3117227678674469,0.31172276786744685,0.04286842147966113,0.02161056546588641,-0.5178338090610355,-0.6658338106930638,0.24368348664500084,0.47867717834447465
3807,0.31713913459330556,0.31713913459330545,0.08317221422701566,0.016194198740027754,0.3592100231357656,-0.2582739227609436,-0.7253771577763107,-0.5273430753094593
3808,0.32575125215018796,0.32575125215018796,0.0022426649430537676,0.0075820811831453505,0.38113363021892427,-0.8845941648530307,0.18092267263037912,-0.19873929141564867
3809,0.23381534929682748,0.2338153492968274,0.14679195265195433,0.09951798403650583,-0.20340549321462512,-0.6100902144620447,0.6539970977882104,0.3983766203385552
3810,0.29646669359003464,0.2964666935900345,0.08427717633942206,0.03686663974329868,-0.6396744041566403,-0.5961138012758643,-0.07866128010334958,-0.47882919251836464
3811,0.32958950017633565,0.32958950017633554,0.047841233312469006,0.003743833156997667,0.12940350848927856,0.9133097769433985,0.25610302107889,0.2890176913694569
3812,0.2627053391347676,0.2627053391347674,0.10981656031719346,0.07062799419856569,-0.04732634929954209,-0.40348846181226905,-0.7610292083063467,0.5057586597884037
3813,0.27752012715280766,0.27752012715280766,0.12382275134521385,0.055813206180525654,0.1895608811928267,0.2608642105569775,-0.5126188750518483,0.7957627943755989
3814,0.2876868085738862,0.28768680857388607,0.03970297357700677,0.04564652475944714,-0.9553087286816423,0.17506932369253006,0.16223463687341985,-0.1744015120492189
3815,0.3090401787609987,0.3090401787609987,0.040183551366943945,0.024293154572334608,-0.67879455416806,-0.6750395226113849,-0.2885175280507026,-0.017811012096170756
3816,0.30011199329573907,0.30011199329573895,0.03213831600706782,0.03322134003759425,-0.2926979510235392,0.026457016778398165,-0.6711713140633252,-0.6805563921588855
3817,0.3308574400991626,0.33085744009916257,0.058268947359600975,0.0024758932341706896,0.15368071241935283,-0.36271082972747887,-0.7550083474787339,-0.5241998548894453
3818,0.3169732947111415,0.3169732947111414,0.018462879034458035,0.01636003862219182,0.6689493473874737,0.46777765908957397,-0.23240719074540217,-0.5288456579914234
3819,0.3260740014540474,0.3260740014540474,0.05036363006324001,0.007259331879285902,0.47083294325610736,0.0832367363945721,-0.6576334053871534,0.5821565849306074
3820,0.29371485308893147,0.2937148530889313,0.01112546882674898,0.039618480244401844,0.6062261840680961,-0.520572309628416,-0.5385905723859659,0.2672348770937826
3821,0.3165162925476972,0.3165162925476971,0.02929945932254895,0.016817040785636117,-0.26440849595084553,-0.17781698487906328,0.5168541101681648,0.7945634625124699
3822,0.2865381611923233,0.2865381611923233,0.017631483164585404,0.04679517214101003,-0.9809904501229191,-0.012898498291467678,-0.19283131544999274,0.01753423198440213
3823,0.3066234630146658,0.30662346301466553,0.05700747581293406,0.026709870318667506,-0.6560180302996577,0.30122393359577393,-0.2801680083818452,-0.6327798770743239
3824,0.31113670844007113,0.3111367084400711,0.023141244867524655,0.022196624893262185,0.12670351702876845,0.5017905666871801,0.8295048210611168,0.20993855718439117
3825,0.3183266340117096,0.31832663401170924,0.024905355775798176,0.01500669932162374,-0.4737829684033334,0.49765230510864383,-0.6877172843195218,0.23434337822767923
3826,0.2861897901616402,0.2861897901616401,0.08847580496848756,0.047143543171693114,0.9354604755259338,-0.319706272991396,-0.1503119146689842,0.010388746184625973
3827,0.24712316730759118,0.24712316730759112,0.1434490704320265,0.08621016602574214,-0.22484257042689296,-0.6420937123866965,0.5649348057489513,0.46691556869598244
3828,0.3003079165234414,0.3003079165234413,0.0007180887780992871,0.033025416809891905,0.6127259538929056,0.4042225767161255,-0.6607590692148854,-0.1567433135712121
3829,0.30105087566578353,0.30105087566578353,0.067578618235496,0.03228245766754978,-0.15931587588284107,0.24962472531877009,-0.8092982080633714,0.5072892258136653
3830,0.3327724171709477,0.3327724171709477,0.06944313151127306,0.0005609161623856274,0.10669564763803786,-0.33207757772578383,-0.7205571600745928,-0.5992811528924578
3831,0.30972796736610564,0.3097279673661055,0.020713029577612216,0.023605365967227676,-0.7106883865398014,0.37986634132478736,-0.5375597748707898,-0.24830035925636515
3832,0.3126862164688665,0.3126862164688664,0.02469604422914974,0.020647116864466797,-0.8889954929912847,0.3129845145544174,-0.3019375800662442,-0.14339248527750287
3833,0.31629386632961476,0.31629386632961476,0.02706609447547091,0.017039467003718556,-0.5260194450678459,-0.7174363849198586,0.08081787784353733,-0.44950756125398733
3834,0.3145987099752427,0.31459870997524264,0.045823692634552056,0.01873462335809062,-0.2748997230957977,-0.28447954068936654,-0.8371085940459575,-0.37782368235120095
3835,0.3256666335364895,0.3256666335364892,0.0068433275619496975,0.007666699796843812,0.6150964956547832,-0.6914032358762446,-0.13181287874973507,0.3553072352890817
3836,0.2719343991631062,0.2719343991631062,0.13141432723019478,0.061398934170227126,0.7605678547058922,-0.03238692516676207,-0.6243511856685044,-0.17513772415060175
3837,0.2623655783551452,0.2623655783551449,0.12313766417882853,0.07096775497818814,-0.8538720649919085,0.2413853255437059,0.12886617367141395,0.4427517707721815
3838,0.3198629558415215,0.3198629558415213,0.035870847992649744,0.013470377491811791,0.8568615274135782,0.5039533687333728,-0.0983963984777192,0.046232821105453084
3839,0.32044894104553073,0.32044894104553073,0.08645962259114665,0.012884392287802582,-0.3423691941545205,0.3830054892498788,0.5704749215619975,0.6408186123758249
3840,0.2476880455223735,0.24768804552237347,0.15688406068486468,0.08564528781095981,-0.7906383534264328,-0.3066610481643459,-0.22341632564705705,-0.4805571152987456
3841,0.3110542970823878,0.3110542970823877,0.05432194329371579,0.022279036250945516,-0.17513724577708317,0.42563131444377,0.33229690074351,-0.8232519049857971
3842,0.303235972307942,0.30323597230794197,0.07463479603946925,0.03009736102539129,-0.3285552656403751,0.7718147483240747,-0.21295267486004138,0.5010035827809831
3843,0.32568100973254765,0.32568100973254765,0.07265374178404084,0.00765232360078566,0.11225640678217368,0.15274775383543196,-0.9728065899396435,-0.13309380678524332
3844,0.30088212623212574,0.30088212623212574,0.07214245518980693,0.03245120710120758,0.004137845962859978,-0.32767691800770044,-0.07664698882478588,-0.9416665836376779
3845,0.3312525152558315,0.3312525152558314,0.04829828094296882,0.0020808180775018226,-0.5378945368166327,0.11253948252262504,-0.7834154477198026,0.2902835999679296
3846,0.3150141193960275,0.3150141193960273,0.02038525777657023,0.01831921393730579,0.3311708613181579,-0.04695286788354414,-0.8688914234506963,-0.3648958523539592
3847,0.28938355581426606,0.2893835558142658,0.07057288074990793,0.04394977751906726,0.2927194404894027,-0.336719230078751,-0.01664762593264366,-0.8947951418093144
3848,0.2728042829659312,0.2728042829659311,0.02823840487230882,0.06052905036740214,-0.06402571037097934,0.7816052449448866,-0.5243917853680973,0.33167334069019555
3849,0.29229888872694487,0.29229888872694476,0.10918162331278551,0.04103444460638844,0.1632921560327604,0.41089388373378716,-0.8664719836165807,-0.23179342030326372
3850,0.3205083683756928,0.3205083683756927,0.07976843108607373,0.012824964957640517,-0.11655359211242071,0.25683470188861984,-0.9546277239254398,-0.095588204211657
3851,0.3179868462640585,0.3179868462640583,0.0285681087272986,0.015346487069274828,-0.2353476069017739,-0.4916623320826267,-0.16266957625559011,0.8224465113899552
3852,0.3301719960798689,0.3301719960798686,0.010071986854143521,0.0031613372534644024,0.7133000639572814,-0.5440679324948092,0.4245826123219256,-0.12215854003405302
3853,0.3014590070395134,0.3014590070395131,0.051155198336945436,0.03187432629381992,0.2915586663054564,-0.2577335575905187,-0.7296704623838381,0.5622703742137533
3854,0.3218012305794133,0.3218012305794132,0.0257207110579634,0.011532102753920026,0.5349909392305788,0.24999075608258448,0.42893297981501805,-0.6835977001434763
3855,0.33040813613774017,0.3304081361377401,0.050799589616384415,0.0029251971955931433,-0.021318863821760636,-0.4294425485850207,-0.7412824984795595,-0.5153880683116879
3856,0.2751636883469544,0.2751636883469544,0.08723849767762344,0.05816964498637889,-0.22155714280420047,-0.28488633644891337,0.20485737143404179,-0.90982727214911
3857,0.30257558342058855,0.3025755834205885,0.051493311355121384,0.03075774991274477,-0.3750732089272811,-0.33628830144696614,-0.5289722958895234,0.6829484434686656
3858,0.3145359795791896,0.31453597957918944,0.01636963088009276,0.01879735375414371,0.161253207823395,-0.0015148108543347597,0.6760946370428099,0.7189514240035219
3859,0.28535941821650124,0.2853594182165012,0.09779662552851477,0.04797391511683208,-0.2986678138572867,-0.649733123648203,0.3730872610282743,0.5911432150151759
3860,0.30023865828173996,0.3002386582817397,0.006685042757582711,0.03309467505159336,0.5739719551904922,-0.11508106463584364,-0.010418171105117717,-0.8106811980846163
3861,0.3083987076413923,0.30839870764139204,0.050019217836688674,0.024934625691940993,0.8725280534115221,-0.11086893424724865,-0.0760454334658062,0.4697019985882292
3862,0.32539815738427813,0.32539815738427813,0.015220755768465545,0.007935175949055184,0.40431120243253454,-0.8736066518250556,0.22024831144349682,-0.1575898181383005
3863,0.2643886272522051,0.26438862725220497,0.013699830906358691,0.06894470608112824,-0.10279133377816134,-0.8565423413630628,-0.0411442590362118,0.5040598269062413
3864,0.33199495949852015,0.3319949594985201,0.05909039038159502,0.0013383738348131669,-0.023486387209183987,0.45800901965730195,0.5794117797567587,0.673764140487992
3865,0.3093957946687876,0.30939579466878747,0.07996514995516282,0.023937538664545732,-0.8241237971314561,-0.01975464223566042,-0.04355638102587983,0.5643868910452299
3866,0.28586576448644674,0.2858657644864467,0.0506187072667313,0.047467568846886576,0.049876675228920926,0.9466645586622081,0.15416558190097635,-0.27851661350470436
3867,0.3205399344796956,0.3205399344796955,0.04482223053135481,0.012793398853637727,-0.5855078479934301,-0.17326685964409802,0.7902873738084547,-0.0510394169844297
3868,0.3309662909483575,0.33096629094835744,0.04761005109598936,0.002367042384975815,0.5376252312371079,0.07685867610483244,-0.7814016977748154,0.3073487292299981
3869,0.30857475714077703,0.3085747571407768,0.061032315527615844,0.02475857619255628,0.3012106945168937,0.14082148467395617,0.7761885802428912,0.535698343159094
3870,0.28791824961555296,0.2879182496155529,0.07911588325461258,0.04541508371778036,0.023578928895977055,0.5483247657804998,-0.8359178217932485,0.005037911502711905
3871,0.3169673363470515,0.3169673363470515,0.004403935576077097,0.016365996986281828,0.9064184422905768,0.28530620318426203,0.20138416830774084,-0.23759291793970674
3872,0.3155460949874997,0.31554609498749964,0.06318963834178098,0.017787238345833623,0.7301651760591858,0.2510494763078478,-0.6346686866830822,0.032072328571294696
3873,0.3018318804344259,0.30183188043442555,0.10600300871583043,0.031501452898907434,-0.6719733756521165,-0.6366371846921539,-0.16769211554668936,-0.33915222521078003
3874,0.2758229823968771,0.27582298239687686,0.1458441730663452,0.057510350936456234,-0.7909078770531706,-0.042826541771241955,-0.19367399842984306,-0.578896363494676
3875,0.24618813354274371,0.24618813354274366,0.15861671594033258,0.0871451997905896,0.03093932882696619,-0.733021302441958,-0.6460132732215711,0.2106878708411668
3876,0.32313598808528304,0.32313598808528304,0.00018323766035458392,0.010197345248050271,-0.49679851037528644,0.6734659958873447,-0.03654422504697797,-0.5461678424148382
3877,0.32401477505701926,0.32401477505701926,0.040293179667161484,0.00931855827631406,0.4881413749744811,-0.38767230369260647,0.7382562548654332,-0.2576933936672709
3878,0.29956455601366916,0.299564556013669,0.07195642739616316,0.033768777319664156,-0.33625243563054646,0.12591809048346056,-0.6990177267277958,0.6184279681109424
3879,0.299998854403882,0.29999885440388196,0.05752527655732485,0.033334478929451294,0.1400298785169918,-0.9524491577746068,0.19922000960206007,0.18314918168289399
3880,0.2611772773670039,0.2611772773670036,0.06858931562307655,0.0721560559663294,0.6311541642688356,-0.1662693060878922,0.5577110334979333,0.5127936640539016
3881,0.2808135424065171,0.28081354240651707,0.08507314463953476,0.05251979092681619,0.7839046450844424,-0.36255585382156935,-0.49826237166414183,0.07603531586290631
3882,0.2850116512331889,0.2850116512331889,0.07248672605041823,0.048321682100144425,-0.2355175923368336,-0.7445533168816107,0.23495415960933913,0.5787645159326217
3883,0.30535986139985105,0.30535986139985094,0.06506918711095029,0.027973471933482263,-0.7149889973997048,-0.26739495985315626,0.2755859679364299,0.5842457045790195
3884,0.3100716948122113,0.3100716948122112,0.02952244750284058,0.023261638521122008,-0.4047103091739947,-0.03678952370905057,0.536346877922743,0.7397216524721153
3885,0.2891646844915109,0.2891646844915109,0.08588098327349625,0.04416864884182242,0.24786550597579066,0.5774881281080585,-0.7765010290590248,-0.04600331196654797
3886,0.24865539420614324,0.24865539420614305,0.15806696695510253,0.08467793912719007,0.7905657945935387,0.2615854105777116,0.47392222186503347,0.2863154292281275
3887,0.2690431222133759,0.2690431222133758,0.14700921892689148,0.06429021111995742,0.8139792008691554,0.058822448261026845,0.5024248157231006,0.2855645017830444
3888,0.3259573099858163,0.3259573099858162,0.05908083130346753,0.0073760233475170245,0.8168541365272417,-0.5483894000251611,0.16862293693686609,-0.05987228672068435
3889,0.32019473965537254,0.3201947396553723,0.009091482770455529,0.013138593677960775,-0.3912357164472368,0.7715780837559387,0.29144243196258846,0.40824402469021265
3890,0.3215758918284321,0.32157589182843194,0.045806354087993384,0.011757441504901212,-0.7963060414395239,-0.505529047433308,0.20154053644263153,-0.26404257751071863
3891,0.33167001288808784,0.33167001288808784,0.05047725438229409,0.0016633204452454753,-0.6475153374227752,0.03146516387152032,-0.6781715040820986,0.3461462730058381
3892,0.3201532613710316,0.32015326137103156,0.059775354074363345,0.013180071962301698,-0.14647511693234402,0.14923856865603372,0.151471274046261,0.9660897178233278
3893,0.3183493077406923,0.31834930774069226,0.0512763265934885,0.014984025592641004,0.40678495504940787,-0.8656443130072039,0.1436381732603452,0.25407478994612664
3894,0.2677526589490726,0.26775265894907246,0.04621299201744891,0.06558067438426074,0.9953506863680088,0.03358636403261877,-0.04604322581605796,-0.07764656241105297
3895,0.3303090956050895,0.3303090956050893,0.06586287651022474,0.0030242377282438393,-0.6045041805703416,0.11987479593933562,-0.6810678602512458,0.39541282061191685
3896,0.29074276755871975,0.29074276755871964,0.06762979491268976,0.042590565774613565,-0.20658486064543571,-0.6012337608357803,0.6160855770528313,-0.465058299496794
3897,0.3293353099860475,0.3293353099860475,0.0026315311420667072,0.003998023347285828,-0.2899354949344155,-0.180936287291701,0.9149128933615369,-0.21478795655029478
3898,0.28010395739720895,0.28010395739720895,0.0956599820790874,0.05322937593612437,-0.2592181801151198,-0.83334999952377,-0.3105004602771537,0.3767269270429363
3899,0.33294731416944023,0.3329473141694401,0.06649424986842542,0.000386019163893081,-0.07814979806571734,0.30160596694468583,0.643079606815822,0.6995534783440481
3900,0.28313672780938315,0.2831367278093829,0.03636047299446752,0.050196605523950166,0.9879791745550159,-0.10140812721030977,0.07556578551500304,-0.08890081237417094
3901,0.30664122347593936,0.30664122347593925,0.07811345788946052,0.026692109857393953,-0.3166936148059206,-0.4492899965872389,-0.6891893129442637,-0.47208234899349066
3902,0.30201361772570573,0.30201361772570573,0.07990620994668195,0.031319715607627585,-0.026884531852160058,-0.9598461391214377,-0.2482822611920549,0.1277831363604765
3903,0.313910602750421,0.31391060275042093,0.02217504460879532,0.01942273058291233,0.3251082561677216,-0.01668696197172539,-0.7136944358416657,0.6202148170758128
3904,0.31130233484399683,0.31130233484399683,0.09991511900548712,0.022030998489336484,-0.502042143007049,-0.5296572508476273,-0.45071577478857144,0.5140740935178132
3905,0.32448148027878626,0.32448148027878615,0.008376076836522924,0.008851853054547054,0.23396149071282635,0.013617190526001272,-0.9028264957541966,0.36052865565695086
3906,0.29256494099530284,0.29256494099530267,0.06746779993439854,0.04076839233803048,-0.2890623231391437,0.6007656304240769,-0.745115561133168,-0.018067407112449044
3907,0.26776769980902587,0.26776769980902587,0.08788445130488642,0.06556563352430744,-0.9574353882363845,0.15958849727329322,0.2391700762196664,-0.02542957985840026
3908,0.30019279281191824,0.30019279281191813,0.0802030680496653,0.033140540521415074,0.18847307222959464,-0.5682863905302977,0.3225907941932447,0.7331191300765212
3909,0.2279072941542865,0.22790729415428648,0.16059197199890837,0.1054260391790468,-0.200070262571987,0.4692154643363403,-0.3009402340472307,0.805756609401131
3910,0.3092784141464187,0.30927841414641855,0.03936129311893419,0.024054919186914603,0.41023572919347834,0.28424308413598376,0.8368399713537101,-0.22496972676047072
3911,0.3023940963167889,0.30239409631678876,0.06061892729934074,0.03093923701654444,-0.16063483161407446,-0.20789769808869993,0.8480294428617887,0.4602402221028297
3912,0.3132314871078307,0.31323148710783044,0.043771191366715874,0.020101846225502595,-0.2620762948760691,-0.30781911822781677,-0.9143415117430526,0.023302489586096795
3913,0.3052054160067123,0.30520541600671225,0.0015037279082949905,0.02812791732662101,-0.3893060017482443,0.6261373885499231,0.20552353160326792,0.6435471121992539
3914,0.33122820774604755,0.33122820774604755,0.05075062742936426,0.002105125587285761,0.5683235827810477,0.7703687367910629,-0.18340775950820354,0.22338735054169145
3915,0.26770394457684177,0.26770394457684177,0.11904801320487533,0.06562938875649155,0.5299934674384765,0.11650041003235775,0.5643766896464867,0.6221041159793965
3916,0.29541794506268954,0.29541794506268926,0.11694749188914766,0.03791538827064378,0.3872293957735411,-0.7268283810337453,0.4727787104686181,0.31345524481232373
3917,0.3013440192278367,0.3013440192278366,0.07605519828500035,0.0319893141054966,-0.38435888556155323,-0.2784995407752143,-0.7810994936097112,-0.4056967265834521
3918,0.3250761881346806,0.32507618813468053,0.06277181991600453,0.008257145198652727,0.3943585532234708,0.890830147201588,-0.22509847823049192,0.015285791919450417
3919,0.3015193518976982,0.30151935189769813,0.07376302163372864,0.03181398143563513,0.4584466973799732,-0.5231313937210459,-0.6041152810441579,-0.3888507397110225
3920,0.3112845837693201,0.31128458376932,0.01758316924047399,0.022048749564013204,0.3764032996127494,0.04261855813382945,0.09767984727080922,0.9203058524101537
3921,0.33265030056426087,0.3326503005642606,0.08374045921086282,0.0006830327690724447,0.5903337979891167,0.7804541120698897,-0.20382824662905444,0.02917930398536681
3922,0.2750421486649162,0.27504214866491616,0.02141136362424266,0.058291184668417095,-0.4027660200038707,0.1573366411104876,-0.6464832075622369,-0.6285572184251431
3923,0.3108439985818405,0.3108439985818404,0.04049239447019664,0.02248933475149284,-0.8916603099099056,-0.2379222416627064,-0.3586741662724477,0.14031301116549494
3924,0.32619242189441805,0.326192421894418,0.01096508262038442,0.007140911438915265,-0.80582532542286,-0.5549606432911813,0.16484552457170498,0.12445956103754864
3925,0.3183661926289444,0.3183661926289442,0.04617710122417033,0.014967140704388926,-0.34157664105639984,0.8137770589634036,-0.011234496563717744,0.4700702954627749
3926,0.29162372907067746,0.29162372907067746,0.07827697437967349,0.04170960426265585,0.532343002439923,-0.44568674316795337,-0.37013695644428235,-0.6172300123874036
3927,0.30571616940177937,0.3057161694017792,0.07179535163274273,0.027617163931553945,0.8441737864485176,0.4968936942460723,0.1969243758925615,0.04108606906225618
3928,0.28940083000424915,0.2894008300042491,0.038594364455744726,0.04393250332908416,-0.5479365382573239,-0.6228181891003495,-0.528139171402579,0.1814719509966722
3929,0.3285841790835012,0.328584179083501,0.0664696043172763,0.004749154249832133,-0.4756080196334896,0.5160651288720698,0.17247159817061267,-0.6911782275556998
3930,0.2735471288168292,0.27354712881682913,0.11253702182797402,0.05978620451650413,0.3885771292432477,-0.5572711176379458,0.37087483215938394,-0.633173416171573
3931,0.32705064150159874,0.32705064150159874,0.02782221569025353,0.006282691831734577,0.24740079498598325,0.9197661075195455,0.20929754157707106,0.22139939744371864
3932,0.27208857759462585,0.27208857759462574,0.1376639226055408,0.06124475573870747,-0.21479298790123458,0.7160681388598489,0.4409870944622297,-0.4966294145295995
3933,0.3020590163960846,0.3020590163960845,0.09913330014034254,0.03127431693724869,-0.35487782767076465,-0.4575065319537288,-0.6165569962105378,-0.5334856802869126
3934,0.2794715785820276,0.2794715785820276,0.08177428534315542,0.053861754751305724,-0.21764048253481907,-0.3475614775035382,0.717748907161311,0.5627345253192774
3935,0.28297518274218875,0.2829751827421885,0.13246054197727736,0.05035815059114457,0.7160233540712665,-0.033595413757379664,0.2613609446605291,0.6464304766988944
3936,0.32311490779058544,0.3231149077905854,0.035800120645509144,0.010218425542747878,0.7081315753607406,0.45432813660015403,-0.1483968509776772,-0.5197249184813604
3937,0.30956809404963037,0.30956809404963026,0.008350646176324906,0.023765239283702944,-0.6161294890211244,0.499033701099591,-0.35917815175876544,-0.49228129481483385
3938,0.3067483447190568,0.30674834471905676,0.01849931686591556,0.026584988614276495,-0.577219891415582,-0.5165298959780734,0.3306273934997301,0.5391656426207434
3939,0.29246160137737176,0.2924616013773716,0.02540200755592895,0.040871731955961554,0.9662629345064995,-0.23966087890927243,0.04056146505067783,0.08516673101784443
3940,0.3103630313366197,0.31036303133661963,0.027441482254243168,0.022970301996713627,0.6229670087612532,-0.6781894859748459,0.02114633949986805,-0.38926078589293744
3941,0.3028096748341502,0.30280967483415017,0.08042511242372866,0.030523658499183093,0.1045311489598587,-0.5829681559660206,0.27693111279950877,0.7566574699230393
3942,0.2911739339093891,0.29117393390938906,0.0819295000127165,0.0421593994239442,-0.8431403410121541,-0.22334665719115432,0.05153205299169636,-0.4863898473384353
3943,0.2602224993655402,0.2602224993655401,0.09223899852699004,0.07311083396779311,0.6418657765731542,0.38721966821716847,0.629210496711298,0.20533729383199995
3944,0.3243815993253578,0.32438159932535765,0.04126331452654864,0.008951734007975498,0.40326343203601944,0.8398189778361437,-0.32511320874478344,0.16243180214618122
3945,0.28207905880187994,0.28207905880187994,0.09056786652111981,0.05125427453145337,0.14978913452429174,0.7663002563631623,0.6246246981255199,0.013824571162188206
3946,0.2925546588850378,0.2925546588850377,0.0778384761404176,0.04077867444829553,0.8840959161086438,-0.16444533325878605,0.2007678456132989,0.3886185992167888
3947,0.2615734494442741,0.261573449444274,0.006322458191381979,0.07175988388905924,-0.4341156525987254,-0.5786838640296308,-0.6870086648514063,-0.0684666349370734
3948,0.3318459850720432,0.33184598507204316,0.05474649863129128,0.0014873482612901001,-0.6907377178546407,0.6535119712669052,-0.3045214186837925,-0.05540951278090118
3949,0.3015324809431166,0.3015324809431165,0.05573292477621067,0.03180085239021674,0.28531289470932925,-0.6751612323998619,0.21845609172625452,0.6442288400596275
3950,0.3299427592650389,0.3299427592650388,0.04963446028758846,0.0033905740682944052,0.12185673888951562,0.9152842454379099,0.04762794815959418,0.38096884885050053
3951,0.31017800099501674,0.3101780009950167,0.0524611934814622,0.02315533233831657,-0.11706788885118026,-0.8628170031246614,0.2610758830454612,-0.41675089899235807
3952,0.3300646268265954,0.3300646268265952,0.024288975651473955,0.0032687065067379395,0.7544042222628449,0.6363000203297483,-0.05491111371843083,-0.1515959206263657
3953,0.3203750341794762,0.3203750341794761,0.030352734283142835,0.0129582991538571,0.5406737194829134,-0.0360199215171537,-0.13519985665412196,0.829515215698371
3954,0.31439945898599786,0.31439945898599786,0.026556999020998683,0.018933874347335455,-0.3021162569366118,-0.08902805122192187,-0.8796506712137316,-0.35639089497835047
3955,0.31763141653782495,0.3176314165378248,0.04393241151616229,0.015701916795508364,0.24023650720328635,0.28925688395576143,0.8370388373089646,0.3974705781909213
3956,0.30023717816318324,0.3002371781631831,0.0815898739810184,0.03309615517015008,0.4503202538129726,-0.6638791460543964,0.41524435624331646,0.42900847666215086
3957,0.29662576830053566,0.2966257683005356,0.020320463520662628,0.03670756503279765,-0.2473388000023396,-0.6446019701203182,-0.10197304511912399,-0.7161796675412813
3958,0.32336766502335057,0.32336766502335035,0.007432827538931066,0.009965668309982745,0.43328858188280545,-0.14573846024302392,-0.3794864399083015,0.8043701560486335
3959,0.3302865624208843,0.3302865624208842,0.05912110739148018,0.003046770912449037,0.5909693778169953,-0.35539592218192956,-0.3396135893889824,0.6396182790394449
3960,0.3152203906299948,0.3152203906299946,0.008741713463239187,0.01811294270333852,0.6539660086675319,-0.03633140915931798,0.2664091644833521,-0.7071312786853923
3961,0.3321906094879687,0.33219060948796864,0.05265824275048348,0.0011427238453646238,-0.7323046562800724,-0.4830126151090193,-0.09414749326802953,0.4707068658384088
3962,0.3215364059896801,0.32153640598968003,0.015613244060287626,0.01179692734365323,0.27552795585585627,0.9595673737291909,-0.04599541746854766,-0.034629790473675065
3963,0.29843366364187784,0.29843366364187773,0.06867385581846878,0.03489966969145547,0.02968030082740061,-0.9544582125766617,0.2832363572807763,0.08891437511491343
3964,0.272495961116644,0.27249596111664376,0.13659587212418975,0.060837372216689334,-0.8258585698493512,-0.048553114096370364,-0.18611208956308892,-0.5300589663767512
3965,0.30485711203273336,0.30485711203273325,0.07260196657484293,0.028476221300599958,-0.1385500067791941,-0.30407993941390865,0.7912532209406238,-0.5121109512777549
3966,0.32952971938419967,0.3295297193841996,0.05578830873427351,0.003803613949133644,0.5863831241961479,0.7610721086054251,-0.11701034058832929,0.2514610454051682
3967,0.25553658055102474,0.2555365805510247,0.10642004450944616,0.07779675278230858,0.6988010211911836,-0.33563098553790305,-0.6189930156331346,-0.12600246396961085
3968,0.26055350451387504,0.260553504513875,0.09703238231252966,0.07277982881945827,-0.31922333647160034,-0.7329604896733555,-0.5746127450918636,0.17517298652397154
3969,0.3121444981480224,0.31214449814802225,0.0482999062834839,0.021188835185310895,0.029150737997609817,0.1418043401786327,0.24739318468260735,-0.9580388174564194
3970,0.306372256331581,0.306372256331581,0.07851421332220952,0.02696107700175232,-0.6528432403037074,0.05233811374563307,-0.7374815349373801,-0.16485572803427476
3971,0.3067225414043533,0.3067225414043531,0.10539227310402124,0.026610791928980027,-0.4511930100339221,-0.7598685082338916,0.4225629521963045,0.20115981040474482
3972,0.3300069424440359,0.33000694244403583,0.057935808607754116,0.003326390889297426,-0.674101691988539,0.2203398001835343,-0.6988976108806,0.09262510900753888
3973,0.31714466640362526,0.3171446664036251,0.013537155024374393,0.01618866692970805,-0.5672569467265175,0.43781822083279814,-0.6932725985559861,-0.0768626436491921
3974,0.30723964563800504,0.30723964563800504,0.024069184467617983,0.02609368769532827,-0.48564714977151463,-0.15750669428286163,0.27338756454940416,-0.8152286346324169
3975,0.3320502850483765,0.33205028504837647,0.05282719359061341,0.0012830482849567892,-0.5388711492117965,-0.8361249104591632,0.058517815292460994,-0.08419432255331641
3976,0.2689229903951094,0.26892299039510936,0.02809979805373978,0.0644103429382239,-0.9848713950413284,0.05793205571872836,0.1087557783222915,-0.1218375674045669
3977,0.29579832089992797,0.2957983208999279,0.03859580434051786,0.037535012433405346,0.9654615996412677,0.20204468036666595,-0.02785782553918566,-0.16212892496369843
3978,0.2868054685617572,0.2868054685617571,0.09334284487454679,0.04652786477157611,0.8658603705426142,-0.2930227060269546,-0.3920416873400166,0.10357040052080703
3979,0.28729178930366933,0.2872917893036691,0.053165525272503567,0.04604154402966398,0.1641550527841071,0.022743057577194862,-0.6087275351738689,0.7758779929206869
3980,0.3303713303156937,0.33037133031569366,0.0626917065319396,0.002962003017639603,0.4720158640015304,0.17101364142965023,-0.7387652607848392,0.4496456916655252
3981,0.25993442756655494,0.25993442756655477,0.09667458289741473,0.07339890576677838,0.1468676409966781,-0.09612900009445799,0.4968459014344076,-0.8499019129268633
3982,0.3323481516712575,0.33234815167125736,0.05711011010091684,0.0009851816620758402,-0.58594031194683,0.25638646517737057,0.24303448617497136,-0.7292970381395856
3983,0.3187154250703341,0.318715425070334,0.008529649026533505,0.01461790826299919,-0.7067128708785366,0.4929508812314274,-0.45237479682391735,-0.23002910691105108
3984,0.3317006876233033,0.3317006876233031,0.051347199330893316,0.001632645710030023,0.5901799421992329,0.3509824388608761,0.17807787366247957,-0.7048313517067977
3985,0.26553219068331907,0.2655321906833189,0.10609762439420081,0.06780114265001425,0.19859295653196102,0.43614352846724075,0.682532073301154,-0.5518057893020587
3986,0.2878462244629743,0.2878462244629742,0.018277322788721878,0.045487108870359005,0.2511550000850569,-0.7518922908810872,0.5839976331139366,-0.17471666595715885
3987,0.2621187270948607,0.2621187270948606,0.1474782595812219,0.07121460623847259,0.24681720537842422,-0.4730462466207776,0.5504801359833585,-0.642090441896562
3988,0.3273697678043803,0.3273697678043802,0.02233486650341211,0.0059635655289529965,-0.2083074847445548,-0.8640823172237816,-0.1836401252633675,-0.4198166805331007
3989,0.32593828490794513,0.3259382849079451,0.00023479073211422362,0.007395048425388184,-0.3008500373718028,0.1437216846105836,-0.10541373796054386,-0.9368678008317217
3990,0.2975945662782702,0.29759456627826997,0.0547846719798427,0.035738767055063125,-0.5510879440034508,-0.5991654888828581,0.4710124891505098,0.33977938426287135
3991,0.28855727024411987,0.28855727024411976,0.015276983658160125,0.04477606308921345,-0.41574623470902883,-0.22228619725703339,-0.05044442729730345,-0.8804540161694531
3992,0.2607428531828733,0.2607428531828733,0.12536674491820418,0.07259048015045999,0.7328364375089756,-0.17066221294033573,-0.30715534493086905,-0.5826497738898211
3993,0.26471411445541077,0.26471411445541077,0.043629489243419826,0.06861921887792255,-0.1317177653964189,0.7167995259577973,-0.5761354719643704,0.370022685534337
3994,0.2921962796818524,0.2921962796818524,0.02295703893162475,0.041137053651480904,0.31249271605186574,0.3254698926698735,0.21184255159833867,0.8669142891383751
3995,0.28509692407394305,0.285096924073943,0.09492398751235162,0.04823640925939027,0.0646183626598219,0.9249604594097772,-0.32785342767107084,-0.18106558397428144
3996,0.27173544425133506,0.2717354442513349,0.057582252737848574,0.06159788908199826,-0.384468444829085,0.5143558576933058,0.7401349656251951,-0.19955525361733747
3997,0.27953272062025863,0.27953272062025847,0.02890005867065408,0.05380061271307468,0.9814959460905587,0.025816125049177848,0.1862936180598638,0.03597114628990918
3998,0.3235225970011642,0.3235225970011641,0.0008499303345610777,0.009810736332169112,-0.5132786924371309,0.7823217154631692,-0.2345983291634868,0.26359313602310236
3999,0.2852898215128815,0.28528982151288135,0.07926328513795806,0.0480435118204518,0.34885609888851055,-0.4450622532609313,-0.7458198346738263,0.3520962754669509
4000,0.2576669282538468,0.2576669282538468,0.05942203858436196,0.07566640507948652,-0.03972750050608965,0.7812924185304402,-0.6182376758571181,0.07606614622276574
4001,0.31337130861199974,0.3133713086119996,0.03302893931204387,0.01996202472133357,0.22228756724442295,0.07716129249339765,-0.8071131841198136,0.5414819299009713
4002,0.3227420122152726,0.32274201221527243,0.011965078262424792,0.010591321118060715,0.8244918087319973,0.5077347899447747,0.16538370539010883,-0.18726150273084033
4003,0.3157557435118635,0.3157557435118635,0.003048347591863733,0.01757758982146984,-0.17376426523324642,-0.008356679397956111,-0.8536532598072059,-0.49092999303151263
4004,0.32370213882555054,0.32370213882555043,0.013338981871367082,0.00963119450778277,-0.6034700968188295,0.6020461107759445,-0.4584951191027056,0.25128976999477615
4005,0.33086858236152134,0.33086858236152106,0.03372580386705274,0.0024647509718119798,-0.7505946185528423,-0.28150032301233896,-0.36050624873844866,0.47686531784560937
4006,0.3298725273620212,0.3298725273620209,0.027561932442255965,0.0034608059713120976,0.5606731063061662,0.26676518962115764,0.07700927280702906,-0.7800971563677916
4007,0.32177565606266206,0.321775656062662,0.0023144721028637632,0.011557677270671252,0.8089259209563642,0.4317167417918903,0.3090152310219944,-0.2525254368532324
4008,0.3125487221497461,0.31254872214974605,0.10706252584713319,0.02078461118358721,-0.3567940226193736,-0.2868850936489831,0.6373991106235196,-0.619772008275177
4009,0.26436131789680073,0.2643613178968007,0.12802321740517544,0.06897201543653259,-0.23304881019453969,0.6081962588943125,-0.7061522882778508,-0.27773100023912867
4010,0.3065762926927879,0.30657629269278786,0.012778622136292848,0.026757040640545404,-0.19969009766800191,0.24151992659827595,0.42957662677335456,-0.846909624268926
4011,0.3077849275515441,0.307784927551544,0.06553623664099914,0.02554840578178924,-0.03703549128158235,0.6606418565017511,0.11742627186088618,0.7405347935784684
4012,0.3195376566920495,0.31953765669204937,0.012630802613240386,0.013795676641283838,-0.39259222160522683,0.02951835001740923,0.16939231571035124,0.9034966839593862
4013,0.3249576701078813,0.3249576701078812,0.0006830644111600389,0.008375663225452024,0.17008254493710237,-0.07042979120302315,-0.8930574611576139,-0.4105605235401159
4014,0.29808795421278395,0.2980879542127838,0.09023005328972224,0.03524537912054937,-0.2183114196272801,-0.435628331541583,0.8639170447184104,0.12733978429236525
4015,0.31664717309132867,0.3166471730913285,0.07445514678881139,0.016686160242004644,0.8247402331133404,0.3296009653232018,-0.1303402445267581,-0.4406565240625301
4016,0.3035557552976816,0.30355575529768153,0.02274646045352894,0.02977757803565173,0.37617597565361527,0.2537501337755762,-0.5175671730900567,-0.7254148649493579
4017,0.26457509931441975,0.26457509931441964,0.08407466175851512,0.06875823401891357,0.041634441866175806,0.6863981629242353,-0.5266061180335488,0.4998100955706708
4018,0.279926757172163,0.27992675717216287,0.04296263004134676,0.05340657616117034,0.4230056123148316,0.3867493987850852,-0.21957459427910317,0.7894796717057995
4019,0.2558754682246293,0.2558754682246293,0.12906057211365699,0.077457865108704,-0.058045174557893334,-0.8529398224789386,-0.3930588167530435,0.33856931862299283
4020,0.2995531802457332,0.2995531802457331,0.08573379641675602,0.03378015308760013,-0.19654543282870682,0.8412725119399529,0.5030274987539906,0.024367785819029864
4021,0.3126108931416388,0.31261089314163876,0.026320400627323482,0.020722440191694502,-0.3982199828974572,-0.6105226009019233,0.6668377880464921,-0.15495277810468977
4022,0.31486262002175164,0.3148626200217516,0.021563264399879312,0.018470713311581677,0.34958151346735705,-0.6109524332505527,-0.3392044911141323,-0.6240754785721864
4023,0.30886091841926494,0.3088609184192649,0.08155832041982414,0.024472414914068374,-0.12059341567493241,-0.2388787209302489,-0.9117986685724101,0.3114761191041159
4024,0.26949108471681577,0.2694910847168156,0.08185759732100882,0.06384224861651755,0.6779902293082137,0.3908506266966085,0.6090790508795492,0.12879342511608083
4025,0.29997442847953987,0.2999744284795398,0.06072977791514432,0.03335890485379345,0.16183916263685041,-0.23017378297296767,0.8641579803538855,0.4172039070521873
4026,0.30193855397495717,0.301938553974957,0.0027453332203002593,0.031394779358376146,-0.005442794511452516,-0.2645437845416936,-0.37566938813205475,0.888177613357121
4027,0.32653231579367886,0.32653231579367875,0.03897157723948061,0.0068010175396544525,-0.8470823649168541,0.06972881700799347,-0.473839141296469,0.2303602120613722
4028,0.32459299196621955,0.3245929919662193,0.08040149421493403,0.008740341367113769,0.44924045164630344,0.8561110605993761,-0.25096042941714025,-0.047704626513589504
4029,0.31851388373733236,0.31851388373733225,0.04294164916012378,0.014819449596000955,-0.2892219248750254,0.4651454901348022,0.7430128296468331,0.38460666421559314
4030,0.2878747892063465,0.2878747892063464,0.08842212686451194,0.0454585441269868,-0.9420096624401803,0.28389486282516957,0.0024613255129781004,0.17892860198284413
4031,0.2461084609256805,0.24610846092568048,0.1694113488710514,0.08722487240765281,0.6169814743613484,0.258618808799401,0.4659547659078461,0.5790823155284921
4032,0.3233822553749108,0.32338225537491067,0.058889761487996364,0.009951077958422538,-0.14255378628003607,0.2431706100025936,0.9593839679530278,-0.011352289764452616
4033,0.3177517121098803,0.31775171210988,0.008274685916967296,0.015581621223453024,-0.3047293204493357,0.022842993918221064,0.800031312607616,-0.516302370452309
4034,0.2918112489539935,0.2918112489539934,0.055249891928083175,0.041522084379339796,0.9723287806068543,0.039194547207274236,0.04332489772331059,-0.2261934638977643
4035,0.29547189355942227,0.2954718935594222,0.05172906366358692,0.03786143977391104,0.31555883015039876,-0.6347218561285891,0.7042875240356504,-0.03911359807692959
4036,0.32396106196927427,0.3239610619692739,0.01790607234435134,0.009372271364059048,-0.35618690844953527,-0.08211527036635768,-0.892820568958505,0.2631718075068713
4037,0.2883089919557242,0.28830899195572407,0.0718733173783389,0.045024341377609134,-0.7160059899244872,-0.3364666453062308,-0.6107842402148481,-0.0326838017035477
4038,0.33237217146928577,0.3323721714692857,0.06584561655020282,0.0009611618640475439,-0.6907901290188341,-0.3065723836055465,-0.15925112702223074,0.6351861536610395
4039,0.3223666573997502,0.32236665739975,0.034446808763916245,0.010966675933583137,0.23964925502835507,0.08952734048087665,-0.946260066979626,-0.1978508921144641
4040,0.3185805420264824,0.3185805420264823,0.026542625562939955,0.014752791306850921,0.6814942454260415,-0.21366167670827607,-0.6022767999949423,0.3566187565808206
4041,0.31687945575928855,0.3168794557592883,0.023264966780787315,0.016453877574044762,-0.8543066794107955,0.028075791386744937,0.36283671836064635,-0.37110829047784066
4042,0.2517515433902502,0.2517515433902501,0.07954876228072859,0.08158178994308313,0.647830974792331,-0.43001443108131066,-0.6193469370686162,-0.10868297339122888
4043,0.3051286912792327,0.3051286912792326,0.06679226097728617,0.028204642054100615,0.11022298390057449,-0.5028755233847133,-0.31305180206047073,0.7981012912076362
4044,0.28704655613541497,0.2870465561354149,0.07916201181238923,0.04628677719791835,-0.9008077077690179,0.12469500683491555,-0.1888266857858433,-0.3705956173911162
4045,0.2949979774060435,0.2949979774060435,0.060352776731949366,0.038335355927289816,-0.4200963596177568,0.4776453073617635,-0.7395084115181519,-0.22023014844724262
4046,0.2747726893580717,0.27477268935807164,0.06419045285382285,0.05856064397526162,0.1335328672372986,-0.8686441408309786,0.1946275956774238,0.43559893132125804
4047,0.30944336155337543,0.3094433615533753,0.08921983820148972,0.023889971779957886,-0.011110406462791907,-0.23880014428963775,0.9160511507902229,0.3220269229294158
4048,0.29318285596778804,0.29318285596778804,0.09745001584081905,0.04015047736554528,-0.9290703515105443,-0.1325693505535182,0.11843480033593388,0.32438687906153
4049,0.3309648972546556,0.3309648972546555,0.04064952000447099,0.0023684360786777048,-0.6872723182817851,-0.23597239322772562,-0.2945072212529318,0.6206764751364733
4050,0.33001682853074915,0.33001682853074915,0.03638317425969,0.0033165048025841637,-0.7162118522895407,-0.17668544012357565,0.4917235311005864,-0.4626346364576415
4051,0.31555832925599775,0.31555832925599764,0.044162085922836165,0.017775004077335566,0.521192722673593,0.30227803149798943,0.5799422687765129,-0.5483184315633924
4052,0.2813623310876124,0.2813623310876124,0.08856348637092985,0.05197100224572093,-0.34881857157419427,-0.47665399078913984,-0.7565203101833448,0.2807197846070367
4053,0.2835831508077421,0.283583150807742,0.05872185501493436,0.04975018252559121,0.233801090073726,0.8655441143974206,0.18513669399919233,-0.4023615797356547
4054,0.2765422247165179,0.27654222471651785,0.1073674667167047,0.05679110861681541,-0.8845291507288837,-0.2663631707327137,-0.36229308445988573,-0.1241070656352695
4055,0.32919309709033534,0.3291930970903351,0.08908559875629908,0.0041402362429979744,-0.7321952580765642,0.08591330388055556,-0.6616466478672718,0.13686753315714856
4056,0.2849244440058048,0.2849244440058043,0.005281559264729605,0.048408889327528515,-0.5892969125646721,0.3759382007713387,-0.5511625546402705,-0.45565278053026786
4057,0.31539998777908435,0.315399987779084,0.014016581130946093,0.01793334555424897,0.6452770679976152,0.39625300475012204,-0.6529236520607995,-0.017081168651142488
4058,0.30837565416279755,0.3083756541627975,0.025153641058216242,0.024957679170535763,-0.9387091741554937,0.16284903511706475,-0.22400388670184043,0.20524993754011495
4059,0.3100424329026607,0.31004243290266054,0.007144201595358759,0.023290900430672612,0.38065759193906257,0.8309931901586065,0.36725370074339564,0.17226385256186683
4060,0.30504562577064054,0.30504562577064037,0.0038992106565046807,0.028287707562692777,0.5601991402978543,-0.6814818427461516,0.02136450297866527,-0.47042850597017266
4061,0.28905969647899526,0.28905969647899504,0.08123909579933215,0.04427363685433805,-0.08056907293957208,-0.8987414716080826,0.43069051733831126,0.01667543019696184
4062,0.30298151227889275,0.30298151227889264,0.06410915742197486,0.030351821054440564,0.548492096315011,0.6244781062056652,0.4604029645101096,-0.31178939273178224
4063,0.29750692669445084,0.2975069266944508,0.09822016142066332,0.03582640663888248,-0.15901678150642584,-0.8878754667086661,-0.4307793829599026,0.028634629959044866
4064,0.3215453723356737,0.32154537233567326,0.007816357070494365,0.011787960997659608,-0.4672355871750465,-0.6913949132653054,0.4310877547792121,-0.3432598544360645
4065,0.30798267655298495,0.30798267655298467,0.05998062758619257,0.02535065678034837,-0.44267734580801893,-0.35165827773436953,-0.5527850675079649,0.6122106601076786
4066,0.32259392915708457,0.32259392915708435,0.06913359404661656,0.010739404176248746,-0.08650939424652071,-0.8588269995955451,-0.006505041219329656,-0.5048663129102084
4067,0.32263022003535463,0.32263022003535435,0.02130280573124818,0.010703113297978684,0.24496807568782092,0.029102334741791216,-0.9386811543303575,-0.24087628881110368
4068,0.24910099586162787,0.24910099586162782,0.08065233764806672,0.08423233747170544,0.3112668055781802,-0.4686192680499424,0.6666666238082449,0.488942297267896
4069,0.28883848639584847,0.2888384863958484,0.09010205561790499,0.044494846937484844,-0.32437240402232814,-0.8164698124376712,-0.31022893578696475,0.3632046204101163
4070,0.29706972078179267,0.2970697207817926,0.005589830332098996,0.03626361255154065,0.03200484385749288,0.9750566289094684,-0.02433000024552474,-0.21828493186066059
4071,0.29666534724197685,0.29666534724197685,0.05156092820863665,0.036667986091356464,0.47447502730499264,0.708731582759624,0.4142733048165913,0.31772727452849303
4072,0.2924701364346797,0.2924701364346796,0.006716993437084677,0.04086319689865364,-0.4364150724343313,0.3976527470125082,0.19828548257684273,0.7823663111003772
4073,0.3042777207569267,0.3042777207569267,0.049810250770567,0.029055612576406598,-0.1558915057098759,-0.2044314372062029,-0.047140219783455076,-0.9652374969965068
4074,0.2968680915106316,0.29686809151063154,0.07097537193653955,0.03646524182270172,-0.2754446130327104,-0.6342591555338581,0.5258443733137935,-0.49531129991850714
4075,0.25340623032859527,0.25340623032859505,0.06067181289778669,0.07992710300473804,0.5103393269929369,0.4207965635354741,0.1475182013036332,0.735338292029779
4076,0.32833048253598995,0.32833048253598984,0.04717643558432768,0.005002850797343361,-0.776369022175351,-0.5927536903685908,0.1887527034849316,-0.10132433512259427
4077,0.30917909481289485,0.30917909481289463,0.10382877537151572,0.024154238520438465,0.011504468169179216,0.4005698469374368,-0.4438732479781874,-0.8014911008027209
4078,0.2948116482416861,0.29481164824168593,0.0616203934579119,0.03852168509164722,0.8236879872186911,-0.37050182212706667,0.0838039383662814,-0.42100284966546847
4079,0.2647106048513014,0.2647106048513013,0.1014309524349714,0.06862272848203194,0.7634580220714561,0.11846984471059688,-0.567725533937634,-0.2842260764676867
4080,0.2873340000231315,0.28733400002313125,0.030374894120460925,0.04599933331020184,-0.235621051614731,0.6404704321803898,-0.7190368671237559,0.13140140507425
4081,0.32172139099653463,0.32172139099653446,0.06873875069598713,0.011611942336798686,0.03302073744337422,0.976422018018043,0.2069327445903774,0.05185087120350052
4082,0.31018653705581095,0.3101865370558109,0.02343142133223901,0.023146796277522363,0.3329348266241106,-0.008624868166479293,-0.7927831580079887,-0.5104653536223244
4083,0.31424111713906877,0.3142411171390685,0.0007962722031512855,0.019092216194264544,0.27945649418825075,-0.38484870113432035,-0.30297549920587613,-0.8258337556507295
4084,0.3132188986508747,0.31321889865087466,0.029560926701525075,0.020114434682458604,0.2345040763088458,-0.6327811756862048,-0.21546732673037264,-0.7058113437763565
4085,0.24507626998030105,0.24507626998030102,0.14309938062967437,0.08825706335303227,0.14627979678152753,-0.5233265929450324,0.5470679235985066,-0.6367481332047374
4086,0.3193568174785431,0.31935681747854305,0.013801548895292906,0.013976515854790206,0.3708818334054181,-0.22735522920727194,0.2514033198948109,0.8646112630239163
4087,0.25676060861594324,0.2567606086159432,0.15119478021385382,0.07657272471739007,-0.16982281331354346,-0.7140891411274244,-0.4647387176304773,0.4952321020868398
4088,0.3167687371170802,0.31676873711708,0.08745971674021585,0.016564596216253114,-0.7763542631128888,0.19694545505262065,-0.024728500810338522,-0.5982265851065401
4089,0.3123184314898673,0.31231843148986727,0.01495387381704522,0.021014901843465994,-0.24778307151714202,-0.06972134572590953,0.8584876021708039,0.4435555436906664
4090,0.32901629000661053,0.32901629000661026,0.030336227347122886,0.00431704332672278,-0.4054720681015567,-0.8710513620120214,0.19329361392757585,-0.19874482519367936
4091,0.31139932606689685,0.31139932606689685,0.041482231811922066,0.02193400726643646,-0.7864919149358887,0.3665890299077603,-0.283137174251375,-0.4085049466637004
4092,0.2915293973757376,0.2915293973757375,0.07972501598112501,0.04180393595759574,0.01660639931999847,0.3888464493796369,0.03739072232013335,0.9203937202039423
4093,0.2835888159055751,0.283588815905575,0.08245884731188897,0.049744517427758206,-0.4022409000960532,0.5973311047926962,-0.5028350142207404,-0.4780740089261094
4094,0.28203379998215644,0.2820337999821564,0.13388215751013086,0.051299533351176874,0.3109748537232004,0.7477056445793653,-0.5501692368709128,-0.20382521977632576
4095,0.3277822309100578,0.32778223091005776,0.007584439632501567,0.0055511024232755,0.04979398730636987,0.7368396292797487,0.36951782316897464,0.5639543402718682
