probe_id,point_norm_squared,e1_direct,e1_predicted,e1_residual,e2_direct,e2_predicted,e2_residual,e3_direct,e3_predicted,e3_residual,e4_direct,e4_predicted,e4_residual,e5_direct,e5_predicted,e5_residual
0,2.467546055567321,1.028144189819718,1.0281441898197172,6.661338147750939e-16,0.4225087803870199,0.42250878038701906,8.326672684688674e-16,0.08853027305165034,0.08853027305165018,1.6653345369377348e-16,0.009953061538520202,0.009953061538520162,3.9898639947466563e-17,0.0005684085248458231,0.0005684085248458199,3.2526065174565133e-18
1,4.7328939736643365,1.9720391556934702,1.9720391556934735,3.3306690738754696e-15,1.5732841331432583,1.5732841331432639,5.551115123125783e-15,0.6458642646952131,0.6458642646952174,4.3298697960381105e-15,0.14278879306628395,0.14278879306628536,1.4155343563970746e-15,0.015993226305858765,0.015993226305859008,2.42861286636753e-16
2,2.570051239348785,1.070854683061995,1.0708546830619938,1.1102230246251565e-15,0.46127265855278365,0.46127265855278266,9.992007221626409e-16,0.10160361936020523,0.101603619360205,2.3592239273284576e-16,0.011969842004561592,0.011969842004561531,6.071532165918825e-17,0.0007091192835945287,0.0007091192835945233,5.421010862427522e-18
3,1.9018876313474478,0.7924531797281014,0.7924531797281033,1.887379141862766e-15,0.251823861743825,0.2518238617438263,1.3322676295501878e-15,0.04069048643091027,0.04069048643091065,3.8163916471489756e-16,0.00348313131516259,0.0034831313151626408,5.074066167232161e-17,0.00014778866733244252,0.00014778866733244558,3.06287113727155e-18
4,0.47748838593492166,0.19895349413955077,0.19895349413955069,8.326672684688674e-17,0.015408066980503319,0.0154080669805033,1.9081958235744878e-17,0.0005792126747969662,0.0005792126747969648,1.4094628242311558e-18,1.0665885307982895e-05,1.0665885307982838e-05,5.759824041329242e-20,8.503688661579148e-08,8.503688661579038e-08,1.0984958534704208e-21
5,2.4146733579720503,1.0061138991550227,1.006113899155021,1.7763568394002505e-15,0.4117471360918296,0.411747136091828,1.609823385706477e-15,0.08751519118248305,0.08751519118248255,4.996003610813204e-16,0.010163254900513952,0.010163254900513875,7.632783294297951e-17,0.0006101033247442874,0.0006101033247442804,7.047314121155779e-18
6,4.156224693982647,1.7317602891594381,1.7317602891594364,1.7763568394002505e-15,1.1626150155117352,1.162615015511732,3.1086244689504383e-15,0.3742699682053821,0.3742699682053802,1.887379141862766e-15,0.05714156357138744,0.0571415635713868,6.38378239159465e-16,0.00346332828505286,0.003463328285052768,9.194034422677078e-17
7,4.1113195361043555,1.7130498067101465,1.7130498067101483,1.7763568394002505e-15,1.1351702160466632,1.1351702160466655,2.220446049250313e-15,0.359589914060627,0.35958991406062846,1.4432899320127035e-15,0.0537250487842224,0.053725048784222657,2.5673907444456745e-16,0.003145010209062539,0.003145010209062563,2.3852447794681098e-17
8,1.48439249707699,0.6184968737820798,0.6184968737820792,6.661338147750939e-16,0.14932762516964587,0.14932762516964546,4.163336342344337e-16,0.017541607189958154,0.017541607189958064,9.020562075079397e-17,0.0010105387925156127,0.0010105387925156027,9.974659986866641e-18,2.5158453144355456e-05,2.5158453144355015e-05,4.404571325722362e-19
9,0.9963254578253633,0.41513560742723515,0.41513560742723477,3.885780586188048e-16,0.06809264135598841,0.06809264135598825,1.6653345369377348e-16,0.0055414469112103435,0.0055414469112103305,1.3010426069826053e-17,0.00022911388657492749,0.00022911388657492643,1.0570971181733668e-18,4.383192588818173e-06,4.383192588818149e-06,2.456395547037471e-20
10,0.5685978498672355,0.23691577077801534,0.2369157707780148,5.551115123125783e-16,0.022605459016020728,0.022605459016020613,1.1449174941446927e-16,0.0011038581516490799,0.0011038581516490719,8.023096076392733e-18,2.8834292572232533e-05,2.883429257223221e-05,3.2187251995663413e-19,3.784907597451637e-07,3.784907597451574e-07,6.299807545203859e-21
11,2.883231705700753,1.2013465440419806,1.2013465440419804,2.220446049250313e-16,0.5792968524041431,0.5792968524041425,5.551115123125783e-16,0.1426596102052661,0.14265961020526607,2.7755575615628914e-17,0.0187936462045488,0.018793646204548743,5.551115123125783e-17,0.0012475063001670598,0.0012475063001670503,9.540979117872439e-18
12,1.349558526777562,0.5623160528239848,0.5623160528239841,6.661338147750939e-16,0.12179802770693013,0.12179802770692981,3.191891195797325e-16,0.01247012337483986,0.012470123374839815,4.5102810375396984e-17,0.0005836897042593932,0.0005836897042593888,4.336808689942018e-18,9.64241276022875e-06,9.642412760228591e-06,1.5924219408380846e-19
13,1.6808774764150574,0.7003656151729415,0.7003656151729405,9.992007221626409e-16,0.19100027225645527,0.19100027225645463,6.38378239159465e-16,0.025296408232739667,0.025296408232739518,1.491862189340054e-16,0.0016427041324018263,0.0016427041324018094,1.691355389077387e-17,4.6274817189082913e-05,4.6274817189082066e-05,8.470329472543003e-19
14,4.1128157162005845,1.7136732150835783,1.7136732150835767,1.5543122344752192e-15,1.1693392169317618,1.1693392169317594,2.4424906541753444e-15,0.40259773069031657,0.4025977306903155,1.0547118733938987e-15,0.0728152679225976,0.07281526792259727,3.3306690738754696e-16,0.006468356233713602,0.006468356233713564,3.8163916471489756e-17
15,5.91963560886936,2.466514837028903,2.4665148370289,3.1086244689504383e-15,2.3429545104930622,2.3429545104930556,6.661338147750939e-15,1.056443958093864,1.0564439580938596,4.440892098500626e-15,0.22155491625770934,0.2215549162577071,2.248201624865942e-15,0.017537432274242606,0.017537432274242315,2.914335439641036e-16
16,0.4694451289445928,0.19560213706024643,0.19560213706024698,5.551115123125783e-16,0.015112993532882136,0.015112993532882242,1.0581813203458523e-16,0.0005821331243471828,0.0005821331243471908,8.023096076392733e-18,1.1561802423621642e-05,1.1561802423621877e-05,2.354751593366955e-19,1.0967792961774664e-07,1.0967792961775e-07,3.3616620094155045e-21
17,1.630483070999891,0.6793679462499541,0.6793679462499546,4.440892098500626e-16,0.1750092537547751,0.1750092537547753,1.942890293094024e-16,0.020631303461107378,0.020631303461107454,7.632783294297951e-17,0.0010171467511145684,0.0010171467511145757,7.37257477290143e-18,1.1268007693239301e-05,1.1268007693239613e-05,3.1170812458958252e-19
18,5.079825768561407,2.1165940702339214,2.1165940702339197,1.7763568394002505e-15,1.7019262122170156,1.701926212217012,3.552713678800501e-15,0.62956125275074,0.6295612527507392,8.881784197001252e-16,0.0991631536853523,0.09916315368535174,5.689893001203927e-16,0.003987016698264827,0.003987016698264778,4.9439619065339e-17
19,7.148232458882945,2.9784301912012325,2.978430191201227,5.329070518200751e-15,3.457108112795345,3.457108112795329,1.5987211554602254e-14,1.9492979301161948,1.9492979301161806,1.4210854715202004e-14,0.5383437432212403,0.5383437432212312,9.103828801926284e-15,0.06422566033791591,0.06422566033791398,1.9290125052862095e-15
20,0.6174730794089969,0.25728044975374814,0.2572804497537487,5.551115123125783e-16,0.026283011926302495,0.026283011926302616,1.214306433183765e-16,0.001347937070188715,0.0013479370701887268,1.1709383462843448e-17,3.599716304284506e-05,3.599716304284546e-05,3.9979955110402976e-19,4.656230737689257e-07,4.6562307376893295e-07,7.252719610864947e-21
21,3.305066235867554,1.37711093161148,1.377110931611481,8.881784197001252e-16,0.779149040447492,0.7791490404474934,1.4432899320127035e-15,0.2314963351723046,0.23149633517230536,7.494005416219807e-16,0.038038188798059785,0.038038188798059945,1.5959455978986625e-16,0.003272945261010187,0.003272945261010205,1.7780915628762273e-17
22,0.9152128434382535,0.3813386847659387,0.3813386847659391,3.885780586188048e-16,0.05558547638746009,0.05558547638746019,1.0408340855860843e-16,0.003771557550680323,0.003771557550680342,1.9081958235744878e-17,0.00011244771851589395,0.00011244771851589522,1.2739375526704677e-18,1.0082334302266964e-06,1.0082334302267267e-06,3.028142786434124e-20
23,2.0928073518590598,0.872003063274609,0.8720030632746081,8.881784197001252e-16,0.2972836253162201,0.29728362531621955,5.551115123125783e-16,0.04960461541150614,0.04960461541150603,1.1102230246251565e-16,0.004124085383284388,0.00412408538328437,1.8214596497756474e-17,0.00015387818746535222,0.00015387818746535103,1.1926223897340549e-18
24,3.039962009141661,1.2666508371423575,1.2666508371423588,1.3322676295501878e-15,0.6045243442742174,0.6045243442742188,1.3322676295501878e-15,0.13008879539330295,0.1300887953933037,7.494005416219807e-16,0.011140506465770606,0.011140506465770758,1.5265566588595902e-16,0.00012771675800107615,0.00012771675800108686,1.0706496453294356e-17
25,0.45747229007569357,0.190613454198206,0.1906134541982057,3.0531133177191805e-16,0.013683112503165323,0.013683112503165257,6.591949208711867e-17,0.0004419158363201691,0.00044191583632016555,3.577867169202165e-18,5.625801596349264e-06,5.62580159634914e-06,1.2366681029912785e-19,8.117726074094671e-09,8.117726074093235e-09,1.435985543392056e-21
26,6.87539620385187,2.8647484182716134,2.8647484182716125,8.881784197001252e-16,3.217682455620022,3.2176824556200194,2.6645352591003757e-15,1.7710769664191295,1.7710769664191293,2.220446049250313e-16,0.4844762878755042,0.48447628787550434,1.6653345369377348e-16,0.058851925131082776,0.05885192513108286,8.326672684688674e-17
27,1.2028295203115769,0.5011789667964893,0.5011789667964904,1.1102230246251565e-15,0.10245052341917837,0.1024505234191788,4.3021142204224816e-16,0.010906649487727276,0.010906649487727366,9.020562075079397e-17,0.0006360634974213805,0.0006360634974213869,6.396792817664476e-18,1.9221280641736373e-05,1.922128064173667e-05,2.981555974335137e-19
28,4.649384424527374,1.9372435102197385,1.9372435102197392,6.661338147750939e-16,1.4518781045223927,1.4518781045223934,6.661338147750939e-16,0.5203657571468825,0.5203657571468825,0.0,0.08807580771532943,0.0880758077153294,2.7755575615628914e-17,0.005864134686474961,0.005864134686474943,1.8214596497756474e-17
29,2.3266502899902806,0.969437620829283,0.9694376208292838,7.771561172376096e-16,0.36865899402687174,0.3686589940268719,1.6653345369377348e-16,0.06895158103612134,0.06895158103612149,1.5265566588595902e-16,0.006476803921573147,0.0064768039215731595,1.214306433183765e-17,0.0002768693115482117,0.0002768693115482122,4.87890977618477e-19
30,3.5080602479936194,1.4616917699973437,1.4616917699973415,2.220446049250313e-15,0.8109822187873788,0.810982218787375,3.774758283725532e-15,0.20656057033604125,0.2065605703360396,1.6375789613221059e-15,0.022251333374885406,0.02225133337488496,4.440892098500626e-16,0.0005853139979575659,0.0005853139979575238,4.217546450968612e-17
31,0.6524989805562971,0.27187457523179065,0.2718745752317905,1.6653345369377348e-16,0.027901570781292108,0.02790157078129206,4.85722573273506e-17,0.001296185685219979,0.0012961856852199737,5.204170427930421e-18,2.427625694002563e-05,2.4276256940025404e-05,2.270048298641525e-19,7.208144147939996e-08,7.208144147939683e-08,3.1234339930002325e-21
32,1.9533990085293498,0.8139162535538955,0.8139162535538957,2.220446049250313e-16,0.2563523647571303,0.2563523647571303,0.0,0.038711186353976655,0.03871118635397663,2.7755575615628914e-17,0.00278467810972693,0.0027846781097269208,9.107298248878237e-18,8.097612031607251e-05,8.097612031607171e-05,7.995991022080595e-19
33,2.371316937194507,0.9880487238310449,0.9880487238310448,1.1102230246251565e-16,0.37623098429412594,0.37623098429412566,2.7755575615628914e-16,0.0681062364230069,0.06810623642300681,8.326672684688674e-17,0.005755785050696816,0.005755785050696798,1.8214596497756474e-17,0.00018573878820217816,0.00018573878820217623,1.9244588561617704e-18
34,7.066893484899973,2.944538952041653,2.944538952041656,2.6645352591003757e-15,3.5785994392718896,3.578599439271893,3.552713678800501e-15,2.2969767279195774,2.2969767279195836,6.217248937900877e-15,0.8210150397578786,0.82101503975788,1.4432899320127035e-15,0.15491050984137048,0.15491050984137106,5.828670879282072e-16
35,0.8607117203642821,0.35862988348511793,0.35862988348511754,3.885780586188048e-16,0.05118530031116946,0.051185300311169295,1.6653345369377348e-16,0.0036886212812162686,0.0036886212812162517,1.691355389077387e-17,0.00014003953078505578,0.00014003953078505472,1.0570971181733668e-18,2.626317329061316e-06,2.6263173290612843e-06,3.176373552203626e-20
36,4.209797650803354,1.7540823545013944,1.7540823545013977,3.3306690738754696e-15,1.205651342635767,1.2056513426357716,4.6629367034256575e-15,0.4062493341894637,0.4062493341894671,3.4416913763379853e-15,0.06820160565655492,0.06820160565655589,9.71445146547012e-16,0.005120566010583412,0.005120566010583526,1.1449174941446927e-16
37,2.0613280526710134,0.8588866886129214,0.8588866886129223,8.881784197001252e-16,0.2831054706185875,0.28310547061858804,5.551115123125783e-16,0.043767939003988635,0.04376793900398878,1.457167719820518e-16,0.0030310388550028274,0.0030310388550028374,9.974659986866641e-18,6.852616602832528e-05,6.852616602832572e-05,4.336808689942018e-19
38,1.5884308586968916,0.6618461911237031,0.6618461911237049,1.7763568394002505e-15,0.1739237976214359,0.17392379762143692,1.0269562977782698e-15,0.022931517523365214,0.02293151752336547,2.5673907444456745e-16,0.0015718993450099935,0.0015718993450100226,2.905661822261152e-17,5.203131837272422e-05,5.203131837272572e-05,1.5043305143236374e-18
39,3.0746829703464336,1.2811179043110137,1.281117904311014,2.220446049250313e-16,0.6522724654871206,0.6522724654871205,1.1102230246251565e-16,0.16696019950516502,0.16696019950516522,1.942890293094024e-16,0.022304963310231407,0.022304963310231414,6.938893903907228e-18,0.0014484341828877258,0.001448434182887726,2.168404344971009e-19
40,7.545061550887076,3.143775646202954,3.1437756462029482,5.773159728050814e-15,3.750246993321724,3.750246993321706,1.8207657603852567e-14,2.0493835369291866,2.0493835369291684,1.8207657603852567e-14,0.4694068305491969,0.46940683054918775,9.159339953157541e-15,0.024491619029660554,0.024491619029658736,1.817990202823694e-15
41,3.4999134721799217,1.4582972800749692,1.4582972800749676,1.5543122344752192e-15,0.8380892025808127,0.8380892025808102,2.4424906541753444e-15,0.23934330790541364,0.23934330790541256,1.0824674490095276e-15,0.035075248862875115,0.03507524886287483,2.8449465006019636e-16,0.0024375432675445706,0.0024375432675445407,2.992397996059992e-17
42,0.5516305677688419,0.2298460699036838,0.22984606990368414,3.3306690738754696e-16,0.02061481739326366,0.020614817393263724,6.591949208711867e-17,0.0008985574064370203,0.0008985574064370267,6.396792817664476e-18,1.91494765466259e-05,1.9149476546626124e-05,2.236166980751353e-19,1.7505243711542975e-07,1.7505243711543317e-07,3.414601568618898e-21
43,2.5575810321809542,1.0656587634087316,1.065658763408731,6.661338147750939e-16,0.4347548203471089,0.4347548203471081,7.771561172376096e-16,0.08306421791084223,0.08306421791084209,1.3877787807814457e-16,0.007121078611520861,0.007121078611520833,2.7755575615628914e-17,0.00020275035565356917,0.0002027503556535667,2.4665599424045226e-18
44,9.760487204482654,4.066869668534445,4.066869668534439,6.217248937900877e-15,6.764339859236788,6.764339859236767,2.1316282072803006e-14,5.876865780746969,5.87686578074695,1.865174681370263e-14,2.8062330576764127,2.8062330576763936,1.9095836023552692e-14,0.6967921206587178,0.6967921206587121,5.662137425588298e-15
45,4.162690525821507,1.7344543857589576,1.7344543857589612,3.552713678800501e-15,1.2094331021275844,1.2094331021275895,5.10702591327572e-15,0.4321701133140275,0.4321701133140309,3.3861802251067274e-15,0.08311671660516867,0.08311671660516957,9.020562075079397e-16,0.008127950848559072,0.00812795084855919,1.1796119636642288e-16
46,4.505732241452534,1.877388433938555,1.8773884339385558,8.881784197001252e-16,1.3940933258246722,1.394093325824673,8.881784197001252e-16,0.5149930745308494,0.51499307453085,5.551115123125783e-16,0.09721836931252527,0.09721836931252534,6.938893903907228e-17,0.00859010154929645,0.00859010154929643,1.9081958235744878e-17
47,6.084027560272826,2.535011483447008,2.535011483447011,3.1086244689504383e-15,2.5703077154268072,2.570307715426813,5.773159728050814e-15,1.3234699987800194,1.3234699987800265,7.105427357601002e-15,0.3613914466382362,0.3613914466382389,2.7200464103316335e-15,0.04911585496924658,0.049115854969247155,5.759281940243e-16
48,0.9571072921883863,0.3987947050784949,0.39879470507849435,5.551115123125783e-16,0.06403506715559805,0.06403506715559786,1.942890293094024e-16,0.005281718321471762,0.005281718321471742,1.9949319973733282e-17,0.0002353013728887555,0.0002353013728887538,1.7076184216646695e-18,5.3551781679608124e-06,5.355178167960766e-06,4.658681209898652e-20
49,1.955043661903122,0.8146015257929683,0.8146015257929674,8.881784197001252e-16,0.25183943212807924,0.25183943212807836,8.881784197001252e-16,0.035621491490132697,0.0356214914901325,1.942890293094024e-16,0.0020974801939287724,0.002097480193928742,3.0357660829594124e-17,2.6463285570671677e-05,2.646328557067003e-05,1.6466320494623599e-18
50,2.141153813259795,0.8921474221915816,0.8921474221915814,2.220446049250313e-16,0.3027476934396507,0.30274769343965025,4.440892098500626e-16,0.04735119154483579,0.047351191544835664,1.249000902703301e-16,0.0031664357240006064,0.0031664357240005865,1.9949319973733282e-17,5.5200087048413996e-05,5.5200087048412695e-05,1.3010426069826053e-18
51,11.229636178620872,4.679015074425368,4.679015074425363,4.440892098500626e-15,8.361693919822308,8.361693919822292,1.5987211554602254e-14,6.952464449582399,6.952464449582372,2.6645352591003757e-14,2.541996285509795,2.5419962855097737,2.1316282072803006e-14,0.28166883518437397,0.28166883518436736,6.6058269965196814e-15
52,9.750268779309554,4.062611991378983,4.062611991378981,1.7763568394002505e-15,6.636639900270029,6.636639900270021,7.993605777301127e-15,5.583486241323447,5.5834862413234365,1.0658141036401503e-14,2.558770545104598,2.55877054510459,7.993605777301127e-15,0.6075541492446408,0.6075541492446381,2.6645352591003757e-15
53,2.4027438070650606,1.0011432529437765,1.0011432529437754,1.1102230246251565e-15,0.3854348136810441,0.3854348136810432,8.881784197001252e-16,0.06992871990244946,0.06992871990244927,1.942890293094024e-16,0.005758480479460432,0.005758480479460402,3.0357660829594124e-17,0.00016319744596080297,0.0001631974459608012,1.7618285302889447e-18
54,3.0047490434180175,1.2519787680908383,1.2519787680908405,2.220446049250313e-15,0.6143945082065428,0.6143945082065455,2.6645352591003757e-15,0.147774656086523,0.14777465608652413,1.1379786002407855e-15,0.01768355267630612,0.017683552676306325,2.0469737016526324e-16,0.0009426571781284826,0.000942657178128499,1.6371452804531117e-17
55,2.5838382544511633,1.0765992726879845,1.076599272687985,4.440892098500626e-16,0.47052141040448925,0.4705214104044897,4.440892098500626e-16,0.10648646588531951,0.1064864658853197,1.8041124150158794e-16,0.013112992496562299,0.013112992496562325,2.6020852139652106e-17,0.000830221999780332,0.0008302219997803335,1.5178830414797062e-18
56,9.471677683823373,3.946532368259727,3.946532368259738,1.1102230246251565e-14,6.20583738056971,6.205837380569749,3.907985046680551e-14,4.95036249083121,4.9503624908312664,5.684341886080802e-14,2.1021422066042765,2.102142206604314,3.730349362740526e-14,0.44860482094803455,0.4486048209480458,1.1268763699945339e-14
57,1.1623803247440174,0.4843251353100064,0.48432513531000737,9.43689570931383e-16,0.09324645823538397,0.09324645823538437,4.0245584642661925e-16,0.009055624075501142,0.00905562407550122,7.806255641895632e-17,0.0004630304475758553,0.0004630304475758609,5.583641188300348e-18,1.1694187371160344e-05,1.169418737116056e-05,2.168404344971009e-19
58,3.5071825310622238,1.4613260546092588,1.4613260546092601,1.3322676295501878e-15,0.820996041533621,0.8209960415336226,1.5543122344752192e-15,0.21806585265145184,0.2180658526514527,8.604228440844963e-16,0.026654858237845473,0.026654858237845695,2.220446049250313e-16,0.0011876091110360697,0.0011876091110360888,1.9081958235744878e-17
59,5.411079097652072,2.254616290688369,2.2546162906883636,5.329070518200751e-15,1.9650843494364676,1.9650843494364567,1.0880185641326534e-14,0.8178601562533929,0.8178601562533849,7.993605777301127e-15,0.16019698052907821,0.1601969805290753,2.914335439641036e-15,0.012223993823794133,0.012223993823793673,4.597017211338539e-16
60,1.9271491522624673,0.802978813442695,0.8029788134426947,2.220446049250313e-16,0.24449296712725127,0.24449296712725108,1.942890293094024e-16,0.03409844367123081,0.03409844367123074,7.632783294297951e-17,0.001997540404381011,0.0019975404043809986,1.214306433183765e-17,2.7267496028865716e-05,2.726749602886495e-05,7.657177843178875e-19
61,2.530086490456921,1.0542027043570514,1.0542027043570505,8.881784197001252e-16,0.4343194064617378,0.43431940646173683,9.43689570931383e-16,0.08695821209746382,0.08695821209746354,2.7755575615628914e-16,0.008480824493295567,0.008480824493295491,7.632783294297951e-17,0.00035017191165153517,0.00035017191165152877,6.396792817664476e-18
62,4.160221141208776,1.733425475503656,1.7334254755036569,8.881784197001252e-16,1.2135184765865668,1.2135184765865674,6.661338147750939e-16,0.43857419529345437,0.4385741952934549,5.551115123125783e-16,0.0862582742036676,0.08625827420366776,1.5265566588595902e-16,0.008753953153348358,0.008753953153348367,8.673617379884035e-18
63,5.329733023778548,2.2207220932410663,2.220722093241062,4.440892098500626e-15,1.8660014870525603,1.8660014870525503,9.992007221626409e-15,0.7144155518508626,0.7144155518508551,7.438494264988549e-15,0.11291321816842732,0.11291321816842477,2.55351295663786e-15,0.0036232805006113297,0.0036232805006109997,3.3003114130458755e-16
64,2.453137804348964,1.0221407518120689,1.0221407518120684,4.440892098500626e-16,0.4029483663287576,0.40294836632875697,6.106226635438361e-16,0.07564580473957261,0.07564580473957243,1.8041124150158794e-16,0.006658462995711921,0.006658462995711859,6.245004513516506e-17,0.0002267236578131227,0.00022672365781311828,4.4181238528784306e-18
65,5.622732683610067,2.3428052848375307,2.342805284837528,2.6645352591003757e-15,2.0793488342427056,2.0793488342426993,6.217248937900877e-15,0.8428531252398433,0.842853125239839,4.3298697960381105e-15,0.141980679786606,0.141980679786604,1.9984014443252818e-15,0.0051193582967129486,0.0051193582967126415,3.0704605524789486e-16
66,2.352635051547603,0.9802646048115022,0.9802646048115013,8.881784197001252e-16,0.36797483789708696,0.36797483789708585,1.1102230246251565e-15,0.06471296890231326,0.06471296890231285,4.163336342344337e-16,0.00510944408357249,0.005109444083572428,6.245004513516506e-17,0.00013419230485122366,0.0001341923048512194,4.255493527005605e-18
67,2.338971669002732,0.9745715287511396,0.9745715287511383,1.3322676295501878e-15,0.3811254099588772,0.381125409958876,1.2212453270876722e-15,0.07586903559658421,0.07586903559658384,3.7470027081099033e-16,0.008014774092108122,0.00801477409210806,6.245004513516506e-17,0.000420746246647891,0.00042074624664788614,4.87890977618477e-18
68,7.745628419745579,3.2273451748939834,3.227345174893992,8.43769498715119e-15,3.919317626984858,3.9193176269848813,2.3092638912203256e-14,2.1349394729484414,2.13493947294847,2.842170943040401e-14,0.45248296832754276,0.45248296832755663,1.3877787807814457e-14,0.008122063524156632,0.008122063524159258,2.626371342628886e-15
69,8.828469995038468,3.678529164599357,3.678529164599361,3.9968028886505635e-15,5.258919731960157,5.258919731960169,1.1546319456101628e-14,3.6321716807609565,3.632171680760978,2.1316282072803006e-14,1.2139967893831012,1.2139967893831105,9.325873406851315e-15,0.17040349892215176,0.17040349892215384,2.0816681711721685e-15
70,0.6087536299906671,0.25364734582944465,0.2536473458294446,5.551115123125783e-17,0.02487007910790851,0.024870079107908484,2.42861286636753e-17,0.0011669439187227079,0.0011669439187227055,2.3852447794681098e-18,2.5980322908032648e-05,2.598032290803253e-05,1.1858461261560205e-19,2.3147179675567618e-07,2.314717967556732e-07,2.991085094991748e-21
71,3.6323127052949995,1.513463627206248,1.51346362720625,1.9984014443252818e-15,0.9311548017670468,0.9311548017670488,1.9984014443252818e-15,0.29688677236003924,0.29688677236004046,1.2212453270876722e-15,0.0514970713005326,0.051497071300532896,2.983724378680108e-16,0.0045870710736382716,0.004587071073638302,3.0357660829594124e-17
72,1.219665850686153,0.5081941044525645,0.508194104452564,5.551115123125783e-16,0.10276614291596554,0.10276614291596527,2.7755575615628914e-16,0.010512221295435534,0.010512221295435498,3.642919299551295e-17,0.0005695017470769275,0.000569501747076924,3.469446951953614e-18,1.538543728190372e-05,1.538543728190361e-05,1.0842021724855044e-19
73,0.7701905175911571,0.3209127156629828,0.32091271566298213,6.661338147750939e-16,0.04033420254561594,0.04033420254561574,2.0122792321330962e-16,0.0024856331493922287,0.0024856331493922075,2.1250362580715887e-17,7.64526307528283e-05,7.645263075282727e-05,1.0299920638612292e-18,1.0569141364833208e-06,1.0569141364832933e-06,2.752857078576476e-20
74,4.825007993229889,2.0104199971791172,2.010419997179121,3.552713678800501e-15,1.5925562930589847,1.5925562930589898,5.10702591327572e-15,0.6269322980706891,0.6269322980706928,3.774758283725532e-15,0.12672085227545898,0.12672085227545996,9.71445146547012e-16,0.012163275045453408,0.012163275045453514,1.0581813203458523e-16
75,3.8653818788150014,1.6105757828395852,1.6105757828395841,1.1102230246251565e-15,0.9940252456628366,0.9940252456628342,2.3314683517128287e-15,0.2876604304676098,0.28766043046760875,1.0547118733938987e-15,0.03742177772212623,0.037421777722125904,3.2612801348363973e-16,0.001624703700094238,0.0016247037000942017,3.621235256101585e-17
76,3.56944801369148,1.4872700057047856,1.4872700057047834,2.220446049250313e-15,0.8948183469548824,0.8948183469548792,3.219646771412954e-15,0.2775042082932198,0.2775042082932186,1.2212453270876722e-15,0.04654596129541,0.046545961295409666,3.3306690738754696e-16,0.003984132894714989,0.003984132894714951,3.8163916471489756e-17
77,2.2059946494483107,0.9191644372701293,0.9191644372701296,3.3306690738754696e-16,0.3414224195031982,0.34142241950319857,3.885780586188048e-16,0.06561991085059715,0.06561991085059725,9.71445146547012e-17,0.006894490101793936,0.006894490101793943,6.938893903907228e-18,0.00037624962388845776,0.00037624962388845814,3.7947076036992655e-19
78,7.280567220344908,3.033569675143715,3.033569675143712,3.1086244689504383e-15,3.5910196373998255,3.591019637399815,1.0658141036401503e-14,2.0711180387828647,2.0711180387828545,1.021405182655144e-14,0.5890099598396215,0.5890099598396156,5.88418203051333e-15,0.07347705782653757,0.073477057826536,1.5681900222830336e-15
79,2.090736858997264,0.8711403579155268,0.8711403579155266,2.220446049250313e-16,0.3014929025212058,0.3014929025212058,0.0,0.05270414887945965,0.052704148879459733,8.326672684688674e-17,0.004874126391087365,0.004874126391087373,7.806255641895632e-18,0.00022464998164350687,0.0002246499816435075,6.2341624917916505e-19
80,0.42594051203263184,0.17747521334692992,0.17747521334692992,0.0,0.012384399610707465,0.012384399610707461,3.469446951953614e-18,0.0004266899708765777,0.00042668997087657825,5.421010862427522e-19,7.434888769079528e-06,7.434888769079524e-06,4.235164736271502e-21,5.97131161346474e-08,5.971311613464721e-08,1.852884572118782e-22
81,3.4526964809993355,1.438623533749721,1.4386235337497233,2.220446049250313e-15,0.8096933566048539,0.8096933566048561,2.220446049250313e-15,0.22299676005819685,0.22299676005819838,1.5265566588595902e-15,0.030531206109343872,0.03053120610934419,3.191891195797325e-16,0.0018638192273740682,0.0018638192273741018,3.361026734705064e-17
82,10.660007339239872,4.4416697246832895,4.44166972468328,9.769962616701378e-15,7.550338192157495,7.550338192157452,4.3520742565306136e-14,6.002140404367261,6.002140404367209,5.240252676230739e-14,2.1301504002312757,2.1301504002312326,4.3076653355456074e-14,0.24543605427739007,0.2454360542773776,1.2462253451417382e-14
83,5.575057453736714,2.322940605723634,2.3229406057236304,3.552713678800501e-15,2.1104479762250117,2.110447976225005,6.661338147750939e-15,0.9377558208119892,0.937755820811985,4.107825191113079e-15,0.2069357160815998,0.20693571608159844,1.3600232051658168e-15,0.020319652617739447,0.02031965261773924,2.0816681711721685e-16
84,0.4517562970176949,0.18823179042403987,0.18823179042403954,3.3306690738754696e-16,0.0142355336055993,0.014235533605599242,5.724587470723463e-17,0.0005503298907415459,0.0005503298907415429,2.927345865710862e-18,1.1389907650607489e-05,1.1389907650607384e-05,1.0503208545953324e-19,1.1884744744080375e-07,1.1884744744080215e-07,1.6014216659026616e-21
85,0.5667551896106051,0.23614799567108596,0.2361479956710855,4.718447854656915e-16,0.021982147025407087,0.021982147025406972,1.1449174941446927e-16,0.0010182289209079995,0.0010182289209079913,8.239936510889834e-18,2.4290621684185982e-05,2.4290621684185647e-05,3.3542504711270293e-19,2.7673568308761676e-07,2.7673568308761035e-07,6.405686663610646e-21
86,2.2761189641959323,0.948382901748303,0.948382901748305,1.9984014443252818e-15,0.34418667939802955,0.34418667939803144,1.887379141862766e-15,0.058389311103745206,0.058389311103745914,7.077671781985373e-16,0.004415515926694083,0.004415515926694194,1.1102230246251565e-16,0.00010766171645577983,0.00010766171645578691,7.074419175467916e-18
87,5.281984295094892,2.2008267896228744,2.2008267896228717,2.6645352591003757e-15,1.8389373241769165,1.8389373241769107,5.773159728050814e-15,0.7053750160080481,0.7053750160080448,3.3306690738754696e-15,0.11432403190734423,0.11432403190734282,1.4155343563970746e-15,0.004485668726172037,0.004485668726171853,1.8474805019152996e-16
88,4.234385864444626,1.7643274435185923,1.764327443518594,1.7763568394002505e-15,1.2604085931896774,1.26040859318968,2.6645352591003757e-15,0.46625725909097576,0.46625725909097804,2.275957200481571e-15,0.09419249810984484,0.09419249810984541,5.689893001203927e-16,0.00985647959791181,0.009856479597911876,6.591949208711867e-17
89,6.593996901432577,2.7474987089302445,2.7474987089302405,3.9968028886505635e-15,3.079854344947242,3.0798543449472344,7.549516567451064e-15,1.8002601256383763,1.8002601256383703,5.995204332975845e-15,0.5779337540473252,0.577933754047322,3.219646771412954e-15,0.09650735461691676,0.09650735461691608,6.800116025829084e-16
90,0.5752628461634356,0.23969285256809808,0.23969285256809816,8.326672684688674e-17,0.02305597314494546,0.023055973144945483,2.42861286636753e-17,0.0011394570279593557,0.001139457027959358,2.3852447794681098e-18,3.059484454955213e-05,3.059484454955219e-05,6.098637220230962e-20,4.244486739059741e-07,4.2444867390597487e-07,7.940933880509066e-22
91,14.784639832988201,6.16026659707841,6.160266597078417,7.105427357601002e-15,15.380465158787857,15.380465158787887,3.019806626980426e-14,19.877775107674303,19.87777510767438,7.815970093361102e-14,13.998269035952394,13.998269035952472,7.815970093361102e-14,5.0852742526615415,5.085274252661581,3.907985046680551e-14
92,3.3195444793450193,1.3831435330604283,1.3831435330604247,3.552713678800501e-15,0.7718825726784286,0.7718825726784241,4.551914400963142e-15,0.2209516921757308,0.22095169217572863,2.1649348980190553e-15,0.033930009741880165,0.03393000974187967,4.926614671774132e-16,0.002627609048264895,0.0026276090482648404,5.4643789493269423e-17
93,6.767792147629349,2.8199133948455644,2.819913394845562,2.220446049250313e-15,3.1829893392558812,3.182989339255876,5.329070518200751e-15,1.8212401721461773,1.8212401721461753,1.9984014443252818e-15,0.549226529606328,0.5492265296063269,1.1102230246251565e-15,0.0814554303591688,0.08145543035916876,4.163336342344337e-17
94,0.3580746887492389,0.14919778697884978,0.14919778697884958,1.942890293094024e-16,0.008814794142761602,0.00881479414276157,3.122502256758253e-17,0.0002594631260948398,0.0002594631260948385,1.3010426069826053e-18,3.9108446823505115e-06,3.910844682350477e-06,3.4728350837426314e-20,2.7674801589662503e-08,2.767480158966209e-08,4.1359030627651384e-22
95,1.9099323173600902,0.7958051322333701,0.795805132233371,8.881784197001252e-16,0.2448837262414989,0.24488372624149946,5.551115123125783e-16,0.03606263872448945,0.03606263872448965,2.0122792321330962e-16,0.002518150798478056,0.002518150798478084,2.7755575615628914e-17,7.016666908598744e-05,7.016666908598875e-05,1.3145951341386741e-18
96,2.922440834263952,1.2176836809433147,1.2176836809433134,1.3322676295501878e-15,0.5709923674285324,0.5709923674285309,1.5543122344752192e-15,0.1267837348336336,0.1267837348336331,4.996003610813204e-16,0.012971304166682646,0.012971304166682535,1.1102230246251565e-16,0.00048376321345019975,0.0004837632134501913,8.456776945386935e-18
97,3.518154443502051,1.4658976847925231,1.4658976847925214,1.7763568394002505e-15,0.8392105366340215,0.8392105366340186,2.886579864025407e-15,0.23444740247347046,0.23444740247346932,1.1379786002407855e-15,0.03240166231826998,0.032401662318269624,3.5388358909926865e-16,0.001977985867505216,0.0019779858675051804,3.5561831257524545e-17
98,3.3608854295506596,1.40036892897944,1.4003689289794414,1.3322676295501878e-15,0.7451289227867045,0.7451289227867063,1.7763568394002505e-15,0.18241200560772589,0.18241200560772686,9.71445146547012e-16,0.01900937111203622,0.019009371112036384,1.6306400674181987e-16,0.0005040760243354739,0.0005040760243354861,1.22514845490862e-17
99,0.8871905693256373,0.3696627372190152,0.36966273721901555,3.3306690738754696e-16,0.05578679283751997,0.055786792837520055,8.326672684688674e-17,0.004390902683087118,0.004390902683087133,1.5612511283791264e-17,0.0001897393911988722,0.0001897393911988728,5.963111948670274e-19,4.260823685177687e-06,4.260823685177706e-06,1.8634724839594607e-20
100,3.7940313276131086,1.5808463865054643,1.5808463865054618,2.4424906541753444e-15,0.981589470118145,0.9815894701181416,3.4416913763379853e-15,0.30106504107974347,0.30106504107974186,1.609823385706477e-15,0.046868619105571364,0.046868619105571066,2.983724378680108e-16,0.0033943860781758713,0.0033943860781758344,3.686287386450715e-17
101,2.033530153409786,0.8473042305874117,0.847304230587411,6.661338147750939e-16,0.27521081528151353,0.2752108152815129,6.106226635438361e-16,0.04199082575283794,0.0419908257528378,1.3877787807814457e-16,0.0028988726795398817,0.002898872679539856,2.5587171270657905e-17,6.86734067582205e-05,6.867340675821896e-05,1.5449880957918438e-18
102,5.063028134594111,2.109595056080879,2.10959505608088,8.881784197001252e-16,1.7976077038854634,1.7976077038854634,0.0,0.7890336694290663,0.7890336694290668,5.551115123125783e-16,0.18743989625927793,0.18743989625927793,0.0,0.022772106266361454,0.022772106266361447,6.938893903907228e-18
103,6.250257258383385,2.604273857659746,2.604273857659744,1.7763568394002505e-15,2.5920672588562432,2.592067258856238,5.329070518200751e-15,1.203804886278372,1.2038048862783683,3.552713678800501e-15,0.24836846996102296,0.24836846996102152,1.4432899320127035e-15,0.016330063962462858,0.01633006396246264,2.185751579730777e-16
104,2.6260992546605157,1.0942080227752147,1.094208022775215,2.220446049250313e-16,0.4816027494299901,0.4816027494299902,1.1102230246251565e-16,0.10906153077373677,0.1090615307737368,2.7755575615628914e-17,0.013413951099448238,0.013413951099448243,5.204170427930421e-18,0.0008508316640452155,0.000850831664045215,5.421010862427522e-19
105,4.6792425548846275,1.9496843978685954,1.9496843978685945,8.881784197001252e-16,1.5046846082517644,1.5046846082517633,1.1102230246251565e-15,0.5821824422746606,0.5821824422746606,0.0,0.11754194825940996,0.11754194825940996,0.0,0.011575690548692107,0.011575690548692097,1.0408340855860843e-17
106,2.7433145685492946,1.1430477368955363,1.1430477368955396,3.3306690738754696e-15,0.4946667526754745,0.494666752675478,3.497202527569243e-15,0.09764987796280053,0.09764987796280204,1.5126788710517758e-15,0.007983190019365816,0.007983190019366069,2.5326962749261384e-16,0.00013596014247499555,0.0001359601424750143,1.8756697583999227e-17
107,3.977646942197545,1.6573528925823127,1.6573528925823104,2.220446049250313e-15,1.059670387605282,1.059670387605278,3.9968028886505635e-15,0.3228086164748668,0.3228086164748648,1.9984014443252818e-15,0.046162451520861826,0.046162451520861264,5.620504062164855e-16,0.0025624045094573386,0.002562404509457266,7.24247051220317e-17
108,3.8721034111852397,1.6133764213271855,1.613376421327183,2.4424906541753444e-15,0.9997395434806534,0.9997395434806495,3.885780586188048e-15,0.29201636958198995,0.2920163695819878,2.1649348980190553e-15,0.03890911692249298,0.03890911692249231,6.661338147750939e-16,0.0018299984050464198,0.0018299984050463413,7.849623728795052e-17
109,2.602969543925951,1.0845706433024789,1.0845706433024795,6.661338147750939e-16,0.4715733287772381,0.4715733287772386,4.996003610813204e-16,0.10438387457055967,0.10438387457055989,2.220446049250313e-16,0.012284390787876437,0.012284390787876446,8.673617379884035e-18,0.0007213822303813184,0.0007213822303813191,6.505213034913027e-19
110,4.2819506349222225,1.784146097884255,1.7841460978842596,4.6629367034256575e-15,1.2660441027392795,1.2660441027392877,8.215650382226158e-15,0.4521128956566788,0.4521128956566839,5.10702591327572e-15,0.08437933817129183,0.08437933817129321,1.3877787807814457e-15,0.007668772801461288,0.007668772801461492,2.0383000842727483e-16
111,5.874383775025455,2.4476599062606095,2.4476599062606064,3.1086244689504383e-15,2.276239393938118,2.276239393938111,7.105427357601002e-15,0.9719891960801477,0.9719891960801413,6.328271240363392e-15,0.17508165578280335,0.17508165578280077,2.581268532253489e-15,0.007497730100095871,0.007497730100095449,4.2240516640035253e-16
112,5.929980774057481,2.470825322523947,2.4708253225239503,3.1086244689504383e-15,2.459141059809477,2.459141059809481,3.9968028886505635e-15,1.2522408141074575,1.2522408141074635,5.995204332975845e-15,0.34077990388898277,0.34077990388898477,1.9984014443252818e-15,0.04651820073032575,0.04651820073032612,3.7470027081099033e-16
113,1.2416997152149174,0.5173748813395497,0.5173748813395489,7.771561172376096e-16,0.10440725420252711,0.10440725420252678,3.3306690738754696e-16,0.010225469622531283,0.01022546962253125,3.2959746043559335e-17,0.0004878684355609172,0.0004878684355609138,3.415236843329339e-18,9.892701229121362e-06,9.892701229121245e-06,1.1689054672109345e-19
114,0.3801585200218886,0.15839938334245346,0.1583993833424536,1.3877787807814457e-16,0.010338210985177357,0.010338210985177372,1.5612511283791264e-17,0.00035599980763511576,0.0003559998076351171,1.3552527156068805e-18,6.8254201652501095e-06,6.825420165250133e-06,2.371692252312041e-20,6.912360949210198e-08,6.91236094921023e-08,3.1763735522036263e-22
115,3.0334075925167583,1.263919830215316,1.263919830215316,0.0,0.6250969746003332,0.6250969746003329,3.3306690738754696e-16,0.15092668428185685,0.1509266842818571,2.498001805406602e-16,0.017969402176948146,0.01796940217694817,2.42861286636753e-17,0.0009343143576136088,0.0009343143576136136,4.87890977618477e-18
116,1.6333898371897702,0.6805790988290701,0.680579098829071,8.881784197001252e-16,0.1766911774927739,0.1766911774927744,4.996003610813204e-16,0.021311982789706845,0.021311982789706977,1.3183898417423734e-16,0.0011279066109368488,0.0011279066109368622,1.3444106938820255e-17,1.7973620141713692e-05,1.7973620141714255e-05,5.624298769768554e-19
117,0.28943816090445157,0.12059923371018819,0.12059923371018817,1.3877787807814457e-17,0.005567441035609019,0.005567441035609016,2.6020852139652106e-18,0.00012016211077160378,0.00012016211077160389,1.0842021724855044e-19,1.1556581113154611e-06,1.1556581113154645e-06,3.3881317890172014e-21,3.572695760689905e-09,3.57269576068994e-09,3.5155176033503676e-23
118,5.5917526758852,2.3298969482855036,2.3298969482855,3.552713678800501e-15,2.1575649150061045,2.157564915006098,6.661338147750939e-15,1.0044281327928664,1.0044281327928615,4.884981308350689e-15,0.24398287838538388,0.24398287838538188,1.9984014443252818e-15,0.028789949513677415,0.028789949513677065,3.5041414214731503e-16
119,2.2420352924803133,0.9341813718667987,0.9341813718667972,1.5543122344752192e-15,0.34784739302497325,0.34784739302497214,1.1102230246251565e-15,0.06521398231199203,0.06521398231199173,3.0531133177191805e-16,0.006373271206582713,0.006373271206582662,5.117434254131581e-17,0.0003011419902719552,0.00030114199027195195,3.2526065174565133e-18
120,1.8945548771896408,0.7893978654956838,0.7893978654956837,1.1102230246251565e-16,0.24922895135822992,0.24922895135822973,1.942890293094024e-16,0.03999588432797503,0.03999588432797498,4.85722573273506e-17,0.003412145017948349,0.0034121450179483434,5.637851296924623e-18,0.00014551412781287768,0.00014551412781287721,4.607859233063394e-19
121,5.782692781576848,2.4094553256570252,2.40945532565702,5.329070518200751e-15,2.2611435220885947,2.261143522088583,1.1546319456101628e-14,1.0306362827932602,1.0306362827932498,1.0436096431476471e-14,0.23028803483375226,0.23028803483374827,3.9968028886505635e-15,0.022300470301139935,0.02230047030113925,6.869504964868156e-16
122,7.557949425777965,3.1491455940741475,3.1491455940741524,4.884981308350689e-15,4.1268376318977,4.126837631897712,1.2434497875801753e-14,2.8805636963142636,2.8805636963142787,1.509903313490213e-14,1.1295120843180457,1.1295120843180528,7.105427357601002e-15,0.2359002324336823,0.23590023243368416,1.8596235662471372e-15
123,1.2061152435967057,0.5025480181652936,0.502548018165294,4.440892098500626e-16,0.09990569354389003,0.09990569354389023,1.942890293094024e-16,0.009941790371276883,0.009941790371276925,4.163336342344337e-17,0.0005146457243279162,0.0005146457243279196,3.3610267347050637e-18,1.2926975341914067e-05,1.2926975341914204e-05,1.3721933745519665e-19
124,0.2213339606785974,0.09222248361608207,0.09222248361608225,1.8041124150158794e-16,0.003205328834033412,0.003205328834033428,1.6046192152785466e-17,5.019548905434012e-05,5.019548905434068e-05,5.624298769768554e-19,3.112860298757534e-07,3.1128602987576115e-07,7.72917564369549e-21,2.3613998601583415e-10,2.361399860158756e-10,4.146242820422051e-23
125,3.6522989818848606,1.5217912424520268,1.5217912424520255,1.3322676295501878e-15,0.8873304197993002,0.8873304197992979,2.220446049250313e-15,0.24268355551723625,0.24268355551723522,1.0269562977782698e-15,0.029896045297627922,0.029896045297627623,2.983724378680108e-16,0.0012407947683735797,0.0012407947683735442,3.5561831257524545e-17
126,5.180442008188666,2.1585175034119417,2.1585175034119444,2.6645352591003757e-15,1.9102163756158035,1.9102163756158081,4.6629367034256575e-15,0.8870556533182248,0.8870556533182291,4.3298697960381105e-15,0.2280129505108752,0.22801295051087664,1.4432899320127035e-15,0.03077003385795564,0.03077003385795588,2.393918396847994e-16
127,1.7146532135652568,0.7144388389855255,0.7144388389855237,1.7763568394002505e-15,0.20256038652347308,0.2025603865234719,1.1657341758564144e-15,0.028785756813252093,0.028785756813251847,2.463307335887066e-16,0.0021227375616536762,0.0021227375616536476,2.862293735361732e-17,7.53478882853641e-05,7.53478882853627e-05,1.395910297075087e-18
128,12.195100283556066,5.0812917848150265,5.081291784815027,8.881784197001252e-16,9.848608023430629,9.848608023430632,3.552713678800501e-15,8.867012320968975,8.86701232096899,1.5987211554602254e-14,3.5011808770470374,3.5011808770470503,1.2878587085651816e-14,0.4153159274412739,0.4153159274412778,3.941291737419306e-15
129,6.139612945218427,2.558172060507677,2.558172060507678,8.881784197001252e-16,2.5435887316503414,2.5435887316503445,3.1086244689504383e-15,1.2242671721300882,1.2242671721300924,4.218847493575595e-15,0.28707397492759684,0.28707397492759884,1.9984014443252818e-15,0.028796406939652706,0.028796406939653147,4.40619762898109e-16
130,1.7300493889421205,0.7208539120592172,0.7208539120592168,4.440892098500626e-16,0.20354714295676501,0.20354714295676474,2.7755575615628914e-16,0.028266678420143534,0.02826667842014347,6.591949208711867e-17,0.0019774319589737563,0.0019774319589737476,8.673617379884035e-18,6.351406721489793e-05,6.351406721489736e-05,5.692061405548898e-19
131,2.3118859676623034,0.9632858198592905,0.9632858198592931,2.55351295663786e-15,0.37493674732651705,0.37493674732651927,2.220446049250313e-15,0.0751038623255234,0.07510386232552414,7.494005416219807e-16,0.008119292571353942,0.008119292571354067,1.249000902703301e-16,0.00044671921769801683,0.000446719217698026,9.161508357502512e-18
132,5.154809781093466,2.147837408788941,2.1478374087889445,3.552713678800501e-15,1.795030673844877,1.7950306738448831,6.217248937900877e-15,0.7266909945758242,0.7266909945758288,4.551914400963142e-15,0.14325389355269466,0.14325389355269605,1.3877787807814457e-15,0.012040736727564049,0.012040736727564262,2.1337098754514727e-16
133,5.162090688963209,2.1508711204013404,2.1508711204013373,3.1086244689504383e-15,1.7503108838129902,1.7503108838129837,6.439293542825908e-15,0.6483143320003592,0.6483143320003548,4.3298697960381105e-15,0.09864722988202268,0.098647229882021,1.6792123247455493e-15,0.002902034261097261,0.0029020342610970077,2.5326962749261384e-16
134,14.192928493976321,5.9137202058234735,5.913720205823468,5.329070518200751e-15,13.372893700908453,13.372893700908412,4.085620730620576e-14,14.106789968863694,14.106789968863621,7.283063041541027e-14,6.5916616959235395,6.59166169592346,7.904787935331115e-14,0.9651108855282913,0.9651108855282574,3.3861802251067274e-14
135,3.4853558919227527,1.4522316216344808,1.4522316216344804,4.440892098500626e-16,0.8119974340892175,0.811997434089217,5.551115123125783e-16,0.21539808089062737,0.21539808089062729,8.326672684688674e-17,0.026540559199191006,0.026540559199190943,6.245004513516506e-17,0.0012293131790956134,0.0012293131790956091,4.336808689942018e-18
136,3.2115787712596986,1.3381578213582066,1.3381578213582077,1.1102230246251565e-15,0.7327968463497685,0.7327968463497696,1.1102230246251565e-15,0.21036997249054462,0.2103699724905451,4.718447854656915e-16,0.03343563821350867,0.03343563821350879,1.1796119636642288e-16,0.002793610789998798,0.0027936107899988105,1.2576745200831851e-17
137,4.9964794435052085,2.081866434793837,2.0818664347938367,4.440892098500626e-16,1.7109113067567945,1.7109113067567934,1.1102230246251565e-15,0.6999889777810986,0.6999889777810981,4.440892098500626e-16,0.14725884190669972,0.1472588419066993,4.163336342344337e-16,0.014724166637674922,0.014724166637674846,7.632783294297951e-17
138,4.143483945576101,1.7264516439900437,1.7264516439900424,1.3322676295501878e-15,1.1553822634185067,1.1553822634185034,3.3306690738754696e-15,0.37048197848629416,0.37048197848629233,1.8318679906315083e-15,0.05619881173034632,0.05619881173034571,6.106226635438361e-16,0.0033569628683397246,0.003356962868339646,7.849623728795052e-17
139,6.257134698011085,2.6071394575046174,2.6071394575046187,1.3322676295501878e-15,2.572914964582686,2.5729149645826896,3.552713678800501e-15,1.1579252003693083,1.1579252003693126,4.218847493575595e-15,0.21570078807855825,0.2157007880785595,1.2490009027033011e-15,0.008342820257598822,0.008342820257599061,2.393918396847994e-16
140,1.840945599742176,0.7670606665592403,0.7670606665592401,2.220446049250313e-16,0.22629535539155693,0.22629535539155676,1.6653345369377348e-16,0.031588220184566335,0.031588220184566355,2.0816681711721685e-17,0.002033253028028163,0.002033253028028166,3.0357660829594124e-18,4.8022014298404625e-05,4.8022014298404856e-05,2.303929616531697e-19
141,0.8596139026213019,0.3581724594255427,0.35817245942554243,2.7755575615628914e-16,0.0504425109680323,0.050442510968032185,1.1796119636642288e-16,0.003503166418903743,0.003503166418903729,1.431146867680866e-17,0.0001225582041179883,0.00012255820411798728,1.0028870095490916e-18,1.9586674115883394e-06,1.9586674115883034e-06,3.5998900258307764e-20
142,1.7065929546408642,0.7110803977670286,0.7110803977670269,1.6653345369377348e-15,0.1973707841848215,0.19737078418482035,1.1657341758564144e-15,0.026739071043099024,0.02673907104309876,2.636779683484747e-16,0.001795496829378661,0.001795496829378629,3.187554387107383e-17,5.3549478375949725e-05,5.354947837594811e-05,1.6127507315721878e-18
143,0.2722417473920487,0.11343406141335353,0.11343406141335363,9.71445146547012e-17,0.004891376851857188,0.004891376851857195,6.938893903907228e-18,9.707840766432564e-05,9.707840766432601e-05,3.6591823321385775e-19,8.202873271545283e-07,8.202873271545327e-07,4.341043854678289e-21,1.7604636888683001e-09,1.760463688868318e-09,1.7784383169890095e-23
144,5.012080771659511,2.088366988191463,2.0883669881914626,4.440892098500626e-16,1.7098222506873193,1.7098222506873169,2.4424906541753444e-15,0.6884995715622443,0.6884995715622432,1.1102230246251565e-15,0.13940982020912202,0.13940982020912157,4.440892098500626e-16,0.012893308598931903,0.012893308598931796,1.0755285551056204e-16
145,11.123474477855524,4.634781032439803,4.634781032439802,8.881784197001252e-16,8.515842242412722,8.515842242412715,7.105427357601002e-15,7.868132169706566,7.868132169706568,1.7763568394002505e-15,3.8146375863743383,3.814637586374341,2.6645352591003757e-15,0.9101309700579272,0.9101309700579291,1.887379141862766e-15
146,2.319568585514424,0.9664869106310104,0.96648691063101,4.440892098500626e-16,0.3531486187437197,0.35314861874371933,3.885780586188048e-16,0.058674405487310684,0.05867440548731061,7.632783294297951e-17,0.003996328155557706,0.003996328155557681,2.5153490401663703e-17,5.183958252475523e-05,5.1839582524753535e-05,1.6940658945086007e-18
147,2.8076810260643548,1.1698670941934797,1.1698670941934814,1.7763568394002505e-15,0.5513306085354952,0.5513306085354969,1.6653345369377348e-15,0.13288205933374075,0.1328820593337415,7.494005416219807e-16,0.017095082943187078,0.01709508294318721,1.3183898417423734e-16,0.0011006912300316398,0.0011006912300316521,1.235990476633475e-17
148,1.730625508919331,0.7210939620497208,0.7210939620497213,5.551115123125783e-16,0.20748349640026775,0.20748349640026803,2.7755575615628914e-16,0.030199587538485798,0.030199587538485884,8.673617379884035e-17,0.0023163577604611114,0.0023163577604611205,9.107298248878237e-18,8.760284994186349e-05,8.76028499418639e-05,4.0657581468206416e-19
149,3.3061666621083603,1.3775694425451486,1.3775694425451501,1.5543122344752192e-15,0.7394660131968649,0.7394660131968667,1.7763568394002505e-15,0.19269453378155438,0.19269453378155546,1.0824674490095276e-15,0.024544606011996997,0.024544606011997178,1.8041124150158794e-16,0.0013434846828369422,0.0013434846828369595,1.734723475976807e-17
150,1.515635996742677,0.6315149986427815,0.631514998642782,5.551115123125783e-16,0.15235841869208727,0.15235841869208752,2.498001805406602e-16,0.017135281097231423,0.017135281097231485,6.245004513516506e-17,0.0008538344014459995,0.0008538344014460025,2.927345865710862e-18,1.3397540739343993e-05,1.3397540739344054e-05,6.098637220230962e-20
151,6.295525580990998,2.623135658746249,2.623135658746249,0.0,2.7305936640702644,2.7305936640702617,2.6645352591003757e-15,1.425926662424585,1.4259266624245857,6.661338147750939e-16,0.3873462768682395,0.38734627686823897,5.551115123125783e-16,0.0508931062883984,0.050893106288398215,1.8735013540549517e-16
152,0.7597406775101309,0.3165586156292203,0.3165586156292213,9.992007221626409e-16,0.03861082476073517,0.03861082476073545,2.7755575615628914e-16,0.002237750457092811,0.0022377504570928446,3.382710778154774e-17,6.047594716768478e-05,6.04759471676864e-05,1.6195269951502222e-18,6.218108584621023e-07,6.218108584621381e-07,3.578714202149419e-20
153,0.6478495363292357,0.26993730680384875,0.2699373068038482,5.551115123125783e-16,0.027896007684670696,0.027896007684670543,1.5265566588595902e-16,0.0013488507653918217,0.0013488507653918096,1.214306433183765e-17,2.9149175244326075e-05,2.9149175244325505e-05,5.692061405548898e-19,2.0532912980402513e-07,2.053291298040145e-07,1.0640851399882148e-20
154,7.0559507127795165,2.939979463658127,2.9399794636581316,4.440892098500626e-15,3.308692363005491,3.3086923630055045,1.3322676295501878e-14,1.7404447533336236,1.7404447533336396,1.5987211554602254e-14,0.4075149682255282,0.40751496822553557,7.382983113757291e-15,0.030507624890234338,0.030507624890235882,1.5439038936193583e-15
155,11.484458912591208,4.785191213579671,4.785191213579671,0.0,8.746946709665341,8.746946709665337,3.552713678800501e-15,7.451681362475136,7.451681362475137,8.881784197001252e-16,2.810676289185138,2.810676289185129,8.881784197001252e-15,0.3328023791575361,0.33280237915753147,4.6074255521944e-15
156,5.1420613625866025,2.142525567744421,2.1425255677444177,3.1086244689504383e-15,1.7595107554003753,1.7595107554003688,6.439293542825908e-15,0.6771376034055858,0.6771376034055816,4.218847493575595e-15,0.11677313228797202,0.11677313228797022,1.8041124150158794e-15,0.006616125388042802,0.006616125388042535,2.671474153004283e-16
157,3.320544415621839,1.3835601731757687,1.3835601731757663,2.4424906541753444e-15,0.7210883985367731,0.7210883985367696,3.4416913763379853e-15,0.16911046046060807,0.16911046046060652,1.5543122344752192e-15,0.015627828816394095,0.015627828816393716,3.7816971776294395e-16,0.00016175794586025725,0.0001617579458602243,3.2959746043559335e-17
158,5.362099109781122,2.234207962408804,2.2342079624088007,3.1086244689504383e-15,1.9529867544684232,1.9529867544684172,5.995204332975845e-15,0.8355027402432487,0.8355027402432448,3.885780586188048e-15,0.17775656359666198,0.17775656359666053,1.4432899320127035e-15,0.016876206681062475,0.01687620668106228,1.942890293094024e-16
159,12.643264453213089,5.268026855505456,5.268026855505453,2.6645352591003757e-15,10.500480455129955,10.500480455129944,1.0658141036401503e-14,9.530236814554861,9.530236814554847,1.4210854715202004e-14,3.5591417178720732,3.55914171787206,1.3322676295501878e-14,0.26128084134466323,0.2612808413446581,5.10702591327572e-15
160,9.966088605887734,4.152536919119896,4.152536919119889,7.105427357601002e-15,6.715006107852036,6.71500610785201,2.6645352591003757e-14,5.268803130041206,5.268803130041171,3.552713678800501e-14,2.020513740057788,2.020513740057767,2.1316282072803006e-14,0.33322742540648537,0.3332274254064786,6.772360450213455e-15
161,1.4281863249734073,0.5950776354055873,0.5950776354055864,8.881784197001252e-16,0.1357816155391659,0.13578161553916532,5.828670879282072e-16,0.014563810582860874,0.014563810582860777,9.71445146547012e-17,0.0007082807429117862,0.0007082807429117755,1.0625181290357943e-17,1.1917654509159165e-05,1.1917654509158762e-05,4.0318768289304696e-19
162,4.4418896033912265,1.8507873347463448,1.8507873347463446,2.220446049250313e-16,1.2881257828806978,1.2881257828806958,1.9984014443252818e-15,0.40143864164607046,0.40143864164606957,8.881784197001252e-16,0.0483458846341095,0.04834588463410915,3.469446951953614e-16,0.0004057039672608398,0.0004057039672607926,4.721700461174372e-17
163,2.9770120020241264,1.2404216675100521,1.2404216675100526,4.440892098500626e-16,0.6005693129014589,0.6005693129014592,3.3306690738754696e-16,0.14158985348946457,0.1415898534894647,1.3877787807814457e-16,0.016418182510608437,0.016418182510608444,6.938893903907228e-18,0.0008292453580502015,0.0008292453580502003,1.1926223897340549e-18
164,3.032766831816035,1.2636528465900154,1.2636528465900145,8.881784197001252e-16,0.6045794350595056,0.604579435059505,6.661338147750939e-16,0.13160418598765491,0.1316041859876547,2.220446049250313e-16,0.011709131621131073,0.011709131621131057,1.5612511283791264e-17,0.00018924846292682279,0.0001892484629268221,6.776263578034403e-19
165,2.8597712873649574,1.1915713697353996,1.1915713697353993,2.220446049250313e-16,0.5385476165037328,0.5385476165037318,9.992007221626409e-16,0.111524934868766,0.11152493486876565,3.469446951953614e-16,0.009704848918321737,0.00970484891832166,7.632783294297951e-17,0.00019702633568623336,0.00019702633568622743,5.936006894358137e-18
166,5.115133847886934,2.131305769952889,2.1313057699528892,4.440892098500626e-16,1.7160622515143347,1.716062251514336,1.3322676295501878e-15,0.6270060638591706,0.6270060638591717,1.1102230246251565e-15,0.09323625209354468,0.09323625209354507,3.885780586188048e-16,0.0024529415551821556,0.002452941555182213,5.724587470723463e-17
167,4.2128996366064175,1.7553748485860106,1.755374848586007,3.552713678800501e-15,1.2247799389830893,1.2247799389830833,5.995204332975845e-15,0.4280149535650535,0.42801495356505054,2.942091015256665e-15,0.07721856976619483,0.07721856976619397,8.604228440844963e-16,0.0066245620998839905,0.0066245620998838795,1.1102230246251565e-16
168,10.227490078249811,4.2614541992707595,4.261454199270755,4.440892098500626e-15,6.879524842974155,6.879524842974135,2.042810365310288e-14,5.0753621584078985,5.075362158407869,2.930988785010413e-14,1.5611109378789898,1.5611109378789656,2.4202861936828413e-14,0.10582716031671328,0.10582716031670564,7.646661082105766e-15
169,10.26798602249301,4.2783275093720885,4.2783275093720885,0.0,6.93389935551156,6.933899355511558,1.7763568394002505e-15,5.133808680209452,5.133808680209448,3.552713678800501e-15,1.5822547584616469,1.5822547584616418,5.10702591327572e-15,0.10601252204003872,0.1060125220400369,1.817990202823694e-15
170,3.1153267323852196,1.2980528051605087,1.2980528051605082,4.440892098500626e-16,0.6379507885067082,0.6379507885067074,7.771561172376096e-16,0.14295746076216315,0.1429574607621629,2.498001805406602e-16,0.013236350639362703,0.013236350639362612,9.020562075079397e-17,0.00024958781667652573,0.0002495878166765171,8.61940727125976e-18
171,1.219313769651308,0.5080474040213788,0.5080474040213783,5.551115123125783e-16,0.09758287615486644,0.09758287615486616,2.7755575615628914e-16,0.008518975846701006,0.008518975846700964,4.163336342344337e-17,0.00030421355831432376,0.00030421355831431975,4.0115480381963664e-18,2.020713094175697e-06,2.0207130941755533e-06,1.435720845596039e-19
172,5.0944099813731505,2.1226708255721425,2.122670825572146,3.552713678800501e-15,1.7314776560042138,1.7314776560042209,7.105427357601002e-15,0.6671656995809427,0.6671656995809485,5.773159728050814e-15,0.11806404412045828,0.11806404412046034,2.067790383364354e-15,0.007566154651993173,0.007566154651993488,3.148523108897905e-16
173,4.401206469518996,1.8338360289662448,1.8338360289662483,3.552713678800501e-15,1.3429609759666152,1.3429609759666208,5.551115123125783e-15,0.49931944618178914,0.499319446181793,3.885780586188048e-15,0.09865409061538419,0.0986540906153851,9.159339953157541e-16,0.00974882446321028,0.009748824463210407,1.2663481374630692e-16
174,5.78964905182507,2.4123537715937853,2.412353771593779,6.217248937900877e-15,2.2822280436509352,2.28222804365092,1.509903313490213e-14,1.0567727954273232,1.0567727954273134,9.769962616701378e-15,0.2420852902891415,0.24208529028913725,4.246603069191224e-15,0.024334394574658996,0.024334394574658226,7.7021722333370235e-16
175,4.915901594546351,2.048292331060979,2.0482923310609795,4.440892098500626e-16,1.5954559166211122,1.5954559166211122,0.0,0.573020552528291,0.573020552528291,0.0,0.08824950168305576,0.0882495016830558,4.163336342344337e-17,0.003618958970563814,0.003618958970563811,3.0357660829594124e-18
176,9.147908455442339,3.8116285231009805,3.8116285231009748,5.773159728050814e-15,5.589259516794479,5.589259516794457,2.220446049250313e-14,3.8637640276345526,3.8637640276345273,2.531308496145357e-14,1.212655348479709,1.21265534847969,1.887379141862766e-14,0.13096622138711841,0.13096622138711356,4.85722573273506e-15
177,4.061308806791814,1.6922120028299248,1.6922120028299228,1.9984014443252818e-15,1.135431921841079,1.1354319218410753,3.774758283725532e-15,0.38314603822415144,0.3831460382241497,1.7208456881689926e-15,0.06784061655533866,0.06784061655533816,4.996003610813204e-16,0.005909935992995078,0.005909935992995014,6.418476861114186e-17
178,3.326936694253079,1.3862236226054498,1.3862236226054496,2.220446049250313e-16,0.7361642216758069,0.7361642216758065,3.3306690738754696e-16,0.18341257516182807,0.18341257516182818,1.1102230246251565e-16,0.020610509751940093,0.0206105097519401,6.938893903907228e-18,0.0007854566821250659,0.0007854566821250646,1.3010426069826053e-18
179,9.841651576598185,4.100688156915904,4.100688156915911,7.105427357601002e-15,6.552092330222955,6.552092330222976,2.1316282072803006e-14,5.087440412282052,5.087440412282088,3.6415315207705135e-14,1.93794678059705,1.9379467805970734,2.3314683517128287e-14,0.3203628689262661,0.32036286892627264,6.5503158452884236e-15
180,9.261203680111882,3.8588348667132903,3.858834866713284,6.217248937900877e-15,5.64053789601593,5.640537896015904,2.5757174171303632e-14,3.7653141599458078,3.7653141599457753,3.241851231905457e-14,1.04481228207891,1.044812282078888,2.19824158875781e-14,0.0622459262120622,0.06224592621205652,5.68295410730002e-15
181,8.055047491664297,3.3562697881934516,3.356269788193457,5.329070518200751e-15,4.51097304868949,4.5109730486895065,1.687538997430238e-14,3.0851593073988375,3.085159307398857,1.9539925233402755e-14,1.1225402140050007,1.1225402140050103,9.547918011776346e-15,0.20422381907943957,0.20422381907944193,2.3592239273284576e-15
182,0.35146628926902124,0.14644428719542535,0.14644428719542552,1.6653345369377348e-16,0.008661281764806907,0.00866128176480693,2.2551405187698492e-17,0.0002630863305794935,0.0002630863305794948,1.3010426069826053e-18,4.294097784531585e-06,4.294097784531612e-06,2.710505431213761e-20,3.541995043123031e-08,3.541995043123058e-08,2.713152409173931e-22
183,5.723788402495934,2.3849118343733102,2.3849118343733062,3.9968028886505635e-15,2.3044067146189677,2.3044067146189597,7.993605777301127e-15,1.1526077976196563,1.1526077976196512,5.10702591327572e-15,0.31430723591989884,0.31430723591989657,2.275957200481571e-15,0.044263264965868826,0.044263264965868424,4.0245584642661925e-16
184,3.967206183415452,1.653002576423106,1.653002576423105,8.881784197001252e-16,1.0667774738130231,1.0667774738130211,1.9984014443252818e-15,0.33466856871485656,0.3346685687148556,9.43689570931383e-16,0.051316492961028214,0.05131649296102781,4.0245584642661925e-16,0.0033690836921604723,0.0033690836921604185,5.377642775528102e-17
185,1.7003632239447344,0.7084846766436406,0.7084846766436393,1.2212453270876722e-15,0.19920416687932743,0.19920416687932677,6.661338147750939e-16,0.028163666178688075,0.028163666178687957,1.1796119636642288e-16,0.002084781473953889,0.0020847814739538718,1.734723475976807e-17,7.556494852552882e-05,7.556494852552798e-05,8.402566836762659e-19
186,5.69760895325868,2.3740037305244566,2.3740037305244495,7.105427357601002e-15,2.250999165317847,2.2509991653178325,1.4654943925052066e-14,1.0881243595747474,1.0881243595747363,1.1102230246251565e-14,0.2824655904758024,0.2824655904757981,4.274358644806853e-15,0.03731783924344093,0.03731783924344019,7.424616477180734e-16
187,5.987293981547841,2.4947058256449317,2.494705825644934,2.220446049250313e-15,2.4064538859401683,2.406453885940172,3.552713678800501e-15,1.1066603247384261,1.1066603247384301,3.9968028886505635e-15,0.2378766670131986,0.23787666701319923,6.38378239159465e-16,0.019437994136236883,0.019437994136236984,1.0061396160665481e-16
188,1.6719431986791558,0.6966429994496479,0.6966429994496482,3.3306690738754696e-16,0.19826673126911795,0.19826673126911812,1.6653345369377348e-16,0.029529482112546534,0.02952948211254659,5.551115123125783e-17,0.0024308224141299994,0.0024308224141300055,6.071532165918825e-18,0.0001050223797652591,0.00010502237976525928,1.7618285302889447e-19
189,5.117194654993447,2.132164439580597,2.1321644395806025,5.329070518200751e-15,1.806312957256217,1.8063129572562278,1.0658141036401503e-14,0.7730970294944826,0.7730970294944901,7.549516567451064e-15,0.17510904669311092,0.17510904669311358,2.6645352591003757e-15,0.019776881743922968,0.019776881743923422,4.544975507059235e-16
190,2.7469757733149303,1.144573238881222,1.1445732388812209,1.1102230246251565e-15,0.5166699100652148,0.5166699100652133,1.4432899320127035e-15,0.11575517666020241,0.11575517666020194,4.718447854656915e-16,0.01323883092386233,0.013238830923862244,8.673617379884035e-17,0.0007095901810634705,0.0007095901810634623,8.239936510889834e-18
191,3.228451409674137,1.3451880873642226,1.3451880873642235,8.881784197001252e-16,0.6910107024623554,0.691010702462357,1.5543122344752192e-15,0.16463526912984097,0.16463526912984192,9.43689570931383e-16,0.017017356732062845,0.017017356732063088,2.42861286636753e-16,0.0004934262981787351,0.0004934262981787556,2.0491421059976034e-17
192,2.913543052951005,1.2139762720629177,1.2139762720629188,1.1102230246251565e-15,0.5802221781934656,0.5802221781934667,1.1102230246251565e-15,0.13737107634599555,0.13737107634599605,4.996003610813204e-16,0.016566236350576857,0.016566236350576958,1.0061396160665481e-16,0.0009338272899199975,0.0009338272899200062,8.673617379884035e-18
193,1.305891212656695,0.5441213386069566,0.5441213386069564,1.1102230246251565e-16,0.11284878300526313,0.11284878300526305,8.326672684688674e-17,0.01085250151821045,0.010852501518210452,1.734723475976807e-18,0.0004553037095174535,0.0004553037095174533,2.168404344971009e-19,5.589887644621875e-06,5.589887644621839e-06,3.5575383784680614e-20
194,2.1546993261317997,0.8977913858882497,0.8977913858882498,1.1102230246251565e-16,0.3217008717258773,0.32170087172587747,1.6653345369377348e-16,0.05868015815763161,0.058680158157631675,6.245004513516506e-17,0.0057330127288404585,0.005733012728840471,1.214306433183765e-17,0.0002840053402120423,0.00028400534021204326,9.75781955236954e-19
195,8.456915262774599,3.5237146928227445,3.5237146928227494,4.884981308350689e-15,4.902915067752827,4.902915067752841,1.4210854715202004e-14,3.3867125204972153,3.3867125204972335,1.8207657603852567e-14,1.192153163168097,1.1921531631681057,8.659739592076221e-15,0.1956434113674195,0.19564341136742136,1.8596235662471372e-15
196,2.9432095025646334,1.2263372927352651,1.226337292735264,1.1102230246251565e-15,0.5732157865349923,0.573215786534991,1.3322676295501878e-15,0.12378792393815713,0.12378792393815663,4.996003610813204e-16,0.011471314210195671,0.0114713142101956,7.112366251504909e-17,0.0002807259264406786,0.00028072592644067245,6.1257422745431e-18
197,8.115523826579619,3.3814682610748457,3.381468261074841,4.440892098500626e-15,4.412799074083766,4.412799074083749,1.7763568394002505e-14,2.745778973835506,2.745778973835487,1.9095836023552692e-14,0.8034228996114817,0.8034228996114704,1.1324274851176597e-14,0.09170732386088644,0.09170732386088344,2.9976021664879227e-15
198,9.409972824101953,3.9208220100424747,3.920822010042481,6.217248937900877e-15,6.02985413035794,6.029854130357958,1.7763568394002505e-14,4.552631952900373,4.552631952900398,2.4868995751603507e-14,1.7166510693191899,1.716651069319203,1.3100631690576847e-14,0.2907287055201006,0.2907287055201039,3.2751579226442118e-15
199,3.8160708137475425,1.5900295057281462,1.5900295057281428,3.3306690738754696e-15,0.9933948396874968,0.9933948396874918,4.9960036108132044e-15,0.3066683866929962,0.30666838669299357,2.609024107869118e-15,0.048060270132572136,0.04806027013257147,6.661338147750939e-16,0.0035037377029545277,0.003503737702954453,7.45931094670027e-17
200,0.5550539943647713,0.23127249765198837,0.23127249765198807,3.0531133177191805e-16,0.021375920589286973,0.021375920589286907,6.591949208711867e-17,0.001003707070949977,0.0010037070709499728,4.119968255444917e-18,2.505182836730912e-05,2.5051828367308942e-05,1.7618285302889447e-19,3.126987985392904e-07,3.126987985392874e-07,2.964615315390051e-21
201,0.9736345137341521,0.4056810473892299,0.40568104738923005,1.6653345369377348e-16,0.06466718640869877,0.06466718640869878,1.3877787807814457e-17,0.00508113884538427,0.00508113884538428,9.540979117872439e-18,0.0002011595867366152,0.0002011595867366155,2.981555974335137e-19,3.6429904134535658e-06,3.642990413453571e-06,5.082197683525802e-21
202,3.9011024004907258,1.6254593335378007,1.6254593335378025,1.7763568394002505e-15,1.0533616394162422,1.0533616394162446,2.4424906541753444e-15,0.34432551973005154,0.34432551973005293,1.3877787807814457e-15,0.05894562151892809,0.05894562151892843,3.400058012914542e-16,0.004922028471930062,0.004922028471930106,4.423544863740858e-17
203,10.575024254538837,4.40626010605785,4.406260106057849,8.881784197001252e-16,7.308095000072336,7.308095000072335,8.881784197001252e-16,5.441777496205178,5.44177749620518,1.7763568394002505e-15,1.582156393075014,1.582156393075016,1.9984014443252818e-15,0.04246800018592943,0.0424680001859288,6.314393452555578e-16
204,2.0180990562815273,0.8408746067839705,0.8408746067839697,7.771561172376096e-16,0.2806136597055191,0.2806136597055186,4.996003610813204e-16,0.04693180474945051,0.04693180474945038,1.3183898417423734e-16,0.004071262165538318,0.004071262165538304,1.3877787807814457e-17,0.00016984120109024328,0.0001698412010902423,9.75781955236954e-19
205,3.1553097139762762,1.3147123808234473,1.3147123808234484,1.1102230246251565e-15,0.7044868702850544,0.7044868702850552,7.771561172376096e-16,0.19640432876456068,0.19640432876456126,5.828670879282072e-16,0.029958290454107535,0.0299582904541076,6.591949208711867e-17,0.0023642255018599756,0.002364225501859981,5.204170427930421e-18
206,3.7110962688420805,1.546290112017536,1.5462901120175336,2.4424906541753444e-15,0.9182522380749214,0.9182522380749174,3.9968028886505635e-15,0.25677924446749495,0.2567792444674932,1.7763568394002505e-15,0.0326281951744136,0.03262819517441305,5.48172618408671e-16,0.001440171332229465,0.0014401713322294049,6.006480035569695e-17
207,4.2568533565521545,1.7736888985634,1.7736888985633978,2.220446049250313e-15,1.237779763329789,1.2377797633297842,4.6629367034256575e-15,0.4272929530908221,0.4272929530908203,1.7763568394002505e-15,0.07492344746405916,0.07492344746405862,5.412337245047638e-16,0.006108585101666522,0.006108585101666476,4.597017211338539e-17
208,3.9077464525516667,1.6282276885631954,1.6282276885631948,6.661338147750939e-16,1.0221282823658964,1.0221282823658941,2.220446049250313e-15,0.30504248704338843,0.30504248704338743,9.992007221626409e-16,0.042453421474052386,0.042453421474051956,4.3021142204224816e-16,0.0022446921699714735,0.0022446921699714197,5.377642775528102e-17
209,0.6467427120710533,0.2694761300296059,0.2694761300296055,3.885780586188048e-16,0.027839181211597286,0.027839181211597206,7.979727989493313e-17,0.0013459248390214054,0.0013459248390214006,4.7704895589362195e-18,2.8974467944333938e-05,2.8974467944333728e-05,2.1006417091906648e-19,1.9858223880865167e-07,1.985822388086485e-07,3.1763735522036263e-21
210,3.375054018753654,1.4062725078140235,1.4062725078140228,6.661338147750939e-16,0.7635162619446694,0.7635162619446682,1.2212453270876722e-15,0.1977142463832139,0.19771424638321355,3.3306690738754696e-16,0.02407491892119547,0.024074918921195385,8.673617379884035e-17,0.0011422967225069671,0.0011422967225069637,3.469446951953614e-18
211,0.9986834125511479,0.4161180885629786,0.4161180885629783,2.7755575615628914e-16,0.06830210631317818,0.06830210631317808,9.71445146547012e-17,0.00556566037042982,0.00556566037042981,9.540979117872439e-18,0.00023160498594149826,0.00023160498594149758,6.776263578034403e-19,4.519534771972827e-06,4.519534771972808e-06,1.9481757786848908e-20
212,1.1320867314922172,0.47170280478842463,0.47170280478842386,7.771561172376096e-16,0.08856678032625823,0.08856678032625792,3.0531133177191805e-16,0.008371605746051664,0.008371605746051617,4.683753385137379e-17,0.0004133641403619157,0.00041336414036191225,3.469446951953614e-18,9.922607559298503e-06,9.92260755929839e-06,1.1180834903756764e-19
213,2.567221693673333,1.069675705697224,1.0696757056972221,1.7763568394002505e-15,0.46237404355410505,0.4623740435541035,1.5543122344752192e-15,0.1027535955847701,0.10275359558476971,3.885780586188048e-16,0.01229159483092017,0.012291594830920086,8.500145032286355e-17,0.0007449309224141615,0.0007449309224141547,6.830473686658678e-18
214,4.290260735434547,1.787608639764397,1.787608639764395,1.9984014443252818e-15,1.2465298327344847,1.2465298327344811,3.552713678800501e-15,0.4226868951232454,0.42268689512324376,1.6653345369377348e-15,0.07027925277983844,0.07027925277983788,5.689893001203927e-16,0.005054131754548944,0.005054131754548883,6.071532165918825e-17
215,3.59409480453117,1.4975395018879856,1.4975395018879876,1.9984014443252818e-15,0.9013589659052244,0.9013589659052272,2.886579864025407e-15,0.2772844765619921,0.27728447656199356,1.4432899320127035e-15,0.04562470108825936,0.0456247010882597,3.400058012914542e-16,0.0037777992020280237,0.003777799202028069,4.5102810375396984e-17
216,3.177042274896464,1.3237676145401922,1.3237676145401935,1.3322676295501878e-15,0.6889394235269429,0.6889394235269439,9.992007221626409e-16,0.17716183133702407,0.17716183133702484,7.771561172376096e-16,0.02309729257249612,0.023097292572496278,1.5959455978986625e-16,0.0013958224548937415,0.0013958224548937534,1.1926223897340549e-17
217,3.6979391900551404,1.540807995856309,1.5408079958563086,4.440892098500626e-16,0.9424599863002603,0.9424599863002593,9.992007221626409e-16,0.2891364211104688,0.2891364211104683,4.996003610813204e-16,0.04608893527465586,0.0460889352746557,1.5959455978986625e-16,0.003544063566657153,0.0035440635666571336,1.951563910473908e-17
218,9.473205056436075,3.9471687735150316,3.947168773515031,4.440892098500626e-16,5.859554985321307,5.859554985321304,3.552713678800501e-15,3.898607811431882,3.8986078114318894,7.549516567451064e-15,1.0071924133803785,1.0071924133803818,3.3306690738754696e-15,0.021081747087628066,0.02108174708762912,1.0547118733938987e-15
219,18.587503626880526,7.744793177866891,7.744793177866885,5.329070518200751e-15,23.899652430337277,23.899652430337234,4.263256414560601e-14,37.387310034770735,37.387310034770664,7.105427357601002e-14,31.07718350047658,31.07718350047647,1.1013412404281553e-13,12.941037728023591,12.941037728023533,5.861977570020827e-14
220,1.819332162226321,0.7580550675943001,0.7580550675943003,2.220446049250313e-16,0.22226973523071958,0.22226973523071977,1.942890293094024e-16,0.03119810325772589,0.031198103257725984,9.367506770274758e-17,0.0020767863756453704,0.0020767863756453774,6.938893903907228e-18,5.516536710867726e-05,5.516536710867759e-05,3.2526065174565133e-19
221,9.3039511185577,3.8766462993990483,3.8766462993990425,5.773159728050814e-15,5.9069110333678925,5.90691103336787,2.220446049250313e-14,4.420415316180961,4.420415316180937,2.398081733190338e-14,1.6465583822696335,1.6465583822696186,1.4876988529977098e-14,0.2723603043116613,0.27236030431165764,3.6637359812630166e-15
222,5.003716727411444,2.084881969754768,2.0848819697547687,8.881784197001252e-16,1.695462048713972,1.6954620487139722,2.220446049250313e-16,0.6723174507092846,0.6723174507092846,0.0,0.1319544409214992,0.1319544409214987,4.996003610813204e-16,0.011475918066647698,0.011475918066647585,1.1275702593849246e-16
223,3.1242299619945433,1.3017624841643953,1.301762484164393,2.220446049250313e-15,0.6495383766450256,0.6495383766450226,2.9976021664879227e-15,0.15218622217564687,0.15218622217564565,1.2212453270876722e-15,0.01611363016277964,0.016113630162779332,3.0878077872387166e-16,0.0005825038421417189,0.0005825038421416923,2.667137344314341e-17
224,2.5749177496515987,1.0728823956881666,1.0728823956881661,4.440892098500626e-16,0.43947758380875496,0.4394775838087542,7.771561172376096e-16,0.0837676909200307,0.0837676909200304,2.914335439641036e-16,0.007033296161443369,0.007033296161443298,7.112366251504909e-17,0.00018091545663182247,0.0001809154566318169,5.55653613398821e-18
225,3.0301768305472105,1.2625736793946725,1.2625736793946711,1.3322676295501878e-15,0.6368831239796624,0.6368831239796608,1.5543122344752192e-15,0.16390954656580844,0.1639095465658079,5.551115123125783e-16,0.02268583816661814,0.02268583816661799,1.491862189340054e-16,0.0016013008957379109,0.0016013008957378957,1.5178830414797062e-17
226,4.1867047457581865,1.74446031073258,1.7444603107325778,2.220446049250313e-15,1.1617800600995654,1.1617800600995614,3.9968028886505635e-15,0.3598347941867839,0.35983479418678155,2.3314683517128287e-15,0.0489870619129252,0.04898706191292439,8.118505867571457e-16,0.0020200500422167143,0.002020050042216624,9.020562075079397e-17
227,1.9335725616280572,0.8056552340116918,0.8056552340116905,1.3322676295501878e-15,0.2564441475215049,0.25644414752150396,9.43689570931383e-16,0.04045303411938482,0.04045303411938463,1.8735013540549517e-16,0.0032311548022700945,0.0032311548022700685,2.6020852139652106e-17,0.00011852382316008586,0.00011852382316008446,1.395910297075087e-18
228,8.19372166948364,3.4140506956181884,3.414050695618184,4.440892098500626e-15,4.599203125454914,4.599203125454901,1.3322676295501878e-14,3.077777568809158,3.0777775688091467,1.1546319456101628e-14,1.0531149211068376,1.0531149211068298,7.771561172376096e-15,0.1693551345705752,0.16935513457057313,2.0539125955565396e-15
229,3.266175530098802,1.3609064708745002,1.360906470874501,6.661338147750939e-16,0.7371826130041772,0.7371826130041778,5.551115123125783e-16,0.20209265093193585,0.20209265093193615,3.0531133177191805e-16,0.02936293397040796,0.02936293397040796,0.0,0.0021296535739320473,0.002129653573932044,3.469446951953614e-18
230,1.0442798232896249,0.43511659303734335,0.43511659303734374,3.885780586188048e-16,0.07422542228990017,0.07422542228990028,1.1102230246251565e-16,0.0062356706680165505,0.00623567066801657,1.9081958235744878e-17,0.0002645137550044979,0.00026451375500449904,1.1384122811097797e-18,5.17301355116405e-06,5.173013551164078e-06,2.795208725939191e-20
231,2.1916502073386517,0.9131875863911053,0.913187586391105,3.3306690738754696e-16,0.32165130339044495,0.32165130339044457,3.885780586188048e-16,0.05393387945770277,0.053933879457702706,6.245004513516506e-17,0.0042337756270609105,0.00423377562706089,2.0816681711721685e-17,0.00012786344781343115,0.00012786344781342995,1.1926223897340549e-18
232,3.877974943088531,1.6158228929535523,1.6158228929535545,2.220446049250313e-15,1.0684714631545398,1.0684714631545427,2.886579864025407e-15,0.3693865820728095,0.36938658207281116,1.6653345369377348e-15,0.07027469892025323,0.07027469892025372,4.85722573273506e-16,0.006963187312689918,0.0069631873126899686,5.0306980803327406e-17
233,6.254023921945592,2.6058433008106627,2.605843300810663,4.440892098500626e-16,2.7239220497633614,2.723922049763363,1.7763568394002505e-15,1.459909772436331,1.4599097724363326,1.5543122344752192e-15,0.42319873919948886,0.42319873919948925,3.885780586188048e-16,0.06296396780295488,0.06296396780295503,1.5265566588595902e-16
234,3.448636154782044,1.436931731159187,1.4369317311591852,1.7763568394002505e-15,0.7765438386117458,0.7765438386117433,2.55351295663786e-15,0.18792909384541617,0.18792909384541495,1.2212453270876722e-15,0.01757502356696226,0.017575023566961973,2.8796409701215e-16,0.00011403968795425996,0.00011403968795423313,2.6834003769016235e-17
235,5.074848204906045,2.1145200853775186,2.1145200853775186,0.0,1.779471966002506,1.7794719660025058,2.220446049250313e-16,0.752077551341914,0.7520775513419136,4.440892098500626e-16,0.16497691747181537,0.16497691747181506,3.0531133177191805e-16,0.017374528129346433,0.01737452812934635,8.326672684688674e-17
236,2.734551091590016,1.1393962881625093,1.1393962881625068,2.4424906541753444e-15,0.5365294686951456,0.5365294686951433,2.3314683517128287e-15,0.13358332922625807,0.1335833292262573,7.771561172376096e-16,0.018538101329779524,0.018538101329779365,1.5959455978986625e-16,0.0013590069494319884,0.0013590069494319721,1.6263032587282567e-17
237,17.43693167802106,7.26538819917544,7.265388199175442,1.7763568394002505e-15,20.743698043572827,20.74369804357283,3.552713678800501e-15,29.174333044486765,29.174333044486836,7.105427357601002e-14,20.624815122849817,20.624815122849878,6.039613253960852e-14,6.6323156825173815,6.6323156825173974,1.5987211554602254e-14
238,3.6636828064060625,1.5265345026691959,1.5265345026691928,3.1086244689504383e-15,0.8858233149309332,0.8858233149309288,4.440892098500626e-15,0.2360139992278268,0.23601399922782446,2.3314683517128287e-15,0.02646699677440198,0.026466996774401372,6.071532165918825e-16,0.0006907861375178875,0.0006907861375178263,6.114900252818245e-17
239,7.993543559680624,3.3306431498669213,3.330643149866927,5.773159728050814e-15,4.417477212288469,4.4174772122884844,1.509903313490213e-14,2.966621779338868,2.9666217793388854,1.7319479184152442e-14,1.056411023212317,1.0564110232123243,7.327471962526033e-15,0.1878733970845277,0.18787339708452952,1.8318679906315083e-15
240,7.464766906108584,3.110319544211903,3.11031954421191,6.661338147750939e-15,3.6602995579188664,3.660299557918885,1.865174681370263e-14,1.960773686847189,1.9607736868472123,2.3314683517128287e-14,0.43155284663313404,0.43155284663314564,1.1601830607332886e-14,0.01838517204757751,0.018385172047579793,2.282896094385478e-15
241,13.218405240983108,5.507668850409629,5.507668850409628,8.881784197001252e-16,12.173812031596924,12.173812031596919,5.329070518200751e-15,13.837794030916545,13.837794030916546,1.7763568394002505e-15,8.564176054254744,8.56417605425474,5.329070518200751e-15,2.7475177606683134,2.747517760668308,5.329070518200751e-15
242,5.784438085499481,2.4101825356247852,2.410182535624784,1.3322676295501878e-15,2.1897566243897284,2.189756624389724,4.440892098500626e-15,0.8965207759997343,0.8965207759997322,2.1094237467877974e-15,0.14532262609627483,0.14532262609627355,1.27675647831893e-15,0.0028585634328071067,0.0028585634328069528,1.5395670849294163e-16
243,2.8753445981083536,1.1980602492118166,1.1980602492118142,2.4424906541753444e-15,0.5916127933096993,0.5916127933096966,2.6645352591003757e-15,0.15403557853050712,0.15403557853050623,8.881784197001252e-16,0.022289527817141483,0.02228952781714128,2.0122792321330962e-16,0.001698787779999936,0.001698787779999916,1.9949319973733282e-17
244,9.42558467320501,3.927326947168747,3.927326947168755,7.993605777301127e-15,6.050579051002981,6.050579051003008,2.6645352591003757e-14,4.576757009304702,4.576757009304743,4.1744385725905886e-14,1.7289435161385727,1.7289435161385966,2.398081733190338e-14,0.2932998235826549,0.29329982358266177,6.8833827526759706e-15
245,2.1590668443831835,0.8996111851596597,0.8996111851596599,2.220446049250313e-16,0.3291186771127571,0.32911867711275716,5.551115123125783e-17,0.06238550754444187,0.06238550754444191,3.469446951953614e-17,0.006426979469489488,0.006426979469489486,2.6020852139652106e-18,0.0003393652713434438,0.00033936527134344343,3.7947076036992655e-19
246,4.309407741760819,1.7955865590670104,1.7955865590670084,1.9984014443252818e-15,1.2911246696749297,1.2911246696749261,3.552713678800501e-15,0.473508349461388,0.4735083494613858,2.1649348980190553e-15,0.09294118435003615,0.09294118435003537,7.771561172376096e-16,0.009215801195813963,0.009215801195813857,1.0581813203458523e-16
247,3.9012816857454933,1.6255340357272914,1.625534035727289,2.4424906541753444e-15,0.9952878517723692,0.9952878517723651,4.107825191113079e-15,0.27425850903589444,0.27425850903589233,2.1094237467877974e-15,0.029815915329910396,0.029815915329909754,6.418476861114186e-16,0.00037273890746497134,0.00037273890746489875,7.258733544790452e-17
248,1.9220676065566333,0.8008615027319314,0.8008615027319306,7.771561172376096e-16,0.24610578530046717,0.24610578530046648,6.938893903907228e-16,0.03559271448725655,0.03559271448725641,1.3877787807814457e-16,0.002339825595835183,0.0023398255958351592,2.3852447794681098e-17,5.365951433503743e-05,5.365951433503609e-05,1.3417001884508117e-18
249,3.8203280247980853,1.5918033436658678,1.5918033436658687,8.881784197001252e-16,0.9870662267005056,0.987066226700507,1.4432899320127035e-15,0.29768732250320906,0.29768732250321045,1.3877787807814457e-15,0.04419372369830114,0.044193723698301504,3.608224830031759e-16,0.0028732519621109467,0.0028732519621109897,4.2934406030425976e-17
250,1.9467288068958606,0.8111370028732761,0.8111370028732753,7.771561172376096e-16,0.2511056138199347,0.25110561381993396,7.216449660063518e-16,0.036064249912669856,0.03606424991266966,1.942890293094024e-16,0.0022545427804056507,0.0022545427804056216,2.905661822261152e-17,4.045082597978782e-05,4.0450825979786196e-05,1.6263032587282567e-18
251,1.1810070889564503,0.49208628706518764,0.49208628706518764,0.0,0.09158850341344565,0.09158850341344561,4.163336342344337e-17,0.007754857688686298,0.007754857688686299,1.734723475976807e-18,0.00026931685687072414,0.0002693168568707237,4.336808689942018e-19,1.7839639524865138e-06,1.7839639524864892e-06,2.456395547037471e-20
252,3.9267138885821167,1.6361307869092157,1.6361307869092152,4.440892098500626e-16,1.0652769914767872,1.0652769914767863,8.881784197001252e-16,0.34927509773703214,0.349275097737032,1.1102230246251565e-16,0.059896721269001835,0.05989672126900169,1.457167719820518e-16,0.005006728040426041,0.005006728040426035,6.071532165918825e-18
253,4.3397858371446425,1.8082440988102682,1.808244098810268,2.220446049250313e-16,1.236751963296888,1.2367519632968869,1.1102230246251565e-15,0.3847790079026781,0.3847790079026777,3.885780586188048e-16,0.04907981888472723,0.04907981888472702,2.1510571102112408e-16,0.001188091030361725,0.001188091030361704,2.0816681711721685e-17
254,1.638598431598293,0.6827493464992889,0.6827493464992889,0.0,0.18695033777891962,0.1869503377789196,2.7755575615628914e-17,0.026243851479814322,0.026243851479814326,3.469446951953614e-18,0.0019927329839180994,0.001992732983918099,4.336808689942018e-19,7.768063592184668e-05,7.768063592184662e-05,5.421010862427522e-20
255,0.500133888896589,0.2083891203735792,0.20838912037357876,4.440892098500626e-16,0.01770508729705119,0.017705087297051114,7.632783294297951e-17,0.0007820762303380954,0.0007820762303380908,4.662069341687669e-18,1.886219157269069e-05,1.886219157269052e-05,1.6940658945086007e-19,2.3453428683512592e-07,2.3453428683512293e-07,2.991085094991748e-21
256,6.851916248629614,2.854965103595668,2.854965103595672,3.9968028886505635e-15,3.2990392944769407,3.2990392944769513,1.0658141036401503e-14,1.964694508149519,1.9646945081495284,9.325873406851315e-15,0.6320811912625603,0.632081191262564,3.6637359812630166e-15,0.1035326355593367,0.10353263555933757,8.743006318923108e-16
257,2.1143350568057198,0.8809729403357185,0.8809729403357167,1.7763568394002505e-15,0.3037782939623188,0.30377829396231726,1.5543122344752192e-15,0.051224570333655656,0.051224570333655205,4.510281037539698e-16,0.004280391606189891,0.004280391606189821,7.025630077706069e-17,0.00015810559356106685,0.00015810559356106222,4.6349642873755315e-18
258,6.815346984949892,2.8397279103957804,2.839727910395788,7.549516567451064e-15,3.049173731503023,3.0491737315030436,2.042810365310288e-14,1.4871934737433332,1.4871934737433556,2.2426505097428162e-14,0.29560251992358455,0.2956025199235948,1.0269562977782698e-14,0.010459049297064538,0.010459049297066243,1.7052331768852014e-15
259,4.431614502170207,1.8465060425709228,1.84650604257092,2.6645352591003757e-15,1.286059077200413,1.2860590772004068,6.217248937900877e-15,0.4045971286115104,0.404597128611507,3.4416913763379853e-15,0.05090879370367018,0.050908793703669075,1.1032841307212493e-15,0.0009142726673321835,0.0009142726673320445,1.3899471851264167e-16
260,4.488608545818499,1.8702535607577102,1.8702535607577082,1.9984014443252818e-15,1.3258005081808457,1.3258005081808417,3.9968028886505635e-15,0.4299987904093905,0.42999879040938804,2.4424906541753444e-15,0.05835164097676143,0.058351640976760724,7.077671781985373e-16,0.0017918481587241289,0.0017918481587240538,7.502679033599691e-17
261,5.030760502639879,2.0961502094332856,2.0961502094332825,3.1086244689504383e-15,1.7472361406831882,1.7472361406831824,5.773159728050814e-15,0.7351760315776247,0.735176031577622,2.6645352591003757e-15,0.16309285553089864,0.16309285553089764,9.992007221626409e-16,0.017909881343849274,0.017909881343849132,1.4224732503009818e-16
262,3.814719780925982,1.589466575385829,1.589466575385826,3.1086244689504383e-15,1.0142069737447619,1.0142069737447568,5.10702591327572e-15,0.32985290061266515,0.3298529006126628,2.3314683517128287e-15,0.05708759723941478,0.05708759723941413,6.453171330633722e-16,0.0049324024375563364,0.004932402437556257,7.979727989493313e-17
263,2.029499527996439,0.8456248033318512,0.8456248033318495,1.6653345369377348e-15,0.2779549184836584,0.277954918483657,1.3877787807814457e-15,0.044120048449104894,0.0441200484491045,3.95516952522712e-16,0.0033826375905082868,0.003382637590508231,5.594483210025203e-17,0.00010828840377485362,0.00010828840377485017,3.4423418976414766e-18
264,2.7289183394546193,1.137049308106091,1.1370493081060915,4.440892098500626e-16,0.5125767900505694,0.5125767900505698,3.3306690738754696e-16,0.11585329931101446,0.11585329931101464,1.8041124150158794e-16,0.013625564776763082,0.013625564776763084,1.734723475976807e-18,0.0007763101987387326,0.0007763101987387328,2.168404344971009e-19
265,8.131022811974647,3.3879261716561015,3.387926171656103,1.3322676295501878e-15,4.548079254292404,4.5480792542924044,8.881784197001252e-16,3.0465496952131645,3.0465496952131685,3.9968028886505635e-15,1.048470476514445,1.0484704765144444,6.661338147750939e-16,0.1704728194687766,0.17047281946877663,2.7755575615628914e-17
266,0.587665423057478,0.2448605929406163,0.24486059294061585,4.440892098500626e-16,0.023832024326677095,0.023832024326676995,1.0061396160665481e-16,0.001161875469088273,0.0011618754690882656,7.37257477290143e-18,2.9250742441017796e-05,2.9250742441017498e-05,2.981555974335137e-19,3.503673408121857e-07,3.5036734081217994e-07,5.770411953169921e-21
267,10.343837007845277,4.309932086602201,4.309932086602199,1.7763568394002505e-15,7.056175665516342,7.05617566551633,1.2434497875801753e-14,5.3106349349025,5.310634934902493,7.105427357601002e-15,1.6966175657600013,1.6966175657599967,4.6629367034256575e-15,0.13535009622927927,0.13535009622927813,1.1379786002407855e-15
268,0.42264360309477106,0.1761015012894881,0.17610150128948796,1.3877787807814457e-16,0.011804874721922834,0.011804874721922808,2.6020852139652106e-17,0.0003653878440431546,0.00036538784404315303,1.5720931501039814e-18,4.862802013242215e-06,4.862802013242164e-06,5.082197683525802e-20,1.7446605515809353e-08,1.7446605515808747e-08,6.054962083888163e-22
269,6.303219033331695,2.6263412638882073,2.6263412638882064,8.881784197001252e-16,2.6437875826755106,2.6437875826755075,3.1086244689504383e-15,1.2472573719642002,1.2472573719641977,2.4424906541753444e-15,0.2637940938522894,0.26379409385228775,1.6653345369377348e-15,0.01837226999292661,0.01837226999292643,1.8041124150158794e-16
270,1.5835591669707383,0.6598163195711418,0.6598163195711411,7.771561172376096e-16,0.1649352354946732,0.1649352354946726,6.106226635438361e-16,0.018839580670975277,0.01883958067097516,1.1796119636642288e-16,0.0008965798517019354,0.0008965798517019214,1.3986208025063007e-17,9.342896952780986e-06,9.34289695278039e-06,5.963111948670274e-19
271,10.625621408338189,4.427342253474236,4.427342253474246,1.0658141036401503e-14,7.468493698644764,7.468493698644805,4.085620730620576e-14,5.830518162390475,5.830518162390541,6.572520305780927e-14,1.9708766198357366,1.9708766198357845,4.796163466380676e-14,0.1867948685453805,0.18679486854539437,1.3877787807814457e-14
272,6.43114000860597,2.6796416702524932,2.6796416702524883,4.884981308350689e-15,2.7632170645262573,2.763217064526242,1.509903313490213e-14,1.3498753109011457,1.3498753109011354,1.021405182655144e-14,0.30504360097670014,0.30504360097669553,4.6074255521944e-15,0.025557049327684253,0.02555704932768345,8.014422459012849e-16
273,1.3669526808045924,0.5695636170019132,0.5695636170019135,3.3306690738754696e-16,0.12804498364957706,0.12804498364957723,1.6653345369377348e-16,0.014366294791055383,0.014366294791055436,5.377642775528102e-17,0.0008349863587056814,0.0008349863587056867,5.312590645178972e-18,2.3411375176495533e-05,2.3411375176495797e-05,2.642742795433417e-19
274,3.879157884370673,1.6163157851544456,1.6163157851544474,1.7763568394002505e-15,1.0752932848955035,1.0752932848955052,1.7763568394002505e-15,0.3766112024235875,0.3766112024235887,1.2212453270876722e-15,0.07318905416290661,0.07318905416290679,1.8041124150158794e-16,0.0074783640256285994,0.007478364025628628,2.862293735361732e-17
275,6.082691789494714,2.534454912289461,2.534454912289464,3.1086244689504383e-15,2.5083293290120077,2.508329329012013,5.329070518200751e-15,1.2061695279665547,1.2061695279665599,5.10702591327572e-15,0.28286583650517305,0.2828658365051748,1.7208456881689926e-15,0.028221170455256378,0.028221170455256638,2.6020852139652106e-16
276,8.791927912840755,3.6633032970169745,3.663303297016981,6.661338147750939e-15,5.086542594279617,5.086542594279639,2.220446049250313e-14,3.2318194451878606,3.2318194451878948,3.419486915845482e-14,0.8597623726162269,0.8597623726162469,1.9984014443252818e-14,0.052069848955576675,0.05206984895558158,4.9057979900624105e-15
277,3.763228971767137,1.5680120715696424,1.5680120715696404,1.9984014443252818e-15,0.9895054511220238,0.9895054511220215,2.3314683517128287e-15,0.31972191003366923,0.3197219100336683,9.43689570931383e-16,0.055388966623050415,0.05538896662305019,2.220446049250313e-16,0.004843888059817356,0.004843888059817326,3.0357660829594124e-17
278,2.0825116090724647,0.867713170446859,0.8677131704468602,1.2212453270876722e-15,0.2846767850241174,0.28467678502411853,1.1102230246251565e-15,0.04242308723467274,0.04242308723467314,4.0245584642661925e-16,0.002576919936989619,0.002576919936989675,5.594483210025203e-17,2.7953742277586295e-05,2.7953742277589137e-05,2.842642570985432e-18
279,4.593692328949693,1.9140384703957092,1.9140384703957056,3.552713678800501e-15,1.3991167295624538,1.3991167295624483,5.551115123125783e-15,0.4763927646929562,0.4763927646929522,3.9968028886505635e-15,0.07171072879418232,0.07171072879418099,1.3322676295501878e-15,0.003366062322473827,0.0033660623224736432,1.8388068845354155e-16
280,3.1923083921519178,1.330128496729968,1.3301284967299656,2.4424906541753444e-15,0.6689309235744381,0.6689309235744348,3.219646771412954e-15,0.1527849561031512,0.15278495610314996,1.2490009027033011e-15,0.014214418562997946,0.014214418562997643,3.0357660829594124e-16,0.00023430110626044862,0.00023430110626042225,2.6373217845709895e-17
281,2.0761070561310704,0.8650446067212806,0.8650446067212794,1.2212453270876722e-15,0.29843931540947904,0.2984393154094781,9.43689570931383e-16,0.05182541729884707,0.05182541729884684,2.2898349882893854e-16,0.004682683118094579,0.004682683118094545,3.382710778154774e-17,0.0002036900141196979,0.00020369001411969578,2.1141942363467336e-18
282,3.152371908417032,1.3134882951737648,1.3134882951737632,1.5543122344752192e-15,0.6567682017821695,0.6567682017821674,2.1094237467877974e-15,0.1514213939944561,0.15142139399445526,8.326672684688674e-16,0.01491085527672353,0.014910855276723315,2.1510571102112408e-16,0.0003781931760303703,0.0003781931760303496,2.0708261494473135e-17
283,3.6388924824377664,1.516205201015735,1.5162052010157359,8.881784197001252e-16,0.8762054277335698,0.8762054277335712,1.4432899320127035e-15,0.23430813117894195,0.2343081311789432,1.2490009027033011e-15,0.027083209557527535,0.027083209557527802,2.671474153004283e-16,0.0008669083801661339,0.0008669083801661637,2.981555974335137e-17
284,3.2387365047510395,1.3494735436462675,1.3494735436462664,1.1102230246251565e-15,0.7135844300493607,0.7135844300493591,1.5543122344752192e-15,0.18441720305003587,0.18441720305003526,6.106226635438361e-16,0.023511824302341472,0.02351182430234129,1.8041124150158794e-16,0.0013074294129350255,0.001307429412935005,2.0599841277224584e-17
285,3.5524795501129,1.4801998125470432,1.480199812547042,1.3322676295501878e-15,0.8782517346809933,0.8782517346809912,2.1094237467877974e-15,0.2659298222477126,0.2659298222477117,8.881784197001252e-16,0.04309004982317804,0.043090049823177795,2.42861286636753e-16,0.003523822922963032,0.003523822922963002,3.0357660829594124e-17
286,7.5295072382380095,3.1372946825991805,3.137294682599171,9.325873406851315e-15,3.821380031025452,3.8213800310254253,2.6645352591003757e-14,2.2469079191205568,2.246907919120532,2.4868995751603507e-14,0.6392242171688305,0.6392242171688178,1.2656542480726785e-14,0.07647917362046412,0.0764791736204613,2.8171909249863347e-15
287,1.7310446554879921,0.7212686064533307,0.72126860645333,6.661338147750939e-16,0.20671754344344948,0.206717543443449,4.718447854656915e-16,0.02986979605239327,0.02986979605239317,1.0061396160665481e-16,0.0022710440351458067,0.002271044035145793,1.3877787807814457e-17,8.522382381575138e-05,8.522382381575047e-05,9.0801931945661e-19
288,0.981329625038203,0.4088873437659175,0.4088873437659179,3.885780586188048e-16,0.06720396738724953,0.06720396738724965,1.249000902703301e-16,0.0056833751485444615,0.005683375148544485,2.3418766925686896e-17,0.00026137435869230696,0.00026137435869230804,1.0842021724855044e-18,6.213543896907082e-06,6.213543896907119e-06,3.6422416731934915e-20
289,3.1441715684921623,1.3100714868717345,1.3100714868717342,2.220446049250313e-16,0.6943412820480785,0.6943412820480781,4.440892098500626e-16,0.1892881517738505,0.18928815177385022,2.7755575615628914e-16,0.027762826384618723,0.027762826384618623,1.0061396160665481e-16,0.002059442756535212,0.002059442756535199,1.3010426069826053e-17
290,2.2578987122241334,0.9407911300933887,0.940791130093389,3.3306690738754696e-16,0.341815580275848,0.3418155802758481,5.551115123125783e-17,0.05931191020357712,0.059311910203577206,8.326672684688674e-17,0.0048598286048120295,0.004859828604812038,8.673617379884035e-18,0.00015723337492194985,0.00015723337492195042,5.692061405548898e-19
291,1.0474820523366435,0.43645085514026905,0.43645085514026816,8.881784197001252e-16,0.0725993388790641,0.07259933887906378,3.191891195797325e-16,0.00559841500720949,0.005598415007209431,5.898059818321144e-17,0.0001882159660646508,0.000188215966064647,3.7947076036992655e-18,1.8457772514089906e-06,1.8457772514088744e-06,1.1625527201065272e-19
292,1.6697913988162085,0.6957464161734201,0.6957464161734203,1.1102230246251565e-16,0.19059365544557327,0.19059365544557325,2.7755575615628914e-17,0.025936825858131736,0.025936825858131757,2.0816681711721685e-17,0.0018129759542178543,0.0018129759542178546,2.168404344971009e-19,6.0273349019189096e-05,6.0273349019189035e-05,6.098637220230962e-20
293,4.261785486953645,1.7757439528973533,1.7757439528973524,8.881784197001252e-16,1.197513533618784,1.1975135336187812,2.886579864025407e-15,0.3708938381412268,0.3708938381412256,1.1657341758564144e-15,0.04859005042926732,0.04859005042926687,4.510281037539698e-16,0.001550731248405021,0.0015507312484049668,5.421010862427522e-17
294,0.8758473725626823,0.3649364052344502,0.364936405234451,7.771561172376096e-16,0.05051228009944586,0.05051228009944611,2.498001805406602e-16,0.003195788029558642,0.003195788029558677,3.469446951953614e-17,8.398638867681203e-05,8.398638867681397e-05,1.938011383317839e-18,4.6588418521957807e-07,4.6588418521962116e-07,4.309280119156253e-20
295,3.1168368816940997,1.2986820340392065,1.2986820340392082,1.7763568394002505e-15,0.6999181427237116,0.6999181427237137,2.1094237467877974e-15,0.20040507071078711,0.200405070710788,8.881784197001252e-16,0.032157733392685545,0.03215773339268574,1.942890293094024e-16,0.0027424076675313038,0.0027424076675313233,1.951563910473908e-17
296,2.016611762272845,0.8402549009470177,0.8402549009470188,1.1102230246251565e-15,0.2667799259836265,0.2667799259836272,7.216449660063518e-16,0.03843847113629227,0.0384384711362925,2.2898349882893854e-16,0.0022525568909983773,0.002252556890998404,2.688821387764051e-17,2.3126471653370008e-05,2.3126471653371336e-05,1.328147661294743e-18
297,3.867637019797672,1.6115154249157,1.6115154249156967,3.3306690738754696e-15,1.0004852293326671,1.0004852293326623,4.884981308350689e-15,0.2948620885055536,0.2948620885055512,2.4424906541753444e-15,0.040388924020954106,0.0403889240209534,7.077671781985373e-16,0.0020807372843820123,0.0020807372843819377,7.45931094670027e-17
298,3.1356254762468625,1.3065106151028623,1.3065106151028596,2.6645352591003757e-15,0.6850362202845607,0.6850362202845574,3.3306690738754696e-15,0.18367105414255658,0.18367105414255538,1.1934897514720433e-15,0.026438094394234602,0.026438094394234314,2.8796409701215e-16,0.0019293647958546877,0.0019293647958546593,2.8406096919120216e-17
299,2.9377727736849506,1.2240719890353975,1.2240719890353962,1.3322676295501878e-15,0.5990711157341688,0.5990711157341675,1.3322676295501878e-15,0.14978672983491034,0.14978672983490998,3.608224830031759e-16,0.02018435833409986,0.020184358334099758,1.0061396160665481e-16,0.001391235845642883,0.0013912358456428745,8.456776945386935e-18
300,3.760473580645548,1.5668639919356426,1.566863991935645,2.4424906541753444e-15,0.9859993872190548,0.9859993872190577,2.886579864025407e-15,0.3167727017364686,0.3167727017364704,1.7763568394002505e-15,0.05434507943875265,0.05434507943875311,4.579669976578771e-16,0.004681381274729573,0.0046813812747296246,5.117434254131581e-17
301,1.096312479427608,0.45679686642817113,0.4567968664281701,1.0547118733938987e-15,0.0801373011121603,0.08013730111215982,4.85722573273506e-16,0.006632689998278766,0.0066326899982786965,6.938893903907228e-17,0.0002513419416882888,0.00025134194168828375,5.041540102057596e-18,3.413260184320903e-06,3.413260184320748e-06,1.5500702934753696e-19
302,6.801813992797051,2.8340891636654404,2.8340891636654386,1.7763568394002505e-15,3.0618345150479467,3.061834515047941,5.773159728050814e-15,1.5341338240363072,1.534133824036302,5.10702591327572e-15,0.33548467044812713,0.33548467044812447,2.6645352591003757e-15,0.021511126756589328,0.021511126756588828,4.996003610813204e-16
303,3.4468227919200483,1.4361761633000187,1.4361761633000203,1.5543122344752192e-15,0.8124032361297433,0.812403236129745,1.6653345369377348e-15,0.2281107826260459,0.22811078262604714,1.2490009027033011e-15,0.032798483644971316,0.032798483644971614,2.983724378680108e-16,0.002228045500868813,0.002228045500868846,3.2959746043559335e-17
304,2.953715982509342,1.2307149927122234,1.2307149927122256,2.220446049250313e-15,0.5818494115887416,0.5818494115887441,2.55351295663786e-15,0.12973435731128202,0.1297343573112831,1.0824674490095276e-15,0.013215149163116372,0.013215149163116583,2.1163626406917047e-16,0.00047781015603914846,0.00047781015603916597,1.7509865085640897e-17
305,3.6662660938892424,1.5276108724538535,1.527610872453851,2.4424906541753444e-15,0.959790276317699,0.9597902763176952,3.774758283725532e-15,0.3171866473017563,0.3171866473017547,1.5543122344752192e-15,0.05810018470911872,0.058100184709118284,4.371503159461554e-16,0.005588802439589533,0.005588802439589478,5.4643789493269423e-17
306,1.8567580272677526,0.7736491780282287,0.7736491780282303,1.5543122344752192e-15,0.23907398675872485,0.23907398675872593,1.0824674490095276e-15,0.03738636013757205,0.03738636013757239,3.400058012914542e-16,0.003078566815302826,0.0030785668153028678,4.163336342344337e-17,0.0001247022286650034,0.00012470222866500593,2.520770051028798e-18
307,1.2283869520403323,0.5118278966834713,0.511827896683472,6.661338147750939e-16,0.10005988311301253,0.10005988311301278,2.498001805406602e-16,0.009096462634048876,0.009096462634048924,4.85722573273506e-17,0.0003627258072660102,0.00036272580726601325,3.0357660829594124e-18,4.321788869459344e-06,4.321788869459428e-06,8.385626177817573e-20
308,10.568642350678955,4.403600979449565,4.403600979449564,8.881784197001252e-16,7.608881611362749,7.60888161136275,8.881784197001252e-16,6.465206669100607,6.465206669100619,1.1546319456101628e-14,2.7559052626742666,2.7559052626742746,7.993605777301127e-15,0.5330466665786068,0.5330466665786097,2.886579864025407e-15
309,4.171444232777597,1.7381017636573328,1.7381017636573328,0.0,1.2090709248473936,1.2090709248473928,8.881784197001252e-16,0.4295663828510753,0.42956638285107507,2.220446049250313e-16,0.08205510619984087,0.08205510619984077,9.71445146547012e-17,0.007980999358209982,0.007980999358209964,1.734723475976807e-17
310,2.780247297529282,1.158436373970534,1.1584363739705341,2.220446049250313e-16,0.5372293332036867,0.5372293332036868,1.1102230246251565e-16,0.1270256699048551,0.12702566990485512,2.7755575615628914e-17,0.01606886091110036,0.016068860911100376,1.734723475976807e-17,0.0010265041813607401,0.001026504181360739,1.0842021724855044e-18
311,7.499068069083393,3.1246116954514136,3.124611695451414,4.440892098500626e-16,3.7356108080064505,3.7356108080064505,0.0,2.0879980263929125,2.087998026392915,2.6645352591003757e-15,0.520850845163557,0.5208508451635586,1.6653345369377348e-15,0.0421505374266312,0.04215053742663137,1.734723475976807e-16
312,3.7973765424103956,1.5822402260043322,1.5822402260043318,4.440892098500626e-16,0.9471194896200765,0.9471194896200756,8.881784197001252e-16,0.2581967612225594,0.2581967612225589,4.996003610813204e-16,0.029004690269221152,0.029004690269220996,1.5612511283791264e-16,0.0006506318995583779,0.0006506318995583646,1.3335686721571705e-17
313,4.613336343509465,1.922223476462277,1.922223476462277,0.0,1.4537520586092296,1.4537520586092294,2.220446049250313e-16,0.5443810790707208,0.5443810790707215,7.771561172376096e-16,0.10384535767579114,0.10384535767579144,2.914335439641036e-16,0.009268979353428334,0.00926897935342836,2.6020852139652106e-17
314,4.099937344915583,1.708307227048163,1.7083072270481594,3.552713678800501e-15,1.1999026038582836,1.1999026038582785,5.10702591327572e-15,0.4433545417815409,0.44335454178153844,2.4424906541753444e-15,0.09085571787804336,0.0908557178780426,7.632783294297951e-16,0.00978872127966154,0.009788721279661442,9.8879238130678e-17
315,1.4130646397377966,0.5887769332240824,0.5887769332240819,5.551115123125783e-16,0.1326129530237511,0.13261295302375087,2.220446049250313e-16,0.013943487285444083,0.013943487285444044,3.8163916471489756e-17,0.0006505184469846858,0.0006505184469846816,4.228388472693467e-18,9.575942989113142e-06,9.575942989112987e-06,1.5415999640028266e-19
316,8.823320951973894,3.6763837299891255,3.676383729989123,2.6645352591003757e-15,5.186235825388523,5.186235825388505,1.7763568394002505e-14,3.43848570619445,3.4384857061944345,1.554312234475219e-14,1.0304380811106095,1.030438081110598,1.1546319456101628e-14,0.10513561810381496,0.10513561810381193,3.0253577421035516e-15
317,8.771757736141335,3.6548990567255566,3.654899056725557,4.440892098500626e-16,5.253037057664432,5.253037057664432,0.0,3.7323166896334072,3.732316689633407,4.440892098500626e-16,1.3458030724760255,1.3458030724760246,8.881784197001252e-16,0.22536360471494626,0.22536360471494518,1.0824674490095276e-15
318,7.003765809247838,2.918235753853268,2.918235753853266,1.7763568394002505e-15,3.287721909950788,3.287721909950781,7.105427357601002e-15,1.7675778105738145,1.7675778105738094,5.10702591327572e-15,0.44785431753977883,0.4478543175397763,2.55351295663786e-15,0.04455328995665537,0.044553289956654744,6.245004513516506e-16
319,2.3959634511237002,0.9983181046348732,0.998318104634875,1.7763568394002505e-15,0.3934941132215144,0.39349411322151584,1.4432899320127035e-15,0.07707859113647916,0.07707859113647966,4.996003610813204e-16,0.007720265061200457,0.007720265061200546,8.933825901280557e-17,0.0003632023846550979,0.00036320238465510434,6.451002926288751e-18
320,0.9916963332764351,0.4132068055318481,0.413206805531848,5.551115123125783e-17,0.06522127359013494,0.06522127359013485,8.326672684688674e-17,0.004794712790582322,0.004794712790582315,6.938893903907228e-18,0.00015561374482445843,0.00015561374482445767,7.589415207398531e-19,1.5621600910855751e-06,1.5621600910855476e-06,2.752857078576476e-20
321,3.1218792829347355,1.3007830345561429,1.30078303455614,2.886579864025407e-15,0.6827256278080649,0.6827256278080612,3.6637359812630166e-15,0.18408377279461952,0.184083772794618,1.5265566588595902e-15,0.026727239175962248,0.026727239175961898,3.5041414214731503e-16,0.0019694773681073023,0.0019694773681072668,3.5561831257524545e-17
322,1.7210166069654518,0.7170902529022731,0.7170902529022717,1.4432899320127035e-15,0.2040176019541341,0.20401760195413307,1.0269562977782698e-15,0.02909952493125642,0.029099524931256195,2.255140518769849e-16,0.0021560430994162355,0.0021560430994162065,2.905661822261152e-17,7.707171869131742e-05,7.707171869131589e-05,1.531435568635775e-18
323,0.935119046191204,0.3896329359130022,0.38963293591300163,5.551115123125783e-16,0.059895578208484374,0.05989557820848419,1.8041124150158794e-16,0.004589158714980102,0.004589158714980082,1.9949319973733282e-17,0.00018162850465366513,0.00018162850465366364,1.4907779871675686e-18,3.450091534290497e-06,3.450091534290452e-06,4.489274620447792e-20
324,3.3366947174142285,1.3902894655892608,1.390289465589262,1.1102230246251565e-15,0.7789119970010863,0.7789119970010876,1.3322676295501878e-15,0.22320683625093962,0.22320683625094023,6.106226635438361e-16,0.03413545508325609,0.03413545508325622,1.3183898417423734e-16,0.0026112621263635694,0.0026112621263635837,1.431146867680866e-17
325,2.6673166018071854,1.1113819174196602,1.1113819174196606,4.440892098500626e-16,0.5102279939512349,0.5102279939512353,4.440892098500626e-16,0.12387267976925928,0.1238726797692595,2.220446049250313e-16,0.016777222581060708,0.016777222581060704,3.469446951953614e-18,0.0012022443813069334,0.0012022443813069334,0.0
326,1.3282302172155784,0.5534292571731573,0.5534292571731577,4.440892098500626e-16,0.11988241239293215,0.1198824123929323,1.5265566588595902e-16,0.012722500743003554,0.012722500743003594,3.9898639947466563e-17,0.0006730733540819758,0.0006730733540819785,2.710505431213761e-18,1.5973154230001276e-05,1.5973154230001387e-05,1.1180834903756764e-19
327,2.62718330527439,1.094659710530997,1.0946597105309959,1.1102230246251565e-15,0.4528077651594963,0.45280776515949517,1.1102230246251565e-15,0.0850336821559256,0.0850336821559252,4.0245584642661925e-16,0.006506486747047938,0.0065064867470478755,6.245004513516506e-17,8.903592169728305e-05,8.903592169727924e-05,3.808260130855334e-18
328,5.706115857072638,2.3775482737802722,2.377548273780266,6.217248937900877e-15,2.2727268899849964,2.2727268899849826,1.3766765505351941e-14,1.1103982443467832,1.1103982443467733,9.992007221626409e-15,0.29002394364358514,0.2900239436435811,4.052314039881821e-15,0.03807595844388785,0.03807595844388705,7.979727989493313e-16
329,2.3690087281250176,0.9870869700520897,0.9870869700520906,8.881784197001252e-16,0.3927469388832069,0.39274693888320766,7.771561172376096e-16,0.08050115401849739,0.08050115401849779,4.0245584642661925e-16,0.008959533628062016,0.008959533628062063,4.683753385137379e-17,0.000513365248922417,0.0005133652489224205,3.577867169202165e-18
330,5.951751704663202,2.479896543609671,2.4798965436096676,3.552713678800501e-15,2.333376973200706,2.3333769732006946,1.1546319456101628e-14,1.0071076303196684,1.0071076303196602,8.215650382226158e-15,0.18344583904280393,0.18344583904280012,3.802513859341161e-15,0.00804910250511189,0.008049102505111249,6.418476861114186e-16
331,5.779363958879737,2.4080683161998877,2.4080683161998904,2.6645352591003757e-15,2.24356188438599,2.2435618843859944,4.440892098500626e-15,1.0014652707859772,1.0014652707859812,3.9968028886505635e-15,0.2124905411715771,0.21249054117157853,1.4432899320127035e-15,0.018110547060527653,0.018110547060527848,1.942890293094024e-16
332,21.813299243482973,9.088874684784582,9.088874684784573,8.881784197001252e-15,32.24091688159224,32.24091688159214,9.947598300641403e-14,55.5834488681991,55.58344886819888,2.2026824808563106e-13,46.83664615345666,46.83664615345619,4.689582056016661e-13,16.907993043328293,16.907993043327977,3.161915174132446e-13
333,1.0919006733224246,0.45495861388434433,0.4549586138843436,7.216449660063518e-16,0.0848786163683873,0.084878616368387,2.914335439641036e-16,0.008303210836241106,0.008303210836241063,4.336808689942018e-17,0.00044877255703555674,0.0004487725570355534,3.3610267347050637e-18,1.2696366831358382e-05,1.2696366831358267e-05,1.1519648082658485e-19
334,6.525015454617307,2.718756439423883,2.718756439423878,4.884981308350689e-15,2.9487952934206705,2.9487952934206585,1.199040866595169e-14,1.6255997151481916,1.6255997151481818,9.769962616701378e-15,0.47845484326621246,0.47845484326620813,4.3298697960381105e-15,0.07105067550676938,0.07105067550676836,1.0269562977782698e-15
335,4.450212418241948,1.8542551742674733,1.8542551742674787,5.329070518200751e-15,1.312909526333096,1.3129095263331052,9.103828801926284e-15,0.43234021186282434,0.4323402118628304,6.050715484207103e-15,0.06253586561132014,0.06253586561132184,1.6930901125533637e-15,0.0027274344361157593,0.002727434436115968,2.0860049798621105e-16
336,1.9515429124437038,0.8131428801848769,0.8131428801848766,3.3306690738754696e-16,0.2583409693662176,0.25834096936621737,2.220446049250313e-16,0.039988644635515436,0.03998864463551539,4.85722573273506e-17,0.0030427327414106124,0.0030427327414106046,7.806255641895632e-18,0.00010052948799129193,0.00010052948799129135,5.827586677109586e-19
337,5.681348303136293,2.367228459640124,2.367228459640122,2.220446049250313e-15,2.1524761163977044,2.1524761163977,4.440892098500626e-15,0.9231741480430921,0.9231741480430882,3.885780586188048e-15,0.18102740866655945,0.18102740866655812,1.3322676295501878e-15,0.01264396338838058,0.012643963388380332,2.480654570646834e-16
338,4.698550690308252,1.9577294542951063,1.9577294542951051,1.1102230246251565e-15,1.5594562982245384,1.559456298224536,2.4424906541753444e-15,0.6466951543788952,0.6466951543788934,1.887379141862766e-15,0.1472792327317974,0.14727923273179683,5.828670879282072e-16,0.017474172091859135,0.01747417209185905,8.326672684688674e-17
339,7.74319185408574,3.2263299392023916,3.2263299392023916,0.0,3.9627687295562044,3.962768729556205,4.440892098500626e-16,2.249812410171987,2.249812410171987,0.0,0.551690269036286,0.5516902690362857,3.3306690738754696e-16,0.0375175309755833,0.03751753097558316,1.3877787807814457e-16
340,4.525055637807857,1.8854398490866089,1.885439849086607,1.9984014443252818e-15,1.344265494869694,1.344265494869691,2.886579864025407e-15,0.43591687094149156,0.4359168709414896,1.942890293094024e-15,0.05797572780625523,0.05797572780625468,5.48172618408671e-16,0.0014727447223809073,0.0014727447223808331,7.41594285980085e-17
341,7.806543540326976,3.2527264751362366,3.25272647513624,3.552713678800501e-15,4.2493018726875835,4.249301872687592,8.881784197001252e-15,2.845309558627636,2.84530955862765,1.3766765505351941e-14,1.0275882291475784,1.0275882291475846,6.217248937900877e-15,0.18948156218976125,0.18948156218976284,1.582067810090848e-15
342,2.6736866820797682,1.114036117533238,1.1140361175332367,1.3322676295501878e-15,0.48165605945126927,0.48165605945126777,1.4988010832439613e-15,0.10046743098849296,0.1004674309884925,4.579669976578771e-16,0.010129469131625664,0.01012946913162558,8.326672684688674e-17,0.00042862241199064714,0.000428622411990641,6.1257422745431e-18
343,4.997368099179719,2.0822367079915507,2.08223670799155,8.881784197001252e-16,1.651681246448524,1.6516812464485213,2.6645352591003757e-15,0.6053967642877802,0.6053967642877789,1.3322676295501878e-15,0.09547184594624032,0.09547184594623977,5.551115123125783e-16,0.0040588272980738895,0.004058827298073808,8.153200337090993e-17
344,4.112944112905846,1.713726713710769,1.7137267137107695,4.440892098500626e-16,1.1109072949969854,1.1109072949969858,4.440892098500626e-16,0.32779981169998273,0.32779981169998323,4.996003610813204e-16,0.039780753185360236,0.039780753185360354,1.1796119636642288e-16,0.0009465955294703,0.0009465955294703189,1.8865117801247777e-17
345,3.328551361086808,1.3868964004528375,1.3868964004528368,6.661338147750939e-16,0.7492656511907902,0.7492656511907889,1.3322676295501878e-15,0.1956810164910228,0.19568101649102204,7.494005416219807e-16,0.024640320122163616,0.024640320122163432,1.8388068845354155e-16,0.0012833073101322298,0.0012833073101322066,2.3201926491189795e-17
346,2.7628913971470173,1.1512047488112556,1.1512047488112573,1.7763568394002505e-15,0.5112500893067033,0.5112500893067049,1.5543122344752192e-15,0.1081705503559754,0.10817055035597614,7.355227538141662e-16,0.010742380589254077,0.010742380589254185,1.0755285551056204e-16,0.00041395751383606886,0.00041395751383607564,6.776263578034403e-18
347,0.6796789955673723,0.28319958148640534,0.28319958148640517,1.6653345369377348e-16,0.03194506677649751,0.03194506677649747,4.163336342344337e-17,0.0018128623690523151,0.0018128623690523119,3.2526065174565133e-18,5.357910228314078e-05,5.3579102283140606e-05,1.7618285302889447e-19,7.647867389148173e-07,7.647867389148126e-07,4.7645603283054394e-21
348,2.4042701211732784,1.001779217155531,1.0017792171555326,1.5543122344752192e-15,0.4002318377981108,0.4002318377981123,1.4988010832439613e-15,0.08093125562277091,0.0809312556227715,5.828670879282072e-16,0.00864500814524977,0.00864500814524987,1.0061396160665481e-16,0.0004575583671820114,0.0004575583671820181,6.667843360785852e-18
349,6.910030974321085,2.8791795726337894,2.8791795726337854,3.9968028886505635e-15,3.25547770089847,3.255477700898459,1.1102230246251565e-14,1.8179953949330832,1.8179953949330738,9.325873406851315e-15,0.5152811710988988,0.515281171098894,4.773959005888173e-15,0.06795243145180672,0.06795243145180568,1.0408340855860843e-15
350,5.71197945676391,2.3799914403182942,2.3799914403182956,1.3322676295501878e-15,2.212737676210696,2.2127376762106983,2.220446049250313e-15,1.0028708767147336,1.0028708767147358,2.220446049250313e-15,0.22394908223191679,0.2239490822319174,6.106226635438361e-16,0.021853377361505805,0.021853377361505857,5.204170427930421e-17
351,2.589018080120123,1.0787575333833845,1.0787575333833845,0.0,0.4502996668620284,0.45029966686202827,1.1102230246251565e-16,0.09010735828685995,0.09010735828686002,6.938893903907228e-17,0.008586222955534892,0.008586222955534873,1.9081958235744878e-17,0.00033041026209317713,0.00033041026209317627,8.673617379884035e-19
352,2.8082715326339316,1.1701131385974717,1.1701131385974715,2.220446049250313e-16,0.5462167808879659,0.5462167808879655,3.3306690738754696e-16,0.129498570713693,0.12949857071369283,1.6653345369377348e-16,0.01635846796287512,0.016358467962875066,5.551115123125783e-17,0.0010390583651720647,0.0010390583651720604,4.336808689942018e-18
353,3.1838672983056577,1.3266113742940233,1.3266113742940242,8.881784197001252e-16,0.7214365089720454,0.721436508972046,6.661338147750939e-16,0.205748513775724,0.2057485137757244,3.885780586188048e-16,0.03244326710378079,0.03244326710378081,2.0816681711721685e-17,0.0026813652167213906,0.0026813652167213932,2.6020852139652106e-18
354,4.738820676382359,1.9745086151593183,1.9745086151593165,1.7763568394002505e-15,1.5585038091236272,1.5585038091236232,3.9968028886505635e-15,0.6230264371458976,0.623026437145896,1.5543122344752192e-15,0.13125581986958143,0.1312558198695808,6.38378239159465e-16,0.013613534074418263,0.01361353407441817,9.367506770274758e-17
355,1.5757292611328273,0.6565538588053431,0.6565538588053448,1.6653345369377348e-15,0.16325095496835773,0.16325095496835867,9.43689570931383e-16,0.018534754603389186,0.01853475460338942,2.3245294578089215e-16,0.0008747794066820248,0.0008747794066820484,2.3635607360183997e-17,8.88427523339366e-06,8.884275233394659e-06,9.994988777600744e-19
356,3.927282623138827,1.6363677596411808,1.6363677596411779,2.886579864025407e-15,1.0746582129358653,1.0746582129358622,3.1086244689504383e-15,0.360756673715086,0.3607566737150839,2.1094237467877974e-15,0.06494553207165209,0.0649455320716515,5.828670879282072e-16,0.005916665830390987,0.005916665830390911,7.546047120499111e-17
357,0.8493038347675057,0.3538765978197935,0.353876597819794,4.996003610813204e-16,0.04745104132882451,0.04745104132882465,1.3877787807814457e-16,0.0029077251665678636,0.0029077251665678826,1.9081958235744878e-17,7.42251064732544e-05,7.422510647325557e-05,1.179069862577986e-18,4.137236713284705e-07,4.1372367132849754e-07,2.7052114752934217e-20
358,5.620922581373565,2.3420510755723183,2.3420510755723187,4.440892098500626e-16,2.128437812550146,2.128437812550146,0.0,0.9323111696227182,0.9323111696227184,2.220446049250313e-16,0.19681171410587242,0.19681171410587237,5.551115123125783e-17,0.01729467642861932,0.017294676428619257,6.245004513516506e-17
359,1.6929919606091146,0.7054133169204636,0.7054133169204645,8.881784197001252e-16,0.19134723612739032,0.19134723612739082,4.996003610813204e-16,0.02455208387295598,0.02455208387295612,1.3877787807814457e-16,0.001451978042723985,0.0014519780427239997,1.474514954580286e-17,3.1465898113543175e-05,3.146589811354383e-05,6.572975670693371e-19
360,4.339932163172618,1.808305067988589,1.808305067988591,1.9984014443252818e-15,1.357507551734122,1.3575075517341244,2.4424906541753444e-15,0.5415665903562528,0.5415665903562547,1.887379141862766e-15,0.12110460914932956,0.12110460914933005,4.85722573273506e-16,0.014394115498429049,0.014394115498429113,6.418476861114186e-17
361,0.167669626019098,0.06986234417462417,0.06986234417462416,1.3877787807814457e-17,0.0018511970993246624,0.0018511970993246613,1.0842021724855044e-18,2.2462030466170788e-05,2.2462030466170825e-05,3.7269449679189215e-20,1.1421810866295937e-07,1.142181086629597e-07,3.3087224502121107e-22,1.3254388455458268e-10,1.325438845545849e-10,2.223047896236262e-24
362,1.6574274942948581,0.6905947892895243,0.6905947892895242,1.1102230246251565e-16,0.1788856920863363,0.17888569208633615,1.6653345369377348e-16,0.020607831852517196,0.020607831852517175,2.0816681711721685e-17,0.0008927915289162617,0.0008927915289162588,2.927345865710862e-18,2.6776905730047116e-07,2.6776905730033114e-07,1.4002513409297652e-19
363,4.437724408319392,1.849051836799743,1.8490518367997466,3.552713678800501e-15,1.375574430687775,1.3755744306877813,6.217248937900877e-15,0.5240451614211588,0.5240451614211629,4.107825191113079e-15,0.10713303966941758,0.10713303966941873,1.1518563880486e-15,0.011074794303104417,0.011074794303104579,1.6132928326584306e-16
364,2.7046841598611513,1.1269517332754786,1.1269517332754797,1.1102230246251565e-15,0.48896376684407994,0.4889637668440809,9.43689570931383e-16,0.10063797790069293,0.10063797790069344,5.134781488891349e-16,0.009617586382914543,0.009617586382914597,5.377642775528102e-17,0.00034507181823335907,0.0003450718182333622,3.144186300207963e-18
365,3.4592837047459124,1.4413682103107996,1.4413682103107968,2.886579864025407e-15,0.8062279196358997,0.806227919635896,3.6637359812630166e-15,0.2173593051556772,0.21735930515567564,1.5543122344752192e-15,0.028235253293552726,0.02823525329355233,3.95516952522712e-16,0.0015255121664029335,0.001525512166402894,3.946495907847236e-17
366,0.8996418834651244,0.3748507847771355,0.37485078477713524,2.7755575615628914e-16,0.056009597380473744,0.05600959738047363,1.1102230246251565e-16,0.004247152485855051,0.004247152485855041,1.0408340855860843e-17,0.00017150680266255042,0.00017150680266254963,7.860465750519907e-19,3.481573263787299e-06,3.481573263787271e-06,2.795208725939191e-20
367,5.282043511370287,2.200851463070957,2.2008514630709533,3.552713678800501e-15,1.8437931729391903,1.8437931729391817,8.659739592076221e-15,0.7139660367935667,0.7139660367935601,6.661338147750939e-15,0.1194443219630075,0.11944432196300503,2.4702462297909733e-15,0.005554766947880828,0.005554766947880443,3.8510861166685117e-16
368,4.292891276914945,1.7887046987145592,1.7887046987145605,1.3322676295501878e-15,1.3177498103668177,1.317749810366819,1.3322676295501878e-15,0.5113882698242985,0.5113882698243001,1.5543122344752192e-15,0.11017456182373163,0.11017456182373193,3.0531133177191805e-16,0.012485600534816513,0.01248560053481658,6.591949208711867e-17
369,3.591181324223952,1.4963255517599805,1.49632555175998,4.440892098500626e-16,0.8952202032929799,0.8952202032929787,1.2212453270876722e-15,0.273560684049274,0.2735606840492735,5.551115123125783e-16,0.0450233996441345,0.045023399644134376,1.249000902703301e-16,0.0037862324576302493,0.003786232457630231,1.8214596497756474e-17
370,2.6261546893638426,1.0942311205682704,1.094231120568268,2.4424906541753444e-15,0.4671690789528393,0.46716907895283655,2.7755575615628914e-15,0.09705825340422375,0.09705825340422286,8.881784197001252e-16,0.009905556943914765,0.009905556943914595,1.700029006457271e-16,0.00043920855647402134,0.0004392085564740081,1.3227266504323154e-17
371,6.573142629376553,2.738809428906903,2.7388094289068974,5.773159728050814e-15,3.065983523328798,3.0659835233287835,1.4654943925052066e-14,1.7915335995057493,1.7915335995057373,1.199040866595169e-14,0.5748748170920164,0.5748748170920107,5.662137425588298e-15,0.09583099896288443,0.09583099896288312,1.304512053934559e-15
372,5.432448274542519,2.2635201143927195,2.2635201143927164,3.1086244689504383e-15,2.039516124940218,2.039516124940211,7.105427357601002e-15,0.9291324923920216,0.9291324923920167,4.884981308350689e-15,0.22371551374504936,0.2237155137450473,2.0539125955565396e-15,0.026756825815370408,0.026756825815370033,3.7470027081099033e-16
373,2.5536393702239693,1.0640164042599864,1.0640164042599871,6.661338147750939e-16,0.4391349893026882,0.4391349893026886,4.440892098500626e-16,0.08725459796608628,0.08725459796608648,1.942890293094024e-16,0.008330091881647798,0.008330091881647812,1.3877787807814457e-17,0.00032835440552572936,0.0003283544055257295,1.6263032587282567e-19
374,6.590782361264914,2.7461593171937175,2.7461593171937135,3.9968028886505635e-15,3.0888588379906574,3.0888588379906485,8.881784197001252e-15,1.8186587069618576,1.8186587069618514,6.217248937900877e-15,0.5902360892533721,0.5902360892533683,3.774758283725532e-15,0.09997693682393932,0.09997693682393839,9.298117831235686e-16
375,0.28693786842777824,0.11955744517824085,0.11955744517824096,1.1102230246251565e-16,0.005761091257328154,0.0057610912573281626,8.673617379884035e-18,0.00014289847649416197,0.00014289847649416257,5.963111948670274e-19,1.921318640430049e-06,1.9213186404300577e-06,8.470329472543003e-21,1.326427471893531e-08,1.3264274718935404e-08,9.429858983104515e-23
376,4.791157835015113,1.9963157645896292,1.9963157645896308,1.5543122344752192e-15,1.5325560876817221,1.5325560876817241,1.9984014443252818e-15,0.5558796963428182,0.5558796963428203,2.1094237467877974e-15,0.0924800854294096,0.09248008542941005,4.579669976578771e-16,0.005531438953409064,0.005531438953409091,2.688821387764051e-17
377,2.6102199699409736,1.0875916541420736,1.0875916541420725,1.1102230246251565e-15,0.4592805820627785,0.4592805820627776,8.881784197001252e-16,0.09332988289391402,0.09332988289391374,2.7755575615628914e-16,0.009071974343705195,0.00907197434370514,5.377642775528102e-17,0.00035845675474526097,0.00035845675474525647,4.4994390158148434e-18
378,16.81576435723745,7.006568482182267,7.006568482182272,4.440892098500626e-15,19.343050874438156,19.343050874438184,2.842170943040401e-14,26.45532357445449,26.45532357445458,9.237055564881302e-14,18.40618942155138,18.40618942155146,7.815970093361102e-14,5.963330949405483,5.963330949405517,3.375077994860476e-14
379,1.4872753018632037,0.6196980424429996,0.6196980424430016,1.9984014443252818e-15,0.1488651074982631,0.1488651074982642,1.1102230246251565e-15,0.01719000454277527,0.017190004542775503,2.3245294578089215e-16,0.0009500428730974846,0.0009500428730975092,2.461138931542095e-17,2.1455097213896974e-05,2.1455097213898048e-05,1.0740377771184528e-18
380,1.9615032377965147,0.8172930157485485,0.8172930157485478,6.661338147750939e-16,0.2721250812967573,0.27212508129675667,6.106226635438361e-16,0.047050316070778336,0.04705031607077827,6.938893903907228e-17,0.004433804746875994,0.0044338047468759825,1.1275702593849246e-17,0.0002148940078937585,0.00021489400789375768,8.131516293641283e-19
381,0.7103581103049917,0.2959825459604129,0.2959825459604132,2.7755575615628914e-16,0.03621089825592374,0.03621089825592384,1.0408340855860843e-16,0.002343248762707563,0.002343248762707572,9.107298248878237e-18,8.457276466291883e-05,8.45727646629192e-05,3.6591823321385775e-19,1.6138977043809502e-06,1.613897704380959e-06,8.893845946170154e-21
382,14.161981007531352,5.900825419804729,5.90082541980473,8.881784197001252e-16,13.567305977341615,13.567305977341624,8.881784197001252e-15,15.134971505515365,15.134971505515402,3.730349362740526e-14,8.238452094622126,8.238452094622163,3.730349362740526e-14,1.9181343996583125,1.9181343996583329,2.042810365310288e-14
383,5.657768286328,2.3574034526366665,2.3574034526366665,0.0,2.2541184829908945,2.2541184829908936,8.881784197001252e-16,1.1195124201117999,1.1195124201118003,4.440892098500626e-16,0.3050601343289204,0.30506013432892004,3.3306690738754696e-16,0.04332287172778533,0.043322871727785345,1.3877787807814457e-17
384,7.94516482356307,3.310485343151277,3.3104853431512793,2.220446049250313e-15,4.281338712597517,4.28133871259752,3.552713678800501e-15,2.698824134844018,2.698824134844025,7.105427357601002e-15,0.8377986067010006,0.8377986067010025,1.887379141862766e-15,0.11349395389033826,0.11349395389033853,2.7755575615628914e-16
385,1.5623570662323942,0.6509821109301643,0.6509821109301643,0.0,0.16683429371864214,0.16683429371864208,5.551115123125783e-17,0.021208286433741504,0.021208286433741525,2.0816681711721685e-17,0.0013790594663081915,0.0013790594663081923,8.673617379884035e-19,4.2293477459857787e-05,4.229347745985782e-05,3.3881317890172014e-20
386,2.406092444362163,1.0025385184842361,1.0025385184842346,1.5543122344752192e-15,0.3963767708851633,0.3963767708851621,1.2212453270876722e-15,0.07803167221285975,0.07803167221285948,2.7755575615628914e-16,0.00791792319671643,0.007917923196716367,6.245004513516506e-17,0.0003841348527203812,0.0003841348527203777,3.469446951953614e-18
387,1.5466951319678282,0.6444563049865937,0.6444563049865952,1.5543122344752192e-15,0.16213114255371017,0.16213114255371094,7.771561172376096e-16,0.019912450930703526,0.019912450930703738,2.1163626406917047e-16,0.0012127165383583308,0.001212716538358351,2.0166160408230382e-17,3.283750666371884e-05,3.2837506663719725e-05,8.876905287225068e-19
388,3.6205960745080996,1.508581697711708,1.5085816977117081,2.220446049250313e-16,0.8829714622434968,0.8829714622434973,5.551115123125783e-16,0.24872320058389566,0.24872320058389616,4.996003610813204e-16,0.03359995158233708,0.03359995158233722,1.457167719820518e-16,0.0018626248808142555,0.0018626248808142742,1.8648277366750676e-17
389,4.585240782858527,1.9105169928577181,1.91051699285772,1.7763568394002505e-15,1.4413620683564055,1.4413620683564086,3.1086244689504383e-15,0.5426175275569277,0.5426175275569294,1.6653345369377348e-15,0.10567937890645578,0.10567937890645625,4.718447854656915e-16,0.009898755493309612,0.009898755493309678,6.591949208711867e-17
390,3.905034172684523,1.6270975719518863,1.6270975719518845,1.7763568394002505e-15,1.0392186432149415,1.0392186432149384,3.1086244689504383e-15,0.3270177209906757,0.327017720990674,1.7208456881689926e-15,0.051886320629971276,0.051886320629970756,5.204170427930421e-16,0.00377722650511189,0.003777226505111828,6.201636426617085e-17
391,1.8457887645447608,0.7690786518936509,0.7690786518936504,4.440892098500626e-16,0.2220962087806631,0.2220962087806627,4.163336342344337e-16,0.028614072252659533,0.02861407225265945,8.326672684688674e-17,0.0014048070989480567,0.0014048070989480443,1.235990476633475e-17,2.648581928483405e-06,2.648581928482817e-06,5.882643818681116e-19
392,2.744072580176068,1.143363575073359,1.1433635750733622,3.1086244689504383e-15,0.5016714893171834,0.5016714893171863,2.886579864025407e-15,0.10366615946949245,0.1036661594694937,1.2490009027033011e-15,0.009762356715859044,0.009762356715859241,1.97758476261356e-16,0.0003240683467446243,0.00032406834674463995,1.566672139241554e-17
393,6.93510132165353,2.889625550688973,2.889625550688971,2.220446049250313e-15,3.1925653212690475,3.192565321269042,5.329070518200751e-15,1.6473329406489887,1.6473329406489852,3.552713678800501e-15,0.37854926370141534,0.37854926370141334,1.9984014443252818e-15,0.02801230198072107,0.02801230198072075,3.191891195797325e-16
394,4.515479024959802,1.8814495937332556,1.8814495937332507,4.884981308350689e-15,1.4390562669200522,1.4390562669200442,7.993605777301127e-15,0.573420059174707,0.5734200591747023,4.6629367034256575e-15,0.12583327374493797,0.1258332737449365,1.4710455076283324e-15,0.014453773494486679,0.014453773494486457,2.220446049250313e-16
395,3.629198847835222,1.5121661865980103,1.5121661865980092,1.1102230246251565e-15,0.8687601983032025,0.8687601983032011,1.4432899320127035e-15,0.22965710541779355,0.22965710541779305,4.996003610813204e-16,0.025866894418198515,0.025866894418198328,1.8735013540549517e-16,0.0007465955122282785,0.0007465955122282603,1.8214596497756474e-17
396,7.129496863037682,2.9706236929323677,2.9706236929323673,4.440892098500626e-16,3.450441444349655,3.4504414443496545,4.440892098500626e-16,1.9558856096081674,1.9558856096081696,2.220446049250313e-15,0.547072231212257,0.5470722312122578,7.771561172376096e-16,0.06702163028462771,0.06702163028462806,3.469446951953614e-16
397,5.897466906299492,2.4572778776247923,2.4572778776247888,3.552713678800501e-15,2.37269305685946,2.3726930568594518,8.43769498715119e-15,1.13143440508398,1.1314344050839737,6.217248937900877e-15,0.27342153190705776,0.27342153190705537,2.3869795029440866e-15,0.030618882587760618,0.03061888258776018,4.371503159461554e-16
398,3.3804964473247483,1.40854018638531,1.4085401863853118,1.7763568394002505e-15,0.796834053053125,0.7968340530531272,2.1094237467877974e-15,0.23102361361623766,0.23102361361623872,1.0547118733938987e-15,0.036114450762813714,0.03611445076281397,2.5673907444456745e-16,0.0028809159352953945,0.0028809159352954205,2.6020852139652106e-17
399,0.26728646471933204,0.11136936029972168,0.11136936029972168,0.0,0.004881836239260709,0.004881836239260706,2.6020852139652106e-18,0.00010598568555602766,0.00010598568555602769,2.710505431213761e-20,1.1721573135051806e-06,1.1721573135051792e-06,1.4823076576950256e-21,6.063005236911697e-09,6.063005236911699e-09,2.481541837659083e-24
400,1.9171793973464997,0.7988247488943752,0.7988247488943748,3.3306690738754696e-16,0.2430453323081106,0.24304533230811032,2.7755575615628914e-16,0.03423094603071742,0.03423094603071733,9.020562075079397e-17,0.0020927735415201387,0.002092773541520124,1.474514954580286e-17,3.649553581434296e-05,3.649553581434206e-05,9.012430558785756e-19
401,2.561611854609857,1.0673382727541059,1.0673382727541074,1.5543122344752192e-15,0.4382236538798794,0.4382236538798805,1.1102230246251565e-15,0.08519066922371804,0.08519066922371854,4.996003610813204e-16,0.0076534288189838255,0.007653428818983897,7.112366251504909e-17,0.00025426956324636654,0.00025426956324637153,4.9873299934333204e-18
402,0.957232054175839,0.3988466892399325,0.398846689239933,4.996003610813204e-16,0.06362803821196861,0.06362803821196877,1.6653345369377348e-16,0.005143009506846403,0.005143009506846428,2.5153490401663703e-17,0.00021910216168445024,0.0002191021616844513,1.0570971181733668e-18,4.593857109361362e-06,4.593857109361403e-06,4.0657581468206416e-20
403,8.607136303352933,3.5863067930637236,3.5863067930637222,1.3322676295501878e-15,5.167165515123041,5.167165515123037,3.552713678800501e-15,3.833423018265804,3.8334230182658,3.9968028886505635e-15,1.550555566755781,1.5505555667557767,4.440892098500626e-15,0.3255609299702323,0.32556092997023095,1.3322676295501878e-15
404,1.9848717558019393,0.8270298982508082,0.8270298982508081,1.1102230246251565e-16,0.27123304391633685,0.2712330439163367,1.6653345369377348e-16,0.04478434317114782,0.04478434317114782,0.0,0.003890699447007259,0.0038906994470072555,3.469446951953614e-18,0.000167110172940535,0.00016711017294053496,5.421010862427522e-20
405,2.183922268539575,0.9099676118914912,0.9099676118914897,1.5543122344752192e-15,0.3137767057526029,0.3137767057526014,1.4988010832439613e-15,0.04946754973095256,0.049467549730952194,3.677613769070831e-16,0.003254953009651048,0.003254953009650992,5.594483210025203e-17,4.754029757469483e-05,4.754029757469168e-05,3.144186300207963e-18
406,5.29437152091494,2.205988133714556,2.205988133714558,2.220446049250313e-15,1.8424221177895292,1.8424221177895335,4.218847493575595e-15,0.7021782008829057,0.7021782008829099,4.218847493575595e-15,0.11103539569486434,0.11103539569486585,1.5126788710517758e-15,0.0037222917651467164,0.0037222917651469215,2.0513105103425744e-16
407,5.740046778725107,2.3916861578021296,2.3916861578021282,1.3322676295501878e-15,2.2739367621795172,2.273936762179514,3.1086244689504383e-15,1.0852759030857837,1.085275903085781,2.6645352591003757e-15,0.2690540978256118,0.26905409782561074,1.0547118733938987e-15,0.032113875579093246,0.03211387557909306,1.8735013540549517e-16
408,4.648785770273186,1.9369940709471634,1.9369940709471607,2.6645352591003757e-15,1.409143061237835,1.40914306123783,5.10702591327572e-15,0.4576491947719788,0.4576491947719753,3.497202527569243e-15,0.05679052268090712,0.05679052268090598,1.1379786002407855e-15,0.00031460759100810514,0.00031460759100796236,1.4278942611634093e-16
409,9.539720696513482,3.9748836235472913,3.9748836235472846,6.661338147750939e-15,6.476329959866251,6.47632995986623,2.1316282072803006e-14,5.527892673892947,5.527892673892915,3.197442310920451e-14,2.602935418117107,2.60293541811709,1.7319479184152442e-14,0.640203324347461,0.6402033243474541,6.8833827526759706e-15
410,2.3520931995808807,0.9800388331587013,0.9800388331587003,9.992007221626409e-16,0.3667912413838026,0.36679124138380165,9.43689570931383e-16,0.0639271763076407,0.06392717630764043,2.7755575615628914e-16,0.004920611327703557,0.00492061132770351,4.683753385137379e-17,0.00011750953751679631,0.0001175095375167934,2.913793338554793e-18
411,1.7658530298922266,0.735772095788428,0.7357720957884278,1.1102230246251565e-16,0.2060383679758153,0.20603836797581526,2.7755575615628914e-17,0.02660501625275761,0.026605016252757633,2.42861286636753e-17,0.0014688661951812356,0.0014688661951812387,3.0357660829594124e-18,2.1072529176539147e-05,2.1072529176539252e-05,1.0503208545953324e-19
412,1.0054334417042745,0.4189306007101146,0.41893060071011445,1.6653345369377348e-16,0.06920096629997384,0.06920096629997373,1.1102230246251565e-16,0.005675057041291574,0.005675057041291564,1.0408340855860843e-17,0.00023790609034447417,0.00023790609034447343,7.318364664277155e-19,4.688908192558046e-06,4.68890819255801e-06,3.5575383784680614e-20
413,7.961057394552286,3.317107247730124,3.3171072477301196,4.440892098500626e-15,4.52364027467149,4.523640274671477,1.3322676295501878e-14,3.2430768212426813,3.243076821242672,9.325873406851315e-15,1.2878284579338057,1.2878284579337993,6.439293542825908e-15,0.268342726095989,0.26834272609598675,2.275957200481571e-15
414,7.833250624951177,3.2638544270629954,3.2638544270629906,4.884981308350689e-15,4.223490823005456,4.223490823005439,1.687538997430238e-14,2.741831672583751,2.7418316725837375,1.3322676295501878e-14,0.9277256850839413,0.9277256850839346,6.661338147750939e-15,0.15254196741217382,0.15254196741217202,1.8041124150158794e-15
415,7.213389658824105,3.005579024510044,3.0055790245100438,4.440892098500626e-16,3.4111577917258025,3.4111577917258007,1.7763568394002505e-15,1.7500410628255525,1.7500410628255518,6.661338147750939e-16,0.3587552567557791,0.3587552567557784,6.661338147750939e-16,0.010175114673872896,0.010175114673872701,1.942890293094024e-16
416,3.455449078764485,1.4397704494852033,1.439770449485202,1.3322676295501878e-15,0.7858146515516602,0.7858146515516589,1.3322676295501878e-15,0.19591340344212832,0.19591340344212788,4.440892098500626e-16,0.020265710467674173,0.02026571046767409,8.326672684688674e-17,0.0004397109133160625,0.00043971091331605766,4.824699667560495e-18
417,6.739198043494669,2.80799918478945,2.807999184789445,4.884981308350689e-15,2.963330443608789,2.963330443608775,1.3766765505351941e-14,1.3985261341687432,1.3985261341687314,1.176836406102666e-14,0.2539304716884517,0.25393047168844574,5.9396931817445875e-15,0.0027760648080341252,0.002776064808033116,1.0091753821495075e-15
418,5.757960165609269,2.3991500690038627,2.3991500690038627,0.0,2.1821025902075526,2.1821025902075517,8.881784197001252e-16,0.9054913526250522,0.9054913526250523,1.1102230246251565e-16,0.15492415714851265,0.15492415714851224,4.163336342344337e-16,0.005224284390549707,0.005224284390549634,7.28583859910259e-17
419,4.473379590146132,1.8639081625608915,1.8639081625608884,3.1086244689504383e-15,1.3580196289652413,1.3580196289652355,5.773159728050814e-15,0.48284899930020675,0.4828489993002035,3.2751579226442118e-15,0.08475782177332469,0.08475782177332362,1.0685896612017132e-15,0.006528450676606931,0.006528450676606773,1.5785983631388945e-16
420,0.5935972954771669,0.24733220644881992,0.2473322064488195,4.163336342344337e-16,0.024406224702225955,0.024406224702225872,8.326672684688674e-17,0.0012234581569291257,0.0012234581569291179,7.806255641895632e-18,3.269496879450868e-05,3.269496879450837e-05,3.1170812458958252e-19,4.3969335515559184e-07,4.396933551555858e-07,6.03510974918689e-21
421,4.404161125920265,1.8350671358001118,1.8350671358001105,1.3322676295501878e-15,1.323317612785235,1.3233176127852324,2.6645352591003757e-15,0.47205238854216613,0.47205238854216475,1.3877787807814457e-15,0.08575530392466495,0.0857553039246644,5.412337245047638e-16,0.007295424723700536,0.007295424723700444,9.194034422677078e-17
422,4.9265791200719224,2.0527413000299677,2.0527413000299677,0.0,1.5993897331550329,1.599389733155032,8.881784197001252e-16,0.5701404704481303,0.5701404704481302,1.1102230246251565e-16,0.08456466488399964,0.08456466488399941,2.220446049250313e-16,0.0026725253309184435,0.0026725253309184058,3.7730235602495554e-17
423,2.7997845128833143,1.1665768803680496,1.1665768803680479,1.7763568394002505e-15,0.5297792309997919,0.5297792309997896,2.220446049250313e-15,0.11609313769320456,0.11609313769320387,6.938893903907228e-16,0.012207421188236848,0.012207421188236688,1.5959455978986625e-16,0.0005239819249327178,0.0005239819249327042,1.3660947373317356e-17
424,1.9204929323379618,0.8002053884741511,0.8002053884741509,2.220446049250313e-16,0.24970286211977943,0.2497028621197791,3.3306690738754696e-16,0.037935172565755765,0.037935172565755675,9.020562075079397e-17,0.002839256888225993,0.002839256888225973,1.9949319973733282e-17,9.310203736132721e-05,9.310203736132609e-05,1.1248597539537109e-18
425,1.516799683067325,0.6319998679447181,0.6319998679447187,6.661338147750939e-16,0.15256511521637578,0.15256511521637614,3.608224830031759e-16,0.017129695431376244,0.017129695431376348,1.0408340855860843e-16,0.0008442230553078812,0.0008442230553078911,9.974659986866641e-18,1.248166848553112e-05,1.2481668485531493e-05,3.7269449679189215e-19
426,3.5817878511333845,1.4924116046389115,1.4924116046389104,1.1102230246251565e-15,0.8396053621818622,0.83960536218186,2.220446049250313e-15,0.21292364697552543,0.21292364697552457,8.604228440844963e-16,0.021416616844641592,0.021416616844641346,2.463307335887066e-16,0.00027004033522446357,0.0002700403352244397,2.3852447794681098e-17
427,1.1647454116634144,0.48531058819308937,0.4853105881930894,5.551115123125783e-17,0.08960308679062108,0.08960308679062107,1.3877787807814457e-17,0.007633382726701152,0.007633382726701149,2.6020852139652106e-18,0.00027930276598980803,0.00027930276598980776,2.710505431213761e-19,2.7441869957146144e-06,2.7441869957145895e-06,2.498747194400186e-20
428,1.1918139394662772,0.4965891414442827,0.49658914144428223,4.440892098500626e-16,0.09565600999142221,0.09565600999142194,2.636779683484747e-16,0.00887914461511637,0.00887914461511634,2.949029909160572e-17,0.0003972771263060307,0.0003972771263060273,3.415236843329339e-18,7.407913605271886e-06,7.4079136052717645e-06,1.2112571145736495e-19
429,3.3106376078647846,1.3794323366103276,1.379432336610327,6.661338147750939e-16,0.7138986965392683,0.713898696539267,1.3322676295501878e-15,0.16442655114473292,0.1644265511447324,5.273559366969494e-16,0.01428217945223115,0.01428217945223103,1.214306433183765e-16,1.7012449124765863e-05,1.701244912475502e-05,1.0842021724855044e-17
430,10.155549301496439,4.231478875623524,4.231478875623516,7.993605777301127e-15,7.027361579871438,7.027361579871404,3.375077994860476e-14,5.739381475036664,5.739381475036629,3.4638958368304884e-14,2.350732259096529,2.3507322590965005,2.842170943040401e-14,0.43636627651357185,0.436366276513564,7.827072323607354e-15
431,0.38463361515957323,0.16026400631648885,0.16026400631648885,0.0,0.010017482613894381,0.010017482613894374,6.938893903907228e-18,0.00030509297454344656,0.0003050929745434463,2.710505431213761e-19,4.588509712066387e-06,4.588509712066375e-06,1.1858461261560205e-20,3.040830085262693e-08,3.0408300852626766e-08,1.6543612251060553e-22
432,1.5054725992440186,0.6272802496850075,0.6272802496850078,3.3306690738754696e-16,0.16003022714997953,0.1600302271499797,1.6653345369377348e-16,0.02116760119225254,0.021167601192252576,3.469446951953614e-17,0.0015239891909525514,0.0015239891909525538,2.3852447794681098e-18,5.6373361380685166e-05,5.637336138068526e-05,9.486769009248164e-20
433,1.480030317859754,0.616679299108231,0.6166792991082308,2.220446049250313e-16,0.1461223222226253,0.14612232222262508,2.220446049250313e-16,0.016333470185074528,0.016333470185074486,4.163336342344337e-17,0.0008343588663667728,0.0008343588663667674,5.421010862427522e-18,1.5137165304068716e-05,1.513716530406844e-05,2.761327408049019e-19
434,0.3592389295979311,0.14968288733247154,0.1496828873324713,2.498001805406602e-16,0.008463301496013232,0.008463301496013202,2.949029909160572e-17,0.00021714787433501148,0.00021714787433500996,1.5178830414797062e-18,2.2684182829317254e-06,2.2684182829316865e-06,3.8963515573697816e-20,4.2175121504696005e-09,4.217512150469277e-09,3.234276195082338e-22
435,1.8456089219665115,0.7690037174860481,0.7690037174860465,1.6653345369377348e-15,0.2372262200833748,0.23722622008337363,1.1657341758564144e-15,0.0373465975438657,0.037346597543865434,2.636779683484747e-16,0.0031424745942919465,0.0031424745942919058,4.0766001685454967e-17,0.0001330969553476812,0.00013309695534767895,2.2497195079074217e-18
436,2.2027936715935246,0.9178306964973016,0.917830696497302,3.3306690738754696e-16,0.32565869556136545,0.3256586955613657,2.220446049250313e-16,0.055289007898519954,0.05528900789852008,1.249000902703301e-16,0.004451364218535724,0.004451364218535737,1.214306433183765e-17,0.00014314729808639318,0.00014314729808639396,7.860465750519907e-19
437,4.3443555584095,1.8101481493372942,1.810148149337292,2.220446049250313e-15,1.3181363705459423,1.3181363705459381,4.218847493575595e-15,0.4950683870245105,0.4950683870245087,1.7763568394002505e-15,0.10157636818459745,0.10157636818459682,6.245004513516506e-16,0.010842022574934745,0.01084202257493466,8.500145032286355e-17
438,4.715438029265015,1.9647658455270922,1.9647658455270898,2.4424906541753444e-15,1.56320339022519,1.5632033902251854,4.6629367034256575e-15,0.6438536000085671,0.6438536000085647,2.3314683517128287e-15,0.14471149994166532,0.14471149994166452,8.049116928532385e-16,0.01682641508153622,0.016826415081536105,1.1449174941446927e-16
439,12.850585167541194,5.354410486475495,5.354410486475498,2.6645352591003757e-15,11.114461169225972,11.114461169225986,1.4210854715202004e-14,11.058800135902542,11.058800135902565,2.3092638912203256e-14,5.21136925675191,5.211369256751924,1.4210854715202004e-14,0.9705399755716683,0.9705399755716734,5.10702591327572e-15
440,4.648376642275688,1.9368236009482036,1.9368236009482032,4.440892098500626e-16,1.4090310608105352,1.4090310608105334,1.7763568394002505e-15,0.4575089035636163,0.4575089035636157,6.106226635438361e-16,0.056656156882234035,0.056656156882233764,2.706168622523819e-16,0.0002789378157982936,0.00027893781579826286,3.073713158996405e-17
441,3.4551836102509514,1.4396598376045635,1.439659837604563,4.440892098500626e-16,0.793623090808365,0.7936230908083644,6.661338147750939e-16,0.20495210993008256,0.20495210993008237,1.942890293094024e-16,0.023766171074961425,0.02376617107496133,9.367506770274758e-17,0.000917586194568886,0.0009175861945688736,1.2468324983583301e-17
442,16.167327104784235,6.736386293660111,6.7363862936600984,1.2434497875801753e-14,18.62181864958483,18.62181864958476,7.105427357601002e-14,27.005630605107356,27.005630605107214,1.4210854715202004e-13,21.642576704271008,21.64257670427085,1.5631940186722204e-13,9.078079255096123,9.078079255096029,9.414691248821327e-14
443,5.956901094175227,2.48204212257301,2.4820421225730116,1.7763568394002505e-15,2.4090245060739406,2.4090245060739437,3.1086244689504383e-15,1.1448877691158268,1.14488776911583,3.1086244689504383e-15,0.27136452970369374,0.2713645297036947,9.43689570931383e-16,0.028923412732742126,0.028923412732742224,9.71445146547012e-17
444,5.45086628229802,2.271194284290842,2.2711942842908415,4.440892098500626e-16,2.0471857343999367,2.0471857343999362,4.440892098500626e-16,0.9285245268477884,0.9285245268477894,9.992007221626409e-16,0.22092834147673024,0.22092834147673018,5.551115123125783e-17,0.025830767850837995,0.025830767850838023,2.7755575615628914e-17
445,0.6206801590673465,0.258616732944728,0.25861673294472776,2.220446049250313e-16,0.02552245081578853,0.025522450815788474,5.551115123125783e-17,0.001171153820930399,0.0011711538209303945,4.553649124439119e-18,2.363609386654163e-05,2.363609386654146e-05,1.6940658945086007e-19,1.452640071532163e-07,1.4526400715321248e-07,3.8116482626443515e-21
446,8.121620759987499,3.3840086499947906,3.3840086499947915,8.881784197001252e-16,4.556603069155862,4.556603069155864,1.7763568394002505e-15,3.096167343772234,3.096167343772239,4.884981308350689e-15,1.1069766554312064,1.106976655431209,2.6645352591003757e-15,0.19509865850043057,0.19509865850043115,5.828670879282072e-16
447,7.033224430725468,2.9305101794689454,2.9305101794689454,0.0,3.3834002977968627,3.383400297796863,4.440892098500626e-16,1.9423101419819369,1.9423101419819386,1.7763568394002505e-15,0.573591759634306,0.573591759634307,9.992007221626409e-16,0.08075603792114007,0.08075603792114025,1.8041124150158794e-16
448,5.429268381829833,2.2621951590957674,2.2621951590957643,3.1086244689504383e-15,2.0950121621669897,2.095012162166983,6.661338147750939e-15,1.0146053212712693,1.014605321271265,4.440892098500626e-15,0.2704282004585358,0.27042820045853394,1.8318679906315083e-15,0.03753846008039332,0.037538460080393,3.191891195797325e-16
449,1.357195884145669,0.5654982850606952,0.5654982850606955,3.3306690738754696e-16,0.12851380107245786,0.128513801072458,1.3877787807814457e-16,0.014901406713277013,0.014901406713277035,2.2551405187698492e-17,0.0009202740176689461,0.0009202740176689483,2.2768245622195593e-18,2.8392283722076258e-05,2.839228372207629e-05,3.3881317890172014e-20
450,11.7966877083018,4.915286545125757,4.915286545125749,7.993605777301127e-15,9.597163089787866,9.597163089787824,4.263256414560601e-14,9.41605932342237,9.416059323422326,4.440892098500626e-14,4.819409463029265,4.819409463029223,4.1744385725905886e-14,1.1984884606126318,1.198488460612615,1.687538997430238e-14
451,2.5552959370388963,1.0647066404328749,1.0647066404328736,1.3322676295501878e-15,0.45489844615376945,0.454898446153768,1.4432899320127035e-15,0.09941081708172833,0.0994108170817279,4.3021142204224816e-16,0.01167194966215027,0.011671949662150169,1.0061396160665481e-16,0.0006956901157134044,0.0006956901157133944,9.974659986866641e-18
452,1.4127669631934352,0.5886529013305991,0.588652901330598,1.1102230246251565e-15,0.13260155331229845,0.13260155331229775,6.938893903907228e-16,0.013978657103229365,0.01397865710322926,1.0408340855860843e-16,0.0006600845072753199,0.0006600845072753099,9.974659986866641e-18,1.0285232841584293e-05,1.0285232841583935e-05,3.5744790374131474e-19
453,3.3328128874328415,1.3886720364303524,1.3886720364303509,1.5543122344752192e-15,0.7443605053840675,0.7443605053840648,2.6645352591003757e-15,0.19030924922249703,0.19030924922249595,1.0824674490095276e-15,0.022898142190232465,0.02289814219023221,2.5326962749261384e-16,0.0010771033478838411,0.0010771033478838138,2.7321894746634712e-17
454,0.9531144748588211,0.39713103119117615,0.3971310311911755,6.661338147750939e-16,0.06219645408525273,0.06219645408525247,2.5673907444456745e-16,0.0048213632403137155,0.00482136324031369,2.5153490401663703e-17,0.00018924388805675302,0.00018924388805675115,1.870248747537495e-18,3.419620881930914e-06,3.4196208819308554e-06,5.844527336054672e-20
455,1.8696736077461205,0.7790306698942168,0.7790306698942168,0.0,0.24457242695717862,0.2445724269571787,8.326672684688674e-17,0.039406164418950895,0.03940616441895095,5.551115123125783e-17,0.003417155741877039,0.003417155741877038,8.673617379884035e-19,0.0001503976743083792,0.0001503976743083791,1.0842021724855044e-19
456,4.002557576710602,1.66773232362942,1.667732323629418,1.9984014443252818e-15,1.124491480092027,1.124491480092024,2.886579864025407e-15,0.3919427406173783,0.3919427406173772,1.1102230246251565e-15,0.07446397402405913,0.0744639740240588,3.3306690738754696e-16,0.007313254657027366,0.0073132546570273335,3.209238430557093e-17
457,1.4338972295602028,0.5974571789834187,0.5974571789834179,7.771561172376096e-16,0.14297913587485783,0.14297913587485725,5.828670879282072e-16,0.017430200563740852,0.017430200563740762,9.020562075079397e-17,0.001133181811583057,0.0011331818115830478,9.324138683375338e-18,3.6984574337993814e-05,3.698457433799335e-05,4.607859233063394e-19
458,0.9326605388995286,0.3886085578748045,0.38860855787480353,9.992007221626409e-16,0.05898249520399122,0.05898249520399089,3.3306690738754696e-16,0.00436823540756256,0.004368235407562522,3.8163916471489756e-17,0.0001599693786686621,0.0001599693786686594,2.710505431213761e-18,2.5843134202626517e-06,2.5843134202625768e-06,7.496241583200558e-20
459,9.100320970780665,3.7918004044919478,3.791800404491944,3.552713678800501e-15,5.460757967634244,5.460757967634231,1.3322676295501878e-14,3.6159923008003307,3.6159923008003187,1.199040866595169e-14,1.0179763416161607,1.0179763416161507,9.992007221626409e-15,0.07244597995805015,0.07244597995804736,2.789435349370706e-15
460,3.465597542367672,1.4439989759865313,1.44399897598653,1.3322676295501878e-15,0.8103393368672807,0.8103393368672788,1.887379141862766e-15,0.22004167377731193,0.22004167377731107,8.604228440844963e-16,0.02907823568379356,0.02907823568379333,2.3245294578089215e-16,0.0016394299178441043,0.001639429917844082,2.233456475320139e-17
461,12.15739994338399,5.065583309743339,5.065583309743331,7.993605777301127e-15,9.80973903630819,9.809739036308146,4.440892098500626e-14,8.854093773901187,8.854093773901115,7.283063041541027e-14,3.529431592118895,3.5294315921188253,6.972200594645983e-14,0.4345428218461875,0.4345428218461628,2.4702462297909733e-14
462,2.2095581954654766,0.9206492481106175,0.9206492481106153,2.220446049250313e-15,0.3414034840921019,0.3414034840921001,1.8318679906315083e-15,0.06486914997993969,0.06486914997993917,5.134781488891349e-16,0.006611845009972404,0.006611845009972326,7.806255641895632e-17,0.00034026954066770617,0.00034026954066770037,5.800481622797449e-18
463,2.0832415938869886,0.8680173307862458,0.8680173307862454,3.3306690738754696e-16,0.29174735272278035,0.29174735272278,3.3306690738754696e-16,0.04691885933177173,0.04691885933177168,4.85722573273506e-17,0.0035615031491782224,0.0035615031491782155,6.938893903907228e-18,0.00010593641812893974,0.00010593641812893937,3.6591823321385775e-19
464,2.42820455731521,1.0117518988813397,1.0117518988813377,1.9984014443252818e-15,0.4225149508843216,0.42251495088431984,1.7763568394002505e-15,0.09314393759795464,0.09314393759795414,4.996003610813204e-16,0.01142271015983699,0.01142271015983689,1.0061396160665481e-16,0.0007382861373024643,0.0007382861373024559,8.456776945386935e-18
465,5.026362757388777,2.09431781557866,2.0943178155786573,2.6645352591003757e-15,1.7308226350232931,1.730822635023288,5.10702591327572e-15,0.7093736987112171,0.709373698711215,2.1094237467877974e-15,0.14788958026536864,0.14788958026536783,8.049116928532385e-16,0.014328673938492409,0.01432867393849227,1.3877787807814457e-16
466,1.0833337295369418,0.45138905397372636,0.45138905397372575,6.106226635438361e-16,0.079212905362448,0.07921290536244767,3.3306690738754696e-16,0.006732847947970364,0.006732847947970329,3.469446951953614e-17,0.0002791675382044156,0.00027916753820441217,3.415236843329339e-18,4.967345522511876e-06,4.967345522511776e-06,9.994988777600744e-20
467,2.9511978408194524,1.2296657670081057,1.2296657670081053,4.440892098500626e-16,0.5795963154580974,0.5795963154580966,7.771561172376096e-16,0.12831572621789822,0.128315726217898,2.220446049250313e-16,0.01285106217221174,0.01285106217221166,7.979727989493313e-17,0.00044141860300182497,0.00044141860300181824,6.7220534694101275e-18
468,1.9435711396746411,0.8098213081977685,0.8098213081977672,1.3322676295501878e-15,0.26258577216596485,0.2625857721659638,1.0547118733938987e-15,0.04359745380202505,0.04359745380202483,2.220446049250313e-16,0.003914034781000291,0.0039140347810002534,3.729655473350135e-17,0.00018049108311189176,0.00018049108311189,1.7618285302889447e-18
469,3.364528208233127,1.4018867534304713,1.4018867534304698,1.5543122344752192e-15,0.7455970813247339,0.7455970813247316,2.3314683517128287e-15,0.18174318205724596,0.18174318205724502,9.43689570931383e-16,0.018624650409785688,0.018624650409785466,2.220446049250313e-16,0.0004463144311223179,0.00044631443112229624,2.168404344971009e-17
470,0.7619838952953748,0.3174932897064059,0.3174932897064061,2.220446049250313e-16,0.04114867187258046,0.041148671872580506,4.85722573273506e-17,0.0027805500941267625,0.0027805500941267707,8.239936510889834e-18,0.00010308713602084933,0.00010308713602084957,2.439454888092385e-19,1.9841991753584085e-06,1.984199175358418e-06,9.317362419797304e-21
471,5.608611735128925,2.336921556303718,2.3369215563037185,4.440892098500626e-16,2.2005001164733513,2.200500116473351,4.440892098500626e-16,1.0604947087591177,1.060494708759119,1.3322676295501878e-15,0.2732376286250637,0.27323762862506373,5.551115123125783e-17,0.03532761209802754,0.03532761209802752,2.0816681711721685e-17
472,0.9667320796819714,0.4028050332008216,0.4028050332008214,2.220446049250313e-16,0.06458415074405903,0.06458415074405896,6.938893903907228e-17,0.005248553764587435,0.005248553764587431,3.469446951953614e-18,0.00022695580063295155,0.0002269558006329512,3.5236570605778894e-19,4.931887005313381e-06,4.931887005313366e-06,1.5246593050577406e-20
473,7.136260014319698,2.973441672633211,2.973441672633208,3.1086244689504383e-15,3.5590177714384694,3.5590177714384614,7.993605777301127e-15,2.181088114581484,2.1810881145814784,5.773159728050814e-15,0.7163654369315925,0.7163654369315888,3.6637359812630166e-15,0.11866962036131906,0.11866962036131838,6.800116025829084e-16
474,2.9204735345565083,1.2168639727318786,1.2168639727318786,0.0,0.5847755183493171,0.584775518349317,1.1102230246251565e-16,0.14018034163130877,0.14018034163130874,2.7755575615628914e-17,0.017364501818237933,0.017364501818237912,2.0816681711721685e-17,0.001032087303401842,0.00103208730340184,1.951563910473908e-18
475,4.712587841274557,1.9635782671977364,1.9635782671977318,4.6629367034256575e-15,1.5387308502878074,1.5387308502877999,7.549516567451064e-15,0.6138548427652634,0.613854842765259,4.3298697960381105e-15,0.13120519103666653,0.1312051910366651,1.4432899320127035e-15,0.01422735958792276,0.01422735958792251,2.498001805406602e-16
476,1.8005675795083111,0.7502364914617965,0.7502364914617963,2.220446049250313e-16,0.2243572268663881,0.2243572268663879,1.942890293094024e-16,0.034091445573079124,0.03409144557307909,3.469446951953614e-17,0.0027675929818232045,0.0027675929818232006,3.903127820947816e-18,0.00011355578697946222,0.00011355578697946177,4.472333961502706e-19
477,5.763678407970305,2.401532669987632,2.4015326699876276,4.440892098500626e-15,2.3456221301893607,2.345622130189351,9.769962616701378e-15,1.1926470141745886,1.192647014174582,6.661338147750939e-15,0.33318667428503534,0.33318667428503257,2.7755575615628914e-15,0.048540164455904936,0.048540164455904415,5.204170427930421e-16
478,8.851221541210036,3.688008975504181,3.6880089755041814,4.440892098500626e-16,5.207061626194715,5.207061626194712,3.552713678800501e-15,3.44358370165692,3.4435837016569213,1.3322676295501878e-15,1.022585407546205,1.0225854075462035,1.5543122344752192e-15,0.10117937462693838,0.10117937462693798,4.0245584642661925e-16
479,5.0505045541127105,2.1043768975469637,2.1043768975469628,8.881784197001252e-16,1.7052433217215976,1.7052433217215948,2.886579864025407e-15,0.6556513022368851,0.6556513022368835,1.5543122344752192e-15,0.11710822509200348,0.11710822509200272,7.632783294297951e-16,0.007863295143486958,0.007863295143486836,1.214306433183765e-16
480,5.253429764827928,2.1889290686783034,2.1889290686783034,0.0,1.8132647189875417,1.8132647189875417,0.0,0.6830286008038102,0.6830286008038106,3.3306690738754696e-16,0.10506059641772676,0.10506059641772682,5.551115123125783e-17,0.002917632187956402,0.0029176321879563895,1.2576745200831851e-17
481,8.48756421672582,3.536485090302429,3.5364850903024254,3.552713678800501e-15,4.871920161767211,4.871920161767198,1.3322676295501878e-14,3.256349572082849,3.256349572082834,1.4654943925052066e-14,1.0626750160340852,1.0626750160340745,1.0658141036401503e-14,0.14864603493552034,0.14864603493551792,2.4147350785597155e-15
482,1.4762163515872775,0.615090146494699,0.615090146494699,0.0,0.1498371326471949,0.14983713264719498,8.326672684688674e-17,0.0181863819190596,0.018186381919059632,3.122502256758253e-17,0.0011302967011331832,0.0011302967011331876,4.336808689942018e-18,3.297355584952826e-05,3.297355584952851e-05,2.507217523872729e-19
483,1.9315575816214854,0.8048156590089519,0.8048156590089524,4.440892098500626e-16,0.2518898743592756,0.2518898743592757,5.551115123125783e-17,0.037985757985269,0.037985757985269056,5.551115123125783e-17,0.002741814355363593,0.0027418143553635957,2.6020852139652106e-18,8.033366134550582e-05,8.033366134550582e-05,0.0
484,4.5890698105643555,1.9121124210684837,1.912112421068482,1.7763568394002505e-15,1.4153516537166309,1.4153516537166262,4.6629367034256575e-15,0.5021611521725255,0.5021611521725229,2.6645352591003757e-15,0.08470429145334613,0.08470429145334533,7.91033905045424e-16,0.00573555635068917,0.005735556350689039,1.3097162243624894e-16
485,4.319423493337661,1.7997597888906895,1.7997597888906922,2.6645352591003757e-15,1.260845901767869,1.2608459017678735,4.440892098500626e-15,0.42664587274832555,0.4266458727483288,3.2751579226442118e-15,0.06953151829498931,0.06953151829499025,9.43689570931383e-16,0.004678456056373584,0.004678456056373701,1.1709383462843448e-16
486,4.98111055185559,2.0754627299398303,2.0754627299398294,8.881784197001252e-16,1.66960857923078,1.6696085792307775,2.4424906541753444e-15,0.6428182819580482,0.6428182819580466,1.6653345369377348e-15,0.11660813215111714,0.11660813215111623,9.020562075079397e-16,0.008218647751867023,0.008218647751866856,1.6653345369377348e-16
487,3.894712973178201,1.6227970721575824,1.6227970721575837,1.3322676295501878e-15,1.0289569712752475,1.0289569712752495,1.9984014443252818e-15,0.3191784817711263,0.31917848177112823,1.942890293094024e-15,0.049331036826710556,0.04933103682671104,4.85722573273506e-16,0.0034247639699114506,0.0034247639699115174,6.678685382510707e-17
488,1.7976458258787065,0.7490190941161285,0.7490190941161278,7.771561172376096e-16,0.21259879293360098,0.21259879293360034,6.38378239159465e-16,0.02754665214957435,0.027546652149574167,1.8388068845354155e-16,0.0014783878437423382,0.0014783878437423118,2.6454533008646308e-17,1.6425480647964368e-05,1.6425480647963067e-05,1.3010426069826053e-18
489,1.9292207452787324,0.8038419771994729,0.8038419771994718,1.1102230246251565e-15,0.25257127610077235,0.2525712761007715,8.326672684688674e-16,0.038727429088033234,0.03872742908803304,1.942890293094024e-16,0.0029318595746912987,0.002931859574691271,2.7755575615628914e-17,9.741396353799322e-05,9.741396353799169e-05,1.531435568635775e-18
490,9.022437037994777,3.7593487658311555,3.7593487658311573,1.7763568394002505e-15,5.352044297747403,5.352044297747408,5.329070518200751e-15,3.4758003128773294,3.4758003128773396,1.021405182655144e-14,0.9340612902084556,0.9340612902084614,5.773159728050814e-15,0.05176478418553243,0.05176478418553421,1.7763568394002505e-15
491,2.6884614537439058,1.1201922723932953,1.1201922723932942,1.1102230246251565e-15,0.4737832355796492,0.47378323557964763,1.5543122344752192e-15,0.09080016089308551,0.09080016089308494,5.689893001203927e-16,0.007045934121357258,0.007045934121357142,1.1622647289044608e-16,9.144009559748176e-05,9.144009559747306e-05,8.700722434196173e-18
492,2.303899183542562,0.9599579931427341,0.9599579931427341,0.0,0.36544567381498155,0.36544567381498133,2.220446049250313e-16,0.06942150072345919,0.06942150072345919,0.0,0.00676511186081075,0.00676511186081074,9.540979117872439e-18,0.00031016086316957203,0.00031016086316957143,5.963111948670274e-19
493,10.339399175024436,4.308082989593519,4.308082989593515,3.552713678800501e-15,7.39638539786294,7.396385397862924,1.5987211554602254e-14,6.449485856147115,6.449485856147096,1.9539925233402755e-14,3.0021938474527534,3.0021938474527388,1.4654943925052066e-14,0.7055108849214545,0.7055108849214488,5.773159728050814e-15
494,2.6488376110912815,1.103682337954702,1.1036823379547007,1.3322676295501878e-15,0.4876649522431351,0.4876649522431339,1.2212453270876722e-15,0.10915802246150266,0.10915802246150226,4.0245584642661925e-16,0.012852366898957501,0.012852366898957432,6.938893903907228e-17,0.0007413251694439052,0.0007413251694438984,6.830473686658678e-18
495,7.331160920697359,3.0546503836238976,3.0546503836238994,1.7763568394002505e-15,3.5314029305729004,3.531402930572906,5.773159728050814e-15,1.8575563180449313,1.8575563180449415,1.021405182655144e-14,0.4001123045148517,0.4001123045148566,4.884981308350689e-15,0.016050996548357524,0.016050996548358315,7.91033905045424e-16
496,2.7430594993455477,1.1429414580606467,1.142941458060645,1.7763568394002505e-15,0.5132169136443612,0.5132169136443597,1.4432899320127035e-15,0.11320307030753968,0.1132030703075391,5.828670879282072e-16,0.012448636021787904,0.012448636021787793,1.1102230246251565e-16,0.0006107590698585207,0.000610759069858513,7.697835424647081e-18
497,3.24850153611768,1.3535423067157022,1.3535423067157,2.220446049250313e-15,0.7355442113774526,0.7355442113774497,2.886579864025407e-15,0.20543075405266883,0.20543075405266764,1.1934897514720433e-15,0.031172857399652358,0.031172857399652087,2.706168622523819e-16,0.0024435839062906866,0.0024435839062906593,2.7321894746634712e-17
498,2.84142772070079,1.1839282169586633,1.1839282169586627,6.661338147750939e-16,0.5612295477071868,0.5612295477071857,1.1102230246251565e-15,0.13624669649085216,0.13624669649085194,2.220446049250313e-16,0.017891490372308732,0.01789149037230866,7.28583859910259e-17,0.0012074981201297891,0.0012074981201297822,6.938893903907228e-18
499,8.806202823378026,3.669251176407515,3.669251176407511,3.9968028886505635e-15,5.116190594575201,5.116190594575187,1.4210854715202004e-14,3.284319985661986,3.28431998566197,1.5987211554602254e-14,0.9000374210851336,0.900037421085124,9.658940314238862e-15,0.06397689449790223,0.06397689449789987,2.3592239273284576e-15
500,3.5501021243951865,1.4792092184979935,1.4792092184979941,6.661338147750939e-16,0.8409747018591093,0.8409747018591098,5.551115123125783e-16,0.2258794848916889,0.22587948489168944,5.273559366969494e-16,0.027864216096208413,0.027864216096208518,1.0408340855860843e-16,0.0012442606973480823,0.0012442606973480912,8.890457814381136e-18
501,7.72705182593173,3.2196049274715577,3.2196049274715546,3.1086244689504383e-15,3.9073625231537017,3.9073625231536906,1.1102230246251565e-14,2.1400170676943158,2.140017067694305,1.0658141036401503e-14,0.4677983112754824,0.46779831127547516,7.216449660063518e-15,0.014264562956865349,0.014264562956863831,1.5178830414797062e-15
502,2.4343604891675987,1.0143168704864984,1.0143168704864995,1.1102230246251565e-15,0.3991775031533639,0.3991775031533648,8.881784197001252e-16,0.07570599314644944,0.07570599314644977,3.3306690738754696e-16,0.0069181502927282805,0.006918150292728326,4.5102810375396984e-17,0.0002630531271471485,0.00026305312714715117,2.656295322589486e-18
503,3.094425582668494,1.2893439927785397,1.2893439927785393,4.440892098500626e-16,0.6320274775651731,0.6320274775651721,9.992007221626409e-16,0.14265999959353307,0.14265999959353268,3.885780586188048e-16,0.013732040697757197,0.013732040697757122,7.45931094670027e-17,0.00033941403213463747,0.0003394140321346311,6.342582709040201e-18
504,5.204733806062745,2.1686390858594726,2.168639085859477,4.440892098500626e-15,1.8678827323967102,1.8678827323967178,7.549516567451064e-15,0.8051127535770342,0.8051127535770412,6.994405055138486e-15,0.17898620739514828,0.17898620739515042,2.1371793224034263e-15,0.018901650259544017,0.018901650259544447,4.3021142204224816e-16
505,1.4499788998324932,0.6041578749302049,0.6041578749302055,5.551115123125783e-16,0.13857410224834343,0.13857410224834366,2.220446049250313e-16,0.014575732591440954,0.014575732591441,4.5102810375396984e-17,0.0006446242844262892,0.0006446242844262927,3.577867169202165e-18,6.639971883750553e-06,6.639971883750642e-06,8.893845946170154e-20
506,8.786916999477311,3.6612154164488797,3.66121541644888,4.440892098500626e-16,5.195656391058,5.195656391057999,8.881784197001252e-16,3.527674070524448,3.5276740705244483,4.440892098500626e-16,1.1271058563027205,1.1271058563027199,6.661338147750939e-16,0.13931741538675385,0.13931741538675352,3.3306690738754696e-16
507,2.899989797406161,1.2083290822525665,1.2083290822525672,6.661338147750939e-16,0.5959590979420967,0.595959097942097,3.3306690738754696e-16,0.15302272473075007,0.15302272473075035,2.7755575615628914e-16,0.02148663459760692,0.02148663459760692,0.0,0.0015582233237748492,0.001558223323774851,1.734723475976807e-18
508,2.948025542749873,1.2283439761457813,1.2283439761457806,6.661338147750939e-16,0.5682052798404332,0.5682052798404322,9.992007221626409e-16,0.11827760009434443,0.11827760009434402,4.163336342344337e-16,0.009717007324103697,0.009717007324103594,1.0234868508263162e-16,9.282015067033617e-05,9.282015067032727e-05,8.904010341537205e-18
509,3.3659265025396268,1.402469376058177,1.402469376058178,8.881784197001252e-16,0.7717821540042631,0.771782154004264,8.881784197001252e-16,0.20836645618869554,0.20836645618869626,7.216449660063518e-16,0.028011049736826846,0.028011049736826974,1.2836953722228372e-16,0.0016781045847884485,0.0016781045847884617,1.3227266504323154e-17
510,0.9591865419708816,0.39966105915453354,0.3996610591545341,5.551115123125783e-16,0.06350259648322401,0.0635025964832242,1.942890293094024e-16,0.005070342007102321,0.005070342007102343,2.2551405187698492e-17,0.0002108824251523901,0.00021088242515239142,1.328147661294743e-18,4.245790662144191e-06,4.245790662144228e-06,3.7269449679189215e-20
511,2.8381650840817474,1.1825687850340594,1.1825687850340614,1.9984014443252818e-15,0.5598150404737301,0.5598150404737321,1.9984014443252818e-15,0.1351981170435619,0.1351981170435628,8.881784197001252e-16,0.017497540234918143,0.017497540234918302,1.5959455978986625e-16,0.0011467797572341683,0.0011467797572341798,1.1492543028346347e-17
512,3.2144890800593844,1.3393704500247465,1.3393704500247436,2.886579864025407e-15,0.7186093830421074,0.7186093830421035,3.885780586188048e-15,0.19606296786443506,0.1960629678644336,1.4432899320127035e-15,0.02839524438334374,0.028395244383343416,3.226585665316861e-16,0.0020476169896563347,0.0020476169896562987,3.599551212651875e-17
513,0.5527784817774547,0.2303243674072732,0.23032436740727283,3.608224830031759e-16,0.02029905975691628,0.02029905975691619,9.020562075079397e-17,0.0008369636820717325,0.0008369636820717254,7.047314121155779e-18,1.5442020658044945e-05,1.544202065804466e-05,2.846030702774449e-19,9.358272238080789e-08,9.358272238080331e-08,4.579271871093561e-21
514,4.240851227696741,1.7670213448736454,1.7670213448736418,3.552713678800501e-15,1.1791330620525713,1.1791330620525655,5.773159728050814e-15,0.356477835739092,0.3564778357390885,3.497202527569243e-15,0.043562589205915735,0.043562589205914694,1.0408340855860843e-15,0.0008691734102637192,0.0008691734102636009,1.1828645701816853e-16
515,5.947980817514514,2.4783253406310495,2.4783253406310477,1.7763568394002505e-15,2.3336007414345463,2.3336007414345423,3.9968028886505635e-15,1.0106952909553262,1.0106952909553226,3.552713678800501e-15,0.18618154840038556,0.18618154840038392,1.6375789613221059e-15,0.008678499811431607,0.008678499811431288,3.191891195797325e-16
516,0.8876954884248085,0.3698731201770042,0.3698731201770036,6.106226635438361e-16,0.05528905119482908,0.05528905119482887,2.1510571102112408e-16,0.004263534947950261,0.0042635349479502385,2.2551405187698492e-17,0.00017842888908779113,0.0001784288890877895,1.6263032587282567e-18,3.8345709673968586e-06,3.834570967396809e-06,4.997494388800372e-20
517,2.460096032839723,1.0250400136832192,1.0250400136832178,1.3322676295501878e-15,0.3992667252604063,0.3992667252604049,1.3877787807814457e-15,0.07159920612275372,0.07159920612275332,4.0245584642661925e-16,0.005481220591719388,0.005481220591719321,6.678685382510707e-17,0.00010887004921891142,0.00010887004921890783,3.5914196963582334e-18
518,6.395373944133555,2.6647391433889793,2.664739143388981,1.7763568394002505e-15,2.844982315749104,2.8449823157491085,4.440892098500626e-15,1.5512027600531408,1.5512027600531446,3.774758283725532e-15,0.45380782038803574,0.4538078203880367,9.43689570931383e-16,0.0673256227759918,0.06732562277599193,1.249000902703301e-16
519,5.860084663089187,2.44170194295383,2.441701942953828,1.7763568394002505e-15,2.3260844635338773,2.326084463533872,5.329070518200751e-15,1.0793583859025404,1.0793583859025355,4.884981308350689e-15,0.2468420092697043,0.2468420092697021,2.192690473634684e-15,0.02473661768542065,0.02473661768542023,4.198030811863873e-16
520,7.708770681408831,3.211987783920344,3.211987783920346,2.220446049250313e-15,4.215415761382992,4.215415761382999,6.217248937900877e-15,2.8850198870743307,2.8850198870743378,7.105427357601002e-15,1.0824991754522284,1.0824991754522333,4.884981308350689e-15,0.21049187676258968,0.21049187676259049,8.049116928532385e-16
521,1.8821087768442823,0.7842119903517855,0.7842119903517845,9.992007221626409e-16,0.23381085879540942,0.23381085879540853,8.881784197001252e-16,0.03206943861967178,0.032069438619671584,1.942890293094024e-16,0.00186760016832352,0.0018676001683234891,3.0791341698588326e-17,2.7060077048384954e-05,2.706007704838343e-05,1.5246593050577406e-18
522,5.232059966681407,2.1800249861172585,2.180024986117253,5.329070518200751e-15,1.8667902416957753,1.8667902416957658,9.547918011776346e-15,0.7877214423353494,0.7877214423353421,7.216449660063518e-15,0.1674340807218569,0.16743408072185428,2.609024107869118e-15,0.016277829428838642,0.016277829428838247,3.95516952522712e-16
523,1.5739333741222867,0.655805572550954,0.6558055725509528,1.1102230246251565e-15,0.16580628867179636,0.1658062886717957,6.661338147750939e-16,0.01994041424908051,0.01994041424908037,1.3877787807814457e-16,0.0011209032620537194,0.0011209032620537011,1.8214596497756474e-17,2.413787383816926e-05,2.4137873838168403e-05,8.571973426213519e-19
524,3.112634876848738,1.296931198686973,1.2969311986869743,1.3322676295501878e-15,0.6824923519638555,0.6824923519638566,1.1102230246251565e-15,0.18607980104395505,0.18607980104395586,8.049116928532385e-16,0.02765877391331024,0.027658773913310373,1.3183898417423734e-16,0.002120992072453338,0.002120992072453349,1.0842021724855044e-17
525,2.0420153754880133,0.8508397397866716,0.8508397397866722,5.551115123125783e-16,0.2765318321323649,0.2765318321323653,4.440892098500626e-16,0.041871443557981246,0.041871443557981364,1.1796119636642288e-16,0.002802589430922852,0.002802589430922868,1.6046192152785466e-17,5.841312447433723e-05,5.8413124474338075e-05,8.470329472543003e-19
526,0.9050079714387156,0.37708665476613057,0.37708665476613146,8.881784197001252e-16,0.05447599392907569,0.054475993929076,3.0531133177191805e-16,0.0036821956229950033,0.0036821956229950463,4.2934406030425976e-17,0.00011097252119151045,0.00011097252119151309,2.642742795433417e-18,1.0746907288261655e-06,1.07469072882623e-06,6.437450399132683e-20
527,6.496137947055455,2.7067241446064445,2.70672414460644,4.440892098500626e-15,2.9553669376202647,2.955366937620254,1.0658141036401503e-14,1.666324688602947,1.6663246886029388,8.215650382226158e-15,0.5125605232054927,0.512560523205489,3.774758283725532e-15,0.08172457387448624,0.0817245738744855,7.355227538141662e-16
528,4.324315484486372,1.8017981185359875,1.8017981185359884,8.881784197001252e-16,1.267290638719024,1.2672906387190253,1.3322676295501878e-15,0.43532107576031853,0.43532107576032,1.4432899320127035e-15,0.07425776320128377,0.0742577632012841,3.3306690738754696e-16,0.005651928282910316,0.005651928282910366,4.9439619065339e-17
529,4.164337073355592,1.7351404472314984,1.7351404472314964,1.9984014443252818e-15,1.148766716697061,1.1487667166970572,3.774758283725532e-15,0.3525596267354645,0.35255962673546226,2.220446049250313e-15,0.04696455370191932,0.04696455370191868,6.38378239159465e-16,0.0017675317830185664,0.0017675317830184998,6.657001339060997e-17
530,4.060950024235184,1.6920625100979894,1.6920625100979931,3.774758283725532e-15,1.0779095605465254,1.0779095605465303,4.884981308350689e-15,0.30819679267434896,0.3081967926743525,3.552713678800501e-15,0.03432155889772822,0.034321558897729115,8.951173136040325e-16,0.00032854525329235044,0.0003285452532924405,9.004299042492114e-17
531,6.8048892352495365,2.8353705146873,2.835370514687307,7.105427357601002e-15,3.1112784956148274,3.111278495614844,1.6431300764452317e-14,1.629611442847776,1.6296114428477946,1.865174681370263e-14,0.39984961742021535,0.3998496174202229,7.549516567451064e-15,0.03750771792530458,0.03750771792530616,1.582067810090848e-15
532,3.013817000388804,1.2557570834953369,1.255757083495335,1.7763568394002505e-15,0.6292328369216229,0.6292328369216209,1.9984014443252818e-15,0.16049901870695452,0.16049901870695385,6.661338147750939e-16,0.021935365813596362,0.021935365813596217,1.457167719820518e-16,0.0015212460084631319,0.001521246008463117,1.496198998029996e-17
533,2.5671760220881827,1.0696566758700765,1.069656675870076,4.440892098500626e-16,0.4561634388483228,0.4561634388483223,4.996003610813204e-16,0.09817266954413231,0.0981726695441322,1.1102230246251565e-16,0.011078955035127966,0.011078955035127923,4.336808689942018e-17,0.0006112959626327327,0.0006112959626327294,3.3610267347050637e-18
534,2.0553595740136688,0.8563998225056968,0.8563998225056956,1.2212453270876722e-15,0.3052478257338016,0.3052478257338006,9.992007221626409e-16,0.05795952518097747,0.05795952518097721,2.5673907444456745e-16,0.006183069802290237,0.006183069802290198,3.903127820947816e-17,0.0003513615849997335,0.0003513615849997308,2.710505431213761e-18
535,5.570065250553984,2.320860521064163,2.32086052106416,3.1086244689504383e-15,2.065077944186063,2.0650779441860543,8.881784197001252e-15,0.8627235850526905,0.8627235850526848,5.773159728050814e-15,0.16268036098215052,0.16268036098214791,2.609024107869118e-15,0.010410110723214802,0.01041011072321435,4.527628272299467e-16
536,2.962541986533658,1.2343924943890239,1.2343924943890243,4.440892098500626e-16,0.6110323899140715,0.6110323899140716,1.1102230246251565e-16,0.15515171383598644,0.15515171383598664,1.942890293094024e-16,0.02134297280011047,0.021342972800110466,3.469446951953614e-18,0.0015110891457784028,0.0015110891457784034,6.505213034913027e-19
537,8.42397999529923,3.509991664708007,3.5099916647080125,5.329070518200751e-15,4.9141928158205745,4.914192815820591,1.687538997430238e-14,3.4736972349840545,3.473697234984075,2.042810365310288e-14,1.288079528315773,1.2880795283157844,1.1324274851176597e-14,0.23359660594500886,0.23359660594501214,3.2751579226442118e-15
538,3.0860161414683343,1.28584005894514,1.2858400589451393,6.661338147750939e-16,0.6504842272120379,0.6504842272120375,4.440892098500626e-16,0.16302065940621494,0.1630206594062147,2.220446049250313e-16,0.020847753656104608,0.020847753656104584,2.42861286636753e-17,0.0012520710691944692,0.0012520710691944663,2.8189256484623115e-18
539,3.9987368740516294,1.6661403641881811,1.6661403641881787,2.4424906541753444e-15,1.0459961802923405,1.0459961802923368,3.774758283725532e-15,0.29569054055635835,0.29569054055635613,2.220446049250313e-15,0.033021935251748694,0.03302193525174802,6.730727086790012e-16,0.0004325884922163568,0.0004325884922162777,7.909254848281755e-17
540,6.574774972733779,2.7394895719724053,2.7394895719724084,3.1086244689504383e-15,3.0871276274328743,3.087127627432879,4.884981308350689e-15,1.8299107844475235,1.82991078444753,6.439293542825908e-15,0.6011548175232704,0.601154817523273,2.6645352591003757e-15,0.10368564001858552,0.10368564001858607,5.551115123125783e-16
541,5.228848793900253,2.178686997458437,2.1786869974584393,2.220446049250313e-15,1.805369764390104,1.8053697643901079,3.774758283725532e-15,0.6901673200053479,0.6901673200053511,3.219646771412954e-15,0.11333399145069857,0.1133339914506998,1.2351231148954867e-15,0.0050083638777809174,0.005008363877781078,1.6046192152785466e-16
542,9.400308771339901,3.916795321391626,3.916795321391625,8.881784197001252e-16,6.153774149809744,6.153774149809741,2.6645352591003757e-15,4.923697151497391,4.923697151497389,2.6645352591003757e-15,2.0943513245849283,2.0943513245849243,3.9968028886505635e-15,0.4442673703196793,0.44426737031967745,1.8318679906315083e-15
543,5.877040673403578,2.4487669472514932,2.4487669472514906,2.6645352591003757e-15,2.249548055406642,2.249548055406636,5.773159728050814e-15,0.9194564090914731,0.9194564090914692,3.885780586188048e-15,0.1415691839176965,0.14156918391769485,1.6375789613221059e-15,0.00023955473984068283,0.00023955473984046225,2.2058093199217588e-16
544,5.617719542203474,2.34071647591812,2.3407164759181143,5.773159728050814e-15,2.1648662217698598,2.164866221769848,1.1546319456101628e-14,1.0010295364625899,1.0010295364625814,8.43769498715119e-15,0.24050311820423823,0.24050311820423462,3.608224830031759e-15,0.028006447589267524,0.028006447589266934,5.898059818321144e-16
545,5.1081933418728775,2.1284138924470373,2.128413892447033,4.440892098500626e-15,1.78789974157284,1.787899741572831,8.881784197001252e-15,0.7454494129956886,0.7454494129956829,5.662137425588298e-15,0.15846488482691504,0.15846488482691315,1.887379141862766e-15,0.015731084998827003,0.015731084998826726,2.7755575615628914e-16
546,3.8468814323328515,1.6028672634720227,1.6028672634720216,1.1102230246251565e-15,1.0324702734181144,1.032470273418112,2.4424906541753444e-15,0.3416342510826852,0.3416342510826845,6.661338147750939e-16,0.06124878672239772,0.06124878672239742,2.983724378680108e-16,0.005644918234963009,0.0056449182349629775,3.122502256758253e-17
547,8.319627044973291,3.4665112687388695,3.4665112687388717,2.220446049250313e-15,4.5908098059886715,4.590809805988677,5.329070518200751e-15,2.83435349611987,2.834353496119878,7.993605777301127e-15,0.7754831092798965,0.7754831092799004,3.885780586188048e-15,0.06688454027360684,0.06688454027360737,5.273559366969494e-16
548,5.975149814836797,2.4896457561819973,2.4896457561819987,1.3322676295501878e-15,2.5360254718251207,2.5360254718251234,2.6645352591003757e-15,1.350848365929865,1.3508483659298693,4.440892098500626e-15,0.3962597232462902,0.3962597232462915,1.27675647831893e-15,0.06061853077564179,0.060618530775642054,2.636779683484747e-16
549,4.866746971661126,2.0278112381921414,2.0278112381921356,5.773159728050814e-15,1.6460701722958302,1.6460701722958202,9.992007221626409e-15,0.6787681265880229,0.6787681265880164,6.439293542825908e-15,0.14833382955098387,0.14833382955098162,2.248201624865942e-15,0.016103072382600895,0.016103072382600555,3.400058012914542e-16
550,6.540388204958339,2.725161752065972,2.7251617520659748,2.6645352591003757e-15,2.975334917390362,2.9753349173903696,7.549516567451064e-15,1.6652669727778238,1.6652669727778315,7.771561172376096e-15,0.5049143935465684,0.5049143935465715,3.1086244689504383e-15,0.07883339933109379,0.07883339933109425,4.579669976578771e-16
551,1.202045074678704,0.5008521144494584,0.5008521144494601,1.6653345369377348e-15,0.09964072985459517,0.09964072985459585,6.800116025829084e-16,0.009972116765892321,0.009972116765892445,1.231653667943533e-16,0.0005223450081035237,0.0005223450081035341,1.0408340855860843e-17,1.3377060486403264e-05,1.3377060486403639e-05,3.7438856268640075e-19
552,8.241312896771756,3.4338803736549073,3.433880373654898,9.325873406851315e-15,4.868383365737699,4.868383365737669,3.019806626980426e-14,3.6485749110479344,3.648574911047905,2.930988785010413e-14,1.5250549641015119,1.5250549641014934,1.84297022087776e-14,0.3372317814436575,0.3372317814436529,4.6074255521944e-15
553,0.7822692145108157,0.32594550604617334,0.32594550604617323,1.1102230246251565e-16,0.0431836693257423,0.04318366932574225,5.551115123125783e-17,0.0029633175588427425,0.00296331755884274,2.6020852139652106e-18,0.00011050215089570864,0.00011050215089570836,2.846030702774449e-19,2.1122854126401995e-06,2.112285412640185e-06,1.4399560103323106e-20
554,3.4891406312424245,1.45380859635101,1.4538085963510103,4.440892098500626e-16,0.819746560227516,0.8197465602275157,3.3306690738754696e-16,0.22264081991172746,0.22264081991172754,8.326672684688674e-17,0.029110824473529775,0.02911082447352977,3.469446951953614e-18,0.0015809570057527397,0.0015809570057527338,5.854691731421724e-18
555,4.529673630376069,1.8873640126566944,1.8873640126566957,1.3322676295501878e-15,1.383704812585972,1.3837048125859734,1.3322676295501878e-15,0.49048714130059806,0.49048714130059917,1.1102230246251565e-15,0.08448313647080252,0.08448313647080281,2.914335439641036e-16,0.006187385899412652,0.006187385899412699,4.683753385137379e-17
556,3.2506484497462713,1.354436854060948,1.3544368540609466,1.3322676295501878e-15,0.726546627904148,0.7265466279041467,1.3322676295501878e-15,0.19453422054234532,0.19453422054234482,4.996003610813204e-16,0.026812090449375135,0.026812090449375044,9.020562075079397e-17,0.0017538993905894028,0.0017538993905893935,9.324138683375338e-18
557,3.4269474958782,1.4278947899492525,1.4278947899492502,2.220446049250313e-15,0.7996292689489217,0.7996292689489184,3.3306690738754696e-15,0.21914758731868333,0.21914758731868192,1.4155343563970746e-15,0.029699208651395206,0.02969920865139485,3.5735303605122226e-16,0.001763838894718313,0.0017638388947182747,3.838075690598686e-17
558,3.5444670830130622,1.476861284588778,1.4768612845887759,2.220446049250313e-15,0.8243334629060897,0.8243334629060862,3.4416913763379853e-15,0.20902200535665133,0.2090220053566495,1.8318679906315083e-15,0.021653666573618325,0.02165366657361788,4.440892098500626e-16,0.0004130328563127769,0.0004130328563127314,4.548228113576691e-17
559,0.9313984407427816,0.38808268364282494,0.38808268364282567,7.216449660063518e-16,0.06207225952731668,0.062072259527316924,2.42861286636753e-16,0.005236405770448874,0.005236405770448906,3.122502256758253e-17,0.0002456949023951369,0.0002456949023951389,2.0057740190981832e-18,6.079096327963538e-06,6.0790963279635956e-06,5.759824041329242e-20
560,0.378935689026362,0.15788987042765049,0.15788987042765085,3.608224830031759e-16,0.010094840586909865,0.010094840586909909,4.336808689942018e-17,0.0003336503247469111,0.0003336503247469135,2.3852447794681098e-18,5.997297743787906e-06,5.997297743787964e-06,5.844527336054672e-20,5.547092700425695e-08,5.547092700425767e-08,7.213014941462401e-22
561,5.293191252697268,2.205496355290528,2.2054963552905282,4.440892098500626e-16,1.9135954810460818,1.9135954810460816,2.220446049250313e-16,0.8227782470218032,0.8227782470218035,2.220446049250313e-16,0.18071005624161873,0.1807100562416186,1.3877787807814457e-16,0.01868196798721675,0.018681967987216715,3.469446951953614e-17
562,2.429290062543251,1.0122041927263539,1.0122041927263543,4.440892098500626e-16,0.4086911859049791,0.4086911859049797,6.106226635438361e-16,0.08393435946556871,0.08393435946556901,3.0531133177191805e-16,0.009222842358752143,0.009222842358752165,2.2551405187698492e-17,0.0005131498357873021,0.0005131498357873043,2.2768245622195593e-18
563,5.145276095714525,2.14386503988105,2.143865039881052,2.220446049250313e-15,1.7685018345510604,1.768501834551064,3.552713678800501e-15,0.6909637655881653,0.690963765588168,2.6645352591003757e-15,0.12481319728895746,0.12481319728895829,8.326672684688674e-16,0.008344704848199939,0.008344704848200019,7.979727989493313e-17
564,9.346493043274444,3.894372101364351,3.8943721013643517,8.881784197001252e-16,5.931494794282015,5.931494794282016,8.881784197001252e-16,4.417451622839342,4.41745162283934,1.7763568394002505e-15,1.6327238381275182,1.632723838127516,2.220446049250313e-15,0.2680824429647085,0.2680824429647072,1.3322676295501878e-15
565,2.627350155172604,1.0947292313219177,1.0947292313219184,6.661338147750939e-16,0.4855852334602968,0.48558523346029736,5.551115123125783e-16,0.11117789039419258,0.1111778903941929,3.191891195797325e-16,0.013781459588415302,0.013781459588415344,4.163336342344337e-17,0.0008722838711076228,0.0008722838711076265,3.686287386450715e-18
566,1.5721218457643944,0.6550507690684984,0.6550507690684977,6.661338147750939e-16,0.16167212270040393,0.16167212270040343,4.996003610813204e-16,0.01795421762900902,0.017954217629008926,9.367506770274758e-17,0.0007847179364381358,0.0007847179364381245,1.1275702593849246e-17,3.7286311884027195e-06,3.7286311884022325e-06,4.870439446712227e-19
567,1.237713949949788,0.5157141458124119,0.5157141458124117,2.220446049250313e-16,0.10660822265790122,0.1066082226579011,1.249000902703301e-16,0.011216050828166062,0.011216050828166037,2.42861286636753e-17,0.0006270470637139609,0.0006270470637139587,2.168404344971009e-18,1.747844912266883e-05,1.7478449122668696e-05,1.3213713977167085e-19
568,10.375038111042787,4.322932546267835,4.322932546267828,7.105427357601002e-15,7.146553574023649,7.146553574023622,2.6645352591003757e-14,5.519496301437076,5.519496301437035,4.1744385725905886e-14,1.8998836362507587,1.8998836362507294,2.930988785010413e-14,0.2112021978144093,0.21120219781440147,7.827072323607354e-15
569,1.4967292855197913,0.6236372022999138,0.623637202299913,7.771561172376096e-16,0.15136072785882881,0.15136072785882826,5.551115123125783e-16,0.017770777862439135,0.017770777862439024,1.1102230246251565e-16,0.0010106758190656998,0.0010106758190656883,1.1492543028346347e-17,2.4143877489687184e-05,2.4143877489686567e-05,6.166399856011306e-19
570,1.5401095390484805,0.6417123079368657,0.641712307936867,1.2212453270876722e-15,0.17021221942469,0.17021221942469048,4.718447854656915e-16,0.02388271002067651,0.023882710020676656,1.457167719820518e-16,0.0018693178042893971,0.0018693178042894106,1.3444106938820255e-17,7.737953966225796e-05,7.73795396622587e-05,7.318364664277155e-19
571,7.03825350840505,2.932605628502109,2.9326056285021043,4.884981308350689e-15,3.5515514645728574,3.5515514645728445,1.2878587085651816e-14,2.274140841880378,2.2741408418803672,1.0658141036401503e-14,0.8123321918859695,0.8123321918859638,5.662137425588298e-15,0.15353964706335646,0.15353964706335502,1.4432899320127035e-15
572,1.1416288976325168,0.47567870734688106,0.4756787073468821,1.0547118733938987e-15,0.08839372913508482,0.08839372913508523,4.0245584642661925e-16,0.00800924035119396,0.008009240351194035,7.45931094670027e-17,0.0003578100605967497,0.0003578100605967551,5.421010862427522e-18,6.997372217014427e-06,6.9973722170146135e-06,1.8634724839594607e-19
573,7.163429097379275,2.984762123908031,2.9847621239080313,4.440892098500626e-16,3.457809164591696,3.4578091645916977,1.7763568394002505e-15,1.9253417649926012,1.9253417649926072,5.995204332975845e-15,0.5111310560189792,0.5111310560189829,3.6637359812630166e-15,0.054642557681272616,0.054642557681273386,7.7021722333370235e-16
574,2.624949921531098,1.093729133971292,1.093729133971291,1.1102230246251565e-15,0.483921769889871,0.48392176988986974,1.27675647831893e-15,0.11089260620632153,0.11089260620632116,3.7470027081099033e-16,0.013901963267186115,0.013901963267186037,7.806255641895632e-17,0.0009057003426946001,0.0009057003426945939,6.179952383167375e-18
575,5.093055761405278,2.1221065672522044,2.1221065672521995,4.884981308350689e-15,1.7467683889766674,1.7467683889766576,9.769962616701378e-15,0.6925812149652876,0.6925812149652812,6.328271240363392e-15,0.1321864180361329,0.13218641803613082,2.0816681711721685e-15,0.01047417392962631,0.010474173929625989,3.209238430557093e-16
576,1.5039467856955238,0.6266444940398032,0.6266444940398015,1.6653345369377348e-15,0.1601241664850316,0.1601241664850307,9.159339953157541e-16,0.02130531967689798,0.021305319676897815,1.6306400674181987e-16,0.0015529741485480692,0.0015529741485480507,1.8431436932253575e-17,5.866860819243858e-05,5.866860819243752e-05,1.0570971181733668e-18
577,1.130995591747166,0.4712481632279856,0.4712481632279858,2.220446049250313e-16,0.09107611032589466,0.0910761103258947,4.163336342344337e-17,0.009223015980867205,0.009223015980867224,1.9081958235744878e-17,0.0005151458479175403,0.0005151458479175412,9.75781955236954e-19,1.502008106155367e-05,1.502008106155369e-05,2.0328790734103208e-20
578,13.672876814046715,5.697032005852783,5.6970320058527975,1.4210854715202004e-14,12.63955378884433,12.639553788844408,7.815970093361102e-14,13.605349316178183,13.605349316178351,1.687538997430238e-13,7.154928645281897,7.15492864528205,1.5276668818842154e-13,1.6164231652955157,1.616423165295577,6.128431095930864e-14
579,15.553013367675675,6.480422236531514,6.48042223653153,1.5987211554602254e-14,16.309569063053345,16.309569063053452,1.0658141036401503e-13,19.82611578517941,19.826115785179635,2.2382096176443156e-13,11.676257518028295,11.676257518028555,2.5934809855243657e-13,2.901064300859519,2.9010643008596397,1.2079226507921703e-13
580,4.831402066272935,2.013084194280391,2.0130841942803896,1.3322676295501878e-15,1.5404873902977354,1.540487390297733,2.4424906541753444e-15,0.5417499656366666,0.5417499656366658,7.771561172376096e-16,0.0805383402255678,0.08053834022556725,5.551115123125783e-16,0.0028845363104442567,0.002884536310444184,7.28583859910259e-17
581,5.021680889003019,2.0923670370845855,2.092367037084591,5.329070518200751e-15,1.7322125952291152,1.7322125952291263,1.1102230246251565e-14,0.7185015467544107,0.7185015467544188,8.104628079763643e-15,0.15537737303174043,0.15537737303174315,2.7200464103316335e-15,0.016369156389840846,0.016369156389841294,4.475586568020162e-16
582,4.1963133129214665,1.74846388038394,1.7484638803839445,4.440892098500626e-15,1.2402755746872667,1.2402755746872731,6.439293542825908e-15,0.4565048562279827,0.4565048562279871,4.385380947269368e-15,0.09194024981680471,0.09194024981680596,1.2490009027033011e-15,0.009609278215064866,0.009609278215065043,1.7694179454963432e-16
583,0.6179370530474827,0.25747377210311806,0.25747377210311784,2.220446049250313e-16,0.026051955684155623,0.02605195568415556,6.245004513516506e-17,0.0013022654730512953,0.0013022654730512916,3.686287386450715e-18,3.3017957067967154e-05,3.3017957067967066e-05,8.809142651444724e-20,3.88620836244852e-07,3.886208362448501e-07,1.9058241313221758e-21
584,6.5494549159685045,2.7289395483202106,2.7289395483202106,0.0,2.898935275500553,2.8989352755005493,3.552713678800501e-15,1.4909050011933305,1.490905001193327,3.552713678800501e-15,0.3722619436931991,0.37226194369319665,2.4424906541753444e-15,0.03927452393985198,0.039274523939851376,6.036837696399289e-16
585,5.69029478344387,2.370956159768284,2.3709561597682796,4.440892098500626e-15,2.2655004028141374,2.2655004028141286,8.881784197001252e-15,1.1103902055491215,1.110390205549114,7.549516567451064e-15,0.29249651213926753,0.29249651213926425,3.2751579226442118e-15,0.03901199158718041,0.0390119915871798,6.106226635438361e-16
586,3.14223477540029,1.309264489750122,1.309264489750121,8.881784197001252e-16,0.6704826085178982,0.670482608517897,1.2212453270876722e-15,0.16816775622307695,0.16816775622307636,5.828670879282072e-16,0.02104022834166287,0.021040228341662703,1.6653345369377348e-16,0.0011838731820477141,0.0011838731820476994,1.474514954580286e-17
587,1.268731301463238,0.5286380422763504,0.5286380422763491,1.2212453270876722e-15,0.11000227934325302,0.1100022793432524,6.245004513516506e-16,0.011328460341126037,0.01132846034112594,9.71445146547012e-17,0.0005928824300757273,0.0005928824300757194,7.914675859144182e-18,1.4435409178953212e-05,1.44354091789529e-05,3.1170812458958252e-19
588,4.097076216719447,1.7071150902997665,1.70711509029977,3.552713678800501e-15,1.1099382898303647,1.1099382898303698,5.10702591327572e-15,0.33403432625003054,0.3340343262500343,3.774758283725532e-15,0.04362297822722476,0.043622978227225676,9.159339953157541e-16,0.0016220802029659825,0.00162208020296608,9.75781955236954e-17
589,4.5003293928465755,1.8751372470194088,1.8751372470194063,2.4424906541753444e-15,1.346195778894857,1.3461957788948526,4.440892098500626e-15,0.4527833934036608,0.4527833934036584,2.3869795029440866e-15,0.0684246123723082,0.06842461237230733,8.604228440844963e-16,0.00345419519349371,0.003454195193493591,1.1882855810441129e-16
590,5.253480603450766,2.188950251437821,2.188950251437819,1.7763568394002505e-15,1.8282088773780287,1.8282088773780254,3.3306690738754696e-15,0.7091467678307515,0.7091467678307496,1.887379141862766e-15,0.12041270585956523,0.12041270585956461,6.245004513516506e-16,0.0060710198137917315,0.006071019813791628,1.0321604682062002e-16
591,4.362971854992722,1.8179049395803024,1.8179049395803009,1.5543122344752192e-15,1.2622097573368198,1.262209757336817,2.886579864025407e-15,0.4075061861293684,0.4075061861293665,1.887379141862766e-15,0.057697688864839496,0.057697688864838816,6.800116025829084e-16,0.002439314099685296,0.0024393140996852034,9.280770596475918e-17
592,0.7241049507212841,0.30171039613386863,0.3017103961338684,2.220446049250313e-16,0.034695139801645236,0.03469513980164515,8.326672684688674e-17,0.0018463128217074956,0.0018463128217074878,7.806255641895632e-18,4.248084477328419e-05,4.2480844773283715e-05,4.743384504624082e-19,2.711458189475196e-07,2.7114581894750875e-07,1.0852609636695723e-20
593,5.420207982656511,2.2584199927735433,2.2584199927735464,3.1086244689504383e-15,1.9168809196914398,1.9168809196914463,6.439293542825908e-15,0.7273896022586712,0.7273896022586777,6.439293542825908e-15,0.10601620084422303,0.10601620084422499,1.9567680809018384e-15,0.0008668182537873476,0.000866818253787615,2.6747267595217394e-16
594,4.983422728241825,2.0764261367674255,2.0764261367674273,1.7763568394002505e-15,1.6439013723571676,1.6439013723571705,2.886579864025407e-15,0.603900130195117,0.6039001301951203,3.3306690738754696e-15,0.09697039786156708,0.09697039786156815,1.0685896612017132e-15,0.004600559541548377,0.00460055954154852,1.4311468676808659e-16
595,2.4495417461173767,1.0206423942155745,1.0206423942155738,6.661338147750939e-16,0.4048935507005126,0.40489355070051153,1.0547118733938987e-15,0.07767214413865506,0.0776721441386548,2.636779683484747e-16,0.007232428915951911,0.007232428915951857,5.377642775528102e-17,0.000285187866340384,0.00028518786634037927,4.716279450311944e-18
596,8.635526506324643,3.5981360443019375,3.598136044301935,2.6645352591003757e-15,5.005391358830652,5.00539135883064,1.1546319456101628e-14,3.332458979956392,3.33245897995638,1.199040866595169e-14,1.052632684529209,1.052632684529201,8.215650382226158e-15,0.13297899347405354,0.13297899347405107,2.4702462297909733e-15
597,5.116663669541168,2.131943195642153,2.1319431956421537,8.881784197001252e-16,1.811930968904606,1.8119309689046064,4.440892098500626e-16,0.7803807777165266,0.7803807777165279,1.3322676295501878e-15,0.17826301681886783,0.17826301681886808,2.498001805406602e-16,0.020327339639821952,0.020327339639822,4.85722573273506e-17
598,2.1024949551582357,0.8760395646492654,0.8760395646492651,2.220446049250313e-16,0.29574095390048577,0.29574095390048516,6.106226635438361e-16,0.04742601159068141,0.04742601159068126,1.5265566588595902e-16,0.003540792526921005,0.0035407925269209757,2.949029909160572e-17,9.996758059025712e-05,9.996758059025502e-05,2.100641709190665e-18
599,1.400815457803439,0.5836731074180992,0.5836731074180996,4.440892098500626e-16,0.12812230519226253,0.1281223051922627,1.6653345369377348e-16,0.012603640228550152,0.012603640228550194,4.163336342344337e-17,0.00048115065237389147,0.0004811506523738949,3.415236843329339e-18,1.4641073918054478e-06,1.4641073918055403e-06,9.253834948753231e-20
600,2.7884145199821786,1.1618393833259062,1.161839383325908,1.7763568394002505e-15,0.54472439172403,0.5447243917240318,1.7763568394002505e-15,0.1311783931640535,0.13117839316405427,7.771561172376096e-16,0.017000506395392335,0.01700050639539242,8.326672684688674e-17,0.0011169988985777152,0.0011169988985777267,1.1492543028346347e-17
601,2.063499655861823,0.8597915232757588,0.8597915232757596,7.771561172376096e-16,0.2946013585031536,0.29460135850315405,4.440892098500626e-16,0.05101763134532894,0.05101763134532912,1.8041124150158794e-16,0.004655265482325207,0.004655265482325228,2.0816681711721685e-17,0.00020964309790730192,0.0002096430979073036,1.6805133673525319e-18
602,4.92723006511224,2.053012527130103,2.0530125271301,3.1086244689504383e-15,1.6670314320573931,1.6670314320573885,4.6629367034256575e-15,0.6763160840965788,0.6763160840965765,2.3314683517128287e-15,0.14202124832368027,0.14202124832367952,7.494005416219807e-16,0.014334133809972786,0.014334133809972678,1.0755285551056204e-16
603,7.795894953190683,3.248289563829456,3.2482895638294513,4.884981308350689e-15,4.098623388503402,4.098623388503388,1.4210854715202004e-14,2.4940030273938536,2.494003027393839,1.4654943925052066e-14,0.7307839783321706,0.7307839783321624,8.215650382226158e-15,0.08873453858658178,0.08873453858658006,1.7208456881689926e-15
604,2.5359018834213902,1.05662578475891,1.0566257847589127,2.6645352591003757e-15,0.44225533948755397,0.44225533948755646,2.4980018054066022e-15,0.09238421915137979,0.09238421915138074,9.575673587391975e-16,0.00992653398569937,0.009926533985699553,1.8214596497756474e-16,0.0005053137727847152,0.000505313772784729,1.3769367590565906e-17
605,6.108730401896263,2.545304334123441,2.545304334123443,1.7763568394002505e-15,2.5323793734704125,2.5323793734704165,3.9968028886505635e-15,1.2310386176253814,1.2310386176253862,4.884981308350689e-15,0.296648943056789,0.29664894305679085,1.8318679906315083e-15,0.031691730297646166,0.03169173029764645,2.8449465006019636e-16
606,7.980837860223745,3.325349108426563,3.3253491084265603,2.6645352591003757e-15,4.321851872101373,4.321851872101365,7.993605777301127e-15,2.7410710671553318,2.741071067155322,9.769962616701378e-15,0.8585403676805198,0.8585403676805137,6.106226635438361e-15,0.1181102491466895,0.11811024914668815,1.3461454173580023e-15
607,3.5259680692261854,1.4691533621775732,1.4691533621775774,4.218847493575595e-15,0.8201108096327587,0.8201108096327644,5.662137425588298e-15,0.21058255248696525,0.21058255248696847,3.219646771412954e-15,0.022997322879407707,0.02299732287940846,7.528699885739343e-16,0.0006350675927603822,0.0006350675927604515,6.928051882182373e-17
608,3.3808694893835027,1.4086956205764585,1.4086956205764596,1.1102230246251565e-15,0.764648742935718,0.7646487429357194,1.3322676295501878e-15,0.1972588527945692,0.19725885279456978,5.828670879282072e-16,0.02374196106829886,0.02374196106829898,1.214306433183765e-16,0.0010891087332464233,0.001089108733246429,5.637851296924623e-18
609,7.132490918480134,2.971871216033386,2.9718712160333896,3.552713678800501e-15,3.3467748218467395,3.3467748218467492,9.769962616701378e-15,1.7229053709939781,1.7229053709939897,1.1546319456101628e-14,0.36991597194503195,0.36991597194503695,4.9960036108132044e-15,0.017517813056775838,0.01751781305677675,9.124645483638005e-16
610,8.265817004467388,3.4440904185280736,3.4440904185280785,4.884981308350689e-15,4.7746747967153365,4.77467479671535,1.3322676295501878e-14,3.388290681739168,3.388290681739185,1.7319479184152442e-14,1.2879450631382192,1.2879450631382259,6.661338147750939e-15,0.24669468319315835,0.24669468319316018,1.8318679906315083e-15
611,1.5183740861601354,0.6326558692333898,0.6326558692333898,0.0,0.15520691536899278,0.15520691536899262,1.6653345369377348e-16,0.01830833050329011,0.018308330503290112,3.469446951953614e-18,0.0010337899049943492,0.001033789904994347,2.168404344971009e-18,2.3846394694512965e-05,2.384639469451281e-05,1.5585406229479126e-19
612,2.6215011289004457,1.0922921370418521,1.0922921370418526,4.440892098500626e-16,0.4509264192800482,0.4509264192800483,1.1102230246251565e-16,0.08452507325933166,0.08452507325933178,1.249000902703301e-16,0.006456584919096298,0.0064565849190963065,8.673617379884035e-18,8.818559688709111e-05,8.818559688709133e-05,2.168404344971009e-19
613,0.8097926722996054,0.33741361345816917,0.3374136134581689,2.7755575615628914e-16,0.045624686063622175,0.045624686063622064,1.1102230246251565e-16,0.0031306136841768232,0.0031306136841768137,9.540979117872439e-18,0.00011331087892587491,0.00011331087892587418,7.318364664277155e-19,2.017899828539713e-06,2.017899828539692e-06,2.0752307207730358e-20
614,2.1438868647249043,0.8932861936353768,0.8932861936353768,0.0,0.31857626956808316,0.31857626956808316,0.0,0.05735832901561745,0.0573583290156175,4.85722573273506e-17,0.005407567850436014,0.005407567850436007,7.806255641895632e-18,0.00024825270430862625,0.00024825270430862544,8.131516293641283e-19
615,3.668965744704312,1.5287357269601303,1.52873572696013,2.220446049250313e-16,0.9393048495490666,0.9393048495490659,6.661338147750939e-16,0.29732023611267633,0.2973202361126762,1.1102230246251565e-16,0.0513376496921902,0.05133764969219019,6.938893903907228e-18,0.004603891395777564,0.004603891395777561,3.469446951953614e-18
616,3.365879656827407,1.4024498570114226,1.4024498570114197,2.886579864025407e-15,0.7900307866936003,0.7900307866935962,4.107825191113079e-15,0.22698421041200487,0.22698421041200317,1.6930901125533637e-15,0.03472877876782568,0.034728778767825264,4.163336342344337e-16,0.0026548080391941347,0.002654808039194089,4.5536491244391186e-17
617,7.728139152018192,3.220057980007585,3.2200579800075806,4.440892098500626e-15,3.9709556743515,3.9709556743514827,1.7319479184152442e-14,2.2912153670575712,2.291215367057553,1.8207657603852567e-14,0.5901510209470682,0.5901510209470575,1.0658141036401503e-14,0.04919979092440428,0.0491997909244021,2.185751579730777e-15
618,3.799393272497852,1.583080530207439,1.5830805302074384,6.661338147750939e-16,1.013893534626911,1.0138935346269098,1.1102230246251565e-15,0.3361904716128602,0.33619047161285975,4.440892098500626e-16,0.06092631922210519,0.060926319222105,1.8735013540549517e-16,0.005729285161223061,0.005729285161223036,2.42861286636753e-17
619,1.1939206290111295,0.4974669287546378,0.49746692875463727,5.551115123125783e-16,0.09772932458547341,0.09772932458547312,2.914335439641036e-16,0.009591378681081838,0.009591378681081807,3.122502256758253e-17,0.0004885397844161632,0.0004885397844161597,3.469446951953614e-18,1.204123820780786e-05,1.2041238207807746e-05,1.1350241493207625e-19
620,2.257256493794278,0.9405235390809511,0.9405235390809491,1.9984014443252818e-15,0.33483521576493386,0.334835215764932,1.8318679906315083e-15,0.054344673622083235,0.05434467362208268,5.551115123125783e-16,0.0036456231937092957,0.003645623193709212,8.370040771588094e-17,5.008253477589238e-05,5.0082534775887526e-05,4.851804721872632e-18
621,0.9623620338373865,0.4009841807655778,0.40098418076557774,5.551115123125783e-17,0.06053407764986914,0.06053407764986909,5.551115123125783e-17,0.0041023776918005335,0.004102377691800529,4.336808689942018e-18,0.00010840470941294979,0.00010840470941294923,5.55653613398821e-19,2.5390927981661404e-07,2.5390927981659657e-07,1.7470054537119944e-20
622,7.127657704674044,2.969857376947518,2.969857376947518,0.0,3.5026459410836375,3.5026459410836375,0.0,2.085305175848187,2.085305175848187,0.0,0.6561948422287219,0.6561948422287215,4.440892098500626e-16,0.10278101579187027,0.10278101579187,2.636779683484747e-16
623,3.283607799274638,1.3681699163644307,1.3681699163644327,1.9984014443252818e-15,0.7681427536497145,0.768142753649717,2.4424906541753444e-15,0.22620849032687698,0.22620849032687834,1.3600232051658168e-15,0.03679994213033279,0.036799942130333045,2.5673907444456745e-16,0.003131731635390813,0.003131731635390845,3.209238430557093e-17
624,1.8450684835229443,0.7687785348012278,0.7687785348012267,1.1102230246251565e-15,0.24460912810207647,0.24460912810207575,7.216449660063518e-16,0.041238737415532564,0.041238737415532405,1.5959455978986625e-16,0.0038862271679585385,0.003886227167958517,2.168404344971009e-17,0.00019414833324827395,0.00019414833324827245,1.4907779871675686e-18
625,3.869516536965218,1.6122985570688413,1.6122985570688408,4.440892098500626e-16,1.0410500903516762,1.041050090351675,1.1102230246251565e-15,0.34443328768680653,0.34443328768680626,2.7755575615628914e-16,0.061704327082197044,0.0617043270821969,1.457167719820518e-16,0.0056894431791489775,0.005689443179148958,1.9949319973733282e-17
626,10.776277713022065,4.4901157137592005,4.490115713759193,7.105427357601002e-15,7.713092702831449,7.71309270283142,2.842170943040401e-14,6.190081051202542,6.1900810512024975,4.440892098500626e-14,2.2113525542603956,2.2113525542603574,3.8191672047105385e-14,0.2532119675943616,0.25321196759434966,1.1934897514720433e-14
627,3.9120324550026524,1.6300135229177724,1.6300135229177717,6.661338147750939e-16,1.0120135836644466,1.0120135836644457,8.881784197001252e-16,0.28996634573140956,0.2899663457314092,3.3306690738754696e-16,0.035555456254412546,0.03555545625441234,2.0816681711721685e-16,0.0011346731356073828,0.001134673135607364,1.8865117801247777e-17
628,2.45039442375028,1.0209976765626148,1.0209976765626168,1.9984014443252818e-15,0.3960019740380632,0.39600197403806475,1.5543122344752192e-15,0.07050157768953211,0.07050157768953279,6.800116025829084e-16,0.005289163965868618,0.005289163965868714,9.627715291671279e-17,9.366849425178216e-05,9.366849425178831e-05,6.152847328855238e-18
629,5.788488644487492,2.411870268536458,2.4118702685364553,2.6645352591003757e-15,2.211283235350223,2.2112832353502156,7.549516567451064e-15,0.9341824795347262,0.934182479534722,4.218847493575595e-15,0.16893213930011342,0.16893213930011144,1.970645868709653e-15,0.00805646331809641,0.008056463318096105,3.0531133177191805e-16
630,3.275204041195835,1.3646683504982644,1.3646683504982646,2.220446049250313e-16,0.7403031865725314,0.7403031865725319,5.551115123125783e-16,0.20176883463991216,0.2017688346399128,6.38378239159465e-16,0.028636353560203224,0.028636353560203352,1.2836953722228372e-16,0.0019664369104989295,0.001966436910498944,1.431146867680866e-17
631,4.7909664691579765,1.996236028815824,1.9962360288158236,4.440892098500626e-16,1.5679491518440603,1.5679491518440585,1.7763568394002505e-15,0.608724737154926,0.6087247371549249,1.1102230246251565e-15,0.11973237957699871,0.11973237957699837,3.469446951953614e-16,0.01088852489732128,0.010888524897321233,4.683753385137379e-17
632,9.190577977079338,3.829407490449716,3.829407490449724,7.993605777301127e-15,5.579914084906182,5.579914084906209,2.6645352591003757e-14,3.7550295047626716,3.7550295047627125,4.085620730620576e-14,1.0891987173326598,1.089198717332686,2.6201263381153694e-14,0.08671935802772289,0.08671935802772944,6.5503158452884236e-15
633,4.122297994024521,1.7176241641768841,1.717624164176884,2.220446049250313e-16,1.1810470718610324,1.1810470718610317,6.661338147750939e-16,0.4138413404416639,0.41384134044166365,2.220446049250313e-16,0.07748368350133608,0.07748368350133597,1.1102230246251565e-16,0.0073104113596359965,0.007310411359635976,2.0816681711721685e-17
634,6.403095798095577,2.6679565825398255,2.6679565825398237,1.7763568394002505e-15,2.7807128890621664,2.7807128890621615,4.884981308350689e-15,1.4120576939100533,1.4120576939100487,4.6629367034256575e-15,0.35260225321288263,0.3526022532128804,2.220446049250313e-15,0.03827587932226777,0.03827587932226724,5.273559366969494e-16
635,1.1278324951273273,0.4699302063030528,0.4699302063030531,2.7755575615628914e-16,0.08890648874360944,0.08890648874360954,9.71445146547012e-17,0.00858837717019978,0.008588377170199796,1.5612511283791264e-17,0.00044144259225078244,0.00044144259225078347,1.0299920638612292e-18,1.1298046183436882e-05,1.1298046183436903e-05,2.0328790734103208e-20
636,0.9974247042067914,0.41559362675282996,0.41559362675282974,2.220446049250313e-16,0.06683930402450503,0.06683930402450496,6.938893903907228e-17,0.005155752491255828,0.0051557524912558194,8.673617379884035e-18,0.00018967713232476607,0.0001896771323247653,7.860465750519907e-19,2.8311759610258104e-06,2.8311759610257863e-06,2.414043899674756e-20
637,4.607296673754472,1.9197069473976982,1.9197069473976967,1.5543122344752192e-15,1.3976320025726015,1.3976320025725975,3.9968028886505635e-15,0.46569085407075816,0.4656908540707558,2.3869795029440866e-15,0.06487721991512725,0.0648772199151266,6.522560269672795e-16,0.0020242999856039464,0.00202429998560386,8.630249292984615e-17
638,5.932408386071531,2.471836827529801,2.4718368275298044,3.552713678800501e-15,2.360893238536989,2.360893238536997,7.993605777301127e-15,1.076561883718995,1.0765618837190025,7.549516567451064e-15,0.23116898216199847,0.23116898216200188,3.4139358007223564e-15,0.019396868439378906,0.019396868439379534,6.279698983036042e-16
639,5.458458046963866,2.2743575195682815,2.2743575195682775,3.9968028886505635e-15,2.0986368067826295,2.0986368067826207,8.881784197001252e-15,1.001645650423961,1.0016456504239555,5.551115123125783e-15,0.25963931223835013,0.25963931223834763,2.4980018054066022e-15,0.034510872959235044,0.03451087295923462,4.2327252813834093e-16
640,5.133144522075483,2.138810217531449,2.1388102175314514,2.220446049250313e-15,1.7211842704921625,1.7211842704921667,4.218847493575595e-15,0.6217131269584729,0.6217131269584776,4.6629367034256575e-15,0.08774628523632137,0.08774628523632265,1.27675647831893e-15,0.0011755415341051859,0.0011755415341053476,1.6176296413483726e-16
641,2.69512381121258,1.1229682546719097,1.1229682546719084,1.3322676295501878e-15,0.49178581222659234,0.49178581222659107,1.27675647831893e-15,0.10495197281635348,0.10495197281635311,3.608224830031759e-16,0.01106790327451489,0.011067903274514831,5.898059818321144e-17,0.0005152673313811387,0.0005152673313811336,5.095750210681871e-18
642,6.404273691155742,2.668447371314896,2.6684473713148926,3.552713678800501e-15,2.862370347653464,2.862370347653455,8.881784197001252e-15,1.569271550300284,1.5692715503002772,6.8833827526759706e-15,0.4600453858883085,0.4600453858883051,3.3861802251067274e-15,0.06782869799565679,0.06782869799565615,6.38378239159465e-16
643,0.9973058433037986,0.41554410137658243,0.4155441013765827,2.7755575615628914e-16,0.06904378856949334,0.06904378856949339,5.551115123125783e-17,0.0058609293801986945,0.005860929380198709,1.474514954580286e-17,0.0002681257199385618,0.0002681257199385625,7.047314121155779e-19,6.273524115603303e-06,6.273524115603315e-06,1.1858461261560205e-20
644,11.670098042549231,4.862540851062177,4.86254085106218,2.6645352591003757e-15,9.25377727868431,9.25377727868432,8.881784197001252e-15,8.645326332250232,8.645326332250246,1.4210854715202004e-14,4.05357778090134,4.053577780901356,1.5987211554602254e-14,0.8662866139666833,0.8662866139666899,6.661338147750939e-15
645,2.0775420109240166,0.8656425045516742,0.8656425045516735,7.771561172376096e-16,0.2868918020177838,0.2868918020177832,6.106226635438361e-16,0.04450826491273008,0.0445082649127299,1.8041124150158794e-16,0.0030915096420586034,0.0030915096420585696,3.382710778154774e-17,7.056812971210945e-05,7.056812971210726e-05,2.1955093992831465e-18
646,5.363027656592601,2.2345948569135827,2.2345948569135836,8.881784197001252e-16,1.9647804372947006,1.9647804372947015,8.881784197001252e-16,0.8539276843921159,0.8539276843921172,1.3322676295501878e-15,0.18805402789379405,0.18805402789379425,1.942890293094024e-16,0.01915215361460148,0.019152153614601476,3.469446951953614e-18
647,1.5790088107411815,0.6579203378088269,0.6579203378088256,1.2212453270876722e-15,0.17190341094584755,0.17190341094584685,6.938893903907228e-16,0.022489732138546263,0.022489732138546135,1.2836953722228372e-16,0.0015202354859286025,0.0015202354859285886,1.3877787807814457e-17,4.899926933000623e-05,4.899926933000549e-05,7.386127300057499e-19
648,4.968153759493602,2.0700640664556724,2.0700640664556675,4.884981308350689e-15,1.7290991240047902,1.7290991240047813,8.881784197001252e-15,0.7448797347766756,0.7448797347766705,5.10702591327572e-15,0.17444837162786553,0.17444837162786372,1.8041124150158794e-15,0.021058919702932864,0.021058919702932565,2.983724378680108e-16
649,12.069516514892747,5.028965214538646,5.028965214538646,0.0,9.973675317162693,9.973675317162687,5.329070518200751e-15,9.856027181535037,9.856027181535046,8.881784197001252e-15,5.031127141494433,5.031127141494432,8.881784197001252e-16,1.2331778325460878,1.2331778325460885,6.661338147750939e-16
650,3.574481482545663,1.4893672843940255,1.4893672843940262,6.661338147750939e-16,0.9071967171392674,0.9071967171392682,7.771561172376096e-16,0.2895056301526391,0.2895056301526396,4.996003610813204e-16,0.0511198922389136,0.05111989223891368,8.326672684688674e-17,0.0047427244613003775,0.004742724461300386,8.673617379884035e-18
651,5.351089935517532,2.229620806465641,2.229620806465639,2.220446049250313e-15,1.884863812805559,1.8848638128055537,5.329070518200751e-15,0.7297023301927235,0.7297023301927196,3.885780586188048e-15,0.11858495252491387,0.11858495252491215,1.7208456881689926e-15,0.004470483402911053,0.004470483402910793,2.6020852139652106e-16
652,8.971372820280305,3.7380720084501333,3.738072008450127,6.217248937900877e-15,5.337360447538508,5.3373604475384875,2.042810365310288e-14,3.551357613618874,3.551357613618845,2.886579864025407e-14,1.0458954053505383,1.0458954053505176,2.0650148258027912e-14,0.09656813688422415,0.09656813688421917,4.98212582300539e-15
653,2.731354166546566,1.1380642360610698,1.138064236061069,6.661338147750939e-16,0.5220998208092704,0.5220998208092698,6.661338147750939e-16,0.1234696020328819,0.12346960203288182,8.326672684688674e-17,0.01587932739728099,0.01587932739728097,2.0816681711721685e-17,0.0010539013691654203,0.001053901369165418,2.3852447794681098e-18
654,1.3204392171733215,0.5501830071555504,0.5501830071555507,3.3306690738754696e-16,0.11584666872019761,0.11584666872019769,8.326672684688674e-17,0.011397833532029744,0.011397833532029764,1.9081958235744878e-17,0.000498902045650102,0.0004989020456501026,5.421010862427522e-19,6.970550495105622e-06,6.970550495105639e-06,1.6940658945086007e-20
655,11.22355171520568,4.676479881335691,4.6764798813357,8.881784197001252e-15,8.500309684166382,8.500309684166417,3.552713678800501e-14,7.467312576537603,7.4673125765376565,5.3290705182007514e-14,3.177842203499071,3.1778422034991065,3.552713678800501e-14,0.5695300487112244,0.5695300487112358,1.1435297153639112e-14
656,0.7171916759623472,0.2988298649843112,0.29882986498431136,1.6653345369377348e-16,0.03602699329931394,0.03602699329931397,2.7755575615628914e-17,0.0022380598884936894,0.0022380598884936946,5.204170427930421e-18,7.543840655240455e-05,7.54384065524047e-05,1.4907779871675686e-19,1.3068507249226782e-06,1.3068507249226824e-06,4.235164736271502e-21
657,2.3731002011014617,0.9887917504589407,0.9887917504589425,1.7763568394002505e-15,0.3742368610683897,0.3742368610683913,1.609823385706477e-15,0.0663173924056597,0.06631739240566041,7.077671781985373e-16,0.005270674348915242,0.005270674348915351,1.0928757898653885e-16,0.00013890090218717093,0.00013890090218717825,7.318364664277155e-18
658,2.501139793064266,1.0421415804434453,1.0421415804434442,1.1102230246251565e-15,0.43577714257222466,0.43577714257222344,1.2212453270876722e-15,0.0933875044558567,0.09338750445585636,3.3306690738754696e-16,0.010807372156176127,0.01080737215617606,6.591949208711867e-17,0.0006402273337943238,0.0006402273337943183,5.5294310796760726e-18
659,0.7207321081038245,0.30030504504326005,0.3003050450432602,1.6653345369377348e-16,0.035087583777817455,0.035087583777817496,4.163336342344337e-17,0.0019857297495716212,0.001985729749571629,7.806255641895632e-18,5.4721792740101814e-05,5.4721792740102004e-05,1.8973538018496328e-19,6.43057649319893e-07,6.430576493198964e-07,3.3881317890172014e-21
660,8.914335256429998,3.714306356845834,3.7143063568458325,1.3322676295501878e-15,5.199253599132421,5.199253599132413,7.993605777301127e-15,3.2817411479860605,3.281741147986056,4.440892098500626e-15,0.823933022012905,0.8239330220128988,6.217248937900877e-15,0.027378419046319616,0.02737841904631795,1.6653345369377348e-15
661,5.3231047773420865,2.2179603238925396,2.217960323892536,3.552713678800501e-15,1.9726303675869188,1.9726303675869115,7.327471962526033e-15,0.899266822895189,0.8992668228951849,4.107825191113079e-15,0.2216897967596277,0.2216897967596261,1.582067810090848e-15,0.028049256705796027,0.028049256705795764,2.636779683484747e-16
662,3.7542708427414766,1.5642795178089517,1.5642795178089486,3.1086244689504383e-15,0.9937336395260754,0.9937336395260711,4.3298697960381105e-15,0.3264600421265054,0.32646004212650365,1.7763568394002505e-15,0.058136475609245786,0.058136475609245314,4.718447854656915e-16,0.005288601827535532,0.00528860182753547,6.158268339717665e-17
663,4.377383976376958,1.8239099901570688,1.8239099901570661,2.6645352591003757e-15,1.2945162784572437,1.2945162784572384,5.329070518200751e-15,0.44579456502596976,0.44579456502596676,2.9976021664879227e-15,0.0751647742501192,0.07516477425011822,9.853229343548264e-16,0.005483022453235957,0.005483022453235819,1.3791051634015616e-16
664,3.6518112891090615,1.5215880371287753,1.5215880371287756,2.220446049250313e-16,0.9269753096522058,0.9269753096522062,4.440892098500626e-16,0.28859782694359315,0.2885978269435934,2.7755575615628914e-16,0.048346569131369574,0.04834656913136956,1.3877787807814457e-17,0.00412820251346169,0.004128202513461686,4.336808689942018e-18
665,14.370980692996062,5.987908622081701,5.987908622081692,8.881784197001252e-15,13.659057410598027,13.65905741059797,5.684341886080802e-14,14.424196134480066,14.424196134479962,1.0480505352461478e-13,6.609324168241635,6.6093241682415345,1.0036416142611415e-13,0.8608763402986297,0.860876340298594,3.574918139293004e-14
666,4.4442797965679,1.8517832485699566,1.8517832485699586,1.9984014443252818e-15,1.3266592675891777,1.3266592675891813,3.552713678800501e-15,0.45382881433545896,0.4538288143354614,2.4424906541753444e-15,0.07288534366752979,0.07288534366753048,6.938893903907228e-16,0.0045131573820658905,0.004513157382065978,8.760353553682876e-17
667,6.182345547390929,2.575977311412882,2.575977311412887,4.884981308350689e-15,2.495274356339227,2.4952743563392374,1.0658141036401503e-14,1.08287529863047,1.0828752986304813,1.1324274851176597e-14,0.1821561717099382,0.18215617170994267,4.468647674116255e-15,0.00236424160034385,0.002364241600344518,6.678685382510707e-16
668,13.729334601477547,5.720556083948983,5.720556083948979,4.440892098500626e-15,12.834060040424358,12.834060040424339,1.9539925233402755e-14,14.19396574374218,14.193965743742151,2.842170943040401e-14,7.94497517639604,7.944975176395997,4.3520742565306136e-14,2.0599768075159592,2.059976807515942,1.7319479184152442e-14
669,0.8446801420419064,0.3519500591841278,0.3519500591841277,1.1102230246251565e-16,0.04670645595707376,0.04670645595707367,9.020562075079397e-17,0.002798545536463605,0.0027985455364635957,9.107298248878237e-18,6.700457227602743e-05,6.70045722760269e-05,5.285485590866834e-19,2.2689259819779224e-07,2.268925981977799e-07,1.2334917294390749e-20
670,3.0449539647025032,1.2687308186260466,1.268730818626043,3.552713678800501e-15,0.6391601187667046,0.6391601187667003,4.3298697960381105e-15,0.16224695864513114,0.16224695864512947,1.6653345369377348e-15,0.021666345741005136,0.021666345741004785,3.5041414214731503e-16,0.0014283606853668371,0.0014283606853668055,3.165870343657673e-17
671,2.67660006203828,1.1152500258492815,1.1152500258492835,1.9984014443252818e-15,0.4829472922585437,0.4829472922585453,1.609823385706477e-15,0.10090644355556169,0.1009064435555625,8.049116928532385e-16,0.010180935940399937,0.010180935940400067,1.3010426069826053e-16,0.00042949052867385224,0.0004294905286738616,9.378348791999613e-18
672,5.1385943252217015,2.141080968842374,2.1410809688423753,1.3322676295501878e-15,1.725636991840168,1.725636991840169,1.1102230246251565e-15,0.6253831104611458,0.6253831104611474,1.5543122344752192e-15,0.0892444533445702,0.08924445334457037,1.8041124150158794e-16,0.001425531934512933,0.0014255319345129551,2.211772431870429e-17
673,3.320876240077689,1.3836984333657063,1.3836984333657036,2.6645352591003757e-15,0.7635636155330692,0.763563615533066,3.219646771412954e-15,0.21296335908653263,0.2129633590865313,1.3322676295501878e-15,0.03125884696833439,0.03125884696833408,3.122502256758253e-16,0.0022578683046320914,0.0022578683046320606,3.0791341698588326e-17
674,1.3072840084285127,0.5447016701785479,0.544701670178547,8.881784197001252e-16,0.11743680521653604,0.11743680521653561,4.3021142204224816e-16,0.012688091923550885,0.01268809192355081,7.45931094670027e-17,0.0007145637667582427,0.0007145637667582363,6.396792817664476e-18,1.9591053480269705e-05,1.9591053480269444e-05,2.608861477543245e-19
675,1.6025304223721077,0.667721009321711,0.6677210093217116,6.661338147750939e-16,0.1818230431364909,0.18182304313649117,2.7755575615628914e-16,0.02586357921666248,0.02586357921666256,7.979727989493313e-17,0.002029919071092774,0.002029919071092782,8.239936510889834e-18,8.348538050288077e-05,8.348538050288113e-05,3.6591823321385775e-19
676,2.620547315869614,1.0918947149456717,1.0918947149456724,6.661338147750939e-16,0.47041223190744813,0.47041223190744896,8.326672684688674e-16,0.10086708589688928,0.10086708589688965,3.7470027081099033e-16,0.011123077102437736,0.011123077102437802,6.591949208711867e-17,0.0005835061525507178,0.0005835061525507234,5.5294310796760726e-18
677,3.348029918760961,1.3950124661503998,1.3950124661504004,6.661338147750939e-16,0.7426068810160302,0.7426068810160315,1.2212453270876722e-15,0.1837968291942511,0.18379682919425175,6.38378239159465e-16,0.020002649758075593,0.020002649758075735,1.4224732503009818e-16,0.000662139491612924,0.0006621394916129386,1.452830911130576e-17
678,3.823268776273716,1.5930286567807157,1.593028656780715,6.661338147750939e-16,0.9900101685825455,0.990010168582544,1.5543122344752192e-15,0.29896757894014214,0.29896757894014137,7.771561172376096e-16,0.04415106101235275,0.04415106101235254,2.0816681711721685e-16,0.0027996066909185178,0.00279960669091849,2.7755575615628914e-17
679,10.807363755246676,4.5030682313527866,4.503068231352781,5.329070518200751e-15,8.036049994649531,8.03604999464951,2.1316282072803006e-14,7.202654191870812,7.202654191870786,2.5757174171303632e-14,3.3781428398083917,3.3781428398083677,2.398081733190338e-14,0.7760054913020931,0.7760054913020847,8.326672684688674e-15
680,6.951310836286414,2.8963795151193423,2.896379515119339,3.1086244689504383e-15,3.216858338669976,3.2168583386699687,7.105427357601002e-15,1.6796341300672877,1.679634130067282,5.773159728050814e-15,0.39771255666601063,0.3977125566660083,2.3314683517128287e-15,0.0325995191798342,0.03259951917983377,4.2327252813834093e-16
681,2.0446626246785495,0.8519427602827293,0.851942760282729,3.3306690738754696e-16,0.27602103009754275,0.2760210300975423,4.440892098500626e-16,0.041214537552158204,0.04121453755215811,9.020562075079397e-17,0.002632283979196743,0.002632283979196726,1.691355389077387e-17,4.4006647493633036e-05,4.4006647493632026e-05,1.009663273127126e-18
682,1.649869966141841,0.6874458192257666,0.6874458192257673,6.661338147750939e-16,0.17859078220682686,0.1785907822068272,3.3306690738754696e-16,0.02107562929171395,0.02107562929171404,9.020562075079397e-17,0.0010162448810516946,0.0010162448810517033,8.673617379884035e-18,9.042016295615017e-06,9.042016295615359e-06,3.4220131069073734e-19
683,1.4489108999377012,0.6037128749740415,0.6037128749740421,6.661338147750939e-16,0.13766505302751356,0.13766505302751392,3.608224830031759e-16,0.014234553776129873,0.014234553776129958,8.500145032286355e-17,0.0005971596316406659,0.0005971596316406739,8.023096076392733e-18,4.278146061423225e-06,4.278146061423494e-06,2.693564772268675e-19
684,0.7103979997853641,0.29599916657723546,0.2959991665772351,3.885780586188048e-16,0.03366219078569321,0.03366219078569309,1.249000902703301e-16,0.0018016923287363256,0.0018016923287363113,1.431146867680866e-17,4.3661539270888884e-05,4.366153927088812e-05,7.657177843178875e-19,3.6137260122215077e-07,3.613726012221355e-07,1.52995326097808e-20
685,4.7390823378016345,1.9746176407506786,1.9746176407506808,2.220446049250313e-15,1.489192765400317,1.4891927654003214,4.440892098500626e-15,0.5210724557481923,0.5210724557481956,3.3306690738754696e-15,0.07917501673224536,0.07917501673224663,1.2628786905111156e-15,0.0033917680965656217,0.0033917680965657843,1.6263032587282567e-16
686,0.36865470312658255,0.15360612630274312,0.15360612630274276,3.608224830031759e-16,0.009313293618703282,0.009313293618703226,5.551115123125783e-17,0.00027959379449366575,0.0002795937944936632,2.5478751053409354e-18,4.246867035772513e-06,4.246867035772441e-06,7.199780051661553e-20,2.961015893955909e-08,2.961015893955826e-08,8.304893350032398e-22
687,2.1523280442332586,0.8968033517638595,0.8968033517638578,1.6653345369377348e-15,0.30306698048561925,0.3030669804856177,1.5543122344752192e-15,0.046125317898968496,0.046125317898968086,4.0939474033052647e-16,0.0027746976096811606,0.002774697609681101,5.941427905220564e-17,1.9739539519232508e-05,1.973953951922927e-05,3.2390539903004445e-18
688,6.171469110540291,2.571445462725118,2.571445462725122,3.9968028886505635e-15,2.6888516680238004,2.6888516680238066,6.217248937900877e-15,1.4626427313299364,1.4626427313299437,7.327471962526033e-15,0.43654560813261795,0.4365456081326211,3.164135620181696e-15,0.06780729142868125,0.06780729142868201,7.632783294297951e-16
689,2.0029246074720852,0.8345519197800358,0.8345519197800356,2.220446049250313e-16,0.2774425831070477,0.2774425831070473,4.440892098500626e-16,0.046807413828971,0.046807413828970974,2.7755575615628914e-17,0.004209954612654861,0.004209954612654853,7.806255641895632e-18,0.00019078973444291547,0.0001907897344429148,6.776263578034403e-19
690,8.550521962013976,3.5627174841724942,3.56271748417249,4.440892098500626e-15,4.837937623857913,4.837937623857896,1.687538997430238e-14,3.0393314983403914,3.0393314983403754,1.5987211554602254e-14,0.824458493629783,0.8244584936297736,9.325873406851315e-15,0.06151560510253389,0.06151560510253181,2.0816681711721685e-15
691,2.376915324515727,0.9903813852148862,0.9903813852148863,1.1102230246251565e-16,0.382172873064213,0.38217287306421294,5.551115123125783e-17,0.07175179031709056,0.07175179031709056,0.0,0.006636011792889146,0.006636011792889142,3.469446951953614e-18,0.0002691891103528311,0.0002691891103528316,4.87890977618477e-19
692,1.1036512197334076,0.4598546748889206,0.45985467488891985,7.771561172376096e-16,0.07991964972143266,0.07991964972143235,3.0531133177191805e-16,0.006307370359889217,0.0063073703598891745,4.2500725161431774e-17,0.000203000749986218,0.0002030007499862149,3.0899761915836876e-18,1.1785694641102147e-06,1.1785694641101342e-06,8.046812998915853e-20
693,3.2005523154568882,1.3335634647737045,1.3335634647737036,8.881784197001252e-16,0.6971655562338493,0.6971655562338477,1.6653345369377348e-15,0.17895583717915622,0.17895583717915559,6.38378239159465e-16,0.022981037405404386,0.022981037405404213,1.734723475976807e-16,0.0013320827934448474,0.0013320827934448275,1.9949319973733282e-17
694,2.6591440985931594,1.1079767077471478,1.1079767077471498,1.9984014443252818e-15,0.46494403638639303,0.46494403638639487,1.8318679906315083e-15,0.089078647597468,0.08907864759746886,8.604228440844963e-16,0.007089514173916536,0.007089514173916684,1.48318857196017e-16,0.00012057001122184669,0.00012057001122185777,1.1085967213664283e-17
695,0.40228170019380555,0.167617375080752,0.1676173750807523,3.0531133177191805e-16,0.011622879401350764,0.011622879401350806,4.163336342344337e-17,0.0004266470360457102,0.0004266470360457131,2.927345865710862e-18,8.741609112093592e-06,8.741609112093671e-06,7.962109704190423e-20,9.476729855127676e-08,9.476729855127774e-08,9.793818452627848e-22
696,1.7472302323964455,0.7280125968318532,0.7280125968318524,7.771561172376096e-16,0.2053108823492416,0.20531088234924103,5.828670879282072e-16,0.027815566268791767,0.027815566268791628,1.3877787807814457e-16,0.001802969179738947,0.0018029691797389314,1.5612511283791264e-17,4.7769363256610735e-05,4.7769363256609915e-05,8.199278929421627e-19
697,1.3120348698110273,0.5466811957545956,0.5466811957545947,8.881784197001252e-16,0.11506732823301605,0.11506732823301559,4.579669976578771e-16,0.011488746620974068,0.011488746620974,6.765421556309548e-17,0.0005324954344208342,0.0005324954344208275,6.7220534694101275e-18,9.2576048109488e-06,9.257604810948578e-06,2.219226321806267e-19
698,8.353885953363575,3.4807858139014973,3.4807858139014893,7.993605777301127e-15,4.829586291983851,4.829586291983826,2.4868995751603507e-14,3.3842058115633518,3.3842058115633273,2.4424906541753444e-14,1.2463889881533512,1.246388988153337,1.4210854715202004e-14,0.22545691109959462,0.22545691109959062,3.9968028886505635e-15
699,5.889156207908669,2.4538150866286115,2.453815086628612,4.440892098500626e-16,2.379768254109565,2.379768254109565,0.0,1.1483577921576031,1.1483577921576034,2.220446049250313e-16,0.2837658669740477,0.2837658669740475,2.220446049250313e-16,0.032997409272207734,0.03299740927220762,1.1102230246251565e-16
700,1.4556786237387236,0.6065327598911363,0.6065327598911349,1.4432899320127035e-15,0.14714028215653358,0.1471402821565328,7.771561172376096e-16,0.01820526595423853,0.018205265954238374,1.5612511283791264e-16,0.0012079788421050356,0.00120797884210502,1.5612511283791264e-17,4.066357933648318e-05,4.066357933648242e-05,7.589415207398531e-19
701,3.064573460763536,1.2769056086514732,1.2769056086514734,2.220446049250313e-16,0.6231884286513714,0.6231884286513714,0.0,0.14142027473960564,0.14142027473960564,0.0,0.01403777210364809,0.014037772103648063,2.7755575615628914e-17,0.0004086356455234644,0.0004086356455234614,2.9815559743351372e-18
702,4.222798256373946,1.759499273489145,1.7594992734891444,6.661338147750939e-16,1.2665982105801805,1.266598210580179,1.5543122344752192e-15,0.47793226507404124,0.47793226507404063,6.106226635438361e-16,0.09985154857386773,0.09985154857386745,2.7755575615628914e-16,0.010969457563365039,0.010969457563364992,4.683753385137379e-17
703,2.4011537709906494,1.0004807379127711,1.0004807379127705,6.661338147750939e-16,0.37816043752017037,0.37816043752016976,6.106226635438361e-16,0.0648061482036234,0.06480614820362317,2.3592239273284576e-16,0.004498775690934966,0.004498775690934925,4.163336342344337e-17,5.215265649993367e-05,5.215265649993096e-05,2.710505431213761e-18
704,4.763324538772369,1.9847185578218212,1.9847185578218207,4.440892098500626e-16,1.495836757998059,1.4958367579980578,1.1102230246251565e-15,0.5181180838854594,0.5181180838854591,3.3306690738754696e-16,0.07617489844299905,0.07617489844299914,9.71445146547012e-17,0.002801407586333969,0.002801407586333983,1.3877787807814457e-17
705,1.3683248494715274,0.5701353539464694,0.5701353539464697,3.3306690738754696e-16,0.12334086455687904,0.12334086455687925,2.0816681711721685e-16,0.01222329128341482,0.012223291283414858,3.8163916471489756e-17,0.0005077389485353574,0.0005077389485353604,2.927345865710862e-18,4.805597200156125e-06,4.8055972001562354e-06,1.1011428314305904e-19
706,3.452816805131495,1.4386736688047908,1.4386736688047894,1.3322676295501878e-15,0.8024619905328121,0.8024619905328102,1.887379141862766e-15,0.2154042052712728,0.21540420527127213,6.661338147750939e-16,0.027776276974720356,0.027776276974720137,2.185751579730777e-16,0.0014794254734854676,0.0014794254734854424,2.5153490401663703e-17
707,4.400206555155878,1.8334193979816162,1.8334193979816162,0.0,1.3271164622989287,1.3271164622989273,1.3322676295501878e-15,0.47602181640375235,0.47602181640375163,7.216449660063518e-16,0.08655575197714875,0.08655575197714821,5.412337245047638e-16,0.007253790712497767,0.0072537907124976975,6.938893903907228e-17
708,1.8773192535008452,0.7822163556253535,0.7822163556253522,1.3322676295501878e-15,0.2305034562938747,0.23050345629387373,9.71445146547012e-16,0.030616285087413896,0.030616285087413642,2.5326962749261384e-16,0.0016166847984065832,0.0016166847984065503,3.2959746043559335e-17,1.12661736117959e-05,1.1266173611794042e-05,1.8566962203814263e-18
709,5.296238938081213,2.2067662242005017,2.2067662242005053,3.552713678800501e-15,1.8321616442139002,1.8321616442139068,6.661338147750939e-15,0.6820325229563335,0.6820325229563398,6.217248937900877e-15,0.09863134569292975,0.0986313456929321,2.345346139520643e-15,0.0011602022570035737,0.0011602022570038873,3.135512682828079e-16
710,3.6412834109516936,1.517201421229875,1.5172014212298723,2.6645352591003757e-15,0.8937184207970423,0.893718420797039,3.3306690738754696e-15,0.2542019865235304,0.2542019865235288,1.5543122344752192e-15,0.03501639749590243,0.03501639749590214,2.8449465006019636e-16,0.0020339460157142004,0.002033946015714167,3.3393426912553537e-17
711,4.530651831606578,1.8877715965027437,1.887771596502741,2.6645352591003757e-15,1.359893418715573,1.3598934187155676,5.329070518200751e-15,0.45546563199515916,0.45546563199515644,2.7200464103316335e-15,0.06707383530569247,0.06707383530569155,9.159339953157541e-16,0.00300345797186089,0.0030034579718607795,1.1058862159352145e-16
712,4.226489680110341,1.7610373667126407,1.761037366712642,1.3322676295501878e-15,1.1876664056811446,1.1876664056811468,2.220446049250313e-15,0.3754339753994257,0.37543397539942736,1.6653345369377348e-15,0.053382530271469705,0.05338253027147009,3.8163916471489756e-16,0.0025461228264734405,0.002546122826473485,4.466912950640278e-17
713,5.6006722909696895,2.333613454570703,2.333613454570704,8.881784197001252e-16,2.1883925541346914,2.1883925541346936,2.220446049250313e-15,1.0465136457906823,1.0465136457906827,4.440892098500626e-16,0.2661952590825562,0.2661952590825561,1.1102230246251565e-16,0.03374695831598419,0.03374695831598419,0.0
714,5.207501273886913,2.1697921974528804,2.169792197452881,4.440892098500626e-16,1.7762831038338367,1.7762831038338354,1.3322676295501878e-15,0.6578472263586257,0.6578472263586254,3.3306690738754696e-16,0.09812460934206979,0.09812460934206921,5.828670879282072e-16,0.002303295833693295,0.0023032958336932055,8.933825901280557e-17
715,7.366511202607905,3.0693796677532874,3.069379667753294,6.661338147750939e-15,3.8227577149491205,3.822757714949137,1.6431300764452317e-14,2.4609268418696817,2.460926841869701,1.9095836023552692e-14,0.8588101087217757,0.8588101087217856,9.992007221626409e-15,0.1532001286460563,0.15320012864605873,2.4147350785597155e-15
716,1.2575818005326926,0.523992416888623,0.5239924168886219,1.1102230246251565e-15,0.11074195390928174,0.1107419539092813,4.440892098500626e-16,0.011992110447909743,0.011992110447909685,5.724587470723463e-17,0.0006951640348585544,0.0006951640348585491,5.312590645178972e-18,2.0251873689550787e-05,2.0251873689550543e-05,2.439454888092385e-19
717,1.0403987540826864,0.433499480867785,0.4334994808677861,1.1102230246251565e-15,0.07255832151418729,0.07255832151418766,3.7470027081099033e-16,0.005794126981590502,0.005794126981590569,6.765421556309548e-17,0.00021777248313299894,0.00021777248313300339,4.445228907190568e-18,3.1988960599423447e-06,3.1988960599424688e-06,1.24090326772755e-19
718,4.468129602278905,1.861720667616213,1.8617206676162106,2.4424906541753444e-15,1.3100156032418564,1.3100156032418524,3.9968028886505635e-15,0.4188820660106742,0.4188820660106716,2.55351295663786e-15,0.05479114555505458,0.0547911455550537,8.81239525796218e-16,0.00133761313704048,0.0013376131370403809,9.90960785651751e-17
719,3.045876468454199,1.2691151951892512,1.2691151951892494,1.7763568394002505e-15,0.6130990016300266,0.6130990016300246,1.9984014443252818e-15,0.13691710520425032,0.13691710520424957,7.494005416219807e-16,0.013217855308286541,0.013217855308286406,1.3530843112619095e-16,0.0003560108643927027,0.0003560108643926918,1.089623183347932e-17
720,8.373399960478197,3.488916650199241,3.4889166501992492,8.43769498715119e-15,4.671328429286657,4.671328429286682,2.4868995751603507e-14,2.945601676156039,2.9456016761560724,3.3306690738754696e-14,0.8464203244358517,0.8464203244358699,1.8207657603852567e-14,0.08571285501898952,0.08571285501899381,4.288236432614667e-15
721,4.578899288698645,1.907874703624438,1.9078747036244355,2.4424906541753444e-15,1.41155091198008,1.411550911980075,4.884981308350689e-15,0.5007174886569589,0.5007174886569564,2.4424906541753444e-15,0.0841295581747189,0.08412955817471802,8.743006318923108e-16,0.005583798972107165,0.005583798972107051,1.1362438767648086e-16
722,5.637656414761948,2.3490235061508122,2.3490235061508122,0.0,2.1131545340233613,2.11315453402336,1.3322676295501878e-15,0.8907250905131409,0.8907250905131404,4.440892098500626e-16,0.16864672432806221,0.1686467243280617,5.273559366969494e-16,0.010643158358142687,0.010643158358142585,1.0234868508263162e-16
723,0.6663021801389597,0.2776259083912334,0.27762590839123324,1.6653345369377348e-16,0.029833301406082143,0.02983330140608209,5.204170427930421e-17,0.0015379117265171243,0.0015379117265171213,3.0357660829594124e-18,3.7819786383373294e-05,3.7819786383373104e-05,1.8973538018496328e-19,3.774341052837092e-07,3.7743410528370535e-07,3.864587821847745e-21
724,4.302684025586782,1.7927850106611596,1.7927850106611591,4.440892098500626e-16,1.2520090522722653,1.2520090522722638,1.5543122344752192e-15,0.42518157177190086,0.42518157177189997,8.881784197001252e-16,0.07104519625652696,0.07104519625652658,3.7470027081099033e-16,0.005193266459388241,0.005193266459388182,5.898059818321144e-17
725,1.9505558343068874,0.8127315976278708,0.8127315976278698,9.992007221626409e-16,0.2677224871195109,0.26772248711951013,7.771561172376096e-16,0.0455540468310774,0.04555404683107721,1.942890293094024e-16,0.004201849397420127,0.004201849397420103,2.42861286636753e-17,0.0001982668967357472,0.0001982668967357455,1.7076184216646695e-18
726,3.975823656036475,1.6565931900151984,1.6565931900151978,6.661338147750939e-16,1.0666304349184443,1.066630434918443,1.3322676295501878e-15,0.3311914847903047,0.33119148479030425,4.440892098500626e-16,0.04944084762714705,0.049440847627146824,2.2898349882893854e-16,0.003040430496271606,0.0030404304962715666,3.946495907847236e-17
727,0.6359320879895056,0.2649717033289613,0.2649717033289607,6.106226635438361e-16,0.027706678728688067,0.02770667872868791,1.5612511283791264e-16,0.0014384507487508452,0.0014384507487508306,1.452830911130576e-17,3.811998887273213e-05,3.8119988872731556e-05,5.759824041329242e-19,4.730113046727812e-07,4.7301130467276904e-07,1.2176098616780567e-20
728,8.100695667783798,3.3752898615765825,3.375289861576582,4.440892098500626e-16,4.417925910612526,4.417925910612522,4.440892098500626e-15,2.783404415596052,2.7834044155960473,4.440892098500626e-15,0.8424879310051302,0.8424879310051272,2.9976021664879227e-15,0.10531054202769444,0.10531054202769333,1.1102230246251565e-15
729,1.4958845228933033,0.6232852178722107,0.6232852178722097,9.992007221626409e-16,0.15068439598298328,0.15068439598298275,5.273559366969494e-16,0.01751433669635643,0.017514336696356325,1.0408340855860843e-16,0.0009733442889466266,0.0009733442889466148,1.1817803680091998e-17,2.2007445533006102e-05,2.200744553300553e-05,5.72594272343907e-19
730,9.69674734233423,4.040311392639268,4.040311392639262,5.329070518200751e-15,6.328047827100419,6.328047827100404,1.509903313490213e-14,4.747608002548833,4.7476080025488105,2.220446049250313e-14,1.68303178218815,1.6830317821881373,1.2656542480726785e-14,0.2340047555579053,0.23400475555790176,3.524958103184872e-15
731,7.371633732987288,3.0715140554113756,3.07151405541137,5.773159728050814e-15,3.689075671192227,3.689075671192209,1.8207657603852567e-14,2.1715417660524543,2.171541766052436,1.8207657603852567e-14,0.6394237191680154,0.6394237191680059,9.547918011776346e-15,0.08527146733248564,0.0852714673324834,2.2343238370581275e-15
732,9.692866487422599,4.03869436975942,4.038694369759416,3.552713678800501e-15,6.339708229097176,6.339708229097158,1.7763568394002505e-14,4.798422415223467,4.7984224152234445,2.220446049250313e-14,1.7451033240177736,1.7451033240177531,2.042810365310288e-14,0.2609943085350878,0.26099430853508143,6.38378239159465e-15
733,3.957028816220152,1.6487620067583986,1.6487620067583968,1.7763568394002505e-15,1.0332473889345737,1.0332473889345704,3.3306690738754696e-15,0.29811395666285556,0.2981139566628535,2.0539125955565396e-15,0.036687938432382744,0.036687938432382126,6.175615574477433e-16,0.0011629732708049528,0.0011629732708048823,7.047314121155779e-17
734,4.949318375666361,2.0622159898609813,2.062215989860984,2.6645352591003757e-15,1.7190544520891753,1.71905445208918,4.6629367034256575e-15,0.7386204525504061,0.7386204525504102,4.107825191113079e-15,0.1718279715559568,0.17182797155595805,1.2490009027033011e-15,0.020445745510780027,0.020445745510780204,1.7694179454963432e-16
735,6.518344226392724,2.7159767609969716,2.7159767609969685,3.1086244689504383e-15,2.967581530928002,2.967581530927993,8.881784197001252e-15,1.6557505487760942,1.6557505487760873,6.8833827526759706e-15,0.49223555819921855,0.4922355581992156,2.942091015256665e-15,0.07309145133729615,0.07309145133729554,6.106226635438361e-16
736,3.8911793655733202,1.6213247356555518,1.6213247356555502,1.5543122344752192e-15,1.0182620230830302,1.018262023083027,3.1086244689504383e-15,0.3072479040859663,0.30724790408596514,1.1657341758564144e-15,0.04437273235438503,0.04437273235438466,3.7470027081099033e-16,0.0026227678249648874,0.0026227678249648484,3.903127820947816e-17
737,4.3135355428446935,1.797306476185287,1.797306476185289,1.9984014443252818e-15,1.2435353341375848,1.243535334137588,3.3306690738754696e-15,0.40784153095906883,0.4078415309590711,2.275957200481571e-15,0.06195320478165449,0.06195320478165508,5.898059818321144e-16,0.003502209344235032,0.0035022093442351144,8.239936510889834e-17
738,5.75061150445819,2.3960881268575824,2.3960881268575793,3.1086244689504383e-15,2.1610527613705903,2.1610527613705814,8.881784197001252e-15,0.8756040077425151,0.8756040077425095,5.662137425588298e-15,0.13902183315379213,0.13902183315378955,2.581268532253489e-15,0.0022250180088167677,0.002225018008816412,3.5561831257524545e-16
739,5.604948622970591,2.3353952595710767,2.3353952595710794,2.6645352591003757e-15,2.0581079028240956,2.058107902824102,6.217248937900877e-15,0.8188168545713308,0.818816854571337,6.217248937900877e-15,0.12965836954226093,0.12965836954226312,2.192690473634684e-15,0.0026900034560101787,0.002690003456010511,3.3219954564955856e-16
740,0.923528718244183,0.38480363260174244,0.3848036326017429,4.440892098500626e-16,0.060189865404470085,0.060189865404470216,1.3183898417423734e-16,0.00489084825597529,0.0048908482559753075,1.734723475976807e-17,0.00021746684824542242,0.0002174668482454235,1.0842021724855044e-18,5.012294540800101e-06,5.012294540800128e-06,2.710505431213761e-20
741,8.102860717100134,3.3761919654583847,3.376191965458389,4.440892098500626e-15,4.689585042232491,4.689585042232503,1.1546319456101628e-14,3.427200080847304,3.4272000808473195,1.554312234475219e-14,1.3886136553691546,1.3886136553691621,7.549516567451064e-15,0.2955307727238234,0.2955307727238254,1.9984014443252818e-15
742,2.608393710311239,1.0868307126296834,1.086830712629683,4.440892098500626e-16,0.47140151560494353,0.47140151560494303,4.996003610813204e-16,0.10330308199404326,0.1033030819940431,1.5265566588595902e-16,0.011886647272438869,0.011886647272438818,5.0306980803327406e-17,0.0006697967380497811,0.0006697967380497773,3.7947076036992655e-18
743,3.157690961353397,1.31570456723058,1.3157045672305823,2.220446049250313e-15,0.6923517033668996,0.692351703366902,2.4424906541753444e-15,0.18480917049729656,0.18480917049729798,1.4155343563970746e-15,0.02608361007475367,0.026083610074753953,2.8449465006019636e-16,0.0018225917969764158,0.001822591796976445,2.927345865710862e-17
744,3.81679186857488,1.590329945239531,1.590329945239533,1.9984014443252818e-15,0.9755616816019712,0.9755616816019742,2.9976021664879227e-15,0.28505860436372954,0.28505860436373154,1.9984014443252818e-15,0.03907991465106681,0.039079914651067284,4.718447854656915e-16,0.00207661532256215,0.0020766153225622017,5.160802341031001e-17
745,3.6326592968981304,1.5136080403742205,1.513608040374221,4.440892098500626e-16,0.8908945210578749,0.8908945210578756,6.661338147750939e-16,0.2537341102373143,0.2537341102373146,3.3306690738754696e-16,0.0351139264388419,0.035113926438841994,9.71445146547012e-17,0.0020620095733563256,0.002062009573356334,8.239936510889834e-18
746,2.826117282078925,1.1775488675328862,1.1775488675328856,6.661338147750939e-16,0.537705665079586,0.5377056650795848,1.1102230246251565e-15,0.1177230333693205,0.11772303336931998,5.134781488891349e-16,0.0122087532248985,0.012208753224898398,1.0234868508263162e-16,0.0005003114102179135,0.0005003114102179033,1.0191500421363742e-17
747,2.419670995362063,1.0081962480675288,1.0081962480675262,2.6645352591003757e-15,0.39334667630763165,0.39334667630762926,2.3869795029440866e-15,0.07328868414945269,0.073288684149452,6.938893903907228e-16,0.0064101920072823625,0.006410192007282229,1.3357370765021415e-16,0.00021596351476682441,0.00021596351476681558,8.836247705756861e-18
748,4.601882403245796,1.917451001352414,1.917451001352415,1.1102230246251565e-15,1.5081192150637444,1.5081192150637461,1.7763568394002505e-15,0.6226700104789841,0.622670010478985,8.881784197001252e-16,0.14233991131623164,0.1423399113162318,1.6653345369377348e-16,0.017084274066135573,0.01708427406613559,1.734723475976807e-17
749,3.9167219903972326,1.6319674959988477,1.631967495998847,6.661338147750939e-16,1.0529777851248636,1.0529777851248623,1.3322676295501878e-15,0.3385434830209819,0.33854348302098114,7.771561172376096e-16,0.05594217773694418,0.05594217773694391,2.706168622523819e-16,0.004381890801470754,0.0043818908014707225,3.122502256758253e-17
750,5.035972231439785,2.098321763099913,2.0983217630999107,2.220446049250313e-15,1.6574164925777672,1.657416492577761,6.217248937900877e-15,0.5880038423124341,0.5880038423124293,4.773959005888173e-15,0.08162634259156344,0.08162634259156167,1.7763568394002505e-15,0.0011019793193500918,0.001101979319349833,2.5890747878953846e-16
751,2.969297064924713,1.2372071103852962,1.237207110385297,8.881784197001252e-16,0.6026661586245741,0.6026661586245748,7.771561172376096e-16,0.1456080464345379,0.14560804643453829,3.885780586188048e-16,0.01798732150485024,0.017987321504850256,1.734723475976807e-17,0.0010469448713937822,0.0010469448713937867,4.553649124439119e-18
752,1.6678728824368005,0.6949470343486661,0.694947034348667,8.881784197001252e-16,0.18469335860368133,0.18469335860368197,6.38378239159465e-16,0.022912378031581988,0.02291237803158217,1.8388068845354155e-16,0.0012621706265733802,0.001262170626573403,2.2768245622195593e-17,2.2049648975359422e-05,2.2049648975360554e-05,1.1316360175317453e-18
753,7.412088062531437,3.0883700260547657,3.0883700260547653,4.440892098500626e-16,3.637472370264694,3.637472370264694,0.0,1.9890953315170206,1.9890953315170246,3.9968028886505635e-15,0.4763072380507297,0.47630723805073144,1.7208456881689926e-15,0.03400893639391128,0.034008936393911705,4.2327252813834093e-16
754,5.482224579470653,2.2842602414461077,2.2842602414461055,2.220446049250313e-15,2.0896556179493793,2.089655617949373,6.217248937900877e-15,0.9708501457896599,0.970850145789656,3.885780586188048e-15,0.23871411164190515,0.23871411164190345,1.6930901125533637e-15,0.029074164654350636,0.029074164654350296,3.400058012914542e-16
755,10.54565467921165,4.394022783004849,4.394022783004854,5.329070518200751e-15,7.843335667505517,7.843335667505536,1.865174681370263e-14,7.251045677172694,7.251045677172731,3.6415315207705135e-14,3.6453052900491505,3.645305290049173,2.2648549702353193e-14,0.9408574500449024,0.9408574500449108,8.43769498715119e-15
756,3.2048317402713193,1.335346558446385,1.335346558446383,1.9984014443252818e-15,0.6925462200514692,0.6925462200514669,2.220446049250313e-15,0.1735415896441222,0.17354158964412125,9.43689570931383e-16,0.021089603958875717,0.0210896039588755,2.185751579730777e-16,0.0010841904482490861,0.0010841904482490655,2.0599841277224584e-17
757,7.894931858204305,3.289554940918455,3.2895549409184603,5.329070518200751e-15,4.234050699832183,4.234050699832201,1.7763568394002505e-14,2.6707987831153206,2.670798783115343,2.220446049250313e-14,0.8414071587936435,0.8414071587936548,1.1324274851176597e-14,0.11949721722416125,0.11949721722416407,2.8171909249863347e-15
758,4.948626300876542,2.0619276253652234,2.061927625365226,2.6645352591003757e-15,1.663913789206389,1.6639137892063935,4.440892098500626e-15,0.6577202599149249,0.6577202599149283,3.4416913763379853e-15,0.12957042673655655,0.1295704267365576,1.0547118733938987e-15,0.011444389352197052,0.011444389352197217,1.6479873021779667e-16
759,6.804436442843921,2.835181851184966,2.835181851184968,1.7763568394002505e-15,3.2435994306779157,3.2435994306779183,2.6645352591003757e-15,1.9153224928352999,1.9153224928353039,3.9968028886505635e-15,0.6159814753771801,0.6159814753771811,9.992007221626409e-16,0.10240341048029433,0.10240341048029467,3.3306690738754696e-16
760,3.71620956028194,1.5484206501174762,1.548420650117475,1.1102230246251565e-15,0.9339309835456708,0.9339309835456688,1.9984014443252818e-15,0.2729315975732114,0.2729315975732106,7.771561172376096e-16,0.03876649292266649,0.03876649292266618,3.122502256758253e-16,0.002330919602564923,0.0023309196025648807,4.2500725161431774e-17
761,3.4151290665618825,1.4229704444007858,1.4229704444007845,1.3322676295501878e-15,0.8027482545245708,0.8027482545245688,1.9984014443252818e-15,0.2258028118599785,0.22580281185997791,5.828670879282072e-16,0.03252854304551573,0.03252854304551556,1.734723475976807e-16,0.002197501763994305,0.0021975017639942838,2.1250362580715887e-17
762,0.6532262620258592,0.27217760917744105,0.2721776091774414,3.3306690738754696e-16,0.02964060776736934,0.02964060776736941,6.938893903907228e-17,0.0016462029359771086,0.0016462029359771164,7.806255641895632e-18,4.899341241082347e-05,4.899341241082383e-05,3.5914196963582334e-19,7.385914070364807e-07,7.385914070364887e-07,7.940933880509066e-21
763,7.28695129936745,3.0362297080697704,3.0362297080697704,0.0,3.742433406980057,3.742433406980058,1.3322676295501878e-15,2.3895299227647073,2.38952992276471,2.6645352591003757e-15,0.8308019835206848,0.8308019835206855,6.661338147750939e-16,0.14869612432041115,0.14869612432041135,1.942890293094024e-16
764,3.8402436312953614,1.60010151303973,1.6001015130397336,3.552713678800501e-15,1.029486133785758,1.0294861337857628,4.884981308350689e-15,0.34109192100150476,0.34109192100150765,2.886579864025407e-15,0.06154912347883995,0.06154912347884061,6.591949208711867e-16,0.005753111044686499,0.005753111044686585,8.586881206085195e-17
765,2.1905742858326076,0.9127392857635876,0.9127392857635866,9.992007221626409e-16,0.32830315951659367,0.3283031595165928,8.881784197001252e-16,0.05845350630225696,0.058453506302256694,2.636779683484747e-16,0.005279181265412395,0.005279181265412353,4.2500725161431774e-17,0.0002205849519884844,0.00022058495198848082,3.577867169202165e-18
766,1.8692167755845803,0.7788403231602437,0.7788403231602419,1.7763568394002505e-15,0.23798925528051576,0.23798925528051434,1.4155343563970746e-15,0.03565381190667048,0.035653811906670156,3.2612801348363973e-16,0.002654538981586435,0.002654538981586389,4.597017211338539e-17,8.767130345345222e-05,8.767130345344958e-05,2.642742795433417e-18
767,0.7428872500856563,0.3095363542023573,0.30953635420235676,5.551115123125783e-16,0.0383247443478177,0.038324744347817574,1.249000902703301e-16,0.0024100277392290963,0.0024100277392290824,1.3877787807814457e-17,8.038641841758182e-05,8.03864184175811e-05,7.182839392716467e-19,1.3348894535470364e-06,1.334889453547021e-06,1.545835128739098e-20
768,4.503946084151112,1.87664420172963,1.87664420172963,0.0,1.3624829225933386,1.3624829225933384,2.220446049250313e-16,0.47288996725313515,0.4728899672531355,3.3306690738754696e-16,0.07740589811834575,0.07740589811834572,2.7755575615628914e-17,0.004961651224444327,0.004961651224444317,9.540979117872439e-18
769,3.3724088643331482,1.405170360138814,1.4051703601388117,2.220446049250313e-15,0.7807199705044461,0.7807199705044434,2.6645352591003757e-15,0.21667497289231671,0.21667497289231563,1.0824674490095276e-15,0.031121309458779143,0.03112130945877886,2.8449465006019636e-16,0.002148462246764987,0.00214846224676496,2.7321894746634712e-17
770,9.9397506589531,4.141562774563785,4.141562774563791,6.217248937900877e-15,6.852719947231425,6.85271994723145,2.4868995751603507e-14,5.7425085072791155,5.74250850727915,3.4638958368304884e-14,2.5384674927955375,2.538467492795561,2.353672812205332e-14,0.5537128503610079,0.5537128503610148,6.8833827526759706e-15
771,1.5996168893990486,0.6665070372496045,0.6665070372496036,8.881784197001252e-16,0.17917085245618908,0.1791708524561884,6.661338147750939e-16,0.024840367069644202,0.024840367069644067,1.3530843112619095e-16,0.00187350190860747,0.0018735019086074556,1.431146867680866e-17,7.29315459387553e-05,7.293154593875443e-05,8.673617379884035e-19
772,2.9522635073437495,1.2301097947265645,1.2301097947265625,1.9984014443252818e-15,0.6155193116318344,0.6155193116318322,2.220446049250313e-15,0.15981564239736423,0.1598156423973636,6.38378239159465e-16,0.02262341053283465,0.02262341053283448,1.700029006457271e-16,0.0016496924485954801,0.001649692448595464,1.6046192152785466e-17
773,8.000071376291853,3.333363073454946,3.3333630734549384,7.549516567451064e-15,4.204718003247505,4.204718003247481,2.398081733190338e-14,2.4168210178546086,2.416821017854584,2.4424906541753444e-14,0.5734193167927151,0.5734193167927019,1.3211653993039363e-14,0.0275737363527741,0.027573736352771418,2.6818824938601438e-15
774,6.411618989179054,2.671507912157935,2.6715079121579395,4.440892098500626e-15,2.7294842536451323,2.7294842536451434,1.1102230246251565e-14,1.2987151231681506,1.2987151231681624,1.176836406102666e-14,0.27159242973296427,0.2715924297329695,5.218048215738236e-15,0.01706146773073342,0.017061467730734397,9.783840404509192e-16
775,9.26639674973887,3.860998645724533,3.8609986457245298,3.1086244689504383e-15,5.76661301549697,5.76661301549696,1.0658141036401503e-14,4.1257846133625256,4.125784613362514,1.1546319456101628e-14,1.403076976870496,1.4030769768704834,1.2656542480726785e-14,0.19171975283001516,0.19171975283001177,3.3861802251067274e-15
776,1.8936798912901442,0.7890332880375611,0.7890332880375601,9.992007221626409e-16,0.24540498294091018,0.2454049829409095,6.661338147750939e-16,0.037837848424479376,0.03783784842447924,1.3877787807814457e-16,0.0029711480925731335,0.002971148092573114,1.951563910473908e-17,0.00010885402852525803,0.00010885402852525682,1.2061749168901237e-18
777,1.0965276877779375,0.45688653657414097,0.45688653657414063,3.3306690738754696e-16,0.08392027796381198,0.08392027796381187,1.1102230246251565e-16,0.007941481194294824,0.007941481194294813,1.0408340855860843e-17,0.00040986048720963224,0.0004098604872096309,1.3552527156068805e-18,1.0981116182667808e-05,1.0981116182667774e-05,3.3881317890172014e-20
778,4.292020958720547,1.7883420661335618,1.7883420661335614,4.440892098500626e-16,1.2883418570806056,1.2883418570806051,4.440892098500626e-16,0.47622540368514876,0.4762254036851483,4.440892098500626e-16,0.09474226007119373,0.09474226007119353,1.942890293094024e-16,0.00956938078587671,0.009569380785876673,3.642919299551295e-17
779,12.224172281180344,5.093405117158486,5.093405117158477,8.881784197001252e-15,10.468519783428874,10.468519783428835,3.907985046680551e-14,11.126383111884127,11.126383111884065,6.217248937900877e-14,6.469924317466779,6.469924317466719,5.950795411990839e-14,1.9581768461614055,1.958176846161381,2.4424906541753444e-14
780,0.5961411419129672,0.24839214246373592,0.24839214246373637,4.440892098500626e-16,0.024308077540147258,0.02430807754014735,9.367506770274758e-17,0.0011793010286271347,0.0011793010286271447,9.974659986866641e-18,2.9169644786442414e-05,2.9169644786442773e-05,3.5914196963582334e-19,3.3764069507576035e-07,3.3764069507576676e-07,6.405686663610646e-21
781,1.6134801036288222,0.6722833765120081,0.6722833765120093,1.2212453270876722e-15,0.17201916643968096,0.1720191664396817,7.494005416219807e-16,0.02034006473607328,0.020340064736073478,1.97758476261356e-16,0.0010385789890863394,0.0010385789890863613,2.190088388420719e-17,1.4707283443751378e-05,1.4707283443752398e-05,1.0198276684941776e-18
782,0.6629075576280964,0.27621148234503995,0.27621148234504017,2.220446049250313e-16,0.02887495646748143,0.02887495646748149,6.245004513516506e-17,0.0013750456327493708,0.001375045632749379,8.239936510889834e-18,2.6969423665716864e-05,2.6969423665717267e-05,4.0318768289304696e-19,1.0471320639081437e-07,1.0471320639082088e-07,6.511565782017434e-21
783,4.035678575793481,1.681532739913952,1.6815327399139508,1.1102230246251565e-15,1.1173560261823323,1.1173560261823308,1.5543122344752192e-15,0.3699079822423562,0.3699079822423549,1.3322676295501878e-15,0.06297227758748367,0.06297227758748321,4.579669976578771e-16,0.005089873144127964,0.005089873144127903,6.071532165918825e-17
784,5.555608556101965,2.3148368983758214,2.314836898375819,2.220446049250313e-15,2.0857754922412495,2.0857754922412446,4.884981308350689e-15,0.9125506209855166,0.912550620985513,3.6637359812630166e-15,0.19582455034343493,0.1958245503434334,1.5265566588595902e-15,0.018256082770744565,0.018256082770744288,2.7755575615628914e-16
785,2.7991612128870162,1.1663171720362588,1.1663171720362568,1.9984014443252818e-15,0.5272282887591508,0.5272282887591486,2.220446049250313e-15,0.11436822090238397,0.1143682209023831,8.604228440844963e-16,0.011805180570186726,0.011805180570186567,1.5959455978986625e-16,0.0004891796891861279,0.0004891796891861147,1.3227266504323154e-17
786,5.571732845437607,2.3215553522656664,2.321555352265669,2.6645352591003757e-15,2.081621669945556,2.081621669945562,5.773159728050814e-15,0.8915460722386582,0.8915460722386641,5.88418203051333e-15,0.18036804942060697,0.18036804942060947,2.4980018054066022e-15,0.01442131705861357,0.014421317058613992,4.215378046623641e-16
787,1.743993249421927,0.7266638539258017,0.726663853925803,1.3322676295501878e-15,0.20474775899364972,0.20474775899365052,8.049116928532385e-16,0.02778589679040149,0.027785896790401665,1.734723475976807e-16,0.0018160892962094971,0.001816089296209513,1.5829351718288365e-17,4.938811566089573e-05,4.938811566089642e-05,6.844026213814747e-19
788,5.141870182523997,2.142445909384999,2.142445909384999,0.0,1.8242225397286922,1.8242225397286915,6.661338147750939e-16,0.7822208669287105,0.7822208669287112,6.661338147750939e-16,0.1758846487444031,0.17588464874440327,1.6653345369377348e-16,0.019394365895189686,0.019394365895189725,3.8163916471489756e-17
789,1.400654708493825,0.5836061285390934,0.5836061285390938,3.3306690738754696e-16,0.13065924112052962,0.13065924112052982,1.942890293094024e-16,0.013764220629395125,0.013764220629395174,4.85722573273506e-17,0.0006590862255764448,0.0006590862255764478,3.0357660829594124e-18,1.1018047045036874e-05,1.1018047045037015e-05,1.4060746924421386e-19
790,3.836962917745505,1.598734549060627,1.5987345490606273,2.220446049250313e-16,1.0261452623571021,1.0261452623571015,6.661338147750939e-16,0.338931137597421,0.3389311375974209,1.1102230246251565e-16,0.06101430371083481,0.06101430371083478,2.7755575615628914e-17,0.005700952751034395,0.005700952751034387,7.806255641895632e-18
791,9.784034150602718,4.076680896084458,4.076680896084466,7.993605777301127e-15,6.430886468923948,6.4308864689239735,2.5757174171303632e-14,4.8599105785670496,4.859910578567081,3.108624468950438e-14,1.7446341899195605,1.744634189919579,1.84297022087776e-14,0.2509762810135956,0.250976281013601,5.384581669432009e-15
792,0.6911994520632403,0.28799977169301727,0.2879997716930168,4.440892098500626e-16,0.03116422796139349,0.031164227961393363,1.249000902703301e-16,0.001507107850197514,0.0015071078501975046,9.540979117872439e-18,2.7970440524329202e-05,2.7970440524328768e-05,4.336808689942018e-19,2.8362158169612908e-08,2.8362158169606334e-08,6.574431508571464e-21
793,3.1200011369265734,1.3000004737194022,1.3000004737194057,3.552713678800501e-15,0.6890693580365537,0.6890693580365578,4.107825191113079e-15,0.19033265739727667,0.19033265739727862,1.942890293094024e-15,0.028855531254137912,0.028855531254138284,3.712308238590367e-16,0.0022741954225663293,0.0022741954225663687,3.946495907847236e-17
794,2.3005198270065947,0.9585499279194158,0.9585499279194146,1.2212453270876722e-15,0.37138829047781374,0.37138829047781263,1.1102230246251565e-15,0.07418739849267153,0.07418739849267122,3.0531133177191805e-16,0.008029332456809595,0.008029332456809542,5.377642775528102e-17,0.0004450217751984926,0.00044502177519848833,4.2825985813177425e-18
795,5.43026106876596,2.2626087786524893,2.2626087786524836,5.773159728050814e-15,1.9673179775649596,1.9673179775649463,1.3322676295501878e-14,0.8081377486001076,0.8081377486000983,9.2148511043888e-15,0.1525468519686949,0.15254685196869172,3.191891195797325e-15,0.010450130739783105,0.01045013073978262,4.839878497975292e-16
796,2.2112932977758306,0.9213722074065961,0.9213722074065961,0.0,0.33174053263749015,0.33174053263749026,1.1102230246251565e-16,0.0583980302770197,0.05839803027701975,4.85722573273506e-17,0.0051101881294244155,0.005110188129424427,1.1275702593849246e-17,0.00019969721668650908,0.00019969721668650956,4.87890977618477e-19
797,3.9455538742606753,1.6439807809419507,1.6439807809419482,2.4424906541753444e-15,1.0797062920985043,1.0797062920985008,3.552713678800501e-15,0.35798369720949186,0.3579836972094903,1.5543122344752192e-15,0.06207516373956848,0.06207516373956799,4.85722573273506e-16,0.005225883158932456,0.00522588315893239,6.591949208711867e-17
798,5.488437462479647,2.2868489426998573,2.286848942699853,4.440892098500626e-15,2.1268710802883137,2.126871080288305,8.881784197001252e-15,1.0264041465546903,1.0264041465546843,5.995204332975845e-15,0.27012386809660377,0.27012386809660144,2.3314683517128287e-15,0.036638982669776485,0.03663898266977604,4.440892098500626e-16
799,2.353864596442049,0.9807769151841854,0.9807769151841872,1.7763568394002505e-15,0.38464716346656197,0.38464716346656336,1.3877787807814457e-15,0.07623737900231167,0.07623737900231216,4.85722573273506e-16,0.00791267432231967,0.007912674322319752,8.153200337090993e-17,0.0003993319003992506,0.00039933190039925684,6.2341624917916505e-18
800,2.4948356933154594,1.0395148722147773,1.0395148722147747,2.6645352591003757e-15,0.41789166764154456,0.4178916676415421,2.4424906541753444e-15,0.08045714615899552,0.08045714615899478,7.355227538141662e-16,0.0073625814343025,0.007362581434302376,1.240327285323417e-16,0.00027082696020506634,0.0002708269602050576,8.72782748850831e-18
801,3.783621238580139,1.5765088494083948,1.576508849408391,3.774758283725532e-15,0.9462303489998338,0.9462303489998279,5.88418203051333e-15,0.2626323337369739,0.2626323337369712,2.7200464103316335e-15,0.03154283956440123,0.03154283956440052,7.077671781985373e-16,0.0010623830680587761,0.001062383068058706,7.003946034256359e-17
802,5.180467110234506,2.158527962597713,2.158527962597711,1.7763568394002505e-15,1.8272154554623579,1.827215455462354,3.774758283725532e-15,0.7618110215800278,0.761811021580026,1.7763568394002505e-15,0.16031407134484282,0.1603140713448419,9.159339953157541e-16,0.015533878266204273,0.015533878266204148,1.249000902703301e-16
803,0.4463043668115666,0.18596015283815293,0.18596015283815273,1.942890293094024e-16,0.013349670860614882,0.013349670860614855,2.7755575615628914e-17,0.0004567880793816647,0.000456788079381663,1.734723475976807e-18,7.3342608636403826e-06,7.334260863640345e-06,3.7269449679189215e-20,4.557321253717823e-08,4.557321253717797e-08,2.6469779601696886e-22
804,4.4816336038576425,1.8673473349406833,1.8673473349406846,1.3322676295501878e-15,1.3466682021987482,1.3466682021987493,1.1102230246251565e-15,0.46294046889114565,0.4629404688911467,1.0547118733938987e-15,0.07461165231045577,0.07461165231045602,2.498001805406602e-16,0.004634902633111884,0.004634902633111909,2.5153490401663703e-17
805,5.316245091206061,2.2151021213358595,2.2151021213358586,8.881784197001252e-16,1.9722207112485992,1.9722207112485983,8.881784197001252e-16,0.9017124946713618,0.9017124946713623,4.440892098500626e-16,0.22310933447650605,0.22310933447650608,2.7755575615628914e-17,0.028322115354273432,0.028322115354273484,5.204170427930421e-17
806,3.2299252926845354,1.3458022052852248,1.345802205285223,1.7763568394002505e-15,0.684472656478537,0.6844726564785347,2.220446049250313e-15,0.15779786939892937,0.15779786939892826,1.1102230246251565e-15,0.014698604089268904,0.014698604089268638,2.654126918244515e-16,0.00022036171909416374,0.0002203617190941385,2.5234805564600116e-17
807,0.9660839620031731,0.4025349841679886,0.40253498416798883,2.220446049250313e-16,0.06246670881486704,0.062466708814867135,9.71445146547012e-17,0.004611929719878316,0.00461192971987833,1.474514954580286e-17,0.000159278942845105,0.00015927894284510597,9.75781955236954e-19,2.1132140991741415e-06,2.1132140991741614e-06,1.9905274260476058e-20
808,6.688993140303813,2.7870804751265887,2.787080475126589,4.440892098500626e-16,2.919516866512107,2.9195168665121054,1.7763568394002505e-15,1.3680969351233196,1.3680969351233183,1.3322676295501878e-15,0.24702348585407516,0.24702348585407427,8.881784197001252e-16,0.00284680588587919,0.0028468058858789605,2.2941717969793274e-16
809,2.6203840258486775,1.0918266774369494,1.0918266774369492,2.220446049250313e-16,0.4643417415981621,0.46434174159816155,5.551115123125783e-16,0.0957535382324802,0.09575353823248003,1.6653345369377348e-16,0.009621725414734572,0.009621725414734515,5.724587470723463e-17,0.0004122275879055361,0.0004122275879055301,5.9631119486702744e-18
810,2.6185716671485246,1.0910715279785517,1.091071527978552,2.220446049250313e-16,0.45993067177303937,0.45993067177303953,1.6653345369377348e-16,0.09238321108312834,0.09238321108312844,9.71445146547012e-17,0.00867705110806419,0.008677051108064186,3.469446951953614e-18,0.000310933222860083,0.00031093322286008195,1.0299920638612292e-18
811,4.607497769039393,1.9197907370997467,1.9197907370997467,0.0,1.4594861388543476,1.4594861388543465,1.1102230246251565e-15,0.5540905773423959,0.5540905773423958,1.1102230246251565e-16,0.10846048309301448,0.10846048309301451,2.7755575615628914e-17,0.010111553363713327,0.01011155336371332,6.938893903907228e-18
812,13.126477897303532,5.469365790543128,5.469365790543138,1.0658141036401503e-14,11.981920437061376,11.981920437061424,4.796163466380676e-14,13.398426729114513,13.398426729114624,1.1013412404281553e-13,8.031810724698364,8.031810724698445,8.171241461241152e-14,2.438548775758885,2.4385487757589215,3.6415315207705135e-14
813,2.361975254499789,0.9841563560415786,0.9841563560415787,1.1102230246251565e-16,0.3829367369368369,0.3829367369368369,0.0,0.07454272099232213,0.0745427209923222,6.938893903907228e-17,0.007544283613215263,0.0075442836132152595,3.469446951953614e-18,0.0003703055266742761,0.0003703055266742754,7.047314121155779e-19
814,3.8403172546009823,1.600132189417078,1.600132189417076,1.9984014443252818e-15,0.9749075754819112,0.9749075754819082,2.9976021664879227e-15,0.27464474398930355,0.2746447439893021,1.4432899320127035e-15,0.03344844055471318,0.033448440554712806,3.7470027081099033e-16,0.0011351723026796392,0.0011351723026795976,4.163336342344337e-17
815,3.2323573294530332,1.3468155539387647,1.3468155539387638,8.881784197001252e-16,0.6976978102441862,0.6976978102441852,9.992007221626409e-16,0.17103905919767717,0.17103905919767667,4.996003610813204e-16,0.019341553418518866,0.019341553418518752,1.1449174941446927e-16,0.0008034296577011018,0.0008034296577010921,9.75781955236954e-18
816,0.4447854195585505,0.1853272581493961,0.18532725814939605,5.551115123125783e-17,0.013778220673177487,0.013778220673177473,1.3877787807814457e-17,0.0005239985664902142,0.0005239985664902136,6.505213034913027e-19,1.0715428601237666e-05,1.071542860123763e-05,3.5575383784680614e-20,1.114116045427793e-07,1.1141160454277872e-07,5.823351512373315e-22
817,1.6886701973935827,0.7036125822473269,0.7036125822473261,7.771561172376096e-16,0.19266749764035498,0.19266749764035446,5.273559366969494e-16,0.025538934545649695,0.025538934545649594,1.0061396160665481e-16,0.0016439832015345771,0.0016439832015345637,1.3444106938820255e-17,4.476905997176506e-05,4.4769059971764355e-05,7.047314121155779e-19
818,1.4065898067275229,0.5860790861364691,0.586079086136468,1.1102230246251565e-15,0.1400937107911552,0.1400937107911546,6.106226635438361e-16,0.01746471901106897,0.01746471901106885,1.1796119636642288e-16,0.001196725799039398,0.0011967257990393855,1.2576745200831851e-17,4.271747784907475e-05,4.2717477849074164e-05,5.89534931288993e-19
819,4.368580533718747,1.8202418890494805,1.820241889049478,2.4424906541753444e-15,1.278641852389435,1.2786418523894303,4.6629367034256575e-15,0.4282215533844467,0.4282215533844439,2.7755575615628914e-15,0.06742027097439389,0.06742027097439288,1.0130785099704553e-15,0.004137178896562026,0.004137178896561886,1.3964523981613297e-16
820,4.757837657779526,1.9824323574081366,1.9824323574081362,4.440892098500626e-16,1.4777382395568441,1.4777382395568432,8.881784197001252e-16,0.49336372131746914,0.49336372131746936,2.220446049250313e-16,0.0637760404862758,0.0637760404862758,0.0,0.0006153205341708518,0.0006153205341708547,2.927345865710862e-18
821,10.654145451583428,4.439227271493101,4.439227271493095,5.329070518200751e-15,7.918569656297407,7.918569656297387,2.042810365310288e-14,7.275314671734273,7.275314671734246,2.7533531010703882e-14,3.6461577057930517,3.646157705793027,2.4868995751603507e-14,0.9491545742625772,0.9491545742625699,7.327471962526033e-15
822,1.8144198077412366,0.7560082532255166,0.7560082532255153,1.2212453270876722e-15,0.2288448147801674,0.22884481478016647,9.43689570931383e-16,0.03546709382573269,0.035467093825732446,2.42861286636753e-16,0.00297164169541266,0.0029716416954126278,3.209238430557093e-17,0.00012785048363667665,0.00012785048363667475,1.8973538018496328e-18
823,0.5559895242880586,0.23166230178669117,0.23166230178669112,5.551115123125783e-17,0.020336136527472924,0.020336136527472917,6.938893903907228e-18,0.0008136314806232903,0.0008136314806232905,2.168404344971009e-19,1.337798963092984e-05,1.3377989630929817e-05,2.202285662861181e-20,4.2080291980451946e-08,4.208029198045135e-08,5.955700410381799e-22
824,1.8146637510455617,0.7561098962689832,0.7561098962689841,8.881784197001252e-16,0.2233563651123681,0.2233563651123687,6.106226635438361e-16,0.03214170811071673,0.0321417081107169,1.6653345369377348e-16,0.002272992172845579,0.002272992172845606,2.688821387764051e-17,6.97511418267577e-05,6.97511418267592e-05,1.5043305143236374e-18
825,2.1582683186052103,0.8992784660855024,0.8992784660855044,1.9984014443252818e-15,0.31772648983489366,0.3177264898348951,1.4432899320127035e-15,0.055257457318604965,0.05525745731860546,4.926614671774132e-16,0.004822347662148426,0.0048223476621484926,6.678685382510707e-17,0.00019072693634802375,0.0001907269363480284,4.662069341687669e-18
826,1.9990730934695204,0.8329471222789673,0.8329471222789668,4.440892098500626e-16,0.2734417984145441,0.27344179841454375,3.3306690738754696e-16,0.04466605373244977,0.04466605373244971,6.245004513516506e-17,0.0037582482915569787,0.003758248291556969,9.540979117872439e-18,0.0001510976610820071,0.00015109766108200649,6.2341624917916505e-19
827,3.196002742912489,1.3316678095468706,1.3316678095468704,2.220446049250313e-16,0.6991581248460931,0.6991581248460927,3.3306690738754696e-16,0.18261966524039447,0.18261966524039452,5.551115123125783e-17,0.024540374952533507,0.02454037495253349,1.734723475976807e-17,0.001571243194091589,0.0015712431940915863,2.8189256484623115e-18
828,4.502000809336617,1.8758336705569219,1.8758336705569238,1.9984014443252818e-15,1.3320604327332832,1.3320604327332863,3.1086244689504383e-15,0.43115669709141513,0.43115669709141746,2.3314683517128287e-15,0.05760272668141991,0.05760272668142056,6.522560269672795e-16,0.0015536657226340837,0.0015536657226341499,6.613633252161577e-17
829,4.77241912926807,1.9885079705283621,1.988507970528363,8.881784197001252e-16,1.5190301466848324,1.519030146684833,6.661338147750939e-16,0.5457525423317754,0.5457525423317763,8.881784197001252e-16,0.08856104985076566,0.08856104985076571,5.551115123125783e-17,0.004857047709596792,0.0048570477095967795,1.214306433183765e-17
830,4.670171173455488,1.9459046556064528,1.9459046556064534,6.661338147750939e-16,1.463835076475604,1.463835076475605,8.881784197001252e-16,0.5270618338134183,0.5270618338134184,1.1102230246251565e-16,0.0900805339879485,0.09008053398794848,2.7755575615628914e-17,0.006168117119374141,0.006168117119374129,1.1275702593849246e-17
831,3.952561137394987,1.6469004739145798,1.646900473914578,1.7763568394002505e-15,1.0367149852612285,1.0367149852612256,2.886579864025407e-15,0.30455775896506354,0.30455775896506215,1.3877787807814457e-15,0.03975835100856066,0.03975835100856023,4.3021142204224816e-16,0.0016554504498843578,0.0016554504498843073,5.0523821237824507e-17
832,1.281030006914241,0.5337625028809341,0.5337625028809337,3.3306690738754696e-16,0.10808590340709195,0.10808590340709173,2.220446049250313e-16,0.010034560747696621,0.010034560747696581,3.9898639947466563e-17,0.0003923094332373622,0.0003923094332373583,3.903127820947816e-18,3.635116417714661e-06,3.63511641771452e-06,1.41030985717841e-19
833,6.692222896782823,2.7884262069928476,2.788426206992843,4.440892098500626e-15,2.9546563181532792,2.9546563181532663,1.2878587085651816e-14,1.4414499565904857,1.4414499565904728,1.2878587085651816e-14,0.30025643295927873,0.30025643295927246,6.2727600891321345e-15,0.016245445095336663,0.016245445095335456,1.2073675392798577e-15
834,5.764453180771359,2.4018554919880604,2.401855491988066,5.773159728050814e-15,2.2455535575008883,2.245553557500903,1.4654943925052066e-14,1.018177764133464,1.0181777641334766,1.2656542480726785e-14,0.22551217277130117,0.22551217277130614,4.9682480351975755e-15,0.02146533703132765,0.02146533703132853,8.81239525796218e-16
835,0.8260531033209221,0.3441887930503841,0.3441887930503842,1.1102230246251565e-16,0.04712257457219751,0.047122574572197554,4.163336342344337e-17,0.0032414622986669645,0.0032414622986669706,6.071532165918825e-18,0.00011598443958148178,0.00011598443958148193,1.4907779871675686e-19,2.0023622130752785e-06,2.0023622130752844e-06,5.929230630780102e-21
836,2.195375303198195,0.9147397096659167,0.9147397096659144,2.220446049250313e-15,0.3362671839745712,0.3362671839745694,1.8318679906315083e-15,0.06362156795401507,0.06362156795401458,4.85722573273506e-16,0.006552411562397622,0.0065524115623975514,7.025630077706069e-17,0.000349406895750389,0.00034940689575038394,5.041540102057596e-18
837,4.2477724123348,1.7699051718061685,1.7699051718061667,1.7763568394002505e-15,1.213272953790502,1.2132729537904992,2.886579864025407e-15,0.39818590280521365,0.3981859028052125,1.1657341758564144e-15,0.061775061290507326,0.061775061290506916,4.0939474033052647e-16,0.0037721679735363035,0.0037721679735362628,4.0766001685454967e-17
838,10.419255593697095,4.34135649737379,4.3413564973737895,8.881784197001252e-16,7.612705720703424,7.6127057207034206,3.552713678800501e-15,6.89772354851314,6.897723548513137,2.6645352591003757e-15,3.4080802807361437,3.408080280736142,1.7763568394002505e-15,0.8715439249029779,0.871543924902976,1.887379141862766e-15
839,1.9667029073182005,0.8194595447159181,0.819459544715917,1.1102230246251565e-15,0.2545647148375049,0.25456471483750404,8.881784197001252e-16,0.03618957656823145,0.03618957656823117,2.7755575615628914e-16,0.0021538196957530116,0.002153819695752972,3.946495907847236e-17,2.911131192527541e-05,2.9111311925273147e-05,2.2632720350634905e-18
840,4.912160209891336,2.04673342078806,2.0467334207880565,3.552713678800501e-15,1.6205937450732848,1.6205937450732784,6.439293542825908e-15,0.6150197336493392,0.6150197336493348,4.3298697960381105e-15,0.11114275738375344,0.11114275738375187,1.5681900222830336e-15,0.008114961165134656,0.008114961165134433,2.237793284010081e-16
841,8.578651870679035,3.5744382794496006,3.5744382794495984,2.220446049250313e-15,5.131073715370206,5.131073715370194,1.2434497875801753e-14,3.789617644682881,3.789617644682872,8.881784197001252e-15,1.523971321864917,1.5239713218649105,6.439293542825908e-15,0.3175723509483528,0.317572350948351,1.7763568394002505e-15
842,6.64621671437673,2.7692569643236427,2.7692569643236378,4.884981308350689e-15,2.9151349054946474,2.9151349054946327,1.4654943925052066e-14,1.4111277319670112,1.4111277319669997,1.1546319456101628e-14,0.2896137006936288,0.28961370069362274,6.050715484207103e-15,0.014646322954319422,0.014646322954318362,1.0599160438218291e-15
843,6.275752025512752,2.614896677296982,2.61489667729698,1.7763568394002505e-15,2.746672023824848,2.7466720238248445,3.552713678800501e-15,1.4742864817285883,1.474286481728585,3.3306690738754696e-15,0.4234271747327927,0.4234271747327904,2.275957200481571e-15,0.06126758769756322,0.061267587697562735,4.85722573273506e-16
844,5.028077518341769,2.095032299309072,2.0950322993090706,1.3322676295501878e-15,1.6688577219718064,1.6688577219718035,2.886579864025407e-15,0.6126783615133453,0.6126783615133435,1.7763568394002505e-15,0.09628736789042018,0.09628736789041933,8.465450562766819e-16,0.003987264387463206,0.003987264387463117,8.933825901280557e-17
845,3.7959071313754773,1.5816279714064452,1.581627971406449,3.774758283725532e-15,0.9846227004708362,0.9846227004708413,5.10702591327572e-15,0.30351263448156707,0.3035126344815699,2.831068712794149e-15,0.04762325052913548,0.04762325052913621,7.355227538141662e-16,0.003488868663391236,0.003488868663391309,7.28583859910259e-17
846,1.324796329652644,0.5519984706886021,0.5519984706886016,4.440892098500626e-16,0.11498674006702009,0.11498674006701977,3.191891195797325e-16,0.01083558617747428,0.01083558617747422,5.898059818321144e-17,0.00041072736982655263,0.0004107273698265468,5.854691731421724e-18,2.4011515053594115e-06,2.401151505359217e-06,1.9439406139486193e-19
847,2.984676887602595,1.2436153698344161,1.2436153698344146,1.5543122344752192e-15,0.5825706380884897,0.5825706380884876,2.1094237467877974e-15,0.12280541513618738,0.12280541513618666,7.216449660063518e-16,0.01020437763002371,0.010204377630023574,1.3530843112619095e-16,9.573147089757088e-05,9.573147089756031e-05,1.0570971181733668e-17
848,3.6528960771975525,1.5220400321656449,1.5220400321656469,1.9984014443252818e-15,0.9055714867725518,0.9055714867725543,2.4424906541753444e-15,0.2638872526167151,0.26388725261671653,1.4432899320127035e-15,0.038414355058158385,0.03841435505815861,2.220446049250313e-16,0.002525688352452638,0.002525688352452653,1.474514954580286e-17
849,10.68372389656831,4.451551623570125,4.451551623570129,4.440892098500626e-15,7.446287711130346,7.446287711130363,1.7763568394002505e-14,5.566423393507849,5.5664233935078835,3.4638958368304884e-14,1.5957865138208147,1.5957865138208414,2.6645352591003757e-14,0.024078760080959914,0.024078760080967265,7.351758091189708e-15
850,3.982427067332379,1.659344611388494,1.6593446113884913,2.6645352591003757e-15,1.103273407490383,1.1032734074903787,4.218847493575595e-15,0.3752644986807663,0.37526449868076484,1.4432899320127035e-15,0.06877479757133961,0.06877479757133913,4.85722573273506e-16,0.0064351860790095115,0.006435186079009451,6.071532165918825e-17
851,3.130216007764175,1.304256669901742,1.3042566699017397,2.220446049250313e-15,0.6816487015989617,0.6816487015989591,2.6645352591003757e-15,0.1816138334116156,0.1816138334116147,9.159339953157541e-16,0.025837921586656338,0.025837921586656147,1.9081958235744878e-16,0.0018488533596115856,0.0018488533596115676,1.7997756063259374e-17
852,2.426794757180229,1.0111644821584291,1.011164482158429,2.220446049250313e-16,0.40165781442788506,0.4016578144278847,3.885780586188048e-16,0.07886503682403816,0.07886503682403811,4.163336342344337e-17,0.007874095574939769,0.007874095574939762,6.938893903907228e-18,0.00036712467132697207,0.0003671246713269716,4.87890977618477e-19
853,3.8372998197171686,1.5988749248821565,1.5988749248821534,3.1086244689504383e-15,1.0532309924436143,1.0532309924436103,3.9968028886505635e-15,0.36552930200692013,0.365529302006918,2.1094237467877974e-15,0.07042282468886309,0.07042282468886252,5.689893001203927e-16,0.0071349916173398765,0.007134991617339807,6.938893903907228e-17
854,4.290862524662514,1.7878593852760511,1.7878593852760478,3.3306690738754696e-15,1.246628992371506,1.2466289923715002,5.773159728050814e-15,0.42248803890167697,0.42248803890167347,3.497202527569243e-15,0.07012605065689624,0.07012605065689517,1.0685896612017132e-15,0.005020664746298965,0.005020664746298826,1.3877787807814457e-16
855,3.9816819948123094,1.659034164505127,1.659034164505129,1.9984014443252818e-15,1.0895266330564917,1.0895266330564943,2.6645352591003757e-15,0.3577994674259463,0.35779946742594826,1.942890293094024e-15,0.06086481825351034,0.06086481825351078,4.440892098500626e-16,0.0049793231250092555,0.004979323125009304,4.85722573273506e-17
856,0.6476131249274476,0.2698388020531033,0.2698388020531032,1.1102230246251565e-16,0.029226590503887265,0.029226590503887227,3.8163916471489756e-17,0.001621294760708887,0.0016212947607088832,3.903127820947816e-18,4.846199522185793e-05,4.846199522185766e-05,2.710505431213761e-19,7.387380982199311e-07,7.387380982199261e-07,4.9763185651190145e-21
857,2.4902868506452585,1.037619521102191,1.037619521102191,0.0,0.40955011941688557,0.4095501194168855,5.551115123125783e-17,0.07460312617194964,0.07460312617194975,1.1102230246251565e-16,0.00584498088082003,0.005844980880820041,1.0408340855860843e-17,0.00012418684649625388,0.0001241868464962551,1.2197274440461925e-18
858,1.2903245107809251,0.537635212825386,0.5376352128253855,4.440892098500626e-16,0.11002237599443604,0.11002237599443578,2.636779683484747e-16,0.010400363539454147,0.010400363539454102,4.5102810375396984e-17,0.0004236361877061099,0.00042363618770610426,5.637851296924623e-18,4.7190477160568934e-06,4.719047716056675e-06,2.185345003916095e-19
859,5.412051945260739,2.2550216438586412,2.2550216438586412,0.0,2.00699970783725,2.0069997078372497,4.440892098500626e-16,0.889026745890975,0.8890267458909747,2.220446049250313e-16,0.20240250852650446,0.20240250852650418,2.7755575615628914e-16,0.021886005000895672,0.021886005000895572,1.0061396160665481e-16
860,3.676834254898786,1.5320142728744959,1.532014272874494,1.7763568394002505e-15,0.8974915512194911,0.8974915512194888,2.3314683517128287e-15,0.24550217872597196,0.2455021787259707,1.27675647831893e-15,0.029870936775437253,0.02987093677543694,3.122502256758253e-16,0.0011628719311686075,0.0011628719311685774,3.0140820395097023e-17
861,5.306409954310867,2.211004147629531,2.211004147629528,2.6645352591003757e-15,1.949266648543559,1.9492666485435528,6.217248937900877e-15,0.8683036391247151,0.8683036391247115,3.552713678800501e-15,0.20343852337919532,0.2034385233791939,1.4155343563970746e-15,0.023434699053250577,0.023434699053250317,2.6020852139652106e-16
862,3.3525408452872707,1.3968920188696985,1.396892018869696,2.4424906541753444e-15,0.7844364261279726,0.7844364261279694,3.219646771412954e-15,0.2257430085987565,0.2257430085987553,1.2212453270876722e-15,0.03496949753400075,0.03496949753400044,3.0531133177191805e-16,0.0027550906548671874,0.0027550906548671574,2.992397996059992e-17
863,2.3072049749681343,0.9613354062367233,0.9613354062367226,6.661338147750939e-16,0.35667450680016766,0.35667450680016705,6.106226635438361e-16,0.0630784522007547,0.06307845220075448,2.220446049250313e-16,0.005239246973846417,0.005239246973846374,4.336808689942018e-17,0.00016902012751794125,0.0001690201275179375,3.74049749507499e-18
864,6.399584250184918,2.6664934375770497,2.6664934375770493,4.440892098500626e-16,2.714252490553422,2.7142524905534207,1.3322676295501878e-15,1.2857037150740336,1.2857037150740325,1.1102230246251565e-15,0.26847644925251973,0.26847644925251835,1.3877787807814457e-15,0.017255965863820846,0.017255965863820628,2.185751579730777e-16
865,1.2069983997693958,0.5029159999039143,0.5029159999039149,5.551115123125783e-16,0.10526117770564747,0.10526117770564765,1.8041124150158794e-16,0.011735895328010351,0.011735895328010398,4.683753385137379e-17,0.000735108583187139,0.0007351085831871417,2.710505431213761e-18,2.4526689841590805e-05,2.452668984159093e-05,1.2536087619363645e-19
866,5.914390512072975,2.4643293800304047,2.4643293800304065,1.7763568394002505e-15,2.510560338767939,2.5105603387679416,2.6645352591003757e-15,1.3536221918803988,1.3536221918804034,4.6629367034256575e-15,0.40747964828474215,0.4074796482847439,1.7763568394002505e-15,0.06495178816794532,0.0649517881679456,2.7755575615628914e-16
867,8.695516710468908,3.6231319626953713,3.6231319626953784,7.105427357601002e-15,5.249557686011636,5.2495576860116575,2.1316282072803006e-14,3.887651970357515,3.8876519703575467,3.1530333899354446e-14,1.5529589874950365,1.552958987495053,1.6431300764452317e-14,0.3176765835913195,0.31767658359132384,4.3298697960381105e-15
868,0.1796422239945849,0.07485092666441032,0.07485092666441039,6.938893903907228e-17,0.0021542415238409943,0.002154241523840997,2.6020852139652106e-18,2.9310307685873005e-05,2.9310307685873096e-05,9.147955830346444e-20,1.834130607206484e-07,1.8341306072064937e-07,9.793818452627848e-22,4.172433070124994e-10,4.172433070125023e-10,2.895132143935597e-24
869,15.01150950722283,6.254795628009514,6.2547956280095125,1.7763568394002505e-15,15.296302796841154,15.296302796841132,2.1316282072803006e-14,18.241619761002312,18.241619761002266,4.618527782440651e-14,10.707689076769864,10.707689076769801,6.217248937900877e-14,2.7354390480856328,2.7354390480856003,3.241851231905457e-14
870,2.1393171438651954,0.8913821432771658,0.8913821432771649,8.881784197001252e-16,0.3089785206186983,0.30897852061869757,7.216449660063518e-16,0.05177330939143116,0.051773309391431,1.5959455978986625e-16,0.004200922897096825,0.004200922897096794,3.122502256758253e-17,0.0001432547192542217,0.00014325471925421984,1.8431436932253575e-18
871,5.293495995648754,2.2056233315203153,2.2056233315203144,8.881784197001252e-16,1.8946372625091292,1.8946372625091268,2.4424906541753444e-15,0.7910492356864836,0.7910492356864828,7.771561172376096e-16,0.16233092987254316,0.16233092987254258,5.828670879282072e-16,0.014536883134459886,0.014536883134459774,1.1275702593849246e-16
872,1.4759352886995203,0.6149730369581319,0.6149730369581334,1.5543122344752192e-15,0.1446903238571849,0.1446903238571857,8.049116928532385e-16,0.01591650860449808,0.01591650860449828,2.0122792321330962e-16,0.0007818177497234875,0.0007818177497235077,2.0274580625478933e-17,1.2495663351951602e-05,1.2495663351952466e-05,8.639736061993863e-19
873,4.785754221700229,1.9940642590417617,1.994064259041762,4.440892098500626e-16,1.5875203960908966,1.5875203960908972,6.661338147750939e-16,0.643566240895735,0.6435662408957359,8.881784197001252e-16,0.13977114624780954,0.13977114624780973,1.942890293094024e-16,0.015394079169482012,0.015394079169482012,0.0
874,5.266773943778138,2.1944891432408884,2.1944891432408906,2.220446049250313e-15,1.8547148103242543,1.8547148103242586,4.218847493575595e-15,0.7441282034763653,0.744128203476369,3.6637359812630166e-15,0.13887505712359202,0.13887505712359308,1.0547118733938987e-15,0.009786030690281519,0.009786030690281626,1.0755285551056204e-16
875,2.0861599665753867,0.8692333194064105,0.8692333194064111,6.661338147750939e-16,0.2953017632520253,0.2953017632520256,3.3306690738754696e-16,0.04889045735955512,0.04889045735955528,1.5959455978986625e-16,0.003979403184024507,0.003979403184024519,1.214306433183765e-17,0.00014061275229532242,0.0001406127522953234,9.75781955236954e-19
876,5.147523702987547,2.1448015429114804,2.1448015429114777,2.6645352591003757e-15,1.7360692590012872,1.7360692590012814,5.773159728050814e-15,0.6347870903091123,0.6347870903091098,2.4424906541753444e-15,0.09264757480020537,0.0926475748002044,9.71445146547012e-16,0.001855510981287253,0.001855510981287131,1.218643241873707e-16
877,5.6645169919283145,2.3602154133034627,2.3602154133034645,1.7763568394002505e-15,2.274387514384645,2.274387514384647,1.7763568394002505e-15,1.1427862241543023,1.1427862241543052,2.886579864025407e-15,0.3150246359970401,0.3150246359970409,7.771561172376096e-16,0.04507682749480381,0.04507682749480387,6.245004513516506e-17
878,2.4936690366518937,1.039028765271625,1.0390287652716224,2.6645352591003757e-15,0.43129501268496084,0.43129501268495807,2.7755575615628914e-15,0.09134493909254876,0.09134493909254786,9.020562075079397e-16,0.010406449625394705,0.010406449625394552,1.5265566588595902e-16,0.000604879054354428,0.0006048790543544155,1.2468324983583301e-17
879,1.8373358176724082,0.7655565906968382,0.7655565906968369,1.3322676295501878e-15,0.22246891723861834,0.22246891723861728,1.0547118733938987e-15,0.029686649119534586,0.029686649119534315,2.706168622523819e-16,0.0016774037840938257,0.0016774037840937921,3.361026734705064e-17,2.3345218509529018e-05,2.334521850952732e-05,1.6974540262976179e-18
880,2.286915117053443,0.9528812987722695,0.9528812987722679,1.5543122344752192e-15,0.34636246944188276,0.34636246944188115,1.609823385706477e-15,0.058480661338600144,0.05848066133859967,4.718447854656915e-16,0.004328926925256126,0.004328926925256051,7.546047120499111e-17,9.605901507502305e-05,9.605901507501816e-05,4.892462303340839e-18
881,1.8107054419293198,0.7544606008038849,0.7544606008038832,1.6653345369377348e-15,0.22456963342102454,0.22456963342102346,1.0824674490095276e-15,0.03307046698439679,0.033070466984396536,2.5673907444456745e-16,0.0024603375233795788,0.0024603375233795428,3.599551212651875e-17,8.378421600498932e-05,8.378421600498736e-05,1.9651164376299768e-18
882,3.9666285040637934,1.6527618766932495,1.6527618766932473,2.220446049250313e-15,1.0335284452510451,1.0335284452510412,3.9968028886505635e-15,0.29406350626374084,0.29406350626373884,1.9984014443252818e-15,0.034300243913252405,0.034300243913251774,6.314393452555578e-16,0.0007565305986349288,0.0007565305986348569,7.188260403578894e-17
883,1.023968498821254,0.4266535411755224,0.42665354117552257,1.6653345369377348e-16,0.0695406452091065,0.06954064520910648,1.3877787807814457e-17,0.005272333060770822,0.005272333060770829,6.938893903907228e-18,0.0001754471184252623,0.0001754471184252624,1.0842021724855044e-19,1.7494677083691235e-06,1.7494677083691159e-06,7.623296525288703e-21
884,6.396131605413583,2.665054835588993,2.665054835588993,0.0,2.719517820765057,2.719517820765055,1.7763568394002505e-15,1.2960029697299638,1.2960029697299613,2.4424906541753444e-15,0.2736947691109497,0.27369476911094853,1.1657341758564144e-15,0.018049820307738298,0.018049820307738086,2.1163626406917047e-16
885,4.280417778637318,1.7835074077655482,1.783507407765549,8.881784197001252e-16,1.1987092716980556,1.1987092716980563,6.661338147750939e-16,0.36344149337867404,0.363441493378675,9.43689570931383e-16,0.04393934427540768,0.04393934427540774,6.245004513516506e-17,0.00073284987538425,0.0007328498753842381,1.1926223897340549e-17
886,4.824730031382927,2.0103041797428904,2.0103041797428864,3.9968028886505635e-15,1.6481981079015022,1.6481981079014953,6.8833827526759706e-15,0.7026184317058277,0.7026184317058237,3.9968028886505635e-15,0.16350006906730108,0.16350006906729964,1.4432899320127035e-15,0.01960316290151486,0.019603162901514613,2.463307335887066e-16
887,5.613001162458317,2.3387504843576292,2.3387504843576323,3.1086244689504383e-15,2.0763858951165917,2.0763858951165983,6.661338147750939e-15,0.8464013005659674,0.8464013005659738,6.439293542825908e-15,0.1459703524668681,0.1459703524668704,2.3037127760972e-15,0.006159235540315635,0.006159235540315958,3.226585665316861e-16
888,10.228015651527038,4.261673188136267,4.261673188136266,8.881784197001252e-16,7.017398322637822,7.017398322637818,4.440892098500626e-15,5.520422805956841,5.520422805956836,4.440892098500626e-15,2.0504892043237875,2.05048920432378,7.549516567451064e-15,0.30030563613538047,0.3003056361353782,2.275957200481571e-15
889,2.7627812130499536,1.1511588387708138,1.1511588387708143,4.440892098500626e-16,0.5187658494122638,0.5187658494122639,1.1102230246251565e-16,0.11443296686163351,0.11443296686163348,2.7755575615628914e-17,0.012543268532818369,0.01254326853281833,3.9898639947466563e-17,0.0006117925937230614,0.0006117925937230564,4.9873299934333204e-18
890,3.56170226777705,1.4840426115737735,1.4840426115737708,2.6645352591003757e-15,0.8823567081348034,0.8823567081347998,3.552713678800501e-15,0.26609070986861744,0.26609070986861577,1.6653345369377348e-15,0.04229512878800137,0.042295128788000944,4.2327252813834093e-16,0.00330382833843995,0.003303828338439902,4.8138576458356397e-17
891,4.525782629622331,1.8857427623426322,1.8857427623426382,5.995204332975845e-15,1.3887684017662785,1.3887684017662885,9.992007221626409e-15,0.49956914095843696,0.4995691409584437,6.716849298982197e-15,0.08917834825546919,0.08917834825547133,2.1371793224034263e-15,0.007086097638805585,0.007086097638805863,2.7755575615628914e-16
892,4.026697496100557,1.6777906233752313,1.6777906233752315,2.220446049250313e-16,1.1393740220030888,1.1393740220030888,0.0,0.40082124637631417,0.40082124637631467,4.996003610813204e-16,0.07711849682557187,0.07711849682557194,6.938893903907228e-17,0.007705049536882469,0.007705049536882459,1.0408340855860843e-17
893,8.603808235858377,3.5849200982743277,3.5849200982743237,3.9968028886505635e-15,4.866753343632711,4.866753343632696,1.509903313490213e-14,3.0119911530397703,3.0119911530397547,1.554312234475219e-14,0.7690256610724417,0.7690256610724333,8.43769498715119e-15,0.039318779368849054,0.03931877936884709,1.9637069748057456e-15
894,3.3930468576685775,1.4137695240285728,1.4137695240285741,1.3322676295501878e-15,0.7631557811396525,0.7631557811396541,1.5543122344752192e-15,0.19168994291272853,0.19168994291272926,7.216449660063518e-16,0.021204626987306227,0.021204626987306352,1.249000902703301e-16,0.0007175882970603141,0.0007175882970603211,7.047314121155779e-18
895,3.943380522056043,1.6430752175233518,1.6430752175233514,4.440892098500626e-16,1.0841705323377226,1.0841705323377215,1.1102230246251565e-15,0.3659611303495047,0.36596113034950417,5.551115123125783e-16,0.06631120899467247,0.06631120899467231,1.5265566588595902e-16,0.006087489925519518,0.006087489925519487,3.122502256758253e-17
896,4.227483015535121,1.761451256472968,1.7614512564729674,6.661338147750939e-16,1.2440390075978762,1.2440390075978751,1.1102230246251565e-15,0.45074386853055337,0.45074386853055276,6.106226635438361e-16,0.08852482859628293,0.08852482859628272,2.0816681711721685e-16,0.008956475042499147,0.008956475042499112,3.469446951953614e-17
897,5.18289869072559,2.159541121135664,2.1595411211356628,1.3322676295501878e-15,1.8456081092500738,1.845608109250071,2.886579864025407e-15,0.7894499481644278,0.789449948164426,1.7763568394002505e-15,0.17545456013946054,0.17545456013945987,6.661338147750939e-16,0.018870599246904343,0.01887059924690419,1.5265566588595902e-16
898,0.232481526119326,0.09686730254971923,0.09686730254971915,8.326672684688674e-17,0.003815537362843285,0.0038155373628432788,6.071532165918825e-18,7.83035979194493e-05,7.83035979194491e-05,2.0328790734103208e-19,8.848538515981221e-07,8.848538515981188e-07,3.282252670610414e-21,5.232015693424898e-09,5.232015693424877e-09,2.0679515313825692e-23
899,4.9058234477446785,2.044093103226949,2.0440931032269494,4.440892098500626e-16,1.718129799414906,1.718129799414906,0.0,0.7592896165160009,0.759289616516001,1.1102230246251565e-16,0.18586998884567374,0.18586998884567385,1.1102230246251565e-16,0.02387383482018704,0.023873834820187005,3.469446951953614e-17
900,2.59134688420337,1.0797278684180704,1.0797278684180707,2.220446049250313e-16,0.4424886377538261,0.44248863775382635,2.7755575615628914e-16,0.08315634113296788,0.08315634113296803,1.5265566588595902e-16,0.006576265094239689,0.006576265094239729,3.9898639947466563e-17,0.0001221639088551413,0.00012216390885514344,2.1412992906588713e-18
901,10.79008811178042,4.495870046575166,4.495870046575176,9.769962616701378e-15,7.961537327227918,7.961537327227951,3.2862601528904634e-14,7.0023235535092745,7.002323553509329,5.417888360170764e-14,3.1589728785838185,3.1589728785838527,3.419486915845482e-14,0.6755994912125043,0.6755994912125138,9.547918011776346e-15
902,3.4230454631783824,1.4262689429909918,1.4262689429909925,6.661338147750939e-16,0.8401819142267715,0.8401819142267725,9.992007221626409e-16,0.26151077861740923,0.2615107786174096,3.885780586188048e-16,0.045335992317381286,0.04533599231738136,7.632783294297951e-17,0.004148632250617396,0.004148632250617401,5.204170427930421e-18
903,3.8249050264142093,1.5937104276725855,1.5937104276725873,1.7763568394002505e-15,1.0347386446983093,1.0347386446983116,2.220446049250313e-15,0.35021597838944685,0.3502159783894482,1.3322676295501878e-15,0.06518436515339857,0.06518436515339886,2.914335439641036e-16,0.0063291685798927385,0.0063291685798927706,3.209238430557093e-17
904,2.425454489266775,1.0106060371944894,1.0106060371944896,2.220446049250313e-16,0.3876094242216025,0.38760942422160266,1.6653345369377348e-16,0.06803924630038224,0.06803924630038218,6.938893903907228e-17,0.004980057584618247,0.004980057584618229,1.734723475976807e-17,7.927637894428865e-05,7.927637894428724e-05,1.4094628242311558e-18
905,4.433913702045908,1.8474640425191264,1.8474640425191287,2.220446049250313e-15,1.366803023961549,1.3668030239615525,3.552713678800501e-15,0.5143910270293254,0.5143910270293278,2.4424906541753444e-15,0.10290708157070189,0.10290708157070255,6.661338147750939e-16,0.010279211578084037,0.010279211578084113,7.632783294297951e-17
906,3.4925972575991104,1.4552488573329616,1.455248857332963,1.3322676295501878e-15,0.8348866595088789,0.8348866595088803,1.4432899320127035e-15,0.23816980894921216,0.2381698089492129,7.494005416219807e-16,0.034906715438329156,0.034906715438329274,1.1796119636642288e-16,0.0024309797349737284,0.002430979734973741,1.2576745200831851e-17
907,3.43977251239367,1.4332385468306992,1.433238546830696,3.1086244689504383e-15,0.8378193944550718,0.8378193944550675,4.3298697960381105e-15,0.25497315831736256,0.2549731583173609,1.6653345369377348e-15,0.04247760698172341,0.042477606981722996,4.163336342344337e-16,0.0036627930861417883,0.0036627930861417354,5.2909066017292616e-17
908,1.98595628145575,0.8274817839398958,0.8274817839398958,0.0,0.2719198268300771,0.2719198268300772,1.1102230246251565e-16,0.04484066499940899,0.044840664999408995,6.938893903907228e-18,0.003844931977912865,0.003844931977912864,8.673617379884035e-19,0.0001592224471892456,0.00015922244718924523,3.7947076036992655e-19
909,6.575619045479908,2.7398412689499616,2.739841268949962,4.440892098500626e-16,2.8632290224975003,2.863229022497501,8.881784197001252e-16,1.3887303672758766,1.3887303672758782,1.5543122344752192e-15,0.29433431967301427,0.29433431967301427,0.0,0.018369490756559307,0.01836949075655943,1.214306433183765e-16
910,3.2650676668451144,1.3604448611854671,1.3604448611854645,2.6645352591003757e-15,0.7484481210376053,0.7484481210376019,3.3306690738754696e-15,0.21237968324266232,0.21237968324266082,1.4988010832439613e-15,0.032662852988632654,0.03266285298863228,3.7470027081099033e-16,0.0025730159275381857,0.0025730159275381454,4.0332320816460765e-17
911,3.4138310400234535,1.4224296000097707,1.4224296000097723,1.5543122344752192e-15,0.7893793459225893,0.7893793459225915,2.220446049250313e-15,0.21336210035990277,0.21336210035990413,1.3600232051658168e-15,0.02841829336130289,0.02841829336130321,3.191891195797325e-16,0.0016580914611304958,0.0016580914611305268,3.1008182133085427e-17
912,1.422297101986696,0.5926237924944564,0.5926237924944566,2.220446049250313e-16,0.13452888418281062,0.13452888418281073,1.1102230246251565e-16,0.014319644626164252,0.014319644626164287,3.469446951953614e-17,0.0006861952768588825,0.0006861952768588836,1.0842021724855044e-18,1.1063812756706103e-05,1.1063812756706184e-05,8.131516293641283e-20
913,4.26911928252054,1.7787997010502288,1.7787997010502254,3.3306690738754696e-15,1.2976758129894201,1.2976758129894148,5.329070518200751e-15,0.49698650252489174,0.49698650252488885,2.886579864025407e-15,0.10542024361589176,0.10542024361589096,8.049116928532385e-16,0.011748473721843511,0.011748473721843393,1.1796119636642288e-16
914,2.7213702671755176,1.1339042779897976,1.133904277989799,1.3322676295501878e-15,0.5075666487196164,0.5075666487196177,1.2212453270876722e-15,0.11316602829071382,0.1131660282907144,5.828670879282072e-16,0.012991731466279686,0.01299173146627978,9.367506770274758e-17,0.0007108506163751115,0.00071085061637512,8.456776945386935e-18
915,4.800943095503307,2.000392956459714,2.0003929564597116,2.220446049250313e-15,1.5191772496897515,1.5191772496897469,4.6629367034256575e-15,0.5296272514608796,0.5296272514608761,3.552713678800501e-15,0.07802745312039787,0.07802745312039655,1.3183898417423734e-15,0.0027861482245822022,0.002786148224582019,1.8344700758454735e-16
916,3.949843629630925,1.6457681790128849,1.6457681790128857,8.881784197001252e-16,1.082664806535854,1.0826648065358546,6.661338147750939e-16,0.3611287791665839,0.36112877916658426,3.3306690738754696e-16,0.06368252909427288,0.06368252909427291,2.7755575615628914e-17,0.005561271334956685,0.0055612713349566896,4.336808689942018e-18
917,2.537573072637061,1.0573221135987751,1.0573221135987754,2.220446049250313e-16,0.4336679981966609,0.4336679981966611,1.6653345369377348e-16,0.08574540204553457,0.08574540204553477,1.942890293094024e-16,0.008181398950380937,0.008181398950380956,1.9081958235744878e-17,0.00032637524700038494,0.00032637524700038575,8.131516293641283e-19
918,0.7204348595159451,0.3001811914649776,0.30018119146497707,5.551115123125783e-16,0.03590982187067933,0.03590982187067918,1.457167719820518e-16,0.0021691602264958722,0.0021691602264958584,1.3877787807814457e-17,6.887116119168417e-05,6.887116119168351e-05,6.640738306473715e-19,1.074308252753312e-06,1.074308252753293e-06,1.9058241313221758e-20
919,1.5319681209311196,0.6383200503879667,0.6383200503879666,1.1102230246251565e-16,0.15981597550269672,0.1598159755026966,1.1102230246251565e-16,0.019644179392935092,0.01964417939293507,2.0816681711721685e-17,0.0012060115058956358,0.0012060115058956343,1.5178830414797062e-18,3.3263347501831154e-05,3.3263347501831065e-05,8.809142651444724e-20
920,7.37605454352737,3.0733560598030687,3.073356059803071,2.220446049250313e-15,3.6752878094329056,3.6752878094329096,3.9968028886505635e-15,2.1316374537766363,2.131637453776643,6.661338147750939e-15,0.6045930058470539,0.6045930058470556,1.6653345369377348e-15,0.07396202019313378,0.07396202019313396,1.8041124150158794e-16
921,3.0329078049089957,1.26371158537875,1.2637115853787484,1.5543122344752192e-15,0.6149322237077023,0.6149322237077004,1.887379141862766e-15,0.14197682251895014,0.1419768225189494,7.216449660063518e-16,0.015226830118419916,0.015226830118419746,1.700029006457271e-16,0.0006138057912815052,0.0006138057912814903,1.485356976305141e-17
922,3.584260274000912,1.4934417808337157,1.4934417808337135,2.220446049250313e-15,0.9100829006072133,0.9100829006072099,3.4416913763379853e-15,0.28860183032380426,0.288601830323803,1.27675647831893e-15,0.050021370761313466,0.0500213707613131,3.677613769070831e-16,0.004474796313319095,0.004474796313319049,4.597017211338539e-17
923,9.822236691556162,4.0925986214817325,4.092598621481734,1.7763568394002505e-15,6.697544099965505,6.697544099965509,4.440892098500626e-15,5.558110677846318,5.558110677846333,1.509903313490213e-14,2.43776153582655,2.437761535826555,5.329070518200751e-15,0.5290046678898096,0.5290046678898113,1.6653345369377348e-15
924,4.676581380722025,1.9485755753008418,1.9485755753008442,2.4424906541753444e-15,1.4742648232379407,1.4742648232379445,3.774758283725532e-15,0.5388037771621739,0.5388037771621763,2.4424906541753444e-15,0.09548760836191489,0.09548760836191558,6.938893903907228e-16,0.0071601451158062965,0.007160145115806385,8.847089727481716e-17
925,0.62569436633041,0.26070598597100386,0.2607059859710042,3.3306690738754696e-16,0.025761489784664256,0.02576148978466434,8.326672684688674e-17,0.001161884232460194,0.0011618842324602023,8.239936510889834e-18,2.166953145900464e-05,2.166953145900499e-05,3.4897757426877174e-19,8.218119940790192e-08,8.218119940790777e-08,5.849821291975012e-21
926,4.388713491918393,1.828630621632664,1.8286306216326635,4.440892098500626e-16,1.3177279015738423,1.3177279015738412,1.1102230246251565e-15,0.4717273729863854,0.47172737298638506,3.3306690738754696e-16,0.08659535754064032,0.08659535754064007,2.498001805406602e-16,0.007527674500036327,0.007527674500036275,5.204170427930421e-17
927,3.715986096077751,1.548327540032396,1.5483275400323964,4.440892098500626e-16,0.9134766343712948,0.9134766343712956,7.771561172376096e-16,0.2497276243267821,0.2497276243267829,7.771561172376096e-16,0.02972454514904174,0.029724545149041944,2.0469737016526324e-16,0.001025113414045635,0.0010251134140456535,1.8431436932253575e-17
928,5.380857649384266,2.2420240205767783,2.242024020576778,4.440892098500626e-16,1.973865766659447,1.9738657666594448,2.220446049250313e-15,0.8538132707919636,0.8538132707919627,8.881784197001252e-16,0.184448594028863,0.1844485940288626,3.885780586188048e-16,0.01786750638986934,0.01786750638986927,6.938893903907228e-17
929,5.31254979873726,2.213562416140527,2.2135624161405247,2.220446049250313e-15,1.9166238629568324,1.9166238629568277,4.6629367034256575e-15,0.8091597578341582,0.8091597578341548,3.3306690738754696e-15,0.1679028438965624,0.16790284389656088,1.5265566588595902e-15,0.01509350173049068,0.015093501730490405,2.7582103268031233e-16
930,2.191728753176738,0.9132203138236419,0.913220313823641,8.881784197001252e-16,0.3225743751877871,0.3225743751877862,8.881784197001252e-16,0.05455678773300811,0.05455678773300787,2.3592239273284576e-16,0.0043796491401227634,0.004379649140122726,3.729655473350135e-17,0.00014066242148820445,0.00014066242148820212,2.3310346708438345e-18
931,8.486544308445604,3.5360601285189954,3.536060128519001,5.773159728050814e-15,5.0761965182497315,5.076196518249747,1.509903313490213e-14,3.779872240776725,3.779872240776747,2.220446049250313e-14,1.5374160782008466,1.5374160782008566,9.992007221626409e-15,0.32349353093406963,0.3234935309340728,3.164135620181696e-15
932,1.2653855435179273,0.5272439764658038,0.5272439764658031,6.661338147750939e-16,0.11299110515099828,0.11299110515099789,3.885780586188048e-16,0.012554059508779428,0.012554059508779369,5.898059818321144e-17,0.0007597486946673898,0.000759748694667384,5.7462715141731735e-18,2.365971233176429e-05,2.3659712331764034e-05,2.541098841762901e-19
933,5.004383189680767,2.085159662366983,2.085159662366986,3.1086244689504383e-15,1.7349821826264655,1.7349821826264713,5.773159728050814e-15,0.7279980115957857,0.7279980115957904,4.6629367034256575e-15,0.15960649997355067,0.15960649997355214,1.4710455076283324e-15,0.016976681644226575,0.016976681644226804,2.2898349882893854e-16
934,2.4372110073173885,1.0155045863822432,1.0155045863822454,2.220446049250313e-15,0.40870185457668334,0.40870185457668523,1.887379141862766e-15,0.08268225017015282,0.08268225017015352,6.938893903907228e-16,0.008772836310881067,0.008772836310881176,1.0928757898653885e-16,0.00045778196926399625,0.0004577819692640043,8.023096076392733e-18
935,5.26614916005586,2.1942288166899444,2.194228816689942,2.220446049250313e-15,1.881116426832042,1.8811164268320368,5.10702591327572e-15,0.7870362475847745,0.7870362475847716,2.886579864025407e-15,0.16277841164490658,0.1627784116449053,1.27675647831893e-15,0.014832592259801256,0.014832592259801033,2.220446049250313e-16
936,1.246724627553454,0.5194685948139386,0.5194685948139393,6.661338147750939e-16,0.10522500563840748,0.10522500563840773,2.498001805406602e-16,0.010368802447569013,0.010368802447569056,4.336808689942018e-17,0.000502075856052758,0.0005020758560527611,3.0357660829594124e-18,1.0581789066376552e-05,1.0581789066376664e-05,1.1180834903756764e-19
937,1.6059281927107696,0.6691367469628215,0.6691367469628207,8.881784197001252e-16,0.17473771922238024,0.17473771922237977,4.718447854656915e-16,0.022274880021804562,0.022274880021804454,1.0755285551056204e-16,0.0014087110583699614,0.0014087110583699506,1.0842021724855044e-17,3.9672156268516663e-05,3.967215626851617e-05,4.946672411965114e-19
938,2.5191635514865403,1.0496514797860579,1.0496514797860588,8.881784197001252e-16,0.424819141232599,0.4248191412325995,4.996003610813204e-16,0.08182712323109773,0.08182712323109793,2.0816681711721685e-16,0.007378627479911075,0.007378627479911116,4.0766001685454967e-17,0.0002561954872077786,0.00025619548720778087,2.2768245622195593e-18
939,7.033459705408969,2.9306082105870734,2.9306082105870703,3.1086244689504383e-15,3.3669710226243676,3.3669710226243583,9.325873406851315e-15,1.9039651297188203,1.9039651297188132,7.105427357601002e-15,0.5427292916052848,0.542729291605281,3.774758283725532e-15,0.07106065557153542,0.0710606555715346,8.187894806610529e-16
940,1.088261355256836,0.45344223135701434,0.453442231357015,6.661338147750939e-16,0.08140557855558554,0.08140557855558579,2.498001805406602e-16,0.007287560894502331,0.007287560894502379,4.7704895589362195e-17,0.0003350566433883585,0.0003350566433883619,3.3610267347050637e-18,7.279075884004019e-06,7.2790758840041366e-06,1.1773757966834775e-19
941,2.95919761577715,1.2329990065738112,1.2329990065738123,1.1102230246251565e-15,0.5788848596377364,0.5788848596377371,6.661338147750939e-16,0.12552700098774575,0.12552700098774616,4.163336342344337e-16,0.011705741192034937,0.011705741192034972,3.469446951953614e-17,0.00029411914397888954,0.00029411914397889225,2.710505431213761e-18
942,0.9519951463243242,0.39666464430180143,0.39666464430180176,3.3306690738754696e-16,0.06496728848244845,0.06496728848244857,1.1102230246251565e-16,0.005619086807150473,0.005619086807150489,1.6479873021779667e-17,0.0002704546506859676,0.0002704546506859686,9.75781955236954e-19,6.8630643957378395e-06,6.863064395737866e-06,2.625802136488331e-20
943,7.315521917426727,3.0481341322611373,3.0481341322611364,8.881784197001252e-16,3.492672979577002,3.492672979576999,3.1086244689504383e-15,1.7909097706015595,1.790909770601556,3.552713678800501e-15,0.3542252203066918,0.35422522030669024,1.5543122344752192e-15,0.004629880672446702,0.004629880672446341,3.608224830031759e-16
944,1.8625202653948032,0.7760501105811688,0.776050110581168,7.771561172376096e-16,0.23495530030484924,0.23495530030484868,5.551115123125783e-16,0.03458550749328864,0.0345855074932885,1.3877787807814457e-16,0.0024942112679792387,0.0024942112679792196,1.9081958235744878e-17,7.761319073005271e-05,7.761319073005155e-05,1.1655173354219173e-18
945,4.184342892555952,1.7434762052316493,1.7434762052316468,2.4424906541753444e-15,1.2075215714390455,1.207521571439041,4.440892098500626e-15,0.42007359082468854,0.420073590824687,1.5543122344752192e-15,0.0761402085217271,0.07614020852172652,5.828670879282072e-16,0.006688988808267855,0.006688988808267781,7.45931094670027e-17
946,6.161470578657973,2.5672794077741585,2.567279407774155,3.552713678800501e-15,2.521475481163321,2.521475481163312,8.881784197001252e-15,1.1552922956457035,1.1552922956456966,6.8833827526759706e-15,0.23414050989838975,0.23414050989838722,2.525757381022231e-15,0.014730917301272404,0.01473091730127196,4.440892098500626e-16
947,1.306567156352341,0.5444029818134756,0.5444029818134755,1.1102230246251565e-16,0.11847475256248677,0.11847475256248674,2.7755575615628914e-17,0.0130551612354248,0.013055161235424814,1.3877787807814457e-17,0.0007576970510221929,0.0007576970510221943,1.4094628242311558e-18,2.162600952558403e-05,2.1626009525584107e-05,7.792703114739563e-20
948,3.5183522383278105,1.4659800993032546,1.4659800993032543,2.220446049250313e-16,0.8230425943350062,0.8230425943350054,7.771561172376096e-16,0.2165025491811272,0.21650254918112713,8.326672684688674e-17,0.025574145746880945,0.02557414574688088,6.591949208711867e-17,0.0010055204511623013,0.001005520451162295,6.288372600415926e-18
949,5.074840498981937,2.1145168745758096,2.114516874575807,2.6645352591003757e-15,1.7403532134564492,1.740353213456444,5.329070518200751e-15,0.6939591206312544,0.6939591206312519,2.55351295663786e-15,0.1346964336702266,0.1346964336702256,9.992007221626409e-16,0.011129659917708453,0.0111296599177083,1.5265566588595902e-16
950,1.6149394556244117,0.6728914398435051,0.6728914398435049,2.220446049250313e-16,0.1740412515755374,0.17404125157553732,8.326672684688674e-17,0.021273371052018264,0.021273371052018285,2.0816681711721685e-17,0.001195425615263181,0.0011954256152631804,6.505213034913027e-19,2.4403718024208148e-05,2.440371802420819e-05,4.0657581468206416e-20
951,2.7461060340709236,1.1442108475295496,1.1442108475295516,1.9984014443252818e-15,0.4967748957297537,0.4967748957297557,1.9984014443252818e-15,0.09895199021630273,0.09895199021630359,8.604228440844963e-16,0.008322609385394827,0.008322609385394964,1.3704315460216776e-16,0.00016922657812435708,0.00016922657812436579,8.700722434196173e-18
952,3.157177957439775,1.3154908155999054,1.315490815599906,6.661338147750939e-16,0.6593228032910528,0.6593228032910535,7.771561172376096e-16,0.15308505884677512,0.15308505884677553,4.163336342344337e-16,0.015464203136863105,0.015464203136863143,3.8163916471489756e-17,0.0004509239559115429,0.00045092395591154365,7.589415207398531e-19
953,6.9156148617236255,2.881506192384842,2.881506192384844,1.7763568394002505e-15,3.354020841346729,3.3540208413467316,2.6645352591003757e-15,2.0195524945468684,2.0195524945468724,3.9968028886505635e-15,0.6648029821490831,0.6648029821490847,1.6653345369377348e-15,0.11370550348269795,0.11370550348269821,2.636779683484747e-16
954,1.759121954746017,0.7329674811441722,0.7329674811441739,1.6653345369377348e-15,0.2020281477887568,0.20202814778875786,1.0547118733938987e-15,0.024951520104138005,0.02495152010413832,3.157196726277789e-16,0.001195549747016077,0.0011955497470161134,3.642919299551295e-17,4.538505855504089e-06,4.5385058555056605e-06,1.5712461171567271e-18
955,1.1228703569273393,0.46786264871972433,0.46786264871972477,4.440892098500626e-16,0.08371194751344567,0.08371194751344581,1.3877787807814457e-16,0.006999169311861202,0.006999169311861236,3.382710778154774e-17,0.0002610622589870488,0.00026106225898705115,2.3310346708438345e-18,3.158957006507923e-06,3.1589570065080007e-06,7.750351467376848e-20
956,2.1898644748410487,0.9124435311837715,0.9124435311837704,1.1102230246251565e-15,0.3290387439383071,0.32903874393830623,8.881784197001252e-16,0.059070661153112033,0.05907066115311182,2.1510571102112408e-16,0.005439537775429636,0.005439537775429596,3.9898639947466563e-17,0.00023655664398672553,0.00023655664398672312,2.4123498337802474e-18
957,6.766204980263437,2.819252075109757,2.819252075109765,7.993605777301127e-15,3.0418068398602855,3.0418068398603073,2.1760371282653068e-14,1.5330755738291155,1.5330755738291368,2.1316282072803006e-14,0.3433348701050127,0.3433348701050227,1.0047518372857667e-14,0.024394844902138973,0.024394844902140726,1.7520707107365752e-15
958,5.0226661339920025,2.092777555830002,2.092777555830001,8.881784197001252e-16,1.750064618999789,1.7500646189997864,2.6645352591003757e-15,0.7415123024366469,0.7415123024366457,1.2212453270876722e-15,0.16588388685688868,0.16588388685688787,8.049116928532385e-16,0.018339276473465674,0.01833927647346554,1.3530843112619095e-16
959,2.466029499869483,1.0275122916122836,1.0275122916122845,8.881784197001252e-16,0.4160507226583328,0.41605072265833354,7.216449660063518e-16,0.08330640694633315,0.08330640694633358,4.3021142204224816e-16,0.008435684807316126,0.008435684807316178,5.204170427930421e-17,0.0003925345369862172,0.00039253453698622116,3.957337929572091e-18
960,2.165179361030021,0.9021580670958407,0.9021580670958422,1.5543122344752192e-15,0.31991044700630666,0.31991044700630794,1.27675647831893e-15,0.05611121225941766,0.05611121225941809,4.3021142204224816e-16,0.005008114179339725,0.00500811417933978,5.551115123125783e-17,0.00020891350564319544,0.00020891350564319918,3.74049749507499e-18
961,1.089127857607692,0.45380327400320536,0.453803274003205,3.3306690738754696e-16,0.0817839950240759,0.08178399502407578,1.249000902703301e-16,0.007424376900813053,0.007424376900813036,1.734723475976807e-17,0.0003541628827066419,0.00035416288270664057,1.3552527156068805e-18,8.322379930083487e-06,8.322379930083451e-06,3.5575383784680614e-20
962,3.0259959791426225,1.2608316579760925,1.260831657976093,4.440892098500626e-16,0.6423420079355331,0.642342007935533,1.1102230246251565e-16,0.16871154699392604,0.16871154699392618,1.3877787807814457e-16,0.024018346553733798,0.024018346553733826,2.7755575615628914e-17,0.0017525628704517903,0.0017525628704517936,3.2526065174565133e-18
963,1.1589112725597452,0.4828796968998951,0.48287969689989385,1.2212453270876722e-15,0.09326764265341314,0.0932676426534126,5.412337245047638e-16,0.009133825281295773,0.009133825281295695,7.806255641895632e-17,0.0004723001233761547,0.0004723001233761481,6.613633252161577e-18,1.2059209518997373e-05,1.2059209518997123e-05,2.490276864927643e-19
964,1.0706424758849657,0.4461010316187365,0.4461010316187357,7.771561172376096e-16,0.07683404448763663,0.07683404448763632,3.0531133177191805e-16,0.006283882386795779,0.006283882386795735,4.336808689942018e-17,0.00023759234715434413,0.00023759234715434096,3.1712913545201005e-18,3.2920708129346045e-06,3.292070812934489e-06,1.15619997300212e-19
965,3.3261656272392894,1.3859023446830352,1.3859023446830372,1.9984014443252818e-15,0.7937755744718955,0.7937755744718978,2.3314683517128287e-15,0.24038104864085152,0.24038104864085266,1.1379786002407855e-15,0.040575565588048826,0.04057556558804905,2.220446049250313e-16,0.003618179456274884,0.0036181794562749167,3.252606517456513e-17
966,6.719627942854606,2.799844976189414,2.7998449761894193,5.329070518200751e-15,3.237906128166146,3.2379061281661587,1.2878587085651816e-14,1.9788529311959926,1.978852931196008,1.532107773982716e-14,0.6737964220507962,0.6737964220508021,5.995204332975845e-15,0.1211530275910917,0.12115302759109307,1.3739009929736312e-15
967,1.0311352735848645,0.4296396973270269,0.4296396973270269,0.0,0.07427125369094356,0.07427125369094353,2.7755575615628914e-17,0.006613483221551514,0.006613483221551514,0.0,0.0003206031887124851,0.0003206031887124848,3.2526065174565133e-19,8.04277221781298e-06,8.042772217812971e-06,8.470329472543003e-21
968,7.298002658074331,3.0408344408643035,3.0408344408643053,1.7763568394002505e-15,3.6552898389508046,3.655289838950807,2.220446049250313e-15,2.1834618654792832,2.183461865479288,4.884981308350689e-15,0.6650954780371661,0.665095478037167,8.881784197001252e-16,0.09445448289740509,0.09445448289740506,2.7755575615628914e-17
969,3.050066758517846,1.2708611493824342,1.2708611493824362,1.9984014443252818e-15,0.6176704398996584,0.6176704398996606,2.220446049250313e-15,0.14024748517488214,0.14024748517488295,8.049116928532385e-16,0.01418947614118171,0.014189476141181857,1.474514954580286e-16,0.00046307792664076054,0.00046307792664077203,1.1492543028346347e-17
970,2.0444168262227844,0.8518403442594931,0.8518403442594935,4.440892098500626e-16,0.2732223111253693,0.2732223111253697,3.885780586188048e-16,0.039401816066670994,0.039401816066671154,1.5959455978986625e-16,0.0022336443559419486,0.002233644355941959,1.0408340855860843e-17,1.3599807568728713e-05,1.3599807568729116e-05,4.0318768289304696e-19
971,3.2250266762286324,1.343761115095264,1.3437611150952635,4.440892098500626e-16,0.7218268527392032,0.7218268527392022,9.992007221626409e-16,0.19599154322198545,0.19599154322198498,4.718447854656915e-16,0.02789597197155247,0.027895971971552334,1.3530843112619095e-16,0.0019351115353764183,0.0019351115353763977,2.0599841277224584e-17
972,3.745366851746418,1.5605695215610111,1.5605695215610078,3.3306690738754696e-15,0.9748781139332241,0.9748781139332192,4.884981308350689e-15,0.3114928743054152,0.311492874305413,2.220446049250313e-15,0.0536907304001,0.0536907304000994,6.036837696399289e-16,0.0047368935447944915,0.004736893544794407,8.413408858487514e-17
973,2.2233640881003778,0.9264017033751583,0.9264017033751575,7.771561172376096e-16,0.32928738101794075,0.32928738101793975,9.992007221626409e-16,0.05501957406067493,0.05501957406067474,1.942890293094024e-16,0.004159588600011166,0.004159588600011131,3.5561831257524545e-17,0.0001075874459481324,0.00010758744594813032,2.0735366548785272e-18
974,7.846562811841292,3.269401171600528,3.2694011716005384,1.0658141036401503e-14,4.145478461223973,4.1454784612240045,3.197442310920451e-14,2.5293525414944815,2.52935254149452,3.863576125695545e-14,0.7404980033132481,0.7404980033132679,1.9761969838327786e-14,0.08917371651021068,0.08917371651021519,4.5102810375396984e-15
975,3.9024260135918483,1.6260108389966057,1.6260108389966035,2.220446049250313e-15,1.034503816517462,1.0345038165174587,3.3306690738754696e-15,0.3229400460760622,0.32294004607606025,1.942890293094024e-15,0.050540025467963906,0.05054002546796338,5.273559366969494e-16,0.0035973131903540042,0.003597313190353945,5.941427905220564e-17
976,1.655328833296066,0.6897203472066945,0.6897203472066943,2.220446049250313e-16,0.19250887152714982,0.1925088715271496,2.220446049250313e-16,0.027679395083803387,0.027679395083803317,6.938893903907228e-17,0.0021482358838397666,0.002148235883839758,8.673617379884035e-18,8.478179547358606e-05,8.478179547358544e-05,6.2341624917916505e-19
977,3.9431126699824945,1.642963612492708,1.642963612492706,1.9984014443252818e-15,1.11373697936511,1.1137369793651066,3.3306690738754696e-15,0.39866841268319086,0.39866841268318964,1.2212453270876722e-15,0.0794711238352502,0.0794711238352498,3.885780586188048e-16,0.008364699477146458,0.008364699477146407,5.0306980803327406e-17
978,0.4260979032138551,0.177540793005773,0.17754079300577297,2.7755575615628914e-17,0.012087727355897424,0.012087727355897412,1.214306433183765e-17,0.00038601148523457975,0.00038601148523457964,1.0842021724855044e-19,5.536030933818503e-06,5.536030933818484e-06,1.8634724839594607e-20,2.6310047911308074e-08,2.6310047911308038e-08,3.639594695233322e-23
979,0.5131026654796094,0.21379277728317037,0.2137927772831706,2.220446049250313e-16,0.018177923264939833,0.018177923264939867,3.469446951953614e-17,0.0007775706446173597,0.0007775706446173623,2.6020852139652106e-18,1.737022411624922e-05,1.7370224116249306e-05,8.470329472543003e-20,1.8870633862419224e-07,1.887063386241937e-07,1.4558378780933287e-21
980,6.739301367242559,2.8080422363510644,2.8080422363510666,2.220446049250313e-15,2.9823451717934875,2.9823451717934932,5.773159728050814e-15,1.4406856653957971,1.4406856653958044,7.327471962526033e-15,0.28522160556853715,0.28522160556854004,2.886579864025407e-15,0.010678017018570964,0.010678017018571552,5.880712583561376e-16
981,6.242691624240777,2.601121510100322,2.6011215101003238,1.7763568394002505e-15,2.5661603090741467,2.566160309074151,4.440892098500626e-15,1.1602922266213813,1.1602922266213864,5.10702591327572e-15,0.22078445372044378,0.22078445372044547,1.6930901125533637e-15,0.009923097473325778,0.009923097473326063,2.8449465006019636e-16
982,3.2111630716511335,1.3379846131879731,1.3379846131879725,6.661338147750939e-16,0.7167169418721913,0.7167169418721903,9.992007221626409e-16,0.19624624313348263,0.1962462431334822,4.163336342344337e-16,0.028934303604061587,0.028934303604061462,1.249000902703301e-16,0.002177030285175027,0.002177030285175013,1.431146867680866e-17
983,1.2141338645745672,0.5058891102394034,0.505889110239403,4.440892098500626e-16,0.10037402661817865,0.10037402661817837,2.7755575615628914e-16,0.009794321127805367,0.009794321127805327,3.9898639947466563e-17,0.0004800705722383788,0.00048007057223837455,4.228388472693467e-18,1.0715760742248345e-05,1.0715760742248176e-05,1.6940658945086007e-19
984,1.885665301841108,0.7856938757671286,0.7856938757671282,3.3306690738754696e-16,0.2315135546719476,0.23151355467194723,3.608224830031759e-16,0.030326909845135447,0.030326909845135357,9.020562075079397e-17,0.0014913714747312953,0.00149137147473128,1.5395670849294163e-17,1.9614825815962357e-07,1.9614825815881487e-07,8.0870470639104325e-19
985,4.625286262255574,1.9272026092731585,1.9272026092731558,2.6645352591003757e-15,1.5114979513476532,1.5114979513476487,4.440892098500626e-15,0.6154296403837968,0.6154296403837947,2.1094237467877974e-15,0.1366883440184708,0.13668834401846996,8.326672684688674e-16,0.0156464985766686,0.015646498576668475,1.249000902703301e-16
986,6.681660577297987,2.7840252405408275,2.7840252405408283,8.881784197001252e-16,3.1263259264091534,3.1263259264091547,1.3322676295501878e-15,1.8079818351104455,1.8079818351104462,6.661338147750939e-16,0.5667408384547428,0.5667408384547431,3.3306690738754696e-16,0.09116668873749091,0.09116668873749095,4.163336342344337e-17
987,1.3365502607075361,0.5568959419614725,0.5568959419614734,8.881784197001252e-16,0.12188351526755514,0.1218835152675555,3.608224830031759e-16,0.013178844342583165,0.013178844342583242,7.632783294297951e-17,0.0007227390179870206,0.0007227390179870263,5.637851296924623e-18,1.8396685657939156e-05,1.839668565793935e-05,1.9312351197398048e-19
988,6.519243599003376,2.716351499584741,2.71635149958474,8.881784197001252e-16,2.8883034179489138,2.8883034179489098,3.9968028886505635e-15,1.5066294198578454,1.5066294198578423,3.1086244689504383e-15,0.3933929688644318,0.3933929688644306,1.2212453270876722e-15,0.04652276576937046,0.04652276576937018,2.7755575615628914e-16
989,1.1524654556191911,0.48019393984132897,0.4801939398413297,7.216449660063518e-16,0.08895651983895313,0.08895651983895342,2.914335439641036e-16,0.007850553477511301,0.007850553477511357,5.551115123125783e-17,0.0003250609661949876,0.00032506096619499137,3.7947076036992655e-18,5.215078281732253e-06,5.215078281732378e-06,1.2536087619363645e-19
990,1.9275469342510858,0.8031445559379522,0.8031445559379524,2.220446049250313e-16,0.2624198636307512,0.26241986363075126,5.551115123125783e-17,0.04451120691150582,0.04451120691150587,4.85722573273506e-17,0.004119759451127514,0.004119759451127514,0.0,0.0001966708063703206,0.00019667080637032023,3.7947076036992655e-19
991,5.345747632667943,2.2273948469449794,2.2273948469449767,2.6645352591003757e-15,1.8721563929895468,1.8721563929895402,6.661338147750939e-15,0.7117218843482823,0.7117218843482774,4.884981308350689e-15,0.10876839156566946,0.10876839156566726,2.2065682614424986e-15,0.0025429738689051453,0.002542973868904804,3.413068438984368e-16
992,2.2157887252995825,0.9232453022081605,0.9232453022081595,9.992007221626409e-16,0.32869306112751384,0.3286930611275127,1.1657341758564144e-15,0.055704306591560004,0.05570430659155967,3.3306690738754696e-16,0.004421747523034822,0.004421747523034771,5.117434254131581e-17,0.00013535558932983255,0.00013535558932982895,3.604972223514302e-18
993,3.3952560798947453,1.4146900332894767,1.4146900332894772,4.440892098500626e-16,0.7712113208108167,0.7712113208108169,2.220446049250313e-16,0.19945709655704094,0.19945709655704127,3.3306690738754696e-16,0.02389976007229271,0.023899760072292813,1.0408340855860843e-16,0.0010639234970127728,0.0010639234970127814,8.673617379884035e-18
994,3.357323480678897,1.398884783616206,1.3988847836162073,1.3322676295501878e-15,0.7808911903200884,0.78089119032009,1.6653345369377348e-15,0.21972410803619052,0.21972410803619136,8.326672684688674e-16,0.032260979139661666,0.0322609791396618,1.3183898417423734e-16,0.0022920533093816237,0.0022920533093816363,1.2576745200831851e-17
995,6.136506410901951,2.556877671209148,2.5568776712091466,1.3322676295501878e-15,2.468925665957168,2.4689256659571632,4.884981308350689e-15,1.0787248739300186,1.078724873930014,4.6629367034256575e-15,0.18924553587167348,0.1892455358716713,2.1649348980190553e-15,0.00494133378093433,0.004941333780933937,3.929148673087468e-16
996,5.4966597655280935,2.290274902303371,2.290274902303372,1.3322676295501878e-15,2.0719456202234814,2.0719456202234836,2.220446049250313e-15,0.9306160694498611,0.9306160694498635,2.4424906541753444e-15,0.21290092997676102,0.212900929976762,9.71445146547012e-16,0.022672838038438607,0.022672838038438718,1.1102230246251565e-16
997,2.0581060205881103,0.8575441752450443,0.857544175245046,1.6653345369377348e-15,0.29838655713396545,0.2983865571339668,1.3322676295501878e-15,0.053631629958386204,0.05363162995838658,3.7470027081099033e-16,0.005217801500471065,0.005217801500471123,5.811323644522304e-17,0.0002588411974948803,0.00025884119749488394,3.63207727782644e-18
998,5.3919224483494315,2.2466343534789304,2.24663435347893,4.440892098500626e-16,1.9669863737563174,1.9669863737563162,1.1102230246251565e-15,0.8373488015302748,0.8373488015302744,4.440892098500626e-16,0.17513454553666216,0.1751345455366618,3.608224830031759e-16,0.015952997044981806,0.015952997044981782,2.42861286636753e-17
999,5.044829148043271,2.1020121450180307,2.1020121450180294,1.3322676295501878e-15,1.7295831039883192,1.7295831039883167,2.4424906541753444e-15,0.6953280095563343,0.6953280095563329,1.4432899320127035e-15,0.13809089445693967,0.13809089445693923,4.440892098500626e-16,0.012024859623922707,0.012024859623922647,6.071532165918825e-17
1000,2.3499589375204275,0.9791495573001763,0.979149557300178,1.7763568394002505e-15,0.3776944679887655,0.37769446798876705,1.5543122344752192e-15,0.072152899976391,0.07215289997639154,5.412337245047638e-16,0.007007043830671075,0.007007043830671146,7.112366251504909e-17,0.00031647256381917596,0.00031647256381918116,5.204170427930421e-18
1001,3.240494329015334,1.3502059704230582,1.3502059704230558,2.4424906541753444e-15,0.7035848267729459,0.7035848267729429,2.9976021664879227e-15,0.17483313091859765,0.17483313091859623,1.4155343563970746e-15,0.02043635126450605,0.02043635126450571,3.400058012914542e-16,0.0009328691092412503,0.0009328691092412181,3.220080452281948e-17
1002,9.800627049398715,4.083594603916133,4.083594603916131,1.7763568394002505e-15,6.281389766484958,6.281389766484954,4.440892098500626e-15,4.346929827220574,4.346929827220563,1.0658141036401503e-14,1.1844804888094616,1.1844804888094531,8.43769498715119e-15,0.03562428998882628,0.03562428998882459,1.6930901125533637e-15
1003,5.628651329639729,2.345271387349885,2.345271387349887,2.220446049250313e-15,2.113336713972773,2.113336713972776,3.1086244689504383e-15,0.8992478897418528,0.899247889741857,4.218847493575595e-15,0.17558239436177495,0.1755823943617762,1.2490009027033011e-15,0.012378897540182177,0.012378897540182374,1.97758476261356e-16
1004,3.262907095292835,1.3595446230386805,1.3595446230386812,6.661338147750939e-16,0.7046179437478,0.7046179437478012,1.2212453270876722e-15,0.16909547890781015,0.1690954789078107,5.551115123125783e-16,0.0175816767907535,0.017581676790753634,1.3530843112619095e-16,0.0005131842702353726,0.0005131842702353833,1.0733601507606494e-17
1005,8.592498185089186,3.580207577120502,3.580207577120494,7.993605777301127e-15,5.206042433951086,5.20604243395106,2.5757174171303632e-14,3.9174194012866232,3.9174194012865935,2.9753977059954195e-14,1.600181864377125,1.600181864377109,1.5987211554602254e-14,0.334662469164248,0.3346624691642434,4.6074255521944e-15
1006,6.458934862143115,2.6912228592262926,2.691222859226299,6.217248937900877e-15,2.9332136241604294,2.9332136241604436,1.4210854715202004e-14,1.6472130261083961,1.6472130261084106,1.4432899320127035e-14,0.49897867317619926,0.4989786731762053,6.050715484207103e-15,0.0767290230999944,0.0767290230999957,1.304512053934559e-15
1007,4.468844700728992,1.8620186253037443,1.8620186253037467,2.4424906541753444e-15,1.3906490993047782,1.3906490993047815,3.3306690738754696e-15,0.5285991073068133,0.5285991073068157,2.4424906541753444e-15,0.10666100757081404,0.10666100757081477,7.355227538141662e-16,0.010705443548599662,0.010705443548599742,7.979727989493313e-17
1008,13.620842282890795,5.675350951204505,5.675350951204498,7.105427357601002e-15,12.18128806349624,12.181288063496194,4.618527782440651e-14,11.875276394289923,11.87527639428983,9.237055564881302e-14,4.71265542083392,4.712655420833832,8.881784197001252e-14,0.32791192755212617,0.3279119275520914,3.47499806707674e-14
1009,3.405064738463266,1.4187769743596939,1.4187769743596943,4.440892098500626e-16,0.8236809999195247,0.8236809999195251,4.440892098500626e-16,0.25048133948105966,0.2504813394810597,5.551115123125783e-17,0.04210027832183551,0.04210027832183555,4.163336342344337e-17,0.0037105630256704437,0.003710563025670444,4.336808689942018e-19
1010,1.578361978035422,0.6576508241814262,0.6576508241814258,3.3306690738754696e-16,0.1708336170077392,0.170833617007739,1.942890293094024e-16,0.022097244397225914,0.022097244397225883,3.122502256758253e-17,0.0014688751388389134,0.0014688751388389092,4.119968255444917e-18,4.6323141411946216e-05,4.632314141194607e-05,1.4907779871675686e-19
1011,0.9024803588243959,0.37603348284349725,0.37603348284349836,1.1102230246251565e-15,0.05404827104742667,0.054048271047427016,3.469446951953614e-16,0.0036249988627910876,0.003624998862791136,4.85722573273506e-17,0.00010798508212820071,0.00010798508212820345,2.7376104855258987e-18,1.0233995499389275e-06,1.0233995499389955e-06,6.79743940171576e-20
1012,6.591676153252626,2.746531730521934,2.746531730521928,6.217248937900877e-15,3.002451337376722,3.0024513373767046,1.7319479184152442e-14,1.6531603467613252,1.6531603467613103,1.4876988529977098e-14,0.47618760604726834,0.47618760604726157,6.772360450213455e-15,0.0668740424231428,0.06687404242314138,1.4155343563970746e-15
1013,2.229344455108517,0.9288935229618824,0.9288935229618821,3.3306690738754696e-16,0.3378382048411688,0.3378382048411683,4.996003610813204e-16,0.06017745931008725,0.06017745931008707,1.8041124150158794e-16,0.005333801456834606,0.005333801456834574,3.209238430557093e-17,0.00021102266877543198,0.00021102266877542938,2.6020852139652106e-18
1014,5.589030393513661,2.3287626639640213,2.3287626639640258,4.440892098500626e-15,2.042076151003923,2.0420761510039327,9.769962616701378e-15,0.8050195795978866,0.8050195795978948,8.215650382226158e-15,0.12463504472360533,0.1246350447236085,3.1780134079895106e-15,0.002029255821599481,0.002029255821599921,4.401860820291148e-16
1015,0.36744302504824966,0.15310126043677091,0.1531012604367707,2.220446049250313e-16,0.009195462439086644,0.009195462439086607,3.642919299551295e-17,0.00027238407584347156,0.0002723840758434703,1.2468324983583301e-18,4.086689326774482e-06,4.086689326774453e-06,2.879912020664621e-20,2.8438572494773716e-08,2.8438572494773385e-08,3.3087224502121107e-22
1016,3.8288303001749657,1.5953459584062335,1.5953459584062357,2.220446049250313e-15,0.9863583484199656,0.9863583484199686,2.9976021664879227e-15,0.2933619701574931,0.293361970157495,1.887379141862766e-15,0.041898020230651596,0.04189802023065204,4.440892098500626e-16,0.002470780056767655,0.0024707800567676957,4.0766001685454967e-17
1017,1.4761931085003503,0.6150804618751462,0.6150804618751461,1.1102230246251565e-16,0.1424546516042549,0.14245465160425488,2.7755575615628914e-17,0.014814749070776347,0.014814749070776324,2.2551405187698492e-17,0.0006011649929045862,0.0006011649929045847,1.5178830414797062e-18,2.1943668163495015e-06,2.1943668163494418e-06,5.971582278142817e-20
1018,6.205790883156366,2.585746201315146,2.5857462013151524,6.217248937900877e-15,2.612625379511175,2.6126253795111882,1.3322676295501878e-14,1.2890421043443154,1.28904210434433,1.4654943925052066e-14,0.31491145422546374,0.31491145422546973,5.995204332975845e-15,0.034027224066543404,0.03402722406654447,1.0685896612017132e-15
1019,0.2856217198287636,0.11900904992865122,0.11900904992865152,3.0531133177191805e-16,0.005425790845270419,0.005425790845270452,3.2959746043559335e-17,0.00011573952759234177,0.0001157395275923434,1.6263032587282567e-18,1.1009394365344948e-06,1.1009394365345231e-06,2.837560373301906e-20,3.3678940818327808e-09,3.3678940818330194e-09,2.386416067215485e-22
1020,10.61572043214796,4.423216846728311,4.423216846728316,5.329070518200751e-15,7.8606463538647695,7.860646353864791,2.1316282072803006e-14,7.139885635545211,7.139885635545252,4.085620730620576e-14,3.470883284655076,3.4708832846550974,2.1316282072803006e-14,0.8502370088108425,0.8502370088108498,7.327471962526033e-15
1021,4.358921865551817,1.816217443979927,1.8162174439799241,2.886579864025407e-15,1.2977401915762894,1.2977401915762843,5.10702591327572e-15,0.45702116759434985,0.45702116759434736,2.4980018054066022e-15,0.08084598147661869,0.08084598147661783,8.604228440844963e-16,0.006484546368759357,0.006484546368759232,1.249000902703301e-16
1022,1.3311454936489993,0.5546439556870834,0.554643955687083,3.3306690738754696e-16,0.12038302015148909,0.1203830201514889,1.942890293094024e-16,0.012823741671025344,0.012823741671025315,2.949029909160572e-17,0.0006852418096651409,0.0006852418096651377,3.144186300207963e-18,1.6673276824918997e-05,1.6673276824918868e-05,1.2874900798265365e-19
1023,1.1451683321260528,0.47715347171918937,0.47715347171918865,7.216449660063518e-16,0.08911697667572704,0.08911697667572671,3.3306690738754696e-16,0.00812795089073248,0.008127950890732436,4.336808689942018e-17,0.0003656395672340067,0.00036563956723400257,4.119968255444917e-18,7.18386774534069e-06,7.18386774534054e-06,1.5077186461126546e-19
